# WaveFront *.obj file (generated by Autodesk ATF)

mtllib 水指.mtl

g ソリッド1

v -89.960480 1.000000 -2.666999
v -89.960480 178.999996 -2.666999
v -89.826555 0.500000 -2.663029
v -89.826555 179.500008 -2.663029
v -89.644489 1.000000 7.991630
v -89.644489 178.999996 7.991630
v -89.511042 0.500000 7.979734
v -89.511042 179.500008 7.979734
v -89.460697 0.133975 -2.652183
v -89.460697 179.866028 -2.652183
v -89.146461 0.133975 7.947233
v -89.146461 179.866028 7.947233
v -89.013615 1.000000 -13.288190
v -89.013615 178.999996 -13.288190
v -88.960915 0.000000 -2.637366
v -88.960915 179.580078 -2.637366
v -88.960915 180.000000 -2.637366
v -88.881111 0.500000 -13.268410
v -88.881111 179.500008 -13.268410
v -88.848228 179.580078 -2.634026
v -88.848228 180.000000 -2.634026
v -88.648434 0.000000 7.902834
v -88.648434 179.580078 7.902834
v -88.648434 180.000000 7.902834
v -88.536148 179.580078 7.892824
v -88.536148 180.000000 7.892824
v -88.519096 0.133975 -13.214368
v -88.519096 179.866028 -13.214368
v -88.070087 1.000000 18.538076
v -88.070087 178.999996 18.538076
v -88.024578 0.000000 -13.140544
v -88.024578 179.580078 -13.140544
v -88.024578 180.000000 -13.140544
v -87.938986 0.500000 18.510480
v -87.938986 179.500008 18.510480
v -87.913074 179.580078 -13.123900
v -87.913074 180.000000 -13.123900
v -87.580805 0.133975 18.435086
v -87.580805 179.866028 18.435086
v -87.091532 0.000000 18.332098
v -87.091532 179.580078 18.332098
v -87.091532 180.000000 18.332098
v -86.981211 179.580078 18.308877
v -86.981211 180.000000 18.308877
v -86.817198 1.000000 -23.722844
v -86.817198 178.999996 -23.722844
v -86.687965 0.500000 -23.687532
v -86.687965 179.500008 -23.687532
v -86.334887 0.133975 -23.591051
v -86.334887 179.866028 -23.591051
v -85.852566 0.000000 -23.459258
v -85.852566 179.580078 -23.459258
v -85.852566 180.000000 -23.459258
v -85.743818 179.580078 -23.429542
v -85.743818 180.000000 -23.429542
v -85.259371 1.000000 28.824286
v -85.259371 178.999996 28.824286
v -85.132456 0.500000 28.781378
v -85.132456 179.500008 28.781378
v -84.785709 0.133975 28.664153
v -84.785709 179.866028 28.664153
v -84.312048 0.000000 28.504016
v -84.312048 179.580078 28.504016
v -84.312048 180.000000 28.504016
v -84.205246 179.580078 28.467913
v -84.205246 180.000000 28.467913
v -83.402061 1.000000 -33.824482
v -83.402061 178.999996 -33.824482
v -83.277912 0.500000 -33.774130
v -83.277912 179.500008 -33.774130
v -82.938719 0.133975 -33.636568
v -82.938719 179.866028 -33.636568
v -82.475376 0.000000 -33.448656
v -82.475376 179.580078 -33.448656
v -82.475376 180.000000 -33.448656
v -82.370901 179.580078 -33.406286
v -82.370901 180.000000 -33.406286
v -81.251802 1.000000 38.705869
v -81.251802 178.999996 38.705869
v -81.130857 0.500000 38.648250
v -81.130857 179.500008 38.648250
v -80.800409 0.133975 38.490837
v -80.800409 179.866028 38.490837
v -80.349007 0.000000 38.275802
v -80.349007 179.580078 38.275802
v -80.349007 180.000000 38.275802
v -80.247231 179.580078 38.227320
v -80.247231 180.000000 38.227320
v -78.816147 1.000000 -43.451300
v -78.816147 178.999996 -43.451300
v -78.698816 0.500000 -43.386617
v -78.698816 179.500008 -43.386617
v -78.378277 0.133975 -43.209901
v -78.378277 179.866028 -43.209901
v -77.940412 0.000000 -42.968507
v -77.940412 179.580078 -42.968507
v -77.940412 180.000000 -42.968507
v -77.841682 179.580078 -42.914081
v -77.841682 180.000000 -42.914081
v -76.103640 1.000000 48.044105
v -76.103640 178.999996 48.044105
v -75.990353 0.500000 47.972584
v -75.990353 179.500008 47.972584
v -75.680842 0.133975 47.777190
v -75.680842 179.866028 47.777190
v -75.258045 0.000000 47.510281
v -75.258045 179.580078 47.510281
v -75.258045 180.000000 47.510281
v -75.162716 179.580078 47.450099
v -75.162716 180.000000 47.450099
v -73.123817 1.000000 -52.468152
v -73.123817 178.999996 -52.468152
v -73.014965 0.500000 -52.390051
v -73.014965 179.500008 -52.390051
v -72.717576 0.133975 -52.176661
v -72.717576 179.866028 -52.176661
v -72.311330 0.000000 -51.885176
v -72.311330 179.580078 -51.885176
v -72.311330 180.000000 -51.885176
v -72.219739 179.580078 -51.819453
v -72.219739 180.000000 -51.819453
v -69.887147 1.000000 56.707907
v -69.887147 178.999996 56.707907
v -69.783115 0.500000 56.623492
v -69.783115 179.500008 56.623492
v -69.498887 0.133975 56.392860
v -69.498887 179.866028 56.392860
v -69.110622 0.000000 56.077819
v -69.110622 179.580078 56.077819
v -69.110622 180.000000 56.077819
v -69.023085 179.580078 56.006784
v -69.023085 180.000000 56.006784
v -66.404996 1.000000 -60.748472
v -66.404996 178.999996 -60.748472
v -66.306143 0.500000 -60.658040
v -66.306143 179.500008 -60.658040
v -66.036077 0.133975 -60.410976
v -66.036077 179.866028 -60.410976
v -65.667162 0.000000 -60.073485
v -65.667162 179.580078 -60.073485
v -65.667162 180.000000 -60.073485
v -65.583982 179.580078 -59.997392
v -65.583982 180.000000 -59.997392
v -62.689590 1.000000 64.575653
v -62.689590 178.999996 64.575653
v -62.596273 0.500000 64.479527
v -62.596273 179.500008 64.479527
v -62.341318 0.133975 64.216900
v -62.341318 179.866028 64.216900
v -61.993041 0.000000 63.858147
v -61.993041 179.580078 63.858147
v -61.993041 180.000000 63.858147
v -61.914515 179.580078 63.777256
v -61.914515 180.000000 63.777256
v -58.753991 1.000000 -68.176012
v -58.753991 178.999996 -68.176012
v -58.666530 0.500000 -68.074527
v -58.666530 179.500008 -68.074527
v -58.427582 0.133975 -67.797256
v -58.427582 179.866028 -67.797256
v -58.101168 0.000000 -67.418499
v -58.101168 179.580078 -67.418499
v -58.101168 180.000000 -67.418499
v -58.027573 179.580078 -67.333102
v -58.027573 180.000000 -67.333102
v -54.612012 1.000000 71.536899
v -54.612012 178.999996 71.536899
v -54.530716 0.500000 71.430411
v -54.530716 179.500008 71.430411
v -54.308615 0.133975 71.139474
v -54.308615 179.866028 71.139474
v -54.005213 0.000000 70.742044
v -54.005213 179.580078 70.742044
v -54.005213 180.000000 70.742044
v -53.936806 179.580078 70.652437
v -53.936806 180.000000 70.652437
v -50.278211 1.000000 -74.646511
v -50.278211 178.999996 -74.646511
v -50.203366 0.500000 -74.535394
v -50.203366 179.500008 -74.535394
v -49.998884 0.133975 -74.231811
v -49.998884 179.866028 -74.231811
v -49.719563 0.000000 -73.817105
v -49.719563 179.580078 -73.817105
v -49.719563 180.000000 -73.817105
v -49.656582 179.580078 -73.723602
v -49.656582 180.000000 -73.723602
v -45.767798 1.000000 77.493925
v -45.767798 178.999996 77.493925
v -45.699673 0.500000 77.378569
v -45.699673 179.500008 77.378569
v -45.513535 0.133975 77.063403
v -45.513535 179.866028 77.063403
v -45.259271 0.000000 76.632881
v -45.259271 179.580078 76.632881
v -45.259271 180.000000 76.632881
v -45.201941 179.580078 76.535811
v -45.201941 180.000000 76.535811
v -41.096630 1.000000 -80.069141
v -41.096630 178.999996 -80.069141
v -41.035457 0.500000 -79.949946
v -41.035457 179.500008 -79.949946
v -40.868316 0.133975 -79.624310
v -40.868316 179.866028 -79.624310
v -40.640001 0.000000 -79.179482
v -40.640001 179.580078 -79.179482
v -40.640001 180.000000 -79.179482
v -40.588527 179.580078 -79.079185
v -40.588527 180.000000 -79.079185
v -36.281109 1.000000 82.363110
v -36.281109 178.999996 82.363110
v -36.227100 0.500000 82.240496
v -36.227100 179.500008 82.240496
v -36.079547 0.133975 81.905537
v -36.079547 179.866028 81.905537
v -35.877986 0.000000 81.447964
v -35.877986 179.580078 81.447964
v -35.877986 180.000000 81.447964
v -35.832539 179.580078 81.344795
v -35.832539 180.000000 81.344795
v -31.338148 1.000000 -84.367771
v -31.338148 178.999996 -84.367771
v -31.291497 0.500000 -84.242182
v -31.291497 179.500008 -84.242182
v -31.164045 0.133975 -83.899059
v -31.164045 179.866028 -83.899059
v -30.989945 0.000000 -83.430347
v -30.989945 179.580078 -83.430347
v -30.989945 180.000000 -83.430347
v -30.950692 179.580078 -83.324671
v -30.950692 180.000000 -83.324671
v -26.285110 1.000000 86.076088
v -26.285110 178.999996 86.076088
v -26.245980 0.500000 85.947952
v -26.245980 179.500008 85.947952
v -26.139081 0.133975 85.597887
v -26.139081 179.866028 85.597887
v -25.993052 0.000000 85.119686
v -25.993052 179.580078 85.119686
v -25.993052 180.000000 85.119686
v -25.960128 179.580078 85.011864
v -25.960128 180.000000 85.011864
v -21.139743 1.000000 -87.482061
v -21.139743 178.999996 -87.482061
v -21.108274 0.500000 -87.351837
v -21.108274 179.500008 -87.351837
v -21.022301 0.133975 -86.996050
v -21.022301 179.866028 -86.996050
v -20.904858 0.000000 -86.510038
v -20.904858 179.580078 -86.510038
v -20.904858 180.000000 -86.510038
v -20.878379 179.580078 -86.400461
v -20.878379 180.000000 -86.400461
v -15.920125 1.000000 88.580751
v -15.920125 178.999996 88.580751
v -15.896426 0.500000 88.448887
v -15.896426 179.500008 88.448887
v -15.831679 0.133975 88.088636
v -15.831679 179.866028 88.088636
v -15.743234 0.000000 87.596521
v -15.743234 179.580078 87.596521
v -15.743234 180.000000 87.596521
v -15.723293 179.580078 87.485561
v -15.723293 180.000000 87.485561
v -10.644585 1.000000 -89.368296
v -10.644585 178.999996 -89.368296
v -10.628740 0.500000 -89.235268
v -10.628740 179.500008 -89.235268
v -10.585449 0.133975 -88.871813
v -10.585449 179.866028 -88.871813
v -10.526313 0.000000 -88.375320
v -10.526313 179.580078 -88.375320
v -10.526313 180.000000 -88.375320
v -10.512979 179.580078 -88.263378
v -10.512979 180.000000 -88.263378
v -9.848077 180.000000 -1.736482
v -9.848077 180.000000 1.736482
v -9.848077 192.999992 -1.736482
v -9.848077 192.999992 1.736482
v -8.660254 180.000000 -5.000000
v -8.660254 180.000000 5.000000
v -8.660254 192.999992 -5.000000
v -8.660254 192.999992 5.000000
v -6.427876 180.000000 -7.660444
v -6.427876 180.000000 7.660444
v -6.427876 192.999992 -7.660444
v -6.427876 192.999992 7.660444
v -5.331656 1.000000 89.841938
v -5.331656 178.999996 89.841938
v -5.323720 0.500000 89.708195
v -5.323720 179.500008 89.708195
v -5.302036 0.133975 89.342813
v -5.302036 179.866028 89.342813
v -5.272416 0.000000 88.843689
v -5.272416 179.580078 88.843689
v -5.272416 180.000000 88.843689
v -5.265737 179.580078 88.731155
v -5.265737 180.000000 88.731155
v -3.420202 180.000000 -9.396926
v -3.420202 180.000000 9.396926
v -3.420202 192.999992 -9.396926
v -3.420202 192.999992 9.396926
v 0.000000 0.000000 -88.999996
v 0.000000 0.133975 -89.499998
v 0.000000 0.500000 -89.866028
v 0.000000 1.000000 -90.000000
v 0.000000 178.999996 -90.000000
v 0.000000 179.500008 -89.866028
v 0.000000 179.580078 -88.999996
v 0.000000 179.580078 -88.887262
v 0.000000 179.866028 -89.499998
v 0.000000 180.000000 -88.999996
v 0.000000 180.000000 -88.887262
v 0.000000 180.000000 -10.000000
v 0.000000 180.000000 10.000000
v 0.000000 192.999992 -10.000000
v 0.000000 192.999992 10.000000
v 3.420202 180.000000 -9.396926
v 3.420202 180.000000 9.396926
v 3.420202 192.999992 -9.396926
v 3.420202 192.999992 9.396926
v 5.265737 179.580078 88.731155
v 5.265737 180.000000 88.731155
v 5.272416 0.000000 88.843689
v 5.272416 179.580078 88.843689
v 5.272416 180.000000 88.843689
v 5.302036 0.133975 89.342813
v 5.302036 179.866028 89.342813
v 5.323720 0.500000 89.708195
v 5.323720 179.500008 89.708195
v 5.331656 1.000000 89.841938
v 5.331656 178.999996 89.841938
v 6.427876 180.000000 -7.660444
v 6.427876 180.000000 7.660444
v 6.427876 192.999992 -7.660444
v 6.427876 192.999992 7.660444
v 8.660254 180.000000 -5.000000
v 8.660254 180.000000 5.000000
v 8.660254 192.999992 -5.000000
v 8.660254 192.999992 5.000000
v 9.848077 180.000000 -1.736482
v 9.848077 180.000000 1.736482
v 9.848077 192.999992 -1.736482
v 9.848077 192.999992 1.736482
v 10.512979 179.580078 -88.263378
v 10.512979 180.000000 -88.263378
v 10.526313 0.000000 -88.375320
v 10.526313 179.580078 -88.375320
v 10.526313 180.000000 -88.375320
v 10.585449 0.133975 -88.871813
v 10.585449 179.866028 -88.871813
v 10.628740 0.500000 -89.235268
v 10.628740 179.500008 -89.235268
v 10.644585 1.000000 -89.368296
v 10.644585 178.999996 -89.368296
v 15.723293 179.580078 87.485561
v 15.723293 180.000000 87.485561
v 15.743234 0.000000 87.596521
v 15.743234 179.580078 87.596521
v 15.743234 180.000000 87.596521
v 15.831679 0.133975 88.088636
v 15.831679 179.866028 88.088636
v 15.896426 0.500000 88.448887
v 15.896426 179.500008 88.448887
v 15.920125 1.000000 88.580751
v 15.920125 178.999996 88.580751
v 20.878379 179.580078 -86.400461
v 20.878379 180.000000 -86.400461
v 20.904858 0.000000 -86.510038
v 20.904858 179.580078 -86.510038
v 20.904858 180.000000 -86.510038
v 21.022301 0.133975 -86.996050
v 21.022301 179.866028 -86.996050
v 21.108274 0.500000 -87.351837
v 21.108274 179.500008 -87.351837
v 21.139743 1.000000 -87.482061
v 21.139743 178.999996 -87.482061
v 25.960128 179.580078 85.011864
v 25.960128 180.000000 85.011864
v 25.993052 0.000000 85.119686
v 25.993052 179.580078 85.119686
v 25.993052 180.000000 85.119686
v 26.139081 0.133975 85.597887
v 26.139081 179.866028 85.597887
v 26.245980 0.500000 85.947952
v 26.245980 179.500008 85.947952
v 26.285110 1.000000 86.076088
v 26.285110 178.999996 86.076088
v 30.950692 179.580078 -83.324671
v 30.950692 180.000000 -83.324671
v 30.989945 0.000000 -83.430347
v 30.989945 179.580078 -83.430347
v 30.989945 180.000000 -83.430347
v 31.164045 0.133975 -83.899059
v 31.164045 179.866028 -83.899059
v 31.291497 0.500000 -84.242182
v 31.291497 179.500008 -84.242182
v 31.338148 1.000000 -84.367771
v 31.338148 178.999996 -84.367771
v 35.832539 179.580078 81.344795
v 35.832539 180.000000 81.344795
v 35.877986 0.000000 81.447964
v 35.877986 179.580078 81.447964
v 35.877986 180.000000 81.447964
v 36.079547 0.133975 81.905537
v 36.079547 179.866028 81.905537
v 36.227100 0.500000 82.240496
v 36.227100 179.500008 82.240496
v 36.281109 1.000000 82.363110
v 36.281109 178.999996 82.363110
v 40.588527 179.580078 -79.079185
v 40.588527 180.000000 -79.079185
v 40.640001 0.000000 -79.179482
v 40.640001 179.580078 -79.179482
v 40.640001 180.000000 -79.179482
v 40.868316 0.133975 -79.624310
v 40.868316 179.866028 -79.624310
v 41.035457 0.500000 -79.949946
v 41.035457 179.500008 -79.949946
v 41.096630 1.000000 -80.069141
v 41.096630 178.999996 -80.069141
v 45.201941 179.580078 76.535811
v 45.201941 180.000000 76.535811
v 45.259271 0.000000 76.632881
v 45.259271 179.580078 76.632881
v 45.259271 180.000000 76.632881
v 45.513535 0.133975 77.063403
v 45.513535 179.866028 77.063403
v 45.699673 0.500000 77.378569
v 45.699673 179.500008 77.378569
v 45.767798 1.000000 77.493925
v 45.767798 178.999996 77.493925
v 49.656582 179.580078 -73.723602
v 49.656582 180.000000 -73.723602
v 49.719563 0.000000 -73.817105
v 49.719563 179.580078 -73.817105
v 49.719563 180.000000 -73.817105
v 49.998884 0.133975 -74.231811
v 49.998884 179.866028 -74.231811
v 50.203366 0.500000 -74.535394
v 50.203366 179.500008 -74.535394
v 50.278211 1.000000 -74.646511
v 50.278211 178.999996 -74.646511
v 53.936806 179.580078 70.652437
v 53.936806 180.000000 70.652437
v 54.005213 0.000000 70.742044
v 54.005213 179.580078 70.742044
v 54.005213 180.000000 70.742044
v 54.308615 0.133975 71.139474
v 54.308615 179.866028 71.139474
v 54.530716 0.500000 71.430411
v 54.530716 179.500008 71.430411
v 54.612012 1.000000 71.536899
v 54.612012 178.999996 71.536899
v 58.027573 179.580078 -67.333102
v 58.027573 180.000000 -67.333102
v 58.101168 0.000000 -67.418499
v 58.101168 179.580078 -67.418499
v 58.101168 180.000000 -67.418499
v 58.427582 0.133975 -67.797256
v 58.427582 179.866028 -67.797256
v 58.666530 0.500000 -68.074527
v 58.666530 179.500008 -68.074527
v 58.753991 1.000000 -68.176012
v 58.753991 178.999996 -68.176012
v 61.914515 179.580078 63.777256
v 61.914515 180.000000 63.777256
v 61.993041 0.000000 63.858147
v 61.993041 179.580078 63.858147
v 61.993041 180.000000 63.858147
v 62.341318 0.133975 64.216900
v 62.341318 179.866028 64.216900
v 62.596273 0.500000 64.479527
v 62.596273 179.500008 64.479527
v 62.689590 1.000000 64.575653
v 62.689590 178.999996 64.575653
v 65.583982 179.580078 -59.997392
v 65.583982 180.000000 -59.997392
v 65.667162 0.000000 -60.073485
v 65.667162 179.580078 -60.073485
v 65.667162 180.000000 -60.073485
v 66.036077 0.133975 -60.410976
v 66.036077 179.866028 -60.410976
v 66.306143 0.500000 -60.658040
v 66.306143 179.500008 -60.658040
v 66.404996 1.000000 -60.748472
v 66.404996 178.999996 -60.748472
v 69.023085 179.580078 56.006784
v 69.023085 180.000000 56.006784
v 69.110622 0.000000 56.077819
v 69.110622 179.580078 56.077819
v 69.110622 180.000000 56.077819
v 69.498887 0.133975 56.392860
v 69.498887 179.866028 56.392860
v 69.783115 0.500000 56.623492
v 69.783115 179.500008 56.623492
v 69.887147 1.000000 56.707907
v 69.887147 178.999996 56.707907
v 72.219739 179.580078 -51.819453
v 72.219739 180.000000 -51.819453
v 72.311330 0.000000 -51.885176
v 72.311330 179.580078 -51.885176
v 72.311330 180.000000 -51.885176
v 72.717576 0.133975 -52.176661
v 72.717576 179.866028 -52.176661
v 73.014965 0.500000 -52.390051
v 73.014965 179.500008 -52.390051
v 73.123817 1.000000 -52.468152
v 73.123817 178.999996 -52.468152
v 75.162716 179.580078 47.450099
v 75.162716 180.000000 47.450099
v 75.258045 0.000000 47.510281
v 75.258045 179.580078 47.510281
v 75.258045 180.000000 47.510281
v 75.680842 0.133975 47.777190
v 75.680842 179.866028 47.777190
v 75.990353 0.500000 47.972584
v 75.990353 179.500008 47.972584
v 76.103640 1.000000 48.044105
v 76.103640 178.999996 48.044105
v 77.841682 179.580078 -42.914081
v 77.841682 180.000000 -42.914081
v 77.940412 0.000000 -42.968507
v 77.940412 179.580078 -42.968507
v 77.940412 180.000000 -42.968507
v 78.378277 0.133975 -43.209901
v 78.378277 179.866028 -43.209901
v 78.698816 0.500000 -43.386617
v 78.698816 179.500008 -43.386617
v 78.816147 1.000000 -43.451300
v 78.816147 178.999996 -43.451300
v 80.247231 179.580078 38.227320
v 80.247231 180.000000 38.227320
v 80.349007 0.000000 38.275802
v 80.349007 179.580078 38.275802
v 80.349007 180.000000 38.275802
v 80.800409 0.133975 38.490837
v 80.800409 179.866028 38.490837
v 81.130857 0.500000 38.648250
v 81.130857 179.500008 38.648250
v 81.251802 1.000000 38.705869
v 81.251802 178.999996 38.705869
v 82.370901 179.580078 -33.406286
v 82.370901 180.000000 -33.406286
v 82.475376 0.000000 -33.448656
v 82.475376 179.580078 -33.448656
v 82.475376 180.000000 -33.448656
v 82.938719 0.133975 -33.636568
v 82.938719 179.866028 -33.636568
v 83.277912 0.500000 -33.774130
v 83.277912 179.500008 -33.774130
v 83.402061 1.000000 -33.824482
v 83.402061 178.999996 -33.824482
v 84.205246 179.580078 28.467913
v 84.205246 180.000000 28.467913
v 84.312048 0.000000 28.504016
v 84.312048 179.580078 28.504016
v 84.312048 180.000000 28.504016
v 84.785709 0.133975 28.664153
v 84.785709 179.866028 28.664153
v 85.132456 0.500000 28.781378
v 85.132456 179.500008 28.781378
v 85.259371 1.000000 28.824286
v 85.259371 178.999996 28.824286
v 85.743818 179.580078 -23.429542
v 85.743818 180.000000 -23.429542
v 85.852566 0.000000 -23.459258
v 85.852566 179.580078 -23.459258
v 85.852566 180.000000 -23.459258
v 86.334887 0.133975 -23.591051
v 86.334887 179.866028 -23.591051
v 86.687965 0.500000 -23.687532
v 86.687965 179.500008 -23.687532
v 86.817198 1.000000 -23.722844
v 86.817198 178.999996 -23.722844
v 86.981211 179.580078 18.308877
v 86.981211 180.000000 18.308877
v 87.091532 0.000000 18.332098
v 87.091532 179.580078 18.332098
v 87.091532 180.000000 18.332098
v 87.580805 0.133975 18.435086
v 87.580805 179.866028 18.435086
v 87.913074 179.580078 -13.123900
v 87.913074 180.000000 -13.123900
v 87.938986 0.500000 18.510480
v 87.938986 179.500008 18.510480
v 88.024578 0.000000 -13.140544
v 88.024578 179.580078 -13.140544
v 88.024578 180.000000 -13.140544
v 88.070087 1.000000 18.538076
v 88.070087 178.999996 18.538076
v 88.519096 0.133975 -13.214368
v 88.519096 179.866028 -13.214368
v 88.536148 179.580078 7.892824
v 88.536148 180.000000 7.892824
v 88.648434 0.000000 7.902834
v 88.648434 179.580078 7.902834
v 88.648434 180.000000 7.902834
v 88.848228 179.580078 -2.634026
v 88.848228 180.000000 -2.634026
v 88.881111 0.500000 -13.268410
v 88.881111 179.500008 -13.268410
v 88.960915 0.000000 -2.637366
v 88.960915 179.580078 -2.637366
v 88.960915 180.000000 -2.637366
v 89.013615 1.000000 -13.288190
v 89.013615 178.999996 -13.288190
v 89.146461 0.133975 7.947233
v 89.146461 179.866028 7.947233
v 89.460697 0.133975 -2.652183
v 89.460697 179.866028 -2.652183
v 89.511042 0.500000 7.979734
v 89.511042 179.500008 7.979734
v 89.644489 1.000000 7.991630
v 89.644489 178.999996 7.991630
v 89.826555 0.500000 -2.663029
v 89.826555 179.500008 -2.663029
v 89.960480 1.000000 -2.666999
v 89.960480 178.999996 -2.666999
vt -8.900000 0.000000 0.000000
vt -8.900000 -1.066956 0.000000
vt -8.900000 -2.133912 0.000000
vt -8.900000 -3.200868 0.000000
vt -8.900000 -4.267824 0.000000
vt -8.900000 -5.334780 0.000000
vt -8.900000 -6.401736 0.000000
vt -8.900000 -7.468692 0.000000
vt -8.900000 -8.535648 0.000000
vt -8.900000 -9.602604 0.000000
vt -8.900000 -10.669560 0.000000
vt -8.900000 -11.736516 0.000000
vt -8.900000 -12.803473 0.000000
vt -8.900000 -13.870428 0.000000
vt -8.900000 -14.937384 0.000000
vt -8.900000 -16.004339 0.000000
vt -8.900000 -17.071297 0.000000
vt -8.900000 -18.138252 0.000000
vt -8.900000 -19.205208 0.000000
vt -8.900000 -20.272163 0.000000
vt -8.900000 -21.339121 0.000000
vt -8.900000 -22.406075 0.000000
vt -8.900000 -23.473032 0.000000
vt -8.900000 -24.539988 0.000000
vt -8.900000 -25.606945 0.000000
vt -8.900000 -26.673899 0.000000
vt -8.900000 -27.740856 0.000000
vt -8.900000 27.740856 0.000000
vt -8.900000 26.673899 0.000000
vt -8.900000 25.606945 0.000000
vt -8.900000 24.539988 0.000000
vt -8.900000 23.473032 0.000000
vt -8.900000 22.406075 0.000000
vt -8.900000 21.339121 0.000000
vt -8.900000 20.272163 0.000000
vt -8.900000 19.205208 0.000000
vt -8.900000 18.138252 0.000000
vt -8.900000 17.071297 0.000000
vt -8.900000 16.004339 0.000000
vt -8.900000 14.937384 0.000000
vt -8.900000 13.870428 0.000000
vt -8.900000 12.803473 0.000000
vt -8.900000 11.736516 0.000000
vt -8.900000 10.669560 0.000000
vt -8.900000 9.602604 0.000000
vt -8.900000 8.535648 0.000000
vt -8.900000 7.468692 0.000000
vt -8.900000 6.401736 0.000000
vt -8.900000 5.334780 0.000000
vt -8.900000 4.267824 0.000000
vt -8.900000 3.200868 0.000000
vt -8.900000 2.133912 0.000000
vt -8.900000 1.066956 0.000000
vt 8.900000 0.000000 0.000000
vt 8.900000 1.066956 0.000000
vt 8.900000 2.133912 0.000000
vt 8.900000 3.200868 0.000000
vt 8.900000 4.267824 0.000000
vt 8.900000 5.334780 0.000000
vt 8.900000 6.401736 0.000000
vt 8.900000 7.468692 0.000000
vt 8.900000 8.535648 0.000000
vt 8.900000 9.602604 0.000000
vt 8.900000 10.669560 0.000000
vt 8.900000 11.736516 0.000000
vt 8.900000 12.803473 0.000000
vt 8.900000 13.870428 0.000000
vt 8.900000 14.937384 0.000000
vt 8.900000 16.004339 0.000000
vt 8.900000 17.071297 0.000000
vt 8.900000 18.138252 0.000000
vt 8.900000 19.205208 0.000000
vt 8.900000 20.272163 0.000000
vt 8.900000 21.339121 0.000000
vt 8.900000 22.406075 0.000000
vt 8.900000 23.473032 0.000000
vt 8.900000 24.539988 0.000000
vt 8.900000 25.606945 0.000000
vt 8.900000 26.673899 0.000000
vt 8.900000 -28.807812 0.000000
vt 8.900000 -27.740856 0.000000
vt 8.900000 -26.673899 0.000000
vt 8.900000 -25.606945 0.000000
vt 8.900000 -24.539988 0.000000
vt 8.900000 -23.473032 0.000000
vt 8.900000 -22.406075 0.000000
vt 8.900000 -21.339121 0.000000
vt 8.900000 -20.272163 0.000000
vt 8.900000 -19.205208 0.000000
vt 8.900000 -18.138252 0.000000
vt 8.900000 -17.071297 0.000000
vt 8.900000 -16.004339 0.000000
vt 8.900000 -14.937384 0.000000
vt 8.900000 -13.870428 0.000000
vt 8.900000 -12.803473 0.000000
vt 8.900000 -11.736516 0.000000
vt 8.900000 -10.669560 0.000000
vt 8.900000 -9.602604 0.000000
vt 8.900000 -8.535648 0.000000
vt 8.900000 -7.468692 0.000000
vt 8.900000 -6.401736 0.000000
vt 8.900000 -5.334780 0.000000
vt 8.900000 -4.267824 0.000000
vt 8.900000 -3.200868 0.000000
vt 8.900000 -2.133912 0.000000
vt 8.900000 -1.066956 0.000000
vt 8.900000 27.740858 0.000000
vt 8.900000 27.740858 0.000000
vt -8.900000 -28.807814 0.000000
vt -8.900000 -28.807814 0.000000
vt -0.157080 28.182320 0.000000
vt -0.157080 27.118835 0.000000
vt -0.157080 26.055353 0.000000
vt -0.157080 24.991867 0.000000
vt -0.157080 23.928383 0.000000
vt -0.157080 22.864901 0.000000
vt -0.157080 21.801416 0.000000
vt -0.157080 20.737932 0.000000
vt -0.157080 19.674448 0.000000
vt -0.157080 18.610966 0.000000
vt -0.157080 17.547482 0.000000
vt -0.157080 16.483999 0.000000
vt -0.157080 15.420514 0.000000
vt -0.157080 14.357030 0.000000
vt -0.157080 13.293547 0.000000
vt -0.157080 12.230062 0.000000
vt -0.157080 11.166579 0.000000
vt -0.157080 10.103095 0.000000
vt -0.157080 9.039612 0.000000
vt -0.157080 7.976128 0.000000
vt -0.157080 6.912644 0.000000
vt -0.157080 5.849161 0.000000
vt -0.157080 4.785677 0.000000
vt -0.157080 3.722193 0.000000
vt -0.157080 2.658710 0.000000
vt -0.157080 1.595226 0.000000
vt -0.157080 0.531742 0.000000
vt -0.157080 -0.531742 0.000000
vt -0.157080 -1.595226 0.000000
vt -0.157080 -2.658710 0.000000
vt -0.157080 -3.722193 0.000000
vt -0.157080 -4.785677 0.000000
vt -0.157080 -5.849161 0.000000
vt -0.157080 -6.912644 0.000000
vt -0.157080 -7.976128 0.000000
vt -0.157080 -9.039612 0.000000
vt -0.157080 -10.103095 0.000000
vt -0.157080 -11.166579 0.000000
vt -0.157080 -12.230062 0.000000
vt -0.157080 -13.293547 0.000000
vt -0.157080 -14.357030 0.000000
vt -0.157080 -15.420514 0.000000
vt -0.157080 -16.483999 0.000000
vt -0.157080 -17.547482 0.000000
vt -0.157080 -18.610966 0.000000
vt -0.157080 -19.674448 0.000000
vt -0.157080 -20.737932 0.000000
vt -0.157080 -21.801416 0.000000
vt -0.157080 -22.864901 0.000000
vt -0.157080 -23.928383 0.000000
vt -0.157080 -24.991867 0.000000
vt -0.157080 -26.055353 0.000000
vt -0.157080 -27.118835 0.000000
vt -0.000000 -28.182320 0.000000
vt -0.000000 -27.118835 0.000000
vt -0.000000 -26.055353 0.000000
vt -0.000000 -24.991867 0.000000
vt -0.000000 -23.928383 0.000000
vt -0.000000 -22.864901 0.000000
vt -0.000000 -21.801416 0.000000
vt -0.000000 -20.737932 0.000000
vt -0.000000 -19.674448 0.000000
vt -0.000000 -18.610966 0.000000
vt -0.000000 -17.547482 0.000000
vt -0.000000 -16.483999 0.000000
vt -0.000000 -15.420514 0.000000
vt -0.000000 -14.357030 0.000000
vt -0.000000 -13.293547 0.000000
vt -0.000000 -12.230062 0.000000
vt -0.000000 -11.166579 0.000000
vt -0.000000 -10.103095 0.000000
vt -0.000000 -9.039612 0.000000
vt -0.000000 -7.976128 0.000000
vt -0.000000 -6.912644 0.000000
vt -0.000000 -5.849161 0.000000
vt -0.000000 -4.785677 0.000000
vt -0.000000 -3.722193 0.000000
vt -0.000000 -2.658710 0.000000
vt -0.000000 -1.595226 0.000000
vt -0.000000 -0.531742 0.000000
vt -0.000000 0.531742 0.000000
vt -0.000000 1.595226 0.000000
vt -0.000000 2.658710 0.000000
vt -0.000000 3.722193 0.000000
vt -0.000000 4.785677 0.000000
vt -0.000000 5.849161 0.000000
vt -0.000000 6.912644 0.000000
vt -0.000000 7.976128 0.000000
vt -0.000000 9.039612 0.000000
vt -0.000000 10.103095 0.000000
vt -0.000000 11.166579 0.000000
vt -0.000000 12.230062 0.000000
vt -0.000000 13.293547 0.000000
vt -0.000000 14.357030 0.000000
vt -0.000000 15.420514 0.000000
vt -0.000000 16.483999 0.000000
vt -0.000000 17.547482 0.000000
vt -0.000000 18.610966 0.000000
vt -0.000000 19.674448 0.000000
vt -0.000000 20.737932 0.000000
vt -0.000000 21.801416 0.000000
vt -0.000000 22.864901 0.000000
vt -0.000000 23.928383 0.000000
vt -0.000000 24.991867 0.000000
vt -0.000000 26.055353 0.000000
vt -0.000000 27.118835 0.000000
vt -0.104720 -28.182320 0.000000
vt -0.052360 -28.182320 0.000000
vt -0.104720 27.118835 0.000000
vt -0.052360 27.118835 0.000000
vt -0.104720 26.055353 0.000000
vt -0.052360 26.055353 0.000000
vt -0.104720 24.991867 0.000000
vt -0.052360 24.991867 0.000000
vt -0.104720 23.928383 0.000000
vt -0.052360 23.928383 0.000000
vt -0.104720 22.864901 0.000000
vt -0.052360 22.864901 0.000000
vt -0.104720 21.801416 0.000000
vt -0.052360 21.801416 0.000000
vt -0.104720 20.737932 0.000000
vt -0.052360 20.737932 0.000000
vt -0.104720 19.674448 0.000000
vt -0.052360 19.674448 0.000000
vt -0.104720 18.610966 0.000000
vt -0.052360 18.610966 0.000000
vt -0.104720 17.547482 0.000000
vt -0.052360 17.547482 0.000000
vt -0.104720 16.483999 0.000000
vt -0.052360 16.483999 0.000000
vt -0.104720 15.420514 0.000000
vt -0.052360 15.420514 0.000000
vt -0.104720 14.357030 0.000000
vt -0.052360 14.357030 0.000000
vt -0.104720 13.293547 0.000000
vt -0.052360 13.293547 0.000000
vt -0.104720 12.230062 0.000000
vt -0.052360 12.230062 0.000000
vt -0.104720 11.166579 0.000000
vt -0.052360 11.166579 0.000000
vt -0.104720 10.103095 0.000000
vt -0.052360 10.103095 0.000000
vt -0.104720 9.039612 0.000000
vt -0.052360 9.039612 0.000000
vt -0.104720 7.976128 0.000000
vt -0.052360 7.976128 0.000000
vt -0.104720 6.912644 0.000000
vt -0.052360 6.912644 0.000000
vt -0.104720 5.849161 0.000000
vt -0.052360 5.849161 0.000000
vt -0.104720 4.785677 0.000000
vt -0.052360 4.785677 0.000000
vt -0.104720 3.722193 0.000000
vt -0.052360 3.722193 0.000000
vt -0.104720 2.658710 0.000000
vt -0.052360 2.658710 0.000000
vt -0.104720 1.595226 0.000000
vt -0.052360 1.595226 0.000000
vt -0.104720 0.531742 0.000000
vt -0.052360 0.531742 0.000000
vt -0.104720 -0.531742 0.000000
vt -0.052360 -0.531742 0.000000
vt -0.104720 -1.595226 0.000000
vt -0.052360 -1.595226 0.000000
vt -0.104720 -2.658710 0.000000
vt -0.052360 -2.658710 0.000000
vt -0.104720 -3.722193 0.000000
vt -0.052360 -3.722193 0.000000
vt -0.104720 -4.785677 0.000000
vt -0.052360 -4.785677 0.000000
vt -0.104720 -5.849161 0.000000
vt -0.052360 -5.849161 0.000000
vt -0.104720 -6.912644 0.000000
vt -0.052360 -6.912644 0.000000
vt -0.104720 -7.976128 0.000000
vt -0.052360 -7.976128 0.000000
vt -0.104720 -9.039612 0.000000
vt -0.052360 -9.039612 0.000000
vt -0.104720 -10.103095 0.000000
vt -0.052360 -10.103095 0.000000
vt -0.104720 -11.166579 0.000000
vt -0.052360 -11.166579 0.000000
vt -0.104720 -12.230062 0.000000
vt -0.052360 -12.230062 0.000000
vt -0.104720 -13.293547 0.000000
vt -0.052360 -13.293547 0.000000
vt -0.104720 -14.357030 0.000000
vt -0.052360 -14.357030 0.000000
vt -0.104720 -15.420514 0.000000
vt -0.052360 -15.420514 0.000000
vt -0.104720 -16.483999 0.000000
vt -0.052360 -16.483999 0.000000
vt -0.104720 -17.547482 0.000000
vt -0.052360 -17.547482 0.000000
vt -0.104720 -18.610966 0.000000
vt -0.052360 -18.610966 0.000000
vt -0.104720 -19.674448 0.000000
vt -0.052360 -19.674448 0.000000
vt -0.104720 -20.737932 0.000000
vt -0.052360 -20.737932 0.000000
vt -0.104720 -21.801416 0.000000
vt -0.052360 -21.801416 0.000000
vt -0.104720 -22.864901 0.000000
vt -0.052360 -22.864901 0.000000
vt -0.104720 -23.928383 0.000000
vt -0.052360 -23.928383 0.000000
vt -0.104720 -24.991867 0.000000
vt -0.052360 -24.991867 0.000000
vt -0.104720 -26.055353 0.000000
vt -0.052360 -26.055353 0.000000
vt -0.104720 -27.118835 0.000000
vt -0.052360 -27.118835 0.000000
vt -0.104720 28.182320 0.000000
vt -0.157080 -28.182320 0.000000
vt -0.000000 -29.245804 0.000000
vt -0.052360 28.182320 0.000000
vt -0.104720 28.182320 0.000000
vt -0.052360 -29.245804 0.000000
vt -0.020996 0.000000 0.000000
vt -0.020996 -1.055101 0.000000
vt -0.020996 -2.110202 0.000000
vt -0.020996 -3.165303 0.000000
vt -0.020996 -4.220404 0.000000
vt -0.020996 -5.275505 0.000000
vt -0.020996 -6.330606 0.000000
vt -0.020996 -7.385706 0.000000
vt -0.020996 -8.440807 0.000000
vt -0.020996 -9.495909 0.000000
vt -0.020996 -10.551009 0.000000
vt -0.020996 -11.606110 0.000000
vt -0.020996 -12.661211 0.000000
vt -0.020996 -13.716311 0.000000
vt -0.020996 -14.771413 0.000000
vt -0.020996 -15.826513 0.000000
vt -0.020996 -16.881615 0.000000
vt -0.020996 -17.936714 0.000000
vt -0.020996 -18.991817 0.000000
vt -0.020996 -20.046917 0.000000
vt -0.020996 -21.102018 0.000000
vt -0.020996 -22.157118 0.000000
vt -0.020996 -23.212219 0.000000
vt -0.020996 -24.267321 0.000000
vt -0.020996 -25.322422 0.000000
vt -0.020996 -26.377522 0.000000
vt -0.020996 -27.432623 0.000000
vt -0.020996 27.432623 0.000000
vt -0.020996 26.377522 0.000000
vt -0.020996 25.322422 0.000000
vt -0.020996 24.267321 0.000000
vt -0.020996 23.212219 0.000000
vt -0.020996 22.157118 0.000000
vt -0.020996 21.102018 0.000000
vt -0.020996 20.046917 0.000000
vt -0.020996 18.991817 0.000000
vt -0.020996 17.936714 0.000000
vt -0.020996 16.881615 0.000000
vt -0.020996 15.826513 0.000000
vt -0.020996 14.771413 0.000000
vt -0.020996 13.716311 0.000000
vt -0.020996 12.661211 0.000000
vt -0.020996 11.606110 0.000000
vt -0.020996 10.551009 0.000000
vt -0.020996 9.495909 0.000000
vt -0.020996 8.440807 0.000000
vt -0.020996 7.385706 0.000000
vt -0.020996 6.330606 0.000000
vt -0.020996 5.275505 0.000000
vt -0.020996 4.220404 0.000000
vt -0.020996 3.165303 0.000000
vt -0.020996 2.110202 0.000000
vt -0.020996 1.055101 0.000000
vt 0.020996 0.000000 0.000000
vt 0.020996 1.055101 0.000000
vt 0.020996 2.110202 0.000000
vt 0.020996 3.165303 0.000000
vt 0.020996 4.220404 0.000000
vt 0.020996 5.275505 0.000000
vt 0.020996 6.330606 0.000000
vt 0.020996 7.385706 0.000000
vt 0.020996 8.440807 0.000000
vt 0.020996 9.495909 0.000000
vt 0.020996 10.551009 0.000000
vt 0.020996 11.606110 0.000000
vt 0.020996 12.661211 0.000000
vt 0.020996 13.716311 0.000000
vt 0.020996 14.771413 0.000000
vt 0.020996 15.826513 0.000000
vt 0.020996 16.881615 0.000000
vt 0.020996 17.936714 0.000000
vt 0.020996 18.991817 0.000000
vt 0.020996 20.046917 0.000000
vt 0.020996 21.102018 0.000000
vt 0.020996 22.157118 0.000000
vt 0.020996 23.212219 0.000000
vt 0.020996 24.267321 0.000000
vt 0.020996 25.322422 0.000000
vt 0.020996 26.377522 0.000000
vt 0.020996 -28.487722 0.000000
vt 0.020996 -27.432623 0.000000
vt 0.020996 -26.377522 0.000000
vt 0.020996 -25.322422 0.000000
vt 0.020996 -24.267321 0.000000
vt 0.020996 -23.212219 0.000000
vt 0.020996 -22.157118 0.000000
vt 0.020996 -21.102018 0.000000
vt 0.020996 -20.046917 0.000000
vt 0.020996 -18.991817 0.000000
vt 0.020996 -17.936714 0.000000
vt 0.020996 -16.881615 0.000000
vt 0.020996 -15.826513 0.000000
vt 0.020996 -14.771413 0.000000
vt 0.020996 -13.716311 0.000000
vt 0.020996 -12.661211 0.000000
vt 0.020996 -11.606110 0.000000
vt 0.020996 -10.551009 0.000000
vt 0.020996 -9.495909 0.000000
vt 0.020996 -8.440807 0.000000
vt 0.020996 -7.385706 0.000000
vt 0.020996 -6.330606 0.000000
vt 0.020996 -5.275505 0.000000
vt 0.020996 -4.220404 0.000000
vt 0.020996 -3.165303 0.000000
vt 0.020996 -2.110202 0.000000
vt 0.020996 -1.055101 0.000000
vt 0.020996 27.432625 0.000000
vt 0.020996 27.432625 0.000000
vt -0.020996 -28.487724 0.000000
vt -0.020996 -28.487724 0.000000
vt 0.000000 0.000000 0.000000
vt 0.062389 1.051298 0.000000
vt 0.248681 2.087838 0.000000
vt 0.556260 3.095069 0.000000
vt 0.980808 4.058853 0.000000
vt 1.516366 4.965658 0.000000
vt 2.155416 5.802757 0.000000
vt 2.888987 6.558398 0.000000
vt 3.706781 7.221974 0.000000
vt 4.597319 7.784168 0.000000
vt 5.548098 8.237090 0.000000
vt 6.545773 8.574382 0.000000
vt 7.576337 8.791307 0.000000
vt 8.625324 8.884823 0.000000
vt 9.678009 8.853615 0.000000
vt 10.719614 8.698121 0.000000
vt 11.735518 8.420525 0.000000
vt 12.711458 8.024723 0.000000
vt 13.633737 7.516272 0.000000
vt 14.489405 6.902308 0.000000
vt 15.266453 6.191452 0.000000
vt 15.953970 5.393681 0.000000
vt 16.542307 4.520194 0.000000
vt 17.023205 3.583254 0.000000
vt 17.389914 2.596013 0.000000
vt 17.637283 1.572329 0.000000
vt 17.761843 0.526574 0.000000
vt 17.761843 -0.526574 0.000000
vt 17.637283 -1.572329 0.000000
vt 17.389914 -2.596013 0.000000
vt 17.023205 -3.583254 0.000000
vt 16.542307 -4.520194 0.000000
vt 15.953970 -5.393681 0.000000
vt 15.266453 -6.191452 0.000000
vt 14.489405 -6.902308 0.000000
vt 13.633737 -7.516272 0.000000
vt 12.711458 -8.024723 0.000000
vt 11.735518 -8.420525 0.000000
vt 10.719614 -8.698121 0.000000
vt 9.678009 -8.853615 0.000000
vt 8.625324 -8.884823 0.000000
vt 7.576337 -8.791307 0.000000
vt 6.545773 -8.574382 0.000000
vt 5.548098 -8.237090 0.000000
vt 4.597319 -7.784168 0.000000
vt 3.706781 -7.221974 0.000000
vt 2.888987 -6.558398 0.000000
vt 2.155416 -5.802757 0.000000
vt 1.516366 -4.965658 0.000000
vt 0.980808 -4.058853 0.000000
vt 0.556260 -3.095069 0.000000
vt 0.248681 -2.087838 0.000000
vt 0.062389 -1.051298 0.000000
vt -0.011273 0.000000 0.000000
vt 0.051195 -1.052631 0.000000
vt 0.237723 -2.090486 0.000000
vt 0.545692 -3.098994 0.000000
vt 0.970778 -4.064000 0.000000
vt 1.507016 -4.971956 0.000000
vt 2.146877 -5.810117 0.000000
vt 2.881378 -6.566716 0.000000
vt 3.700209 -7.231133 0.000000
vt 4.591876 -7.794041 0.000000
vt 5.543861 -8.247538 0.000000
vt 6.542801 -8.585257 0.000000
vt 7.574672 -8.802458 0.000000
vt 8.624990 -8.896091 0.000000
vt 9.679010 -8.864843 0.000000
vt 10.721936 -8.709153 0.000000
vt 11.739128 -8.431205 0.000000
vt 12.716307 -8.034901 0.000000
vt 13.639754 -7.525805 0.000000
vt 14.496509 -6.911062 0.000000
vt 15.274541 -6.199304 0.000000
vt 15.962931 -5.400521 0.000000
vt 16.552015 -4.525927 0.000000
vt 17.033522 -3.587799 0.000000
vt 17.400696 -2.599305 0.000000
vt 17.648378 -1.574323 0.000000
vt 17.773096 -0.527242 0.000000
vt 17.773096 0.527242 0.000000
vt 17.648378 1.574323 0.000000
vt 17.400696 2.599305 0.000000
vt 17.033522 3.587799 0.000000
vt 16.552015 4.525927 0.000000
vt 15.962931 5.400521 0.000000
vt 15.274541 6.199304 0.000000
vt 14.496509 6.911062 0.000000
vt 13.639754 7.525805 0.000000
vt 12.716307 8.034901 0.000000
vt 11.739128 8.431205 0.000000
vt 10.721936 8.709153 0.000000
vt 9.679010 8.864843 0.000000
vt 8.624990 8.896091 0.000000
vt 7.574672 8.802458 0.000000
vt 6.542801 8.585257 0.000000
vt 5.543861 8.247538 0.000000
vt 4.591876 7.794041 0.000000
vt 3.700209 7.231133 0.000000
vt 2.881378 6.566716 0.000000
vt 2.146877 5.810117 0.000000
vt 1.507016 4.971956 0.000000
vt 0.970778 4.064000 0.000000
vt 0.545692 3.098994 0.000000
vt 0.237723 2.090486 0.000000
vt 0.051195 1.052631 0.000000
vt -0.020996 0.000000 0.000000
vt -0.020996 -1.053764 0.000000
vt -0.020996 -2.107529 0.000000
vt -0.020996 -3.161293 0.000000
vt -0.020996 -4.215058 0.000000
vt -0.020996 -5.268822 0.000000
vt -0.020996 -6.322587 0.000000
vt -0.020996 -7.376351 0.000000
vt -0.020996 -8.430116 0.000000
vt -0.020996 -9.483880 0.000000
vt -0.020996 -10.537644 0.000000
vt -0.020996 -11.591409 0.000000
vt -0.020996 -12.645173 0.000000
vt -0.020996 -13.698937 0.000000
vt -0.020996 -14.752702 0.000000
vt -0.020996 -15.806466 0.000000
vt -0.020996 -16.860231 0.000000
vt -0.020996 -17.913996 0.000000
vt -0.020996 -18.967760 0.000000
vt -0.020996 -20.021524 0.000000
vt -0.020996 -21.075289 0.000000
vt -0.020996 -22.129053 0.000000
vt -0.020996 -23.182817 0.000000
vt -0.020996 -24.236582 0.000000
vt -0.020996 -25.290346 0.000000
vt -0.020996 -26.344110 0.000000
vt -0.020996 -27.397875 0.000000
vt -0.020996 27.397875 0.000000
vt -0.020996 26.344110 0.000000
vt -0.020996 25.290346 0.000000
vt -0.020996 24.236582 0.000000
vt -0.020996 23.182817 0.000000
vt -0.020996 22.129053 0.000000
vt -0.020996 21.075289 0.000000
vt -0.020996 20.021524 0.000000
vt -0.020996 18.967760 0.000000
vt -0.020996 17.913996 0.000000
vt -0.020996 16.860231 0.000000
vt -0.020996 15.806466 0.000000
vt -0.020996 14.752702 0.000000
vt -0.020996 13.698937 0.000000
vt -0.020996 12.645173 0.000000
vt -0.020996 11.591409 0.000000
vt -0.020996 10.537644 0.000000
vt -0.020996 9.483880 0.000000
vt -0.020996 8.430116 0.000000
vt -0.020996 7.376351 0.000000
vt -0.020996 6.322587 0.000000
vt -0.020996 5.268822 0.000000
vt -0.020996 4.215058 0.000000
vt -0.020996 3.161293 0.000000
vt -0.020996 2.107529 0.000000
vt -0.020996 1.053764 0.000000
vt 0.020996 0.000000 0.000000
vt 0.020996 1.053764 0.000000
vt 0.020996 2.107529 0.000000
vt 0.020996 3.161293 0.000000
vt 0.020996 4.215058 0.000000
vt 0.020996 5.268822 0.000000
vt 0.020996 6.322587 0.000000
vt 0.020996 7.376351 0.000000
vt 0.020996 8.430116 0.000000
vt 0.020996 9.483880 0.000000
vt 0.020996 10.537644 0.000000
vt 0.020996 11.591409 0.000000
vt 0.020996 12.645173 0.000000
vt 0.020996 13.698937 0.000000
vt 0.020996 14.752702 0.000000
vt 0.020996 15.806466 0.000000
vt 0.020996 16.860231 0.000000
vt 0.020996 17.913996 0.000000
vt 0.020996 18.967760 0.000000
vt 0.020996 20.021524 0.000000
vt 0.020996 21.075289 0.000000
vt 0.020996 22.129053 0.000000
vt 0.020996 23.182817 0.000000
vt 0.020996 24.236582 0.000000
vt 0.020996 25.290346 0.000000
vt 0.020996 26.344110 0.000000
vt 0.020996 -28.451639 0.000000
vt 0.020996 -27.397875 0.000000
vt 0.020996 -26.344110 0.000000
vt 0.020996 -25.290346 0.000000
vt 0.020996 -24.236582 0.000000
vt 0.020996 -23.182817 0.000000
vt 0.020996 -22.129053 0.000000
vt 0.020996 -21.075289 0.000000
vt 0.020996 -20.021524 0.000000
vt 0.020996 -18.967760 0.000000
vt 0.020996 -17.913996 0.000000
vt 0.020996 -16.860231 0.000000
vt 0.020996 -15.806466 0.000000
vt 0.020996 -14.752702 0.000000
vt 0.020996 -13.698937 0.000000
vt 0.020996 -12.645173 0.000000
vt 0.020996 -11.591409 0.000000
vt 0.020996 -10.537644 0.000000
vt 0.020996 -9.483880 0.000000
vt 0.020996 -8.430116 0.000000
vt 0.020996 -7.376351 0.000000
vt 0.020996 -6.322587 0.000000
vt 0.020996 -5.268822 0.000000
vt 0.020996 -4.215058 0.000000
vt 0.020996 -3.161293 0.000000
vt 0.020996 -2.107529 0.000000
vt 0.020996 -1.053764 0.000000
vt 0.020996 27.397877 0.000000
vt 0.020996 27.397877 0.000000
vt -0.020996 -28.451641 0.000000
vt -0.020996 -28.451641 0.000000
vt 0.000000 0.000000 0.000000
vt 0.060307 0.342020 0.000000
vt 0.233956 0.642788 0.000000
vt 0.500000 0.866025 0.000000
vt 0.826352 0.984808 0.000000
vt 1.173648 0.984808 0.000000
vt 1.500000 0.866025 0.000000
vt 1.766044 0.642788 0.000000
vt 1.939693 0.342020 0.000000
vt 2.000000 0.000000 0.000000
vt 1.939693 -0.342020 0.000000
vt 1.766044 -0.642788 0.000000
vt 1.500000 -0.866025 0.000000
vt 1.173648 -0.984808 0.000000
vt 0.826352 -0.984808 0.000000
vt 0.500000 -0.866025 0.000000
vt 0.233956 -0.642788 0.000000
vt 0.060307 -0.342020 0.000000
vt -7.888727 0.000000 0.000000
vt -7.826337 -1.051298 0.000000
vt -7.640046 -2.087838 0.000000
vt -7.332467 -3.095069 0.000000
vt -6.907918 -4.058853 0.000000
vt -6.372360 -4.965658 0.000000
vt -5.733310 -5.802757 0.000000
vt -4.999739 -6.558398 0.000000
vt -4.181945 -7.221974 0.000000
vt -3.291408 -7.784168 0.000000
vt -2.340629 -8.237090 0.000000
vt -1.342954 -8.574382 0.000000
vt -0.312390 -8.791307 0.000000
vt 0.736597 -8.884823 0.000000
vt 1.789282 -8.853615 0.000000
vt 2.830888 -8.698121 0.000000
vt 3.846791 -8.420525 0.000000
vt 4.822732 -8.024723 0.000000
vt 5.745010 -7.516272 0.000000
vt 6.600678 -6.902308 0.000000
vt 7.377726 -6.191452 0.000000
vt 8.065244 -5.393681 0.000000
vt 8.653582 -4.520194 0.000000
vt 9.134480 -3.583254 0.000000
vt 9.501186 -2.596013 0.000000
vt 9.748556 -1.572329 0.000000
vt 9.873116 -0.526574 0.000000
vt 9.873116 0.526574 0.000000
vt 9.748556 1.572329 0.000000
vt 9.501186 2.596013 0.000000
vt 9.134480 3.583254 0.000000
vt 8.653582 4.520194 0.000000
vt 8.065244 5.393681 0.000000
vt 7.377726 6.191452 0.000000
vt 6.600678 6.902308 0.000000
vt 5.745010 7.516272 0.000000
vt 4.822732 8.024723 0.000000
vt 3.846791 8.420525 0.000000
vt 2.830888 8.698121 0.000000
vt 1.789282 8.853615 0.000000
vt 0.736597 8.884823 0.000000
vt -0.312390 8.791307 0.000000
vt -1.342954 8.574382 0.000000
vt -2.340629 8.237090 0.000000
vt -3.291408 7.784168 0.000000
vt -4.181945 7.221974 0.000000
vt -4.999739 6.558398 0.000000
vt -5.733310 5.802757 0.000000
vt -6.372360 4.965658 0.000000
vt -6.907918 4.058853 0.000000
vt -7.332467 3.095069 0.000000
vt -7.640046 2.087838 0.000000
vt -7.826337 1.051298 0.000000
vt -0.650000 0.000000 0.000000
vt -0.650000 -0.349066 0.000000
vt -0.650000 -0.698132 0.000000
vt -0.650000 -1.047198 0.000000
vt -0.650000 -1.396263 0.000000
vt -0.650000 -1.745329 0.000000
vt -0.650000 -2.094395 0.000000
vt -0.650000 -2.443461 0.000000
vt -0.650000 -2.792527 0.000000
vt -0.650000 3.141593 0.000000
vt -0.650000 2.792527 0.000000
vt -0.650000 2.443461 0.000000
vt -0.650000 2.094395 0.000000
vt -0.650000 1.745329 0.000000
vt -0.650000 1.396263 0.000000
vt -0.650000 1.047198 0.000000
vt -0.650000 0.698132 0.000000
vt -0.650000 0.349066 0.000000
vt 0.650000 0.000000 0.000000
vt 0.650000 0.349066 0.000000
vt 0.650000 0.698132 0.000000
vt 0.650000 1.047198 0.000000
vt 0.650000 1.396263 0.000000
vt 0.650000 1.745329 0.000000
vt 0.650000 2.094395 0.000000
vt 0.650000 2.443461 0.000000
vt 0.650000 2.792527 0.000000
vt 0.650000 -3.141593 0.000000
vt 0.650000 -2.792527 0.000000
vt 0.650000 -2.443461 0.000000
vt 0.650000 -2.094395 0.000000
vt 0.650000 -1.745329 0.000000
vt 0.650000 -1.396263 0.000000
vt 0.650000 -1.047198 0.000000
vt 0.650000 -0.698132 0.000000
vt 0.650000 -0.349066 0.000000
vt 0.650000 3.141593 0.000000
vt -0.650000 -3.141593 0.000000
vt -1.000000 0.000000 0.000000
vt -0.939693 -0.342020 0.000000
vt -0.766044 -0.642788 0.000000
vt -0.500000 -0.866025 0.000000
vt -0.173648 -0.984808 0.000000
vt 0.173648 -0.984808 0.000000
vt 0.500000 -0.866025 0.000000
vt 0.766044 -0.642788 0.000000
vt 0.939693 -0.342020 0.000000
vt 1.000000 0.000000 0.000000
vt 0.939693 0.342020 0.000000
vt 0.766044 0.642788 0.000000
vt 0.500000 0.866025 0.000000
vt 0.173648 0.984808 0.000000
vt -0.173648 0.984808 0.000000
vt -0.500000 0.866025 0.000000
vt -0.766044 0.642788 0.000000
vt -0.939693 0.342020 0.000000
vt 0.000000 0.000000 0.000000
vt -0.062468 1.052631 0.000000
vt -0.248996 2.090486 0.000000
vt -0.556965 3.098994 0.000000
vt -0.982052 4.064000 0.000000
vt -1.518289 4.971956 0.000000
vt -2.158150 5.810117 0.000000
vt -2.892651 6.566716 0.000000
vt -3.711483 7.231133 0.000000
vt -4.603149 7.794041 0.000000
vt -5.555134 8.247538 0.000000
vt -6.554074 8.585257 0.000000
vt -7.585946 8.802458 0.000000
vt -8.636264 8.896091 0.000000
vt -9.690284 8.864843 0.000000
vt -10.733210 8.709153 0.000000
vt -11.750401 8.431205 0.000000
vt -12.727580 8.034901 0.000000
vt -13.651028 7.525805 0.000000
vt -14.507782 6.911062 0.000000
vt -15.285814 6.199304 0.000000
vt -15.974204 5.400521 0.000000
vt -16.563288 4.525927 0.000000
vt -17.044796 3.587799 0.000000
vt -17.411968 2.599305 0.000000
vt -17.659653 1.574323 0.000000
vt -17.784369 0.527242 0.000000
vt -17.784369 -0.527242 0.000000
vt -17.659653 -1.574323 0.000000
vt -17.411968 -2.599305 0.000000
vt -17.044796 -3.587799 0.000000
vt -16.563288 -4.525927 0.000000
vt -15.974204 -5.400521 0.000000
vt -15.285814 -6.199304 0.000000
vt -14.507782 -6.911062 0.000000
vt -13.651028 -7.525805 0.000000
vt -12.727580 -8.034901 0.000000
vt -11.750401 -8.431205 0.000000
vt -10.733210 -8.709153 0.000000
vt -9.690284 -8.864843 0.000000
vt -8.636264 -8.896091 0.000000
vt -7.585946 -8.802458 0.000000
vt -6.554074 -8.585257 0.000000
vt -5.555134 -8.247538 0.000000
vt -4.603149 -7.794041 0.000000
vt -3.711483 -7.231133 0.000000
vt -2.892651 -6.566716 0.000000
vt -2.158150 -5.810117 0.000000
vt -1.518289 -4.971956 0.000000
vt -0.982052 -4.064000 0.000000
vt -0.556965 -3.098994 0.000000
vt -0.248996 -2.090486 0.000000
vt -0.062468 -1.052631 0.000000
vt -0.000000 28.182320 0.000000
vt -0.000000 27.118835 0.000000
vt -0.000000 26.055353 0.000000
vt -0.000000 24.991867 0.000000
vt -0.000000 23.928383 0.000000
vt -0.000000 22.864901 0.000000
vt -0.000000 21.801416 0.000000
vt -0.000000 20.737932 0.000000
vt -0.000000 19.674448 0.000000
vt -0.000000 18.610966 0.000000
vt -0.000000 17.547482 0.000000
vt -0.000000 16.483999 0.000000
vt -0.000000 15.420514 0.000000
vt -0.000000 14.357030 0.000000
vt -0.000000 13.293547 0.000000
vt -0.000000 12.230062 0.000000
vt -0.000000 11.166579 0.000000
vt -0.000000 10.103095 0.000000
vt -0.000000 9.039612 0.000000
vt -0.000000 7.976128 0.000000
vt -0.000000 6.912644 0.000000
vt -0.000000 5.849161 0.000000
vt -0.000000 4.785677 0.000000
vt -0.000000 3.722193 0.000000
vt -0.000000 2.658710 0.000000
vt -0.000000 1.595226 0.000000
vt -0.000000 0.531742 0.000000
vt -0.000000 -0.531742 0.000000
vt -0.000000 -1.595226 0.000000
vt -0.000000 -2.658710 0.000000
vt -0.000000 -3.722193 0.000000
vt -0.000000 -4.785677 0.000000
vt -0.000000 -5.849161 0.000000
vt -0.000000 -6.912644 0.000000
vt -0.000000 -7.976128 0.000000
vt -0.000000 -9.039612 0.000000
vt -0.000000 -10.103095 0.000000
vt -0.000000 -11.166579 0.000000
vt -0.000000 -12.230062 0.000000
vt -0.000000 -13.293547 0.000000
vt -0.000000 -14.357030 0.000000
vt -0.000000 -15.420514 0.000000
vt -0.000000 -16.483999 0.000000
vt -0.000000 -17.547482 0.000000
vt -0.000000 -18.610966 0.000000
vt -0.000000 -19.674448 0.000000
vt -0.000000 -20.737932 0.000000
vt -0.000000 -21.801416 0.000000
vt -0.000000 -22.864901 0.000000
vt -0.000000 -23.928383 0.000000
vt -0.000000 -24.991867 0.000000
vt -0.000000 -26.055353 0.000000
vt -0.000000 -27.118835 0.000000
vt 0.157080 -28.182320 0.000000
vt 0.157080 -27.118835 0.000000
vt 0.157080 -26.055353 0.000000
vt 0.157080 -24.991867 0.000000
vt 0.157080 -23.928383 0.000000
vt 0.157080 -22.864901 0.000000
vt 0.157080 -21.801416 0.000000
vt 0.157080 -20.737932 0.000000
vt 0.157080 -19.674448 0.000000
vt 0.157080 -18.610966 0.000000
vt 0.157080 -17.547482 0.000000
vt 0.157080 -16.483999 0.000000
vt 0.157080 -15.420514 0.000000
vt 0.157080 -14.357030 0.000000
vt 0.157080 -13.293547 0.000000
vt 0.157080 -12.230062 0.000000
vt 0.157080 -11.166579 0.000000
vt 0.157080 -10.103095 0.000000
vt 0.157080 -9.039612 0.000000
vt 0.157080 -7.976128 0.000000
vt 0.157080 -6.912644 0.000000
vt 0.157080 -5.849161 0.000000
vt 0.157080 -4.785677 0.000000
vt 0.157080 -3.722193 0.000000
vt 0.157080 -2.658710 0.000000
vt 0.157080 -1.595226 0.000000
vt 0.157080 -0.531742 0.000000
vt 0.157080 0.531742 0.000000
vt 0.157080 1.595226 0.000000
vt 0.157080 2.658710 0.000000
vt 0.157080 3.722193 0.000000
vt 0.157080 4.785677 0.000000
vt 0.157080 5.849161 0.000000
vt 0.157080 6.912644 0.000000
vt 0.157080 7.976128 0.000000
vt 0.157080 9.039612 0.000000
vt 0.157080 10.103095 0.000000
vt 0.157080 11.166579 0.000000
vt 0.157080 12.230062 0.000000
vt 0.157080 13.293547 0.000000
vt 0.157080 14.357030 0.000000
vt 0.157080 15.420514 0.000000
vt 0.157080 16.483999 0.000000
vt 0.157080 17.547482 0.000000
vt 0.157080 18.610966 0.000000
vt 0.157080 19.674448 0.000000
vt 0.157080 20.737932 0.000000
vt 0.157080 21.801416 0.000000
vt 0.157080 22.864901 0.000000
vt 0.157080 23.928383 0.000000
vt 0.157080 24.991867 0.000000
vt 0.157080 26.055353 0.000000
vt 0.157080 27.118835 0.000000
vt 0.052360 -28.182320 0.000000
vt 0.104720 -28.182320 0.000000
vt 0.052360 27.118835 0.000000
vt 0.104720 27.118835 0.000000
vt 0.052360 26.055353 0.000000
vt 0.104720 26.055353 0.000000
vt 0.052360 24.991867 0.000000
vt 0.104720 24.991867 0.000000
vt 0.052360 23.928383 0.000000
vt 0.104720 23.928383 0.000000
vt 0.052360 22.864901 0.000000
vt 0.104720 22.864901 0.000000
vt 0.052360 21.801416 0.000000
vt 0.104720 21.801416 0.000000
vt 0.052360 20.737932 0.000000
vt 0.104720 20.737932 0.000000
vt 0.052360 19.674448 0.000000
vt 0.104720 19.674448 0.000000
vt 0.052360 18.610966 0.000000
vt 0.104720 18.610966 0.000000
vt 0.052360 17.547482 0.000000
vt 0.104720 17.547482 0.000000
vt 0.052360 16.483999 0.000000
vt 0.104720 16.483999 0.000000
vt 0.052360 15.420514 0.000000
vt 0.104720 15.420514 0.000000
vt 0.052360 14.357030 0.000000
vt 0.104720 14.357030 0.000000
vt 0.052360 13.293547 0.000000
vt 0.104720 13.293547 0.000000
vt 0.052360 12.230062 0.000000
vt 0.104720 12.230062 0.000000
vt 0.052360 11.166579 0.000000
vt 0.104720 11.166579 0.000000
vt 0.052360 10.103095 0.000000
vt 0.104720 10.103095 0.000000
vt 0.052360 9.039612 0.000000
vt 0.104720 9.039612 0.000000
vt 0.052360 7.976128 0.000000
vt 0.104720 7.976128 0.000000
vt 0.052360 6.912644 0.000000
vt 0.104720 6.912644 0.000000
vt 0.052360 5.849161 0.000000
vt 0.104720 5.849161 0.000000
vt 0.052360 4.785677 0.000000
vt 0.104720 4.785677 0.000000
vt 0.052360 3.722193 0.000000
vt 0.104720 3.722193 0.000000
vt 0.052360 2.658710 0.000000
vt 0.104720 2.658710 0.000000
vt 0.052360 1.595226 0.000000
vt 0.104720 1.595226 0.000000
vt 0.052360 0.531742 0.000000
vt 0.104720 0.531742 0.000000
vt 0.052360 -0.531742 0.000000
vt 0.104720 -0.531742 0.000000
vt 0.052360 -1.595226 0.000000
vt 0.104720 -1.595226 0.000000
vt 0.052360 -2.658710 0.000000
vt 0.104720 -2.658710 0.000000
vt 0.052360 -3.722193 0.000000
vt 0.104720 -3.722193 0.000000
vt 0.052360 -4.785677 0.000000
vt 0.104720 -4.785677 0.000000
vt 0.052360 -5.849161 0.000000
vt 0.104720 -5.849161 0.000000
vt 0.052360 -6.912644 0.000000
vt 0.104720 -6.912644 0.000000
vt 0.052360 -7.976128 0.000000
vt 0.104720 -7.976128 0.000000
vt 0.052360 -9.039612 0.000000
vt 0.104720 -9.039612 0.000000
vt 0.052360 -10.103095 0.000000
vt 0.104720 -10.103095 0.000000
vt 0.052360 -11.166579 0.000000
vt 0.104720 -11.166579 0.000000
vt 0.052360 -12.230062 0.000000
vt 0.104720 -12.230062 0.000000
vt 0.052360 -13.293547 0.000000
vt 0.104720 -13.293547 0.000000
vt 0.052360 -14.357030 0.000000
vt 0.104720 -14.357030 0.000000
vt 0.052360 -15.420514 0.000000
vt 0.104720 -15.420514 0.000000
vt 0.052360 -16.483999 0.000000
vt 0.104720 -16.483999 0.000000
vt 0.052360 -17.547482 0.000000
vt 0.104720 -17.547482 0.000000
vt 0.052360 -18.610966 0.000000
vt 0.104720 -18.610966 0.000000
vt 0.052360 -19.674448 0.000000
vt 0.104720 -19.674448 0.000000
vt 0.052360 -20.737932 0.000000
vt 0.104720 -20.737932 0.000000
vt 0.052360 -21.801416 0.000000
vt 0.104720 -21.801416 0.000000
vt 0.052360 -22.864901 0.000000
vt 0.104720 -22.864901 0.000000
vt 0.052360 -23.928383 0.000000
vt 0.104720 -23.928383 0.000000
vt 0.052360 -24.991867 0.000000
vt 0.104720 -24.991867 0.000000
vt 0.052360 -26.055353 0.000000
vt 0.104720 -26.055353 0.000000
vt 0.052360 -27.118835 0.000000
vt 0.104720 -27.118835 0.000000
vt 0.052360 28.182320 0.000000
vt -0.000000 -28.182320 0.000000
vt 0.157080 -29.245804 0.000000
vt 0.104720 28.182320 0.000000
vt 0.052360 28.182320 0.000000
vt 0.104720 -29.245804 0.000000
vn 0.000000 0.000000 -0.100000
vn 0.011827 0.000000 -0.099298
vn 0.023489 0.000000 -0.097202
vn 0.034820 0.000000 -0.093742
vn 0.045663 0.000000 -0.088966
vn 0.055865 0.000000 -0.082941
vn 0.065282 0.000000 -0.075751
vn 0.073783 0.000000 -0.067498
vn 0.081249 0.000000 -0.058298
vn 0.087573 0.000000 -0.048279
vn 0.092669 0.000000 -0.037583
vn 0.096464 0.000000 -0.026359
vn 0.098904 0.000000 -0.014765
vn 0.099956 0.000000 -0.002963
vn 0.099605 0.000000 0.008880
vn 0.097856 0.000000 0.020598
vn 0.094733 0.000000 0.032027
vn 0.090280 0.000000 0.043007
vn 0.084560 0.000000 0.053382
vn 0.077652 0.000000 0.063009
vn 0.069655 0.000000 0.071751
vn 0.060680 0.000000 0.079485
vn 0.050853 0.000000 0.086104
vn 0.040312 0.000000 0.091515
vn 0.029206 0.000000 0.095640
vn 0.017689 0.000000 0.098423
vn 0.005924 0.000000 0.099824
vn -0.005924 0.000000 0.099824
vn -0.017689 0.000000 0.098423
vn -0.029206 0.000000 0.095640
vn -0.040312 0.000000 0.091515
vn -0.050853 0.000000 0.086104
vn -0.060680 0.000000 0.079485
vn -0.069655 0.000000 0.071751
vn -0.077652 0.000000 0.063009
vn -0.084560 0.000000 0.053382
vn -0.090280 0.000000 0.043007
vn -0.094733 0.000000 0.032027
vn -0.097856 0.000000 0.020598
vn -0.099605 0.000000 0.008880
vn -0.099956 0.000000 -0.002963
vn -0.098904 0.000000 -0.014765
vn -0.096464 0.000000 -0.026359
vn -0.092669 0.000000 -0.037583
vn -0.087573 0.000000 -0.048279
vn -0.081249 0.000000 -0.058298
vn -0.073783 0.000000 -0.067498
vn -0.065282 0.000000 -0.075751
vn -0.055865 0.000000 -0.082941
vn -0.045663 0.000000 -0.088966
vn -0.034820 0.000000 -0.093742
vn -0.023489 0.000000 -0.097202
vn -0.011827 0.000000 -0.099298
vn 0.000000 0.000000 -0.100000
vn -0.011827 0.000000 -0.099298
vn -0.023489 0.000000 -0.097202
vn -0.034820 0.000000 -0.093742
vn -0.045663 0.000000 -0.088966
vn -0.055865 0.000000 -0.082941
vn -0.065282 0.000000 -0.075751
vn -0.073783 0.000000 -0.067498
vn -0.081249 0.000000 -0.058298
vn -0.087573 0.000000 -0.048279
vn -0.092669 0.000000 -0.037583
vn -0.096464 0.000000 -0.026359
vn -0.098904 0.000000 -0.014765
vn -0.099956 0.000000 -0.002963
vn -0.099605 0.000000 0.008880
vn -0.097856 0.000000 0.020598
vn -0.094733 0.000000 0.032027
vn -0.090280 0.000000 0.043007
vn -0.084560 0.000000 0.053382
vn -0.077652 0.000000 0.063009
vn -0.069655 0.000000 0.071751
vn -0.060680 0.000000 0.079485
vn -0.050853 0.000000 0.086104
vn -0.040312 0.000000 0.091515
vn -0.029206 0.000000 0.095640
vn -0.017689 0.000000 0.098423
vn -0.005924 0.000000 0.099824
vn 0.005924 0.000000 0.099824
vn 0.017689 0.000000 0.098423
vn 0.029206 0.000000 0.095640
vn 0.040312 0.000000 0.091515
vn 0.050853 0.000000 0.086104
vn 0.060680 0.000000 0.079485
vn 0.069655 0.000000 0.071751
vn 0.077652 0.000000 0.063009
vn 0.084560 0.000000 0.053382
vn 0.090280 0.000000 0.043007
vn 0.094733 0.000000 0.032027
vn 0.097856 0.000000 0.020598
vn 0.099605 0.000000 0.008880
vn 0.099956 0.000000 -0.002963
vn 0.098904 0.000000 -0.014765
vn 0.096464 0.000000 -0.026359
vn 0.092669 0.000000 -0.037583
vn 0.087573 0.000000 -0.048279
vn 0.081249 0.000000 -0.058298
vn 0.073783 0.000000 -0.067498
vn 0.065282 0.000000 -0.075751
vn 0.055865 0.000000 -0.082941
vn 0.045663 0.000000 -0.088966
vn 0.034820 0.000000 -0.093742
vn 0.023489 0.000000 -0.097202
vn 0.011827 0.000000 -0.099298
vn -0.005924 0.000000 0.099824
vn -0.005924 0.000000 0.099824
vn -0.005924 0.000000 0.099824
vn -0.005924 0.000000 0.099824
vn 0.000000 0.100000 0.000000
vn 0.000000 0.100000 0.000000
vn 0.000000 0.100000 0.000000
vn 0.000000 0.100000 0.000000
vn 0.000000 0.100000 0.000000
vn 0.000000 0.100000 0.000000
vn 0.000000 0.100000 0.000000
vn 0.000000 0.100000 0.000000
vn 0.000000 0.100000 0.000000
vn 0.000000 0.100000 0.000000
vn 0.000000 0.100000 0.000000
vn 0.000000 0.100000 0.000000
vn 0.000000 0.100000 0.000000
vn 0.000000 0.100000 0.000000
vn 0.000000 0.100000 0.000000
vn 0.000000 0.100000 0.000000
vn 0.000000 0.100000 0.000000
vn 0.000000 0.100000 0.000000
vn 0.000000 0.100000 0.000000
vn 0.000000 0.100000 0.000000
vn 0.000000 0.100000 0.000000
vn 0.000000 0.100000 0.000000
vn 0.000000 0.100000 0.000000
vn 0.000000 0.100000 0.000000
vn 0.000000 0.100000 0.000000
vn 0.000000 0.100000 0.000000
vn 0.000000 0.100000 0.000000
vn 0.000000 0.100000 0.000000
vn 0.000000 0.100000 0.000000
vn 0.000000 0.100000 0.000000
vn 0.000000 0.100000 0.000000
vn 0.000000 0.100000 0.000000
vn 0.000000 0.100000 0.000000
vn 0.000000 0.100000 0.000000
vn 0.000000 0.100000 0.000000
vn 0.000000 0.100000 0.000000
vn 0.000000 0.100000 0.000000
vn 0.000000 0.100000 0.000000
vn 0.000000 0.100000 0.000000
vn 0.000000 0.100000 0.000000
vn 0.000000 0.100000 0.000000
vn 0.000000 0.100000 0.000000
vn 0.000000 0.100000 0.000000
vn 0.000000 0.100000 0.000000
vn 0.000000 0.100000 0.000000
vn 0.000000 0.100000 0.000000
vn 0.000000 0.100000 0.000000
vn 0.000000 0.100000 0.000000
vn 0.000000 0.100000 0.000000
vn 0.000000 0.100000 0.000000
vn 0.000000 0.100000 0.000000
vn 0.000000 0.100000 0.000000
vn 0.000000 0.100000 0.000000
vn 0.000000 0.000000 -0.100000
vn -0.011827 0.000000 -0.099298
vn -0.023489 0.000000 -0.097202
vn -0.034820 0.000000 -0.093742
vn -0.045663 0.000000 -0.088966
vn -0.055865 0.000000 -0.082941
vn -0.065282 0.000000 -0.075751
vn -0.073783 0.000000 -0.067498
vn -0.081249 0.000000 -0.058298
vn -0.087573 0.000000 -0.048279
vn -0.092669 0.000000 -0.037583
vn -0.096464 0.000000 -0.026359
vn -0.098904 0.000000 -0.014765
vn -0.099956 0.000000 -0.002963
vn -0.099605 0.000000 0.008880
vn -0.097856 0.000000 0.020598
vn -0.094733 0.000000 0.032027
vn -0.090280 0.000000 0.043007
vn -0.084560 0.000000 0.053382
vn -0.077652 0.000000 0.063009
vn -0.069655 0.000000 0.071751
vn -0.060680 0.000000 0.079485
vn -0.050853 0.000000 0.086104
vn -0.040312 0.000000 0.091515
vn -0.029206 0.000000 0.095640
vn -0.017689 0.000000 0.098423
vn -0.005924 0.000000 0.099824
vn 0.005924 0.000000 0.099824
vn 0.017689 0.000000 0.098423
vn 0.029206 0.000000 0.095640
vn 0.040312 0.000000 0.091515
vn 0.050853 0.000000 0.086104
vn 0.060680 0.000000 0.079485
vn 0.069655 0.000000 0.071751
vn 0.077652 0.000000 0.063009
vn 0.084560 0.000000 0.053382
vn 0.090280 0.000000 0.043007
vn 0.094733 0.000000 0.032027
vn 0.097856 0.000000 0.020598
vn 0.099605 0.000000 0.008880
vn 0.099956 0.000000 -0.002963
vn 0.098904 0.000000 -0.014765
vn 0.096464 0.000000 -0.026359
vn 0.092669 0.000000 -0.037583
vn 0.087573 0.000000 -0.048279
vn 0.081249 0.000000 -0.058298
vn 0.073783 0.000000 -0.067498
vn 0.065282 0.000000 -0.075751
vn 0.055865 0.000000 -0.082941
vn 0.045663 0.000000 -0.088966
vn 0.034820 0.000000 -0.093742
vn 0.023489 0.000000 -0.097202
vn 0.011827 0.000000 -0.099298
vn 0.000000 0.086603 -0.050000
vn 0.000000 0.050000 -0.086603
vn 0.005914 0.086603 -0.049649
vn 0.010243 0.050000 -0.085995
vn 0.011744 0.086603 -0.048601
vn 0.020342 0.050000 -0.084180
vn 0.017410 0.086603 -0.046871
vn 0.030155 0.050000 -0.081183
vn 0.022831 0.086603 -0.044483
vn 0.039545 0.050000 -0.077047
vn 0.027932 0.086603 -0.041470
vn 0.048380 0.050000 -0.071829
vn 0.032641 0.086603 -0.037876
vn 0.056536 0.050000 -0.065602
vn 0.036892 0.086603 -0.033749
vn 0.063898 0.050000 -0.058455
vn 0.040624 0.086603 -0.029149
vn 0.070363 0.050000 -0.050488
vn 0.043787 0.086603 -0.024140
vn 0.075841 0.050000 -0.041811
vn 0.046334 0.086603 -0.018791
vn 0.080254 0.050000 -0.032548
vn 0.048232 0.086603 -0.013179
vn 0.083540 0.050000 -0.022827
vn 0.049452 0.086603 -0.007382
vn 0.085653 0.050000 -0.012787
vn 0.049978 0.086603 -0.001482
vn 0.086565 0.050000 -0.002566
vn 0.049802 0.086603 0.004440
vn 0.086260 0.050000 0.007690
vn 0.048928 0.086603 0.010299
vn 0.084745 0.050000 0.017838
vn 0.047366 0.086603 0.016013
vn 0.082041 0.050000 0.027736
vn 0.045140 0.086603 0.021503
vn 0.078185 0.050000 0.037245
vn 0.042280 0.086603 0.026691
vn 0.073231 0.050000 0.046230
vn 0.038826 0.086603 0.031504
vn 0.067249 0.050000 0.054567
vn 0.034828 0.086603 0.035875
vn 0.060323 0.050000 0.062138
vn 0.030340 0.086603 0.039743
vn 0.052550 0.050000 0.068836
vn 0.025427 0.086603 0.043052
vn 0.044040 0.050000 0.074569
vn 0.020156 0.086603 0.045757
vn 0.034912 0.050000 0.079254
vn 0.014603 0.086603 0.047820
vn 0.025293 0.050000 0.082827
vn 0.008845 0.086603 0.049212
vn 0.015319 0.050000 0.085237
vn 0.002962 0.086603 0.049912
vn 0.005130 0.050000 0.086450
vn -0.002962 0.086603 0.049912
vn -0.005130 0.050000 0.086450
vn -0.008845 0.086603 0.049212
vn -0.015319 0.050000 0.085237
vn -0.014603 0.086603 0.047820
vn -0.025293 0.050000 0.082827
vn -0.020156 0.086603 0.045757
vn -0.034912 0.050000 0.079254
vn -0.025427 0.086603 0.043052
vn -0.044040 0.050000 0.074569
vn -0.030340 0.086603 0.039743
vn -0.052550 0.050000 0.068836
vn -0.034828 0.086603 0.035875
vn -0.060323 0.050000 0.062138
vn -0.038826 0.086603 0.031504
vn -0.067249 0.050000 0.054567
vn -0.042280 0.086603 0.026691
vn -0.073231 0.050000 0.046230
vn -0.045140 0.086603 0.021503
vn -0.078185 0.050000 0.037245
vn -0.047366 0.086603 0.016013
vn -0.082041 0.050000 0.027736
vn -0.048928 0.086603 0.010299
vn -0.084745 0.050000 0.017838
vn -0.049802 0.086603 0.004440
vn -0.086260 0.050000 0.007690
vn -0.049978 0.086603 -0.001482
vn -0.086565 0.050000 -0.002566
vn -0.049452 0.086603 -0.007382
vn -0.085653 0.050000 -0.012787
vn -0.048232 0.086603 -0.013179
vn -0.083540 0.050000 -0.022827
vn -0.046334 0.086603 -0.018791
vn -0.080254 0.050000 -0.032548
vn -0.043787 0.086603 -0.024140
vn -0.075841 0.050000 -0.041811
vn -0.040624 0.086603 -0.029149
vn -0.070363 0.050000 -0.050488
vn -0.036892 0.086603 -0.033749
vn -0.063898 0.050000 -0.058455
vn -0.032641 0.086603 -0.037876
vn -0.056536 0.050000 -0.065602
vn -0.027932 0.086603 -0.041470
vn -0.048380 0.050000 -0.071829
vn -0.022831 0.086603 -0.044483
vn -0.039545 0.050000 -0.077047
vn -0.017410 0.086603 -0.046871
vn -0.030155 0.050000 -0.081183
vn -0.011744 0.086603 -0.048601
vn -0.020342 0.050000 -0.084180
vn -0.005914 0.086603 -0.049649
vn -0.010243 0.050000 -0.085995
vn 0.000000 0.086603 -0.050000
vn 0.000000 0.100000 0.000000
vn 0.011827 0.000000 -0.099298
vn 0.000000 0.050000 -0.086603
vn 0.000000 0.086603 -0.050000
vn 0.010243 0.050000 -0.085995
vn 0.000000 0.000000 0.100000
vn -0.011827 0.000000 0.099298
vn -0.023489 0.000000 0.097202
vn -0.034820 0.000000 0.093742
vn -0.045663 0.000000 0.088966
vn -0.055865 0.000000 0.082941
vn -0.065282 0.000000 0.075751
vn -0.073783 0.000000 0.067498
vn -0.081249 0.000000 0.058298
vn -0.087573 0.000000 0.048279
vn -0.092669 0.000000 0.037583
vn -0.096464 0.000000 0.026359
vn -0.098904 0.000000 0.014765
vn -0.099956 0.000000 0.002963
vn -0.099605 0.000000 -0.008880
vn -0.097856 0.000000 -0.020598
vn -0.094733 0.000000 -0.032027
vn -0.090280 0.000000 -0.043007
vn -0.084560 0.000000 -0.053382
vn -0.077652 0.000000 -0.063009
vn -0.069655 0.000000 -0.071751
vn -0.060680 0.000000 -0.079485
vn -0.050853 0.000000 -0.086104
vn -0.040312 0.000000 -0.091515
vn -0.029206 0.000000 -0.095640
vn -0.017689 0.000000 -0.098423
vn -0.005924 0.000000 -0.099824
vn 0.005924 0.000000 -0.099824
vn 0.017689 0.000000 -0.098423
vn 0.029206 0.000000 -0.095640
vn 0.040312 0.000000 -0.091515
vn 0.050853 0.000000 -0.086104
vn 0.060680 0.000000 -0.079485
vn 0.069655 0.000000 -0.071751
vn 0.077652 0.000000 -0.063009
vn 0.084560 0.000000 -0.053382
vn 0.090280 0.000000 -0.043007
vn 0.094733 0.000000 -0.032027
vn 0.097856 0.000000 -0.020598
vn 0.099605 0.000000 -0.008880
vn 0.099956 0.000000 0.002963
vn 0.098904 0.000000 0.014765
vn 0.096464 0.000000 0.026359
vn 0.092669 0.000000 0.037583
vn 0.087573 0.000000 0.048279
vn 0.081249 0.000000 0.058298
vn 0.073783 0.000000 0.067498
vn 0.065282 0.000000 0.075751
vn 0.055865 0.000000 0.082941
vn 0.045663 0.000000 0.088966
vn 0.034820 0.000000 0.093742
vn 0.023489 0.000000 0.097202
vn 0.011827 0.000000 0.099298
vn 0.000000 0.000000 0.100000
vn 0.011827 0.000000 0.099298
vn 0.023489 0.000000 0.097202
vn 0.034820 0.000000 0.093742
vn 0.045663 0.000000 0.088966
vn 0.055865 0.000000 0.082941
vn 0.065282 0.000000 0.075751
vn 0.073783 0.000000 0.067498
vn 0.081249 0.000000 0.058298
vn 0.087573 0.000000 0.048279
vn 0.092669 0.000000 0.037583
vn 0.096464 0.000000 0.026359
vn 0.098904 0.000000 0.014765
vn 0.099956 0.000000 0.002963
vn 0.099605 0.000000 -0.008880
vn 0.097856 0.000000 -0.020598
vn 0.094733 0.000000 -0.032027
vn 0.090280 0.000000 -0.043007
vn 0.084560 0.000000 -0.053382
vn 0.077652 0.000000 -0.063009
vn 0.069655 0.000000 -0.071751
vn 0.060680 0.000000 -0.079485
vn 0.050853 0.000000 -0.086104
vn 0.040312 0.000000 -0.091515
vn 0.029206 0.000000 -0.095640
vn 0.017689 0.000000 -0.098423
vn 0.005924 0.000000 -0.099824
vn -0.005924 0.000000 -0.099824
vn -0.017689 0.000000 -0.098423
vn -0.029206 0.000000 -0.095640
vn -0.040312 0.000000 -0.091515
vn -0.050853 0.000000 -0.086104
vn -0.060680 0.000000 -0.079485
vn -0.069655 0.000000 -0.071751
vn -0.077652 0.000000 -0.063009
vn -0.084560 0.000000 -0.053382
vn -0.090280 0.000000 -0.043007
vn -0.094733 0.000000 -0.032027
vn -0.097856 0.000000 -0.020598
vn -0.099605 0.000000 -0.008880
vn -0.099956 0.000000 0.002963
vn -0.098904 0.000000 0.014765
vn -0.096464 0.000000 0.026359
vn -0.092669 0.000000 0.037583
vn -0.087573 0.000000 0.048279
vn -0.081249 0.000000 0.058298
vn -0.073783 0.000000 0.067498
vn -0.065282 0.000000 0.075751
vn -0.055865 0.000000 0.082941
vn -0.045663 0.000000 0.088966
vn -0.034820 0.000000 0.093742
vn -0.023489 0.000000 0.097202
vn -0.011827 0.000000 0.099298
vn 0.005924 0.000000 -0.099824
vn 0.005924 0.000000 -0.099824
vn 0.005924 0.000000 -0.099824
vn 0.005924 0.000000 -0.099824
vn 0.000000 0.100000 0.000000
vn 0.000000 0.100000 0.000000
vn 0.000000 0.100000 0.000000
vn 0.000000 0.100000 0.000000
vn 0.000000 0.100000 0.000000
vn 0.000000 0.100000 0.000000
vn 0.000000 0.100000 0.000000
vn 0.000000 0.100000 0.000000
vn 0.000000 0.100000 0.000000
vn 0.000000 0.100000 0.000000
vn 0.000000 0.100000 0.000000
vn 0.000000 0.100000 0.000000
vn 0.000000 0.100000 0.000000
vn 0.000000 0.100000 0.000000
vn 0.000000 0.100000 0.000000
vn 0.000000 0.100000 0.000000
vn 0.000000 0.100000 0.000000
vn 0.000000 0.100000 0.000000
vn 0.000000 0.100000 0.000000
vn 0.000000 0.100000 0.000000
vn 0.000000 0.100000 0.000000
vn 0.000000 0.100000 0.000000
vn 0.000000 0.100000 0.000000
vn 0.000000 0.100000 0.000000
vn 0.000000 0.100000 0.000000
vn 0.000000 0.100000 0.000000
vn 0.000000 0.100000 0.000000
vn 0.000000 0.100000 0.000000
vn 0.000000 0.100000 0.000000
vn 0.000000 0.100000 0.000000
vn 0.000000 0.100000 0.000000
vn 0.000000 0.100000 0.000000
vn 0.000000 0.100000 0.000000
vn 0.000000 0.100000 0.000000
vn 0.000000 0.100000 0.000000
vn 0.000000 0.100000 0.000000
vn 0.000000 0.100000 0.000000
vn 0.000000 0.100000 0.000000
vn 0.000000 0.100000 0.000000
vn 0.000000 0.100000 0.000000
vn 0.000000 0.100000 0.000000
vn 0.000000 0.100000 0.000000
vn 0.000000 0.100000 0.000000
vn 0.000000 0.100000 0.000000
vn 0.000000 0.100000 0.000000
vn 0.000000 0.100000 0.000000
vn 0.000000 0.100000 0.000000
vn 0.000000 0.100000 0.000000
vn 0.000000 0.100000 0.000000
vn 0.000000 0.100000 0.000000
vn 0.000000 0.100000 0.000000
vn 0.000000 0.100000 0.000000
vn 0.000000 0.100000 0.000000
vn 0.000000 0.100000 0.000000
vn 0.000000 0.100000 0.000000
vn 0.000000 0.100000 0.000000
vn 0.000000 0.100000 0.000000
vn 0.000000 0.100000 0.000000
vn 0.000000 0.100000 0.000000
vn 0.000000 0.100000 0.000000
vn 0.000000 0.100000 0.000000
vn 0.000000 0.100000 0.000000
vn 0.000000 0.100000 0.000000
vn 0.000000 0.100000 0.000000
vn 0.000000 0.100000 0.000000
vn 0.000000 0.100000 0.000000
vn 0.000000 0.100000 0.000000
vn 0.000000 0.100000 0.000000
vn 0.000000 0.100000 0.000000
vn 0.000000 0.100000 0.000000
vn 0.000000 0.100000 0.000000
vn 0.000000 0.100000 0.000000
vn 0.000000 0.100000 0.000000
vn 0.000000 0.100000 0.000000
vn 0.000000 0.100000 0.000000
vn 0.000000 0.100000 0.000000
vn 0.000000 0.100000 0.000000
vn 0.000000 0.100000 0.000000
vn 0.000000 0.100000 0.000000
vn 0.000000 0.100000 0.000000
vn 0.000000 0.100000 0.000000
vn 0.000000 0.100000 0.000000
vn 0.000000 0.100000 0.000000
vn 0.000000 0.100000 0.000000
vn 0.000000 0.100000 0.000000
vn 0.000000 0.100000 0.000000
vn 0.000000 0.100000 0.000000
vn 0.000000 0.100000 0.000000
vn 0.000000 0.100000 0.000000
vn 0.000000 0.100000 0.000000
vn 0.000000 0.100000 0.000000
vn 0.000000 0.100000 0.000000
vn 0.000000 0.100000 0.000000
vn 0.000000 0.100000 0.000000
vn 0.000000 0.100000 0.000000
vn 0.000000 0.100000 0.000000
vn 0.000000 0.100000 0.000000
vn 0.000000 0.100000 0.000000
vn 0.000000 0.100000 0.000000
vn 0.000000 0.100000 0.000000
vn 0.000000 0.100000 0.000000
vn 0.000000 0.100000 0.000000
vn 0.000000 0.100000 0.000000
vn 0.000000 0.100000 0.000000
vn 0.000000 0.100000 0.000000
vn 0.000000 0.100000 0.000000
vn 0.000000 0.000000 -0.100000
vn 0.011827 0.000000 -0.099298
vn 0.023489 0.000000 -0.097202
vn 0.034820 0.000000 -0.093742
vn 0.045663 0.000000 -0.088966
vn 0.055865 0.000000 -0.082941
vn 0.065282 0.000000 -0.075751
vn 0.073783 0.000000 -0.067498
vn 0.081249 0.000000 -0.058298
vn 0.087573 0.000000 -0.048279
vn 0.092669 0.000000 -0.037583
vn 0.096464 0.000000 -0.026359
vn 0.098904 0.000000 -0.014765
vn 0.099956 0.000000 -0.002963
vn 0.099605 0.000000 0.008880
vn 0.097856 0.000000 0.020598
vn 0.094733 0.000000 0.032027
vn 0.090280 0.000000 0.043007
vn 0.084560 0.000000 0.053382
vn 0.077652 0.000000 0.063009
vn 0.069655 0.000000 0.071751
vn 0.060680 0.000000 0.079485
vn 0.050853 0.000000 0.086104
vn 0.040312 0.000000 0.091515
vn 0.029206 0.000000 0.095640
vn 0.017689 0.000000 0.098423
vn 0.005924 0.000000 0.099824
vn -0.005924 0.000000 0.099824
vn -0.017689 0.000000 0.098423
vn -0.029206 0.000000 0.095640
vn -0.040312 0.000000 0.091515
vn -0.050853 0.000000 0.086104
vn -0.060680 0.000000 0.079485
vn -0.069655 0.000000 0.071751
vn -0.077652 0.000000 0.063009
vn -0.084560 0.000000 0.053382
vn -0.090280 0.000000 0.043007
vn -0.094733 0.000000 0.032027
vn -0.097856 0.000000 0.020598
vn -0.099605 0.000000 0.008880
vn -0.099956 0.000000 -0.002963
vn -0.098904 0.000000 -0.014765
vn -0.096464 0.000000 -0.026359
vn -0.092669 0.000000 -0.037583
vn -0.087573 0.000000 -0.048279
vn -0.081249 0.000000 -0.058298
vn -0.073783 0.000000 -0.067498
vn -0.065282 0.000000 -0.075751
vn -0.055865 0.000000 -0.082941
vn -0.045663 0.000000 -0.088966
vn -0.034820 0.000000 -0.093742
vn -0.023489 0.000000 -0.097202
vn -0.011827 0.000000 -0.099298
vn 0.000000 0.000000 -0.100000
vn -0.011827 0.000000 -0.099298
vn -0.023489 0.000000 -0.097202
vn -0.034820 0.000000 -0.093742
vn -0.045663 0.000000 -0.088966
vn -0.055865 0.000000 -0.082941
vn -0.065282 0.000000 -0.075751
vn -0.073783 0.000000 -0.067498
vn -0.081249 0.000000 -0.058298
vn -0.087573 0.000000 -0.048279
vn -0.092669 0.000000 -0.037583
vn -0.096464 0.000000 -0.026359
vn -0.098904 0.000000 -0.014765
vn -0.099956 0.000000 -0.002963
vn -0.099605 0.000000 0.008880
vn -0.097856 0.000000 0.020598
vn -0.094733 0.000000 0.032027
vn -0.090280 0.000000 0.043007
vn -0.084560 0.000000 0.053382
vn -0.077652 0.000000 0.063009
vn -0.069655 0.000000 0.071751
vn -0.060680 0.000000 0.079485
vn -0.050853 0.000000 0.086104
vn -0.040312 0.000000 0.091515
vn -0.029206 0.000000 0.095640
vn -0.017689 0.000000 0.098423
vn -0.005924 0.000000 0.099824
vn 0.005924 0.000000 0.099824
vn 0.017689 0.000000 0.098423
vn 0.029206 0.000000 0.095640
vn 0.040312 0.000000 0.091515
vn 0.050853 0.000000 0.086104
vn 0.060680 0.000000 0.079485
vn 0.069655 0.000000 0.071751
vn 0.077652 0.000000 0.063009
vn 0.084560 0.000000 0.053382
vn 0.090280 0.000000 0.043007
vn 0.094733 0.000000 0.032027
vn 0.097856 0.000000 0.020598
vn 0.099605 0.000000 0.008880
vn 0.099956 0.000000 -0.002963
vn 0.098904 0.000000 -0.014765
vn 0.096464 0.000000 -0.026359
vn 0.092669 0.000000 -0.037583
vn 0.087573 0.000000 -0.048279
vn 0.081249 0.000000 -0.058298
vn 0.073783 0.000000 -0.067498
vn 0.065282 0.000000 -0.075751
vn 0.055865 0.000000 -0.082941
vn 0.045663 0.000000 -0.088966
vn 0.034820 0.000000 -0.093742
vn 0.023489 0.000000 -0.097202
vn 0.011827 0.000000 -0.099298
vn -0.005924 0.000000 0.099824
vn -0.005924 0.000000 0.099824
vn -0.005924 0.000000 0.099824
vn -0.005924 0.000000 0.099824
vn 0.000000 0.100000 0.000000
vn 0.000000 0.100000 0.000000
vn 0.000000 0.100000 0.000000
vn 0.000000 0.100000 0.000000
vn 0.000000 0.100000 0.000000
vn 0.000000 0.100000 0.000000
vn 0.000000 0.100000 0.000000
vn 0.000000 0.100000 0.000000
vn 0.000000 0.100000 0.000000
vn 0.000000 0.100000 0.000000
vn 0.000000 0.100000 0.000000
vn 0.000000 0.100000 0.000000
vn 0.000000 0.100000 0.000000
vn 0.000000 0.100000 0.000000
vn 0.000000 0.100000 0.000000
vn 0.000000 0.100000 0.000000
vn 0.000000 0.100000 0.000000
vn 0.000000 0.100000 0.000000
vn 0.000000 0.100000 0.000000
vn 0.000000 0.100000 0.000000
vn 0.000000 0.100000 0.000000
vn 0.000000 0.100000 0.000000
vn 0.000000 0.100000 0.000000
vn 0.000000 0.100000 0.000000
vn 0.000000 0.100000 0.000000
vn 0.000000 0.100000 0.000000
vn 0.000000 0.100000 0.000000
vn 0.000000 0.100000 0.000000
vn 0.000000 0.100000 0.000000
vn 0.000000 0.100000 0.000000
vn 0.000000 0.100000 0.000000
vn 0.000000 0.100000 0.000000
vn 0.000000 0.100000 0.000000
vn 0.000000 0.100000 0.000000
vn 0.000000 0.100000 0.000000
vn 0.000000 0.100000 0.000000
vn 0.000000 0.100000 0.000000
vn 0.000000 0.100000 0.000000
vn 0.000000 0.100000 0.000000
vn 0.000000 0.100000 0.000000
vn 0.000000 0.100000 0.000000
vn 0.000000 0.100000 0.000000
vn 0.000000 0.100000 0.000000
vn 0.000000 0.100000 0.000000
vn 0.000000 0.100000 0.000000
vn 0.000000 0.100000 0.000000
vn 0.000000 0.100000 0.000000
vn 0.000000 0.100000 0.000000
vn 0.000000 0.100000 0.000000
vn 0.000000 0.100000 0.000000
vn 0.000000 0.100000 0.000000
vn 0.000000 0.100000 0.000000
vn 0.000000 0.100000 0.000000
vn 0.000000 0.100000 0.000000
vn 0.000000 0.100000 0.000000
vn 0.000000 0.100000 0.000000
vn 0.000000 0.100000 0.000000
vn 0.000000 0.100000 0.000000
vn 0.000000 0.100000 0.000000
vn 0.000000 0.100000 0.000000
vn 0.000000 0.100000 0.000000
vn 0.000000 0.100000 0.000000
vn 0.000000 0.100000 0.000000
vn 0.000000 0.100000 0.000000
vn 0.000000 0.100000 0.000000
vn 0.000000 0.100000 0.000000
vn 0.000000 0.100000 0.000000
vn 0.000000 0.100000 0.000000
vn 0.000000 0.100000 0.000000
vn 0.000000 0.100000 0.000000
vn 0.000000 0.100000 0.000000
vn 0.000000 0.000000 -0.100000
vn 0.034202 0.000000 -0.093969
vn 0.064279 0.000000 -0.076604
vn 0.086603 0.000000 -0.050000
vn 0.098481 0.000000 -0.017365
vn 0.098481 0.000000 0.017365
vn 0.086603 0.000000 0.050000
vn 0.064279 0.000000 0.076604
vn 0.034202 0.000000 0.093969
vn 0.000000 0.000000 0.100000
vn -0.034202 0.000000 0.093969
vn -0.064279 0.000000 0.076604
vn -0.086603 0.000000 0.050000
vn -0.098481 0.000000 0.017365
vn -0.098481 0.000000 -0.017365
vn -0.086603 0.000000 -0.050000
vn -0.064279 0.000000 -0.076604
vn -0.034202 0.000000 -0.093969
vn 0.000000 0.000000 -0.100000
vn -0.034202 0.000000 -0.093969
vn -0.064279 0.000000 -0.076604
vn -0.086603 0.000000 -0.050000
vn -0.098481 0.000000 -0.017365
vn -0.098481 0.000000 0.017365
vn -0.086603 0.000000 0.050000
vn -0.064279 0.000000 0.076604
vn -0.034202 0.000000 0.093969
vn 0.000000 0.000000 0.100000
vn 0.034202 0.000000 0.093969
vn 0.064279 0.000000 0.076604
vn 0.086603 0.000000 0.050000
vn 0.098481 0.000000 0.017365
vn 0.098481 0.000000 -0.017365
vn 0.086603 0.000000 -0.050000
vn 0.064279 0.000000 -0.076604
vn 0.034202 0.000000 -0.093969
vn 0.000000 0.000000 0.100000
vn 0.000000 0.000000 0.100000
vn 0.000000 0.100000 0.000000
vn 0.000000 0.100000 0.000000
vn 0.000000 0.100000 0.000000
vn 0.000000 0.100000 0.000000
vn 0.000000 0.100000 0.000000
vn 0.000000 0.100000 0.000000
vn 0.000000 0.100000 0.000000
vn 0.000000 0.100000 0.000000
vn 0.000000 0.100000 0.000000
vn 0.000000 0.100000 0.000000
vn 0.000000 0.100000 0.000000
vn 0.000000 0.100000 0.000000
vn 0.000000 0.100000 0.000000
vn 0.000000 0.100000 0.000000
vn 0.000000 0.100000 0.000000
vn 0.000000 0.100000 0.000000
vn 0.000000 0.100000 0.000000
vn 0.000000 0.100000 0.000000
vn 0.000000 -0.100000 0.000000
vn 0.000000 -0.100000 0.000000
vn 0.000000 -0.100000 0.000000
vn 0.000000 -0.100000 0.000000
vn 0.000000 -0.100000 0.000000
vn 0.000000 -0.100000 0.000000
vn 0.000000 -0.100000 0.000000
vn 0.000000 -0.100000 0.000000
vn 0.000000 -0.100000 0.000000
vn 0.000000 -0.100000 0.000000
vn 0.000000 -0.100000 0.000000
vn 0.000000 -0.100000 0.000000
vn 0.000000 -0.100000 0.000000
vn 0.000000 -0.100000 0.000000
vn 0.000000 -0.100000 0.000000
vn 0.000000 -0.100000 0.000000
vn 0.000000 -0.100000 0.000000
vn 0.000000 -0.100000 0.000000
vn 0.000000 -0.100000 0.000000
vn 0.000000 -0.100000 0.000000
vn 0.000000 -0.100000 0.000000
vn 0.000000 -0.100000 0.000000
vn 0.000000 -0.100000 0.000000
vn 0.000000 -0.100000 0.000000
vn 0.000000 -0.100000 0.000000
vn 0.000000 -0.100000 0.000000
vn 0.000000 -0.100000 0.000000
vn 0.000000 -0.100000 0.000000
vn 0.000000 -0.100000 0.000000
vn 0.000000 -0.100000 0.000000
vn 0.000000 -0.100000 0.000000
vn 0.000000 -0.100000 0.000000
vn 0.000000 -0.100000 0.000000
vn 0.000000 -0.100000 0.000000
vn 0.000000 -0.100000 0.000000
vn 0.000000 -0.100000 0.000000
vn 0.000000 -0.100000 0.000000
vn 0.000000 -0.100000 0.000000
vn 0.000000 -0.100000 0.000000
vn 0.000000 -0.100000 0.000000
vn 0.000000 -0.100000 0.000000
vn 0.000000 -0.100000 0.000000
vn 0.000000 -0.100000 0.000000
vn 0.000000 -0.100000 0.000000
vn 0.000000 -0.100000 0.000000
vn 0.000000 -0.100000 0.000000
vn 0.000000 -0.100000 0.000000
vn 0.000000 -0.100000 0.000000
vn 0.000000 -0.100000 0.000000
vn 0.000000 -0.100000 0.000000
vn 0.000000 -0.100000 0.000000
vn 0.000000 -0.100000 0.000000
vn 0.000000 -0.100000 0.000000
vn 0.000000 0.000000 -0.100000
vn 0.011827 0.000000 -0.099298
vn 0.023489 0.000000 -0.097202
vn 0.034820 0.000000 -0.093742
vn 0.045663 0.000000 -0.088966
vn 0.055865 0.000000 -0.082941
vn 0.065282 0.000000 -0.075751
vn 0.073783 0.000000 -0.067498
vn 0.081249 0.000000 -0.058298
vn 0.087573 0.000000 -0.048279
vn 0.092669 0.000000 -0.037583
vn 0.096464 0.000000 -0.026359
vn 0.098904 0.000000 -0.014765
vn 0.099956 0.000000 -0.002963
vn 0.099605 0.000000 0.008880
vn 0.097856 0.000000 0.020598
vn 0.094733 0.000000 0.032027
vn 0.090280 0.000000 0.043007
vn 0.084560 0.000000 0.053382
vn 0.077652 0.000000 0.063009
vn 0.069655 0.000000 0.071751
vn 0.060680 0.000000 0.079485
vn 0.050853 0.000000 0.086104
vn 0.040312 0.000000 0.091515
vn 0.029206 0.000000 0.095640
vn 0.017689 0.000000 0.098423
vn 0.005924 0.000000 0.099824
vn -0.005924 0.000000 0.099824
vn -0.017689 0.000000 0.098423
vn -0.029206 0.000000 0.095640
vn -0.040312 0.000000 0.091515
vn -0.050853 0.000000 0.086104
vn -0.060680 0.000000 0.079485
vn -0.069655 0.000000 0.071751
vn -0.077652 0.000000 0.063009
vn -0.084560 0.000000 0.053382
vn -0.090280 0.000000 0.043007
vn -0.094733 0.000000 0.032027
vn -0.097856 0.000000 0.020598
vn -0.099605 0.000000 0.008880
vn -0.099956 0.000000 -0.002963
vn -0.098904 0.000000 -0.014765
vn -0.096464 0.000000 -0.026359
vn -0.092669 0.000000 -0.037583
vn -0.087573 0.000000 -0.048279
vn -0.081249 0.000000 -0.058298
vn -0.073783 0.000000 -0.067498
vn -0.065282 0.000000 -0.075751
vn -0.055865 0.000000 -0.082941
vn -0.045663 0.000000 -0.088966
vn -0.034820 0.000000 -0.093742
vn -0.023489 0.000000 -0.097202
vn -0.011827 0.000000 -0.099298
vn 0.000000 -0.100000 0.000000
vn 0.000000 -0.100000 0.000000
vn 0.000000 -0.100000 0.000000
vn 0.000000 -0.100000 0.000000
vn 0.000000 -0.100000 0.000000
vn 0.000000 -0.100000 0.000000
vn 0.000000 -0.100000 0.000000
vn 0.000000 -0.100000 0.000000
vn 0.000000 -0.100000 0.000000
vn 0.000000 -0.100000 0.000000
vn 0.000000 -0.100000 0.000000
vn 0.000000 -0.100000 0.000000
vn 0.000000 -0.100000 0.000000
vn 0.000000 -0.100000 0.000000
vn 0.000000 -0.100000 0.000000
vn 0.000000 -0.100000 0.000000
vn 0.000000 -0.100000 0.000000
vn 0.000000 -0.100000 0.000000
vn 0.000000 -0.100000 0.000000
vn 0.000000 -0.100000 0.000000
vn 0.000000 -0.100000 0.000000
vn 0.000000 -0.100000 0.000000
vn 0.000000 -0.100000 0.000000
vn 0.000000 -0.100000 0.000000
vn 0.000000 -0.100000 0.000000
vn 0.000000 -0.100000 0.000000
vn 0.000000 -0.100000 0.000000
vn 0.000000 -0.100000 0.000000
vn 0.000000 -0.100000 0.000000
vn 0.000000 -0.100000 0.000000
vn 0.000000 -0.100000 0.000000
vn 0.000000 -0.100000 0.000000
vn 0.000000 -0.100000 0.000000
vn 0.000000 -0.100000 0.000000
vn 0.000000 -0.100000 0.000000
vn 0.000000 -0.100000 0.000000
vn 0.000000 -0.100000 0.000000
vn 0.000000 -0.100000 0.000000
vn 0.000000 -0.100000 0.000000
vn 0.000000 -0.100000 0.000000
vn 0.000000 -0.100000 0.000000
vn 0.000000 -0.100000 0.000000
vn 0.000000 -0.100000 0.000000
vn 0.000000 -0.100000 0.000000
vn 0.000000 -0.100000 0.000000
vn 0.000000 -0.100000 0.000000
vn 0.000000 -0.100000 0.000000
vn 0.000000 -0.100000 0.000000
vn 0.000000 -0.100000 0.000000
vn 0.000000 -0.100000 0.000000
vn 0.000000 -0.100000 0.000000
vn 0.000000 -0.100000 0.000000
vn 0.000000 -0.100000 0.000000
vn 0.000000 -0.050000 -0.086603
vn 0.000000 -0.086603 -0.050000
vn 0.010243 -0.050000 -0.085995
vn 0.005914 -0.086603 -0.049649
vn 0.020342 -0.050000 -0.084180
vn 0.011744 -0.086603 -0.048601
vn 0.030155 -0.050000 -0.081183
vn 0.017410 -0.086603 -0.046871
vn 0.039545 -0.050000 -0.077047
vn 0.022831 -0.086603 -0.044483
vn 0.048380 -0.050000 -0.071829
vn 0.027932 -0.086603 -0.041470
vn 0.056536 -0.050000 -0.065602
vn 0.032641 -0.086603 -0.037876
vn 0.063898 -0.050000 -0.058455
vn 0.036892 -0.086603 -0.033749
vn 0.070363 -0.050000 -0.050488
vn 0.040624 -0.086603 -0.029149
vn 0.075841 -0.050000 -0.041811
vn 0.043787 -0.086603 -0.024140
vn 0.080254 -0.050000 -0.032548
vn 0.046334 -0.086603 -0.018791
vn 0.083540 -0.050000 -0.022827
vn 0.048232 -0.086603 -0.013179
vn 0.085653 -0.050000 -0.012787
vn 0.049452 -0.086603 -0.007382
vn 0.086565 -0.050000 -0.002566
vn 0.049978 -0.086603 -0.001482
vn 0.086260 -0.050000 0.007690
vn 0.049802 -0.086603 0.004440
vn 0.084745 -0.050000 0.017838
vn 0.048928 -0.086603 0.010299
vn 0.082041 -0.050000 0.027736
vn 0.047366 -0.086603 0.016013
vn 0.078185 -0.050000 0.037245
vn 0.045140 -0.086603 0.021503
vn 0.073231 -0.050000 0.046230
vn 0.042280 -0.086603 0.026691
vn 0.067249 -0.050000 0.054567
vn 0.038826 -0.086603 0.031504
vn 0.060323 -0.050000 0.062138
vn 0.034828 -0.086603 0.035875
vn 0.052550 -0.050000 0.068836
vn 0.030340 -0.086603 0.039743
vn 0.044040 -0.050000 0.074569
vn 0.025427 -0.086603 0.043052
vn 0.034912 -0.050000 0.079254
vn 0.020156 -0.086603 0.045757
vn 0.025293 -0.050000 0.082827
vn 0.014603 -0.086603 0.047820
vn 0.015319 -0.050000 0.085237
vn 0.008845 -0.086603 0.049212
vn 0.005130 -0.050000 0.086450
vn 0.002962 -0.086603 0.049912
vn -0.005130 -0.050000 0.086450
vn -0.002962 -0.086603 0.049912
vn -0.015319 -0.050000 0.085237
vn -0.008845 -0.086603 0.049212
vn -0.025293 -0.050000 0.082827
vn -0.014603 -0.086603 0.047820
vn -0.034912 -0.050000 0.079254
vn -0.020156 -0.086603 0.045757
vn -0.044040 -0.050000 0.074569
vn -0.025427 -0.086603 0.043052
vn -0.052550 -0.050000 0.068836
vn -0.030340 -0.086603 0.039743
vn -0.060323 -0.050000 0.062138
vn -0.034828 -0.086603 0.035875
vn -0.067249 -0.050000 0.054567
vn -0.038826 -0.086603 0.031504
vn -0.073231 -0.050000 0.046230
vn -0.042280 -0.086603 0.026691
vn -0.078185 -0.050000 0.037245
vn -0.045140 -0.086603 0.021503
vn -0.082041 -0.050000 0.027736
vn -0.047366 -0.086603 0.016013
vn -0.084745 -0.050000 0.017838
vn -0.048928 -0.086603 0.010299
vn -0.086260 -0.050000 0.007690
vn -0.049802 -0.086603 0.004440
vn -0.086565 -0.050000 -0.002566
vn -0.049978 -0.086603 -0.001482
vn -0.085653 -0.050000 -0.012787
vn -0.049452 -0.086603 -0.007382
vn -0.083540 -0.050000 -0.022827
vn -0.048232 -0.086603 -0.013179
vn -0.080254 -0.050000 -0.032548
vn -0.046334 -0.086603 -0.018791
vn -0.075841 -0.050000 -0.041811
vn -0.043787 -0.086603 -0.024140
vn -0.070363 -0.050000 -0.050488
vn -0.040624 -0.086603 -0.029149
vn -0.063898 -0.050000 -0.058455
vn -0.036892 -0.086603 -0.033749
vn -0.056536 -0.050000 -0.065602
vn -0.032641 -0.086603 -0.037876
vn -0.048380 -0.050000 -0.071829
vn -0.027932 -0.086603 -0.041470
vn -0.039545 -0.050000 -0.077047
vn -0.022831 -0.086603 -0.044483
vn -0.030155 -0.050000 -0.081183
vn -0.017410 -0.086603 -0.046871
vn -0.020342 -0.050000 -0.084180
vn -0.011744 -0.086603 -0.048601
vn -0.010243 -0.050000 -0.085995
vn -0.005914 -0.086603 -0.049649
vn 0.000000 -0.050000 -0.086603
vn 0.000000 0.000000 -0.100000
vn 0.000000 -0.100000 0.000000
vn 0.000000 -0.086603 -0.050000
vn 0.000000 -0.050000 -0.086603
vn 0.005914 -0.086603 -0.049649
usemtl 30,71,132
f 355/2/2 306/54/54 307/1/1
f 307/1/1 306/54/54 265/55/55
f 307/1/1 265/55/55 266/53/53
f 266/53/53 265/55/55 243/56/56
f 266/53/53 243/56/56 244/52/52
f 244/52/52 243/56/56 221/57/57
f 244/52/52 221/57/57 222/51/51
f 222/51/51 221/57/57 199/58/58
f 222/51/51 199/58/58 200/50/50
f 200/50/50 199/58/58 177/59/59
f 200/50/50 177/59/59 178/49/49
f 178/49/49 177/59/59 155/60/60
f 178/49/49 155/60/60 156/48/48
f 156/48/48 155/60/60 133/61/61
f 156/48/48 133/61/61 134/47/47
f 134/47/47 133/61/61 111/62/62
f 134/47/47 111/62/62 112/46/46
f 112/46/46 111/62/62 89/63/63
f 112/46/46 89/63/63 90/45/45
f 90/45/45 89/63/63 67/64/64
f 90/45/45 67/64/64 68/44/44
f 68/44/44 67/64/64 45/65/65
f 68/44/44 45/65/65 46/43/43
f 46/43/43 45/65/65 13/66/66
f 46/43/43 13/66/66 14/42/42
f 14/42/42 13/66/66 1/67/67
f 14/42/42 1/67/67 2/41/41
f 2/41/41 1/67/67 5/68/68
f 2/41/41 5/68/68 6/40/40
f 6/40/40 5/68/68 29/69/69
f 6/40/40 29/69/69 30/39/39
f 30/39/39 29/69/69 56/70/70
f 30/39/39 56/70/70 57/38/38
f 57/38/38 56/70/70 78/71/71
f 57/38/38 78/71/71 79/37/37
f 79/37/37 78/71/71 100/72/72
f 79/37/37 100/72/72 101/36/36
f 101/36/36 100/72/72 122/73/73
f 101/36/36 122/73/73 123/35/35
f 123/35/35 122/73/73 144/74/74
f 123/35/35 144/74/74 145/34/34
f 145/34/34 144/74/74 166/75/75
f 145/34/34 166/75/75 167/33/33
f 167/33/33 166/75/75 188/76/76
f 167/33/33 188/76/76 189/32/32
f 189/32/32 188/76/76 210/77/77
f 189/32/32 210/77/77 211/31/31
f 211/31/31 210/77/77 232/78/78
f 211/31/31 232/78/78 233/30/30
f 233/30/30 232/78/78 254/79/79
f 233/30/30 254/79/79 255/29/29
f 255/29/29 254/79/79 288/107/107
f 255/29/29 288/108/108 289/28/28
f 289/109/109 288/80/80 331/81/81
f 289/110/110 331/81/81 332/27/27
f 332/27/27 331/81/81 365/82/82
f 332/27/27 365/82/82 366/26/26
f 366/26/26 365/82/82 387/83/83
f 366/26/26 387/83/83 388/25/25
f 388/25/25 387/83/83 409/84/84
f 388/25/25 409/84/84 410/24/24
f 410/24/24 409/84/84 431/85/85
f 410/24/24 431/85/85 432/23/23
f 432/23/23 431/85/85 453/86/86
f 432/23/23 453/86/86 454/22/22
f 454/22/22 453/86/86 475/87/87
f 454/22/22 475/87/87 476/21/21
f 476/21/21 475/87/87 497/88/88
f 476/21/21 497/88/88 498/20/20
f 498/20/20 497/88/88 519/89/89
f 498/20/20 519/89/89 520/19/19
f 520/19/19 519/89/89 541/90/90
f 520/19/19 541/90/90 542/18/18
f 542/18/18 541/90/90 563/91/91
f 542/18/18 563/91/91 564/17/17
f 564/17/17 563/91/91 590/92/92
f 564/17/17 590/92/92 591/16/16
f 591/16/16 590/92/92 614/93/93
f 591/16/16 614/93/93 615/15/15
f 615/15/15 614/93/93 618/94/94
f 615/15/15 618/94/94 619/14/14
f 619/14/14 618/94/94 606/95/95
f 619/14/14 606/95/95 607/13/13
f 607/13/13 606/95/95 574/96/96
f 607/13/13 574/96/96 575/12/12
f 575/12/12 574/96/96 552/97/97
f 575/12/12 552/97/97 553/11/11
f 553/11/11 552/97/97 530/98/98
f 553/11/11 530/98/98 531/10/10
f 531/10/10 530/98/98 508/99/99
f 531/10/10 508/99/99 509/9/9
f 509/9/9 508/99/99 486/100/100
f 509/9/9 486/100/100 487/8/8
f 487/8/8 486/100/100 464/101/101
f 487/8/8 464/101/101 465/7/7
f 465/7/7 464/101/101 442/102/102
f 465/7/7 442/102/102 443/6/6
f 443/6/6 442/102/102 420/103/103
f 443/6/6 420/103/103 421/5/5
f 421/5/5 420/103/103 398/104/104
f 421/5/5 398/104/104 399/4/4
f 399/4/4 398/104/104 376/105/105
f 399/4/4 376/105/105 377/3/3
f 377/3/3 376/105/105 354/106/106
f 377/3/3 354/106/106 355/2/2
f 355/2/2 354/106/106 306/54/54
f 349/112/112 351/219/219 312/111/111
f 312/111/111 351/219/219 311/323/323
f 312/324/324 311/217/217 273/163/163
f 273/163/163 311/217/217 270/321/321
f 273/163/163 270/321/321 251/162/162
f 251/162/162 270/321/321 248/319/319
f 251/162/162 248/319/319 229/161/161
f 229/161/161 248/319/319 226/317/317
f 229/161/161 226/317/317 207/160/160
f 207/160/160 226/317/317 204/315/315
f 207/160/160 204/315/315 185/159/159
f 185/159/159 204/315/315 182/313/313
f 185/159/159 182/313/313 163/158/158
f 163/158/158 182/313/313 160/311/311
f 163/158/158 160/311/311 141/157/157
f 141/157/157 160/311/311 138/309/309
f 141/157/157 138/309/309 119/156/156
f 119/156/156 138/309/309 116/307/307
f 119/156/156 116/307/307 97/155/155
f 97/155/155 116/307/307 94/305/305
f 97/155/155 94/305/305 75/154/154
f 75/154/154 94/305/305 72/303/303
f 75/154/154 72/303/303 53/153/153
f 53/153/153 72/303/303 50/301/301
f 53/153/153 50/301/301 33/152/152
f 33/152/152 50/301/301 28/299/299
f 33/152/152 28/299/299 17/151/151
f 17/151/151 28/299/299 10/297/297
f 17/151/151 10/297/297 24/150/150
f 24/150/150 10/297/297 12/295/295
f 24/150/150 12/295/295 42/149/149
f 42/149/149 12/295/295 39/293/293
f 42/149/149 39/293/293 64/148/148
f 64/148/148 39/293/293 61/291/291
f 64/148/148 61/291/291 86/147/147
f 86/147/147 61/291/291 83/289/289
f 86/147/147 83/289/289 108/146/146
f 108/146/146 83/289/289 105/287/287
f 108/146/146 105/287/287 130/145/145
f 130/145/145 105/287/287 127/285/285
f 130/145/145 127/285/285 152/144/144
f 152/144/144 127/285/285 149/283/283
f 152/144/144 149/283/283 174/143/143
f 174/143/143 149/283/283 171/281/281
f 174/143/143 171/281/281 196/142/142
f 196/142/142 171/281/281 193/279/279
f 196/142/142 193/279/279 218/141/141
f 218/141/141 193/279/279 215/277/277
f 218/141/141 215/277/277 240/140/140
f 240/140/140 215/277/277 237/275/275
f 240/140/140 237/275/275 262/139/139
f 262/139/139 237/275/275 259/273/273
f 262/139/139 259/273/273 296/138/138
f 296/138/138 259/273/273 293/271/271
f 296/138/138 293/271/271 326/137/137
f 326/137/137 293/271/271 328/269/269
f 326/137/137 328/269/269 360/136/136
f 360/136/136 328/269/269 362/267/267
f 360/136/136 362/267/267 382/135/135
f 382/135/135 362/267/267 384/265/265
f 382/135/135 384/265/265 404/134/134
f 404/134/134 384/265/265 406/263/263
f 404/134/134 406/263/263 426/133/133
f 426/133/133 406/263/263 428/261/261
f 426/133/133 428/261/261 448/132/132
f 448/132/132 428/261/261 450/259/259
f 448/132/132 450/259/259 470/131/131
f 470/131/131 450/259/259 472/257/257
f 470/131/131 472/257/257 492/130/130
f 492/130/130 472/257/257 494/255/255
f 492/130/130 494/255/255 514/129/129
f 514/129/129 494/255/255 516/253/253
f 514/129/129 516/253/253 536/128/128
f 536/128/128 516/253/253 538/251/251
f 536/128/128 538/251/251 558/127/127
f 558/127/127 538/251/251 560/249/249
f 558/127/127 560/249/249 580/126/126
f 580/126/126 560/249/249 582/247/247
f 580/126/126 582/247/247 598/125/125
f 598/125/125 582/247/247 609/245/245
f 598/125/125 609/245/245 605/124/124
f 605/124/124 609/245/245 611/243/243
f 605/124/124 611/243/243 589/123/123
f 589/123/123 611/243/243 593/241/241
f 589/123/123 593/241/241 569/122/122
f 569/122/122 593/241/241 571/239/239
f 569/122/122 571/239/239 547/121/121
f 547/121/121 571/239/239 549/237/237
f 547/121/121 549/237/237 525/120/120
f 525/120/120 549/237/237 527/235/235
f 525/120/120 527/235/235 503/119/119
f 503/119/119 527/235/235 505/233/233
f 503/119/119 505/233/233 481/118/118
f 481/118/118 505/233/233 483/231/231
f 481/118/118 483/231/231 459/117/117
f 459/117/117 483/231/231 461/229/229
f 459/117/117 461/229/229 437/116/116
f 437/116/116 461/229/229 439/227/227
f 437/116/116 439/227/227 415/115/115
f 415/115/115 439/227/227 417/225/225
f 415/115/115 417/225/225 393/114/114
f 393/114/114 417/225/225 395/223/223
f 393/114/114 395/223/223 371/113/113
f 371/113/113 395/223/223 373/221/221
f 371/113/113 373/221/221 349/112/112
f 349/112/112 373/221/221 351/219/219
f 266/165/165 268/322/322 307/164/164
f 307/164/164 268/322/322 308/218/218
f 307/164/164 308/218/218 355/325/325
f 355/216/216 308/326/326 353/220/220
f 355/216/216 353/220/220 377/215/215
f 377/215/215 353/220/220 375/222/222
f 377/215/215 375/222/222 399/214/214
f 399/214/214 375/222/222 397/224/224
f 399/214/214 397/224/224 421/213/213
f 421/213/213 397/224/224 419/226/226
f 421/213/213 419/226/226 443/212/212
f 443/212/212 419/226/226 441/228/228
f 443/212/212 441/228/228 465/211/211
f 465/211/211 441/228/228 463/230/230
f 465/211/211 463/230/230 487/210/210
f 487/210/210 463/230/230 485/232/232
f 487/210/210 485/232/232 509/209/209
f 509/209/209 485/232/232 507/234/234
f 509/209/209 507/234/234 531/208/208
f 531/208/208 507/234/234 529/236/236
f 531/208/208 529/236/236 553/207/207
f 553/207/207 529/236/236 551/238/238
f 553/207/207 551/238/238 575/206/206
f 575/206/206 551/238/238 573/240/240
f 575/206/206 573/240/240 607/205/205
f 607/205/205 573/240/240 602/242/242
f 607/205/205 602/242/242 619/204/204
f 619/204/204 602/242/242 617/244/244
f 619/204/204 617/244/244 615/203/203
f 615/203/203 617/244/244 613/246/246
f 615/203/203 613/246/246 591/202/202
f 591/202/202 613/246/246 586/248/248
f 591/202/202 586/248/248 564/201/201
f 564/201/201 586/248/248 562/250/250
f 564/201/201 562/250/250 542/200/200
f 542/200/200 562/250/250 540/252/252
f 542/200/200 540/252/252 520/199/199
f 520/199/199 540/252/252 518/254/254
f 520/199/199 518/254/254 498/198/198
f 498/198/198 518/254/254 496/256/256
f 498/198/198 496/256/256 476/197/197
f 476/197/197 496/256/256 474/258/258
f 476/197/197 474/258/258 454/196/196
f 454/196/196 474/258/258 452/260/260
f 454/196/196 452/260/260 432/195/195
f 432/195/195 452/260/260 430/262/262
f 432/195/195 430/262/262 410/194/194
f 410/194/194 430/262/262 408/264/264
f 410/194/194 408/264/264 388/193/193
f 388/193/193 408/264/264 386/266/266
f 388/193/193 386/266/266 366/192/192
f 366/192/192 386/266/266 364/268/268
f 366/192/192 364/268/268 332/191/191
f 332/191/191 364/268/268 330/270/270
f 332/191/191 330/270/270 289/190/190
f 289/190/190 330/270/270 291/272/272
f 289/190/190 291/272/272 255/189/189
f 255/189/189 291/272/272 257/274/274
f 255/189/189 257/274/274 233/188/188
f 233/188/188 257/274/274 235/276/276
f 233/188/188 235/276/276 211/187/187
f 211/187/187 235/276/276 213/278/278
f 211/187/187 213/278/278 189/186/186
f 189/186/186 213/278/278 191/280/280
f 189/186/186 191/280/280 167/185/185
f 167/185/185 191/280/280 169/282/282
f 167/185/185 169/282/282 145/184/184
f 145/184/184 169/282/282 147/284/284
f 145/184/184 147/284/284 123/183/183
f 123/183/183 147/284/284 125/286/286
f 123/183/183 125/286/286 101/182/182
f 101/182/182 125/286/286 103/288/288
f 101/182/182 103/288/288 79/181/181
f 79/181/181 103/288/288 81/290/290
f 79/181/181 81/290/290 57/180/180
f 57/180/180 81/290/290 59/292/292
f 57/180/180 59/292/292 30/179/179
f 30/179/179 59/292/292 35/294/294
f 30/179/179 35/294/294 6/178/178
f 6/178/178 35/294/294 8/296/296
f 6/178/178 8/296/296 2/177/177
f 2/177/177 8/296/296 4/298/298
f 2/177/177 4/298/298 14/176/176
f 14/176/176 4/298/298 19/300/300
f 14/176/176 19/300/300 46/175/175
f 46/175/175 19/300/300 48/302/302
f 46/175/175 48/302/302 68/174/174
f 68/174/174 48/302/302 70/304/304
f 68/174/174 70/304/304 90/173/173
f 90/173/173 70/304/304 92/306/306
f 90/173/173 92/306/306 112/172/172
f 112/172/172 92/306/306 114/308/308
f 112/172/172 114/308/308 134/171/171
f 134/171/171 114/308/308 136/310/310
f 134/171/171 136/310/310 156/170/170
f 156/170/170 136/310/310 158/312/312
f 156/170/170 158/312/312 178/169/169
f 178/169/169 158/312/312 180/314/314
f 178/169/169 180/314/314 200/168/168
f 200/168/168 180/314/314 202/316/316
f 200/168/168 202/316/316 222/167/167
f 222/167/167 202/316/316 224/318/318
f 222/167/167 224/318/318 244/166/166
f 244/166/166 224/318/318 246/320/320
f 244/166/166 246/320/320 266/165/165
f 266/165/165 246/320/320 268/322/322
f 311/217/217 308/218/218 270/321/321
f 270/321/321 308/218/218 268/322/322
f 270/321/321 268/322/322 248/319/319
f 248/319/319 268/322/322 246/320/320
f 248/319/319 246/320/320 226/317/317
f 226/317/317 246/320/320 224/318/318
f 226/317/317 224/318/318 204/315/315
f 204/315/315 224/318/318 202/316/316
f 204/315/315 202/316/316 182/313/313
f 182/313/313 202/316/316 180/314/314
f 182/313/313 180/314/314 160/311/311
f 160/311/311 180/314/314 158/312/312
f 160/311/311 158/312/312 138/309/309
f 138/309/309 158/312/312 136/310/310
f 138/309/309 136/310/310 116/307/307
f 116/307/307 136/310/310 114/308/308
f 116/307/307 114/308/308 94/305/305
f 94/305/305 114/308/308 92/306/306
f 94/305/305 92/306/306 72/303/303
f 72/303/303 92/306/306 70/304/304
f 72/303/303 70/304/304 50/301/301
f 50/301/301 70/304/304 48/302/302
f 50/301/301 48/302/302 28/299/299
f 28/299/299 48/302/302 19/300/300
f 28/299/299 19/300/300 10/297/297
f 10/297/297 19/300/300 4/298/298
f 10/297/297 4/298/298 12/295/295
f 12/295/295 4/298/298 8/296/296
f 12/295/295 8/296/296 39/293/293
f 39/293/293 8/296/296 35/294/294
f 39/293/293 35/294/294 61/291/291
f 61/291/291 35/294/294 59/292/292
f 61/291/291 59/292/292 83/289/289
f 83/289/289 59/292/292 81/290/290
f 83/289/289 81/290/290 105/287/287
f 105/287/287 81/290/290 103/288/288
f 105/287/287 103/288/288 127/285/285
f 127/285/285 103/288/288 125/286/286
f 127/285/285 125/286/286 149/283/283
f 149/283/283 125/286/286 147/284/284
f 149/283/283 147/284/284 171/281/281
f 171/281/281 147/284/284 169/282/282
f 171/281/281 169/282/282 193/279/279
f 193/279/279 169/282/282 191/280/280
f 193/279/279 191/280/280 215/277/277
f 215/277/277 191/280/280 213/278/278
f 215/277/277 213/278/278 237/275/275
f 237/275/275 213/278/278 235/276/276
f 237/275/275 235/276/276 259/273/273
f 259/273/273 235/276/276 257/274/274
f 259/273/273 257/274/274 293/271/271
f 293/271/271 257/274/274 291/272/272
f 293/271/271 291/272/272 328/269/269
f 328/269/269 291/272/272 330/270/270
f 328/269/269 330/270/270 362/267/267
f 362/267/267 330/270/270 364/268/268
f 362/267/267 364/268/268 384/265/265
f 384/265/265 364/268/268 386/266/266
f 384/265/265 386/266/266 406/263/263
f 406/263/263 386/266/266 408/264/264
f 406/263/263 408/264/264 428/261/261
f 428/261/261 408/264/264 430/262/262
f 428/261/261 430/262/262 450/259/259
f 450/259/259 430/262/262 452/260/260
f 450/259/259 452/260/260 472/257/257
f 472/257/257 452/260/260 474/258/258
f 472/257/257 474/258/258 494/255/255
f 494/255/255 474/258/258 496/256/256
f 494/255/255 496/256/256 516/253/253
f 516/253/253 496/256/256 518/254/254
f 516/253/253 518/254/254 538/251/251
f 538/251/251 518/254/254 540/252/252
f 538/251/251 540/252/252 560/249/249
f 560/249/249 540/252/252 562/250/250
f 560/249/249 562/250/250 582/247/247
f 582/247/247 562/250/250 586/248/248
f 582/247/247 586/248/248 609/245/245
f 609/245/245 586/248/248 613/246/246
f 609/245/245 613/246/246 611/243/243
f 611/243/243 613/246/246 617/244/244
f 611/243/243 617/244/244 593/241/241
f 593/241/241 617/244/244 602/242/242
f 593/241/241 602/242/242 571/239/239
f 571/239/239 602/242/242 573/240/240
f 571/239/239 573/240/240 549/237/237
f 549/237/237 573/240/240 551/238/238
f 549/237/237 551/238/238 527/235/235
f 527/235/235 551/238/238 529/236/236
f 527/235/235 529/236/236 505/233/233
f 505/233/233 529/236/236 507/234/234
f 505/233/233 507/234/234 483/231/231
f 483/231/231 507/234/234 485/232/232
f 483/231/231 485/232/232 461/229/229
f 461/229/229 485/232/232 463/230/230
f 461/229/229 463/230/230 439/227/227
f 439/227/227 463/230/230 441/228/228
f 439/227/227 441/228/228 417/225/225
f 417/225/225 441/228/228 419/226/226
f 417/225/225 419/226/226 395/223/223
f 395/223/223 419/226/226 397/224/224
f 395/223/223 397/224/224 373/221/221
f 373/221/221 397/224/224 375/222/222
f 373/221/221 375/222/222 351/219/219
f 351/219/219 375/222/222 353/220/220
f 351/219/219 353/220/220 311/327/327
f 311/217/217 353/328/328 308/218/218
f 348/330/330 312/382/382 309/329/329
f 309/329/329 312/382/382 273/383/383
f 309/329/329 273/383/383 272/381/381
f 272/381/381 273/383/383 251/384/384
f 272/381/381 251/384/384 250/380/380
f 250/380/380 251/384/384 229/385/385
f 250/380/380 229/385/385 228/379/379
f 228/379/379 229/385/385 207/386/386
f 228/379/379 207/386/386 206/378/378
f 206/378/378 207/386/386 185/387/387
f 206/378/378 185/387/387 184/377/377
f 184/377/377 185/387/387 163/388/388
f 184/377/377 163/388/388 162/376/376
f 162/376/376 163/388/388 141/389/389
f 162/376/376 141/389/389 140/375/375
f 140/375/375 141/389/389 119/390/390
f 140/375/375 119/390/390 118/374/374
f 118/374/374 119/390/390 97/391/391
f 118/374/374 97/391/391 96/373/373
f 96/373/373 97/391/391 75/392/392
f 96/373/373 75/392/392 74/372/372
f 74/372/372 75/392/392 53/393/393
f 74/372/372 53/393/393 52/371/371
f 52/371/371 53/393/393 33/394/394
f 52/371/371 33/394/394 32/370/370
f 32/370/370 33/394/394 17/395/395
f 32/370/370 17/395/395 16/369/369
f 16/369/369 17/395/395 24/396/396
f 16/369/369 24/396/396 23/368/368
f 23/368/368 24/396/396 42/397/397
f 23/368/368 42/397/397 41/367/367
f 41/367/367 42/397/397 64/398/398
f 41/367/367 64/398/398 63/366/366
f 63/366/366 64/398/398 86/399/399
f 63/366/366 86/399/399 85/365/365
f 85/365/365 86/399/399 108/400/400
f 85/365/365 108/400/400 107/364/364
f 107/364/364 108/400/400 130/401/401
f 107/364/364 130/401/401 129/363/363
f 129/363/363 130/401/401 152/402/402
f 129/363/363 152/402/402 151/362/362
f 151/362/362 152/402/402 174/403/403
f 151/362/362 174/403/403 173/361/361
f 173/361/361 174/403/403 196/404/404
f 173/361/361 196/404/404 195/360/360
f 195/360/360 196/404/404 218/405/405
f 195/360/360 218/405/405 217/359/359
f 217/359/359 218/405/405 240/406/406
f 217/359/359 240/406/406 239/358/358
f 239/358/358 240/406/406 262/407/407
f 239/358/358 262/407/407 261/357/357
f 261/357/357 262/407/407 296/435/435
f 261/357/357 296/436/436 295/356/356
f 295/437/437 296/408/408 326/409/409
f 295/438/438 326/409/409 325/355/355
f 325/355/355 326/409/409 360/410/410
f 325/355/355 360/410/410 359/354/354
f 359/354/354 360/410/410 382/411/411
f 359/354/354 382/411/411 381/353/353
f 381/353/353 382/411/411 404/412/412
f 381/353/353 404/412/412 403/352/352
f 403/352/352 404/412/412 426/413/413
f 403/352/352 426/413/413 425/351/351
f 425/351/351 426/413/413 448/414/414
f 425/351/351 448/414/414 447/350/350
f 447/350/350 448/414/414 470/415/415
f 447/350/350 470/415/415 469/349/349
f 469/349/349 470/415/415 492/416/416
f 469/349/349 492/416/416 491/348/348
f 491/348/348 492/416/416 514/417/417
f 491/348/348 514/417/417 513/347/347
f 513/347/347 514/417/417 536/418/418
f 513/347/347 536/418/418 535/346/346
f 535/346/346 536/418/418 558/419/419
f 535/346/346 558/419/419 557/345/345
f 557/345/345 558/419/419 580/420/420
f 557/345/345 580/420/420 579/344/344
f 579/344/344 580/420/420 598/421/421
f 579/344/344 598/421/421 597/343/343
f 597/343/343 598/421/421 605/422/422
f 597/343/343 605/422/422 604/342/342
f 604/342/342 605/422/422 589/423/423
f 604/342/342 589/423/423 588/341/341
f 588/341/341 589/423/423 569/424/424
f 588/341/341 569/424/424 568/340/340
f 568/340/340 569/424/424 547/425/425
f 568/340/340 547/425/425 546/339/339
f 546/339/339 547/425/425 525/426/426
f 546/339/339 525/426/426 524/338/338
f 524/338/338 525/426/426 503/427/427
f 524/338/338 503/427/427 502/337/337
f 502/337/337 503/427/427 481/428/428
f 502/337/337 481/428/428 480/336/336
f 480/336/336 481/428/428 459/429/429
f 480/336/336 459/429/429 458/335/335
f 458/335/335 459/429/429 437/430/430
f 458/335/335 437/430/430 436/334/334
f 436/334/334 437/430/430 415/431/431
f 436/334/334 415/431/431 414/333/333
f 414/333/333 415/431/431 393/432/432
f 414/333/333 393/432/432 392/332/332
f 392/332/332 393/432/432 371/433/433
f 392/332/332 371/433/433 370/331/331
f 370/331/331 371/433/433 349/434/434
f 370/331/331 349/434/434 348/330/330
f 348/330/330 349/434/434 312/382/382
f 345/440/440 348/544/544 310/439/439
f 310/439/439 348/544/544 309/492/492
f 310/439/439 309/492/492 272/493/493
f 348/544/544 345/440/440 370/543/543
f 370/543/543 345/440/440 367/441/441
f 370/543/543 367/441/441 392/542/542
f 392/542/542 367/441/441 389/442/442
f 392/542/542 389/442/442 414/541/541
f 414/541/541 389/442/442 411/443/443
f 414/541/541 411/443/443 436/540/540
f 436/540/540 411/443/443 433/444/444
f 436/540/540 433/444/444 458/539/539
f 458/539/539 433/444/444 455/445/445
f 458/539/539 455/445/445 480/538/538
f 480/538/538 455/445/445 477/446/446
f 480/538/538 477/446/446 502/537/537
f 502/537/537 477/446/446 499/447/447
f 502/537/537 499/447/447 524/536/536
f 524/536/536 499/447/447 521/448/448
f 524/536/536 521/448/448 546/535/535
f 546/535/535 521/448/448 543/449/449
f 546/535/535 543/449/449 568/534/534
f 568/534/534 543/449/449 565/450/450
f 568/534/534 565/450/450 588/533/533
f 588/533/533 565/450/450 583/451/451
f 588/533/533 583/451/451 604/532/532
f 604/532/532 583/451/451 599/452/452
f 604/532/532 599/452/452 594/453/453
f 604/532/532 594/453/453 597/531/531
f 597/531/531 594/453/453 576/454/454
f 597/531/531 576/454/454 579/530/530
f 579/530/530 576/454/454 554/455/455
f 579/530/530 554/455/455 557/529/529
f 557/529/529 554/455/455 532/456/456
f 557/529/529 532/456/456 535/528/528
f 535/528/528 532/456/456 510/457/457
f 535/528/528 510/457/457 513/527/527
f 513/527/527 510/457/457 488/458/458
f 513/527/527 488/458/458 491/526/526
f 491/526/526 488/458/458 466/459/459
f 491/526/526 466/459/459 469/525/525
f 469/525/525 466/459/459 444/460/460
f 469/525/525 444/460/460 447/524/524
f 447/524/524 444/460/460 422/461/461
f 447/524/524 422/461/461 425/523/523
f 425/523/523 422/461/461 400/462/462
f 425/523/523 400/462/462 403/522/522
f 403/522/522 400/462/462 378/463/463
f 403/522/522 378/463/463 381/521/521
f 381/521/521 378/463/463 356/464/464
f 381/521/521 356/464/464 359/520/520
f 359/520/520 356/464/464 322/465/465
f 359/520/520 322/465/465 325/519/519
f 325/519/519 322/465/465 295/518/518
f 295/518/518 322/465/465 297/466/466
f 295/518/518 297/466/466 261/517/517
f 261/517/517 297/466/466 263/467/467
f 261/517/517 263/467/467 239/516/516
f 239/516/516 263/467/467 241/468/468
f 239/516/516 241/468/468 217/515/515
f 217/515/515 241/468/468 219/469/469
f 217/515/515 219/469/469 195/514/514
f 195/514/514 219/469/469 197/470/470
f 195/514/514 197/470/470 173/513/513
f 173/513/513 197/470/470 175/471/471
f 173/513/513 175/471/471 151/512/512
f 151/512/512 175/471/471 153/472/472
f 151/512/512 153/472/472 129/511/511
f 129/511/511 153/472/472 131/473/473
f 129/511/511 131/473/473 107/510/510
f 107/510/510 131/473/473 109/474/474
f 107/510/510 109/474/474 85/509/509
f 85/509/509 109/474/474 87/475/475
f 85/509/509 87/475/475 63/508/508
f 63/508/508 87/475/475 65/476/476
f 63/508/508 65/476/476 41/507/507
f 41/507/507 65/476/476 43/477/477
f 41/507/507 43/477/477 23/506/506
f 23/506/506 43/477/477 25/478/478
f 23/506/506 25/478/478 16/505/505
f 16/505/505 25/478/478 20/479/479
f 16/505/505 20/479/479 36/480/480
f 16/505/505 36/480/480 32/504/504
f 32/504/504 36/480/480 54/481/481
f 32/504/504 54/481/481 52/503/503
f 52/503/503 54/481/481 76/482/482
f 52/503/503 76/482/482 74/502/502
f 74/502/502 76/482/482 98/483/483
f 74/502/502 98/483/483 96/501/501
f 96/501/501 98/483/483 120/484/484
f 96/501/501 120/484/484 118/500/500
f 118/500/500 120/484/484 142/485/485
f 118/500/500 142/485/485 140/499/499
f 140/499/499 142/485/485 164/486/486
f 140/499/499 164/486/486 162/498/498
f 162/498/498 164/486/486 186/487/487
f 162/498/498 186/487/487 184/497/497
f 184/497/497 186/487/487 208/488/488
f 184/497/497 208/488/488 206/496/496
f 206/496/496 208/488/488 230/489/489
f 206/496/496 230/489/489 228/495/495
f 228/495/495 230/489/489 252/490/490
f 228/495/495 252/490/490 250/494/494
f 250/494/494 252/490/490 274/491/491
f 250/494/494 274/491/491 272/493/493
f 272/493/493 274/491/491 310/439/439
f 346/546/546 310/598/598 313/545/545
f 313/545/545 310/598/598 274/599/599
f 313/545/545 274/599/599 275/597/597
f 275/597/597 274/599/599 252/600/600
f 275/597/597 252/600/600 253/596/596
f 253/596/596 252/600/600 230/601/601
f 253/596/596 230/601/601 231/595/595
f 231/595/595 230/601/601 208/602/602
f 231/595/595 208/602/602 209/594/594
f 209/594/594 208/602/602 186/603/603
f 209/594/594 186/603/603 187/593/593
f 187/593/593 186/603/603 164/604/604
f 187/593/593 164/604/604 165/592/592
f 165/592/592 164/604/604 142/605/605
f 165/592/592 142/605/605 143/591/591
f 143/591/591 142/605/605 120/606/606
f 143/591/591 120/606/606 121/590/590
f 121/590/590 120/606/606 98/607/607
f 121/590/590 98/607/607 99/589/589
f 99/589/589 98/607/607 76/608/608
f 99/589/589 76/608/608 77/588/588
f 77/588/588 76/608/608 54/609/609
f 77/588/588 54/609/609 55/587/587
f 55/587/587 54/609/609 36/610/610
f 55/587/587 36/610/610 37/586/586
f 37/586/586 36/610/610 20/611/611
f 37/586/586 20/611/611 21/585/585
f 21/585/585 20/611/611 25/612/612
f 21/585/585 25/612/612 26/584/584
f 26/584/584 25/612/612 43/613/613
f 26/584/584 43/613/613 44/583/583
f 44/583/583 43/613/613 65/614/614
f 44/583/583 65/614/614 66/582/582
f 66/582/582 65/614/614 87/615/615
f 66/582/582 87/615/615 88/581/581
f 88/581/581 87/615/615 109/616/616
f 88/581/581 109/616/616 110/580/580
f 110/580/580 109/616/616 131/617/617
f 110/580/580 131/617/617 132/579/579
f 132/579/579 131/617/617 153/618/618
f 132/579/579 153/618/618 154/578/578
f 154/578/578 153/618/618 175/619/619
f 154/578/578 175/619/619 176/577/577
f 176/577/577 175/619/619 197/620/620
f 176/577/577 197/620/620 198/576/576
f 198/576/576 197/620/620 219/621/621
f 198/576/576 219/621/621 220/575/575
f 220/575/575 219/621/621 241/622/622
f 220/575/575 241/622/622 242/574/574
f 242/574/574 241/622/622 263/623/623
f 242/574/574 263/623/623 264/573/573
f 264/573/573 263/623/623 297/651/651
f 264/573/573 297/652/652 298/572/572
f 298/653/653 297/624/624 322/625/625
f 298/654/654 322/625/625 323/571/571
f 323/571/571 322/625/625 356/626/626
f 323/571/571 356/626/626 357/570/570
f 357/570/570 356/626/626 378/627/627
f 357/570/570 378/627/627 379/569/569
f 379/569/569 378/627/627 400/628/628
f 379/569/569 400/628/628 401/568/568
f 401/568/568 400/628/628 422/629/629
f 401/568/568 422/629/629 423/567/567
f 423/567/567 422/629/629 444/630/630
f 423/567/567 444/630/630 445/566/566
f 445/566/566 444/630/630 466/631/631
f 445/566/566 466/631/631 467/565/565
f 467/565/565 466/631/631 488/632/632
f 467/565/565 488/632/632 489/564/564
f 489/564/564 488/632/632 510/633/633
f 489/564/564 510/633/633 511/563/563
f 511/563/563 510/633/633 532/634/634
f 511/563/563 532/634/634 533/562/562
f 533/562/562 532/634/634 554/635/635
f 533/562/562 554/635/635 555/561/561
f 555/561/561 554/635/635 576/636/636
f 555/561/561 576/636/636 577/560/560
f 577/560/560 576/636/636 594/637/637
f 577/560/560 594/637/637 595/559/559
f 595/559/559 594/637/637 599/638/638
f 595/559/559 599/638/638 600/558/558
f 600/558/558 599/638/638 583/639/639
f 600/558/558 583/639/639 584/557/557
f 584/557/557 583/639/639 565/640/640
f 584/557/557 565/640/640 566/556/556
f 566/556/556 565/640/640 543/641/641
f 566/556/556 543/641/641 544/555/555
f 544/555/555 543/641/641 521/642/642
f 544/555/555 521/642/642 522/554/554
f 522/554/554 521/642/642 499/643/643
f 522/554/554 499/643/643 500/553/553
f 500/553/553 499/643/643 477/644/644
f 500/553/553 477/644/644 478/552/552
f 478/552/552 477/644/644 455/645/645
f 478/552/552 455/645/645 456/551/551
f 456/551/551 455/645/645 433/646/646
f 456/551/551 433/646/646 434/550/550
f 434/550/550 433/646/646 411/647/647
f 434/550/550 411/647/647 412/549/549
f 412/549/549 411/647/647 389/648/648
f 412/549/549 389/648/648 390/548/548
f 390/548/548 389/648/648 367/649/649
f 390/548/548 367/649/649 368/547/547
f 368/547/547 367/649/649 345/650/650
f 368/547/547 345/650/650 346/546/546
f 346/546/546 345/650/650 310/598/598
f 318/656/656 346/725/725 314/655/655
f 314/655/655 346/725/725 313/673/673
f 314/655/655 313/673/673 275/674/674
f 346/725/725 318/656/656 368/724/724
f 368/724/724 318/656/656 333/657/657
f 368/724/724 333/657/657 337/658/658
f 341/659/659 544/716/716 337/658/658
f 337/658/658 544/716/716 522/717/717
f 337/658/658 522/717/717 500/718/718
f 342/660/660 600/713/713 341/659/659
f 341/659/659 600/713/713 584/714/714
f 341/659/659 584/714/714 566/715/715
f 338/661/661 555/710/710 342/660/660
f 342/660/660 555/710/710 577/711/711
f 342/660/660 577/711/711 595/712/712
f 334/662/662 489/707/707 338/661/661
f 338/661/661 489/707/707 511/708/708
f 338/661/661 511/708/708 533/709/709
f 319/663/663 423/704/704 334/662/662
f 334/662/662 423/704/704 445/705/705
f 334/662/662 445/705/705 467/706/706
f 315/664/664 357/701/701 319/663/663
f 319/663/663 357/701/701 379/702/702
f 319/663/663 379/702/702 401/703/703
f 300/665/665 264/698/698 315/664/664
f 315/664/664 264/698/698 298/699/699
f 315/664/664 298/699/699 323/700/700
f 285/666/666 198/695/695 300/665/665
f 300/665/665 198/695/695 220/696/696
f 300/665/665 220/696/696 242/697/697
f 281/667/667 132/692/692 285/666/666
f 285/666/666 132/692/692 154/693/693
f 285/666/666 154/693/693 176/694/694
f 277/668/668 66/689/689 281/667/667
f 281/667/667 66/689/689 88/690/690
f 281/667/667 88/690/690 110/691/691
f 276/669/669 21/686/686 277/668/668
f 277/668/668 21/686/686 26/687/687
f 277/668/668 26/687/687 44/688/688
f 280/670/670 275/674/674 276/669/669
f 276/669/669 275/674/674 253/675/675
f 276/669/669 253/675/675 231/676/676
f 280/670/670 284/671/671 275/674/674
f 275/674/674 284/671/671 299/672/672
f 275/674/674 299/672/672 314/655/655
f 231/676/676 209/677/677 276/669/669
f 276/669/669 209/677/677 187/678/678
f 276/669/669 187/678/678 165/679/679
f 165/679/679 143/680/680 276/669/669
f 276/669/669 143/680/680 121/681/681
f 276/669/669 121/681/681 99/682/682
f 99/682/682 77/683/683 276/669/669
f 276/669/669 77/683/683 55/684/684
f 276/669/669 55/684/684 37/685/685
f 37/685/685 21/686/686 276/669/669
f 44/688/688 66/689/689 277/668/668
f 110/691/691 132/692/692 281/667/667
f 176/694/694 198/695/695 285/666/666
f 242/697/697 264/698/698 300/665/665
f 323/700/700 357/701/701 315/664/664
f 401/703/703 423/704/704 319/663/663
f 467/706/706 489/707/707 334/662/662
f 533/709/709 555/710/710 338/661/661
f 595/712/712 600/713/713 342/660/660
f 566/715/715 544/716/716 341/659/659
f 500/718/718 478/719/719 337/658/658
f 337/658/658 478/719/719 456/720/720
f 337/658/658 456/720/720 434/721/721
f 434/721/721 412/722/722 337/658/658
f 337/658/658 412/722/722 390/723/723
f 337/658/658 390/723/723 368/724/724
f 320/727/727 318/761/761 316/726/726
f 316/726/726 318/761/761 314/744/744
f 316/726/726 314/744/744 301/743/743
f 301/743/743 314/744/744 299/745/745
f 301/743/743 299/745/745 286/742/742
f 286/742/742 299/745/745 284/746/746
f 286/742/742 284/746/746 282/741/741
f 282/741/741 284/746/746 280/747/747
f 282/741/741 280/747/747 278/740/740
f 278/740/740 280/747/747 276/748/748
f 278/740/740 276/748/748 279/739/739
f 279/739/739 276/748/748 277/749/749
f 279/739/739 277/749/749 283/738/738
f 283/738/738 277/749/749 281/750/750
f 283/738/738 281/750/750 287/737/737
f 287/737/737 281/750/750 285/751/751
f 287/737/737 285/751/751 302/736/736
f 302/736/736 285/751/751 300/752/752
f 302/736/736 300/752/752 317/735/735
f 317/735/735 300/752/752 315/762/762
f 317/763/763 315/753/753 321/734/734
f 321/734/734 315/753/753 319/754/754
f 321/734/734 319/754/754 336/733/733
f 336/733/733 319/754/754 334/755/755
f 336/733/733 334/755/755 340/732/732
f 340/732/732 334/755/755 338/756/756
f 340/732/732 338/756/756 344/731/731
f 344/731/731 338/756/756 342/757/757
f 344/731/731 342/757/757 343/730/730
f 343/730/730 342/757/757 341/758/758
f 343/730/730 341/758/758 339/729/729
f 339/729/729 341/758/758 337/759/759
f 339/729/729 337/759/759 335/728/728
f 335/728/728 337/759/759 333/760/760
f 335/728/728 333/760/760 320/727/727
f 320/727/727 333/760/760 318/761/761
f 301/765/765 302/772/772 316/764/764
f 316/764/764 302/772/772 317/773/773
f 316/764/764 317/773/773 320/781/781
f 320/781/781 317/773/773 321/774/774
f 320/781/781 321/774/774 335/780/780
f 335/780/780 321/774/774 336/775/775
f 335/780/780 336/775/775 339/779/779
f 339/779/779 336/775/775 340/776/776
f 339/779/779 340/776/776 343/778/778
f 343/778/778 340/776/776 344/777/777
f 302/772/772 301/765/765 287/771/771
f 287/771/771 301/765/765 286/766/766
f 287/771/771 286/766/766 283/770/770
f 283/770/770 286/766/766 282/767/767
f 283/770/770 282/767/767 279/769/769
f 279/769/769 282/767/767 278/768/768
f 271/834/834 303/782/782 260/810/810
f 260/810/810 303/782/782 347/783/783
f 260/810/810 347/783/783 369/784/784
f 369/784/784 391/785/785 260/810/810
f 260/810/810 391/785/785 413/786/786
f 260/810/810 413/786/786 435/787/787
f 435/787/787 457/788/788 260/810/810
f 260/810/810 457/788/788 479/789/789
f 260/810/810 479/789/789 501/790/790
f 501/790/790 523/791/791 260/810/810
f 260/810/810 523/791/791 545/792/792
f 260/810/810 545/792/792 567/793/793
f 567/793/793 587/794/794 260/810/810
f 260/810/810 587/794/794 603/795/795
f 260/810/810 603/795/795 596/796/796
f 596/796/796 578/797/797 260/810/810
f 260/810/810 578/797/797 556/798/798
f 260/810/810 556/798/798 534/799/799
f 534/799/799 512/800/800 260/810/810
f 260/810/810 512/800/800 490/801/801
f 260/810/810 490/801/801 468/802/802
f 468/802/802 446/803/803 260/810/810
f 260/810/810 446/803/803 424/804/804
f 260/810/810 424/804/804 402/805/805
f 402/805/805 380/806/806 260/810/810
f 260/810/810 380/806/806 358/807/807
f 260/810/810 358/807/807 294/809/809
f 294/809/809 358/807/807 324/808/808
f 271/834/834 260/810/810 249/833/833
f 249/833/833 260/810/810 238/811/811
f 249/833/833 238/811/811 227/832/832
f 227/832/832 238/811/811 216/812/812
f 227/832/832 216/812/812 205/831/831
f 205/831/831 216/812/812 194/813/813
f 205/831/831 194/813/813 183/830/830
f 183/830/830 194/813/813 172/814/814
f 183/830/830 172/814/814 161/829/829
f 161/829/829 172/814/814 150/815/815
f 161/829/829 150/815/815 139/828/828
f 139/828/828 150/815/815 128/816/816
f 139/828/828 128/816/816 117/827/827
f 117/827/827 128/816/816 106/817/817
f 117/827/827 106/817/817 95/826/826
f 95/826/826 106/817/817 84/818/818
f 95/826/826 84/818/818 73/825/825
f 73/825/825 84/818/818 62/819/819
f 73/825/825 62/819/819 51/824/824
f 51/824/824 62/819/819 40/820/820
f 51/824/824 40/820/820 31/823/823
f 31/823/823 40/820/820 22/821/821
f 31/823/823 22/821/821 15/822/822
f 354/836/836 352/943/943 306/835/835
f 306/835/835 352/943/943 305/1047/1047
f 306/1048/1048 305/941/941 265/887/887
f 265/887/887 305/941/941 267/1045/1045
f 265/887/887 267/1045/1045 243/886/886
f 243/886/886 267/1045/1045 245/1043/1043
f 243/886/886 245/1043/1043 221/885/885
f 221/885/885 245/1043/1043 223/1041/1041
f 221/885/885 223/1041/1041 199/884/884
f 199/884/884 223/1041/1041 201/1039/1039
f 199/884/884 201/1039/1039 177/883/883
f 177/883/883 201/1039/1039 179/1037/1037
f 177/883/883 179/1037/1037 155/882/882
f 155/882/882 179/1037/1037 157/1035/1035
f 155/882/882 157/1035/1035 133/881/881
f 133/881/881 157/1035/1035 135/1033/1033
f 133/881/881 135/1033/1033 111/880/880
f 111/880/880 135/1033/1033 113/1031/1031
f 111/880/880 113/1031/1031 89/879/879
f 89/879/879 113/1031/1031 91/1029/1029
f 89/879/879 91/1029/1029 67/878/878
f 67/878/878 91/1029/1029 69/1027/1027
f 67/878/878 69/1027/1027 45/877/877
f 45/877/877 69/1027/1027 47/1025/1025
f 45/877/877 47/1025/1025 13/876/876
f 13/876/876 47/1025/1025 18/1023/1023
f 13/876/876 18/1023/1023 1/875/875
f 1/875/875 18/1023/1023 3/1021/1021
f 1/875/875 3/1021/1021 5/874/874
f 5/874/874 3/1021/1021 7/1019/1019
f 5/874/874 7/1019/1019 29/873/873
f 29/873/873 7/1019/1019 34/1017/1017
f 29/873/873 34/1017/1017 56/872/872
f 56/872/872 34/1017/1017 58/1015/1015
f 56/872/872 58/1015/1015 78/871/871
f 78/871/871 58/1015/1015 80/1013/1013
f 78/871/871 80/1013/1013 100/870/870
f 100/870/870 80/1013/1013 102/1011/1011
f 100/870/870 102/1011/1011 122/869/869
f 122/869/869 102/1011/1011 124/1009/1009
f 122/869/869 124/1009/1009 144/868/868
f 144/868/868 124/1009/1009 146/1007/1007
f 144/868/868 146/1007/1007 166/867/867
f 166/867/867 146/1007/1007 168/1005/1005
f 166/867/867 168/1005/1005 188/866/866
f 188/866/866 168/1005/1005 190/1003/1003
f 188/866/866 190/1003/1003 210/865/865
f 210/865/865 190/1003/1003 212/1001/1001
f 210/865/865 212/1001/1001 232/864/864
f 232/864/864 212/1001/1001 234/999/999
f 232/864/864 234/999/999 254/863/863
f 254/863/863 234/999/999 256/997/997
f 254/863/863 256/997/997 288/862/862
f 288/862/862 256/997/997 290/995/995
f 288/862/862 290/995/995 331/861/861
f 331/861/861 290/995/995 329/993/993
f 331/861/861 329/993/993 365/860/860
f 365/860/860 329/993/993 363/991/991
f 365/860/860 363/991/991 387/859/859
f 387/859/859 363/991/991 385/989/989
f 387/859/859 385/989/989 409/858/858
f 409/858/858 385/989/989 407/987/987
f 409/858/858 407/987/987 431/857/857
f 431/857/857 407/987/987 429/985/985
f 431/857/857 429/985/985 453/856/856
f 453/856/856 429/985/985 451/983/983
f 453/856/856 451/983/983 475/855/855
f 475/855/855 451/983/983 473/981/981
f 475/855/855 473/981/981 497/854/854
f 497/854/854 473/981/981 495/979/979
f 497/854/854 495/979/979 519/853/853
f 519/853/853 495/979/979 517/977/977
f 519/853/853 517/977/977 541/852/852
f 541/852/852 517/977/977 539/975/975
f 541/852/852 539/975/975 563/851/851
f 563/851/851 539/975/975 561/973/973
f 563/851/851 561/973/973 590/850/850
f 590/850/850 561/973/973 585/971/971
f 590/850/850 585/971/971 614/849/849
f 614/849/849 585/971/971 612/969/969
f 614/849/849 612/969/969 618/848/848
f 618/848/848 612/969/969 616/967/967
f 618/848/848 616/967/967 606/847/847
f 606/847/847 616/967/967 601/965/965
f 606/847/847 601/965/965 574/846/846
f 574/846/846 601/965/965 572/963/963
f 574/846/846 572/963/963 552/845/845
f 552/845/845 572/963/963 550/961/961
f 552/845/845 550/961/961 530/844/844
f 530/844/844 550/961/961 528/959/959
f 530/844/844 528/959/959 508/843/843
f 508/843/843 528/959/959 506/957/957
f 508/843/843 506/957/957 486/842/842
f 486/842/842 506/957/957 484/955/955
f 486/842/842 484/955/955 464/841/841
f 464/841/841 484/955/955 462/953/953
f 464/841/841 462/953/953 442/840/840
f 442/840/840 462/953/953 440/951/951
f 442/840/840 440/951/951 420/839/839
f 420/839/839 440/951/951 418/949/949
f 420/839/839 418/949/949 398/838/838
f 398/838/838 418/949/949 396/947/947
f 398/838/838 396/947/947 376/837/837
f 376/837/837 396/947/947 374/945/945
f 376/837/837 374/945/945 354/836/836
f 354/836/836 374/945/945 352/943/943
f 271/889/889 269/1046/1046 303/888/888
f 303/888/888 269/1046/1046 304/942/942
f 303/888/888 304/942/942 347/1049/1049
f 347/940/940 304/1050/1050 350/944/944
f 347/940/940 350/944/944 369/939/939
f 369/939/939 350/944/944 372/946/946
f 369/939/939 372/946/946 391/938/938
f 391/938/938 372/946/946 394/948/948
f 391/938/938 394/948/948 413/937/937
f 413/937/937 394/948/948 416/950/950
f 413/937/937 416/950/950 435/936/936
f 435/936/936 416/950/950 438/952/952
f 435/936/936 438/952/952 457/935/935
f 457/935/935 438/952/952 460/954/954
f 457/935/935 460/954/954 479/934/934
f 479/934/934 460/954/954 482/956/956
f 479/934/934 482/956/956 501/933/933
f 501/933/933 482/956/956 504/958/958
f 501/933/933 504/958/958 523/932/932
f 523/932/932 504/958/958 526/960/960
f 523/932/932 526/960/960 545/931/931
f 545/931/931 526/960/960 548/962/962
f 545/931/931 548/962/962 567/930/930
f 567/930/930 548/962/962 570/964/964
f 567/930/930 570/964/964 587/929/929
f 587/929/929 570/964/964 592/966/966
f 587/929/929 592/966/966 603/928/928
f 603/928/928 592/966/966 610/968/968
f 603/928/928 610/968/968 596/927/927
f 596/927/927 610/968/968 608/970/970
f 596/927/927 608/970/970 578/926/926
f 578/926/926 608/970/970 581/972/972
f 578/926/926 581/972/972 556/925/925
f 556/925/925 581/972/972 559/974/974
f 556/925/925 559/974/974 534/924/924
f 534/924/924 559/974/974 537/976/976
f 534/924/924 537/976/976 512/923/923
f 512/923/923 537/976/976 515/978/978
f 512/923/923 515/978/978 490/922/922
f 490/922/922 515/978/978 493/980/980
f 490/922/922 493/980/980 468/921/921
f 468/921/921 493/980/980 471/982/982
f 468/921/921 471/982/982 446/920/920
f 446/920/920 471/982/982 449/984/984
f 446/920/920 449/984/984 424/919/919
f 424/919/919 449/984/984 427/986/986
f 424/919/919 427/986/986 402/918/918
f 402/918/918 427/986/986 405/988/988
f 402/918/918 405/988/988 380/917/917
f 380/917/917 405/988/988 383/990/990
f 380/917/917 383/990/990 358/916/916
f 358/916/916 383/990/990 361/992/992
f 358/916/916 361/992/992 324/915/915
f 324/915/915 361/992/992 327/994/994
f 324/915/915 327/994/994 294/914/914
f 294/914/914 327/994/994 292/996/996
f 294/914/914 292/996/996 260/913/913
f 260/913/913 292/996/996 258/998/998
f 260/913/913 258/998/998 238/912/912
f 238/912/912 258/998/998 236/1000/1000
f 238/912/912 236/1000/1000 216/911/911
f 216/911/911 236/1000/1000 214/1002/1002
f 216/911/911 214/1002/1002 194/910/910
f 194/910/910 214/1002/1002 192/1004/1004
f 194/910/910 192/1004/1004 172/909/909
f 172/909/909 192/1004/1004 170/1006/1006
f 172/909/909 170/1006/1006 150/908/908
f 150/908/908 170/1006/1006 148/1008/1008
f 150/908/908 148/1008/1008 128/907/907
f 128/907/907 148/1008/1008 126/1010/1010
f 128/907/907 126/1010/1010 106/906/906
f 106/906/906 126/1010/1010 104/1012/1012
f 106/906/906 104/1012/1012 84/905/905
f 84/905/905 104/1012/1012 82/1014/1014
f 84/905/905 82/1014/1014 62/904/904
f 62/904/904 82/1014/1014 60/1016/1016
f 62/904/904 60/1016/1016 40/903/903
f 40/903/903 60/1016/1016 38/1018/1018
f 40/903/903 38/1018/1018 22/902/902
f 22/902/902 38/1018/1018 11/1020/1020
f 22/902/902 11/1020/1020 15/901/901
f 15/901/901 11/1020/1020 9/1022/1022
f 15/901/901 9/1022/1022 31/900/900
f 31/900/900 9/1022/1022 27/1024/1024
f 31/900/900 27/1024/1024 51/899/899
f 51/899/899 27/1024/1024 49/1026/1026
f 51/899/899 49/1026/1026 73/898/898
f 73/898/898 49/1026/1026 71/1028/1028
f 73/898/898 71/1028/1028 95/897/897
f 95/897/897 71/1028/1028 93/1030/1030
f 95/897/897 93/1030/1030 117/896/896
f 117/896/896 93/1030/1030 115/1032/1032
f 117/896/896 115/1032/1032 139/895/895
f 139/895/895 115/1032/1032 137/1034/1034
f 139/895/895 137/1034/1034 161/894/894
f 161/894/894 137/1034/1034 159/1036/1036
f 161/894/894 159/1036/1036 183/893/893
f 183/893/893 159/1036/1036 181/1038/1038
f 183/893/893 181/1038/1038 205/892/892
f 205/892/892 181/1038/1038 203/1040/1040
f 205/892/892 203/1040/1040 227/891/891
f 227/891/891 203/1040/1040 225/1042/1042
f 227/891/891 225/1042/1042 249/890/890
f 249/890/890 225/1042/1042 247/1044/1044
f 249/890/890 247/1044/1044 271/889/889
f 271/889/889 247/1044/1044 269/1046/1046
f 305/941/941 304/942/942 267/1045/1045
f 267/1045/1045 304/942/942 269/1046/1046
f 267/1045/1045 269/1046/1046 245/1043/1043
f 245/1043/1043 269/1046/1046 247/1044/1044
f 245/1043/1043 247/1044/1044 223/1041/1041
f 223/1041/1041 247/1044/1044 225/1042/1042
f 223/1041/1041 225/1042/1042 201/1039/1039
f 201/1039/1039 225/1042/1042 203/1040/1040
f 201/1039/1039 203/1040/1040 179/1037/1037
f 179/1037/1037 203/1040/1040 181/1038/1038
f 179/1037/1037 181/1038/1038 157/1035/1035
f 157/1035/1035 181/1038/1038 159/1036/1036
f 157/1035/1035 159/1036/1036 135/1033/1033
f 135/1033/1033 159/1036/1036 137/1034/1034
f 135/1033/1033 137/1034/1034 113/1031/1031
f 113/1031/1031 137/1034/1034 115/1032/1032
f 113/1031/1031 115/1032/1032 91/1029/1029
f 91/1029/1029 115/1032/1032 93/1030/1030
f 91/1029/1029 93/1030/1030 69/1027/1027
f 69/1027/1027 93/1030/1030 71/1028/1028
f 69/1027/1027 71/1028/1028 47/1025/1025
f 47/1025/1025 71/1028/1028 49/1026/1026
f 47/1025/1025 49/1026/1026 18/1023/1023
f 18/1023/1023 49/1026/1026 27/1024/1024
f 18/1023/1023 27/1024/1024 3/1021/1021
f 3/1021/1021 27/1024/1024 9/1022/1022
f 3/1021/1021 9/1022/1022 7/1019/1019
f 7/1019/1019 9/1022/1022 11/1020/1020
f 7/1019/1019 11/1020/1020 34/1017/1017
f 34/1017/1017 11/1020/1020 38/1018/1018
f 34/1017/1017 38/1018/1018 58/1015/1015
f 58/1015/1015 38/1018/1018 60/1016/1016
f 58/1015/1015 60/1016/1016 80/1013/1013
f 80/1013/1013 60/1016/1016 82/1014/1014
f 80/1013/1013 82/1014/1014 102/1011/1011
f 102/1011/1011 82/1014/1014 104/1012/1012
f 102/1011/1011 104/1012/1012 124/1009/1009
f 124/1009/1009 104/1012/1012 126/1010/1010
f 124/1009/1009 126/1010/1010 146/1007/1007
f 146/1007/1007 126/1010/1010 148/1008/1008
f 146/1007/1007 148/1008/1008 168/1005/1005
f 168/1005/1005 148/1008/1008 170/1006/1006
f 168/1005/1005 170/1006/1006 190/1003/1003
f 190/1003/1003 170/1006/1006 192/1004/1004
f 190/1003/1003 192/1004/1004 212/1001/1001
f 212/1001/1001 192/1004/1004 214/1002/1002
f 212/1001/1001 214/1002/1002 234/999/999
f 234/999/999 214/1002/1002 236/1000/1000
f 234/999/999 236/1000/1000 256/997/997
f 256/997/997 236/1000/1000 258/998/998
f 256/997/997 258/998/998 290/995/995
f 290/995/995 258/998/998 292/996/996
f 290/995/995 292/996/996 329/993/993
f 329/993/993 292/996/996 327/994/994
f 329/993/993 327/994/994 363/991/991
f 363/991/991 327/994/994 361/992/992
f 363/991/991 361/992/992 385/989/989
f 385/989/989 361/992/992 383/990/990
f 385/989/989 383/990/990 407/987/987
f 407/987/987 383/990/990 405/988/988
f 407/987/987 405/988/988 429/985/985
f 429/985/985 405/988/988 427/986/986
f 429/985/985 427/986/986 451/983/983
f 451/983/983 427/986/986 449/984/984
f 451/983/983 449/984/984 473/981/981
f 473/981/981 449/984/984 471/982/982
f 473/981/981 471/982/982 495/979/979
f 495/979/979 471/982/982 493/980/980
f 495/979/979 493/980/980 517/977/977
f 517/977/977 493/980/980 515/978/978
f 517/977/977 515/978/978 539/975/975
f 539/975/975 515/978/978 537/976/976
f 539/975/975 537/976/976 561/973/973
f 561/973/973 537/976/976 559/974/974
f 561/973/973 559/974/974 585/971/971
f 585/971/971 559/974/974 581/972/972
f 585/971/971 581/972/972 612/969/969
f 612/969/969 581/972/972 608/970/970
f 612/969/969 608/970/970 616/967/967
f 616/967/967 608/970/970 610/968/968
f 616/967/967 610/968/968 601/965/965
f 601/965/965 610/968/968 592/966/966
f 601/965/965 592/966/966 572/963/963
f 572/963/963 592/966/966 570/964/964
f 572/963/963 570/964/964 550/961/961
f 550/961/961 570/964/964 548/962/962
f 550/961/961 548/962/962 528/959/959
f 528/959/959 548/962/962 526/960/960
f 528/959/959 526/960/960 506/957/957
f 506/957/957 526/960/960 504/958/958
f 506/957/957 504/958/958 484/955/955
f 484/955/955 504/958/958 482/956/956
f 484/955/955 482/956/956 462/953/953
f 462/953/953 482/956/956 460/954/954
f 462/953/953 460/954/954 440/951/951
f 440/951/951 460/954/954 438/952/952
f 440/951/951 438/952/952 418/949/949
f 418/949/949 438/952/952 416/950/950
f 418/949/949 416/950/950 396/947/947
f 396/947/947 416/950/950 394/948/948
f 396/947/947 394/948/948 374/945/945
f 374/945/945 394/948/948 372/946/946
f 374/945/945 372/946/946 352/943/943
f 352/943/943 372/946/946 350/944/944
f 352/943/943 350/944/944 305/1051/1051
f 305/941/941 350/1052/1052 304/942/942
# 619 vertices
# 1052 texture params
# 1052 normals
# 1234 facets

# 1 groups
