# WaveFront *.obj file (generated by Autodesk ATF)

mtllib Part2.mtl

g ソリッド2

v 0.000000 11.051266 -9.000000
v 0.000000 11.051266 -2.000000
v 0.000000 12.051266 -8.732051
v 0.000000 12.051266 -2.267949
v 0.000000 12.783316 -8.000000
v 0.000000 12.783316 -3.000000
v 0.000000 13.051265 -7.000000
v 0.000000 13.051265 -4.000000
v 1.487869 10.059353 -8.736695
v 1.487869 10.059353 -2.263305
v 2.106431 9.646978 -8.424070
v 2.106431 9.646978 -2.575930
v 2.583975 9.328616 -8.016109
v 2.583975 9.328616 -2.983891
v 4.921658 9.208905 -7.778272
v 4.921658 9.208905 -3.221728
v 6.621672 9.121849 -7.526640
v 6.621672 9.121849 -3.473360
v 7.653884 9.068990 -7.265674
v 7.653884 9.068990 -3.734325
v 7.913375 9.055702 -7.133133
v 7.913375 9.055702 -3.866867
v 7.978338 9.052375 -7.066603
v 7.978338 9.052375 -3.933397
v 8.000000 9.051266 -7.000000
v 8.000000 9.051266 -4.000000
v 19.079149 9.051266 -7.000000
v 19.079149 9.051266 -4.000000
v 35.491567 9.089695 -7.390181
v 35.491567 9.089695 -3.609819
v 43.500009 9.137385 -7.580569
v 43.500009 9.137385 -3.419431
v 51.273265 9.203507 -7.765367
v 51.273265 9.203507 -3.234633
v 58.736477 9.287423 -7.942793
v 58.736477 9.287423 -3.057207
v 65.817766 9.388326 -8.111141
v 65.817766 9.388326 -2.888860
v 72.448936 9.505245 -8.268787
v 72.448936 9.505245 -2.731214
v 78.566122 9.637052 -8.414214
v 78.566122 9.637052 -2.585787
v 84.110422 9.782479 -8.546021
v 84.110422 9.782479 -2.453979
v 89.028435 9.940125 -8.662939
v 89.028435 9.940125 -2.337061
v 93.272791 10.108472 -8.763843
v 93.272791 10.108472 -2.236158
v 94.737844 9.051266 -8.798672
v 94.737844 9.051266 -2.201328
v 95.970354 13.051265 -7.000000
v 95.970354 13.051265 -4.000000
v 95.987864 12.783316 -8.000000
v 95.987864 12.783316 -3.000000
v 96.035681 12.051266 -8.732051
v 96.035681 12.051266 -2.267949
v 96.101007 11.051266 -9.000000
v 96.101007 11.051266 -2.000000
v 96.802626 10.285900 -8.847759
v 96.802626 10.285900 -2.152241
v 98.288698 10.377486 -8.883088
v 98.288698 10.377486 -2.116912
v 99.583941 10.470697 -8.913881
v 99.583941 10.470697 -2.086119
v 100.685244 10.565306 -8.940063
v 100.685244 10.565306 -2.059938
v 101.589956 10.661086 -8.961570
v 101.589956 10.661086 -2.038429
v 102.157526 10.066242 -8.975064
v 102.157526 10.066242 -2.024936
v 102.295885 10.757805 -8.978353
v 102.295885 10.757805 -2.021647
v 102.801342 10.855231 -8.990369
v 102.801342 10.855231 -2.009631
v 103.105097 10.953131 -8.997591
v 103.105097 10.953131 -2.002409
v 103.181095 11.002183 -8.999398
v 103.181095 11.002183 -2.000602
v 103.200102 11.026723 -8.999850
v 103.200102 11.026723 -2.000151
v 103.206434 11.051266 -9.000000
v 103.206434 11.051266 -2.000000
v 103.206434 11.983620 -9.000000
v 103.206434 11.983620 -2.000000
v 103.206434 12.493470 -8.935059
v 103.206434 12.493470 -2.064941
v 103.206434 12.510291 -9.000000
v 103.206434 12.510291 -2.000000
v 103.206434 13.096387 -8.668145
v 103.206434 13.096387 -2.331855
v 103.206434 13.511373 -8.732535
v 103.206434 13.511373 -2.267465
v 103.206434 13.580071 -8.222491
v 103.206434 13.580071 -2.777510
v 103.206434 13.892696 -7.645846
v 103.206434 13.892696 -3.354154
v 103.206434 14.000764 -7.000000
v 103.206434 14.000764 -4.000000
v 103.206434 14.243876 -8.001657
v 103.206434 14.243876 -2.998344
v 103.206434 14.511935 -7.002794
v 103.206434 14.511935 -3.997206
v 103.999996 14.240651 -8.116850
v 103.999996 14.240651 -2.883150
v 103.999996 14.420298 -7.775375
v 103.999996 14.420298 -3.224625
v 103.999996 14.530833 -7.405726
v 103.999996 14.530833 -3.594274
v 103.999996 14.568141 -7.021660
v 103.999996 14.568141 -3.978340
v 104.507799 14.111516 -8.346288
v 104.507799 14.111516 -2.653712
v 104.525213 14.179995 -8.265490
v 104.525213 14.179995 -2.734510
v 104.541492 14.244007 -8.181235
v 104.541492 14.244007 -2.818765
v 104.556589 14.303373 -8.093758
v 104.556589 14.303373 -2.906242
v 105.001478 13.771096 -8.691780
v 105.001478 13.771096 -2.308220
v 105.001478 13.929346 -8.571343
v 105.001478 13.929346 -2.428656
v 105.001478 13.938824 -8.504055
v 105.001478 13.938824 -2.495945
v 105.001478 14.000000 -8.260007
v 105.001478 14.000000 -2.739993
v 105.001478 14.074811 -8.435814
v 105.001478 14.074811 -2.564186
v 105.001478 14.206057 -8.286529
v 105.001478 14.206057 -2.713471
v 105.349045 13.798265 -8.680929
v 105.358162 13.824849 -8.650961
v 105.386724 13.891850 -8.541034
v 105.395355 13.906741 -8.502586
v 105.417309 13.930330 -8.390874
v 106.735020 13.510345 -2.082921
v 106.744585 13.550787 -2.115546
v 106.769066 13.356231 -8.994960
v 106.769066 13.356231 -2.005040
v 106.771879 13.648443 -2.237320
v 106.794777 13.702894 -2.384344
v 106.806355 13.712373 -8.511685
v 106.806355 13.712373 -2.488315
v 107.752514 13.301262 -9.026462
v 107.761679 13.347769 -8.996639
v 107.788715 13.470023 -8.868171
v 107.796144 13.498428 -8.818820
v 107.812529 13.545680 -8.668687
v 108.713093 12.900310 -9.130912
v 108.713093 12.900310 -1.869087
v 108.754101 13.147728 -9.064569
v 108.754101 13.147728 -1.935431
v 108.787270 13.328544 -8.881524
v 108.787270 13.328544 -2.118476
v 108.803663 13.394079 -8.631054
v 108.803663 13.394079 -2.368946
v 109.408159 10.066242 -8.150450
v 109.408159 10.066242 -2.849550
v 109.442749 10.066242 -8.249096
v 109.442749 10.066242 -2.750904
v 109.546175 10.066242 -8.348408
v 109.546175 10.066242 -2.651592
v 109.954929 10.066242 -8.545227
v 109.954929 10.066242 -2.454773
v 110.618782 10.066242 -8.733374
v 110.618782 10.066242 -2.266626
v 111.512327 10.066242 -8.905649
v 111.512327 10.066242 -2.094351
v 113.844252 10.066242 -9.177071
v 113.844252 10.066242 -1.822929
v 116.597137 10.066242 -9.318344
v 116.597137 10.066242 -1.681656
v 157.642403 3.313661 -9.297147
v 157.642403 3.313661 -1.702853
v 157.649269 3.447427 -9.796057
v 157.649269 3.447427 -1.203943
v 157.691298 3.809772 -10.161833
v 157.691298 3.809772 -0.838168
v 157.757282 4.304003 -10.296865
v 157.757282 4.304003 -0.703136
v 159.948874 4.735307 -10.348966
v 159.948874 4.735307 -0.651034
v 159.989882 4.982726 -10.282623
v 159.989882 4.982726 -0.717377
v 160.023060 5.163541 -10.099578
v 160.023060 5.163541 -0.900422
v 160.039444 5.229076 -9.849108
v 160.039444 5.229076 -1.150892
v 161.272125 3.429563 -0.823429
v 161.273422 3.784611 -0.651438
v 161.275215 3.168537 -1.119435
v 161.277046 3.112588 -1.232385
v 161.375637 4.030706 -10.382886
v 161.375637 4.030706 -0.617114
v 161.980858 3.029807 -9.396791
v 161.980858 3.029807 -1.603209
v 161.980839 3.108533 -9.784084
v 161.980782 3.164437 -9.897009
v 161.981163 3.425696 -10.193367
v 161.983414 3.781139 -10.365487
v 162.701435 4.577366 -10.398414
v 162.711926 4.754818 -10.312524
v 162.721653 4.885188 -10.164487
v 162.724323 4.913113 -10.107946
v 162.821198 4.446348 -10.417252
v 162.821198 4.446348 -0.582749
v 163.413086 4.554320 -0.584627
v 163.418484 4.731938 -0.670561
v 163.424473 4.862469 -0.818607
v 163.426361 4.890414 -0.875080
v 163.935356 4.923810 -9.943618
v 163.935356 4.923810 -1.056383
v 164.829826 3.948821 -0.567009
v 164.872513 3.595299 -0.738572
v 164.907875 3.335757 -1.034772
v 164.916630 3.280259 -1.147885
v 164.999390 4.219384 -10.469035
v 164.999390 4.219384 -0.530965
v 165.434132 4.933465 -10.173272
v 165.434551 4.905505 -10.229741
v 165.439243 4.775251 -10.377691
v 165.448360 4.598176 -10.463771
v 165.707664 4.490435 -10.485873
v 165.707664 4.490435 -0.514127
v 166.249466 4.139418 -10.466763
v 166.309757 3.787894 -10.295386
v 166.313915 3.386701 -9.496311
v 166.313915 3.386701 -1.503689
v 166.358051 3.529966 -9.999024
v 166.369534 3.474943 -9.885976
v 166.833000 5.061944 -0.792956
v 166.835022 5.034121 -0.736574
v 166.847172 4.904513 -0.588637
v 166.866379 4.728424 -0.502463
v 167.830257 5.241864 -10.038103
v 167.830257 5.241864 -0.961898
v 168.125172 5.252482 -10.238144
v 168.128681 5.224829 -10.294541
v 168.147678 5.096280 -10.442405
v 168.176212 4.921736 -10.528674
v 168.338470 4.553179 -0.483715
v 168.424664 4.206646 -0.654853
v 168.491917 3.952584 -0.951245
v 168.507442 3.898387 -1.064519
v 168.569813 4.866979 -10.553916
v 168.569813 4.866979 -0.446084
v 168.671627 4.889018 -10.556332
v 168.672237 4.889151 -0.443654
v 170.182896 5.704530 -0.712201
v 170.188770 5.677373 -0.655909
v 170.218735 5.551192 -0.508078
v 170.262089 5.380021 -0.421670
v 170.408478 5.127864 -10.565497
v 170.520439 4.788013 -10.394626
v 170.547466 4.376593 -9.593545
v 170.547466 4.376593 -1.406455
v 170.606537 4.539056 -10.098037
v 170.626030 4.486097 -9.984795
v 170.764103 5.868050 -10.301760
v 170.770645 5.841048 -10.358087
v 170.803680 5.715780 -10.505867
v 170.851212 5.545894 -10.592320
v 171.184883 5.569861 -10.613296
v 171.185360 5.570016 -0.386695
v 171.625023 6.175144 -10.130159
v 171.625023 6.175144 -0.869842
v 171.745625 5.586800 -0.402830
v 171.874180 5.252613 -0.573555
v 171.972370 5.007930 -0.870133
v 171.994476 4.955855 -0.983565
v 173.319645 6.769806 -10.363365
v 173.329144 6.743788 -10.419624
v 173.375759 6.623322 -10.567323
v 173.411312 6.805991 -0.634376
v 173.420906 6.780032 -0.578169
v 173.441620 6.460138 -10.653954
v 173.468037 6.659719 -0.430440
v 173.534565 6.496748 -0.343808
v 173.617611 6.494989 -10.665696
v 173.617992 6.495155 -0.334298
v 174.376011 6.720188 -10.659685
v 174.385948 6.722811 -0.340150
v 174.537430 6.399574 -10.489298
v 174.547405 6.402375 -0.510552
v 174.589539 5.977980 -9.686382
v 174.589539 5.977980 -1.313618
v 174.659557 6.165076 -10.192491
v 174.669590 6.168004 -0.807276
v 174.686680 6.115328 -10.079066
v 174.696751 6.118214 -0.920830
v 175.223141 7.699908 -10.217444
v 175.223141 7.699908 -0.782556
v 175.622425 7.869018 -0.581075
v 175.634575 7.844239 -0.524927
v 175.693455 7.729586 -0.377267
v 175.760994 7.946032 -10.422217
v 175.773315 7.921320 -10.478411
v 175.775852 7.574437 -0.290482
v 175.832920 7.807115 -10.626032
v 175.916271 7.652583 -10.712832
v 175.949631 7.657169 -10.716499
v 175.949898 7.657313 -0.283496
v 176.899204 8.117646 -0.280486
v 177.092056 7.814221 -0.450581
v 177.237072 7.592514 -0.747443
v 177.269020 7.545496 -0.861114
v 177.715931 9.148235 -0.530610
v 177.730522 9.124890 -0.474516
v 177.800541 9.017047 -0.326922
v 177.897892 8.871249 -0.239993
v 178.057346 9.384929 -10.477571
v 178.064156 8.881966 -10.747241
v 178.072338 9.361833 -10.533706
v 178.144169 9.255285 -10.681256
v 178.154850 9.043955 -10.767123
v 178.155041 9.044091 -0.232874
v 178.243923 9.111262 -10.768213
v 178.271675 8.587767 -10.577306
v 178.352337 8.156080 -9.772804
v 178.352337 8.156080 -1.227195
v 178.427334 8.372906 -10.280294
v 178.461494 8.327439 -10.166699
v 178.533058 9.777362 -10.297738
v 178.533058 9.777362 -0.702262
v 179.796391 10.178771 -0.211708
v 180.025501 9.900640 -0.381447
v 180.179729 11.069996 -10.528733
v 180.196838 9.697646 -0.678469
v 180.197201 11.048809 -10.584811
v 180.212421 10.642323 -10.817842
v 180.212479 10.642377 -0.182158
v 180.232143 11.114891 -0.469955
v 180.234318 9.654684 -0.792276
v 180.249672 11.093770 -0.413927
v 180.280304 10.951226 -10.732294
v 180.333080 10.996393 -0.266412
v 180.395184 10.819445 -10.819398
v 180.448380 10.864894 -0.179310
v 181.388817 11.569622 -10.826167
v 181.470566 12.354653 -10.368998
v 181.470566 12.354653 -0.631002
v 181.638031 11.308513 -10.656642
v 181.754131 10.863580 -9.850936
v 181.754131 10.863580 -1.149064
v 181.823902 11.118066 -10.359447
v 181.864376 11.077859 -10.245695
v 181.903572 12.758693 -10.570287
v 181.923065 12.739431 -10.626320
v 182.015324 12.650828 -10.773749
v 182.101860 12.436382 -10.867355
v 182.101879 12.436415 -0.132640
v 182.142467 12.531270 -10.860971
v 182.416897 12.581791 -0.149498
v 182.471409 13.391829 -0.415977
v 182.491550 13.373305 -0.360008
v 182.586861 13.288041 -0.212563
v 182.678890 12.333299 -0.318914
v 182.718105 13.173018 -0.125307
v 182.874050 12.152128 -0.616082
v 182.916489 12.113854 -0.730011
v 183.454285 14.607590 -10.607667
v 183.475590 14.590447 -10.663660
v 183.576088 14.511677 -10.811040
v 183.714275 14.405460 -10.898368
v 183.803883 14.407367 -10.913256
v 183.803654 14.407072 -0.086743
v 183.960915 15.366211 -10.429411
v 183.960915 15.366211 -0.570589
v 184.280338 14.718844 -10.894810
v 184.395313 15.940894 -0.369601
v 184.417706 15.925294 -0.313682
v 184.523258 15.853591 -0.166297
v 184.565887 14.496706 -10.725644
v 184.668159 15.756942 -0.078910
v 184.719753 15.290803 -0.094830
v 184.721031 14.041671 -9.919078
v 184.721031 14.041671 -1.080922
v 184.778061 14.334872 -10.428288
v 184.815617 16.600049 -10.640482
v 184.823971 14.300774 -10.314400
v 184.838524 16.585195 -10.696439
v 184.946270 16.517020 -10.843778
v 185.010681 15.075860 -0.263960
v 185.094090 16.425147 -10.931199
v 185.226765 14.919291 -0.561256
v 185.273552 14.886267 -0.675294
v 185.303288 16.537168 -10.951724
v 185.302963 16.536646 -0.048284
v 185.359039 16.625702 -10.953056
v 185.359039 16.625702 -0.046945
v 185.716991 17.246400 -10.961565
v 185.716991 17.246400 -0.038435
v 185.737839 17.204040 -10.962061
v 185.737839 17.204040 -0.037940
v 185.940762 18.735415 -10.477439
v 185.940762 18.735415 -0.522561
v 185.998325 18.704660 -10.724332
v 185.998325 18.704660 -0.275668
v 186.045952 18.782583 -10.724001
v 186.045952 18.782583 -0.275999
v 186.056995 17.877101 -10.969647
v 186.056995 17.877101 -0.030352
v 186.102467 17.791395 -10.970728
v 186.102467 17.791395 -0.029271
v 186.118221 18.936535 -10.477439
v 186.118221 18.936535 -0.522561
v 186.158237 18.625026 -10.906820
v 186.158237 18.625026 -0.093180
v 186.187134 18.673928 -10.906436
v 186.187134 18.673928 -0.093564
v 186.279297 18.937768 -10.724001
v 186.279297 18.937768 -0.275999
v 186.324921 18.765556 -10.906436
v 186.324921 18.765556 -0.093564
v 186.374073 19.017010 -10.477439
v 186.374073 19.017010 -0.522561
v 186.378784 18.517286 -10.977298
v 186.378784 18.517286 -0.022702
v 186.452770 18.387423 -10.979056
v 186.452770 18.387423 -0.020943
v 186.489983 18.754137 -10.906436
v 186.489983 18.754137 -0.093564
v 186.558876 18.918428 -10.724001
v 186.558876 18.918428 -0.275999
v 186.600151 18.642529 -10.913823
v 186.600151 18.642529 -0.086177
v 186.634712 18.953682 -10.477439
v 186.634712 18.953682 -0.522561
v 186.674137 18.512667 -10.915581
v 186.674137 18.512667 -0.084419
v 186.716480 18.111949 -10.916506
v 186.716480 18.111955 -0.083492
v 186.763935 18.733348 -10.730397
v 186.763935 18.733348 -0.269603
v 186.825123 18.764776 -10.477439
v 186.825123 18.764776 -0.522561
v 186.837921 18.603485 -10.732155
v 186.837921 18.603485 -0.267845
v 186.851482 18.209808 -10.860233
v 186.851349 18.209699 -0.139674
v 186.888447 18.241905 -10.830561
v 186.888428 18.241911 -0.169442
v 186.899090 18.634913 -10.479198
v 186.899090 18.634913 -0.520802
v 186.952114 17.865531 -10.716754
v 186.952057 17.865580 -0.283131
v 186.974297 18.336011 -10.709151
v 186.974220 18.335916 -0.290692
v 187.010021 18.413473 -0.444277
v 187.010040 18.413621 -10.555347
v 187.048111 17.972481 -10.659456
v 187.047997 17.972399 -0.340377
v 187.071686 18.008978 -10.634147
v 187.071648 18.009024 -0.365778
v 187.097969 18.285810 -10.346838
v 187.097950 18.285841 -0.653104
v 187.117462 18.121858 -0.460955
v 187.117519 18.121942 -10.538862
v 187.119884 18.226881 -10.425196
v 187.119904 18.226694 -0.574473
v 187.123299 17.687154 -10.389566
v 187.123337 17.687120 -0.610312
v 187.165966 18.166430 -10.182827
v 187.165985 18.166407 -0.817112
v 187.187405 17.804168 -10.353001
v 187.187386 17.803999 -0.646852
v 187.188587 17.621320 -9.975752
v 187.188587 17.621320 -1.024247
v 187.191582 18.121480 -9.975752
v 187.191582 18.121480 -1.024247
v 187.198277 18.093296 -0.775524
v 187.198162 18.093588 -10.224265
v 187.200871 17.844397 -10.338205
v 187.200890 17.844371 -0.661704
v 187.218151 17.970990 -10.285152
v 187.218170 17.970822 -0.714706
v 187.248993 17.784190 -9.975752
v 187.248993 17.784190 -1.024247
v 187.250042 17.957900 -9.975752
v 187.250042 17.957900 -1.024247
vt 5.160322 -0.157080 0.000000
vt 5.160322 -0.052360 0.000000
vt 5.160322 0.052360 0.000000
vt 5.160322 0.157080 0.000000
vt 5.011535 0.260867 0.000000
vt 4.949678 0.312760 0.000000
vt 4.901924 0.364654 0.000000
vt 4.668156 0.391300 0.000000
vt 4.498155 0.417946 0.000000
vt 4.394933 0.444593 0.000000
vt 4.368984 0.457916 0.000000
vt 4.362488 0.464577 0.000000
vt 4.360322 0.471239 0.000000
vt 3.252407 0.471239 0.000000
vt 1.611165 0.431969 0.000000
vt 0.810321 0.412334 0.000000
vt 0.032995 0.392699 0.000000
vt -0.713326 0.373064 0.000000
vt -1.421455 0.353429 0.000000
vt -2.084572 0.333794 0.000000
vt -2.696291 0.314159 0.000000
vt -3.250720 0.294524 0.000000
vt -3.742521 0.274889 0.000000
vt -4.166957 0.255254 0.000000
vt -4.519941 0.235619 0.000000
vt -4.668548 0.225802 0.000000
vt -4.798072 0.215984 0.000000
vt -4.908203 0.206167 0.000000
vt -4.998674 0.196350 0.000000
vt -5.069267 0.186532 0.000000
vt -5.119812 0.176715 0.000000
vt -5.150188 0.166897 0.000000
vt -5.157788 0.161988 0.000000
vt -5.159688 0.159534 0.000000
vt -5.160322 0.157080 0.000000
vt -4.449780 0.157080 0.000000
vt -4.443246 0.052360 0.000000
vt -4.438464 -0.052360 0.000000
vt -4.436714 -0.157080 0.000000
vt -0.000000 0.157080 0.000000
vt -0.000000 0.052360 0.000000
vt -0.000000 -0.052360 0.000000
vt -0.000000 -0.157080 0.000000
vt 9.597035 -0.157080 0.000000
vt 9.598786 -0.052360 0.000000
vt 9.603568 0.052360 0.000000
vt 9.610102 0.157080 0.000000
vt 10.320643 0.157080 0.000000
vt 10.320010 0.159534 0.000000
vt 10.318110 0.161988 0.000000
vt 10.310511 0.166897 0.000000
vt 10.280134 0.176715 0.000000
vt 10.229589 0.186532 0.000000
vt 10.158996 0.196350 0.000000
vt 10.068524 0.206167 0.000000
vt 9.958394 0.215984 0.000000
vt 9.828870 0.225802 0.000000
vt 9.680263 0.235619 0.000000
vt 9.327279 0.255254 0.000000
vt 8.902843 0.274889 0.000000
vt 8.411042 0.294524 0.000000
vt 7.856613 0.314159 0.000000
vt 7.244894 0.333794 0.000000
vt 6.581777 0.353429 0.000000
vt 5.873648 0.373064 0.000000
vt 5.127326 0.392699 0.000000
vt 4.350001 0.412334 0.000000
vt 3.549157 0.431969 0.000000
vt 1.907915 0.471239 0.000000
vt 0.800000 0.471239 0.000000
vt 0.797834 0.464577 0.000000
vt 0.791337 0.457916 0.000000
vt 0.765388 0.444593 0.000000
vt 0.662167 0.417946 0.000000
vt 0.492166 0.391300 0.000000
vt 0.258397 0.364654 0.000000
vt 0.210643 0.312760 0.000000
vt 0.148787 0.260867 0.000000
vt -1.876922 0.486698 0.000000
vt -2.163217 0.449043 0.000000
vt -2.451946 0.444635 0.000000
vt -2.739258 0.473531 0.000000
vt -7.864284 1.290031 0.000000
vt -8.415106 1.251029 0.000000
vt -8.415106 1.198362 0.000000
vt -8.415106 1.105127 0.000000
vt -8.415739 1.102672 0.000000
vt -8.417640 1.100218 0.000000
vt -8.425242 1.095313 0.000000
vt -8.455626 1.085523 0.000000
vt -8.506186 1.075781 0.000000
vt -8.576799 1.066109 0.000000
vt -8.667295 1.056531 0.000000
vt -8.777457 1.047070 0.000000
vt -8.907019 1.037749 0.000000
vt -9.055668 1.028590 0.000000
vt -9.408751 1.010847 0.000000
vt -9.833306 0.994013 0.000000
vt -10.325247 0.978248 0.000000
vt -10.879833 0.963705 0.000000
vt -11.491725 0.950525 0.000000
vt -12.155029 0.938833 0.000000
vt -12.863358 0.928742 0.000000
vt -13.609890 0.920351 0.000000
vt -14.387435 0.913739 0.000000
vt -15.188506 0.908970 0.000000
vt -16.830212 0.905127 0.000000
vt -9.262203 0.905127 0.000000
vt -8.520026 1.006624 0.000000
vt -7.075657 1.006624 0.000000
vt -2.958480 0.430400 0.000000
vt -2.596542 0.403071 0.000000
vt -2.234064 0.421938 0.000000
vt 0.000000 0.397834 0.000000
vt 0.003731 0.359427 0.000000
vt 0.014784 0.322462 0.000000
vt 0.032749 0.288315 0.000000
vt 0.032749 0.811685 0.000000
vt 0.014784 0.777538 0.000000
vt 0.003731 0.740573 0.000000
vt 0.000000 0.702166 0.000000
vt -0.710542 1.105127 0.000000
vt -0.000000 1.105127 0.000000
vt -0.000000 1.198362 0.000000
vt 0.200000 0.900000 0.000000
vt 0.200000 0.200000 0.000000
vt 0.300000 0.226795 0.000000
vt 0.373205 0.300000 0.000000
vt 0.400000 0.400000 0.000000
vt 0.400000 0.700000 0.000000
vt 0.373205 0.800000 0.000000
vt 0.300000 0.873205 0.000000
vt -0.550822 1.290031 0.000000
vt -5.675848 0.473531 0.000000
vt -5.963160 0.444635 0.000000
vt -6.251889 0.449043 0.000000
vt -6.538184 0.486698 0.000000
vt -6.181042 0.421938 0.000000
vt -5.818564 0.403071 0.000000
vt -5.456626 0.430400 0.000000
vt -1.339449 1.006624 0.000000
vt 0.104921 1.006624 0.000000
vt 0.847098 0.905127 0.000000
vt 8.415106 0.905127 0.000000
vt 6.773400 0.908970 0.000000
vt 5.972330 0.913739 0.000000
vt 5.194784 0.920351 0.000000
vt 4.448252 0.928742 0.000000
vt 3.739923 0.938833 0.000000
vt 3.076619 0.950525 0.000000
vt 2.464727 0.963705 0.000000
vt 1.910141 0.978248 0.000000
vt 1.418201 0.994013 0.000000
vt 0.993645 1.010847 0.000000
vt 0.640562 1.028590 0.000000
vt 0.491913 1.037749 0.000000
vt 0.362352 1.047070 0.000000
vt 0.252190 1.056531 0.000000
vt 0.161694 1.066109 0.000000
vt 0.091081 1.075781 0.000000
vt 0.040521 1.085523 0.000000
vt 0.010136 1.095313 0.000000
vt 0.002534 1.100218 0.000000
vt 0.000634 1.102672 0.000000
vt -0.000000 1.105127 0.000000
vt -0.000000 1.198362 0.000000
vt -0.000000 1.251029 0.000000
vt 6.421197 0.815045 0.000000
vt 1.550736 0.929715 0.000000
vt 1.550736 0.170285 0.000000
vt 6.421197 0.284955 0.000000
vt -0.718897 0.168166 0.000000
vt 0.725064 0.202494 0.000000
vt 0.725064 0.897506 0.000000
vt -0.718897 0.931834 0.000000
vt -0.443608 0.917707 0.000000
vt -0.210417 0.890565 0.000000
vt -0.121062 0.873337 0.000000
vt -0.054677 0.854523 0.000000
vt -0.013801 0.834841 0.000000
vt -0.003459 0.824910 0.000000
vt 0.000000 0.815045 0.000000
vt 0.000000 0.284955 0.000000
vt -0.003459 0.275090 0.000000
vt -0.013801 0.265159 0.000000
vt -0.054677 0.245477 0.000000
vt -0.121062 0.226663 0.000000
vt -0.210417 0.209435 0.000000
vt -0.443608 0.182293 0.000000
vt 0.000000 0.271347 0.000000
vt 0.013125 0.256419 0.000000
vt 0.027671 0.242866 0.000000
vt 0.043496 0.230822 0.000000
vt 0.026723 0.249595 0.000000
vt 0.020606 0.273999 0.000000
vt 0.020606 0.826001 0.000000
vt 0.026723 0.850405 0.000000
vt 0.043496 0.869178 0.000000
vt 0.027671 0.857134 0.000000
vt 0.013125 0.843581 0.000000
vt 0.000000 0.828653 0.000000
vt -0.088121 1.838742 0.000000
vt -0.095521 1.851729 0.000000
vt -0.127709 1.787710 0.000000
vt -0.161719 1.724640 0.000000
vt -0.197523 1.662570 0.000000
vt -0.159634 1.720404 0.000000
vt -0.123159 1.779140 0.000000
vt -0.158125 1.547858 0.000000
vt -0.115797 1.545001 0.000000
vt -0.075419 1.537834 0.000000
vt -0.037153 1.528010 0.000000
vt -0.000086 1.516973 0.000000
vt -0.000116 1.587849 0.000000
vt -0.000140 1.658723 0.000000
vt -0.000157 1.729596 0.000000
vt -0.000492 1.740379 0.000000
vt -0.007690 2.006986 0.000000
vt -0.012834 2.273011 0.000000
vt -0.016041 2.538853 0.000000
vt -0.017169 2.804491 0.000000
vt -0.016079 3.070087 0.000000
vt -0.012873 3.335912 0.000000
vt -0.007663 3.601799 0.000000
vt -0.000377 3.868333 0.000000
vt -0.000041 3.879071 0.000000
vt -0.000029 4.251328 0.000000
vt -0.000222 4.623583 0.000000
vt -0.000174 4.995814 0.000000
vt -0.052862 4.995814 0.000000
vt -0.105508 4.995814 0.000000
vt -0.158127 4.995814 0.000000
vt -0.158127 4.564839 0.000000
vt -0.158127 4.133832 0.000000
vt -0.158126 3.702835 0.000000
vt -0.158127 3.271838 0.000000
vt -0.158126 2.840841 0.000000
vt -0.158127 2.409844 0.000000
vt -0.158124 1.978841 0.000000
vt -0.118125 2.963140 0.000000
vt -0.025414 1.878515 0.000000
vt -0.065416 1.878515 0.000000
vt -0.105418 1.878515 0.000000
vt -0.118125 1.878515 0.000000
vt -0.025414 2.240057 0.000000
vt -0.065416 2.240057 0.000000
vt -0.105418 2.240057 0.000000
vt -0.118125 2.240057 0.000000
vt -0.025414 2.601599 0.000000
vt -0.065416 2.601599 0.000000
vt -0.105418 2.601599 0.000000
vt -0.118125 2.601599 0.000000
vt -0.025414 2.963140 0.000000
vt -0.065416 2.963140 0.000000
vt -0.105418 2.963140 0.000000
vt -0.025414 3.255360 0.000000
vt -0.065416 3.255360 0.000000
vt -0.105418 3.255360 0.000000
vt -0.118125 3.255360 0.000000
vt -0.025414 3.547580 0.000000
vt -0.065416 3.547580 0.000000
vt -0.105418 3.547580 0.000000
vt -0.118125 3.547580 0.000000
vt -0.025414 3.909639 0.000000
vt -0.065416 3.909639 0.000000
vt -0.105418 3.909639 0.000000
vt -0.118125 3.909639 0.000000
vt -0.025414 4.271697 0.000000
vt -0.065416 4.271697 0.000000
vt -0.105418 4.271697 0.000000
vt -0.118125 4.271697 0.000000
vt -0.025414 4.633756 0.000000
vt -0.065416 4.633756 0.000000
vt -0.105418 4.633756 0.000000
vt -0.118125 4.633756 0.000000
vt -0.997575 0.028963 0.000000
vt -0.102425 0.028963 0.000000
vt -0.108092 0.464131 0.000000
vt -0.114906 0.899298 0.000000
vt -0.122720 1.334466 0.000000
vt -0.131362 1.769633 0.000000
vt -0.140645 2.204801 0.000000
vt -0.150369 2.639969 0.000000
vt -0.160321 3.075136 0.000000
vt -0.170285 3.510304 0.000000
vt -0.929715 3.510304 0.000000
vt -0.939679 3.075136 0.000000
vt -0.949631 2.639969 0.000000
vt -0.959355 2.204801 0.000000
vt -0.968638 1.769633 0.000000
vt -0.977280 1.334466 0.000000
vt -0.985094 0.899298 0.000000
vt -0.991908 0.464131 0.000000
vt 0.000000 0.288315 0.000000
vt 0.052396 0.265371 0.000000
vt 0.052396 0.834629 0.000000
vt 0.000000 0.811685 0.000000
vt 0.000000 0.265371 0.000000
vt 0.007066 0.273451 0.000000
vt 0.013671 0.281877 0.000000
vt 0.019796 0.290624 0.000000
vt 0.019796 0.809376 0.000000
vt 0.013671 0.818124 0.000000
vt 0.007066 0.826549 0.000000
vt 0.000000 0.834629 0.000000
vt 0.000000 0.290624 0.000000
vt 0.045541 0.271347 0.000000
vt 0.045541 0.828653 0.000000
vt 0.000000 0.809376 0.000000
vt -0.000000 -1.112980 0.000000
vt -0.025955 -1.112980 0.000000
vt -0.051969 -1.112980 0.000000
vt -0.077989 -1.112980 0.000000
vt -0.077988 -1.506631 0.000000
vt -0.077990 -1.900295 0.000000
vt -0.077990 -2.293955 0.000000
vt -0.077990 -2.687616 0.000000
vt -0.077990 -3.081275 0.000000
vt -0.077990 -3.474937 0.000000
vt -0.077990 -3.868595 0.000000
vt -0.077990 -4.262255 0.000000
vt -0.051991 -4.262255 0.000000
vt -0.025993 -4.262255 0.000000
vt -0.000000 -4.262255 0.000000
vt -0.000000 -3.977407 0.000000
vt -0.000000 -3.692573 0.000000
vt -0.000000 -3.407724 0.000000
vt -0.000234 -3.397390 0.000000
vt -0.005318 -3.140273 0.000000
vt -0.009051 -2.882797 0.000000
vt -0.011375 -2.624709 0.000000
vt -0.012113 -2.366501 0.000000
vt -0.011375 -2.108257 0.000000
vt -0.009135 -1.850149 0.000000
vt -0.005290 -1.592529 0.000000
vt -0.000100 -1.335341 0.000000
vt -0.000000 -1.324965 0.000000
vt -0.000000 -1.254305 0.000000
vt -0.000000 -1.183643 0.000000
vt -0.058258 -2.397206 0.000000
vt -0.058258 -1.434036 0.000000
vt -0.051994 -1.434036 0.000000
vt -0.032262 -1.434036 0.000000
vt -0.012530 -1.434036 0.000000
vt -0.058258 -1.755093 0.000000
vt -0.051994 -1.755093 0.000000
vt -0.032262 -1.755093 0.000000
vt -0.012530 -1.755093 0.000000
vt -0.058258 -2.076150 0.000000
vt -0.051994 -2.076150 0.000000
vt -0.032262 -2.076150 0.000000
vt -0.012530 -2.076150 0.000000
vt -0.051994 -2.397206 0.000000
vt -0.032262 -2.397206 0.000000
vt -0.012530 -2.397206 0.000000
vt -0.012530 -2.643784 0.000000
vt -0.032262 -2.643784 0.000000
vt -0.051994 -2.643784 0.000000
vt -0.058258 -2.643784 0.000000
vt -0.058258 -2.890362 0.000000
vt -0.051994 -2.890362 0.000000
vt -0.032262 -2.890362 0.000000
vt -0.012530 -2.890362 0.000000
vt -0.058258 -3.233335 0.000000
vt -0.051994 -3.233335 0.000000
vt -0.032262 -3.233335 0.000000
vt -0.012530 -3.233335 0.000000
vt -0.058258 -3.576308 0.000000
vt -0.051994 -3.576308 0.000000
vt -0.032262 -3.576308 0.000000
vt -0.012530 -3.576308 0.000000
vt -0.058258 -3.919282 0.000000
vt -0.051994 -3.919282 0.000000
vt -0.032262 -3.919282 0.000000
vt -0.012530 -3.919282 0.000000
vt 0.052256 -1.522279 0.000000
vt 1.047744 -1.522279 0.000000
vt 1.042941 -1.131078 0.000000
vt 1.036900 -0.739877 0.000000
vt 1.029774 -0.348676 0.000000
vt 1.021744 0.042525 0.000000
vt 1.013016 0.433726 0.000000
vt 1.003810 0.824927 0.000000
vt 0.994362 1.216128 0.000000
vt 0.984911 1.607329 0.000000
vt 0.115089 1.607329 0.000000
vt 0.105638 1.216128 0.000000
vt 0.096190 0.824927 0.000000
vt 0.086984 0.433726 0.000000
vt 0.078256 0.042525 0.000000
vt 0.070226 -0.348676 0.000000
vt 0.063100 -0.739877 0.000000
vt 0.057059 -1.131078 0.000000
vt 3.610104 0.156912 0.000000
vt 3.801069 0.096782 0.000000
vt 3.975124 0.036652 0.000000
vt 3.974292 0.016775 0.000000
vt 3.973586 -0.003103 0.000000
vt 3.973013 -0.022980 0.000000
vt 4.017148 -0.045300 0.000000
vt 4.018866 -0.034759 0.000000
vt 4.020742 -0.024218 0.000000
vt 4.022770 -0.013676 0.000000
vt 4.073041 -0.040985 0.000000
vt 4.072582 -0.079628 0.000000
vt 4.072677 -0.118270 0.000000
vt 4.073324 -0.156912 0.000000
vt 4.152902 -0.156912 0.000000
vt 4.152427 -0.052304 0.000000
vt 4.155868 0.052304 0.000000
vt 4.162304 0.156912 0.000000
vt 0.000000 0.399721 0.000000
vt 0.079555 0.397834 0.000000
vt 0.079555 0.702166 0.000000
vt 0.000000 0.700279 0.000000
vt -0.149047 0.200000 0.000000
vt -0.048939 0.226747 0.000000
vt 0.024311 0.299834 0.000000
vt 0.051117 0.399721 0.000000
vt 0.051117 0.700279 0.000000
vt 0.024311 0.800166 0.000000
vt -0.048939 0.873253 0.000000
vt -0.149047 0.900000 0.000000
vt -0.201714 0.900000 0.000000
vt -0.150729 0.893506 0.000000
vt -0.090438 0.866814 0.000000
vt -0.042069 0.822249 0.000000
vt -0.010807 0.764585 0.000000
vt 0.000000 0.700000 0.000000
vt 0.000000 0.400000 0.000000
vt -0.010807 0.335415 0.000000
vt -0.042069 0.277751 0.000000
vt -0.090438 0.233185 0.000000
vt -0.150729 0.206494 0.000000
vt -0.201714 0.200000 0.000000
vt -0.077990 1.112975 0.000000
vt -0.051990 1.112975 0.000000
vt -0.025991 1.112975 0.000000
vt -0.000000 1.112975 0.000000
vt -0.000000 1.183637 0.000000
vt -0.000000 1.254298 0.000000
vt -0.000000 1.324960 0.000000
vt -0.000235 1.335276 0.000000
vt -0.005327 1.592506 0.000000
vt -0.008951 1.850158 0.000000
vt -0.011266 2.108255 0.000000
vt -0.012148 2.366525 0.000000
vt -0.011291 2.624748 0.000000
vt -0.008856 2.882843 0.000000
vt -0.005151 3.140313 0.000000
vt -0.000193 3.397446 0.000000
vt -0.000000 3.407719 0.000000
vt -0.000000 3.692569 0.000000
vt -0.000000 3.977410 0.000000
vt -0.000000 4.262256 0.000000
vt -0.025997 4.262256 0.000000
vt -0.051994 4.262256 0.000000
vt -0.077990 4.262256 0.000000
vt -0.077990 3.868596 0.000000
vt -0.077990 3.474934 0.000000
vt -0.077989 3.081267 0.000000
vt -0.077989 2.687628 0.000000
vt -0.077990 2.293950 0.000000
vt -0.077987 1.900296 0.000000
vt -0.077990 1.506639 0.000000
vt -0.058264 1.598023 0.000000
vt -0.012540 1.598023 0.000000
vt -0.058264 2.355469 0.000000
vt -0.058264 3.172663 0.000000
vt -0.012540 1.355499 0.000000
vt -0.032267 1.355499 0.000000
vt -0.051994 1.355499 0.000000
vt -0.058264 1.355499 0.000000
vt -0.032267 1.598023 0.000000
vt -0.051994 1.598023 0.000000
vt -0.058264 1.840547 0.000000
vt -0.051994 1.840547 0.000000
vt -0.032267 1.840547 0.000000
vt -0.012540 1.840547 0.000000
vt -0.012540 2.083071 0.000000
vt -0.032267 2.083071 0.000000
vt -0.051994 2.083071 0.000000
vt -0.058264 2.083071 0.000000
vt -0.012540 2.355469 0.000000
vt -0.032267 2.355469 0.000000
vt -0.051994 2.355469 0.000000
vt -0.012540 2.627867 0.000000
vt -0.032267 2.627867 0.000000
vt -0.051994 2.627867 0.000000
vt -0.058264 2.627867 0.000000
vt -0.012540 2.900265 0.000000
vt -0.032267 2.900265 0.000000
vt -0.051994 2.900265 0.000000
vt -0.058264 2.900265 0.000000
vt -0.012540 3.172663 0.000000
vt -0.032267 3.172663 0.000000
vt -0.051994 3.172663 0.000000
vt -0.012540 3.445062 0.000000
vt -0.032267 3.445062 0.000000
vt -0.051994 3.445062 0.000000
vt -0.058264 3.445062 0.000000
vt -0.012540 3.717460 0.000000
vt -0.032267 3.717460 0.000000
vt -0.051994 3.717460 0.000000
vt -0.058264 3.717460 0.000000
vt -0.012540 3.989858 0.000000
vt -0.032267 3.989858 0.000000
vt -0.051994 3.989858 0.000000
vt -0.058264 3.989858 0.000000
vt 0.000000 0.202494 0.000000
vt 0.748878 0.220133 0.000000
vt 0.748878 0.879867 0.000000
vt 0.000000 0.897506 0.000000
vt 9.597035 0.700000 0.000000
vt 0.000000 0.700000 0.000000
vt 0.000000 0.400000 0.000000
vt 9.597035 0.400000 0.000000
vt 5.572444 -0.157080 0.000000
vt 5.571038 -0.091316 0.000000
vt 5.566971 -0.025553 0.000000
vt 5.560678 0.040210 0.000000
vt 5.552834 0.105974 0.000000
vt 5.546201 0.157080 0.000000
vt 4.829567 0.157080 0.000000
vt 4.836100 0.052360 0.000000
vt 4.840883 -0.052360 0.000000
vt 4.842633 -0.157080 0.000000
vt 0.000000 0.400000 0.000000
vt 0.729811 0.400000 0.000000
vt 0.729811 0.700000 0.000000
vt 0.000000 0.700000 0.000000
vt -0.429738 0.157080 0.000000
vt -0.436372 0.105974 0.000000
vt -0.444216 0.040210 0.000000
vt -0.450509 -0.025553 0.000000
vt -0.454576 -0.091316 0.000000
vt -0.455982 -0.157080 0.000000
vt 0.273829 -0.157080 0.000000
vt 0.275580 -0.052360 0.000000
vt 0.280362 0.052360 0.000000
vt 0.286895 0.157080 0.000000
vt 0.000000 0.220133 0.000000
vt 7.565870 0.400000 0.000000
vt 8.673785 0.400000 0.000000
vt 8.673785 0.700000 0.000000
vt 7.565870 0.700000 0.000000
vt 0.000000 0.879867 0.000000
vt 0.000000 0.273999 0.000000
vt 0.182765 0.248832 0.000000
vt 0.385016 0.236895 0.000000
vt 5.573246 0.115089 0.000000
vt 5.573246 0.984911 0.000000
vt 0.385016 0.863105 0.000000
vt 0.182765 0.851168 0.000000
vt 0.000000 0.826001 0.000000
vt -8.319585 1.851729 0.000000
vt -8.326985 1.838742 0.000000
vt -8.291946 1.779140 0.000000
vt -8.255471 1.720404 0.000000
vt -8.217583 1.662570 0.000000
vt -8.253386 1.724640 0.000000
vt -8.287396 1.787710 0.000000
vt -6.429252 0.078375 0.000000
vt -6.702139 0.039188 0.000000
vt -6.933653 0.000000 0.000000
vt -7.022527 -0.019594 0.000000
vt -7.088696 -0.039188 0.000000
vt -7.129628 -0.058781 0.000000
vt -7.140102 -0.068578 0.000000
vt -7.143758 -0.078375 0.000000
vt -2.271947 -0.078375 0.000000
vt -2.271947 -0.026125 0.000000
vt -2.271947 0.026125 0.000000
vt -2.271947 0.078375 0.000000
vt -0.000003 -1.516961 0.000000
vt -0.037071 -1.527998 0.000000
vt -0.075363 -1.537823 0.000000
vt -0.115767 -1.544986 0.000000
vt -0.158127 -1.547845 0.000000
vt -0.158125 -1.978850 0.000000
vt -0.158124 -2.409829 0.000000
vt -0.158127 -2.840831 0.000000
vt -0.158125 -3.271838 0.000000
vt -0.158125 -3.702811 0.000000
vt -0.158127 -4.133818 0.000000
vt -0.158127 -4.564813 0.000000
vt -0.158127 -4.995809 0.000000
vt -0.105418 -4.995809 0.000000
vt -0.052709 -4.995809 0.000000
vt -0.000000 -4.995809 0.000000
vt -0.000058 -4.623558 0.000000
vt -0.000016 -4.251311 0.000000
vt -0.000094 -3.879050 0.000000
vt -0.000432 -3.868376 0.000000
vt -0.007835 -3.601830 0.000000
vt -0.013074 -3.335951 0.000000
vt -0.016118 -3.070117 0.000000
vt -0.017120 -2.804503 0.000000
vt -0.016154 -2.538841 0.000000
vt -0.013018 -2.273010 0.000000
vt -0.007687 -2.006958 0.000000
vt -0.000337 -1.740308 0.000000
vt -0.000004 -1.729587 0.000000
vt -0.000000 -1.658712 0.000000
vt -0.000002 -1.587836 0.000000
vt -0.118111 -1.951817 0.000000
vt -0.105418 -1.951817 0.000000
vt -0.065402 -1.951817 0.000000
vt -0.025386 -1.951817 0.000000
vt -0.118111 -2.386672 0.000000
vt -0.105418 -2.386672 0.000000
vt -0.065402 -2.386672 0.000000
vt -0.025386 -2.386672 0.000000
vt -0.118111 -2.821529 0.000000
vt -0.105418 -2.821529 0.000000
vt -0.065402 -2.821529 0.000000
vt -0.025386 -2.821529 0.000000
vt -0.118111 -3.256385 0.000000
vt -0.105418 -3.256385 0.000000
vt -0.065402 -3.256385 0.000000
vt -0.025386 -3.256385 0.000000
vt -0.118111 -3.691241 0.000000
vt -0.105418 -3.691241 0.000000
vt -0.065402 -3.691241 0.000000
vt -0.025386 -3.691241 0.000000
vt -0.118111 -4.126097 0.000000
vt -0.105418 -4.126097 0.000000
vt -0.065402 -4.126097 0.000000
vt -0.025386 -4.126097 0.000000
vt -0.118111 -4.563836 0.000000
vt -0.105418 -4.563526 0.000000
vt -0.065402 -4.562549 0.000000
vt -0.025386 -4.561571 0.000000
vt -1.907939 0.078375 0.000000
vt -1.907939 0.026125 0.000000
vt -1.907939 -0.026125 0.000000
vt -1.907939 -0.078375 0.000000
vt 2.963872 -0.078375 0.000000
vt 2.960216 -0.068578 0.000000
vt 2.949742 -0.058781 0.000000
vt 2.908809 -0.039188 0.000000
vt 2.842641 -0.019594 0.000000
vt 2.753768 0.000000 0.000000
vt 2.522253 0.039188 0.000000
vt 2.249366 0.078375 0.000000
vt -0.000019 1.008126 0.000000
vt -0.021217 1.008129 0.000000
vt -0.042411 1.008129 0.000000
vt -0.063604 1.008126 0.000000
vt -0.063604 0.815646 0.000000
vt -0.063604 0.622966 0.000000
vt -0.032319 0.616191 0.000000
vt -0.000118 0.610165 0.000000
vt -0.000000 0.809148 0.000000
vt -0.047399 0.911145 0.000000
vt -0.042403 0.911145 0.000000
vt -0.026324 0.911145 0.000000
vt -0.021201 0.911145 0.000000
vt -0.007035 0.911145 0.000000
vt -0.047399 0.659983 0.000000
vt -0.042403 0.659983 0.000000
vt -0.026324 0.659983 0.000000
vt -0.021201 0.659983 0.000000
vt -0.007035 0.659983 0.000000
vt 5.562742 -0.039363 0.000000
vt 5.562742 -0.013121 0.000000
vt 5.562742 0.013121 0.000000
vt 5.562742 0.039363 0.000000
vt 0.373083 0.039363 0.000000
vt 0.373083 0.013121 0.000000
vt 0.373083 -0.013121 0.000000
vt 0.373083 -0.039363 0.000000
vt 0.171284 0.997575 0.000000
vt 0.166111 1.018283 0.000000
vt 0.152371 1.034684 0.000000
vt 0.112194 1.047920 0.000000
vt 0.097248 1.047744 0.000000
vt 0.097248 0.052256 0.000000
vt 0.112194 0.052080 0.000000
vt 0.152368 0.065310 0.000000
vt 0.166113 0.081711 0.000000
vt 0.171284 0.102425 0.000000
vt -0.000000 0.018524 0.000000
vt 0.026522 0.018771 0.000000
vt 0.053042 0.019276 0.000000
vt 0.077351 0.112384 0.000000
vt 0.051642 0.096857 0.000000
vt 0.025822 0.096446 0.000000
vt -0.000000 0.096235 0.000000
vt -0.000000 0.076807 0.000000
vt -0.000000 0.057379 0.000000
vt -0.000000 0.037952 0.000000
vt 0.051568 0.065454 0.000000
vt 0.051568 0.041989 0.000000
vt 0.025784 0.041989 0.000000
vt 0.025784 0.088919 0.000000
vt 0.051568 0.088919 0.000000
vt 0.025784 0.065454 0.000000
vt -1.047744 0.054309 0.000000
vt -1.047744 0.027154 0.000000
vt -1.047744 0.000000 0.000000
vt -1.047744 -0.027154 0.000000
vt -1.047744 -0.054309 0.000000
vt -0.052256 -0.054309 0.000000
vt -0.052256 -0.027154 0.000000
vt -0.052256 0.000000 0.000000
vt -0.052256 0.027154 0.000000
vt -0.052256 0.054309 0.000000
vt -0.000000 0.018524 0.000000
vt -0.000000 0.037952 0.000000
vt -0.000000 0.057379 0.000000
vt -0.000000 0.076807 0.000000
vt -0.000000 0.096235 0.000000
vt -0.025822 0.096446 0.000000
vt -0.051642 0.096857 0.000000
vt -0.077351 0.112384 0.000000
vt -0.053042 0.019276 0.000000
vt -0.026522 0.018771 0.000000
vt -0.051568 0.041989 0.000000
vt -0.025784 0.041989 0.000000
vt -0.025784 0.065454 0.000000
vt -0.051568 0.088919 0.000000
vt -0.051568 0.065454 0.000000
vt -0.025784 0.088919 0.000000
vt 0.400000 0.271156 0.000000
vt 0.393340 0.268987 0.000000
vt 0.386687 0.262482 0.000000
vt 0.373433 0.236499 0.000000
vt 0.347336 0.133143 0.000000
vt 0.322173 -0.037081 0.000000
vt 0.298389 -0.271156 0.000000
vt 0.801611 -0.271156 0.000000
vt 0.777827 -0.037081 0.000000
vt 0.752664 0.133143 0.000000
vt 0.726567 0.236499 0.000000
vt 0.713313 0.262482 0.000000
vt 0.706660 0.268987 0.000000
vt 0.700000 0.271156 0.000000
vt 1.309808 0.039786 0.000000
vt 1.309808 0.013262 0.000000
vt 1.309808 -0.013262 0.000000
vt 1.309808 -0.039786 0.000000
vt 1.324754 -0.039786 0.000000
vt 1.324754 -0.013262 0.000000
vt 1.324754 0.013262 0.000000
vt 1.324754 0.039786 0.000000
vt 0.237071 -0.022980 0.000000
vt 0.236498 -0.003103 0.000000
vt 0.235792 0.016775 0.000000
vt 0.234960 0.036652 0.000000
vt 0.409015 0.096782 0.000000
vt 0.599980 0.156912 0.000000
vt 0.047780 0.156912 0.000000
vt 0.054216 0.052304 0.000000
vt 0.057657 -0.052304 0.000000
vt 0.057182 -0.156912 0.000000
vt 0.136760 -0.156912 0.000000
vt 0.137407 -0.118270 0.000000
vt 0.137503 -0.079628 0.000000
vt 0.137043 -0.040985 0.000000
vt 0.187314 -0.013676 0.000000
vt 0.189342 -0.024218 0.000000
vt 0.191218 -0.034759 0.000000
vt 0.192935 -0.045300 0.000000
vt 0.779764 -0.039786 0.000000
vt 0.779764 -0.013262 0.000000
vt 0.779764 0.013262 0.000000
vt 0.779764 0.039786 0.000000
vt 0.764817 0.039786 0.000000
vt 0.764817 0.013262 0.000000
vt 0.764817 -0.013262 0.000000
vt 0.764817 -0.039786 0.000000
vt 3.794977 -0.039363 0.000000
vt 3.794977 -0.013121 0.000000
vt 3.794977 0.013121 0.000000
vt 3.794977 0.039363 0.000000
vt -1.394683 0.039363 0.000000
vt -1.394683 0.013121 0.000000
vt -1.394683 -0.013121 0.000000
vt -1.394683 -0.039363 0.000000
vt -0.000002 3.412528 0.000000
vt -0.032210 3.406292 0.000000
vt -0.063604 3.399527 0.000000
vt -0.063604 3.207100 0.000000
vt -0.063604 3.014558 0.000000
vt -0.042403 3.014558 0.000000
vt -0.021201 3.014558 0.000000
vt -0.000000 3.014558 0.000000
vt -0.000052 3.213602 0.000000
vt -0.047690 3.213558 0.000000
vt -0.042403 3.213562 0.000000
vt -0.026489 3.213577 0.000000
vt -0.010575 3.213592 0.000000
vt -0.000000 0.131611 0.000000
vt -0.020567 0.131611 0.000000
vt -0.041135 0.131611 0.000000
vt -0.061702 0.131611 0.000000
vt -0.061702 0.098708 0.000000
vt -0.061702 0.065805 0.000000
vt -0.061702 0.032903 0.000000
vt -0.061702 0.000000 0.000000
vt -0.041135 0.000000 0.000000
vt -0.020567 0.000000 0.000000
vt -0.000000 0.000000 0.000000
vt -0.000000 0.065805 0.000000
vt -0.000000 0.098708 0.000000
vt -0.046166 0.098708 0.000000
vt -0.041135 0.098708 0.000000
vt -0.025599 0.098708 0.000000
vt -0.010063 0.098708 0.000000
vt -0.046166 0.065805 0.000000
vt -0.041135 0.065805 0.000000
vt -0.025599 0.065805 0.000000
vt -0.010063 0.065805 0.000000
vt -0.046166 0.032903 0.000000
vt -0.041135 0.032903 0.000000
vt -0.025599 0.032903 0.000000
vt -0.010063 0.032903 0.000000
vt -0.102425 -0.026190 0.000000
vt -0.102425 -0.008730 0.000000
vt -0.102425 0.008730 0.000000
vt -0.102425 0.026190 0.000000
vt -0.997575 0.026190 0.000000
vt -0.997575 0.008730 0.000000
vt -0.997575 -0.008730 0.000000
vt -0.997575 -0.026190 0.000000
vt -0.000000 0.131611 0.000000
vt -0.020567 0.131611 0.000000
vt -0.041135 0.131611 0.000000
vt -0.061702 0.131611 0.000000
vt -0.061702 0.098708 0.000000
vt -0.061702 0.065805 0.000000
vt -0.061702 0.032903 0.000000
vt -0.061702 0.000000 0.000000
vt -0.041135 0.000000 0.000000
vt -0.020567 0.000000 0.000000
vt -0.000000 0.000000 0.000000
vt -0.000000 0.032903 0.000000
vt -0.000000 0.065805 0.000000
vt -0.046184 0.098708 0.000000
vt -0.041135 0.098708 0.000000
vt -0.025616 0.098708 0.000000
vt -0.010098 0.098708 0.000000
vt -0.046184 0.065805 0.000000
vt -0.041135 0.065805 0.000000
vt -0.025616 0.065805 0.000000
vt -0.010098 0.065805 0.000000
vt -0.046184 0.032903 0.000000
vt -0.041135 0.032903 0.000000
vt -0.025616 0.032903 0.000000
vt -0.010098 0.032903 0.000000
vt -0.298389 -0.130278 0.000000
vt -0.257593 -0.072884 0.000000
vt -0.226331 0.001458 0.000000
vt -0.200000 0.180278 0.000000
vt -0.900000 0.180278 0.000000
vt -0.873670 0.001458 0.000000
vt -0.842407 -0.072884 0.000000
vt -0.801611 -0.130278 0.000000
vt -10.320643 1.105127 0.000000
vt -9.610101 1.105127 0.000000
vt -10.320643 1.198362 0.000000
vn 0.000000 0.100000 0.000000
vn 0.000000 0.086603 0.050000
vn 0.000000 0.050000 0.086603
vn 0.000000 0.000000 0.100000
vn 0.000000 -0.049596 0.086835
vn 0.000000 -0.070214 0.071204
vn 0.000000 -0.086132 0.050805
vn 0.000000 -0.092118 0.038914
vn 0.000000 -0.096471 0.026332
vn 0.000000 -0.099114 0.013284
vn 0.000000 -0.099778 0.006657
vn 0.000000 -0.099945 0.003330
vn 0.000000 -0.100000 0.000000
vn 0.000000 -0.100000 0.000000
vn 0.000000 -0.098079 0.019509
vn 0.000000 -0.095694 0.029028
vn 0.000000 -0.092388 0.038268
vn 0.000000 -0.088192 0.047140
vn 0.000000 -0.083147 0.055557
vn 0.000000 -0.077301 0.063439
vn 0.000000 -0.070711 0.070711
vn 0.000000 -0.063439 0.077301
vn 0.000000 -0.055557 0.083147
vn 0.000000 -0.047140 0.088192
vn 0.000000 -0.038268 0.092388
vn 0.000000 -0.033689 0.094154
vn 0.000000 -0.029028 0.095694
vn 0.000000 -0.024298 0.097003
vn 0.000000 -0.019509 0.098079
vn 0.000000 -0.014673 0.098918
vn 0.000000 -0.009802 0.099518
vn 0.000000 -0.004907 0.099880
vn 0.000000 -0.002454 0.099970
vn 0.000000 -0.001227 0.099992
vn 0.000000 0.000000 0.100000
vn 0.000000 0.000000 0.100000
vn 0.000000 0.050000 0.086603
vn 0.000000 0.086603 0.050000
vn 0.000000 0.100000 0.000000
vn 0.000000 0.000000 -0.100000
vn 0.000000 0.050000 -0.086603
vn 0.000000 0.086603 -0.050000
vn 0.000000 0.100000 0.000000
vn 0.000000 0.100000 0.000000
vn 0.000000 0.086603 -0.050000
vn 0.000000 0.050000 -0.086603
vn 0.000000 0.000000 -0.100000
vn 0.000000 0.000000 -0.100000
vn 0.000000 -0.001227 -0.099992
vn 0.000000 -0.002454 -0.099970
vn 0.000000 -0.004907 -0.099880
vn 0.000000 -0.009802 -0.099518
vn 0.000000 -0.014673 -0.098918
vn 0.000000 -0.019509 -0.098079
vn 0.000000 -0.024298 -0.097003
vn 0.000000 -0.029028 -0.095694
vn 0.000000 -0.033689 -0.094154
vn 0.000000 -0.038268 -0.092388
vn 0.000000 -0.047140 -0.088192
vn 0.000000 -0.055557 -0.083147
vn 0.000000 -0.063439 -0.077301
vn 0.000000 -0.070711 -0.070711
vn 0.000000 -0.077301 -0.063439
vn 0.000000 -0.083147 -0.055557
vn 0.000000 -0.088192 -0.047140
vn 0.000000 -0.092388 -0.038268
vn 0.000000 -0.095694 -0.029028
vn 0.000000 -0.098079 -0.019509
vn 0.000000 -0.100000 0.000000
vn 0.000000 -0.100000 0.000000
vn 0.000000 -0.099945 -0.003330
vn 0.000000 -0.099778 -0.006657
vn 0.000000 -0.099114 -0.013284
vn 0.000000 -0.096471 -0.026332
vn 0.000000 -0.092118 -0.038914
vn 0.000000 -0.086132 -0.050805
vn 0.000000 -0.070214 -0.071204
vn 0.000000 -0.049596 -0.086835
vn -0.002377 0.000000 0.099972
vn -0.002377 0.000000 0.099972
vn -0.002377 0.000000 0.099972
vn -0.002377 0.000000 0.099972
vn -0.002377 0.000000 0.099972
vn -0.002377 0.000000 0.099972
vn -0.002377 0.000000 0.099972
vn -0.002377 0.000000 0.099972
vn -0.002377 0.000000 0.099972
vn -0.002377 0.000000 0.099972
vn -0.002377 0.000000 0.099972
vn -0.002377 0.000000 0.099972
vn -0.002377 0.000000 0.099972
vn -0.002377 0.000000 0.099972
vn -0.002377 0.000000 0.099972
vn -0.002377 0.000000 0.099972
vn -0.002377 0.000000 0.099972
vn -0.002377 0.000000 0.099972
vn -0.002377 0.000000 0.099972
vn -0.002377 0.000000 0.099972
vn -0.002377 0.000000 0.099972
vn -0.002377 0.000000 0.099972
vn -0.002377 0.000000 0.099972
vn -0.002377 0.000000 0.099972
vn -0.002377 0.000000 0.099972
vn -0.002377 0.000000 0.099972
vn -0.002377 0.000000 0.099972
vn -0.002377 0.000000 0.099972
vn -0.002377 0.000000 0.099972
vn -0.002377 0.000000 0.099972
vn -0.002377 0.000000 0.099972
vn -0.002377 0.000000 0.099972
vn -0.002377 0.000000 0.099972
vn -0.002377 0.000000 0.099972
vn -0.002377 0.000000 0.099972
vn 0.100000 0.000000 0.000000
vn 0.100000 0.000000 0.000000
vn 0.100000 0.000000 0.000000
vn 0.100000 0.000000 0.000000
vn 0.100000 0.000000 0.000000
vn 0.100000 0.000000 0.000000
vn 0.100000 0.000000 0.000000
vn 0.100000 0.000000 0.000000
vn 0.000000 0.000000 0.100000
vn 0.000000 0.000000 0.100000
vn 0.000000 0.000000 0.100000
vn -0.100000 0.000000 0.000000
vn -0.100000 0.000000 0.000000
vn -0.100000 0.000000 0.000000
vn -0.100000 0.000000 0.000000
vn -0.100000 0.000000 0.000000
vn -0.100000 0.000000 0.000000
vn -0.100000 0.000000 0.000000
vn -0.100000 0.000000 0.000000
vn -0.002377 0.000000 -0.099972
vn -0.002377 0.000000 -0.099972
vn -0.002377 0.000000 -0.099972
vn -0.002377 0.000000 -0.099972
vn -0.002377 0.000000 -0.099972
vn -0.002377 0.000000 -0.099972
vn -0.002377 0.000000 -0.099972
vn -0.002377 0.000000 -0.099972
vn -0.002377 0.000000 -0.099972
vn -0.002377 0.000000 -0.099972
vn -0.002377 0.000000 -0.099972
vn -0.002377 0.000000 -0.099972
vn -0.002377 0.000000 -0.099972
vn -0.002377 0.000000 -0.099972
vn -0.002377 0.000000 -0.099972
vn -0.002377 0.000000 -0.099972
vn -0.002377 0.000000 -0.099972
vn -0.002377 0.000000 -0.099972
vn -0.002377 0.000000 -0.099972
vn -0.002377 0.000000 -0.099972
vn -0.002377 0.000000 -0.099972
vn -0.002377 0.000000 -0.099972
vn -0.002377 0.000000 -0.099972
vn -0.002377 0.000000 -0.099972
vn -0.002377 0.000000 -0.099972
vn -0.002377 0.000000 -0.099972
vn -0.002377 0.000000 -0.099972
vn -0.002377 0.000000 -0.099972
vn -0.002377 0.000000 -0.099972
vn -0.002377 0.000000 -0.099972
vn -0.002377 0.000000 -0.099972
vn -0.002377 0.000000 -0.099972
vn -0.002377 0.000000 -0.099972
vn -0.002377 0.000000 -0.099972
vn -0.002377 0.000000 -0.099972
vn -0.013864 -0.099034 0.000000
vn -0.013864 -0.099034 0.000000
vn -0.013864 -0.099034 0.000000
vn -0.013864 -0.099034 0.000000
vn 0.000000 -0.100000 0.000000
vn 0.000000 -0.100000 0.000000
vn 0.000000 -0.100000 0.000000
vn 0.000000 -0.100000 0.000000
vn 0.000000 -0.100000 0.000000
vn 0.000000 -0.100000 0.000000
vn 0.000000 -0.100000 0.000000
vn 0.000000 -0.100000 0.000000
vn 0.000000 -0.100000 0.000000
vn 0.000000 -0.100000 0.000000
vn 0.000000 -0.100000 0.000000
vn 0.000000 -0.100000 0.000000
vn 0.000000 -0.100000 0.000000
vn 0.000000 -0.100000 0.000000
vn 0.000000 -0.100000 0.000000
vn 0.000000 -0.100000 0.000000
vn 0.000000 -0.100000 0.000000
vn 0.000000 -0.100000 0.000000
vn 0.100000 0.000000 0.000000
vn 0.100000 0.000000 0.000000
vn 0.100000 0.000000 0.000000
vn 0.100000 0.000000 0.000000
vn 0.100000 0.000000 0.000000
vn 0.100000 0.000000 0.000000
vn 0.100000 0.000000 0.000000
vn 0.100000 0.000000 0.000000
vn 0.100000 0.000000 0.000000
vn 0.100000 0.000000 0.000000
vn 0.100000 0.000000 0.000000
vn 0.100000 0.000000 0.000000
vn -0.002377 0.000000 0.099972
vn -0.002377 0.000000 0.099972
vn -0.002377 0.000000 0.099972
vn -0.002377 0.000000 0.099972
vn -0.002377 0.000000 0.099972
vn -0.002377 0.000000 0.099972
vn -0.002377 0.000000 0.099972
vn 0.086270 -0.050572 0.000002
vn 0.078397 -0.046427 0.041212
vn 0.057775 -0.034624 0.073914
vn 0.029327 -0.018213 0.093852
vn -0.002300 -0.000044 0.099974
vn -0.002275 -0.000062 0.099974
vn -0.002255 -0.000078 0.099975
vn -0.002243 -0.000090 0.099975
vn -0.001958 -0.000284 0.099980
vn 0.003686 -0.004965 0.099809
vn 0.006881 -0.009100 0.099347
vn 0.008058 -0.012317 0.098911
vn 0.007528 -0.014102 0.098714
vn 0.005667 -0.013994 0.098854
vn 0.003025 -0.011777 0.099258
vn 0.000199 -0.007313 0.099732
vn -0.002283 -0.000373 0.099973
vn -0.002367 -0.000040 0.099972
vn -0.002373 -0.000029 0.099972
vn -0.002379 -0.000226 0.099971
vn -0.002401 -0.000175 0.099971
vn -0.008966 -0.049570 0.086385
vn -0.013137 -0.085707 0.049818
vn -0.013812 -0.099042 0.000001
vn 0.000798 -0.099997 -0.000001
vn 0.015530 -0.098787 0.000000
vn 0.029883 -0.095431 0.000001
vn 0.043580 -0.090004 0.000000
vn 0.056341 -0.082618 0.000001
vn 0.067865 -0.073446 -0.000000
vn 0.077948 -0.062643 0.000004
vn 0.048021 -0.078629 0.038879
vn 0.017934 -0.015162 0.097203
vn 0.047114 -0.036713 0.080202
vn 0.068628 -0.052297 0.050549
vn 0.073358 -0.055634 0.039031
vn 0.015890 -0.017518 0.097163
vn 0.042172 -0.042425 0.080135
vn 0.061608 -0.060455 0.050494
vn 0.065899 -0.064322 0.038987
vn 0.013557 -0.019613 0.097116
vn 0.036526 -0.047507 0.080056
vn 0.053581 -0.067720 0.050429
vn 0.057367 -0.072063 0.038935
vn 0.011004 -0.021384 0.097065
vn 0.030348 -0.051806 0.079969
vn 0.044790 -0.073877 0.050359
vn 0.008785 -0.022578 0.097021
vn 0.024975 -0.054709 0.079895
vn 0.037141 -0.078043 0.050298
vn 0.039885 -0.083075 0.038830
vn 0.006460 -0.023542 0.096974
vn 0.019345 -0.057054 0.079816
vn 0.029119 -0.081417 0.050233
vn 0.031351 -0.086680 0.038778
vn 0.003483 -0.024400 0.096915
vn 0.012133 -0.059145 0.079716
vn 0.018835 -0.084439 0.050152
vn 0.020406 -0.089916 0.038713
vn 0.000402 -0.024885 0.096853
vn 0.004665 -0.060334 0.079612
vn 0.008176 -0.086177 0.050066
vn 0.009057 -0.091786 0.038644
vn -0.002687 -0.024984 0.096791
vn -0.002827 -0.060587 0.079506
vn -0.002527 -0.086578 0.049979
vn -0.002343 -0.092231 0.038574
vn 0.086292 -0.050534 0.000000
vn 0.086292 -0.050534 0.000000
vn 0.077928 -0.062668 0.000000
vn 0.067870 -0.073441 0.000000
vn 0.056339 -0.082619 0.000000
vn 0.043584 -0.090003 0.000000
vn 0.029882 -0.095431 0.000000
vn 0.015531 -0.098787 0.000000
vn 0.000842 -0.099996 0.000000
vn -0.013864 -0.099034 0.000000
vn -0.013864 -0.099034 0.000000
vn 0.000842 -0.099996 0.000000
vn 0.015531 -0.098787 0.000000
vn 0.029882 -0.095431 0.000000
vn 0.043584 -0.090003 0.000000
vn 0.056339 -0.082619 0.000000
vn 0.067870 -0.073441 0.000000
vn 0.077928 -0.062668 0.000000
vn 0.024646 0.096915 0.000000
vn 0.024646 0.096915 0.000000
vn 0.024646 0.096915 0.000000
vn 0.024646 0.096915 0.000000
vn -0.096915 0.024646 0.000000
vn -0.096915 0.024646 0.000000
vn -0.096915 0.024646 0.000000
vn -0.096915 0.024646 0.000000
vn -0.096915 0.024646 0.000000
vn -0.096915 0.024646 0.000000
vn -0.096915 0.024646 0.000000
vn -0.096915 0.024646 0.000000
vn 0.021369 0.097690 0.000000
vn 0.021369 0.097690 0.000000
vn 0.021369 0.097690 0.000000
vn 0.021369 0.097690 0.000000
vn -0.002377 0.000000 0.099972
vn -0.046417 0.021539 0.085916
vn -0.078427 0.037497 0.049428
vn -0.089962 0.043667 0.000002
vn -0.081913 0.057361 0.000004
vn -0.071738 0.069669 0.000000
vn -0.059749 0.080188 0.000001
vn -0.046227 0.088674 0.000000
vn -0.031560 0.094889 0.000000
vn -0.016031 0.098707 0.000001
vn -0.000169 0.100000 -0.000000
vn 0.015719 0.098757 -0.000000
vn 0.012440 0.085643 0.050105
vn 0.005815 0.049485 0.086703
vn -0.002377 0.000000 0.099972
vn -0.002377 0.000000 0.099972
vn -0.002377 0.000000 0.099972
vn -0.002377 0.000000 0.099972
vn -0.002469 0.000472 0.099968
vn -0.005512 0.010287 0.099317
vn -0.009406 0.016667 0.098152
vn -0.013261 0.019753 0.097129
vn -0.016053 0.019635 0.096730
vn -0.017085 0.017004 0.097051
vn -0.015627 0.012393 0.097991
vn -0.010842 0.006390 0.099205
vn -0.002551 0.000105 0.099967
vn -0.002377 0.000000 0.099972
vn -0.002377 0.000000 0.099972
vn -0.002377 0.000000 0.099972
vn -0.052677 0.075892 0.038283
vn -0.077514 0.050371 0.038135
vn -0.072989 0.047219 0.049426
vn -0.051969 0.032938 0.078831
vn -0.022911 0.013558 0.096391
vn -0.070390 0.059897 0.038178
vn -0.066319 0.056157 0.049479
vn -0.047330 0.039184 0.078896
vn -0.021004 0.016130 0.096429
vn -0.062021 0.068498 0.038228
vn -0.058482 0.064230 0.049541
vn -0.041876 0.044833 0.078971
vn -0.018762 0.018459 0.096474
vn -0.049729 0.071175 0.049609
vn -0.035781 0.049700 0.079055
vn -0.016255 0.020466 0.096524
vn -0.014154 0.021787 0.096566
vn -0.030673 0.052899 0.079126
vn -0.042400 0.075732 0.049668
vn -0.044856 0.080739 0.038330
vn -0.036585 0.084786 0.038378
vn -0.034648 0.079540 0.049728
vn -0.025267 0.055578 0.079200
vn -0.011929 0.022894 0.096610
vn -0.024542 0.088991 0.038449
vn -0.023356 0.083503 0.049817
vn -0.017385 0.058376 0.079309
vn -0.008685 0.024053 0.096675
vn -0.011929 0.091507 0.038525
vn -0.011523 0.085884 0.049911
vn -0.009118 0.060072 0.079424
vn -0.005280 0.024758 0.096743
vn 0.000812 0.092247 0.038599
vn 0.000435 0.086599 0.050004
vn -0.000754 0.060605 0.079539
vn -0.001833 0.024984 0.096811
vn -0.089982 0.043626 0.000000
vn -0.089982 0.043626 0.000000
vn -0.081901 0.057378 0.000000
vn -0.071736 0.069670 0.000000
vn -0.059747 0.080189 0.000000
vn -0.046237 0.088669 0.000000
vn -0.031551 0.094892 0.000000
vn -0.016062 0.098702 0.000000
vn -0.000164 0.100000 0.000000
vn 0.015738 0.098754 0.000000
vn 0.015738 0.098754 0.000000
vn -0.000164 0.100000 0.000000
vn -0.016062 0.098702 0.000000
vn -0.031551 0.094892 0.000000
vn -0.046237 0.088669 0.000000
vn -0.059747 0.080189 0.000000
vn -0.071736 0.069670 0.000000
vn -0.081901 0.057378 0.000000
vn -0.002377 0.000000 0.099972
vn -0.004361 0.029540 0.095438
vn -0.005954 0.056430 0.082342
vn -0.006369 0.064313 0.076310
vn -0.006721 0.071561 0.069525
vn -0.007007 0.078103 0.062054
vn -0.007245 0.084528 0.052939
vn -0.007144 0.081620 0.057333
vn -0.007023 0.078486 0.061568
vn -0.006882 0.075134 0.065632
vn -0.007206 0.083366 0.054756
vn -0.007435 0.092332 0.037677
vn -0.007388 0.097862 0.019196
vn -0.007065 0.099750 0.000000
vn -0.007065 0.099750 0.000000
vn -0.007302 0.086330 0.049937
vn -0.005586 0.049827 0.086522
vn -0.002377 0.000000 0.099972
vn -0.007065 0.099750 0.000000
vn -0.007065 0.099750 0.000000
vn -0.007065 0.099750 0.000000
vn -0.007065 0.099750 0.000000
vn -0.100000 0.000000 0.000000
vn -0.100000 0.000000 0.000000
vn -0.100000 0.000000 0.000000
vn -0.100000 0.000000 0.000000
vn -0.100000 0.000000 0.000000
vn -0.100000 0.000000 0.000000
vn -0.100000 0.000000 0.000000
vn -0.100000 0.000000 0.000000
vn -0.100000 0.000000 0.000000
vn -0.100000 0.000000 0.000000
vn -0.100000 0.000000 0.000000
vn -0.100000 0.000000 0.000000
vn -0.100000 0.000000 0.000000
vn -0.100000 0.000000 0.000000
vn -0.100000 0.000000 0.000000
vn -0.100000 0.000000 0.000000
vn -0.100000 0.000000 0.000000
vn -0.100000 0.000000 0.000000
vn -0.100000 0.000000 0.000000
vn -0.100000 0.000000 0.000000
vn -0.089981 0.043629 -0.000000
vn -0.078462 0.037474 -0.049391
vn -0.046483 0.021548 -0.085878
vn -0.002377 0.000000 -0.099972
vn -0.002377 0.000000 -0.099972
vn -0.002377 0.000000 -0.099972
vn -0.002377 0.000000 -0.099972
vn -0.002786 0.000246 -0.099961
vn -0.010893 0.006442 -0.099196
vn -0.015363 0.012155 -0.098062
vn -0.016962 0.016837 -0.097102
vn -0.016095 0.019688 -0.096713
vn -0.013168 0.019619 -0.097168
vn -0.009257 0.016319 -0.098224
vn -0.005419 0.009969 -0.099354
vn -0.002453 0.000388 -0.099969
vn -0.002377 0.000000 -0.099972
vn -0.002377 0.000000 -0.099972
vn -0.002377 0.000000 -0.099972
vn -0.002377 0.000000 -0.099972
vn 0.005826 0.049491 -0.086699
vn 0.012457 0.085643 -0.050101
vn 0.015738 0.098754 0.000000
vn -0.000161 0.100000 0.000000
vn -0.016089 0.098697 0.000001
vn -0.031583 0.094882 -0.000002
vn -0.046175 0.088701 -0.000004
vn -0.059787 0.080159 0.000000
vn -0.071734 0.069672 -0.000006
vn -0.081875 0.057415 -0.000002
vn -0.073987 0.055413 -0.038148
vn -0.021982 0.014930 -0.096405
vn -0.053964 0.074991 -0.038266
vn -0.026753 0.088363 -0.038423
vn -0.023343 0.012900 -0.096378
vn -0.052987 0.031322 -0.078812
vn -0.074445 0.044900 -0.049417
vn -0.079073 0.047900 -0.038119
vn -0.049677 0.036246 -0.078857
vn -0.069684 0.051947 -0.049453
vn -0.068247 0.062327 -0.038180
vn -0.064311 0.058434 -0.049493
vn -0.045940 0.040783 -0.078907
vn -0.020445 0.016801 -0.096435
vn -0.018737 0.018511 -0.096469
vn -0.041787 0.044927 -0.078964
vn -0.058346 0.064355 -0.049540
vn -0.061878 0.068634 -0.038217
vn -0.016612 0.020237 -0.096512
vn -0.036623 0.049111 -0.079037
vn -0.050933 0.070326 -0.049600
vn -0.014289 0.021735 -0.096558
vn -0.030980 0.052736 -0.079115
vn -0.042835 0.075490 -0.049664
vn -0.045321 0.080485 -0.038317
vn -0.011845 0.022955 -0.096606
vn -0.025045 0.055686 -0.079195
vn -0.034324 0.079681 -0.049728
vn -0.036241 0.084938 -0.038368
vn -0.009286 0.023899 -0.096657
vn -0.018835 0.057964 -0.079281
vn -0.025428 0.082907 -0.049798
vn -0.006612 0.024562 -0.096711
vn -0.012347 0.059561 -0.079373
vn -0.016141 0.085159 -0.049874
vn -0.016851 0.090747 -0.038485
vn -0.003867 0.024929 -0.096766
vn -0.005686 0.060440 -0.079465
vn -0.006614 0.086379 -0.049950
vn -0.006698 0.092029 -0.038546
vn -0.001116 0.024991 -0.096820
vn 0.000983 0.060578 -0.079557
vn 0.002916 0.086539 -0.050025
vn 0.003456 0.092183 -0.038606
vn 0.013553 -0.099077 0.000000
vn 0.013553 -0.099077 0.000000
vn 0.013553 -0.099077 0.000000
vn 0.013553 -0.099077 0.000000
vn 0.000000 0.100000 0.000000
vn 0.000000 0.100000 0.000000
vn 0.000000 0.100000 0.000000
vn 0.000000 0.100000 0.000000
vn -0.013010 0.099150 0.000000
vn -0.012313 0.093838 -0.032292
vn -0.010297 0.078471 -0.061125
vn -0.007177 0.054697 -0.083407
vn -0.003288 0.025061 -0.096753
vn 0.000000 0.000000 -0.100000
vn 0.000000 0.000000 -0.100000
vn -0.006505 0.049575 -0.086603
vn -0.011267 0.085866 -0.050000
vn -0.013010 0.099150 0.000000
vn -0.013010 0.099150 0.000000
vn -0.013010 0.099150 0.000000
vn -0.013010 0.099150 0.000000
vn -0.013010 0.099150 0.000000
vn 0.000000 0.000000 0.100000
vn -0.003288 0.025061 0.096753
vn -0.007177 0.054697 0.083407
vn -0.010297 0.078471 0.061125
vn -0.012313 0.093838 0.032292
vn -0.013010 0.099150 0.000000
vn -0.013010 0.099150 0.000000
vn -0.011267 0.085866 0.050000
vn -0.006505 0.049575 0.086603
vn 0.000000 0.000000 0.100000
vn 0.000000 -0.100000 0.000000
vn 0.000000 -0.100000 0.000000
vn 0.000000 -0.100000 0.000000
vn 0.000000 -0.100000 0.000000
vn 0.000000 -0.100000 0.000000
vn 0.000000 -0.100000 0.000000
vn 0.015738 0.098754 0.000000
vn 0.015738 0.098754 0.000000
vn 0.015738 0.098754 0.000000
vn 0.015738 0.098754 0.000000
vn 0.015738 0.098754 0.000000
vn 0.015738 0.098754 0.000000
vn 0.015738 0.098754 0.000000
vn 0.015738 0.098754 0.000000
vn -0.002377 0.000000 -0.099972
vn -0.002377 0.000000 -0.099972
vn -0.002377 0.000000 -0.099972
vn -0.002377 0.000000 -0.099972
vn -0.002377 0.000000 -0.099972
vn -0.002377 0.000000 -0.099972
vn -0.002377 0.000000 -0.099972
vn -0.002377 0.000000 0.099972
vn -0.007489 -0.037824 0.092268
vn -0.011465 -0.069913 0.070575
vn -0.012830 -0.082231 0.055439
vn -0.013704 -0.091402 0.038182
vn -0.014053 -0.097076 0.019463
vn -0.014026 -0.098527 0.009779
vn -0.013864 -0.099034 0.000000
vn -0.013864 -0.099034 0.000000
vn -0.013178 -0.085658 0.049891
vn -0.008975 -0.049423 0.086469
vn -0.002377 0.000000 0.099972
vn -0.002374 -0.000002 -0.099972
vn 0.029268 -0.018160 -0.093881
vn 0.057754 -0.034576 -0.073953
vn 0.078408 -0.046384 -0.041240
vn 0.086293 -0.050532 -0.000000
vn 0.077894 -0.062710 -0.000002
vn 0.067892 -0.073422 -0.000004
vn 0.056352 -0.082611 -0.000000
vn 0.043538 -0.090025 -0.000001
vn 0.029926 -0.095417 -0.000003
vn 0.015527 -0.098787 0.000000
vn 0.000843 -0.099996 0.000000
vn -0.013864 -0.099034 0.000000
vn -0.013177 -0.085654 -0.049898
vn -0.008976 -0.049430 -0.086464
vn -0.002377 0.000000 -0.099972
vn -0.002377 -0.000059 -0.099972
vn -0.002375 -0.000016 -0.099972
vn -0.002354 -0.000093 -0.099972
vn -0.002269 -0.000427 -0.099973
vn 0.000259 -0.007475 -0.099720
vn 0.003106 -0.011960 -0.099234
vn 0.005674 -0.014033 -0.098848
vn 0.007505 -0.014060 -0.098722
vn 0.008139 -0.012395 -0.098894
vn 0.007009 -0.009233 -0.099326
vn 0.003679 -0.004969 -0.099809
vn -0.002090 -0.000195 -0.099978
vn -0.002373 -0.000002 -0.099972
vn -0.002377 -0.000000 -0.099972
vn -0.002375 -0.000001 -0.099972
vn 0.071887 -0.057520 -0.039035
vn 0.067248 -0.054071 -0.050538
vn 0.046133 -0.037948 -0.080198
vn 0.017510 -0.015658 -0.097202
vn 0.062559 -0.067580 -0.038978
vn 0.058469 -0.063518 -0.050467
vn 0.039957 -0.044562 -0.080111
vn 0.014959 -0.018383 -0.097151
vn 0.051789 -0.076181 -0.038915
vn 0.048337 -0.071586 -0.050388
vn 0.032833 -0.050198 -0.080013
vn 0.012018 -0.020703 -0.097092
vn 0.039810 -0.083106 -0.038840
vn 0.037073 -0.078077 -0.050295
vn 0.024923 -0.054724 -0.079901
vn 0.008753 -0.022565 -0.097027
vn 0.027095 -0.088109 -0.038765
vn 0.025121 -0.082758 -0.050200
vn 0.016537 -0.057974 -0.079784
vn 0.005294 -0.023899 -0.096958
vn 0.013663 -0.091196 -0.038685
vn 0.012503 -0.085636 -0.050102
vn 0.007693 -0.059955 -0.079663
vn 0.001648 -0.024709 -0.096885
vn -0.000109 -0.092249 -0.038602
vn -0.000420 -0.086602 -0.049998
vn -0.001333 -0.060598 -0.079537
vn -0.002063 -0.024967 -0.096811
vn -0.002377 0.000000 -0.099972
vn -0.008975 -0.049423 -0.086469
vn -0.013178 -0.085658 -0.049891
vn -0.013864 -0.099034 0.000000
vn -0.013864 -0.099034 0.000000
vn -0.014026 -0.098527 -0.009779
vn -0.014053 -0.097076 -0.019463
vn -0.013704 -0.091402 -0.038182
vn -0.012830 -0.082231 -0.055439
vn -0.011465 -0.069913 -0.070575
vn -0.007489 -0.037824 -0.092268
vn -0.002377 0.000000 -0.099972
vn 0.015736 0.098754 -0.000047
vn 0.012446 0.085624 -0.050136
vn 0.005807 0.049462 -0.086717
vn -0.002407 -0.000040 -0.099971
vn -0.004349 0.029537 -0.095439
vn -0.006049 0.056302 -0.082423
vn 0.005316 0.088094 -0.047023
vn 0.015705 0.098759 -0.000179
vn 0.015738 0.098754 -0.000000
vn 0.002635 0.048687 -0.087308
vn 0.004486 0.058069 -0.081289
vn 0.009877 0.082481 -0.055672
vn 0.011374 0.088205 -0.045723
vn 0.014640 0.097659 -0.015759
vn 0.000101 0.071916 -0.069484
vn 0.001944 0.077266 -0.063452
vn 0.007675 0.090671 -0.041472
vn 0.009414 0.093662 -0.033747
vn 0.013812 0.098380 -0.011427
vn 0.015738 0.098754 0.000000
vn 0.012458 0.085647 -0.050094
vn 0.005825 0.049484 -0.086703
vn -0.002377 0.000000 -0.099972
vn -0.002377 0.000000 -0.099972
vn 0.005825 0.049484 -0.086703
vn 0.012458 0.085647 -0.050094
vn 0.015738 0.098754 0.000000
vn 0.086890 0.049498 0.000000
vn 0.086890 0.049498 0.000000
vn 0.086890 0.049498 0.000000
vn 0.086890 0.049498 0.000000
vn 0.086890 0.049498 0.000000
vn 0.086890 0.049498 0.000000
vn 0.086890 0.049498 0.000000
vn 0.086890 0.049498 0.000000
vn 0.086890 0.049498 0.000000
vn 0.086890 0.049498 0.000000
vn 0.086890 0.049498 0.000000
vn 0.074654 0.043212 -0.050591
vn 0.041897 0.025049 -0.087277
vn -0.002377 0.000000 -0.099972
vn -0.046486 0.021548 -0.085876
vn -0.078469 0.037475 -0.049379
vn -0.089982 0.043626 0.000000
vn -0.054490 0.083850 0.000000
vn -0.003318 0.099945 0.000000
vn 0.048809 0.087279 0.000000
vn -0.013151 0.049654 -0.085799
vn 0.019863 0.047370 -0.085799
vn 0.033640 0.080229 -0.049312
vn -0.068942 0.053060 -0.049312
vn -0.040706 0.031329 -0.085799
vn -0.022273 0.084096 -0.049312
vn 0.086890 0.049498 0.000000
vn 0.048809 0.087279 0.000000
vn -0.003318 0.099945 0.000000
vn -0.054490 0.083850 0.000000
vn -0.089982 0.043626 0.000000
vn -0.089982 0.043626 0.000000
vn -0.054490 0.083850 0.000000
vn -0.003318 0.099945 0.000000
vn 0.048809 0.087279 0.000000
vn 0.086890 0.049498 0.000000
vn 0.086890 0.049498 0.000000
vn 0.048809 0.087279 0.000000
vn -0.003318 0.099945 0.000000
vn -0.054490 0.083850 0.000000
vn -0.089982 0.043626 0.000000
vn -0.078469 0.037475 0.049379
vn -0.046486 0.021548 0.085876
vn -0.002377 0.000000 0.099972
vn 0.041897 0.025049 0.087277
vn 0.074654 0.043212 0.050591
vn 0.019863 0.047370 0.085799
vn 0.033640 0.080229 0.049312
vn -0.022273 0.084096 0.049312
vn -0.040706 0.031329 0.085799
vn -0.013151 0.049654 0.085799
vn -0.068942 0.053060 0.049312
vn -0.005114 -0.099869 0.000000
vn -0.005114 -0.099869 0.000000
vn -0.005114 -0.099869 0.000000
vn -0.005114 -0.099869 0.000000
vn -0.005114 -0.099869 0.000000
vn -0.005114 -0.099869 0.000000
vn -0.005114 -0.099869 0.000000
vn -0.005114 -0.099869 0.000000
vn -0.005114 -0.099869 0.000000
vn -0.005114 -0.099869 0.000000
vn -0.005114 -0.099869 0.000000
vn -0.005114 -0.099869 0.000000
vn -0.005114 -0.099869 0.000000
vn -0.005114 -0.099869 0.000000
vn -0.002377 0.000000 -0.099972
vn 0.041897 0.025049 -0.087277
vn 0.074654 0.043212 -0.050591
vn 0.086890 0.049498 0.000000
vn 0.086890 0.049498 0.000000
vn 0.074654 0.043212 -0.050591
vn 0.041897 0.025049 -0.087277
vn -0.002377 0.000000 -0.099972
vn -0.007007 0.078103 -0.062054
vn -0.006721 0.071561 -0.069525
vn -0.006369 0.064313 -0.076310
vn -0.005954 0.056430 -0.082342
vn -0.004361 0.029540 -0.095438
vn -0.002377 0.000000 -0.099972
vn -0.002377 0.000000 -0.099972
vn -0.005586 0.049827 -0.086522
vn -0.007302 0.086330 -0.049937
vn -0.007065 0.099750 0.000000
vn -0.007065 0.099750 0.000000
vn -0.007388 0.097862 -0.019196
vn -0.007435 0.092332 -0.037677
vn -0.007206 0.083366 -0.054756
vn -0.006882 0.075134 -0.065632
vn -0.007023 0.078486 -0.061568
vn -0.007144 0.081620 -0.057333
vn -0.007245 0.084528 -0.052939
vn 0.086890 0.049498 0.000000
vn 0.074654 0.043212 0.050591
vn 0.041897 0.025049 0.087277
vn -0.002377 0.000000 0.099972
vn -0.002377 0.000000 0.099972
vn 0.041897 0.025049 0.087277
vn 0.074654 0.043212 0.050591
vn 0.086890 0.049498 0.000000
vn 0.015738 0.098754 0.000000
vn 0.012458 0.085647 0.050094
vn 0.005825 0.049484 0.086703
vn -0.002377 0.000000 0.099972
vn -0.002377 0.000000 0.099972
vn 0.005825 0.049484 0.086703
vn 0.012458 0.085647 0.050094
vn 0.015738 0.098754 0.000000
vn 0.015737 0.098754 0.000003
vn 0.005369 0.088172 0.046871
vn -0.005958 0.056431 0.082341
vn -0.004388 0.029448 0.095465
vn -0.002377 0.000000 0.099972
vn 0.005826 0.049491 0.086699
vn 0.012457 0.085643 0.050101
vn 0.015738 0.098754 0.000000
vn 0.015728 0.098755 0.000104
vn 0.001358 0.058285 0.081246
vn 0.003301 0.066431 0.074673
vn 0.008783 0.085946 0.050359
vn 0.013401 0.096870 0.020895
vn 0.086890 0.049498 0.000000
vn 0.098582 0.016781 0.000000
vn 0.098374 -0.017959 0.000000
vn 0.086292 -0.050534 0.000000
vn 0.078343 -0.046364 -0.041385
vn 0.057694 -0.034553 -0.074010
vn 0.029351 -0.018214 -0.093844
vn -0.002377 0.000000 -0.099972
vn 0.041903 0.025054 -0.087272
vn 0.074650 0.043210 -0.050599
vn 0.086890 0.049498 0.000000
vn 0.086890 0.049498 0.000000
vn 0.086890 0.049498 0.000000
vn 0.091161 -0.022995 -0.034072
vn 0.093865 -0.014910 -0.031098
vn 0.097326 0.010373 -0.020495
vn 0.093332 0.034932 -0.008297
vn 0.076887 -0.013210 -0.062560
vn 0.081627 -0.005863 -0.057469
vn 0.090794 0.016686 -0.038446
vn 0.091275 0.037722 -0.015679
vn 0.056314 0.001293 -0.082626
vn 0.063756 0.007771 -0.076647
vn 0.080903 0.026547 -0.052441
vn 0.088074 0.042137 -0.021620
vn 0.086890 0.049498 0.000000
vn 0.098582 0.016782 0.000000
vn 0.098374 -0.017960 0.000000
vn 0.086292 -0.050534 0.000000
vn 0.086292 -0.050534 0.000000
vn 0.098374 -0.017960 0.000000
vn 0.098582 0.016782 0.000000
vn 0.086890 0.049498 0.000000
vn 0.086890 0.049498 0.000000
vn 0.074650 0.043210 0.050599
vn 0.041903 0.025054 0.087272
vn -0.002377 0.000000 0.099972
vn 0.029353 -0.018211 0.093844
vn 0.057706 -0.034548 0.074003
vn 0.078361 -0.046364 0.041351
vn 0.086292 -0.050534 0.000000
vn 0.098374 -0.017959 0.000000
vn 0.098582 0.016781 0.000000
vn 0.086890 0.049498 0.000000
vn 0.086890 0.049498 0.000000
vn 0.086890 0.049498 0.000000
vn 0.056284 0.001277 0.082647
vn 0.063753 0.007777 0.076649
vn 0.080886 0.026532 0.052475
vn 0.088070 0.042108 0.021696
vn 0.076874 -0.013234 0.062572
vn 0.081630 -0.005863 0.057465
vn 0.090789 0.016659 0.038470
vn 0.091285 0.037676 0.015734
vn 0.091160 -0.023024 0.034056
vn 0.093872 -0.014911 0.031075
vn 0.097330 0.010341 0.020494
vn 0.093351 0.034877 0.008320
vn -0.055470 -0.083205 0.000000
vn -0.055470 -0.083205 0.000000
vn -0.055470 -0.083205 0.000000
vn -0.055470 -0.083205 0.000000
vn -0.055470 -0.083205 0.000000
vn -0.055470 -0.083205 0.000000
vn -0.055470 -0.083205 0.000000
vn -0.055470 -0.083205 0.000000
vn 0.000000 0.000000 -0.100000
vn 0.000000 0.000000 -0.100000
vn 0.000000 0.000000 -0.100000
usemtl 191,191,191
f 8/1/1 6/2/2 52/39/39
f 52/39/39 6/2/2 54/38/38
f 54/38/38 6/2/2 4/3/3
f 54/38/38 4/3/3 56/37/37
f 56/37/37 4/3/3 2/4/4
f 56/37/37 2/4/4 58/36/36
f 58/36/36 2/4/4 80/34/34
f 58/36/36 80/34/34 82/35/35
f 10/5/5 64/27/27 2/4/4
f 2/4/4 64/27/27 66/28/28
f 2/4/4 66/28/28 68/29/29
f 12/6/6 44/22/22 10/5/5
f 10/5/5 44/22/22 46/23/23
f 10/5/5 46/23/23 48/24/24
f 14/7/7 40/20/20 12/6/6
f 12/6/6 40/20/20 42/21/21
f 12/6/6 42/21/21 44/22/22
f 16/8/8 36/18/18 14/7/7
f 14/7/7 36/18/18 38/19/19
f 14/7/7 38/19/19 40/20/20
f 18/9/9 32/16/16 16/8/8
f 16/8/8 32/16/16 34/17/17
f 16/8/8 34/17/17 36/18/18
f 32/16/16 18/9/9 30/15/15
f 30/15/15 18/9/9 20/10/10
f 30/15/15 20/10/10 22/11/11
f 30/15/15 22/11/11 28/14/14
f 28/14/14 22/11/11 24/12/12
f 28/14/14 24/12/12 26/13/13
f 48/24/24 60/25/25 10/5/5
f 10/5/5 60/25/25 62/26/26
f 10/5/5 62/26/26 64/27/27
f 68/29/29 72/30/30 2/4/4
f 2/4/4 72/30/30 74/31/31
f 2/4/4 74/31/31 76/32/32
f 76/32/32 78/33/33 2/4/4
f 2/4/4 78/33/33 80/34/34
f 3/41/41 55/46/46 1/40/40
f 1/40/40 55/46/46 57/47/47
f 1/40/40 57/47/47 79/49/49
f 79/49/49 57/47/47 81/48/48
f 55/46/46 3/41/41 53/45/45
f 53/45/45 3/41/41 5/42/42
f 53/45/45 5/42/42 51/44/44
f 51/44/44 5/42/42 7/43/43
f 79/49/49 77/50/50 1/40/40
f 1/40/40 77/50/50 75/51/51
f 1/40/40 75/51/51 73/52/52
f 73/52/52 71/53/53 1/40/40
f 1/40/40 71/53/53 67/54/54
f 1/40/40 67/54/54 65/55/55
f 65/55/55 63/56/56 1/40/40
f 1/40/40 63/56/56 9/78/78
f 9/78/78 63/56/56 61/57/57
f 9/78/78 61/57/57 59/58/58
f 59/58/58 47/59/59 9/78/78
f 9/78/78 47/59/59 45/60/60
f 9/78/78 45/60/60 43/61/61
f 9/78/78 43/61/61 11/77/77
f 11/77/77 43/61/61 41/62/62
f 11/77/77 41/62/62 39/63/63
f 39/63/63 37/64/64 11/77/77
f 11/77/77 37/64/64 13/76/76
f 13/76/76 37/64/64 35/65/65
f 13/76/76 35/65/65 15/75/75
f 15/75/75 35/65/65 33/66/66
f 15/75/75 33/66/66 31/67/67
f 15/75/75 31/67/67 17/74/74
f 17/74/74 31/67/67 29/68/68
f 17/74/74 29/68/68 19/73/73
f 19/73/73 29/68/68 21/72/72
f 21/72/72 29/68/68 27/69/69
f 21/72/72 27/69/69 23/71/71
f 23/71/71 27/69/69 25/70/70
f 246/79/79 224/80/80 218/113/113
f 218/113/113 224/80/80 206/81/81
f 218/113/113 206/81/81 180/111/111
f 180/111/111 206/81/81 182/82/82
f 180/111/111 182/82/82 172/110/110
f 172/110/110 182/82/82 150/83/83
f 172/110/110 150/83/83 84/85/85
f 84/85/85 150/83/83 88/84/84
f 84/85/85 82/86/86 172/110/110
f 172/110/110 82/86/86 80/87/87
f 172/110/110 80/87/87 78/88/88
f 78/88/88 76/89/89 172/110/110
f 172/110/110 76/89/89 74/90/90
f 172/110/110 74/90/90 72/91/91
f 72/91/91 68/92/92 172/110/110
f 172/110/110 68/92/92 70/109/109
f 70/109/109 68/92/92 66/93/93
f 70/109/109 66/93/93 64/94/94
f 64/94/94 62/95/95 70/109/109
f 70/109/109 62/95/95 60/96/96
f 70/109/109 60/96/96 48/97/97
f 70/109/109 48/97/97 50/108/108
f 50/108/108 48/97/97 46/98/98
f 50/108/108 46/98/98 44/99/99
f 44/99/99 42/100/100 50/108/108
f 50/108/108 42/100/100 40/101/101
f 50/108/108 40/101/101 38/102/102
f 38/102/102 36/103/103 50/108/108
f 50/108/108 36/103/103 34/104/104
f 50/108/108 34/104/104 32/105/105
f 32/105/105 30/106/106 50/108/108
f 50/108/108 30/106/106 28/107/107
f 180/111/111 194/112/112 218/113/113
f 109/121/121 110/114/114 107/120/120
f 107/120/120 110/114/114 108/115/115
f 107/120/120 108/115/115 105/119/119
f 105/119/119 108/115/115 106/116/116
f 105/119/119 106/116/116 104/117/117
f 104/117/117 103/118/118 105/119/119
f 58/122/122 82/123/123 84/124/124
f 1/125/125 2/126/126 3/132/132
f 3/132/132 2/126/126 4/127/127
f 3/132/132 4/127/127 6/128/128
f 3/132/132 6/128/128 5/131/131
f 5/131/131 6/128/128 8/129/129
f 5/131/131 8/129/129 7/130/130
f 181/134/134 171/141/141 149/133/133
f 149/133/133 171/141/141 83/166/166
f 149/133/133 83/166/166 87/167/167
f 171/141/141 181/134/134 179/140/140
f 179/140/140 181/134/134 205/135/135
f 179/140/140 205/135/135 217/138/138
f 217/138/138 205/135/135 223/136/136
f 217/138/138 223/136/136 245/137/137
f 217/138/138 193/139/139 179/140/140
f 69/142/142 67/159/159 171/141/141
f 171/141/141 67/159/159 71/160/160
f 171/141/141 71/160/160 73/161/161
f 49/143/143 47/154/154 69/142/142
f 69/142/142 47/154/154 59/155/155
f 69/142/142 59/155/155 61/156/156
f 27/144/144 29/145/145 49/143/143
f 49/143/143 29/145/145 31/146/146
f 49/143/143 31/146/146 33/147/147
f 33/147/147 35/148/148 49/143/143
f 49/143/143 35/148/148 37/149/149
f 49/143/143 37/149/149 39/150/150
f 39/150/150 41/151/151 49/143/143
f 49/143/143 41/151/151 43/152/152
f 49/143/143 43/152/152 45/153/153
f 45/153/153 47/154/154 49/143/143
f 61/156/156 63/157/157 69/142/142
f 69/142/142 63/157/157 65/158/158
f 69/142/142 65/158/158 67/159/159
f 73/161/161 75/162/162 171/141/141
f 171/141/141 75/162/162 77/163/163
f 171/141/141 77/163/163 79/164/164
f 79/164/164 81/165/165 171/141/141
f 171/141/141 81/165/165 83/166/166
f 173/169/169 174/170/170 157/168/168
f 157/168/168 174/170/170 158/171/171
f 172/172/172 70/173/173 170/189/189
f 170/189/189 70/173/173 168/188/188
f 168/188/188 70/173/173 166/187/187
f 166/187/187 70/173/173 164/186/186
f 164/186/186 70/173/173 162/185/185
f 162/185/185 70/173/173 160/184/184
f 160/184/184 70/173/173 158/183/183
f 158/183/183 70/173/173 157/182/182
f 157/182/182 70/173/173 69/174/174
f 157/182/182 69/174/174 159/181/181
f 159/181/181 69/174/174 161/180/180
f 161/180/180 69/174/174 163/179/179
f 163/179/179 69/174/174 165/178/178
f 165/178/178 69/174/174 167/177/177
f 167/177/177 69/174/174 169/176/176
f 169/176/176 69/174/174 171/175/175
f 129/201/201 130/190/190 127/200/200
f 127/200/200 130/190/190 128/191/191
f 127/200/200 128/191/191 126/195/195
f 126/195/195 128/191/191 124/194/194
f 124/194/194 128/191/191 122/192/192
f 124/194/194 122/192/192 120/193/193
f 126/195/195 125/196/196 127/200/200
f 127/200/200 125/196/196 123/197/197
f 127/200/200 123/197/197 121/199/199
f 121/199/199 123/197/197 119/198/198
f 418/203/203 402/204/204 420/202/202
f 420/202/202 402/204/204 404/208/208
f 404/208/208 402/204/204 392/205/205
f 404/208/208 392/205/205 394/207/207
f 394/207/207 392/205/205 390/206/206
f 377/239/239 468/209/209 386/244/244
f 386/244/244 468/209/209 462/210/210
f 386/244/244 462/210/210 385/243/243
f 385/243/243 462/210/210 446/211/211
f 385/243/243 446/211/211 383/242/242
f 383/242/242 446/211/211 432/212/212
f 383/242/242 432/212/212 375/241/241
f 375/241/241 432/212/212 394/215/215
f 375/241/241 394/215/215 388/217/217
f 388/217/217 394/215/215 390/216/216
f 420/213/213 404/214/214 432/212/212
f 432/212/212 404/214/214 394/215/215
f 388/217/217 366/218/218 375/241/241
f 375/241/241 366/218/218 353/245/245
f 375/241/241 353/245/245 357/246/246
f 357/246/246 353/245/245 326/250/250
f 357/246/246 326/250/250 328/251/251
f 328/251/251 326/250/250 305/255/255
f 328/251/251 305/255/255 306/240/240
f 306/240/240 305/255/255 290/259/259
f 306/240/240 290/259/259 286/236/236
f 286/236/236 290/259/259 270/263/263
f 286/236/236 270/263/263 256/235/235
f 256/235/235 270/263/263 244/267/267
f 256/235/235 244/267/267 228/234/234
f 228/234/234 244/267/267 216/271/271
f 228/234/234 216/271/271 196/233/233
f 196/233/233 216/271/271 192/275/275
f 196/233/233 192/275/275 174/232/232
f 174/232/232 192/275/275 176/231/231
f 176/231/231 192/275/275 191/274/274
f 176/231/231 191/274/274 189/273/273
f 189/273/273 191/274/274 214/269/269
f 189/273/273 214/269/269 213/268/268
f 213/268/268 214/269/269 241/264/264
f 213/268/268 241/264/264 218/227/227
f 218/227/227 241/264/264 246/226/226
f 246/226/226 241/264/264 248/225/225
f 248/225/225 241/264/264 264/224/224
f 264/224/224 241/264/264 267/260/260
f 264/224/224 267/260/260 280/223/223
f 280/223/223 267/260/260 282/256/256
f 280/223/223 282/256/256 302/222/222
f 302/222/222 282/256/256 303/253/253
f 302/222/222 303/253/253 316/221/221
f 316/221/221 303/253/253 325/249/249
f 316/221/221 325/249/249 331/220/220
f 331/220/220 325/249/249 353/245/245
f 331/220/220 353/245/245 351/219/219
f 351/219/219 353/245/245 366/218/218
f 218/227/227 194/228/228 213/268/268
f 213/268/268 194/228/228 190/272/272
f 213/268/268 190/272/272 189/273/273
f 189/273/273 190/272/272 178/230/230
f 189/273/273 178/230/230 176/231/231
f 194/228/228 180/229/229 190/272/272
f 190/272/272 180/229/229 178/230/230
f 286/236/236 320/237/237 306/240/240
f 306/240/240 320/237/237 333/252/252
f 306/240/240 333/252/252 328/251/251
f 328/251/251 333/252/252 359/247/247
f 328/251/251 359/247/247 357/246/246
f 357/246/246 359/247/247 383/242/242
f 357/246/246 383/242/242 375/241/241
f 320/237/237 344/238/238 333/252/252
f 333/252/252 344/238/238 360/248/248
f 333/252/252 360/248/248 359/247/247
f 359/247/247 360/248/248 385/243/243
f 359/247/247 385/243/243 383/242/242
f 344/238/238 377/239/239 360/248/248
f 360/248/248 377/239/239 386/244/244
f 360/248/248 386/244/244 385/243/243
f 353/245/245 325/249/249 326/250/250
f 326/250/250 325/249/249 304/254/254
f 326/250/250 304/254/254 305/255/255
f 305/255/255 304/254/254 288/258/258
f 305/255/255 288/258/258 290/259/259
f 290/259/259 288/258/258 270/263/263
f 325/249/249 303/253/253 304/254/254
f 304/254/254 303/253/253 284/257/257
f 304/254/254 284/257/257 288/258/258
f 288/258/258 284/257/257 269/262/262
f 288/258/258 269/262/262 270/263/263
f 270/263/263 269/262/262 244/267/267
f 303/253/253 282/256/256 284/257/257
f 284/257/257 282/256/256 268/261/261
f 284/257/257 268/261/261 269/262/262
f 269/262/262 268/261/261 243/266/266
f 269/262/262 243/266/266 244/267/267
f 244/267/267 243/266/266 216/271/271
f 282/256/256 267/260/260 268/261/261
f 268/261/261 267/260/260 242/265/265
f 268/261/261 242/265/265 243/266/266
f 243/266/266 242/265/265 215/270/270
f 243/266/266 215/270/270 216/271/271
f 216/271/271 215/270/270 192/275/275
f 267/260/260 241/264/264 242/265/265
f 242/265/265 241/264/264 214/269/269
f 242/265/265 214/269/269 215/270/270
f 215/270/270 214/269/269 191/274/274
f 215/270/270 191/274/274 192/275/275
f 467/276/276 468/277/277 376/293/293
f 376/293/293 468/277/277 377/278/278
f 376/293/293 377/278/278 343/292/292
f 343/292/292 377/278/278 344/279/279
f 343/292/292 344/279/279 319/291/291
f 319/291/291 344/279/279 320/280/280
f 319/291/291 320/280/280 285/290/290
f 285/290/290 320/280/280 286/281/281
f 285/290/290 286/281/281 255/289/289
f 255/289/289 286/281/281 256/282/282
f 255/289/289 256/282/282 227/288/288
f 227/288/288 256/282/282 228/283/283
f 227/288/288 228/283/283 195/287/287
f 195/287/287 228/283/283 196/284/284
f 195/287/287 196/284/284 173/286/286
f 173/286/286 196/284/284 174/285/285
f 104/294/294 112/295/295 103/297/297
f 103/297/297 112/295/295 111/296/296
f 111/305/305 112/298/298 113/304/304
f 113/304/304 112/298/298 114/299/299
f 113/304/304 114/299/299 116/300/300
f 113/304/304 116/300/300 115/303/303
f 115/303/303 116/300/300 118/301/301
f 115/303/303 118/301/301 117/302/302
f 118/306/306 130/307/307 117/309/309
f 117/309/309 130/307/307 129/308/308
f 418/310/310 408/311/311 402/339/339
f 402/339/339 408/311/311 374/344/344
f 402/339/339 374/344/344 392/338/338
f 392/338/338 374/344/344 390/337/337
f 390/337/337 374/344/344 388/336/336
f 388/336/336 374/344/344 366/335/335
f 366/335/335 374/344/344 358/348/348
f 366/335/335 358/348/348 351/334/334
f 351/334/334 358/348/348 338/352/352
f 351/334/334 338/352/352 331/333/333
f 331/333/333 338/352/352 310/355/355
f 331/333/333 310/355/355 316/332/332
f 316/332/332 310/355/355 302/331/331
f 302/331/331 310/355/355 298/356/356
f 302/331/331 298/356/356 280/330/330
f 280/330/330 298/356/356 278/363/363
f 280/330/330 278/363/363 264/329/329
f 264/329/329 278/363/363 252/367/367
f 264/329/329 252/367/367 248/328/328
f 248/328/328 252/367/367 234/371/371
f 248/328/328 234/371/371 246/327/327
f 246/327/327 234/371/371 224/326/326
f 224/326/326 234/371/371 207/375/375
f 224/326/326 207/375/375 206/325/325
f 206/325/325 207/375/375 182/324/324
f 182/324/324 207/375/375 208/374/374
f 182/324/324 208/374/374 184/323/323
f 184/323/323 208/374/374 209/373/373
f 184/323/323 209/373/373 186/322/322
f 186/322/322 209/373/373 210/372/372
f 186/322/322 210/372/372 188/321/321
f 188/321/321 210/372/372 212/320/320
f 212/320/320 210/372/372 231/368/368
f 212/320/320 231/368/368 236/319/319
f 236/319/319 231/368/368 249/364/364
f 236/319/319 249/364/364 266/318/318
f 266/318/318 249/364/364 274/360/360
f 266/318/318 274/360/360 292/317/317
f 292/317/317 274/360/360 293/359/359
f 292/317/317 293/359/359 307/340/340
f 307/340/340 293/359/359 294/358/358
f 307/340/340 294/358/358 308/353/353
f 308/353/353 294/358/358 295/357/357
f 308/353/353 295/357/357 309/354/354
f 309/354/354 295/357/357 298/356/356
f 309/354/354 298/356/356 310/355/355
f 408/311/311 398/312/312 374/344/344
f 374/344/344 398/312/312 372/343/343
f 374/344/344 372/343/343 358/348/348
f 358/348/348 372/343/343 356/347/347
f 358/348/348 356/347/347 338/352/352
f 338/352/352 356/347/347 336/351/351
f 338/352/352 336/351/351 310/355/355
f 310/355/355 336/351/351 309/354/354
f 396/313/313 370/341/341 398/312/312
f 398/312/312 370/341/341 371/342/342
f 398/312/312 371/342/342 372/343/343
f 372/343/343 371/342/342 356/347/347
f 396/313/313 368/314/314 370/341/341
f 370/341/341 368/314/314 354/345/345
f 370/341/341 354/345/345 355/346/346
f 355/346/346 354/345/345 334/350/350
f 355/346/346 334/350/350 336/351/351
f 336/351/351 334/350/350 309/354/354
f 368/314/314 341/315/315 354/345/345
f 354/345/345 341/315/315 332/349/349
f 354/345/345 332/349/349 334/350/350
f 334/350/350 332/349/349 308/353/353
f 334/350/350 308/353/353 309/354/354
f 341/315/315 324/316/316 332/349/349
f 332/349/349 324/316/316 307/340/340
f 332/349/349 307/340/340 308/353/353
f 324/316/316 292/317/317 307/340/340
f 356/347/347 371/342/342 355/346/346
f 355/346/346 371/342/342 370/341/341
f 336/351/351 356/347/347 355/346/346
f 298/356/356 295/357/357 278/363/363
f 278/363/363 295/357/357 277/362/362
f 278/363/363 277/362/362 252/367/367
f 252/367/367 277/362/362 251/366/366
f 252/367/367 251/366/366 234/371/371
f 234/371/371 251/366/366 233/370/370
f 234/371/371 233/370/370 207/375/375
f 207/375/375 233/370/370 208/374/374
f 295/357/357 294/358/358 277/362/362
f 277/362/362 294/358/358 275/361/361
f 277/362/362 275/361/361 251/366/366
f 251/366/366 275/361/361 250/365/365
f 251/366/366 250/365/365 233/370/370
f 233/370/370 250/365/365 232/369/369
f 233/370/370 232/369/369 208/374/374
f 208/374/374 232/369/369 209/373/373
f 294/358/358 293/359/359 275/361/361
f 275/361/361 293/359/359 274/360/360
f 275/361/361 274/360/360 250/365/365
f 250/365/365 274/360/360 249/364/364
f 250/365/365 249/364/364 232/369/369
f 232/369/369 249/364/364 231/368/368
f 232/369/369 231/368/368 209/373/373
f 209/373/373 231/368/368 210/372/372
f 396/376/376 395/377/377 368/393/393
f 368/393/393 395/377/377 367/378/378
f 368/393/393 367/378/378 341/392/392
f 341/392/392 367/378/378 340/379/379
f 341/392/392 340/379/379 324/391/391
f 324/391/391 340/379/379 323/380/380
f 324/391/391 323/380/380 292/390/390
f 292/390/390 323/380/380 291/381/381
f 292/390/390 291/381/381 266/389/389
f 266/389/389 291/381/381 265/382/382
f 266/389/389 265/382/382 236/388/388
f 236/388/388 265/382/382 235/383/383
f 236/388/388 235/383/383 212/387/387
f 212/387/387 235/383/383 211/384/384
f 212/387/387 211/384/384 188/386/386
f 188/386/386 211/384/384 187/385/385
f 150/394/394 139/395/395 88/411/411
f 88/411/411 139/395/395 92/410/410
f 92/410/410 139/395/395 120/396/396
f 92/410/410 120/396/396 122/397/397
f 92/410/410 122/397/397 112/403/403
f 112/403/403 122/397/397 128/398/398
f 112/403/403 128/398/398 130/399/399
f 118/400/400 116/401/401 130/399/399
f 130/399/399 116/401/401 114/402/402
f 130/399/399 114/402/402 112/403/403
f 92/410/410 112/403/403 100/409/409
f 100/409/409 112/403/403 104/404/404
f 100/409/409 104/404/404 106/405/405
f 106/405/405 108/406/406 100/409/409
f 100/409/409 108/406/406 102/408/408
f 102/408/408 108/406/406 110/407/407
f 102/412/412 110/413/413 101/415/415
f 101/415/415 110/413/413 109/414/414
f 92/417/417 90/433/433 88/416/416
f 88/416/416 90/433/433 86/434/434
f 88/416/416 86/434/434 84/435/435
f 90/433/433 92/417/417 94/432/432
f 94/432/432 92/417/417 100/418/418
f 94/432/432 100/418/418 96/431/431
f 96/431/431 100/418/418 98/430/430
f 98/430/430 100/418/418 102/419/419
f 98/430/430 102/419/419 97/429/429
f 97/429/429 102/419/419 101/420/420
f 97/429/429 101/420/420 99/421/421
f 91/422/422 93/427/427 99/421/421
f 99/421/421 93/427/427 95/428/428
f 99/421/421 95/428/428 97/429/429
f 93/427/427 91/422/422 89/426/426
f 89/426/426 91/422/422 87/423/423
f 89/426/426 87/423/423 85/425/425
f 85/425/425 87/423/423 83/424/424
f 367/465/465 395/436/436 379/473/473
f 379/473/473 395/436/436 397/437/437
f 379/473/473 397/437/437 381/472/472
f 381/472/472 397/437/437 407/438/438
f 381/472/472 407/438/438 382/471/471
f 382/471/471 407/438/438 384/470/470
f 382/471/471 384/470/470 363/474/474
f 363/474/474 384/470/470 364/467/467
f 363/474/474 364/467/467 349/478/478
f 349/478/478 364/467/467 352/479/479
f 349/478/478 352/479/479 335/481/481
f 335/481/481 352/479/479 337/480/480
f 335/481/481 337/480/480 314/485/485
f 314/485/485 337/480/480 317/484/484
f 314/485/485 317/484/484 299/488/488
f 299/488/488 317/484/484 300/487/487
f 299/488/488 300/487/487 273/492/492
f 273/492/492 300/487/487 276/491/491
f 273/492/492 276/491/491 261/496/496
f 261/496/496 276/491/491 262/495/495
f 261/496/496 262/495/495 239/499/499
f 239/499/499 262/495/495 240/498/498
f 239/499/499 240/498/498 221/503/503
f 221/503/503 240/498/498 222/502/502
f 221/503/503 222/502/502 202/507/507
f 202/507/507 222/502/502 201/506/506
f 202/507/507 201/506/506 183/456/456
f 183/456/456 201/506/506 181/455/455
f 181/455/455 201/506/506 205/454/454
f 205/454/454 201/506/506 222/502/502
f 205/454/454 222/502/502 223/453/453
f 223/453/453 222/502/502 240/498/498
f 223/453/453 240/498/498 245/452/452
f 245/452/452 240/498/498 247/451/451
f 247/451/451 240/498/498 262/495/495
f 247/451/451 262/495/495 263/450/450
f 263/450/450 262/495/495 276/491/491
f 263/450/450 276/491/491 279/449/449
f 279/449/449 276/491/491 300/487/487
f 279/449/449 300/487/487 301/448/448
f 301/448/448 300/487/487 315/447/447
f 315/447/447 300/487/487 317/484/484
f 315/447/447 317/484/484 330/446/446
f 330/446/446 317/484/484 337/480/480
f 330/446/446 337/480/480 350/445/445
f 350/445/445 337/480/480 352/479/479
f 350/445/445 352/479/479 364/467/467
f 407/438/438 417/439/439 384/470/470
f 384/470/470 417/439/439 401/440/440
f 384/470/470 401/440/440 391/441/441
f 389/442/442 387/443/443 391/441/441
f 391/441/441 387/443/443 384/470/470
f 387/443/443 365/444/444 384/470/470
f 384/470/470 365/444/444 364/467/467
f 365/444/444 350/445/445 364/467/467
f 183/456/456 185/457/457 202/507/507
f 202/507/507 185/457/457 203/508/508
f 202/507/507 203/508/508 221/503/503
f 221/503/503 203/508/508 220/504/504
f 221/503/503 220/504/504 239/499/499
f 239/499/499 220/504/504 238/500/500
f 239/499/499 238/500/500 261/496/496
f 261/496/496 238/500/500 260/497/497
f 261/496/496 260/497/497 273/492/492
f 273/492/492 260/497/497 272/493/493
f 273/492/492 272/493/493 299/488/488
f 299/488/488 272/493/493 297/489/489
f 299/488/488 297/489/489 314/485/485
f 314/485/485 297/489/489 313/486/486
f 314/485/485 313/486/486 335/481/481
f 335/481/481 313/486/486 329/482/482
f 335/481/481 329/482/482 349/478/478
f 349/478/478 329/482/482 348/477/477
f 349/478/478 348/477/477 363/474/474
f 363/474/474 348/477/477 362/475/475
f 363/474/474 362/475/475 382/471/471
f 382/471/471 362/475/475 381/472/472
f 185/457/457 187/458/458 203/508/508
f 203/508/508 187/458/458 204/509/509
f 203/508/508 204/509/509 220/504/504
f 220/504/504 204/509/509 219/505/505
f 220/504/504 219/505/505 238/500/500
f 238/500/500 219/505/505 237/501/501
f 238/500/500 237/501/501 260/497/497
f 260/497/497 237/501/501 259/469/469
f 260/497/497 259/469/469 272/493/493
f 272/493/493 259/469/469 271/494/494
f 272/493/493 271/494/494 297/489/489
f 297/489/489 271/494/494 296/490/490
f 297/489/489 296/490/490 313/486/486
f 313/486/486 296/490/490 311/468/468
f 313/486/486 311/468/468 329/482/482
f 329/482/482 311/468/468 327/483/483
f 329/482/482 327/483/483 348/477/477
f 348/477/477 327/483/483 347/476/476
f 348/477/477 347/476/476 362/475/475
f 362/475/475 347/476/476 361/466/466
f 362/475/475 361/466/466 381/472/472
f 381/472/472 361/466/466 379/473/473
f 187/458/458 211/459/459 204/509/509
f 204/509/509 211/459/459 219/505/505
f 211/459/459 235/460/460 219/505/505
f 219/505/505 235/460/460 237/501/501
f 237/501/501 235/460/460 259/469/469
f 259/469/469 235/460/460 265/461/461
f 259/469/469 265/461/461 271/494/494
f 271/494/494 265/461/461 291/462/462
f 271/494/494 291/462/462 296/490/490
f 296/490/490 291/462/462 311/468/468
f 291/462/462 323/463/463 311/468/468
f 311/468/468 323/463/463 327/483/483
f 323/463/463 340/464/464 327/483/483
f 327/483/483 340/464/464 347/476/476
f 347/476/476 340/464/464 361/466/466
f 361/466/466 340/464/464 367/465/465
f 361/466/466 367/465/465 379/473/473
f 50/511/511 49/512/512 70/510/510
f 70/510/510 49/512/512 69/513/513
f 51/514/514 7/515/515 52/517/517
f 52/517/517 7/515/515 8/516/516
f 97/518/518 95/519/519 51/527/527
f 51/527/527 95/519/519 53/526/526
f 53/526/526 95/519/519 93/520/520
f 53/526/526 93/520/520 55/525/525
f 55/525/525 93/520/520 89/521/521
f 55/525/525 89/521/521 85/522/522
f 83/523/523 57/524/524 85/522/522
f 85/522/522 57/524/524 55/525/525
f 52/528/528 98/529/529 51/531/531
f 51/531/531 98/529/529 97/530/530
f 84/532/532 86/533/533 58/541/541
f 58/541/541 86/533/533 56/540/540
f 56/540/540 86/533/533 90/534/534
f 56/540/540 90/534/534 94/535/535
f 56/540/540 94/535/535 54/539/539
f 54/539/539 94/535/535 96/536/536
f 54/539/539 96/536/536 52/538/538
f 52/538/538 96/536/536 98/537/537
f 49/547/547 50/542/542 27/546/546
f 27/546/546 50/542/542 28/543/543
f 27/546/546 28/543/543 26/544/544
f 26/544/544 25/545/545 27/546/546
f 143/549/549 156/550/550 126/548/548
f 126/548/548 156/550/550 155/553/553
f 126/548/548 155/553/553 125/555/555
f 125/555/555 155/553/553 142/554/554
f 156/550/550 188/551/551 155/553/553
f 155/553/553 188/551/551 187/552/552
f 417/556/556 419/557/557 401/562/562
f 401/562/562 419/557/557 403/558/558
f 401/562/562 403/558/558 391/561/561
f 391/561/561 403/558/558 393/559/559
f 391/561/561 393/559/559 389/560/560
f 172/563/563 170/564/564 180/574/574
f 180/574/574 170/564/564 178/573/573
f 178/573/573 170/564/564 168/565/565
f 178/573/573 168/565/565 176/572/572
f 176/572/572 168/565/565 166/566/566
f 176/572/572 166/566/566 164/567/567
f 164/567/567 162/568/568 176/572/572
f 176/572/572 162/568/568 174/571/571
f 174/571/571 162/568/568 160/569/569
f 174/571/571 160/569/569 158/570/570
f 419/575/575 431/576/576 403/605/605
f 403/605/605 431/576/576 393/604/604
f 393/604/604 431/576/576 369/609/609
f 393/604/604 369/609/609 387/602/602
f 387/602/602 369/609/609 365/601/601
f 365/601/601 369/609/609 350/600/600
f 350/600/600 369/609/609 339/613/613
f 350/600/600 339/613/613 330/599/599
f 330/599/599 339/613/613 312/617/617
f 330/599/599 312/617/617 315/598/598
f 315/598/598 312/617/617 301/597/597
f 301/597/597 312/617/617 281/621/621
f 301/597/597 281/621/621 279/596/596
f 279/596/596 281/621/621 253/625/625
f 279/596/596 253/625/625 263/595/595
f 263/595/595 253/625/625 247/594/594
f 247/594/594 253/625/625 225/629/629
f 247/594/594 225/629/629 245/593/593
f 245/593/593 225/629/629 217/592/592
f 217/592/592 225/629/629 200/633/633
f 217/592/592 200/633/633 193/591/591
f 193/591/591 200/633/633 179/590/590
f 179/590/590 200/633/633 177/589/589
f 177/589/589 200/633/633 199/632/632
f 177/589/589 199/632/632 175/588/588
f 175/588/588 199/632/632 198/631/631
f 175/588/588 198/631/631 197/630/630
f 197/630/630 198/631/631 230/626/626
f 197/630/630 230/626/626 227/585/585
f 227/585/585 230/626/626 255/584/584
f 255/584/584 230/626/626 258/622/622
f 255/584/584 258/622/622 285/583/583
f 285/583/583 258/622/622 289/618/618
f 285/583/583 289/618/618 319/582/582
f 319/582/582 289/618/618 322/614/614
f 319/582/582 322/614/614 343/581/581
f 343/581/581 322/614/614 346/610/610
f 343/581/581 346/610/610 376/580/580
f 376/580/580 346/610/610 380/606/606
f 376/580/580 380/606/606 467/579/579
f 467/579/579 380/606/606 461/578/578
f 461/578/578 380/606/606 378/607/607
f 461/578/578 378/607/607 445/577/577
f 445/577/577 378/607/607 373/608/608
f 445/577/577 373/608/608 431/576/576
f 431/576/576 373/608/608 369/609/609
f 227/585/585 195/586/586 197/630/630
f 197/630/630 195/586/586 173/587/587
f 197/630/630 173/587/587 175/588/588
f 387/602/602 389/603/603 393/604/604
f 378/607/607 380/606/606 345/611/611
f 345/611/611 380/606/606 346/610/610
f 345/611/611 346/610/610 321/615/615
f 321/615/615 346/610/610 322/614/614
f 321/615/615 322/614/614 287/619/619
f 287/619/619 322/614/614 289/618/618
f 287/619/619 289/618/618 257/623/623
f 257/623/623 289/618/618 258/622/622
f 257/623/623 258/622/622 229/627/627
f 229/627/627 258/622/622 230/626/626
f 229/627/627 230/626/626 198/631/631
f 339/613/613 369/609/609 373/608/608
f 373/608/608 378/607/607 342/612/612
f 342/612/612 378/607/607 345/611/611
f 342/612/612 345/611/611 318/616/616
f 318/616/616 345/611/611 321/615/615
f 318/616/616 321/615/615 283/620/620
f 283/620/620 321/615/615 287/619/619
f 283/620/620 287/619/619 254/624/624
f 254/624/624 287/619/619 257/623/623
f 254/624/624 257/623/623 226/628/628
f 226/628/628 257/623/623 229/627/627
f 226/628/628 229/627/627 199/632/632
f 199/632/632 229/627/627 198/631/631
f 312/617/617 339/613/613 342/612/612
f 342/612/612 339/613/613 373/608/608
f 312/617/617 342/612/612 318/616/616
f 281/621/621 312/617/617 318/616/616
f 281/621/621 318/616/616 283/620/620
f 253/625/625 281/621/621 283/620/620
f 253/625/625 283/620/620 254/624/624
f 225/629/629 253/625/625 254/624/624
f 225/629/629 254/624/624 226/628/628
f 200/633/633 225/629/629 226/628/628
f 200/633/633 226/628/628 199/632/632
f 171/645/645 179/634/634 169/644/644
f 169/644/644 179/634/634 177/635/635
f 169/644/644 177/635/635 167/643/643
f 167/643/643 177/635/635 175/636/636
f 167/643/643 175/636/636 165/642/642
f 165/642/642 175/636/636 163/641/641
f 163/641/641 175/636/636 161/640/640
f 161/640/640 175/636/636 173/637/637
f 161/640/640 173/637/637 159/639/639
f 159/639/639 173/637/637 157/638/638
f 142/654/654 155/646/646 148/659/659
f 148/659/659 155/646/646 153/647/647
f 148/659/659 153/647/647 147/658/658
f 147/658/658 153/647/647 146/657/657
f 147/658/658 146/657/657 134/663/663
f 134/663/663 146/657/657 133/662/662
f 134/663/663 133/662/662 123/652/652
f 123/652/652 133/662/662 132/661/661
f 123/652/652 132/661/661 131/660/660
f 131/660/660 132/661/661 144/655/655
f 131/660/660 144/655/655 138/650/650
f 138/650/650 144/655/655 149/649/649
f 149/649/649 144/655/655 151/648/648
f 151/648/648 144/655/655 145/656/656
f 151/648/648 145/656/656 146/657/657
f 146/657/657 145/656/656 133/662/662
f 153/647/647 151/648/648 146/657/657
f 138/650/650 119/651/651 131/660/660
f 131/660/660 119/651/651 123/652/652
f 123/652/652 125/653/653 134/663/663
f 134/663/663 125/653/653 135/664/664
f 134/663/663 135/664/664 147/658/658
f 147/658/658 135/664/664 148/659/659
f 125/653/653 142/654/654 135/664/664
f 135/664/664 142/654/654 148/659/659
f 133/662/662 145/656/656 132/661/661
f 132/661/661 145/656/656 144/655/655
f 155/672/672 187/665/665 153/671/671
f 153/671/671 187/665/665 185/666/666
f 153/671/671 185/666/666 151/670/670
f 151/670/670 185/666/666 183/667/667
f 151/670/670 183/667/667 149/669/669
f 149/669/669 183/667/667 181/668/668
f 469/673/673 463/674/674 470/682/682
f 470/682/682 463/674/674 464/681/681
f 464/681/681 463/674/674 456/680/680
f 456/680/680 463/674/674 455/675/675
f 456/680/680 455/675/675 443/676/676
f 435/677/677 436/678/678 443/676/676
f 443/676/676 436/678/678 444/679/679
f 443/676/676 444/679/679 456/680/680
f 435/683/683 433/684/684 427/692/692
f 427/692/692 433/684/684 423/695/695
f 427/692/692 423/695/695 415/691/691
f 415/691/691 423/695/695 411/698/698
f 415/691/691 411/698/698 405/690/690
f 405/690/690 411/698/698 399/696/696
f 405/690/690 399/696/696 395/689/689
f 395/689/689 399/696/696 397/688/688
f 397/688/688 399/696/696 409/697/697
f 397/688/688 409/697/697 407/687/687
f 407/687/687 409/697/697 417/686/686
f 417/686/686 409/697/697 413/693/693
f 417/686/686 413/693/693 421/694/694
f 421/694/694 413/693/693 411/698/698
f 421/694/694 411/698/698 423/695/695
f 423/695/695 433/684/684 421/694/694
f 421/694/694 433/684/684 425/685/685
f 421/694/694 425/685/685 417/686/686
f 413/693/693 409/697/697 399/696/696
f 411/698/698 413/693/693 399/696/696
f 436/708/708 435/699/699 428/707/707
f 428/707/707 435/699/699 427/700/700
f 428/707/707 427/700/700 416/706/706
f 416/706/706 427/700/700 415/701/701
f 416/706/706 415/701/701 406/705/705
f 406/705/705 415/701/701 405/702/702
f 406/705/705 405/702/702 396/704/704
f 396/704/704 405/702/702 395/703/703
f 436/709/709 428/710/710 434/718/718
f 434/718/718 428/710/710 424/720/720
f 434/718/718 424/720/720 422/719/719
f 422/719/719 424/720/720 414/723/723
f 422/719/719 414/723/723 418/716/716
f 418/716/716 414/723/723 410/722/722
f 418/716/716 410/722/722 408/715/715
f 408/715/715 410/722/722 398/714/714
f 398/714/714 410/722/722 400/724/724
f 398/714/714 400/724/724 396/713/713
f 396/713/713 400/724/724 406/712/712
f 406/712/712 400/724/724 412/721/721
f 406/712/712 412/721/721 416/711/711
f 416/711/711 412/721/721 424/720/720
f 416/711/711 424/720/720 428/710/710
f 418/716/716 426/717/717 422/719/719
f 422/719/719 426/717/717 434/718/718
f 410/722/722 414/723/723 412/721/721
f 412/721/721 414/723/723 424/720/720
f 400/724/724 410/722/722 412/721/721
f 24/726/726 22/727/727 26/725/725
f 26/725/725 22/727/727 20/728/728
f 26/725/725 20/728/728 18/729/729
f 16/730/730 15/733/733 18/729/729
f 18/729/729 15/733/733 17/734/734
f 18/729/729 17/734/734 26/725/725
f 26/725/725 17/734/734 25/738/738
f 25/738/738 17/734/734 19/735/735
f 25/738/738 19/735/735 21/736/736
f 14/731/731 13/732/732 16/730/730
f 16/730/730 13/732/732 15/733/733
f 21/736/736 23/737/737 25/738/738
f 419/746/746 417/739/739 429/745/745
f 429/745/745 417/739/739 425/740/740
f 429/745/745 425/740/740 437/744/744
f 437/744/744 425/740/740 433/741/741
f 437/744/744 433/741/741 443/743/743
f 443/743/743 433/741/741 435/742/742
f 127/748/748 111/761/761 129/747/747
f 129/747/747 111/761/761 113/762/762
f 129/747/747 113/762/762 115/763/763
f 127/748/748 121/749/749 111/761/761
f 111/761/761 121/749/749 91/754/754
f 111/761/761 91/754/754 99/755/755
f 121/749/749 119/750/750 91/754/754
f 91/754/754 119/750/750 138/751/751
f 91/754/754 138/751/751 87/753/753
f 87/753/753 138/751/751 149/752/752
f 101/756/756 107/758/758 99/755/755
f 99/755/755 107/758/758 105/759/759
f 99/755/755 105/759/759 103/760/760
f 101/756/756 109/757/757 107/758/758
f 103/760/760 111/761/761 99/755/755
f 115/763/763 117/764/764 129/747/747
f 444/772/772 436/765/765 438/771/771
f 438/771/771 436/765/765 434/766/766
f 438/771/771 434/766/766 430/770/770
f 430/770/770 434/766/766 426/767/767
f 430/770/770 426/767/767 420/769/769
f 420/769/769 426/767/767 418/768/768
f 188/780/780 156/773/773 186/779/779
f 186/779/779 156/773/773 154/774/774
f 186/779/779 154/774/774 184/778/778
f 184/778/778 154/774/774 152/775/775
f 184/778/778 152/775/775 182/777/777
f 182/777/777 152/775/775 150/776/776
f 143/789/789 126/781/781 141/793/793
f 141/793/793 126/781/781 124/782/782
f 141/793/793 124/782/782 140/792/792
f 140/792/792 124/782/782 137/791/791
f 140/792/792 137/791/791 154/787/787
f 154/787/787 137/791/791 152/786/786
f 152/786/786 137/791/791 136/790/790
f 152/786/786 136/790/790 139/784/784
f 139/784/784 136/790/790 120/783/783
f 120/783/783 136/790/790 137/791/791
f 120/783/783 137/791/791 124/782/782
f 139/784/784 150/785/785 152/786/786
f 140/792/792 154/787/787 141/793/793
f 141/793/793 154/787/787 156/788/788
f 141/793/793 156/788/788 143/789/789
f 463/806/806 469/794/794 472/810/810
f 472/810/810 469/794/794 479/795/795
f 472/810/810 479/795/795 475/809/809
f 475/809/809 479/795/795 477/796/796
f 475/809/809 477/796/796 473/808/808
f 473/808/808 477/796/796 465/807/807
f 473/808/808 465/807/807 453/812/812
f 453/812/812 465/807/807 451/811/811
f 453/812/812 451/811/811 441/816/816
f 441/816/816 451/811/811 439/815/815
f 441/816/816 439/815/815 429/802/802
f 429/802/802 439/815/815 431/800/800
f 429/802/802 431/800/800 419/801/801
f 477/796/796 467/797/797 465/807/807
f 465/807/807 467/797/797 461/798/798
f 465/807/807 461/798/798 451/811/811
f 451/811/811 461/798/798 445/799/799
f 451/811/811 445/799/799 439/815/815
f 439/815/815 445/799/799 431/800/800
f 429/802/802 437/803/803 441/816/816
f 441/816/816 437/803/803 447/817/817
f 441/816/816 447/817/817 453/812/812
f 453/812/812 447/817/817 458/813/813
f 453/812/812 458/813/813 473/808/808
f 473/808/808 458/813/813 475/809/809
f 447/817/817 437/803/803 450/818/818
f 450/818/818 437/803/803 443/804/804
f 450/818/818 443/804/804 455/805/805
f 463/806/806 472/810/810 455/805/805
f 455/805/805 472/810/810 459/814/814
f 455/805/805 459/814/814 450/818/818
f 450/818/818 459/814/814 458/813/813
f 450/818/818 458/813/813 447/817/817
f 459/814/814 472/810/810 475/809/809
f 459/814/814 475/809/809 458/813/813
f 469/826/826 470/819/819 479/825/825
f 479/825/825 470/819/819 480/820/820
f 479/825/825 480/820/820 478/821/821
f 468/822/822 467/823/823 478/821/821
f 478/821/821 467/823/823 477/824/824
f 478/821/821 477/824/824 479/825/825
f 456/839/839 444/827/827 449/843/843
f 449/843/843 444/827/827 438/828/828
f 449/843/843 438/828/828 448/842/842
f 448/842/842 438/828/828 430/829/829
f 448/842/842 430/829/829 442/841/841
f 442/841/841 430/829/829 440/840/840
f 442/841/841 440/840/840 454/845/845
f 454/845/845 440/840/840 452/844/844
f 454/845/845 452/844/844 474/849/849
f 474/849/849 452/844/844 466/848/848
f 474/849/849 466/848/848 478/835/835
f 478/835/835 466/848/848 468/834/834
f 468/834/834 466/848/848 462/833/833
f 462/833/833 466/848/848 446/832/832
f 446/832/832 466/848/848 452/844/844
f 446/832/832 452/844/844 432/831/831
f 432/831/831 452/844/844 440/840/840
f 432/831/831 440/840/840 420/830/830
f 420/830/830 440/840/840 430/829/829
f 474/849/849 478/835/835 476/850/850
f 476/850/850 478/835/835 480/836/836
f 476/850/850 480/836/836 471/851/851
f 471/851/851 480/836/836 470/837/837
f 471/851/851 470/837/837 464/838/838
f 471/851/851 464/838/838 460/847/847
f 460/847/847 464/838/838 456/839/839
f 460/847/847 456/839/839 449/843/843
f 460/847/847 449/843/843 448/842/842
f 448/842/842 442/841/841 457/846/846
f 457/846/846 442/841/841 454/845/845
f 457/846/846 454/845/845 476/850/850
f 476/850/850 454/845/845 474/849/849
f 471/851/851 460/847/847 457/846/846
f 457/846/846 460/847/847 448/842/842
f 471/851/851 457/846/846 476/850/850
f 13/859/859 14/852/852 11/858/858
f 11/858/858 14/852/852 12/853/853
f 11/858/858 12/853/853 9/857/857
f 9/857/857 12/853/853 10/854/854
f 9/857/857 10/854/854 1/856/856
f 1/856/856 10/854/854 2/855/855
f 81/860/860 57/861/861 83/862/862
# 480 vertices
# 862 texture params
# 862 normals
# 956 facets

# 1 groups
