# WaveFront *.obj file (generated by Autodesk ATF)

mtllib 茶筅.mtl

g ソリッド1

v -31.698263 98.350086 -0.500000
v -31.698263 98.350086 0.500000
v -31.466131 101.281900 -0.500000
v -31.466131 101.281900 0.500000
v -31.390402 95.425253 -0.500000
v -31.390402 95.425253 0.500000
v -30.747581 98.350086 -7.721151
v -30.747581 98.350086 7.721151
v -30.701830 104.121847 -0.500000
v -30.701830 104.121847 0.500000
v -30.552928 92.606020 -0.500000
v -30.552928 92.606020 0.500000
v -30.523357 101.281900 -7.661071
v -30.523357 101.281900 7.661071
v -30.488763 98.350086 -8.687077
v -30.488763 98.350086 8.687077
v -30.450211 95.425253 -7.641471
v -30.450211 95.425253 7.641471
v -30.264537 101.281900 -8.626997
v -30.264537 101.281900 8.626997
v -30.191391 95.425253 -8.607397
v -30.191391 95.425253 8.607397
v -29.920821 98.676386 -0.500000
v -29.920821 98.676386 0.500000
v -29.785099 104.121847 -7.463256
v -29.785099 104.121847 7.463256
v -29.675314 95.921869 -0.500000
v -29.675314 95.921869 0.500000
v -29.641273 92.606020 -7.424717
v -29.641273 92.606020 7.424717
v -29.629221 101.426401 -0.500000
v -29.629221 101.426401 0.500000
v -29.526281 104.121847 -8.429181
v -29.526281 104.121847 8.429181
v -29.431133 106.774158 -0.500000
v -29.431133 106.774158 0.500000
v -29.382453 92.606020 -8.390643
v -29.382453 92.606020 8.390643
v -29.030704 98.676386 -7.261115
v -29.030704 98.676386 7.261115
v -28.901961 93.266773 -0.500000
v -28.901961 93.266773 0.500000
v -28.811514 104.068174 -0.500000
v -28.811514 104.068174 0.500000
v -28.793561 95.921869 -7.197574
v -28.793561 95.921869 7.197574
v -28.771884 98.676386 -8.227041
v -28.771884 98.676386 8.227041
v -28.749039 101.426401 -7.185644
v -28.749039 101.426401 7.185644
v -28.557701 106.774158 -7.134375
v -28.557701 106.774158 7.134375
v -28.534744 95.921869 -8.163499
v -28.534744 95.921869 8.163499
v -28.490219 101.426401 -8.151569
v -28.490219 101.426401 8.151569
v -28.298883 106.774158 -8.100301
v -28.298883 106.774158 8.100301
v -28.046560 93.266773 -6.997415
v -28.046560 93.266773 6.997415
v -27.959194 104.068174 -6.974006
v -27.959194 104.068174 6.974006
v -27.787743 93.266773 -7.963341
v -27.787743 93.266773 7.963341
v -27.701502 98.350086 -15.416119
v -27.701502 98.350086 15.416119
v -27.700377 104.068174 -7.939931
v -27.700377 104.068174 7.939931
v -27.696886 109.149408 -0.500000
v -27.696886 109.149408 0.500000
v -27.638190 106.433649 -0.500000
v -27.638190 106.433649 0.500000
v -27.500467 101.281900 -15.300052
v -27.500467 101.281900 15.300052
v -27.434886 95.425253 -15.262189
v -27.434886 95.425253 15.262189
v -27.201502 98.350086 -16.282145
v -27.201502 98.350086 16.282145
v -27.000468 101.281900 -16.166078
v -27.000468 101.281900 16.166078
v -26.934886 95.425253 -16.128215
v -26.934886 95.425253 16.128215
v -26.882548 109.149408 -6.685519
v -26.882548 109.149408 6.685519
v -26.838565 104.121847 -14.917902
v -26.838565 104.121847 14.917902
v -26.825850 106.433649 -6.670327
v -26.825850 106.433649 6.670327
v -26.709614 92.606020 -14.843452
v -26.709614 92.606020 14.843452
v -26.623728 109.149408 -7.651445
v -26.623728 109.149408 7.651445
v -26.567032 106.433649 -7.636253
v -26.567032 106.433649 7.636253
v -26.338565 104.121847 -15.783927
v -26.338565 104.121847 15.783927
v -26.209612 92.606020 -15.709478
v -26.209612 92.606020 15.709478
v -26.162190 98.676386 -14.527398
v -26.162190 98.676386 14.527398
v -26.059866 108.550501 -0.500000
v -26.059866 108.550501 0.500000
v -25.949576 95.921869 -14.404645
v -25.949576 95.921869 14.404645
v -25.909657 101.426401 -14.381598
v -25.909657 101.426401 14.381598
v -25.738111 106.774158 -14.282554
v -25.738111 106.774158 14.282554
v -25.662191 98.676386 -15.393423
v -25.662191 98.676386 15.393423
v -25.557563 111.167517 -0.500000
v -25.557563 111.167517 0.500000
v -25.449576 95.921869 -15.270669
v -25.449576 95.921869 15.270669
v -25.409658 101.426401 -15.247623
v -25.409658 101.426401 15.247623
v -25.301309 108.550501 -6.261827
v -25.301309 108.550501 6.261827
v -25.279832 93.266773 -14.017968
v -25.279832 93.266773 14.017968
v -25.238109 106.774158 -15.148580
v -25.238109 106.774158 15.148580
v -25.201502 104.068174 -13.972744
v -25.201502 104.068174 13.972744
v -25.042489 108.550501 -7.227753
v -25.042489 108.550501 7.227753
v -24.816122 111.167517 -6.131821
v -24.816122 111.167517 6.131821
v -24.779832 93.266773 -14.883994
v -24.779832 93.266773 14.883994
v -24.701502 104.068174 -14.838769
v -24.701502 104.068174 14.838769
v -24.557302 111.167517 -7.097747
v -24.557302 111.167517 7.097747
v -24.236207 109.149408 -13.415431
v -24.236207 109.149408 13.415431
v -24.185374 106.433649 -13.386083
v -24.185374 106.433649 13.386083
v -24.127667 110.350161 -0.500000
v -24.127667 110.350161 0.500000
v -23.736207 109.149408 -14.281456
v -23.736207 109.149408 14.281456
v -23.685374 106.433649 -14.252107
v -23.685374 106.433649 14.252107
v -23.434947 110.350161 -5.761737
v -23.434947 110.350161 5.761737
v -23.176129 110.350161 -6.727663
v -23.176129 110.350161 6.727663
v -23.085301 112.760420 -0.500000
v -23.085301 112.760420 0.500000
v -22.818506 108.550501 -12.596921
v -22.818506 108.550501 12.596921
v -22.767611 98.350086 -22.060504
v -22.767611 98.350086 22.060504
v -22.603467 101.281900 -21.896360
v -22.603467 101.281900 21.896360
v -22.549920 95.425253 -21.842813
v -22.549920 95.425253 21.842813
v -22.428098 112.760420 -5.491952
v -22.428098 112.760420 5.491952
v -22.383499 111.167517 -12.345769
v -22.383499 111.167517 12.345769
v -22.318506 108.550501 -13.462946
v -22.318506 108.550501 13.462946
v -22.169278 112.760420 -6.457878
v -22.169278 112.760420 6.457878
v -22.063026 104.121847 -21.355920
v -22.063026 104.121847 21.355920
v -22.060504 98.350086 -22.767611
v -22.060504 98.350086 22.767611
v -21.957736 92.606020 -21.250629
v -21.957736 92.606020 21.250629
v -21.904182 111.774330 -0.500000
v -21.904182 111.774330 0.500000
v -21.896360 101.281900 -22.603467
v -21.896360 101.281900 22.603467
v -21.883500 111.167517 -13.211795
v -21.883500 111.167517 13.211795
v -21.842813 95.425253 -22.549920
v -21.842813 95.425253 22.549920
v -21.510768 98.676386 -20.803661
v -21.510768 98.676386 20.803661
v -21.355920 104.121847 -22.063026
v -21.355920 104.121847 22.063026
v -21.337168 95.921869 -20.630062
v -21.337168 95.921869 20.630062
v -21.304576 101.426401 -20.597470
v -21.304576 101.426401 20.597470
v -21.287224 111.774330 -5.186256
v -21.287224 111.774330 5.186256
v -21.250629 92.606020 -21.957736
v -21.250629 92.606020 21.957736
v -21.164508 106.774158 -20.457401
v -21.164508 106.774158 20.457401
v -21.145175 110.350161 -11.630821
v -21.145175 110.350161 11.630821
v -21.028404 111.774330 -6.152182
v -21.028404 111.774330 6.152182
v -20.803661 98.676386 -21.510768
v -20.803661 98.676386 21.510768
v -20.790327 93.266773 -20.083220
v -20.790327 93.266773 20.083220
v -20.726371 104.068174 -20.019264
v -20.726371 104.068174 20.019264
v -20.645173 110.350161 -12.496847
v -20.645173 110.350161 12.496847
v -20.630062 95.921869 -21.337168
v -20.630062 95.921869 21.337168
v -20.597470 101.426401 -21.304576
v -20.597470 101.426401 21.304576
v -20.457401 106.774158 -21.164508
v -20.457401 106.774158 21.164508
v -20.363455 113.874416 -0.500000
v -20.363455 113.874416 0.500000
v -20.242457 112.760420 -11.109638
v -20.242457 112.760420 11.109638
v -20.083220 93.266773 -20.790327
v -20.083220 93.266773 20.790327
v -20.019264 104.068174 -20.726371
v -20.019264 104.068174 20.726371
v -19.938210 109.149408 -19.231102
v -19.938210 109.149408 19.231102
v -19.896705 106.433649 -19.189597
v -19.896705 106.433649 19.189597
v -19.798996 113.874416 -4.787487
v -19.798996 113.874416 4.787487
v -19.742457 112.760420 -11.975663
v -19.742457 112.760420 11.975663
v -19.540178 113.874416 -5.753413
v -19.540178 113.874416 5.753413
v -19.461428 112.776890 -0.500000
v -19.461428 112.776890 0.500000
v -19.231102 109.149408 -19.938210
v -19.231102 109.149408 19.938210
v -19.219577 111.774330 -10.519078
v -19.219577 111.774330 10.519078
v -19.189597 106.433649 -19.896705
v -19.189597 106.433649 19.896705
v -18.927705 112.776890 -4.554026
v -18.927705 112.776890 4.554026
v -18.780662 108.550501 -18.073555
v -18.780662 108.550501 18.073555
v -18.719578 111.774330 -11.385103
v -18.719578 111.774330 11.385103
v -18.668886 112.776890 -5.519951
v -18.668886 112.776890 5.519951
v -18.425480 111.167517 -17.718374
v -18.425480 111.167517 17.718374
v -18.073555 108.550501 -18.780662
v -18.073555 108.550501 18.780662
v -17.885270 113.874416 -9.748715
v -17.885270 113.874416 9.748715
v -17.718374 111.167517 -18.425480
v -17.718374 111.167517 18.425480
v -17.483804 114.471951 -0.500000
v -17.483804 114.471951 0.500000
v -17.414391 110.350161 -16.707284
v -17.414391 110.350161 16.707284
v -17.385269 113.874416 -10.614741
v -17.385269 113.874416 10.614741
v -17.104092 112.776890 -9.297702
v -17.104092 112.776890 9.297702
v -17.017467 114.471951 -4.042179
v -17.017467 114.471951 4.042179
v -16.878533 113.325348 -0.500000
v -16.878533 113.325348 0.500000
v -16.758648 114.471951 -5.008104
v -16.758648 114.471951 5.008104
v -16.707284 110.350161 -17.414391
v -16.707284 110.350161 17.414391
v -16.677326 112.760420 -15.970219
v -16.677326 112.760420 15.970219
v -16.604091 112.776890 -10.163727
v -16.604091 112.776890 10.163727
v -16.432821 113.325348 -3.885523
v -16.432821 113.325348 3.885523
v -16.282145 98.350086 -27.201502
v -16.282145 98.350086 27.201502
v -16.174002 113.325348 -4.851449
v -16.174002 113.325348 4.851449
v -16.166078 101.281900 -27.000468
v -16.166078 101.281900 27.000468
v -16.128215 95.425253 -26.934886
v -16.128215 95.425253 26.934886
v -15.970219 112.760420 -16.677326
v -15.970219 112.760420 16.677326
v -15.842148 111.774330 -15.135041
v -15.842148 111.774330 15.135041
v -15.783927 104.121847 -26.338565
v -15.783927 104.121847 26.338565
v -15.709478 92.606020 -26.209612
v -15.709478 92.606020 26.209612
v -15.416119 98.350086 -27.701502
v -15.416119 98.350086 27.701502
v -15.393423 98.676386 -25.662191
v -15.393423 98.676386 25.662191
v -15.391419 114.471951 -8.308889
v -15.391419 114.471951 8.308889
v -15.300052 101.281900 -27.500467
v -15.300052 101.281900 27.500467
v -15.270669 95.921869 -25.449576
v -15.270669 95.921869 25.449576
v -15.262189 95.425253 -27.434886
v -15.262189 95.425253 27.434886
v -15.247623 101.426401 -25.409658
v -15.247623 101.426401 25.409658
v -15.148580 106.774158 -25.238109
v -15.148580 106.774158 25.238109
v -15.135041 111.774330 -15.842148
v -15.135041 111.774330 15.842148
v -14.917902 104.121847 -26.838565
v -14.917902 104.121847 26.838565
v -14.891418 114.471951 -9.174915
v -14.891418 114.471951 9.174915
v -14.883994 93.266773 -24.779832
v -14.883994 93.266773 24.779832
v -14.867239 113.325348 -8.006254
v -14.867239 113.325348 8.006254
v -14.843452 92.606020 -26.709614
v -14.843452 92.606020 26.709614
v -14.838769 104.068174 -24.701502
v -14.838769 104.068174 24.701502
v -14.752691 113.874416 -14.045584
v -14.752691 113.874416 14.045584
v -14.543443 114.532862 -0.500000
v -14.543443 114.532862 0.500000
v -14.527398 98.676386 -26.162190
v -14.527398 98.676386 26.162190
v -14.404645 95.921869 -25.949576
v -14.404645 95.921869 25.949576
v -14.381598 101.426401 -25.909657
v -14.381598 101.426401 25.909657
v -14.367238 113.325348 -8.872280
v -14.367238 113.325348 8.872280
v -14.282554 106.774158 -25.738111
v -14.282554 106.774158 25.738111
v -14.281456 109.149408 -23.736207
v -14.281456 109.149408 23.736207
v -14.252107 106.433649 -23.685374
v -14.252107 106.433649 23.685374
v -14.239160 113.401957 -0.500000
v -14.239160 113.401957 0.500000
v -14.177296 114.532862 -3.281157
v -14.177296 114.532862 3.281157
v -14.114861 112.776890 -13.407755
v -14.114861 112.776890 13.407755
v -14.045584 113.874416 -14.752691
v -14.045584 113.874416 14.752691
v -14.017968 93.266773 -25.279832
v -14.017968 93.266773 25.279832
v -13.972744 104.068174 -25.201502
v -13.972744 104.068174 25.201502
v -13.918477 114.532862 -4.247083
v -13.918477 114.532862 4.247083
v -13.883382 113.401957 -3.202403
v -13.883382 113.401957 3.202403
v -13.624563 113.401957 -4.168329
v -13.624563 113.401957 4.168329
v -13.462946 108.550501 -22.318506
v -13.462946 108.550501 22.318506
v -13.415431 109.149408 -24.236207
v -13.415431 109.149408 24.236207
v -13.407755 112.776890 -14.114861
v -13.407755 112.776890 14.114861
v -13.386083 106.433649 -24.185374
v -13.386083 106.433649 24.185374
v -13.211795 111.167517 -21.883500
v -13.211795 111.167517 21.883500
v -12.844990 114.532862 -6.838709
v -12.844990 114.532862 6.838709
v -12.716470 114.471951 -12.009363
v -12.716470 114.471951 12.009363
v -12.596921 108.550501 -22.818506
v -12.596921 108.550501 22.818506
v -12.581475 113.401957 -6.686568
v -12.581475 113.401957 6.686568
v -12.496847 110.350161 -20.645173
v -12.496847 110.350161 20.645173
v -12.345769 111.167517 -22.383499
v -12.345769 111.167517 22.383499
v -12.344991 114.532862 -7.704734
v -12.344991 114.532862 7.704734
v -12.288479 113.325348 -11.581372
v -12.288479 113.325348 11.581372
v -12.081474 113.401957 -7.552593
v -12.081474 113.401957 7.552593
v -12.009363 114.471951 -12.716470
v -12.009363 114.471951 12.716470
v -12.000000 30.366025 0.000000
v -12.000000 30.500000 0.000000
v -11.975663 112.760420 -19.742457
v -11.975663 112.760420 19.742457
v -11.866026 29.866025 0.000000
v -11.719446 30.366025 -2.579645
v -11.719446 30.366025 2.579645
v -11.719446 30.500000 -2.579645
v -11.719446 30.500000 2.579645
v -11.641514 114.055109 -0.500000
v -11.641514 114.055109 0.500000
v -11.633974 30.866024 0.000000
v -11.630821 110.350161 -21.145175
v -11.630821 110.350161 21.145175
v -11.628802 113.004227 -0.500000
v -11.628802 113.004227 0.500000
v -11.588604 29.866025 -2.550845
v -11.588604 29.866025 2.550845
v -11.581372 113.325348 -12.288479
v -11.581372 113.325348 12.288479
v -11.500000 0.000000 0.000000
v -11.500000 29.500000 0.000000
v -11.500000 31.366026 0.000000
v -11.500000 45.000000 -0.500000
v -11.500000 45.000000 0.000000
v -11.500000 45.000000 0.500000
v -11.498791 45.000000 -0.166713
v -11.498791 45.000000 0.166713
v -11.495166 45.000000 -0.333392
v -11.495166 45.000000 0.333392
v -11.489125 45.000000 -0.500000
v -11.489125 45.000000 0.500000
v -11.440505 45.000000 -1.168265
v -11.440505 45.000000 1.168265
v -11.395826 30.866024 -2.341902
v -11.395826 30.866024 2.341902
v -11.385103 111.774330 -18.719578
v -11.385103 111.774330 18.719578
v -11.374249 114.055109 -2.530083
v -11.374249 114.055109 2.530083
v -11.361970 113.004227 -2.526793
v -11.361970 113.004227 2.526793
v -11.353048 45.000000 -1.832564
v -11.353048 45.000000 1.832564
v -11.237557 45.000000 -2.493456
v -11.237557 45.000000 2.493456
v -11.227052 45.000000 -2.490641
v -11.227052 45.000000 2.490641
v -11.211671 0.000000 -2.558991
v -11.211671 0.000000 2.558991
v -11.211671 29.500000 -2.558991
v -11.211671 29.500000 2.558991
v -11.211671 31.366026 -2.558991
v -11.211671 31.366026 2.558991
v -11.189766 45.000000 -2.653136
v -11.189766 45.000000 2.653136
v -11.150129 45.000000 -2.815073
v -11.150129 45.000000 2.815073
v -11.115431 114.055109 -3.496009
v -11.115431 114.055109 3.496009
v -11.109638 112.760420 -20.242457
v -11.109638 112.760420 20.242457
v -11.108147 45.000000 -2.976419
v -11.108147 45.000000 2.976419
v -11.103151 113.004227 -3.492718
v -11.103151 113.004227 3.492718
v -11.063831 45.000000 -3.137139
v -11.063831 45.000000 3.137139
v -11.017190 45.000000 -3.297200
v -11.017190 45.000000 3.297200
v -10.978738 45.000000 -3.459382
v -10.978738 45.000000 3.459382
v -10.968233 45.000000 -3.456567
v -10.968233 45.000000 3.456567
v -10.890905 30.366025 -5.038669
v -10.890905 30.366025 5.038669
v -10.890905 30.500000 -5.038669
v -10.890905 30.500000 5.038669
v -10.769314 29.866025 -4.982415
v -10.769314 29.866025 4.982415
v -10.748310 45.000000 -4.089478
v -10.748310 45.000000 4.089478
v -10.691131 30.866024 -4.587926
v -10.691131 30.866024 4.587926
v -10.637320 114.532862 -9.930214
v -10.637320 114.532862 9.930214
v -10.614741 113.874416 -17.385269
v -10.614741 113.874416 17.385269
v -10.519078 111.774330 -19.219577
v -10.519078 111.774330 19.219577
v -10.491900 45.000000 -4.708506
v -10.491900 45.000000 4.708506
v -10.422161 113.401957 -9.715053
v -10.422161 113.401957 9.715053
v -10.361142 0.000000 -4.989663
v -10.361142 0.000000 4.989663
v -10.361142 29.500000 -4.989663
v -10.361142 29.500000 4.989663
v -10.361142 31.366026 -4.989663
v -10.361142 31.366026 4.989663
v -10.331848 114.055109 -5.387745
v -10.331848 114.055109 5.387745
v -10.320837 113.004227 -5.381388
v -10.320837 113.004227 5.381388
v -10.296291 46.778283 -0.500000
v -10.296291 46.778283 0.500000
v -10.209292 45.000000 -5.316987
v -10.209292 45.000000 5.316987
v -10.199875 45.000000 -5.311550
v -10.199875 45.000000 5.311550
v -10.163727 112.776890 -16.604091
v -10.163727 112.776890 16.604091
v -10.121802 45.000000 -5.458857
v -10.121802 45.000000 5.458857
v -10.074863 46.778283 -2.181913
v -10.074863 46.778283 2.181913
v -10.041603 45.000000 -5.605018
v -10.041603 45.000000 5.605018
v -9.959292 45.000000 -5.750000
v -9.959292 45.000000 5.750000
v -9.930214 114.532862 -10.637320
v -9.930214 114.532862 10.637320
v -9.874889 45.000000 -5.893774
v -9.874889 45.000000 5.893774
v -9.831848 114.055109 -6.253770
v -9.831848 114.055109 6.253770
v -9.820838 113.004227 -6.247414
v -9.820838 113.004227 6.247414
v -9.816045 46.778283 -3.147839
v -9.816045 46.778283 3.147839
v -9.788410 45.000000 -6.036309
v -9.788410 45.000000 6.036309
v -9.748715 113.874416 -17.885270
v -9.748715 113.874416 17.885270
v -9.715053 113.401957 -10.422161
v -9.715053 113.401957 10.422161
v -9.709292 45.000000 -6.183013
v -9.709292 45.000000 6.183013
v -9.699875 45.000000 -6.177576
v -9.699875 45.000000 6.177576
v -9.553117 30.366025 -7.262090
v -9.553117 30.366025 7.262090
v -9.553117 30.500000 -7.262090
v -9.553117 30.500000 7.262090
v -9.548741 30.866024 -6.646120
v -9.548741 30.866024 6.646120
v -9.446461 29.866025 -7.181013
v -9.446461 29.866025 7.181013
v -9.323636 45.000000 -6.732000
v -9.323636 45.000000 6.732000
v -9.297702 112.776890 -17.104092
v -9.297702 112.776890 17.104092
v -9.174915 114.471951 -14.891418
v -9.174915 114.471951 14.891418
v -9.166850 46.778283 -4.715133
v -9.166850 46.778283 4.715133
v -9.132012 112.145042 -0.500000
v -9.132012 112.145042 0.500000
v -8.991062 0.000000 -7.170133
v -8.991062 0.000000 7.170133
v -8.991062 29.500000 -7.170133
v -8.991062 29.500000 7.170133
v -8.991062 31.366026 -7.170133
v -8.991062 31.366026 7.170133
v -8.950256 112.145042 -1.880576
v -8.950256 112.145042 1.880576
v -8.915747 45.000000 -7.263571
v -8.915747 45.000000 7.263571
v -8.875868 113.054790 -0.500000
v -8.875868 113.054790 0.500000
v -8.872280 113.325348 -14.367238
v -8.872280 113.325348 14.367238
v -8.702839 113.054790 -1.814281
v -8.702839 113.054790 1.814281
v -8.691437 112.145042 -2.846501
v -8.691437 112.145042 2.846501
v -8.687077 98.350086 -30.488763
v -8.687077 98.350086 30.488763
v -8.666850 46.778283 -5.581158
v -8.666850 46.778283 5.581158
v -8.626997 101.281900 -30.264537
v -8.626997 101.281900 30.264537
v -8.607397 95.425253 -30.191391
v -8.607397 95.425253 30.191391
v -8.585348 114.055109 -7.878241
v -8.585348 114.055109 7.878241
v -8.576358 113.004227 -7.869251
v -8.576358 113.004227 7.869251
v -8.485281 45.000000 -7.778175
v -8.485281 45.000000 7.778175
v -8.477592 45.000000 -7.770485
v -8.477592 45.000000 7.770485
v -8.444020 113.054790 -2.780207
v -8.444020 113.054790 2.780207
v -8.429181 104.121847 -29.526281
v -8.429181 104.121847 29.526281
v -8.390643 92.606020 -29.382453
v -8.390643 92.606020 29.382453
v -8.364053 45.000000 -7.892566
v -8.364053 45.000000 7.892566
v -8.308889 114.471951 -15.391419
v -8.308889 114.471951 15.391419
v -8.248758 45.000000 -8.012989
v -8.248758 45.000000 8.012989
v -8.227041 98.676386 -28.771884
v -8.227041 98.676386 28.771884
v -8.163499 95.921869 -28.534744
v -8.163499 95.921869 28.534744
v -8.158554 112.145042 -4.132993
v -8.158554 112.145042 4.132993
v -8.151569 101.426401 -28.490219
v -8.151569 101.426401 28.490219
v -8.131728 45.000000 -8.131728
v -8.131728 45.000000 8.131728
v -8.100301 106.774158 -28.298883
v -8.100301 106.774158 28.298883
v -8.015423 30.866024 -8.432221
v -8.015423 30.866024 8.432221
v -8.012989 45.000000 -8.248758
v -8.012989 45.000000 8.248758
v -8.006254 113.325348 -14.867239
v -8.006254 113.325348 14.867239
v -7.963341 93.266773 -27.787743
v -7.963341 93.266773 27.787743
v -7.939931 104.068174 -27.700377
v -7.939931 104.068174 27.700377
v -7.936727 113.054790 -4.004921
v -7.936727 113.054790 4.004921
v -7.892566 45.000000 -8.364053
v -7.892566 45.000000 8.364053
v -7.878241 114.055109 -8.585348
v -7.878241 114.055109 8.585348
v -7.869251 113.004227 -8.576358
v -7.869251 113.004227 8.576358
v -7.778175 45.000000 -8.485281
v -7.778175 45.000000 8.485281
v -7.770485 45.000000 -8.477592
v -7.770485 45.000000 8.477592
v -7.768635 30.366025 -9.145945
v -7.768635 30.366025 9.145945
v -7.768635 30.500000 -9.145945
v -7.768635 30.500000 9.145945
v -7.721151 98.350086 -30.747581
v -7.721151 98.350086 30.747581
v -7.704734 114.532862 -12.344991
v -7.704734 114.532862 12.344991
v -7.681902 29.866025 -9.043834
v -7.681902 29.866025 9.043834
v -7.661071 101.281900 -30.523357
v -7.661071 101.281900 30.523357
v -7.658554 112.145042 -4.999019
v -7.658554 112.145042 4.999019
v -7.651445 109.149408 -26.623728
v -7.651445 109.149408 26.623728
v -7.641471 95.425253 -30.450211
v -7.641471 95.425253 30.450211
v -7.636253 106.433649 -26.567032
v -7.636253 106.433649 26.567032
v -7.634131 46.778283 -6.927024
v -7.634131 46.778283 6.927024
v -7.552593 113.401957 -12.081474
v -7.552593 113.401957 12.081474
v -7.463256 104.121847 -29.785099
v -7.463256 104.121847 29.785099
v -7.436727 113.054790 -4.870946
v -7.436727 113.054790 4.870946
v -7.424717 92.606020 -29.641273
v -7.424717 92.606020 29.641273
v -7.263571 45.000000 -8.915747
v -7.263571 45.000000 8.915747
v -7.261115 98.676386 -29.030704
v -7.261115 98.676386 29.030704
v -7.227753 108.550501 -25.042489
v -7.227753 108.550501 25.042489
v -7.197574 95.921869 -28.793561
v -7.197574 95.921869 28.793561
v -7.185644 101.426401 -28.749039
v -7.185644 101.426401 28.749039
v -7.170133 0.000000 -8.991062
v -7.170133 0.000000 8.991062
v -7.170133 29.500000 -8.991062
v -7.170133 29.500000 8.991062
v -7.170133 31.366026 -8.991062
v -7.170133 31.366026 8.991062
v -7.134375 106.774158 -28.557701
v -7.134375 106.774158 28.557701
v -7.097747 111.167517 -24.557302
v -7.097747 111.167517 24.557302
v -6.997415 93.266773 -28.046560
v -6.997415 93.266773 28.046560
v -6.974006 104.068174 -27.959194
v -6.974006 104.068174 27.959194
v -6.927024 46.778283 -7.634131
v -6.927024 46.778283 7.634131
v -6.838709 114.532862 -12.844990
v -6.838709 114.532862 12.844990
v -6.829665 110.852232 -0.500000
v -6.829665 110.852232 0.500000
v -6.810861 112.145042 -6.103754
v -6.810861 112.145042 6.103754
v -6.732000 45.000000 -9.323636
v -6.732000 45.000000 9.323636
v -6.727663 110.350161 -23.176129
v -6.727663 110.350161 23.176129
v -6.726359 110.852232 -1.284684
v -6.726359 110.852232 1.284684
v -6.686568 113.401957 -12.581475
v -6.686568 113.401957 12.581475
v -6.685519 109.149408 -26.882548
v -6.685519 109.149408 26.882548
v -6.670327 106.433649 -26.825850
v -6.670327 106.433649 26.825850
v -6.629739 113.054790 -5.922633
v -6.629739 113.054790 5.922633
v -6.467540 110.852232 -2.250610
v -6.467540 110.852232 2.250610
v -6.457878 112.760420 -22.169278
v -6.457878 112.760420 22.169278
v -6.339753 111.565647 -0.500000
v -6.339753 111.565647 0.500000
v -6.261827 108.550501 -25.301309
v -6.261827 108.550501 25.301309
v -6.253770 114.055109 -9.831848
v -6.253770 114.055109 9.831848
v -6.253141 111.565647 -1.157886
v -6.253141 111.565647 1.157886
v -6.247414 113.004227 -9.820838
v -6.247414 113.004227 9.820838
v -6.183013 45.000000 -9.709292
v -6.183013 45.000000 9.709292
v -6.177576 45.000000 -9.699875
v -6.177576 45.000000 9.699875
v -6.164663 110.852232 -2.981820
v -6.164663 110.852232 2.981820
v -6.153954 30.866024 -9.873106
v -6.153954 30.866024 9.873106
v -6.152182 111.774330 -21.028404
v -6.152182 111.774330 21.028404
v -6.131821 111.167517 -24.816122
v -6.131821 111.167517 24.816122
v -6.103754 112.145042 -6.810861
v -6.103754 112.145042 6.810861
v -6.036309 45.000000 -9.788410
v -6.036309 45.000000 9.788410
v -5.994322 111.565647 -2.123812
v -5.994322 111.565647 2.123812
v -5.922633 113.054790 -6.629739
v -5.922633 113.054790 6.629739
v -5.893774 45.000000 -9.874889
v -5.893774 45.000000 9.874889
v -5.761737 110.350161 -23.434947
v -5.761737 110.350161 23.434947
v -5.753413 113.874416 -19.540178
v -5.753413 113.874416 19.540178
v -5.750000 45.000000 -9.959292
v -5.750000 45.000000 9.959292
v -5.740387 111.565647 -2.736864
v -5.740387 111.565647 2.736864
v -5.664663 110.852232 -3.847845
v -5.664663 110.852232 3.847845
v -5.620902 30.366025 -10.602144
v -5.620902 30.366025 10.602144
v -5.620902 30.500000 -10.602144
v -5.620902 30.500000 10.602144
v -5.605018 45.000000 -10.041603
v -5.605018 45.000000 10.041603
v -5.581158 46.778283 -8.666850
v -5.581158 46.778283 8.666850
v -5.558146 29.866025 -10.483776
v -5.558146 29.866025 10.483776
v -5.519951 112.776890 -18.668886
v -5.519951 112.776890 18.668886
v -5.491952 112.760420 -22.428098
v -5.491952 112.760420 22.428098
v -5.458857 45.000000 -10.121802
v -5.458857 45.000000 10.121802
v -5.387745 114.055109 -10.331848
v -5.387745 114.055109 10.331848
v -5.381388 113.004227 -10.320837
v -5.381388 113.004227 10.320837
v -5.316987 45.000000 -10.209292
v -5.316987 45.000000 10.209292
v -5.311550 45.000000 -10.199875
v -5.311550 45.000000 10.199875
v -5.240387 111.565647 -3.602889
v -5.240387 111.565647 3.602889
v -5.186256 111.774330 -21.287224
v -5.186256 111.774330 21.287224
v -5.182856 110.852232 -4.475749
v -5.182856 110.852232 4.475749
v -5.008104 114.471951 -16.758648
v -5.008104 114.471951 16.758648
v -4.999019 112.145042 -7.658554
v -4.999019 112.145042 7.658554
v -4.989663 0.000000 -10.361142
v -4.989663 0.000000 10.361142
v -4.989663 29.500000 -10.361142
v -4.989663 29.500000 10.361142
v -4.989663 31.366026 -10.361142
v -4.989663 31.366026 10.361142
v -4.870946 113.054790 -7.436727
v -4.870946 113.054790 7.436727
v -4.851449 113.325348 -16.174002
v -4.851449 113.325348 16.174002
v -4.836436 111.565647 -4.129329
v -4.836436 111.565647 4.129329
v -4.787487 113.874416 -19.798996
v -4.787487 113.874416 19.798996
v -4.715133 46.778283 -9.166850
v -4.715133 46.778283 9.166850
v -4.708506 45.000000 -10.491900
v -4.708506 45.000000 10.491900
v -4.554026 112.776890 -18.927705
v -4.554026 112.776890 18.927705
v -4.475749 110.852232 -5.182856
v -4.475749 110.852232 5.182856
v -4.247083 114.532862 -13.918477
v -4.247083 114.532862 13.918477
v -4.168329 113.401957 -13.624563
v -4.168329 113.401957 13.624563
v -4.132993 112.145042 -8.158554
v -4.132993 112.145042 8.158554
v -4.129329 111.565647 -4.836436
v -4.129329 111.565647 4.836436
v -4.089478 45.000000 -10.748310
v -4.089478 45.000000 10.748310
v -4.042179 114.471951 -17.017467
v -4.042179 114.471951 17.017467
v -4.040540 30.866024 -10.909785
v -4.040540 30.866024 10.909785
v -4.004921 113.054790 -7.936727
v -4.004921 113.054790 7.936727
v -3.885523 113.325348 -16.432821
v -3.885523 113.325348 16.432821
v -3.847845 110.852232 -5.664663
v -3.847845 110.852232 5.664663
v -3.797877 45.000000 -0.500000
v -3.797877 45.000000 0.500000
v -3.797877 46.778283 -0.500000
v -3.797877 46.778283 0.500000
v -3.602889 111.565647 -5.240387
v -3.602889 111.565647 5.240387
v -3.539058 45.000000 -1.465926
v -3.539058 45.000000 1.465926
v -3.539058 46.778283 -1.465926
v -3.539058 46.778283 1.465926
v -3.496009 114.055109 -11.115431
v -3.496009 114.055109 11.115431
v -3.492718 113.004227 -11.103151
v -3.492718 113.004227 11.103151
v -3.459382 45.000000 -10.978738
v -3.459382 45.000000 10.978738
v -3.456567 45.000000 -10.968233
v -3.456567 45.000000 10.968233
v -3.297200 45.000000 -11.017190
v -3.297200 45.000000 11.017190
v -3.281157 114.532862 -14.177296
v -3.281157 114.532862 14.177296
v -3.210340 30.366025 -11.562600
v -3.210340 30.366025 11.562600
v -3.210340 30.500000 -11.562600
v -3.210340 30.500000 11.562600
v -3.202403 113.401957 -13.883382
v -3.202403 113.401957 13.883382
v -3.174498 29.866025 -11.433508
v -3.174498 29.866025 11.433508
v -3.147839 46.778283 -9.816045
v -3.147839 46.778283 9.816045
v -3.137139 45.000000 -11.063831
v -3.137139 45.000000 11.063831
v -3.039058 45.000000 -2.331951
v -3.039058 45.000000 2.331951
v -3.039058 46.778283 -2.331951
v -3.039058 46.778283 2.331951
v -2.981820 110.852232 -6.164663
v -2.981820 110.852232 6.164663
v -2.976419 45.000000 -11.108147
v -2.976419 45.000000 11.108147
v -2.846501 112.145042 -8.691437
v -2.846501 112.145042 8.691437
v -2.815073 45.000000 -11.150129
v -2.815073 45.000000 11.150129
v -2.780207 113.054790 -8.444020
v -2.780207 113.054790 8.444020
v -2.736864 111.565647 -5.740387
v -2.736864 111.565647 5.740387
v -2.653136 45.000000 -11.189766
v -2.653136 45.000000 11.189766
v -2.558991 0.000000 -11.211671
v -2.558991 0.000000 11.211671
v -2.558991 29.500000 -11.211671
v -2.558991 29.500000 11.211671
v -2.558991 31.366026 -11.211671
v -2.558991 31.366026 11.211671
v -2.530083 114.055109 -11.374249
v -2.530083 114.055109 11.374249
v -2.526793 113.004227 -11.361970
v -2.526793 113.004227 11.361970
v -2.493456 45.000000 -11.237557
v -2.493456 45.000000 11.237557
v -2.490641 45.000000 -11.227052
v -2.490641 45.000000 11.227052
v -2.331951 45.000000 -3.039058
v -2.331951 45.000000 3.039058
v -2.331951 46.778283 -3.039058
v -2.331951 46.778283 3.039058
v -2.250610 110.852232 -6.467540
v -2.250610 110.852232 6.467540
v -2.181913 46.778283 -10.074863
v -2.181913 46.778283 10.074863
v -2.123812 111.565647 -5.994322
v -2.123812 111.565647 5.994322
v -1.880576 112.145042 -8.950256
v -1.880576 112.145042 8.950256
v -1.832564 45.000000 -11.353048
v -1.832564 45.000000 11.353048
v -1.814281 113.054790 -8.702839
v -1.814281 113.054790 8.702839
v -1.761707 30.866024 -11.499815
v -1.761707 30.866024 11.499815
v -1.465926 45.000000 -3.539058
v -1.465926 45.000000 3.539058
v -1.465926 46.778283 -3.539058
v -1.465926 46.778283 3.539058
v -1.284684 110.852232 -6.726359
v -1.284684 110.852232 6.726359
v -1.168265 45.000000 -11.440505
v -1.168265 45.000000 11.440505
v -1.157886 111.565647 -6.253141
v -1.157886 111.565647 6.253141
v -0.649667 30.366025 -11.982400
v -0.649667 30.366025 11.982400
v -0.649667 30.500000 -11.982400
v -0.649667 30.500000 11.982400
v -0.642414 29.866025 -11.848623
v -0.642414 29.866025 11.848623
v -0.500000 45.000000 -11.500000
v -0.500000 45.000000 -11.489125
v -0.500000 45.000000 -3.797877
v -0.500000 45.000000 3.797877
v -0.500000 45.000000 11.489125
v -0.500000 45.000000 11.500000
v -0.500000 46.778283 -10.296291
v -0.500000 46.778283 -3.797877
v -0.500000 46.778283 3.797877
v -0.500000 46.778283 10.296291
v -0.500000 92.606020 -30.552928
v -0.500000 92.606020 30.552928
v -0.500000 93.266773 -28.901961
v -0.500000 93.266773 28.901961
v -0.500000 95.425253 -31.390402
v -0.500000 95.425253 31.390402
v -0.500000 95.921869 -29.675314
v -0.500000 95.921869 29.675314
v -0.500000 98.350086 -31.698263
v -0.500000 98.350086 31.698263
v -0.500000 98.676386 -29.920821
v -0.500000 98.676386 29.920821
v -0.500000 101.281900 -31.466131
v -0.500000 101.281900 31.466131
v -0.500000 101.426401 -29.629221
v -0.500000 101.426401 29.629221
v -0.500000 104.068174 -28.811514
v -0.500000 104.068174 28.811514
v -0.500000 104.121847 -30.701830
v -0.500000 104.121847 30.701830
v -0.500000 106.433649 -27.638190
v -0.500000 106.433649 27.638190
v -0.500000 106.774158 -29.431133
v -0.500000 106.774158 29.431133
v -0.500000 108.550501 -26.059866
v -0.500000 108.550501 26.059866
v -0.500000 109.149408 -27.696886
v -0.500000 109.149408 27.696886
v -0.500000 110.350161 -24.127667
v -0.500000 110.350161 24.127667
v -0.500000 110.852232 -6.829665
v -0.500000 110.852232 6.829665
v -0.500000 111.167517 -25.557563
v -0.500000 111.167517 25.557563
v -0.500000 111.565647 -6.339753
v -0.500000 111.565647 6.339753
v -0.500000 111.774330 -21.904182
v -0.500000 111.774330 21.904182
v -0.500000 112.145042 -9.132012
v -0.500000 112.145042 9.132012
v -0.500000 112.760420 -23.085301
v -0.500000 112.760420 23.085301
v -0.500000 112.776890 -19.461428
v -0.500000 112.776890 19.461428
v -0.500000 113.004227 -11.628802
v -0.500000 113.004227 11.628802
v -0.500000 113.054790 -8.875868
v -0.500000 113.054790 8.875868
v -0.500000 113.325348 -16.878533
v -0.500000 113.325348 16.878533
v -0.500000 113.401957 -14.239160
v -0.500000 113.401957 14.239160
v -0.500000 113.874416 -20.363455
v -0.500000 113.874416 20.363455
v -0.500000 114.055109 -11.641514
v -0.500000 114.055109 11.641514
v -0.500000 114.471951 -17.483804
v -0.500000 114.471951 17.483804
v -0.500000 114.532862 -14.543443
v -0.500000 114.532862 14.543443
v -0.333392 45.000000 -11.495166
v -0.333392 45.000000 11.495166
v -0.166713 45.000000 -11.498791
v -0.166713 45.000000 11.498791
v 0.000000 0.000000 -11.500000
v 0.000000 0.000000 11.500000
v 0.000000 29.500000 -11.500000
v 0.000000 29.500000 11.500000
v 0.000000 31.366026 -11.500000
v 0.000000 31.366026 11.500000
v 0.000000 45.000000 -11.500000
v 0.000000 45.000000 11.500000
v 0.166713 45.000000 -11.498791
v 0.166713 45.000000 11.498791
v 0.333392 45.000000 -11.495166
v 0.333392 45.000000 11.495166
v 0.500000 45.000000 -11.500000
v 0.500000 45.000000 -11.489125
v 0.500000 45.000000 -3.797877
v 0.500000 45.000000 3.797877
v 0.500000 45.000000 11.489125
v 0.500000 45.000000 11.500000
v 0.500000 46.778283 -10.296291
v 0.500000 46.778283 -3.797877
v 0.500000 46.778283 3.797877
v 0.500000 46.778283 10.296291
v 0.500000 92.606020 -30.552928
v 0.500000 92.606020 30.552928
v 0.500000 93.266773 -28.901961
v 0.500000 93.266773 28.901961
v 0.500000 95.425253 -31.390402
v 0.500000 95.425253 31.390402
v 0.500000 95.921869 -29.675314
v 0.500000 95.921869 29.675314
v 0.500000 98.350086 -31.698263
v 0.500000 98.350086 31.698263
v 0.500000 98.676386 -29.920821
v 0.500000 98.676386 29.920821
v 0.500000 101.281900 -31.466131
v 0.500000 101.281900 31.466131
v 0.500000 101.426401 -29.629221
v 0.500000 101.426401 29.629221
v 0.500000 104.068174 -28.811514
v 0.500000 104.068174 28.811514
v 0.500000 104.121847 -30.701830
v 0.500000 104.121847 30.701830
v 0.500000 106.433649 -27.638190
v 0.500000 106.433649 27.638190
v 0.500000 106.774158 -29.431133
v 0.500000 106.774158 29.431133
v 0.500000 108.550501 -26.059866
v 0.500000 108.550501 26.059866
v 0.500000 109.149408 -27.696886
v 0.500000 109.149408 27.696886
v 0.500000 110.350161 -24.127667
v 0.500000 110.350161 24.127667
v 0.500000 110.852232 -6.829665
v 0.500000 110.852232 6.829665
v 0.500000 111.167517 -25.557563
v 0.500000 111.167517 25.557563
v 0.500000 111.565647 -6.339753
v 0.500000 111.565647 6.339753
v 0.500000 111.774330 -21.904182
v 0.500000 111.774330 21.904182
v 0.500000 112.145042 -9.132012
v 0.500000 112.145042 9.132012
v 0.500000 112.760420 -23.085301
v 0.500000 112.760420 23.085301
v 0.500000 112.776890 -19.461428
v 0.500000 112.776890 19.461428
v 0.500000 113.004227 -11.628802
v 0.500000 113.004227 11.628802
v 0.500000 113.054790 -8.875868
v 0.500000 113.054790 8.875868
v 0.500000 113.325348 -16.878533
v 0.500000 113.325348 16.878533
v 0.500000 113.401957 -14.239160
v 0.500000 113.401957 14.239160
v 0.500000 113.874416 -20.363455
v 0.500000 113.874416 20.363455
v 0.500000 114.055109 -11.641514
v 0.500000 114.055109 11.641514
v 0.500000 114.471951 -17.483804
v 0.500000 114.471951 17.483804
v 0.500000 114.532862 -14.543443
v 0.500000 114.532862 14.543443
v 0.589251 30.866024 -11.619042
v 0.589251 30.866024 11.619042
v 1.157886 111.565647 -6.253141
v 1.157886 111.565647 6.253141
v 1.168265 45.000000 -11.440505
v 1.168265 45.000000 11.440505
v 1.284684 110.852232 -6.726359
v 1.284684 110.852232 6.726359
v 1.465926 45.000000 -3.539058
v 1.465926 45.000000 3.539058
v 1.465926 46.778283 -3.539058
v 1.465926 46.778283 3.539058
v 1.814281 113.054790 -8.702839
v 1.814281 113.054790 8.702839
v 1.832564 45.000000 -11.353048
v 1.832564 45.000000 11.353048
v 1.880576 112.145042 -8.950256
v 1.880576 112.145042 8.950256
v 1.919709 29.866025 -11.709709
v 1.919709 29.866025 11.709709
v 1.941384 30.366025 -11.841918
v 1.941384 30.366025 11.841918
v 1.941384 30.500000 -11.841918
v 1.941384 30.500000 11.841918
v 2.123812 111.565647 -5.994322
v 2.123812 111.565647 5.994322
v 2.181913 46.778283 -10.074863
v 2.181913 46.778283 10.074863
v 2.250610 110.852232 -6.467540
v 2.250610 110.852232 6.467540
v 2.331951 45.000000 -3.039058
v 2.331951 45.000000 3.039058
v 2.331951 46.778283 -3.039058
v 2.331951 46.778283 3.039058
v 2.490641 45.000000 -11.227052
v 2.490641 45.000000 11.227052
v 2.493456 45.000000 -11.237557
v 2.493456 45.000000 11.237557
v 2.526793 113.004227 -11.361970
v 2.526793 113.004227 11.361970
v 2.530083 114.055109 -11.374249
v 2.530083 114.055109 11.374249
v 2.558991 0.000000 -11.211671
v 2.558991 0.000000 11.211671
v 2.558991 29.500000 -11.211671
v 2.558991 29.500000 11.211671
v 2.558991 31.366026 -11.211671
v 2.558991 31.366026 11.211671
v 2.653136 45.000000 -11.189766
v 2.653136 45.000000 11.189766
v 2.736864 111.565647 -5.740387
v 2.736864 111.565647 5.740387
v 2.780207 113.054790 -8.444020
v 2.780207 113.054790 8.444020
v 2.815073 45.000000 -11.150129
v 2.815073 45.000000 11.150129
v 2.846501 112.145042 -8.691437
v 2.846501 112.145042 8.691437
v 2.916085 30.866024 -11.262585
v 2.916085 30.866024 11.262585
v 2.976419 45.000000 -11.108147
v 2.976419 45.000000 11.108147
v 2.981820 110.852232 -6.164663
v 2.981820 110.852232 6.164663
v 3.039058 45.000000 -2.331951
v 3.039058 45.000000 2.331951
v 3.039058 46.778283 -2.331951
v 3.039058 46.778283 2.331951
v 3.137139 45.000000 -11.063831
v 3.137139 45.000000 11.063831
v 3.147839 46.778283 -9.816045
v 3.147839 46.778283 9.816045
v 3.202403 113.401957 -13.883382
v 3.202403 113.401957 13.883382
v 3.281157 114.532862 -14.177296
v 3.281157 114.532862 14.177296
v 3.297200 45.000000 -11.017190
v 3.297200 45.000000 11.017190
v 3.456567 45.000000 -10.968233
v 3.456567 45.000000 10.968233
v 3.459382 45.000000 -10.978738
v 3.459382 45.000000 10.978738
v 3.492718 113.004227 -11.103151
v 3.492718 113.004227 11.103151
v 3.496009 114.055109 -11.115431
v 3.496009 114.055109 11.115431
v 3.539058 45.000000 -1.465926
v 3.539058 45.000000 1.465926
v 3.539058 46.778283 -1.465926
v 3.539058 46.778283 1.465926
v 3.602889 111.565647 -5.240387
v 3.602889 111.565647 5.240387
v 3.797877 45.000000 -0.500000
v 3.797877 45.000000 0.500000
v 3.797877 46.778283 -0.500000
v 3.797877 46.778283 0.500000
v 3.847845 110.852232 -5.664663
v 3.847845 110.852232 5.664663
v 3.885523 113.325348 -16.432821
v 3.885523 113.325348 16.432821
v 4.004921 113.054790 -7.936727
v 4.004921 113.054790 7.936727
v 4.042179 114.471951 -17.017467
v 4.042179 114.471951 17.017467
v 4.089478 45.000000 -10.748310
v 4.089478 45.000000 10.748310
v 4.129329 111.565647 -4.836436
v 4.129329 111.565647 4.836436
v 4.132993 112.145042 -8.158554
v 4.132993 112.145042 8.158554
v 4.168329 113.401957 -13.624563
v 4.168329 113.401957 13.624563
v 4.247083 114.532862 -13.918477
v 4.247083 114.532862 13.918477
v 4.392069 29.866025 -11.023262
v 4.392069 29.866025 11.023262
v 4.441658 30.366025 -11.147721
v 4.441658 30.366025 11.147721
v 4.441658 30.500000 -11.147721
v 4.441658 30.500000 11.147721
v 4.475749 110.852232 -5.182856
v 4.475749 110.852232 5.182856
v 4.554026 112.776890 -18.927705
v 4.554026 112.776890 18.927705
v 4.708506 45.000000 -10.491900
v 4.708506 45.000000 10.491900
v 4.715133 46.778283 -9.166850
v 4.715133 46.778283 9.166850
v 4.787487 113.874416 -19.798996
v 4.787487 113.874416 19.798996
v 4.836436 111.565647 -4.129329
v 4.836436 111.565647 4.129329
v 4.851449 113.325348 -16.174002
v 4.851449 113.325348 16.174002
v 4.870946 113.054790 -7.436727
v 4.870946 113.054790 7.436727
v 4.989663 0.000000 -10.361142
v 4.989663 0.000000 10.361142
v 4.989663 29.500000 -10.361142
v 4.989663 29.500000 10.361142
v 4.989663 31.366026 -10.361142
v 4.989663 31.366026 10.361142
v 4.999019 112.145042 -7.658554
v 4.999019 112.145042 7.658554
v 5.008104 114.471951 -16.758648
v 5.008104 114.471951 16.758648
v 5.123534 30.866024 -10.445036
v 5.123534 30.866024 10.445036
v 5.182856 110.852232 -4.475749
v 5.182856 110.852232 4.475749
v 5.186256 111.774330 -21.287224
v 5.186256 111.774330 21.287224
v 5.240387 111.565647 -3.602889
v 5.240387 111.565647 3.602889
v 5.311550 45.000000 -10.199875
v 5.311550 45.000000 10.199875
v 5.316987 45.000000 -10.209292
v 5.316987 45.000000 10.209292
v 5.381388 113.004227 -10.320837
v 5.381388 113.004227 10.320837
v 5.387745 114.055109 -10.331848
v 5.387745 114.055109 10.331848
v 5.458857 45.000000 -10.121802
v 5.458857 45.000000 10.121802
v 5.491952 112.760420 -22.428098
v 5.491952 112.760420 22.428098
v 5.519951 112.776890 -18.668886
v 5.519951 112.776890 18.668886
v 5.581158 46.778283 -8.666850
v 5.581158 46.778283 8.666850
v 5.605018 45.000000 -10.041603
v 5.605018 45.000000 10.041603
v 5.664663 110.852232 -3.847845
v 5.664663 110.852232 3.847845
v 5.740387 111.565647 -2.736864
v 5.740387 111.565647 2.736864
v 5.750000 45.000000 -9.959292
v 5.750000 45.000000 9.959292
v 5.753413 113.874416 -19.540178
v 5.753413 113.874416 19.540178
v 5.761737 110.350161 -23.434947
v 5.761737 110.350161 23.434947
v 5.893774 45.000000 -9.874889
v 5.893774 45.000000 9.874889
v 5.922633 113.054790 -6.629739
v 5.922633 113.054790 6.629739
v 5.994322 111.565647 -2.123812
v 5.994322 111.565647 2.123812
v 6.036309 45.000000 -9.788410
v 6.036309 45.000000 9.788410
v 6.103754 112.145042 -6.810861
v 6.103754 112.145042 6.810861
v 6.131821 111.167517 -24.816122
v 6.131821 111.167517 24.816122
v 6.152182 111.774330 -21.028404
v 6.152182 111.774330 21.028404
v 6.164663 110.852232 -2.981820
v 6.164663 110.852232 2.981820
v 6.177576 45.000000 -9.699875
v 6.177576 45.000000 9.699875
v 6.183013 45.000000 -9.709292
v 6.183013 45.000000 9.709292
v 6.247414 113.004227 -9.820838
v 6.247414 113.004227 9.820838
v 6.253141 111.565647 -1.157886
v 6.253141 111.565647 1.157886
v 6.253770 114.055109 -9.831848
v 6.253770 114.055109 9.831848
v 6.261827 108.550501 -25.301309
v 6.261827 108.550501 25.301309
v 6.339753 111.565647 -0.500000
v 6.339753 111.565647 0.500000
v 6.457878 112.760420 -22.169278
v 6.457878 112.760420 22.169278
v 6.467540 110.852232 -2.250610
v 6.467540 110.852232 2.250610
v 6.629739 113.054790 -5.922633
v 6.629739 113.054790 5.922633
v 6.659060 29.866025 -9.821379
v 6.659060 29.866025 9.821379
v 6.670327 106.433649 -26.825850
v 6.670327 106.433649 26.825850
v 6.685519 109.149408 -26.882548
v 6.685519 109.149408 26.882548
v 6.686568 113.401957 -12.581475
v 6.686568 113.401957 12.581475
v 6.726359 110.852232 -1.284684
v 6.726359 110.852232 1.284684
v 6.727663 110.350161 -23.176129
v 6.727663 110.350161 23.176129
v 6.732000 45.000000 -9.323636
v 6.732000 45.000000 9.323636
v 6.734245 30.366025 -9.932268
v 6.734245 30.366025 9.932268
v 6.734245 30.500000 -9.932268
v 6.734245 30.500000 9.932268
v 6.810861 112.145042 -6.103754
v 6.810861 112.145042 6.103754
v 6.829665 110.852232 -0.500000
v 6.829665 110.852232 0.500000
v 6.838709 114.532862 -12.844990
v 6.838709 114.532862 12.844990
v 6.927024 46.778283 -7.634131
v 6.927024 46.778283 7.634131
v 6.974006 104.068174 -27.959194
v 6.974006 104.068174 27.959194
v 6.997415 93.266773 -28.046560
v 6.997415 93.266773 28.046560
v 7.097747 111.167517 -24.557302
v 7.097747 111.167517 24.557302
v 7.121226 30.866024 -9.199865
v 7.121226 30.866024 9.199865
v 7.134375 106.774158 -28.557701
v 7.134375 106.774158 28.557701
v 7.170133 0.000000 -8.991062
v 7.170133 0.000000 8.991062
v 7.170133 29.500000 -8.991062
v 7.170133 29.500000 8.991062
v 7.170133 31.366026 -8.991062
v 7.170133 31.366026 8.991062
v 7.185644 101.426401 -28.749039
v 7.185644 101.426401 28.749039
v 7.197574 95.921869 -28.793561
v 7.197574 95.921869 28.793561
v 7.227753 108.550501 -25.042489
v 7.227753 108.550501 25.042489
v 7.261115 98.676386 -29.030704
v 7.261115 98.676386 29.030704
v 7.263571 45.000000 -8.915747
v 7.263571 45.000000 8.915747
v 7.424717 92.606020 -29.641273
v 7.424717 92.606020 29.641273
v 7.436727 113.054790 -4.870946
v 7.436727 113.054790 4.870946
v 7.463256 104.121847 -29.785099
v 7.463256 104.121847 29.785099
v 7.552593 113.401957 -12.081474
v 7.552593 113.401957 12.081474
v 7.634131 46.778283 -6.927024
v 7.634131 46.778283 6.927024
v 7.636253 106.433649 -26.567032
v 7.636253 106.433649 26.567032
v 7.641471 95.425253 -30.450211
v 7.641471 95.425253 30.450211
v 7.651445 109.149408 -26.623728
v 7.651445 109.149408 26.623728
v 7.658554 112.145042 -4.999019
v 7.658554 112.145042 4.999019
v 7.661071 101.281900 -30.523357
v 7.661071 101.281900 30.523357
v 7.704734 114.532862 -12.344991
v 7.704734 114.532862 12.344991
v 7.721151 98.350086 -30.747581
v 7.721151 98.350086 30.747581
v 7.770485 45.000000 -8.477592
v 7.770485 45.000000 8.477592
v 7.778175 45.000000 -8.485281
v 7.778175 45.000000 8.485281
v 7.869251 113.004227 -8.576358
v 7.869251 113.004227 8.576358
v 7.878241 114.055109 -8.585348
v 7.878241 114.055109 8.585348
v 7.892566 45.000000 -8.364053
v 7.892566 45.000000 8.364053
v 7.936727 113.054790 -4.004921
v 7.936727 113.054790 4.004921
v 7.939931 104.068174 -27.700377
v 7.939931 104.068174 27.700377
v 7.963341 93.266773 -27.787743
v 7.963341 93.266773 27.787743
v 8.006254 113.325348 -14.867239
v 8.006254 113.325348 14.867239
v 8.012989 45.000000 -8.248758
v 8.012989 45.000000 8.248758
v 8.100301 106.774158 -28.298883
v 8.100301 106.774158 28.298883
v 8.131728 45.000000 -8.131728
v 8.131728 45.000000 8.131728
v 8.151569 101.426401 -28.490219
v 8.151569 101.426401 28.490219
v 8.158554 112.145042 -4.132993
v 8.158554 112.145042 4.132993
v 8.163499 95.921869 -28.534744
v 8.163499 95.921869 28.534744
v 8.227041 98.676386 -28.771884
v 8.227041 98.676386 28.771884
v 8.248758 45.000000 -8.012989
v 8.248758 45.000000 8.012989
v 8.308889 114.471951 -15.391419
v 8.308889 114.471951 15.391419
v 8.364053 45.000000 -7.892566
v 8.364053 45.000000 7.892566
v 8.390643 92.606020 -29.382453
v 8.390643 92.606020 29.382453
v 8.429181 104.121847 -29.526281
v 8.429181 104.121847 29.526281
v 8.444020 113.054790 -2.780207
v 8.444020 113.054790 2.780207
v 8.477592 45.000000 -7.770485
v 8.477592 45.000000 7.770485
v 8.485281 45.000000 -7.778175
v 8.485281 45.000000 7.778175
v 8.576358 113.004227 -7.869251
v 8.576358 113.004227 7.869251
v 8.585348 114.055109 -7.878241
v 8.585348 114.055109 7.878241
v 8.607397 95.425253 -30.191391
v 8.607397 95.425253 30.191391
v 8.614681 29.866025 -8.160259
v 8.614681 29.866025 8.160259
v 8.626997 101.281900 -30.264537
v 8.626997 101.281900 30.264537
v 8.666850 46.778283 -5.581158
v 8.666850 46.778283 5.581158
v 8.687077 98.350086 -30.488763
v 8.687077 98.350086 30.488763
v 8.691437 112.145042 -2.846501
v 8.691437 112.145042 2.846501
v 8.702839 113.054790 -1.814281
v 8.702839 113.054790 1.814281
v 8.711946 30.366025 -8.252394
v 8.711946 30.366025 8.252394
v 8.711946 30.500000 -8.252394
v 8.711946 30.500000 8.252394
v 8.827373 30.866024 -7.578051
v 8.827373 30.866024 7.578051
v 8.872280 113.325348 -14.367238
v 8.872280 113.325348 14.367238
v 8.875868 113.054790 -0.500000
v 8.875868 113.054790 0.500000
v 8.915747 45.000000 -7.263571
v 8.915747 45.000000 7.263571
v 8.950256 112.145042 -1.880576
v 8.950256 112.145042 1.880576
v 8.991062 0.000000 -7.170133
v 8.991062 0.000000 7.170133
v 8.991062 29.500000 -7.170133
v 8.991062 29.500000 7.170133
v 8.991062 31.366026 -7.170133
v 8.991062 31.366026 7.170133
v 9.132012 112.145042 -0.500000
v 9.132012 112.145042 0.500000
v 9.166850 46.778283 -4.715133
v 9.166850 46.778283 4.715133
v 9.174915 114.471951 -14.891418
v 9.174915 114.471951 14.891418
v 9.297702 112.776890 -17.104092
v 9.297702 112.776890 17.104092
v 9.323636 45.000000 -6.732000
v 9.323636 45.000000 6.732000
v 9.699875 45.000000 -6.177576
v 9.699875 45.000000 6.177576
v 9.709292 45.000000 -6.183013
v 9.709292 45.000000 6.183013
v 9.715053 113.401957 -10.422161
v 9.715053 113.401957 10.422161
v 9.748715 113.874416 -17.885270
v 9.748715 113.874416 17.885270
v 9.788410 45.000000 -6.036309
v 9.788410 45.000000 6.036309
v 9.816045 46.778283 -3.147839
v 9.816045 46.778283 3.147839
v 9.820838 113.004227 -6.247414
v 9.820838 113.004227 6.247414
v 9.831848 114.055109 -6.253770
v 9.831848 114.055109 6.253770
v 9.874889 45.000000 -5.893774
v 9.874889 45.000000 5.893774
v 9.930214 114.532862 -10.637320
v 9.930214 114.532862 10.637320
v 9.959292 45.000000 -5.750000
v 9.959292 45.000000 5.750000
v 10.041603 45.000000 -5.605018
v 10.041603 45.000000 5.605018
v 10.074863 46.778283 -2.181913
v 10.074863 46.778283 2.181913
v 10.121802 45.000000 -5.458857
v 10.121802 45.000000 5.458857
v 10.163727 112.776890 -16.604091
v 10.163727 112.776890 16.604091
v 10.167489 29.866025 -6.117575
v 10.167489 29.866025 6.117575
v 10.172126 30.866024 -5.645991
v 10.172126 30.866024 5.645991
v 10.199875 45.000000 -5.311550
v 10.199875 45.000000 5.311550
v 10.209292 45.000000 -5.316987
v 10.209292 45.000000 5.316987
v 10.282286 30.366025 -6.186646
v 10.282286 30.366025 6.186646
v 10.282286 30.500000 -6.186646
v 10.282286 30.500000 6.186646
v 10.296291 46.778283 -0.500000
v 10.296291 46.778283 0.500000
v 10.320837 113.004227 -5.381388
v 10.320837 113.004227 5.381388
v 10.331848 114.055109 -5.387745
v 10.331848 114.055109 5.387745
v 10.361142 0.000000 -4.989663
v 10.361142 0.000000 4.989663
v 10.361142 29.500000 -4.989663
v 10.361142 29.500000 4.989663
v 10.361142 31.366026 -4.989663
v 10.361142 31.366026 4.989663
v 10.422161 113.401957 -9.715053
v 10.422161 113.401957 9.715053
v 10.491900 45.000000 -4.708506
v 10.491900 45.000000 4.708506
v 10.519078 111.774330 -19.219577
v 10.519078 111.774330 19.219577
v 10.614741 113.874416 -17.385269
v 10.614741 113.874416 17.385269
v 10.637320 114.532862 -9.930214
v 10.637320 114.532862 9.930214
v 10.748310 45.000000 -4.089478
v 10.748310 45.000000 4.089478
v 10.968233 45.000000 -3.456567
v 10.968233 45.000000 3.456567
v 10.978738 45.000000 -3.459382
v 10.978738 45.000000 3.459382
v 11.017190 45.000000 -3.297200
v 11.017190 45.000000 3.297200
v 11.063831 45.000000 -3.137139
v 11.063831 45.000000 3.137139
v 11.100432 30.866024 -3.482783
v 11.100432 30.866024 3.482783
v 11.103151 113.004227 -3.492718
v 11.103151 113.004227 3.492718
v 11.108147 45.000000 -2.976419
v 11.108147 45.000000 2.976419
v 11.109638 112.760420 -20.242457
v 11.109638 112.760420 20.242457
v 11.115431 114.055109 -3.496009
v 11.115431 114.055109 3.496009
v 11.150129 45.000000 -2.815073
v 11.150129 45.000000 2.815073
v 11.189766 45.000000 -2.653136
v 11.189766 45.000000 2.653136
v 11.211671 0.000000 -2.558991
v 11.211671 0.000000 2.558991
v 11.211671 29.500000 -2.558991
v 11.211671 29.500000 2.558991
v 11.211671 31.366026 -2.558991
v 11.211671 31.366026 2.558991
v 11.227052 45.000000 -2.490641
v 11.227052 45.000000 2.490641
v 11.237557 45.000000 -2.493456
v 11.237557 45.000000 2.493456
v 11.244876 29.866025 -3.788840
v 11.244876 29.866025 3.788840
v 11.353048 45.000000 -1.832564
v 11.353048 45.000000 1.832564
v 11.361970 113.004227 -2.526793
v 11.361970 113.004227 2.526793
v 11.371838 30.366025 -3.831618
v 11.371838 30.366025 3.831618
v 11.371838 30.500000 -3.831618
v 11.371838 30.500000 3.831618
v 11.374249 114.055109 -2.530083
v 11.374249 114.055109 2.530083
v 11.385103 111.774330 -18.719578
v 11.385103 111.774330 18.719578
v 11.440505 45.000000 -1.168265
v 11.440505 45.000000 1.168265
v 11.489125 45.000000 -0.500000
v 11.489125 45.000000 0.500000
v 11.495166 45.000000 -0.333392
v 11.495166 45.000000 0.333392
v 11.498791 45.000000 -0.166713
v 11.498791 45.000000 0.166713
v 11.500000 0.000000 0.000000
v 11.500000 29.500000 0.000000
v 11.500000 31.366026 0.000000
v 11.500000 45.000000 -0.500000
v 11.500000 45.000000 0.000000
v 11.500000 45.000000 0.500000
v 11.574285 30.866024 -1.176990
v 11.574285 30.866024 1.176990
v 11.581372 113.325348 -12.288479
v 11.581372 113.325348 12.288479
v 11.628802 113.004227 -0.500000
v 11.628802 113.004227 0.500000
v 11.630821 110.350161 -21.145175
v 11.630821 110.350161 21.145175
v 11.641514 114.055109 -0.500000
v 11.641514 114.055109 0.500000
v 11.796466 29.866025 -1.282943
v 11.796466 29.866025 1.282943
v 11.929655 30.366025 -1.297428
v 11.929655 30.366025 1.297428
v 11.929655 30.500000 -1.297428
v 11.929655 30.500000 1.297428
v 11.975663 112.760420 -19.742457
v 11.975663 112.760420 19.742457
v 12.009363 114.471951 -12.716470
v 12.009363 114.471951 12.716470
v 12.081474 113.401957 -7.552593
v 12.081474 113.401957 7.552593
v 12.288479 113.325348 -11.581372
v 12.288479 113.325348 11.581372
v 12.344991 114.532862 -7.704734
v 12.344991 114.532862 7.704734
v 12.345769 111.167517 -22.383499
v 12.345769 111.167517 22.383499
v 12.496847 110.350161 -20.645173
v 12.496847 110.350161 20.645173
v 12.581475 113.401957 -6.686568
v 12.581475 113.401957 6.686568
v 12.596921 108.550501 -22.818506
v 12.596921 108.550501 22.818506
v 12.716470 114.471951 -12.009363
v 12.716470 114.471951 12.009363
v 12.844990 114.532862 -6.838709
v 12.844990 114.532862 6.838709
v 13.211795 111.167517 -21.883500
v 13.211795 111.167517 21.883500
v 13.386083 106.433649 -24.185374
v 13.386083 106.433649 24.185374
v 13.407755 112.776890 -14.114861
v 13.407755 112.776890 14.114861
v 13.415431 109.149408 -24.236207
v 13.415431 109.149408 24.236207
v 13.462946 108.550501 -22.318506
v 13.462946 108.550501 22.318506
v 13.624563 113.401957 -4.168329
v 13.624563 113.401957 4.168329
v 13.883382 113.401957 -3.202403
v 13.883382 113.401957 3.202403
v 13.918477 114.532862 -4.247083
v 13.918477 114.532862 4.247083
v 13.972744 104.068174 -25.201502
v 13.972744 104.068174 25.201502
v 14.017968 93.266773 -25.279832
v 14.017968 93.266773 25.279832
v 14.045584 113.874416 -14.752691
v 14.045584 113.874416 14.752691
v 14.114861 112.776890 -13.407755
v 14.114861 112.776890 13.407755
v 14.177296 114.532862 -3.281157
v 14.177296 114.532862 3.281157
v 14.239160 113.401957 -0.500000
v 14.239160 113.401957 0.500000
v 14.252107 106.433649 -23.685374
v 14.252107 106.433649 23.685374
v 14.281456 109.149408 -23.736207
v 14.281456 109.149408 23.736207
v 14.282554 106.774158 -25.738111
v 14.282554 106.774158 25.738111
v 14.367238 113.325348 -8.872280
v 14.367238 113.325348 8.872280
v 14.381598 101.426401 -25.909657
v 14.381598 101.426401 25.909657
v 14.404645 95.921869 -25.949576
v 14.404645 95.921869 25.949576
v 14.527398 98.676386 -26.162190
v 14.527398 98.676386 26.162190
v 14.543443 114.532862 -0.500000
v 14.543443 114.532862 0.500000
v 14.752691 113.874416 -14.045584
v 14.752691 113.874416 14.045584
v 14.838769 104.068174 -24.701502
v 14.838769 104.068174 24.701502
v 14.843452 92.606020 -26.709614
v 14.843452 92.606020 26.709614
v 14.867239 113.325348 -8.006254
v 14.867239 113.325348 8.006254
v 14.883994 93.266773 -24.779832
v 14.883994 93.266773 24.779832
v 14.891418 114.471951 -9.174915
v 14.891418 114.471951 9.174915
v 14.917902 104.121847 -26.838565
v 14.917902 104.121847 26.838565
v 15.135041 111.774330 -15.842148
v 15.135041 111.774330 15.842148
v 15.148580 106.774158 -25.238109
v 15.148580 106.774158 25.238109
v 15.247623 101.426401 -25.409658
v 15.247623 101.426401 25.409658
v 15.262189 95.425253 -27.434886
v 15.262189 95.425253 27.434886
v 15.270669 95.921869 -25.449576
v 15.270669 95.921869 25.449576
v 15.300052 101.281900 -27.500467
v 15.300052 101.281900 27.500467
v 15.391419 114.471951 -8.308889
v 15.391419 114.471951 8.308889
v 15.393423 98.676386 -25.662191
v 15.393423 98.676386 25.662191
v 15.416119 98.350086 -27.701502
v 15.416119 98.350086 27.701502
v 15.709478 92.606020 -26.209612
v 15.709478 92.606020 26.209612
v 15.783927 104.121847 -26.338565
v 15.783927 104.121847 26.338565
v 15.842148 111.774330 -15.135041
v 15.842148 111.774330 15.135041
v 15.970219 112.760420 -16.677326
v 15.970219 112.760420 16.677326
v 16.128215 95.425253 -26.934886
v 16.128215 95.425253 26.934886
v 16.166078 101.281900 -27.000468
v 16.166078 101.281900 27.000468
v 16.174002 113.325348 -4.851449
v 16.174002 113.325348 4.851449
v 16.282145 98.350086 -27.201502
v 16.282145 98.350086 27.201502
v 16.432821 113.325348 -3.885523
v 16.432821 113.325348 3.885523
v 16.604091 112.776890 -10.163727
v 16.604091 112.776890 10.163727
v 16.677326 112.760420 -15.970219
v 16.677326 112.760420 15.970219
v 16.707284 110.350161 -17.414391
v 16.707284 110.350161 17.414391
v 16.758648 114.471951 -5.008104
v 16.758648 114.471951 5.008104
v 16.878533 113.325348 -0.500000
v 16.878533 113.325348 0.500000
v 17.017467 114.471951 -4.042179
v 17.017467 114.471951 4.042179
v 17.104092 112.776890 -9.297702
v 17.104092 112.776890 9.297702
v 17.385269 113.874416 -10.614741
v 17.385269 113.874416 10.614741
v 17.414391 110.350161 -16.707284
v 17.414391 110.350161 16.707284
v 17.483804 114.471951 -0.500000
v 17.483804 114.471951 0.500000
v 17.718374 111.167517 -18.425480
v 17.718374 111.167517 18.425480
v 17.885270 113.874416 -9.748715
v 17.885270 113.874416 9.748715
v 18.073555 108.550501 -18.780662
v 18.073555 108.550501 18.780662
v 18.425480 111.167517 -17.718374
v 18.425480 111.167517 17.718374
v 18.668886 112.776890 -5.519951
v 18.668886 112.776890 5.519951
v 18.719578 111.774330 -11.385103
v 18.719578 111.774330 11.385103
v 18.780662 108.550501 -18.073555
v 18.780662 108.550501 18.073555
v 18.927705 112.776890 -4.554026
v 18.927705 112.776890 4.554026
v 19.189597 106.433649 -19.896705
v 19.189597 106.433649 19.896705
v 19.219577 111.774330 -10.519078
v 19.219577 111.774330 10.519078
v 19.231102 109.149408 -19.938210
v 19.231102 109.149408 19.938210
v 19.461428 112.776890 -0.500000
v 19.461428 112.776890 0.500000
v 19.540178 113.874416 -5.753413
v 19.540178 113.874416 5.753413
v 19.742457 112.760420 -11.975663
v 19.742457 112.760420 11.975663
v 19.798996 113.874416 -4.787487
v 19.798996 113.874416 4.787487
v 19.896705 106.433649 -19.189597
v 19.896705 106.433649 19.189597
v 19.938210 109.149408 -19.231102
v 19.938210 109.149408 19.231102
v 20.019264 104.068174 -20.726371
v 20.019264 104.068174 20.726371
v 20.083220 93.266773 -20.790327
v 20.083220 93.266773 20.790327
v 20.242457 112.760420 -11.109638
v 20.242457 112.760420 11.109638
v 20.363455 113.874416 -0.500000
v 20.363455 113.874416 0.500000
v 20.457401 106.774158 -21.164508
v 20.457401 106.774158 21.164508
v 20.597470 101.426401 -21.304576
v 20.597470 101.426401 21.304576
v 20.630062 95.921869 -21.337168
v 20.630062 95.921869 21.337168
v 20.645173 110.350161 -12.496847
v 20.645173 110.350161 12.496847
v 20.726371 104.068174 -20.019264
v 20.726371 104.068174 20.019264
v 20.790327 93.266773 -20.083220
v 20.790327 93.266773 20.083220
v 20.803661 98.676386 -21.510768
v 20.803661 98.676386 21.510768
v 21.028404 111.774330 -6.152182
v 21.028404 111.774330 6.152182
v 21.145175 110.350161 -11.630821
v 21.145175 110.350161 11.630821
v 21.164508 106.774158 -20.457401
v 21.164508 106.774158 20.457401
v 21.250629 92.606020 -21.957736
v 21.250629 92.606020 21.957736
v 21.287224 111.774330 -5.186256
v 21.287224 111.774330 5.186256
v 21.304576 101.426401 -20.597470
v 21.304576 101.426401 20.597470
v 21.337168 95.921869 -20.630062
v 21.337168 95.921869 20.630062
v 21.355920 104.121847 -22.063026
v 21.355920 104.121847 22.063026
v 21.510768 98.676386 -20.803661
v 21.510768 98.676386 20.803661
v 21.842813 95.425253 -22.549920
v 21.842813 95.425253 22.549920
v 21.883500 111.167517 -13.211795
v 21.883500 111.167517 13.211795
v 21.896360 101.281900 -22.603467
v 21.896360 101.281900 22.603467
v 21.904182 111.774330 -0.500000
v 21.904182 111.774330 0.500000
v 21.957736 92.606020 -21.250629
v 21.957736 92.606020 21.250629
v 22.060504 98.350086 -22.767611
v 22.060504 98.350086 22.767611
v 22.063026 104.121847 -21.355920
v 22.063026 104.121847 21.355920
v 22.169278 112.760420 -6.457878
v 22.169278 112.760420 6.457878
v 22.318506 108.550501 -13.462946
v 22.318506 108.550501 13.462946
v 22.383499 111.167517 -12.345769
v 22.383499 111.167517 12.345769
v 22.428098 112.760420 -5.491952
v 22.428098 112.760420 5.491952
v 22.549920 95.425253 -21.842813
v 22.549920 95.425253 21.842813
v 22.603467 101.281900 -21.896360
v 22.603467 101.281900 21.896360
v 22.767611 98.350086 -22.060504
v 22.767611 98.350086 22.060504
v 22.818506 108.550501 -12.596921
v 22.818506 108.550501 12.596921
v 23.085301 112.760420 -0.500000
v 23.085301 112.760420 0.500000
v 23.176129 110.350161 -6.727663
v 23.176129 110.350161 6.727663
v 23.434947 110.350161 -5.761737
v 23.434947 110.350161 5.761737
v 23.685374 106.433649 -14.252107
v 23.685374 106.433649 14.252107
v 23.736207 109.149408 -14.281456
v 23.736207 109.149408 14.281456
v 24.127667 110.350161 -0.500000
v 24.127667 110.350161 0.500000
v 24.185374 106.433649 -13.386083
v 24.185374 106.433649 13.386083
v 24.236207 109.149408 -13.415431
v 24.236207 109.149408 13.415431
v 24.557302 111.167517 -7.097747
v 24.557302 111.167517 7.097747
v 24.701502 104.068174 -14.838769
v 24.701502 104.068174 14.838769
v 24.779832 93.266773 -14.883994
v 24.779832 93.266773 14.883994
v 24.816122 111.167517 -6.131821
v 24.816122 111.167517 6.131821
v 25.042489 108.550501 -7.227753
v 25.042489 108.550501 7.227753
v 25.201502 104.068174 -13.972744
v 25.201502 104.068174 13.972744
v 25.238109 106.774158 -15.148580
v 25.238109 106.774158 15.148580
v 25.279832 93.266773 -14.017968
v 25.279832 93.266773 14.017968
v 25.301309 108.550501 -6.261827
v 25.301309 108.550501 6.261827
v 25.409658 101.426401 -15.247623
v 25.409658 101.426401 15.247623
v 25.449576 95.921869 -15.270669
v 25.449576 95.921869 15.270669
v 25.557563 111.167517 -0.500000
v 25.557563 111.167517 0.500000
v 25.662191 98.676386 -15.393423
v 25.662191 98.676386 15.393423
v 25.738111 106.774158 -14.282554
v 25.738111 106.774158 14.282554
v 25.909657 101.426401 -14.381598
v 25.909657 101.426401 14.381598
v 25.949576 95.921869 -14.404645
v 25.949576 95.921869 14.404645
v 26.059866 108.550501 -0.500000
v 26.059866 108.550501 0.500000
v 26.162190 98.676386 -14.527398
v 26.162190 98.676386 14.527398
v 26.209612 92.606020 -15.709478
v 26.209612 92.606020 15.709478
v 26.338565 104.121847 -15.783927
v 26.338565 104.121847 15.783927
v 26.567032 106.433649 -7.636253
v 26.567032 106.433649 7.636253
v 26.623728 109.149408 -7.651445
v 26.623728 109.149408 7.651445
v 26.709614 92.606020 -14.843452
v 26.709614 92.606020 14.843452
v 26.825850 106.433649 -6.670327
v 26.825850 106.433649 6.670327
v 26.838565 104.121847 -14.917902
v 26.838565 104.121847 14.917902
v 26.882548 109.149408 -6.685519
v 26.882548 109.149408 6.685519
v 26.934886 95.425253 -16.128215
v 26.934886 95.425253 16.128215
v 27.000468 101.281900 -16.166078
v 27.000468 101.281900 16.166078
v 27.201502 98.350086 -16.282145
v 27.201502 98.350086 16.282145
v 27.434886 95.425253 -15.262189
v 27.434886 95.425253 15.262189
v 27.500467 101.281900 -15.300052
v 27.500467 101.281900 15.300052
v 27.638190 106.433649 -0.500000
v 27.638190 106.433649 0.500000
v 27.696886 109.149408 -0.500000
v 27.696886 109.149408 0.500000
v 27.700377 104.068174 -7.939931
v 27.700377 104.068174 7.939931
v 27.701502 98.350086 -15.416119
v 27.701502 98.350086 15.416119
v 27.787743 93.266773 -7.963341
v 27.787743 93.266773 7.963341
v 27.959194 104.068174 -6.974006
v 27.959194 104.068174 6.974006
v 28.046560 93.266773 -6.997415
v 28.046560 93.266773 6.997415
v 28.298883 106.774158 -8.100301
v 28.298883 106.774158 8.100301
v 28.490219 101.426401 -8.151569
v 28.490219 101.426401 8.151569
v 28.534744 95.921869 -8.163499
v 28.534744 95.921869 8.163499
v 28.557701 106.774158 -7.134375
v 28.557701 106.774158 7.134375
v 28.749039 101.426401 -7.185644
v 28.749039 101.426401 7.185644
v 28.771884 98.676386 -8.227041
v 28.771884 98.676386 8.227041
v 28.793561 95.921869 -7.197574
v 28.793561 95.921869 7.197574
v 28.811514 104.068174 -0.500000
v 28.811514 104.068174 0.500000
v 28.901961 93.266773 -0.500000
v 28.901961 93.266773 0.500000
v 29.030704 98.676386 -7.261115
v 29.030704 98.676386 7.261115
v 29.382453 92.606020 -8.390643
v 29.382453 92.606020 8.390643
v 29.431133 106.774158 -0.500000
v 29.431133 106.774158 0.500000
v 29.526281 104.121847 -8.429181
v 29.526281 104.121847 8.429181
v 29.629221 101.426401 -0.500000
v 29.629221 101.426401 0.500000
v 29.641273 92.606020 -7.424717
v 29.641273 92.606020 7.424717
v 29.675314 95.921869 -0.500000
v 29.675314 95.921869 0.500000
v 29.785099 104.121847 -7.463256
v 29.785099 104.121847 7.463256
v 29.920821 98.676386 -0.500000
v 29.920821 98.676386 0.500000
v 30.191391 95.425253 -8.607397
v 30.191391 95.425253 8.607397
v 30.264537 101.281900 -8.626997
v 30.264537 101.281900 8.626997
v 30.450211 95.425253 -7.641471
v 30.450211 95.425253 7.641471
v 30.488763 98.350086 -8.687077
v 30.488763 98.350086 8.687077
v 30.523357 101.281900 -7.661071
v 30.523357 101.281900 7.661071
v 30.552928 92.606020 -0.500000
v 30.552928 92.606020 0.500000
v 30.701830 104.121847 -0.500000
v 30.701830 104.121847 0.500000
v 30.747581 98.350086 -7.721151
v 30.747581 98.350086 7.721151
v 31.390402 95.425253 -0.500000
v 31.390402 95.425253 0.500000
v 31.466131 101.281900 -0.500000
v 31.466131 101.281900 0.500000
v 31.698263 98.350086 -0.500000
v 31.698263 98.350086 0.500000
vt 0.000000 -0.146765 0.000000
vt 0.000000 -0.136643 0.000000
vt 0.000000 -0.126521 0.000000
vt 0.000000 -0.116400 0.000000
vt 0.000000 -0.106278 0.000000
vt 0.000000 -0.096156 0.000000
vt 0.000000 -0.086034 0.000000
vt 0.000000 -0.075913 0.000000
vt 0.000000 -0.065791 0.000000
vt 0.000000 -0.055669 0.000000
vt 0.000000 -0.045548 0.000000
vt 0.000000 -0.035426 0.000000
vt 0.000000 -0.025304 0.000000
vt 0.000000 -0.015183 0.000000
vt 0.000000 -0.005061 0.000000
vt 0.000000 0.005061 0.000000
vt 0.000000 0.015183 0.000000
vt 0.000000 0.025304 0.000000
vt 0.000000 0.035426 0.000000
vt 0.000000 0.045548 0.000000
vt 0.000000 0.055669 0.000000
vt 0.000000 0.065791 0.000000
vt 0.000000 0.075913 0.000000
vt 0.000000 0.086034 0.000000
vt 0.000000 0.096156 0.000000
vt 0.000000 0.106278 0.000000
vt 0.000000 0.116400 0.000000
vt 0.000000 0.126521 0.000000
vt 0.000000 0.136643 0.000000
vt -0.004123 0.000000 0.000000
vt -0.004123 -0.010483 0.000000
vt -0.004123 -0.020966 0.000000
vt -0.004123 -0.031450 0.000000
vt -0.004123 -0.041933 0.000000
vt -0.004123 -0.052416 0.000000
vt -0.004123 -0.062899 0.000000
vt -0.004123 -0.073382 0.000000
vt -0.004123 -0.083866 0.000000
vt -0.004123 -0.094349 0.000000
vt -0.004123 -0.104832 0.000000
vt -0.004123 -0.115315 0.000000
vt -0.004123 -0.125798 0.000000
vt -0.004123 -0.136281 0.000000
vt -0.004123 0.146765 0.000000
vt -0.004123 0.136281 0.000000
vt -0.004123 0.125798 0.000000
vt -0.004123 0.115315 0.000000
vt -0.004123 0.104832 0.000000
vt -0.004123 0.094349 0.000000
vt -0.004123 0.083866 0.000000
vt -0.004123 0.073382 0.000000
vt -0.004123 0.062899 0.000000
vt -0.004123 0.052416 0.000000
vt -0.004123 0.041933 0.000000
vt -0.004123 0.031450 0.000000
vt -0.004123 0.020966 0.000000
vt -0.004123 0.010483 0.000000
vt -0.002061 0.146765 0.000000
vt -0.002061 -0.136643 0.000000
vt -0.002061 -0.126521 0.000000
vt -0.002061 -0.116400 0.000000
vt -0.002061 -0.106278 0.000000
vt -0.002061 -0.096156 0.000000
vt -0.002061 -0.086034 0.000000
vt -0.002061 -0.075913 0.000000
vt -0.002061 -0.065791 0.000000
vt -0.002061 -0.055669 0.000000
vt -0.002061 -0.045548 0.000000
vt -0.002061 -0.035426 0.000000
vt -0.002061 -0.025304 0.000000
vt -0.002061 -0.015183 0.000000
vt -0.002061 -0.005061 0.000000
vt -0.002061 0.005061 0.000000
vt -0.002061 0.015183 0.000000
vt -0.002061 0.025304 0.000000
vt -0.002061 0.035426 0.000000
vt -0.002061 0.045548 0.000000
vt -0.002061 0.055669 0.000000
vt -0.002061 0.065791 0.000000
vt -0.002061 0.075913 0.000000
vt -0.002061 0.086034 0.000000
vt -0.002061 0.096156 0.000000
vt -0.002061 0.106278 0.000000
vt -0.002061 0.116400 0.000000
vt -0.002061 0.126521 0.000000
vt -0.002061 0.136643 0.000000
vt -0.002061 -0.146765 0.000000
vt 0.000000 0.146765 0.000000
vt -0.002061 0.156886 0.000000
vt -0.004123 -0.146765 0.000000
vt 0.001969 -0.148422 0.000000
vt 0.001969 -0.138186 0.000000
vt 0.001969 -0.127950 0.000000
vt 0.001969 -0.117714 0.000000
vt 0.001969 -0.107478 0.000000
vt 0.001969 -0.097242 0.000000
vt 0.001969 -0.087006 0.000000
vt 0.001969 -0.076770 0.000000
vt 0.001969 -0.066534 0.000000
vt 0.001969 -0.056298 0.000000
vt 0.001969 -0.046062 0.000000
vt 0.001969 -0.035826 0.000000
vt 0.001969 -0.025590 0.000000
vt 0.001969 -0.015354 0.000000
vt 0.001969 -0.005118 0.000000
vt 0.001969 0.005118 0.000000
vt 0.001969 0.015354 0.000000
vt 0.001969 0.025590 0.000000
vt 0.001969 0.035826 0.000000
vt 0.001969 0.046062 0.000000
vt 0.001969 0.056298 0.000000
vt 0.001969 0.066534 0.000000
vt 0.001969 0.076770 0.000000
vt 0.001969 0.087006 0.000000
vt 0.001969 0.097242 0.000000
vt 0.001969 0.107478 0.000000
vt 0.001969 0.117714 0.000000
vt 0.001969 0.127950 0.000000
vt 0.001969 0.138186 0.000000
vt 0.001441 0.148422 0.000000
vt 0.001441 0.138186 0.000000
vt 0.001441 0.127950 0.000000
vt 0.001441 0.117714 0.000000
vt 0.001441 0.107478 0.000000
vt 0.001441 0.097242 0.000000
vt 0.001441 0.087006 0.000000
vt 0.001441 0.076770 0.000000
vt 0.001441 0.066534 0.000000
vt 0.001441 0.056298 0.000000
vt 0.001441 0.046062 0.000000
vt 0.001441 0.035826 0.000000
vt 0.001441 0.025590 0.000000
vt 0.001441 0.015354 0.000000
vt 0.001441 0.005118 0.000000
vt 0.001441 -0.005118 0.000000
vt 0.001441 -0.015354 0.000000
vt 0.001441 -0.025590 0.000000
vt 0.001441 -0.035826 0.000000
vt 0.001441 -0.046062 0.000000
vt 0.001441 -0.056298 0.000000
vt 0.001441 -0.066534 0.000000
vt 0.001441 -0.076770 0.000000
vt 0.001441 -0.087006 0.000000
vt 0.001441 -0.097242 0.000000
vt 0.001441 -0.107478 0.000000
vt 0.001441 -0.117714 0.000000
vt 0.001441 -0.127950 0.000000
vt 0.001441 -0.138186 0.000000
vt 0.001441 -0.148422 0.000000
vt 0.001969 0.148422 0.000000
vt 0.008246 0.143895 0.000000
vt 0.008246 0.133971 0.000000
vt 0.008246 0.124047 0.000000
vt 0.008246 0.114123 0.000000
vt 0.008246 0.104199 0.000000
vt 0.008246 0.094276 0.000000
vt 0.008246 0.084352 0.000000
vt 0.008246 0.074428 0.000000
vt 0.008246 0.064504 0.000000
vt 0.008246 0.054581 0.000000
vt 0.008246 0.044657 0.000000
vt 0.008246 0.034733 0.000000
vt 0.008246 0.024809 0.000000
vt 0.008246 0.014886 0.000000
vt 0.008246 0.004962 0.000000
vt 0.008246 -0.004962 0.000000
vt 0.008246 -0.014886 0.000000
vt 0.008246 -0.024809 0.000000
vt 0.008246 -0.034733 0.000000
vt 0.008246 -0.044657 0.000000
vt 0.008246 -0.054581 0.000000
vt 0.008246 -0.064504 0.000000
vt 0.008246 -0.074428 0.000000
vt 0.008246 -0.084352 0.000000
vt 0.008246 -0.094276 0.000000
vt 0.008246 -0.104199 0.000000
vt 0.008246 -0.114123 0.000000
vt 0.008246 -0.124047 0.000000
vt 0.008246 -0.133971 0.000000
vt 0.012368 -0.143895 0.000000
vt 0.012368 -0.133616 0.000000
vt 0.012368 -0.123338 0.000000
vt 0.012368 -0.113060 0.000000
vt 0.012368 -0.102782 0.000000
vt 0.012368 -0.092504 0.000000
vt 0.012368 -0.082225 0.000000
vt 0.012368 -0.071947 0.000000
vt 0.012368 -0.061669 0.000000
vt 0.012368 -0.051391 0.000000
vt 0.012368 -0.041113 0.000000
vt 0.012368 -0.030835 0.000000
vt 0.012368 -0.020556 0.000000
vt 0.012368 -0.010278 0.000000
vt 0.012368 0.000000 0.000000
vt 0.012368 0.010278 0.000000
vt 0.012368 0.020556 0.000000
vt 0.012368 0.030835 0.000000
vt 0.012368 0.041113 0.000000
vt 0.012368 0.051391 0.000000
vt 0.012368 0.061669 0.000000
vt 0.012368 0.071947 0.000000
vt 0.012368 0.082225 0.000000
vt 0.012368 0.092504 0.000000
vt 0.012368 0.102782 0.000000
vt 0.012368 0.113060 0.000000
vt 0.012368 0.123338 0.000000
vt 0.012368 0.133616 0.000000
vt 0.010307 -0.143895 0.000000
vt 0.010307 -0.041776 0.000000
vt 0.010307 0.004642 0.000000
vt 0.010307 0.041776 0.000000
vt 0.010307 0.134611 0.000000
vt 0.010307 0.125327 0.000000
vt 0.010307 0.116044 0.000000
vt 0.010307 0.106760 0.000000
vt 0.010307 0.097477 0.000000
vt 0.010307 0.088193 0.000000
vt 0.010307 0.078910 0.000000
vt 0.010307 0.069626 0.000000
vt 0.010307 0.060343 0.000000
vt 0.010307 0.051059 0.000000
vt 0.010307 0.032492 0.000000
vt 0.010307 0.023209 0.000000
vt 0.010307 0.013925 0.000000
vt 0.010307 -0.004642 0.000000
vt 0.010307 -0.013925 0.000000
vt 0.010307 -0.023209 0.000000
vt 0.010307 -0.032492 0.000000
vt 0.010307 -0.051059 0.000000
vt 0.010307 -0.060343 0.000000
vt 0.010307 -0.069626 0.000000
vt 0.010307 -0.078910 0.000000
vt 0.010307 -0.088193 0.000000
vt 0.010307 -0.097477 0.000000
vt 0.010307 -0.106760 0.000000
vt 0.010307 -0.116044 0.000000
vt 0.010307 -0.125327 0.000000
vt 0.010307 -0.134611 0.000000
vt 0.010307 0.143895 0.000000
vt 0.008246 -0.143895 0.000000
vt 0.008246 -0.143895 0.000000
vt 0.012368 0.143895 0.000000
vt 0.010307 -0.153178 0.000000
vt -0.177165 -0.061235 0.000000
vt -0.177165 -0.063873 0.000000
vt -0.177165 -0.066511 0.000000
vt -0.177165 -0.069150 0.000000
vt -0.177165 -0.069806 0.000000
vt -0.177165 -0.070462 0.000000
vt -0.177165 -0.071119 0.000000
vt -0.177165 -0.071775 0.000000
vt -0.177165 -0.072431 0.000000
vt -0.177165 -0.073088 0.000000
vt -0.177165 -0.075726 0.000000
vt -0.177165 -0.078364 0.000000
vt -0.177165 -0.081003 0.000000
vt -0.177165 -0.081659 0.000000
vt -0.177165 -0.082315 0.000000
vt -0.177165 -0.082972 0.000000
vt -0.177165 -0.083628 0.000000
vt -0.177165 -0.084285 0.000000
vt -0.177165 -0.084941 0.000000
vt -0.177165 -0.087579 0.000000
vt -0.177165 -0.090218 0.000000
vt -0.177165 -0.092856 0.000000
vt -0.177165 -0.093512 0.000000
vt -0.177165 -0.094169 0.000000
vt -0.177165 -0.094825 0.000000
vt -0.177165 -0.095481 0.000000
vt -0.177165 -0.096138 0.000000
vt -0.177165 -0.096794 0.000000
vt -0.177165 -0.099432 0.000000
vt -0.177165 -0.102071 0.000000
vt -0.177165 -0.104709 0.000000
vt -0.177165 -0.105365 0.000000
vt -0.177165 -0.106022 0.000000
vt -0.177165 -0.106678 0.000000
vt -0.177165 -0.107334 0.000000
vt -0.177165 -0.107991 0.000000
vt -0.177165 -0.108647 0.000000
vt -0.177165 -0.111286 0.000000
vt -0.177165 -0.113924 0.000000
vt -0.177165 -0.116562 0.000000
vt -0.177165 -0.117218 0.000000
vt -0.177165 -0.117875 0.000000
vt -0.177165 -0.118531 0.000000
vt -0.177165 -0.119188 0.000000
vt -0.177165 -0.119844 0.000000
vt -0.177165 -0.120500 0.000000
vt -0.177165 -0.123139 0.000000
vt -0.177165 -0.125777 0.000000
vt -0.177165 -0.128415 0.000000
vt -0.177165 -0.129072 0.000000
vt -0.177165 -0.129728 0.000000
vt -0.177165 -0.130384 0.000000
vt -0.177165 -0.131041 0.000000
vt -0.177165 -0.131697 0.000000
vt -0.177165 -0.132353 0.000000
vt -0.177165 -0.134992 0.000000
vt -0.177165 -0.137630 0.000000
vt -0.177165 -0.140268 0.000000
vt -0.177165 -0.140925 0.000000
vt -0.177165 -0.141581 0.000000
vt -0.177165 0.142237 0.000000
vt -0.177165 0.141581 0.000000
vt -0.177165 0.140925 0.000000
vt -0.177165 0.140268 0.000000
vt -0.177165 0.137630 0.000000
vt -0.177165 0.134992 0.000000
vt -0.177165 0.132353 0.000000
vt -0.177165 0.131697 0.000000
vt -0.177165 0.131041 0.000000
vt -0.177165 0.130384 0.000000
vt -0.177165 0.129728 0.000000
vt -0.177165 0.129072 0.000000
vt -0.177165 0.128415 0.000000
vt -0.177165 0.125777 0.000000
vt -0.177165 0.123139 0.000000
vt -0.177165 0.120500 0.000000
vt -0.177165 0.119844 0.000000
vt -0.177165 0.119188 0.000000
vt -0.177165 0.118531 0.000000
vt -0.177165 0.117875 0.000000
vt -0.177165 0.117218 0.000000
vt -0.177165 0.116562 0.000000
vt -0.177165 0.113924 0.000000
vt -0.177165 0.111286 0.000000
vt -0.177165 0.108647 0.000000
vt -0.177165 0.107991 0.000000
vt -0.177165 0.107334 0.000000
vt -0.177165 0.106678 0.000000
vt -0.177165 0.106022 0.000000
vt -0.177165 0.105365 0.000000
vt -0.177165 0.104709 0.000000
vt -0.177165 0.102071 0.000000
vt -0.177165 0.099432 0.000000
vt -0.177165 0.096794 0.000000
vt -0.177165 0.096138 0.000000
vt -0.177165 0.095481 0.000000
vt -0.177165 0.094825 0.000000
vt -0.177165 0.094169 0.000000
vt -0.177165 0.093512 0.000000
vt -0.177165 0.092856 0.000000
vt -0.177165 0.090218 0.000000
vt -0.177165 0.087579 0.000000
vt -0.177165 0.084941 0.000000
vt -0.177165 0.084285 0.000000
vt -0.177165 0.083628 0.000000
vt -0.177165 0.082972 0.000000
vt -0.177165 0.082315 0.000000
vt -0.177165 0.081659 0.000000
vt -0.177165 0.081003 0.000000
vt -0.177165 0.078364 0.000000
vt -0.177165 0.075726 0.000000
vt -0.177165 0.073088 0.000000
vt -0.177165 0.072431 0.000000
vt -0.177165 0.071775 0.000000
vt -0.177165 0.071119 0.000000
vt -0.177165 0.070462 0.000000
vt -0.177165 0.069806 0.000000
vt -0.177165 0.069150 0.000000
vt -0.177165 0.066511 0.000000
vt -0.177165 0.063873 0.000000
vt -0.177165 0.061235 0.000000
vt -0.177165 0.060578 0.000000
vt -0.177165 0.059922 0.000000
vt -0.177165 0.059266 0.000000
vt -0.177165 0.058609 0.000000
vt -0.177165 0.057953 0.000000
vt -0.177165 0.057296 0.000000
vt -0.177165 0.054658 0.000000
vt -0.177165 0.052020 0.000000
vt -0.177165 0.049382 0.000000
vt -0.177165 0.048725 0.000000
vt -0.177165 0.048069 0.000000
vt -0.177165 0.047412 0.000000
vt -0.177165 0.046756 0.000000
vt -0.177165 0.046100 0.000000
vt -0.177165 0.045443 0.000000
vt -0.177165 0.042805 0.000000
vt -0.177165 0.040167 0.000000
vt -0.177165 0.037528 0.000000
vt -0.177165 0.036872 0.000000
vt -0.177165 0.036216 0.000000
vt -0.177165 0.035559 0.000000
vt -0.177165 0.034903 0.000000
vt -0.177165 0.034247 0.000000
vt -0.177165 0.033590 0.000000
vt -0.177165 0.030952 0.000000
vt -0.177165 0.028314 0.000000
vt -0.177165 0.025675 0.000000
vt -0.177165 0.025019 0.000000
vt -0.177165 0.024363 0.000000
vt -0.177165 0.023706 0.000000
vt -0.177165 0.023050 0.000000
vt -0.177165 0.022393 0.000000
vt -0.177165 0.021737 0.000000
vt -0.177165 0.019099 0.000000
vt -0.177165 0.016461 0.000000
vt -0.177165 0.013822 0.000000
vt -0.177165 0.013166 0.000000
vt -0.177165 0.012509 0.000000
vt -0.177165 0.011853 0.000000
vt -0.177165 0.011197 0.000000
vt -0.177165 0.010540 0.000000
vt -0.177165 0.009884 0.000000
vt -0.177165 0.007246 0.000000
vt -0.177165 0.004607 0.000000
vt -0.177165 0.001969 0.000000
vt -0.177165 0.001313 0.000000
vt -0.177165 0.000656 0.000000
vt -0.177165 0.000000 0.000000
vt -0.177165 -0.000656 0.000000
vt -0.177165 -0.001313 0.000000
vt -0.177165 -0.001969 0.000000
vt -0.177165 -0.004607 0.000000
vt -0.177165 -0.007246 0.000000
vt -0.177165 -0.009884 0.000000
vt -0.177165 -0.010540 0.000000
vt -0.177165 -0.011197 0.000000
vt -0.177165 -0.011853 0.000000
vt -0.177165 -0.012509 0.000000
vt -0.177165 -0.013166 0.000000
vt -0.177165 -0.013822 0.000000
vt -0.177165 -0.016461 0.000000
vt -0.177165 -0.019099 0.000000
vt -0.177165 -0.021737 0.000000
vt -0.177165 -0.022393 0.000000
vt -0.177165 -0.023050 0.000000
vt -0.177165 -0.023706 0.000000
vt -0.177165 -0.024363 0.000000
vt -0.177165 -0.025019 0.000000
vt -0.177165 -0.025675 0.000000
vt -0.177165 -0.028314 0.000000
vt -0.177165 -0.030952 0.000000
vt -0.177165 -0.033590 0.000000
vt -0.177165 -0.034247 0.000000
vt -0.177165 -0.034903 0.000000
vt -0.177165 -0.035559 0.000000
vt -0.177165 -0.036216 0.000000
vt -0.177165 -0.036872 0.000000
vt -0.177165 -0.037528 0.000000
vt -0.177165 -0.040167 0.000000
vt -0.177165 -0.042805 0.000000
vt -0.177165 -0.045443 0.000000
vt -0.177165 -0.046100 0.000000
vt -0.177165 -0.046756 0.000000
vt -0.177165 -0.047412 0.000000
vt -0.177165 -0.048069 0.000000
vt -0.177165 -0.048725 0.000000
vt -0.177165 -0.049382 0.000000
vt -0.177165 -0.052020 0.000000
vt -0.177165 -0.054658 0.000000
vt -0.177165 -0.057296 0.000000
vt -0.177165 -0.057953 0.000000
vt -0.177165 -0.058609 0.000000
vt -0.177165 -0.059266 0.000000
vt -0.177165 -0.059922 0.000000
vt -0.177165 -0.060578 0.000000
vt -0.123488 0.000000 0.000000
vt -0.123488 0.010160 0.000000
vt -0.123488 0.020320 0.000000
vt -0.123488 0.030479 0.000000
vt -0.123488 0.040639 0.000000
vt -0.123488 0.050799 0.000000
vt -0.123488 0.060959 0.000000
vt -0.123488 0.071119 0.000000
vt -0.123488 0.081279 0.000000
vt -0.123488 0.091438 0.000000
vt -0.123488 0.101598 0.000000
vt -0.123488 0.111758 0.000000
vt -0.123488 0.121918 0.000000
vt -0.123488 0.132078 0.000000
vt -0.123488 -0.142237 0.000000
vt -0.123488 -0.132078 0.000000
vt -0.123488 -0.121918 0.000000
vt -0.123488 -0.111758 0.000000
vt -0.123488 -0.101598 0.000000
vt -0.123488 -0.091438 0.000000
vt -0.123488 -0.081279 0.000000
vt -0.123488 -0.071119 0.000000
vt -0.123488 -0.060959 0.000000
vt -0.123488 -0.050799 0.000000
vt -0.123488 -0.040639 0.000000
vt -0.123488 -0.030479 0.000000
vt -0.123488 -0.020320 0.000000
vt -0.123488 -0.010160 0.000000
vt -0.177165 -0.142237 0.000000
vt -0.123488 0.142237 0.000000
vt -0.123488 0.142237 0.000000
vt -0.123488 0.142237 0.000000
vt -0.123488 0.142237 0.000000
vt -0.123488 0.142237 0.000000
vt -0.000000 0.000000 0.000000
vt -0.000000 0.010160 0.000000
vt -0.000000 0.020320 0.000000
vt -0.000000 0.030479 0.000000
vt -0.000000 0.040639 0.000000
vt -0.000000 0.050799 0.000000
vt -0.000000 0.060959 0.000000
vt -0.000000 0.071119 0.000000
vt -0.000000 0.081279 0.000000
vt -0.000000 0.091438 0.000000
vt -0.000000 0.101598 0.000000
vt -0.000000 0.111758 0.000000
vt -0.000000 0.121918 0.000000
vt -0.000000 0.132078 0.000000
vt -0.000000 -0.142237 0.000000
vt -0.000000 -0.132078 0.000000
vt -0.000000 -0.121918 0.000000
vt -0.000000 -0.111758 0.000000
vt -0.000000 -0.101598 0.000000
vt -0.000000 -0.091438 0.000000
vt -0.000000 -0.081279 0.000000
vt -0.000000 -0.071119 0.000000
vt -0.000000 -0.060959 0.000000
vt -0.000000 -0.050799 0.000000
vt -0.000000 -0.040639 0.000000
vt -0.000000 -0.030479 0.000000
vt -0.000000 -0.020320 0.000000
vt -0.000000 -0.010160 0.000000
vt -0.116142 0.142237 0.000000
vt -0.116142 0.132078 0.000000
vt -0.116142 0.121918 0.000000
vt -0.116142 0.111758 0.000000
vt -0.116142 0.101598 0.000000
vt -0.116142 0.091438 0.000000
vt -0.116142 0.081279 0.000000
vt -0.116142 0.071119 0.000000
vt -0.116142 0.060959 0.000000
vt -0.116142 0.050799 0.000000
vt -0.116142 0.040639 0.000000
vt -0.116142 0.030479 0.000000
vt -0.116142 0.020320 0.000000
vt -0.116142 0.010160 0.000000
vt -0.116142 0.000000 0.000000
vt -0.116142 -0.010160 0.000000
vt -0.116142 -0.020320 0.000000
vt -0.116142 -0.030479 0.000000
vt -0.116142 -0.040639 0.000000
vt -0.116142 -0.050799 0.000000
vt -0.116142 -0.060959 0.000000
vt -0.116142 -0.071119 0.000000
vt -0.116142 -0.081279 0.000000
vt -0.116142 -0.091438 0.000000
vt -0.116142 -0.101598 0.000000
vt -0.116142 -0.111758 0.000000
vt -0.116142 -0.121918 0.000000
vt -0.116142 -0.132078 0.000000
vt -0.116142 -0.142237 0.000000
vt -0.000000 0.142237 0.000000
vt -0.047449 -0.129955 0.000000
vt -0.047449 -0.136956 0.000000
vt -0.017168 -0.136956 0.000000
vt -0.017125 -0.136956 0.000000
vt 0.057886 0.050470 0.000000
vt 0.061183 0.061569 0.000000
vt 0.062396 0.073084 0.000000
vt 0.061482 0.084627 0.000000
vt 0.058473 0.095808 0.000000
vt 0.053470 0.106250 0.000000
vt 0.046642 0.115601 0.000000
vt 0.038220 0.123546 0.000000
vt 0.028486 0.129818 0.000000
vt 0.017770 0.134203 0.000000
vt 0.006433 0.136556 0.000000
vt -0.005143 0.136796 0.000000
vt -0.016568 0.134915 0.000000
vt -0.027456 0.130977 0.000000
vt -0.037441 0.125114 0.000000
vt -0.035512 0.122305 0.000000
vt -0.026448 0.127395 0.000000
vt -0.016618 0.130778 0.000000
vt -0.006341 0.132343 0.000000
vt 0.004050 0.132042 0.000000
vt 0.014219 0.129882 0.000000
vt 0.023836 0.125935 0.000000
vt 0.032590 0.120328 0.000000
vt 0.040197 0.113243 0.000000
vt 0.046411 0.104909 0.000000
vt 0.051030 0.095596 0.000000
vt 0.054250 0.085196 0.000000
vt 0.055398 0.074369 0.000000
vt 0.054431 0.063524 0.000000
vt 0.051386 0.053071 0.000000
vt -0.021864 -0.129955 0.000000
vt 0.000000 0.045276 0.000000
vt 0.000656 0.045271 0.000000
vt 0.001313 0.045257 0.000000
vt 0.001969 0.045233 0.000000
vt 0.001969 0.045276 0.000000
vt -0.001969 0.045233 0.000000
vt -0.001313 0.045257 0.000000
vt -0.000656 0.045271 0.000000
vt 0.000000 0.045276 0.000000
vt -0.001969 0.045276 0.000000
vt 0.009806 0.044201 0.000000
vt 0.010445 0.044054 0.000000
vt 0.011083 0.043898 0.000000
vt 0.011718 0.043733 0.000000
vt 0.009817 0.044242 0.000000
vt -0.011718 0.043733 0.000000
vt -0.011083 0.043898 0.000000
vt -0.010445 0.044054 0.000000
vt -0.009806 0.044201 0.000000
vt -0.009817 0.044242 0.000000
vt 0.011718 0.043733 0.000000
vt 0.012351 0.043558 0.000000
vt 0.012981 0.043375 0.000000
vt 0.013609 0.043182 0.000000
vt 0.013620 0.043223 0.000000
vt -0.013609 0.043182 0.000000
vt -0.012981 0.043375 0.000000
vt -0.012351 0.043558 0.000000
vt -0.011718 0.043733 0.000000
vt -0.013620 0.043223 0.000000
vt 0.020912 0.040157 0.000000
vt 0.021492 0.039850 0.000000
vt 0.022067 0.039534 0.000000
vt 0.022638 0.039210 0.000000
vt 0.020933 0.040194 0.000000
vt -0.022638 0.039210 0.000000
vt -0.022067 0.039534 0.000000
vt -0.021492 0.039850 0.000000
vt -0.020912 0.040157 0.000000
vt -0.020933 0.040194 0.000000
vt 0.022638 0.039210 0.000000
vt 0.023204 0.038878 0.000000
vt 0.023765 0.038537 0.000000
vt 0.024321 0.038188 0.000000
vt 0.024343 0.038226 0.000000
vt -0.024321 0.038188 0.000000
vt -0.023765 0.038537 0.000000
vt -0.023204 0.038878 0.000000
vt -0.022638 0.039210 0.000000
vt -0.024343 0.038226 0.000000
vt 0.030592 0.033376 0.000000
vt 0.031073 0.032929 0.000000
vt 0.031547 0.032475 0.000000
vt 0.032015 0.032015 0.000000
vt 0.030623 0.033407 0.000000
vt -0.032015 0.032015 0.000000
vt -0.031547 0.032475 0.000000
vt -0.031073 0.032929 0.000000
vt -0.030592 0.033376 0.000000
vt -0.030623 0.033407 0.000000
vt 0.032015 0.032015 0.000000
vt 0.032475 0.031547 0.000000
vt 0.032929 0.031073 0.000000
vt 0.033376 0.030592 0.000000
vt 0.033407 0.030623 0.000000
vt -0.033376 0.030592 0.000000
vt -0.032929 0.031073 0.000000
vt -0.032475 0.031547 0.000000
vt -0.032015 0.032015 0.000000
vt -0.033407 0.030623 0.000000
vt 0.038188 0.024321 0.000000
vt 0.038537 0.023765 0.000000
vt 0.038878 0.023204 0.000000
vt 0.039210 0.022638 0.000000
vt 0.038226 0.024343 0.000000
vt -0.039210 0.022638 0.000000
vt -0.038878 0.023204 0.000000
vt -0.038537 0.023765 0.000000
vt -0.038188 0.024321 0.000000
vt -0.038226 0.024343 0.000000
vt 0.039210 0.022638 0.000000
vt 0.039534 0.022067 0.000000
vt 0.039850 0.021492 0.000000
vt 0.040157 0.020912 0.000000
vt 0.040194 0.020933 0.000000
vt -0.040157 0.020912 0.000000
vt -0.039850 0.021492 0.000000
vt -0.039534 0.022067 0.000000
vt -0.039210 0.022638 0.000000
vt -0.040194 0.020933 0.000000
vt -0.043733 0.011718 0.000000
vt -0.043558 0.012351 0.000000
vt -0.043375 0.012981 0.000000
vt -0.043182 0.013609 0.000000
vt -0.043223 0.013620 0.000000
vt -0.044201 0.009806 0.000000
vt -0.044054 0.010445 0.000000
vt -0.043898 0.011083 0.000000
vt -0.043733 0.011718 0.000000
vt -0.044242 0.009817 0.000000
vt 0.045233 0.001969 0.000000
vt 0.045257 0.001313 0.000000
vt 0.045271 0.000656 0.000000
vt 0.045276 0.000000 0.000000
vt 0.045276 0.001969 0.000000
vt -0.045276 0.000000 0.000000
vt -0.045271 0.000656 0.000000
vt -0.045257 0.001313 0.000000
vt -0.045233 0.001969 0.000000
vt -0.045276 0.001969 0.000000
vt 0.045276 0.000000 0.000000
vt 0.045271 -0.000656 0.000000
vt 0.045257 -0.001313 0.000000
vt 0.045233 -0.001969 0.000000
vt 0.045276 -0.001969 0.000000
vt -0.045233 -0.001969 0.000000
vt -0.045257 -0.001313 0.000000
vt -0.045271 -0.000656 0.000000
vt -0.045276 0.000000 0.000000
vt -0.045276 -0.001969 0.000000
vt 0.044201 -0.009806 0.000000
vt 0.044054 -0.010445 0.000000
vt 0.043898 -0.011083 0.000000
vt 0.043733 -0.011718 0.000000
vt 0.044242 -0.009817 0.000000
vt -0.043733 -0.011718 0.000000
vt -0.043898 -0.011083 0.000000
vt -0.044054 -0.010445 0.000000
vt -0.044201 -0.009806 0.000000
vt -0.044242 -0.009817 0.000000
vt 0.043733 -0.011718 0.000000
vt 0.043558 -0.012351 0.000000
vt 0.043375 -0.012981 0.000000
vt 0.043182 -0.013609 0.000000
vt 0.043223 -0.013620 0.000000
vt -0.043182 -0.013609 0.000000
vt -0.043375 -0.012981 0.000000
vt -0.043558 -0.012351 0.000000
vt -0.043733 -0.011718 0.000000
vt -0.043223 -0.013620 0.000000
vt 0.040157 -0.020912 0.000000
vt 0.039850 -0.021492 0.000000
vt 0.039534 -0.022067 0.000000
vt 0.039210 -0.022638 0.000000
vt 0.040194 -0.020933 0.000000
vt -0.039210 -0.022638 0.000000
vt -0.039534 -0.022067 0.000000
vt -0.039850 -0.021492 0.000000
vt -0.040157 -0.020912 0.000000
vt -0.040194 -0.020933 0.000000
vt 0.039210 -0.022638 0.000000
vt 0.038878 -0.023204 0.000000
vt 0.038537 -0.023765 0.000000
vt 0.038188 -0.024321 0.000000
vt 0.038226 -0.024343 0.000000
vt -0.038188 -0.024321 0.000000
vt -0.038537 -0.023765 0.000000
vt -0.038878 -0.023204 0.000000
vt -0.039210 -0.022638 0.000000
vt -0.038226 -0.024343 0.000000
vt 0.033376 -0.030592 0.000000
vt 0.032929 -0.031073 0.000000
vt 0.032475 -0.031547 0.000000
vt 0.032015 -0.032015 0.000000
vt 0.033407 -0.030623 0.000000
vt -0.032015 -0.032015 0.000000
vt -0.032475 -0.031547 0.000000
vt -0.032929 -0.031073 0.000000
vt -0.033376 -0.030592 0.000000
vt -0.033407 -0.030623 0.000000
vt 0.032015 -0.032015 0.000000
vt 0.031547 -0.032475 0.000000
vt 0.031073 -0.032929 0.000000
vt 0.030592 -0.033376 0.000000
vt 0.030623 -0.033407 0.000000
vt -0.030592 -0.033376 0.000000
vt -0.031073 -0.032929 0.000000
vt -0.031547 -0.032475 0.000000
vt -0.032015 -0.032015 0.000000
vt -0.030623 -0.033407 0.000000
vt 0.024321 -0.038188 0.000000
vt 0.023765 -0.038537 0.000000
vt 0.023204 -0.038878 0.000000
vt 0.022638 -0.039210 0.000000
vt 0.024343 -0.038226 0.000000
vt -0.022638 -0.039210 0.000000
vt -0.023204 -0.038878 0.000000
vt -0.023765 -0.038537 0.000000
vt -0.024321 -0.038188 0.000000
vt -0.024343 -0.038226 0.000000
vt 0.022638 -0.039210 0.000000
vt 0.022067 -0.039534 0.000000
vt 0.021492 -0.039850 0.000000
vt 0.020912 -0.040157 0.000000
vt 0.020933 -0.040194 0.000000
vt -0.020912 -0.040157 0.000000
vt -0.021492 -0.039850 0.000000
vt -0.022067 -0.039534 0.000000
vt -0.022638 -0.039210 0.000000
vt -0.020933 -0.040194 0.000000
vt 0.013609 -0.043182 0.000000
vt 0.012981 -0.043375 0.000000
vt 0.012351 -0.043558 0.000000
vt 0.011718 -0.043733 0.000000
vt 0.013620 -0.043223 0.000000
vt -0.011718 -0.043733 0.000000
vt -0.012351 -0.043558 0.000000
vt -0.012981 -0.043375 0.000000
vt -0.013609 -0.043182 0.000000
vt -0.013620 -0.043223 0.000000
vt 0.011718 -0.043733 0.000000
vt 0.011083 -0.043898 0.000000
vt 0.010445 -0.044054 0.000000
vt 0.009806 -0.044201 0.000000
vt 0.009817 -0.044242 0.000000
vt -0.009806 -0.044201 0.000000
vt -0.010445 -0.044054 0.000000
vt -0.011083 -0.043898 0.000000
vt -0.011718 -0.043733 0.000000
vt -0.009817 -0.044242 0.000000
vt 0.001969 -0.045233 0.000000
vt 0.001313 -0.045257 0.000000
vt 0.000656 -0.045271 0.000000
vt 0.000000 -0.045276 0.000000
vt 0.001969 -0.045276 0.000000
vt 0.047449 -0.136956 0.000000
vt 0.047449 -0.129955 0.000000
vt 0.021864 -0.129955 0.000000
vt -0.051386 0.053071 0.000000
vt -0.054431 0.063524 0.000000
vt -0.055398 0.074369 0.000000
vt -0.054250 0.085196 0.000000
vt -0.051030 0.095596 0.000000
vt -0.046411 0.104909 0.000000
vt -0.040197 0.113243 0.000000
vt -0.032590 0.120328 0.000000
vt -0.023836 0.125935 0.000000
vt -0.014219 0.129882 0.000000
vt -0.004050 0.132042 0.000000
vt 0.006341 0.132343 0.000000
vt 0.016618 0.130778 0.000000
vt 0.026448 0.127395 0.000000
vt 0.035512 0.122305 0.000000
vt 0.037441 0.125114 0.000000
vt 0.027456 0.130977 0.000000
vt 0.016568 0.134915 0.000000
vt 0.005143 0.136796 0.000000
vt -0.006433 0.136556 0.000000
vt -0.017770 0.134203 0.000000
vt -0.028486 0.129818 0.000000
vt -0.038220 0.123546 0.000000
vt -0.046642 0.115601 0.000000
vt -0.053470 0.106250 0.000000
vt -0.058473 0.095808 0.000000
vt -0.061482 0.084627 0.000000
vt -0.062396 0.073084 0.000000
vt -0.061183 0.061569 0.000000
vt -0.057886 0.050470 0.000000
vt 0.017125 -0.136956 0.000000
vt 0.017168 -0.136956 0.000000
vt 0.201879 -0.001969 0.000000
vt 0.201879 0.001969 0.000000
vt 0.000000 0.001969 0.000000
vt 0.000000 0.000000 0.000000
vt 0.000000 -0.001969 0.000000
vt 0.197140 -0.001969 0.000000
vt 0.197140 0.001969 0.000000
vt 0.000000 0.001969 0.000000
vt 0.000000 -0.001969 0.000000
vt -0.001969 -0.176103 0.000000
vt 0.001969 -0.176103 0.000000
vt 0.001969 -0.165198 0.000000
vt 0.001969 -0.154293 0.000000
vt 0.001969 -0.143389 0.000000
vt 0.001969 -0.132484 0.000000
vt -0.001969 -0.132484 0.000000
vt -0.001969 -0.143389 0.000000
vt -0.001969 -0.154293 0.000000
vt -0.001969 -0.165198 0.000000
vt -0.001969 -0.181462 0.000000
vt 0.001969 -0.181462 0.000000
vt 0.001969 -0.171052 0.000000
vt 0.001969 -0.160642 0.000000
vt 0.001969 -0.150232 0.000000
vt 0.001969 -0.139823 0.000000
vt 0.001969 -0.129413 0.000000
vt 0.001969 -0.119003 0.000000
vt 0.001969 -0.108594 0.000000
vt 0.001969 -0.098184 0.000000
vt 0.001969 -0.087774 0.000000
vt 0.001969 -0.077365 0.000000
vt -0.001969 -0.077365 0.000000
vt -0.001969 -0.087774 0.000000
vt -0.001969 -0.098184 0.000000
vt -0.001969 -0.108594 0.000000
vt -0.001969 -0.119003 0.000000
vt -0.001969 -0.129413 0.000000
vt -0.001969 -0.139823 0.000000
vt -0.001969 -0.150232 0.000000
vt -0.001969 -0.160642 0.000000
vt -0.001969 -0.171052 0.000000
vt 0.003407 -0.001969 0.000000
vt 0.003407 0.001969 0.000000
vt 0.000000 0.001969 0.000000
vt 0.000000 -0.001969 0.000000
vt 0.001969 0.162331 0.000000
vt -0.001969 0.162331 0.000000
vt -0.001969 0.150736 0.000000
vt -0.001969 0.139140 0.000000
vt -0.001969 0.127545 0.000000
vt -0.001969 0.115950 0.000000
vt -0.001969 0.104355 0.000000
vt -0.001969 0.092760 0.000000
vt -0.001969 0.081165 0.000000
vt -0.001969 0.069570 0.000000
vt -0.001969 0.057975 0.000000
vt -0.001969 0.046380 0.000000
vt -0.001969 0.034785 0.000000
vt -0.001969 0.023190 0.000000
vt -0.001969 0.011595 0.000000
vt -0.001969 0.000000 0.000000
vt 0.001969 0.000000 0.000000
vt 0.001969 0.011595 0.000000
vt 0.001969 0.023190 0.000000
vt 0.001969 0.034785 0.000000
vt 0.001969 0.046380 0.000000
vt 0.001969 0.057975 0.000000
vt 0.001969 0.069570 0.000000
vt 0.001969 0.081165 0.000000
vt 0.001969 0.092760 0.000000
vt 0.001969 0.104355 0.000000
vt 0.001969 0.115950 0.000000
vt 0.001969 0.127545 0.000000
vt 0.001969 0.139140 0.000000
vt 0.001969 0.150736 0.000000
vt -0.047449 -0.129955 0.000000
vt -0.047449 -0.136956 0.000000
vt -0.017168 -0.136956 0.000000
vt -0.017125 -0.136956 0.000000
vt 0.057886 0.050470 0.000000
vt 0.061183 0.061569 0.000000
vt 0.062396 0.073084 0.000000
vt 0.061482 0.084627 0.000000
vt 0.058473 0.095808 0.000000
vt 0.053470 0.106250 0.000000
vt 0.046642 0.115601 0.000000
vt 0.038220 0.123546 0.000000
vt 0.028486 0.129818 0.000000
vt 0.017770 0.134203 0.000000
vt 0.006433 0.136556 0.000000
vt -0.005143 0.136796 0.000000
vt -0.016568 0.134915 0.000000
vt -0.027456 0.130977 0.000000
vt -0.037441 0.125114 0.000000
vt -0.035512 0.122305 0.000000
vt -0.026448 0.127395 0.000000
vt -0.016618 0.130778 0.000000
vt -0.006341 0.132343 0.000000
vt 0.004050 0.132042 0.000000
vt 0.014219 0.129882 0.000000
vt 0.023836 0.125935 0.000000
vt 0.032590 0.120328 0.000000
vt 0.040197 0.113243 0.000000
vt 0.046411 0.104909 0.000000
vt 0.051030 0.095596 0.000000
vt 0.054250 0.085196 0.000000
vt 0.055398 0.074369 0.000000
vt 0.054431 0.063524 0.000000
vt 0.051386 0.053071 0.000000
vt -0.021864 -0.129955 0.000000
vt 0.000000 -0.045276 0.000000
vt -0.000656 -0.045271 0.000000
vt -0.001313 -0.045257 0.000000
vt -0.001969 -0.045233 0.000000
vt -0.001969 -0.045276 0.000000
vt 0.047449 -0.136956 0.000000
vt 0.047449 -0.129955 0.000000
vt 0.021864 -0.129955 0.000000
vt -0.051386 0.053071 0.000000
vt -0.054431 0.063524 0.000000
vt -0.055398 0.074369 0.000000
vt -0.054250 0.085196 0.000000
vt -0.051030 0.095596 0.000000
vt -0.046411 0.104909 0.000000
vt -0.040197 0.113243 0.000000
vt -0.032590 0.120328 0.000000
vt -0.023836 0.125935 0.000000
vt -0.014219 0.129882 0.000000
vt -0.004050 0.132042 0.000000
vt 0.006341 0.132343 0.000000
vt 0.016618 0.130778 0.000000
vt 0.026448 0.127395 0.000000
vt 0.035512 0.122305 0.000000
vt 0.037441 0.125114 0.000000
vt 0.027456 0.130977 0.000000
vt 0.016568 0.134915 0.000000
vt 0.005143 0.136796 0.000000
vt -0.006433 0.136556 0.000000
vt -0.017770 0.134203 0.000000
vt -0.028486 0.129818 0.000000
vt -0.038220 0.123546 0.000000
vt -0.046642 0.115601 0.000000
vt -0.053470 0.106250 0.000000
vt -0.058473 0.095808 0.000000
vt -0.061482 0.084627 0.000000
vt -0.062396 0.073084 0.000000
vt -0.061183 0.061569 0.000000
vt -0.057886 0.050470 0.000000
vt 0.017125 -0.136956 0.000000
vt 0.017168 -0.136956 0.000000
vt 0.201879 -0.001969 0.000000
vt 0.201879 0.001969 0.000000
vt 0.000000 0.001969 0.000000
vt 0.000000 0.000000 0.000000
vt 0.000000 -0.001969 0.000000
vt 0.197140 -0.001969 0.000000
vt 0.197140 0.001969 0.000000
vt 0.000000 0.001969 0.000000
vt 0.000000 -0.001969 0.000000
vt -0.001969 -0.176103 0.000000
vt 0.001969 -0.176103 0.000000
vt 0.001969 -0.165198 0.000000
vt 0.001969 -0.154293 0.000000
vt 0.001969 -0.143389 0.000000
vt 0.001969 -0.132484 0.000000
vt -0.001969 -0.132484 0.000000
vt -0.001969 -0.143389 0.000000
vt -0.001969 -0.154293 0.000000
vt -0.001969 -0.165198 0.000000
vt -0.001969 -0.181462 0.000000
vt 0.001969 -0.181462 0.000000
vt 0.001969 -0.171052 0.000000
vt 0.001969 -0.160642 0.000000
vt 0.001969 -0.150232 0.000000
vt 0.001969 -0.139823 0.000000
vt 0.001969 -0.129413 0.000000
vt 0.001969 -0.119003 0.000000
vt 0.001969 -0.108594 0.000000
vt 0.001969 -0.098184 0.000000
vt 0.001969 -0.087774 0.000000
vt 0.001969 -0.077365 0.000000
vt -0.001969 -0.077365 0.000000
vt -0.001969 -0.087774 0.000000
vt -0.001969 -0.098184 0.000000
vt -0.001969 -0.108594 0.000000
vt -0.001969 -0.119003 0.000000
vt -0.001969 -0.129413 0.000000
vt -0.001969 -0.139823 0.000000
vt -0.001969 -0.150232 0.000000
vt -0.001969 -0.160642 0.000000
vt -0.001969 -0.171052 0.000000
vt 0.003407 -0.001969 0.000000
vt 0.003407 0.001969 0.000000
vt 0.000000 0.001969 0.000000
vt 0.000000 -0.001969 0.000000
vt 0.001969 0.162331 0.000000
vt -0.001969 0.162331 0.000000
vt -0.001969 0.150736 0.000000
vt -0.001969 0.139140 0.000000
vt -0.001969 0.127545 0.000000
vt -0.001969 0.115950 0.000000
vt -0.001969 0.104355 0.000000
vt -0.001969 0.092760 0.000000
vt -0.001969 0.081165 0.000000
vt -0.001969 0.069570 0.000000
vt -0.001969 0.057975 0.000000
vt -0.001969 0.046380 0.000000
vt -0.001969 0.034785 0.000000
vt -0.001969 0.023190 0.000000
vt -0.001969 0.011595 0.000000
vt -0.001969 0.000000 0.000000
vt 0.001969 0.000000 0.000000
vt 0.001969 0.011595 0.000000
vt 0.001969 0.023190 0.000000
vt 0.001969 0.034785 0.000000
vt 0.001969 0.046380 0.000000
vt 0.001969 0.057975 0.000000
vt 0.001969 0.069570 0.000000
vt 0.001969 0.081165 0.000000
vt 0.001969 0.092760 0.000000
vt 0.001969 0.104355 0.000000
vt 0.001969 0.115950 0.000000
vt 0.001969 0.127545 0.000000
vt 0.001969 0.139140 0.000000
vt 0.001969 0.150736 0.000000
vt -0.047449 -0.129955 0.000000
vt -0.047449 -0.136956 0.000000
vt -0.017168 -0.136956 0.000000
vt -0.017125 -0.136956 0.000000
vt 0.057886 0.050470 0.000000
vt 0.061183 0.061569 0.000000
vt 0.062396 0.073084 0.000000
vt 0.061482 0.084627 0.000000
vt 0.058473 0.095808 0.000000
vt 0.053470 0.106250 0.000000
vt 0.046642 0.115601 0.000000
vt 0.038220 0.123546 0.000000
vt 0.028486 0.129818 0.000000
vt 0.017770 0.134203 0.000000
vt 0.006433 0.136556 0.000000
vt -0.005143 0.136796 0.000000
vt -0.016568 0.134915 0.000000
vt -0.027456 0.130977 0.000000
vt -0.037441 0.125114 0.000000
vt -0.035512 0.122305 0.000000
vt -0.026448 0.127395 0.000000
vt -0.016618 0.130778 0.000000
vt -0.006341 0.132343 0.000000
vt 0.004050 0.132042 0.000000
vt 0.014219 0.129882 0.000000
vt 0.023836 0.125935 0.000000
vt 0.032590 0.120328 0.000000
vt 0.040197 0.113243 0.000000
vt 0.046411 0.104909 0.000000
vt 0.051030 0.095596 0.000000
vt 0.054250 0.085196 0.000000
vt 0.055398 0.074369 0.000000
vt 0.054431 0.063524 0.000000
vt 0.051386 0.053071 0.000000
vt -0.021864 -0.129955 0.000000
vt 0.047449 -0.136956 0.000000
vt 0.047449 -0.129955 0.000000
vt 0.021864 -0.129955 0.000000
vt -0.051386 0.053071 0.000000
vt -0.054431 0.063524 0.000000
vt -0.055398 0.074369 0.000000
vt -0.054250 0.085196 0.000000
vt -0.051030 0.095596 0.000000
vt -0.046411 0.104909 0.000000
vt -0.040197 0.113243 0.000000
vt -0.032590 0.120328 0.000000
vt -0.023836 0.125935 0.000000
vt -0.014219 0.129882 0.000000
vt -0.004050 0.132042 0.000000
vt 0.006341 0.132343 0.000000
vt 0.016618 0.130778 0.000000
vt 0.026448 0.127395 0.000000
vt 0.035512 0.122305 0.000000
vt 0.037441 0.125114 0.000000
vt 0.027456 0.130977 0.000000
vt 0.016568 0.134915 0.000000
vt 0.005143 0.136796 0.000000
vt -0.006433 0.136556 0.000000
vt -0.017770 0.134203 0.000000
vt -0.028486 0.129818 0.000000
vt -0.038220 0.123546 0.000000
vt -0.046642 0.115601 0.000000
vt -0.053470 0.106250 0.000000
vt -0.058473 0.095808 0.000000
vt -0.061482 0.084627 0.000000
vt -0.062396 0.073084 0.000000
vt -0.061183 0.061569 0.000000
vt -0.057886 0.050470 0.000000
vt 0.017125 -0.136956 0.000000
vt 0.017168 -0.136956 0.000000
vt 0.201879 -0.001969 0.000000
vt 0.201879 0.001969 0.000000
vt 0.000000 0.001969 0.000000
vt 0.000000 0.000000 0.000000
vt 0.000000 -0.001969 0.000000
vt 0.197140 -0.001969 0.000000
vt 0.197140 0.001969 0.000000
vt 0.000000 0.001969 0.000000
vt 0.000000 -0.001969 0.000000
vt -0.001969 -0.176103 0.000000
vt 0.001969 -0.176103 0.000000
vt 0.001969 -0.165198 0.000000
vt 0.001969 -0.154293 0.000000
vt 0.001969 -0.143389 0.000000
vt 0.001969 -0.132484 0.000000
vt -0.001969 -0.132484 0.000000
vt -0.001969 -0.143389 0.000000
vt -0.001969 -0.154293 0.000000
vt -0.001969 -0.165198 0.000000
vt -0.001969 -0.181462 0.000000
vt 0.001969 -0.181462 0.000000
vt 0.001969 -0.171052 0.000000
vt 0.001969 -0.160642 0.000000
vt 0.001969 -0.150232 0.000000
vt 0.001969 -0.139823 0.000000
vt 0.001969 -0.129413 0.000000
vt 0.001969 -0.119003 0.000000
vt 0.001969 -0.108594 0.000000
vt 0.001969 -0.098184 0.000000
vt 0.001969 -0.087774 0.000000
vt 0.001969 -0.077365 0.000000
vt -0.001969 -0.077365 0.000000
vt -0.001969 -0.087774 0.000000
vt -0.001969 -0.098184 0.000000
vt -0.001969 -0.108594 0.000000
vt -0.001969 -0.119003 0.000000
vt -0.001969 -0.129413 0.000000
vt -0.001969 -0.139823 0.000000
vt -0.001969 -0.150232 0.000000
vt -0.001969 -0.160642 0.000000
vt -0.001969 -0.171052 0.000000
vt 0.003407 -0.001969 0.000000
vt 0.003407 0.001969 0.000000
vt 0.000000 0.001969 0.000000
vt 0.000000 -0.001969 0.000000
vt 0.001969 0.162331 0.000000
vt -0.001969 0.162331 0.000000
vt -0.001969 0.150736 0.000000
vt -0.001969 0.139140 0.000000
vt -0.001969 0.127545 0.000000
vt -0.001969 0.115950 0.000000
vt -0.001969 0.104355 0.000000
vt -0.001969 0.092760 0.000000
vt -0.001969 0.081165 0.000000
vt -0.001969 0.069570 0.000000
vt -0.001969 0.057975 0.000000
vt -0.001969 0.046380 0.000000
vt -0.001969 0.034785 0.000000
vt -0.001969 0.023190 0.000000
vt -0.001969 0.011595 0.000000
vt -0.001969 0.000000 0.000000
vt 0.001969 0.000000 0.000000
vt 0.001969 0.011595 0.000000
vt 0.001969 0.023190 0.000000
vt 0.001969 0.034785 0.000000
vt 0.001969 0.046380 0.000000
vt 0.001969 0.057975 0.000000
vt 0.001969 0.069570 0.000000
vt 0.001969 0.081165 0.000000
vt 0.001969 0.092760 0.000000
vt 0.001969 0.104355 0.000000
vt 0.001969 0.115950 0.000000
vt 0.001969 0.127545 0.000000
vt 0.001969 0.139140 0.000000
vt 0.001969 0.150736 0.000000
vt -0.047449 -0.129955 0.000000
vt -0.047449 -0.136956 0.000000
vt -0.017168 -0.136956 0.000000
vt -0.017125 -0.136956 0.000000
vt 0.057886 0.050470 0.000000
vt 0.061183 0.061569 0.000000
vt 0.062396 0.073084 0.000000
vt 0.061482 0.084627 0.000000
vt 0.058473 0.095808 0.000000
vt 0.053470 0.106250 0.000000
vt 0.046642 0.115601 0.000000
vt 0.038220 0.123546 0.000000
vt 0.028486 0.129818 0.000000
vt 0.017770 0.134203 0.000000
vt 0.006433 0.136556 0.000000
vt -0.005143 0.136796 0.000000
vt -0.016568 0.134915 0.000000
vt -0.027456 0.130977 0.000000
vt -0.037441 0.125114 0.000000
vt -0.035512 0.122305 0.000000
vt -0.026448 0.127395 0.000000
vt -0.016618 0.130778 0.000000
vt -0.006341 0.132343 0.000000
vt 0.004050 0.132042 0.000000
vt 0.014219 0.129882 0.000000
vt 0.023836 0.125935 0.000000
vt 0.032590 0.120328 0.000000
vt 0.040197 0.113243 0.000000
vt 0.046411 0.104909 0.000000
vt 0.051030 0.095596 0.000000
vt 0.054250 0.085196 0.000000
vt 0.055398 0.074369 0.000000
vt 0.054431 0.063524 0.000000
vt 0.051386 0.053071 0.000000
vt -0.021864 -0.129955 0.000000
vt 0.047449 -0.136956 0.000000
vt 0.047449 -0.129955 0.000000
vt 0.021864 -0.129955 0.000000
vt -0.051386 0.053071 0.000000
vt -0.054431 0.063524 0.000000
vt -0.055398 0.074369 0.000000
vt -0.054250 0.085196 0.000000
vt -0.051030 0.095596 0.000000
vt -0.046411 0.104909 0.000000
vt -0.040197 0.113243 0.000000
vt -0.032590 0.120328 0.000000
vt -0.023836 0.125935 0.000000
vt -0.014219 0.129882 0.000000
vt -0.004050 0.132042 0.000000
vt 0.006341 0.132343 0.000000
vt 0.016618 0.130778 0.000000
vt 0.026448 0.127395 0.000000
vt 0.035512 0.122305 0.000000
vt 0.037441 0.125114 0.000000
vt 0.027456 0.130977 0.000000
vt 0.016568 0.134915 0.000000
vt 0.005143 0.136796 0.000000
vt -0.006433 0.136556 0.000000
vt -0.017770 0.134203 0.000000
vt -0.028486 0.129818 0.000000
vt -0.038220 0.123546 0.000000
vt -0.046642 0.115601 0.000000
vt -0.053470 0.106250 0.000000
vt -0.058473 0.095808 0.000000
vt -0.061482 0.084627 0.000000
vt -0.062396 0.073084 0.000000
vt -0.061183 0.061569 0.000000
vt -0.057886 0.050470 0.000000
vt 0.017125 -0.136956 0.000000
vt 0.017168 -0.136956 0.000000
vt 0.201879 -0.001969 0.000000
vt 0.201879 0.001969 0.000000
vt 0.000000 0.001969 0.000000
vt 0.000000 0.000000 0.000000
vt 0.000000 -0.001969 0.000000
vt 0.197140 -0.001969 0.000000
vt 0.197140 0.001969 0.000000
vt 0.000000 0.001969 0.000000
vt 0.000000 -0.001969 0.000000
vt -0.001969 -0.176103 0.000000
vt 0.001969 -0.176103 0.000000
vt 0.001969 -0.165198 0.000000
vt 0.001969 -0.154293 0.000000
vt 0.001969 -0.143389 0.000000
vt 0.001969 -0.132484 0.000000
vt -0.001969 -0.132484 0.000000
vt -0.001969 -0.143389 0.000000
vt -0.001969 -0.154293 0.000000
vt -0.001969 -0.165198 0.000000
vt -0.001969 -0.181462 0.000000
vt 0.001969 -0.181462 0.000000
vt 0.001969 -0.171052 0.000000
vt 0.001969 -0.160642 0.000000
vt 0.001969 -0.150232 0.000000
vt 0.001969 -0.139823 0.000000
vt 0.001969 -0.129413 0.000000
vt 0.001969 -0.119003 0.000000
vt 0.001969 -0.108594 0.000000
vt 0.001969 -0.098184 0.000000
vt 0.001969 -0.087774 0.000000
vt 0.001969 -0.077365 0.000000
vt -0.001969 -0.077365 0.000000
vt -0.001969 -0.087774 0.000000
vt -0.001969 -0.098184 0.000000
vt -0.001969 -0.108594 0.000000
vt -0.001969 -0.119003 0.000000
vt -0.001969 -0.129413 0.000000
vt -0.001969 -0.139823 0.000000
vt -0.001969 -0.150232 0.000000
vt -0.001969 -0.160642 0.000000
vt -0.001969 -0.171052 0.000000
vt 0.003407 -0.001969 0.000000
vt 0.003407 0.001969 0.000000
vt 0.000000 0.001969 0.000000
vt 0.000000 -0.001969 0.000000
vt 0.001969 0.162331 0.000000
vt -0.001969 0.162331 0.000000
vt -0.001969 0.150736 0.000000
vt -0.001969 0.139140 0.000000
vt -0.001969 0.127545 0.000000
vt -0.001969 0.115950 0.000000
vt -0.001969 0.104355 0.000000
vt -0.001969 0.092760 0.000000
vt -0.001969 0.081165 0.000000
vt -0.001969 0.069570 0.000000
vt -0.001969 0.057975 0.000000
vt -0.001969 0.046380 0.000000
vt -0.001969 0.034785 0.000000
vt -0.001969 0.023190 0.000000
vt -0.001969 0.011595 0.000000
vt -0.001969 0.000000 0.000000
vt 0.001969 0.000000 0.000000
vt 0.001969 0.011595 0.000000
vt 0.001969 0.023190 0.000000
vt 0.001969 0.034785 0.000000
vt 0.001969 0.046380 0.000000
vt 0.001969 0.057975 0.000000
vt 0.001969 0.069570 0.000000
vt 0.001969 0.081165 0.000000
vt 0.001969 0.092760 0.000000
vt 0.001969 0.104355 0.000000
vt 0.001969 0.115950 0.000000
vt 0.001969 0.127545 0.000000
vt 0.001969 0.139140 0.000000
vt 0.001969 0.150736 0.000000
vt -0.047449 -0.129955 0.000000
vt -0.047449 -0.136956 0.000000
vt -0.017168 -0.136956 0.000000
vt -0.017125 -0.136956 0.000000
vt 0.057886 0.050470 0.000000
vt 0.061183 0.061569 0.000000
vt 0.062396 0.073084 0.000000
vt 0.061482 0.084627 0.000000
vt 0.058473 0.095808 0.000000
vt 0.053470 0.106250 0.000000
vt 0.046642 0.115601 0.000000
vt 0.038220 0.123546 0.000000
vt 0.028486 0.129818 0.000000
vt 0.017770 0.134203 0.000000
vt 0.006433 0.136556 0.000000
vt -0.005143 0.136796 0.000000
vt -0.016568 0.134915 0.000000
vt -0.027456 0.130977 0.000000
vt -0.037441 0.125114 0.000000
vt -0.035512 0.122305 0.000000
vt -0.026448 0.127395 0.000000
vt -0.016618 0.130778 0.000000
vt -0.006341 0.132343 0.000000
vt 0.004050 0.132042 0.000000
vt 0.014219 0.129882 0.000000
vt 0.023836 0.125935 0.000000
vt 0.032590 0.120328 0.000000
vt 0.040197 0.113243 0.000000
vt 0.046411 0.104909 0.000000
vt 0.051030 0.095596 0.000000
vt 0.054250 0.085196 0.000000
vt 0.055398 0.074369 0.000000
vt 0.054431 0.063524 0.000000
vt 0.051386 0.053071 0.000000
vt -0.021864 -0.129955 0.000000
vt 0.047449 -0.136956 0.000000
vt 0.047449 -0.129955 0.000000
vt 0.021864 -0.129955 0.000000
vt -0.051386 0.053071 0.000000
vt -0.054431 0.063524 0.000000
vt -0.055398 0.074369 0.000000
vt -0.054250 0.085196 0.000000
vt -0.051030 0.095596 0.000000
vt -0.046411 0.104909 0.000000
vt -0.040197 0.113243 0.000000
vt -0.032590 0.120328 0.000000
vt -0.023836 0.125935 0.000000
vt -0.014219 0.129882 0.000000
vt -0.004050 0.132042 0.000000
vt 0.006341 0.132343 0.000000
vt 0.016618 0.130778 0.000000
vt 0.026448 0.127395 0.000000
vt 0.035512 0.122305 0.000000
vt 0.037441 0.125114 0.000000
vt 0.027456 0.130977 0.000000
vt 0.016568 0.134915 0.000000
vt 0.005143 0.136796 0.000000
vt -0.006433 0.136556 0.000000
vt -0.017770 0.134203 0.000000
vt -0.028486 0.129818 0.000000
vt -0.038220 0.123546 0.000000
vt -0.046642 0.115601 0.000000
vt -0.053470 0.106250 0.000000
vt -0.058473 0.095808 0.000000
vt -0.061482 0.084627 0.000000
vt -0.062396 0.073084 0.000000
vt -0.061183 0.061569 0.000000
vt -0.057886 0.050470 0.000000
vt 0.017125 -0.136956 0.000000
vt 0.017168 -0.136956 0.000000
vt 0.201879 -0.001969 0.000000
vt 0.201879 0.001969 0.000000
vt 0.000000 0.001969 0.000000
vt 0.000000 0.000000 0.000000
vt 0.000000 -0.001969 0.000000
vt 0.197140 -0.001969 0.000000
vt 0.197140 0.001969 0.000000
vt 0.000000 0.001969 0.000000
vt 0.000000 -0.001969 0.000000
vt -0.001969 -0.176103 0.000000
vt 0.001969 -0.176103 0.000000
vt 0.001969 -0.165198 0.000000
vt 0.001969 -0.154293 0.000000
vt 0.001969 -0.143389 0.000000
vt 0.001969 -0.132484 0.000000
vt -0.001969 -0.132484 0.000000
vt -0.001969 -0.143389 0.000000
vt -0.001969 -0.154293 0.000000
vt -0.001969 -0.165198 0.000000
vt -0.001969 -0.181462 0.000000
vt 0.001969 -0.181462 0.000000
vt 0.001969 -0.171052 0.000000
vt 0.001969 -0.160642 0.000000
vt 0.001969 -0.150232 0.000000
vt 0.001969 -0.139823 0.000000
vt 0.001969 -0.129413 0.000000
vt 0.001969 -0.119003 0.000000
vt 0.001969 -0.108594 0.000000
vt 0.001969 -0.098184 0.000000
vt 0.001969 -0.087774 0.000000
vt 0.001969 -0.077365 0.000000
vt -0.001969 -0.077365 0.000000
vt -0.001969 -0.087774 0.000000
vt -0.001969 -0.098184 0.000000
vt -0.001969 -0.108594 0.000000
vt -0.001969 -0.119003 0.000000
vt -0.001969 -0.129413 0.000000
vt -0.001969 -0.139823 0.000000
vt -0.001969 -0.150232 0.000000
vt -0.001969 -0.160642 0.000000
vt -0.001969 -0.171052 0.000000
vt 0.003407 -0.001969 0.000000
vt 0.003407 0.001969 0.000000
vt 0.000000 0.001969 0.000000
vt 0.000000 -0.001969 0.000000
vt 0.001969 0.162331 0.000000
vt -0.001969 0.162331 0.000000
vt -0.001969 0.150736 0.000000
vt -0.001969 0.139140 0.000000
vt -0.001969 0.127545 0.000000
vt -0.001969 0.115950 0.000000
vt -0.001969 0.104355 0.000000
vt -0.001969 0.092760 0.000000
vt -0.001969 0.081165 0.000000
vt -0.001969 0.069570 0.000000
vt -0.001969 0.057975 0.000000
vt -0.001969 0.046380 0.000000
vt -0.001969 0.034785 0.000000
vt -0.001969 0.023190 0.000000
vt -0.001969 0.011595 0.000000
vt -0.001969 0.000000 0.000000
vt 0.001969 0.000000 0.000000
vt 0.001969 0.011595 0.000000
vt 0.001969 0.023190 0.000000
vt 0.001969 0.034785 0.000000
vt 0.001969 0.046380 0.000000
vt 0.001969 0.057975 0.000000
vt 0.001969 0.069570 0.000000
vt 0.001969 0.081165 0.000000
vt 0.001969 0.092760 0.000000
vt 0.001969 0.104355 0.000000
vt 0.001969 0.115950 0.000000
vt 0.001969 0.127545 0.000000
vt 0.001969 0.139140 0.000000
vt 0.001969 0.150736 0.000000
vt -0.047449 -0.129955 0.000000
vt -0.047449 -0.136956 0.000000
vt -0.017168 -0.136956 0.000000
vt -0.017125 -0.136956 0.000000
vt 0.057886 0.050470 0.000000
vt 0.061183 0.061569 0.000000
vt 0.062396 0.073084 0.000000
vt 0.061482 0.084627 0.000000
vt 0.058473 0.095808 0.000000
vt 0.053470 0.106250 0.000000
vt 0.046642 0.115601 0.000000
vt 0.038220 0.123546 0.000000
vt 0.028486 0.129818 0.000000
vt 0.017770 0.134203 0.000000
vt 0.006433 0.136556 0.000000
vt -0.005143 0.136796 0.000000
vt -0.016568 0.134915 0.000000
vt -0.027456 0.130977 0.000000
vt -0.037441 0.125114 0.000000
vt -0.035512 0.122305 0.000000
vt -0.026448 0.127395 0.000000
vt -0.016618 0.130778 0.000000
vt -0.006341 0.132343 0.000000
vt 0.004050 0.132042 0.000000
vt 0.014219 0.129882 0.000000
vt 0.023836 0.125935 0.000000
vt 0.032590 0.120328 0.000000
vt 0.040197 0.113243 0.000000
vt 0.046411 0.104909 0.000000
vt 0.051030 0.095596 0.000000
vt 0.054250 0.085196 0.000000
vt 0.055398 0.074369 0.000000
vt 0.054431 0.063524 0.000000
vt 0.051386 0.053071 0.000000
vt -0.021864 -0.129955 0.000000
vt 0.047449 -0.136956 0.000000
vt 0.047449 -0.129955 0.000000
vt 0.021864 -0.129955 0.000000
vt -0.051386 0.053071 0.000000
vt -0.054431 0.063524 0.000000
vt -0.055398 0.074369 0.000000
vt -0.054250 0.085196 0.000000
vt -0.051030 0.095596 0.000000
vt -0.046411 0.104909 0.000000
vt -0.040197 0.113243 0.000000
vt -0.032590 0.120328 0.000000
vt -0.023836 0.125935 0.000000
vt -0.014219 0.129882 0.000000
vt -0.004050 0.132042 0.000000
vt 0.006341 0.132343 0.000000
vt 0.016618 0.130778 0.000000
vt 0.026448 0.127395 0.000000
vt 0.035512 0.122305 0.000000
vt 0.037441 0.125114 0.000000
vt 0.027456 0.130977 0.000000
vt 0.016568 0.134915 0.000000
vt 0.005143 0.136796 0.000000
vt -0.006433 0.136556 0.000000
vt -0.017770 0.134203 0.000000
vt -0.028486 0.129818 0.000000
vt -0.038220 0.123546 0.000000
vt -0.046642 0.115601 0.000000
vt -0.053470 0.106250 0.000000
vt -0.058473 0.095808 0.000000
vt -0.061482 0.084627 0.000000
vt -0.062396 0.073084 0.000000
vt -0.061183 0.061569 0.000000
vt -0.057886 0.050470 0.000000
vt 0.017125 -0.136956 0.000000
vt 0.017168 -0.136956 0.000000
vt 0.201879 -0.001969 0.000000
vt 0.201879 0.001969 0.000000
vt 0.000000 0.001969 0.000000
vt 0.000000 0.000000 0.000000
vt 0.000000 -0.001969 0.000000
vt 0.197140 -0.001969 0.000000
vt 0.197140 0.001969 0.000000
vt 0.000000 0.001969 0.000000
vt 0.000000 -0.001969 0.000000
vt -0.001969 -0.176103 0.000000
vt 0.001969 -0.176103 0.000000
vt 0.001969 -0.165198 0.000000
vt 0.001969 -0.154293 0.000000
vt 0.001969 -0.143389 0.000000
vt 0.001969 -0.132484 0.000000
vt -0.001969 -0.132484 0.000000
vt -0.001969 -0.143389 0.000000
vt -0.001969 -0.154293 0.000000
vt -0.001969 -0.165198 0.000000
vt -0.001969 -0.181462 0.000000
vt 0.001969 -0.181462 0.000000
vt 0.001969 -0.171052 0.000000
vt 0.001969 -0.160642 0.000000
vt 0.001969 -0.150232 0.000000
vt 0.001969 -0.139823 0.000000
vt 0.001969 -0.129413 0.000000
vt 0.001969 -0.119003 0.000000
vt 0.001969 -0.108594 0.000000
vt 0.001969 -0.098184 0.000000
vt 0.001969 -0.087774 0.000000
vt 0.001969 -0.077365 0.000000
vt -0.001969 -0.077365 0.000000
vt -0.001969 -0.087774 0.000000
vt -0.001969 -0.098184 0.000000
vt -0.001969 -0.108594 0.000000
vt -0.001969 -0.119003 0.000000
vt -0.001969 -0.129413 0.000000
vt -0.001969 -0.139823 0.000000
vt -0.001969 -0.150232 0.000000
vt -0.001969 -0.160642 0.000000
vt -0.001969 -0.171052 0.000000
vt 0.003407 -0.001969 0.000000
vt 0.003407 0.001969 0.000000
vt 0.000000 0.001969 0.000000
vt 0.000000 -0.001969 0.000000
vt 0.001969 0.162331 0.000000
vt -0.001969 0.162331 0.000000
vt -0.001969 0.150736 0.000000
vt -0.001969 0.139140 0.000000
vt -0.001969 0.127545 0.000000
vt -0.001969 0.115950 0.000000
vt -0.001969 0.104355 0.000000
vt -0.001969 0.092760 0.000000
vt -0.001969 0.081165 0.000000
vt -0.001969 0.069570 0.000000
vt -0.001969 0.057975 0.000000
vt -0.001969 0.046380 0.000000
vt -0.001969 0.034785 0.000000
vt -0.001969 0.023190 0.000000
vt -0.001969 0.011595 0.000000
vt -0.001969 0.000000 0.000000
vt 0.001969 0.000000 0.000000
vt 0.001969 0.011595 0.000000
vt 0.001969 0.023190 0.000000
vt 0.001969 0.034785 0.000000
vt 0.001969 0.046380 0.000000
vt 0.001969 0.057975 0.000000
vt 0.001969 0.069570 0.000000
vt 0.001969 0.081165 0.000000
vt 0.001969 0.092760 0.000000
vt 0.001969 0.104355 0.000000
vt 0.001969 0.115950 0.000000
vt 0.001969 0.127545 0.000000
vt 0.001969 0.139140 0.000000
vt 0.001969 0.150736 0.000000
vt -0.047449 -0.129955 0.000000
vt -0.047449 -0.136956 0.000000
vt -0.017168 -0.136956 0.000000
vt -0.017125 -0.136956 0.000000
vt 0.057886 0.050470 0.000000
vt 0.061183 0.061569 0.000000
vt 0.062396 0.073084 0.000000
vt 0.061482 0.084627 0.000000
vt 0.058473 0.095808 0.000000
vt 0.053470 0.106250 0.000000
vt 0.046642 0.115601 0.000000
vt 0.038220 0.123546 0.000000
vt 0.028486 0.129818 0.000000
vt 0.017770 0.134203 0.000000
vt 0.006433 0.136556 0.000000
vt -0.005143 0.136796 0.000000
vt -0.016568 0.134915 0.000000
vt -0.027456 0.130977 0.000000
vt -0.037441 0.125114 0.000000
vt -0.035512 0.122305 0.000000
vt -0.026448 0.127395 0.000000
vt -0.016618 0.130778 0.000000
vt -0.006341 0.132343 0.000000
vt 0.004050 0.132042 0.000000
vt 0.014219 0.129882 0.000000
vt 0.023836 0.125935 0.000000
vt 0.032590 0.120328 0.000000
vt 0.040197 0.113243 0.000000
vt 0.046411 0.104909 0.000000
vt 0.051030 0.095596 0.000000
vt 0.054250 0.085196 0.000000
vt 0.055398 0.074369 0.000000
vt 0.054431 0.063524 0.000000
vt 0.051386 0.053071 0.000000
vt -0.021864 -0.129955 0.000000
vt 0.047449 -0.136956 0.000000
vt 0.047449 -0.129955 0.000000
vt 0.021864 -0.129955 0.000000
vt -0.051386 0.053071 0.000000
vt -0.054431 0.063524 0.000000
vt -0.055398 0.074369 0.000000
vt -0.054250 0.085196 0.000000
vt -0.051030 0.095596 0.000000
vt -0.046411 0.104909 0.000000
vt -0.040197 0.113243 0.000000
vt -0.032590 0.120328 0.000000
vt -0.023836 0.125935 0.000000
vt -0.014219 0.129882 0.000000
vt -0.004050 0.132042 0.000000
vt 0.006341 0.132343 0.000000
vt 0.016618 0.130778 0.000000
vt 0.026448 0.127395 0.000000
vt 0.035512 0.122305 0.000000
vt 0.037441 0.125114 0.000000
vt 0.027456 0.130977 0.000000
vt 0.016568 0.134915 0.000000
vt 0.005143 0.136796 0.000000
vt -0.006433 0.136556 0.000000
vt -0.017770 0.134203 0.000000
vt -0.028486 0.129818 0.000000
vt -0.038220 0.123546 0.000000
vt -0.046642 0.115601 0.000000
vt -0.053470 0.106250 0.000000
vt -0.058473 0.095808 0.000000
vt -0.061482 0.084627 0.000000
vt -0.062396 0.073084 0.000000
vt -0.061183 0.061569 0.000000
vt -0.057886 0.050470 0.000000
vt 0.017125 -0.136956 0.000000
vt 0.017168 -0.136956 0.000000
vt 0.201879 -0.001969 0.000000
vt 0.201879 0.001969 0.000000
vt 0.000000 0.001969 0.000000
vt 0.000000 0.000000 0.000000
vt 0.000000 -0.001969 0.000000
vt 0.197140 -0.001969 0.000000
vt 0.197140 0.001969 0.000000
vt 0.000000 0.001969 0.000000
vt 0.000000 -0.001969 0.000000
vt -0.001969 -0.176103 0.000000
vt 0.001969 -0.176103 0.000000
vt 0.001969 -0.165198 0.000000
vt 0.001969 -0.154293 0.000000
vt 0.001969 -0.143389 0.000000
vt 0.001969 -0.132484 0.000000
vt -0.001969 -0.132484 0.000000
vt -0.001969 -0.143389 0.000000
vt -0.001969 -0.154293 0.000000
vt -0.001969 -0.165198 0.000000
vt -0.001969 -0.181462 0.000000
vt 0.001969 -0.181462 0.000000
vt 0.001969 -0.171052 0.000000
vt 0.001969 -0.160642 0.000000
vt 0.001969 -0.150232 0.000000
vt 0.001969 -0.139823 0.000000
vt 0.001969 -0.129413 0.000000
vt 0.001969 -0.119003 0.000000
vt 0.001969 -0.108594 0.000000
vt 0.001969 -0.098184 0.000000
vt 0.001969 -0.087774 0.000000
vt 0.001969 -0.077365 0.000000
vt -0.001969 -0.077365 0.000000
vt -0.001969 -0.087774 0.000000
vt -0.001969 -0.098184 0.000000
vt -0.001969 -0.108594 0.000000
vt -0.001969 -0.119003 0.000000
vt -0.001969 -0.129413 0.000000
vt -0.001969 -0.139823 0.000000
vt -0.001969 -0.150232 0.000000
vt -0.001969 -0.160642 0.000000
vt -0.001969 -0.171052 0.000000
vt 0.003407 -0.001969 0.000000
vt 0.003407 0.001969 0.000000
vt 0.000000 0.001969 0.000000
vt 0.000000 -0.001969 0.000000
vt 0.001969 0.162331 0.000000
vt -0.001969 0.162331 0.000000
vt -0.001969 0.150736 0.000000
vt -0.001969 0.139140 0.000000
vt -0.001969 0.127545 0.000000
vt -0.001969 0.115950 0.000000
vt -0.001969 0.104355 0.000000
vt -0.001969 0.092760 0.000000
vt -0.001969 0.081165 0.000000
vt -0.001969 0.069570 0.000000
vt -0.001969 0.057975 0.000000
vt -0.001969 0.046380 0.000000
vt -0.001969 0.034785 0.000000
vt -0.001969 0.023190 0.000000
vt -0.001969 0.011595 0.000000
vt -0.001969 0.000000 0.000000
vt 0.001969 0.000000 0.000000
vt 0.001969 0.011595 0.000000
vt 0.001969 0.023190 0.000000
vt 0.001969 0.034785 0.000000
vt 0.001969 0.046380 0.000000
vt 0.001969 0.057975 0.000000
vt 0.001969 0.069570 0.000000
vt 0.001969 0.081165 0.000000
vt 0.001969 0.092760 0.000000
vt 0.001969 0.104355 0.000000
vt 0.001969 0.115950 0.000000
vt 0.001969 0.127545 0.000000
vt 0.001969 0.139140 0.000000
vt 0.001969 0.150736 0.000000
vt -0.047449 -0.129955 0.000000
vt -0.047449 -0.136956 0.000000
vt -0.017168 -0.136956 0.000000
vt -0.017125 -0.136956 0.000000
vt 0.057886 0.050470 0.000000
vt 0.061183 0.061569 0.000000
vt 0.062396 0.073084 0.000000
vt 0.061482 0.084627 0.000000
vt 0.058473 0.095808 0.000000
vt 0.053470 0.106250 0.000000
vt 0.046642 0.115601 0.000000
vt 0.038220 0.123546 0.000000
vt 0.028486 0.129818 0.000000
vt 0.017770 0.134203 0.000000
vt 0.006433 0.136556 0.000000
vt -0.005143 0.136796 0.000000
vt -0.016568 0.134915 0.000000
vt -0.027456 0.130977 0.000000
vt -0.037441 0.125114 0.000000
vt -0.035512 0.122305 0.000000
vt -0.026448 0.127395 0.000000
vt -0.016618 0.130778 0.000000
vt -0.006341 0.132343 0.000000
vt 0.004050 0.132042 0.000000
vt 0.014219 0.129882 0.000000
vt 0.023836 0.125935 0.000000
vt 0.032590 0.120328 0.000000
vt 0.040197 0.113243 0.000000
vt 0.046411 0.104909 0.000000
vt 0.051030 0.095596 0.000000
vt 0.054250 0.085196 0.000000
vt 0.055398 0.074369 0.000000
vt 0.054431 0.063524 0.000000
vt 0.051386 0.053071 0.000000
vt -0.021864 -0.129955 0.000000
vt 0.047449 -0.136956 0.000000
vt 0.047449 -0.129955 0.000000
vt 0.021864 -0.129955 0.000000
vt -0.051386 0.053071 0.000000
vt -0.054431 0.063524 0.000000
vt -0.055398 0.074369 0.000000
vt -0.054250 0.085196 0.000000
vt -0.051030 0.095596 0.000000
vt -0.046411 0.104909 0.000000
vt -0.040197 0.113243 0.000000
vt -0.032590 0.120328 0.000000
vt -0.023836 0.125935 0.000000
vt -0.014219 0.129882 0.000000
vt -0.004050 0.132042 0.000000
vt 0.006341 0.132343 0.000000
vt 0.016618 0.130778 0.000000
vt 0.026448 0.127395 0.000000
vt 0.035512 0.122305 0.000000
vt 0.037441 0.125114 0.000000
vt 0.027456 0.130977 0.000000
vt 0.016568 0.134915 0.000000
vt 0.005143 0.136796 0.000000
vt -0.006433 0.136556 0.000000
vt -0.017770 0.134203 0.000000
vt -0.028486 0.129818 0.000000
vt -0.038220 0.123546 0.000000
vt -0.046642 0.115601 0.000000
vt -0.053470 0.106250 0.000000
vt -0.058473 0.095808 0.000000
vt -0.061482 0.084627 0.000000
vt -0.062396 0.073084 0.000000
vt -0.061183 0.061569 0.000000
vt -0.057886 0.050470 0.000000
vt 0.017125 -0.136956 0.000000
vt 0.017168 -0.136956 0.000000
vt 0.201879 -0.001969 0.000000
vt 0.201879 0.001969 0.000000
vt 0.000000 0.001969 0.000000
vt 0.000000 0.000000 0.000000
vt 0.000000 -0.001969 0.000000
vt 0.197140 -0.001969 0.000000
vt 0.197140 0.001969 0.000000
vt 0.000000 0.001969 0.000000
vt 0.000000 -0.001969 0.000000
vt -0.001969 -0.176103 0.000000
vt 0.001969 -0.176103 0.000000
vt 0.001969 -0.165198 0.000000
vt 0.001969 -0.154293 0.000000
vt 0.001969 -0.143389 0.000000
vt 0.001969 -0.132484 0.000000
vt -0.001969 -0.132484 0.000000
vt -0.001969 -0.143389 0.000000
vt -0.001969 -0.154293 0.000000
vt -0.001969 -0.165198 0.000000
vt -0.001969 -0.181462 0.000000
vt 0.001969 -0.181462 0.000000
vt 0.001969 -0.171052 0.000000
vt 0.001969 -0.160642 0.000000
vt 0.001969 -0.150232 0.000000
vt 0.001969 -0.139823 0.000000
vt 0.001969 -0.129413 0.000000
vt 0.001969 -0.119003 0.000000
vt 0.001969 -0.108594 0.000000
vt 0.001969 -0.098184 0.000000
vt 0.001969 -0.087774 0.000000
vt 0.001969 -0.077365 0.000000
vt -0.001969 -0.077365 0.000000
vt -0.001969 -0.087774 0.000000
vt -0.001969 -0.098184 0.000000
vt -0.001969 -0.108594 0.000000
vt -0.001969 -0.119003 0.000000
vt -0.001969 -0.129413 0.000000
vt -0.001969 -0.139823 0.000000
vt -0.001969 -0.150232 0.000000
vt -0.001969 -0.160642 0.000000
vt -0.001969 -0.171052 0.000000
vt 0.003407 -0.001969 0.000000
vt 0.003407 0.001969 0.000000
vt 0.000000 0.001969 0.000000
vt 0.000000 -0.001969 0.000000
vt 0.001969 0.162331 0.000000
vt -0.001969 0.162331 0.000000
vt -0.001969 0.150736 0.000000
vt -0.001969 0.139140 0.000000
vt -0.001969 0.127545 0.000000
vt -0.001969 0.115950 0.000000
vt -0.001969 0.104355 0.000000
vt -0.001969 0.092760 0.000000
vt -0.001969 0.081165 0.000000
vt -0.001969 0.069570 0.000000
vt -0.001969 0.057975 0.000000
vt -0.001969 0.046380 0.000000
vt -0.001969 0.034785 0.000000
vt -0.001969 0.023190 0.000000
vt -0.001969 0.011595 0.000000
vt -0.001969 0.000000 0.000000
vt 0.001969 0.000000 0.000000
vt 0.001969 0.011595 0.000000
vt 0.001969 0.023190 0.000000
vt 0.001969 0.034785 0.000000
vt 0.001969 0.046380 0.000000
vt 0.001969 0.057975 0.000000
vt 0.001969 0.069570 0.000000
vt 0.001969 0.081165 0.000000
vt 0.001969 0.092760 0.000000
vt 0.001969 0.104355 0.000000
vt 0.001969 0.115950 0.000000
vt 0.001969 0.127545 0.000000
vt 0.001969 0.139140 0.000000
vt 0.001969 0.150736 0.000000
vt -0.047449 -0.129955 0.000000
vt -0.047449 -0.136956 0.000000
vt -0.017168 -0.136956 0.000000
vt -0.017125 -0.136956 0.000000
vt 0.057886 0.050470 0.000000
vt 0.061183 0.061569 0.000000
vt 0.062396 0.073084 0.000000
vt 0.061482 0.084627 0.000000
vt 0.058473 0.095808 0.000000
vt 0.053470 0.106250 0.000000
vt 0.046642 0.115601 0.000000
vt 0.038220 0.123546 0.000000
vt 0.028486 0.129818 0.000000
vt 0.017770 0.134203 0.000000
vt 0.006433 0.136556 0.000000
vt -0.005143 0.136796 0.000000
vt -0.016568 0.134915 0.000000
vt -0.027456 0.130977 0.000000
vt -0.037441 0.125114 0.000000
vt -0.035512 0.122305 0.000000
vt -0.026448 0.127395 0.000000
vt -0.016618 0.130778 0.000000
vt -0.006341 0.132343 0.000000
vt 0.004050 0.132042 0.000000
vt 0.014219 0.129882 0.000000
vt 0.023836 0.125935 0.000000
vt 0.032590 0.120328 0.000000
vt 0.040197 0.113243 0.000000
vt 0.046411 0.104909 0.000000
vt 0.051030 0.095596 0.000000
vt 0.054250 0.085196 0.000000
vt 0.055398 0.074369 0.000000
vt 0.054431 0.063524 0.000000
vt 0.051386 0.053071 0.000000
vt -0.021864 -0.129955 0.000000
vt 0.047449 -0.136956 0.000000
vt 0.047449 -0.129955 0.000000
vt 0.021864 -0.129955 0.000000
vt -0.051386 0.053071 0.000000
vt -0.054431 0.063524 0.000000
vt -0.055398 0.074369 0.000000
vt -0.054250 0.085196 0.000000
vt -0.051030 0.095596 0.000000
vt -0.046411 0.104909 0.000000
vt -0.040197 0.113243 0.000000
vt -0.032590 0.120328 0.000000
vt -0.023836 0.125935 0.000000
vt -0.014219 0.129882 0.000000
vt -0.004050 0.132042 0.000000
vt 0.006341 0.132343 0.000000
vt 0.016618 0.130778 0.000000
vt 0.026448 0.127395 0.000000
vt 0.035512 0.122305 0.000000
vt 0.037441 0.125114 0.000000
vt 0.027456 0.130977 0.000000
vt 0.016568 0.134915 0.000000
vt 0.005143 0.136796 0.000000
vt -0.006433 0.136556 0.000000
vt -0.017770 0.134203 0.000000
vt -0.028486 0.129818 0.000000
vt -0.038220 0.123546 0.000000
vt -0.046642 0.115601 0.000000
vt -0.053470 0.106250 0.000000
vt -0.058473 0.095808 0.000000
vt -0.061482 0.084627 0.000000
vt -0.062396 0.073084 0.000000
vt -0.061183 0.061569 0.000000
vt -0.057886 0.050470 0.000000
vt 0.017125 -0.136956 0.000000
vt 0.017168 -0.136956 0.000000
vt 0.201879 -0.001969 0.000000
vt 0.201879 0.001969 0.000000
vt 0.000000 0.001969 0.000000
vt 0.000000 0.000000 0.000000
vt 0.000000 -0.001969 0.000000
vt 0.197140 -0.001969 0.000000
vt 0.197140 0.001969 0.000000
vt 0.000000 0.001969 0.000000
vt 0.000000 -0.001969 0.000000
vt -0.001969 -0.176103 0.000000
vt 0.001969 -0.176103 0.000000
vt 0.001969 -0.165198 0.000000
vt 0.001969 -0.154293 0.000000
vt 0.001969 -0.143389 0.000000
vt 0.001969 -0.132484 0.000000
vt -0.001969 -0.132484 0.000000
vt -0.001969 -0.143389 0.000000
vt -0.001969 -0.154293 0.000000
vt -0.001969 -0.165198 0.000000
vt -0.001969 -0.181462 0.000000
vt 0.001969 -0.181462 0.000000
vt 0.001969 -0.171052 0.000000
vt 0.001969 -0.160642 0.000000
vt 0.001969 -0.150232 0.000000
vt 0.001969 -0.139823 0.000000
vt 0.001969 -0.129413 0.000000
vt 0.001969 -0.119003 0.000000
vt 0.001969 -0.108594 0.000000
vt 0.001969 -0.098184 0.000000
vt 0.001969 -0.087774 0.000000
vt 0.001969 -0.077365 0.000000
vt -0.001969 -0.077365 0.000000
vt -0.001969 -0.087774 0.000000
vt -0.001969 -0.098184 0.000000
vt -0.001969 -0.108594 0.000000
vt -0.001969 -0.119003 0.000000
vt -0.001969 -0.129413 0.000000
vt -0.001969 -0.139823 0.000000
vt -0.001969 -0.150232 0.000000
vt -0.001969 -0.160642 0.000000
vt -0.001969 -0.171052 0.000000
vt 0.003407 -0.001969 0.000000
vt 0.003407 0.001969 0.000000
vt 0.000000 0.001969 0.000000
vt 0.000000 -0.001969 0.000000
vt 0.001969 0.162331 0.000000
vt -0.001969 0.162331 0.000000
vt -0.001969 0.150736 0.000000
vt -0.001969 0.139140 0.000000
vt -0.001969 0.127545 0.000000
vt -0.001969 0.115950 0.000000
vt -0.001969 0.104355 0.000000
vt -0.001969 0.092760 0.000000
vt -0.001969 0.081165 0.000000
vt -0.001969 0.069570 0.000000
vt -0.001969 0.057975 0.000000
vt -0.001969 0.046380 0.000000
vt -0.001969 0.034785 0.000000
vt -0.001969 0.023190 0.000000
vt -0.001969 0.011595 0.000000
vt -0.001969 0.000000 0.000000
vt 0.001969 0.000000 0.000000
vt 0.001969 0.011595 0.000000
vt 0.001969 0.023190 0.000000
vt 0.001969 0.034785 0.000000
vt 0.001969 0.046380 0.000000
vt 0.001969 0.057975 0.000000
vt 0.001969 0.069570 0.000000
vt 0.001969 0.081165 0.000000
vt 0.001969 0.092760 0.000000
vt 0.001969 0.104355 0.000000
vt 0.001969 0.115950 0.000000
vt 0.001969 0.127545 0.000000
vt 0.001969 0.139140 0.000000
vt 0.001969 0.150736 0.000000
vt -0.047449 -0.129955 0.000000
vt -0.047449 -0.136956 0.000000
vt -0.017168 -0.136956 0.000000
vt -0.017125 -0.136956 0.000000
vt 0.057886 0.050470 0.000000
vt 0.061183 0.061569 0.000000
vt 0.062396 0.073084 0.000000
vt 0.061482 0.084627 0.000000
vt 0.058473 0.095808 0.000000
vt 0.053470 0.106250 0.000000
vt 0.046642 0.115601 0.000000
vt 0.038220 0.123546 0.000000
vt 0.028486 0.129818 0.000000
vt 0.017770 0.134203 0.000000
vt 0.006433 0.136556 0.000000
vt -0.005143 0.136796 0.000000
vt -0.016568 0.134915 0.000000
vt -0.027456 0.130977 0.000000
vt -0.037441 0.125114 0.000000
vt -0.035512 0.122305 0.000000
vt -0.026448 0.127395 0.000000
vt -0.016618 0.130778 0.000000
vt -0.006341 0.132343 0.000000
vt 0.004050 0.132042 0.000000
vt 0.014219 0.129882 0.000000
vt 0.023836 0.125935 0.000000
vt 0.032590 0.120328 0.000000
vt 0.040197 0.113243 0.000000
vt 0.046411 0.104909 0.000000
vt 0.051030 0.095596 0.000000
vt 0.054250 0.085196 0.000000
vt 0.055398 0.074369 0.000000
vt 0.054431 0.063524 0.000000
vt 0.051386 0.053071 0.000000
vt -0.021864 -0.129955 0.000000
vt 0.047449 -0.136956 0.000000
vt 0.047449 -0.129955 0.000000
vt 0.021864 -0.129955 0.000000
vt -0.051386 0.053071 0.000000
vt -0.054431 0.063524 0.000000
vt -0.055398 0.074369 0.000000
vt -0.054250 0.085196 0.000000
vt -0.051030 0.095596 0.000000
vt -0.046411 0.104909 0.000000
vt -0.040197 0.113243 0.000000
vt -0.032590 0.120328 0.000000
vt -0.023836 0.125935 0.000000
vt -0.014219 0.129882 0.000000
vt -0.004050 0.132042 0.000000
vt 0.006341 0.132343 0.000000
vt 0.016618 0.130778 0.000000
vt 0.026448 0.127395 0.000000
vt 0.035512 0.122305 0.000000
vt 0.037441 0.125114 0.000000
vt 0.027456 0.130977 0.000000
vt 0.016568 0.134915 0.000000
vt 0.005143 0.136796 0.000000
vt -0.006433 0.136556 0.000000
vt -0.017770 0.134203 0.000000
vt -0.028486 0.129818 0.000000
vt -0.038220 0.123546 0.000000
vt -0.046642 0.115601 0.000000
vt -0.053470 0.106250 0.000000
vt -0.058473 0.095808 0.000000
vt -0.061482 0.084627 0.000000
vt -0.062396 0.073084 0.000000
vt -0.061183 0.061569 0.000000
vt -0.057886 0.050470 0.000000
vt 0.017125 -0.136956 0.000000
vt 0.017168 -0.136956 0.000000
vt 0.201879 -0.001969 0.000000
vt 0.201879 0.001969 0.000000
vt 0.000000 0.001969 0.000000
vt 0.000000 0.000000 0.000000
vt 0.000000 -0.001969 0.000000
vt 0.197140 -0.001969 0.000000
vt 0.197140 0.001969 0.000000
vt 0.000000 0.001969 0.000000
vt 0.000000 -0.001969 0.000000
vt -0.001969 -0.176103 0.000000
vt 0.001969 -0.176103 0.000000
vt 0.001969 -0.165198 0.000000
vt 0.001969 -0.154293 0.000000
vt 0.001969 -0.143389 0.000000
vt 0.001969 -0.132484 0.000000
vt -0.001969 -0.132484 0.000000
vt -0.001969 -0.143389 0.000000
vt -0.001969 -0.154293 0.000000
vt -0.001969 -0.165198 0.000000
vt -0.001969 -0.181462 0.000000
vt 0.001969 -0.181462 0.000000
vt 0.001969 -0.171052 0.000000
vt 0.001969 -0.160642 0.000000
vt 0.001969 -0.150232 0.000000
vt 0.001969 -0.139823 0.000000
vt 0.001969 -0.129413 0.000000
vt 0.001969 -0.119003 0.000000
vt 0.001969 -0.108594 0.000000
vt 0.001969 -0.098184 0.000000
vt 0.001969 -0.087774 0.000000
vt 0.001969 -0.077365 0.000000
vt -0.001969 -0.077365 0.000000
vt -0.001969 -0.087774 0.000000
vt -0.001969 -0.098184 0.000000
vt -0.001969 -0.108594 0.000000
vt -0.001969 -0.119003 0.000000
vt -0.001969 -0.129413 0.000000
vt -0.001969 -0.139823 0.000000
vt -0.001969 -0.150232 0.000000
vt -0.001969 -0.160642 0.000000
vt -0.001969 -0.171052 0.000000
vt 0.003407 -0.001969 0.000000
vt 0.003407 0.001969 0.000000
vt 0.000000 0.001969 0.000000
vt 0.000000 -0.001969 0.000000
vt 0.001969 0.162331 0.000000
vt -0.001969 0.162331 0.000000
vt -0.001969 0.150736 0.000000
vt -0.001969 0.139140 0.000000
vt -0.001969 0.127545 0.000000
vt -0.001969 0.115950 0.000000
vt -0.001969 0.104355 0.000000
vt -0.001969 0.092760 0.000000
vt -0.001969 0.081165 0.000000
vt -0.001969 0.069570 0.000000
vt -0.001969 0.057975 0.000000
vt -0.001969 0.046380 0.000000
vt -0.001969 0.034785 0.000000
vt -0.001969 0.023190 0.000000
vt -0.001969 0.011595 0.000000
vt -0.001969 0.000000 0.000000
vt 0.001969 0.000000 0.000000
vt 0.001969 0.011595 0.000000
vt 0.001969 0.023190 0.000000
vt 0.001969 0.034785 0.000000
vt 0.001969 0.046380 0.000000
vt 0.001969 0.057975 0.000000
vt 0.001969 0.069570 0.000000
vt 0.001969 0.081165 0.000000
vt 0.001969 0.092760 0.000000
vt 0.001969 0.104355 0.000000
vt 0.001969 0.115950 0.000000
vt 0.001969 0.127545 0.000000
vt 0.001969 0.139140 0.000000
vt 0.001969 0.150736 0.000000
vt -0.047449 -0.129955 0.000000
vt -0.047449 -0.136956 0.000000
vt -0.017168 -0.136956 0.000000
vt -0.017125 -0.136956 0.000000
vt 0.057886 0.050470 0.000000
vt 0.061183 0.061569 0.000000
vt 0.062396 0.073084 0.000000
vt 0.061482 0.084627 0.000000
vt 0.058473 0.095808 0.000000
vt 0.053470 0.106250 0.000000
vt 0.046642 0.115601 0.000000
vt 0.038220 0.123546 0.000000
vt 0.028486 0.129818 0.000000
vt 0.017770 0.134203 0.000000
vt 0.006433 0.136556 0.000000
vt -0.005143 0.136796 0.000000
vt -0.016568 0.134915 0.000000
vt -0.027456 0.130977 0.000000
vt -0.037441 0.125114 0.000000
vt -0.035512 0.122305 0.000000
vt -0.026448 0.127395 0.000000
vt -0.016618 0.130778 0.000000
vt -0.006341 0.132343 0.000000
vt 0.004050 0.132042 0.000000
vt 0.014219 0.129882 0.000000
vt 0.023836 0.125935 0.000000
vt 0.032590 0.120328 0.000000
vt 0.040197 0.113243 0.000000
vt 0.046411 0.104909 0.000000
vt 0.051030 0.095596 0.000000
vt 0.054250 0.085196 0.000000
vt 0.055398 0.074369 0.000000
vt 0.054431 0.063524 0.000000
vt 0.051386 0.053071 0.000000
vt -0.021864 -0.129955 0.000000
vt -0.077353 -0.136956 0.000000
vt -0.077353 -0.129955 0.000000
vt -0.102937 -0.129955 0.000000
vt -0.176188 0.053071 0.000000
vt -0.179233 0.063524 0.000000
vt -0.180199 0.074369 0.000000
vt -0.179051 0.085196 0.000000
vt -0.175832 0.095596 0.000000
vt -0.171213 0.104909 0.000000
vt -0.164999 0.113243 0.000000
vt -0.157392 0.120328 0.000000
vt -0.148638 0.125935 0.000000
vt -0.139021 0.129882 0.000000
vt -0.128852 0.132042 0.000000
vt -0.118460 0.132343 0.000000
vt -0.108183 0.130778 0.000000
vt -0.098354 0.127395 0.000000
vt -0.089289 0.122305 0.000000
vt -0.087360 0.125114 0.000000
vt -0.097345 0.130977 0.000000
vt -0.108234 0.134915 0.000000
vt -0.119658 0.136796 0.000000
vt -0.131235 0.136556 0.000000
vt -0.142572 0.134203 0.000000
vt -0.153288 0.129818 0.000000
vt -0.163021 0.123546 0.000000
vt -0.171444 0.115601 0.000000
vt -0.178271 0.106250 0.000000
vt -0.183274 0.095808 0.000000
vt -0.186283 0.084627 0.000000
vt -0.187197 0.073084 0.000000
vt -0.185985 0.061569 0.000000
vt -0.182688 0.050470 0.000000
vt -0.107676 -0.136956 0.000000
vt -0.107634 -0.136956 0.000000
vt -0.047449 -0.129955 0.000000
vt -0.047449 -0.136956 0.000000
vt -0.017168 -0.136956 0.000000
vt -0.017125 -0.136956 0.000000
vt 0.057886 0.050470 0.000000
vt 0.061183 0.061569 0.000000
vt 0.062396 0.073084 0.000000
vt 0.061482 0.084627 0.000000
vt 0.058473 0.095808 0.000000
vt 0.053470 0.106250 0.000000
vt 0.046642 0.115601 0.000000
vt 0.038220 0.123546 0.000000
vt 0.028486 0.129818 0.000000
vt 0.017770 0.134203 0.000000
vt 0.006433 0.136556 0.000000
vt -0.005143 0.136796 0.000000
vt -0.016568 0.134915 0.000000
vt -0.027456 0.130977 0.000000
vt -0.037441 0.125114 0.000000
vt -0.035512 0.122305 0.000000
vt -0.026448 0.127395 0.000000
vt -0.016618 0.130778 0.000000
vt -0.006341 0.132343 0.000000
vt 0.004050 0.132042 0.000000
vt 0.014219 0.129882 0.000000
vt 0.023836 0.125935 0.000000
vt 0.032590 0.120328 0.000000
vt 0.040197 0.113243 0.000000
vt 0.046411 0.104909 0.000000
vt 0.051030 0.095596 0.000000
vt 0.054250 0.085196 0.000000
vt 0.055398 0.074369 0.000000
vt 0.054431 0.063524 0.000000
vt 0.051386 0.053071 0.000000
vt -0.021864 -0.129955 0.000000
vt 0.201879 -0.001969 0.000000
vt 0.201879 0.001969 0.000000
vt 0.000000 0.001969 0.000000
vt 0.000000 0.000000 0.000000
vt 0.000000 -0.001969 0.000000
vt 0.197140 -0.001969 0.000000
vt 0.197140 0.001969 0.000000
vt 0.000000 0.001969 0.000000
vt 0.000000 -0.001969 0.000000
vt -0.001969 -0.176103 0.000000
vt 0.001969 -0.176103 0.000000
vt 0.001969 -0.165198 0.000000
vt 0.001969 -0.154293 0.000000
vt 0.001969 -0.143389 0.000000
vt 0.001969 -0.132484 0.000000
vt -0.001969 -0.132484 0.000000
vt -0.001969 -0.143389 0.000000
vt -0.001969 -0.154293 0.000000
vt -0.001969 -0.165198 0.000000
vt -0.001969 -0.181462 0.000000
vt 0.001969 -0.181462 0.000000
vt 0.001969 -0.171052 0.000000
vt 0.001969 -0.160642 0.000000
vt 0.001969 -0.150232 0.000000
vt 0.001969 -0.139823 0.000000
vt 0.001969 -0.129413 0.000000
vt 0.001969 -0.119003 0.000000
vt 0.001969 -0.108594 0.000000
vt 0.001969 -0.098184 0.000000
vt 0.001969 -0.087774 0.000000
vt 0.001969 -0.077365 0.000000
vt -0.001969 -0.077365 0.000000
vt -0.001969 -0.087774 0.000000
vt -0.001969 -0.098184 0.000000
vt -0.001969 -0.108594 0.000000
vt -0.001969 -0.119003 0.000000
vt -0.001969 -0.129413 0.000000
vt -0.001969 -0.139823 0.000000
vt -0.001969 -0.150232 0.000000
vt -0.001969 -0.160642 0.000000
vt -0.001969 -0.171052 0.000000
vt 0.003407 -0.001969 0.000000
vt 0.003407 0.001969 0.000000
vt 0.000000 0.001969 0.000000
vt 0.000000 -0.001969 0.000000
vt 0.001969 0.162331 0.000000
vt -0.001969 0.162331 0.000000
vt -0.001969 0.150736 0.000000
vt -0.001969 0.139140 0.000000
vt -0.001969 0.127545 0.000000
vt -0.001969 0.115950 0.000000
vt -0.001969 0.104355 0.000000
vt -0.001969 0.092760 0.000000
vt -0.001969 0.081165 0.000000
vt -0.001969 0.069570 0.000000
vt -0.001969 0.057975 0.000000
vt -0.001969 0.046380 0.000000
vt -0.001969 0.034785 0.000000
vt -0.001969 0.023190 0.000000
vt -0.001969 0.011595 0.000000
vt -0.001969 0.000000 0.000000
vt 0.001969 0.000000 0.000000
vt 0.001969 0.011595 0.000000
vt 0.001969 0.023190 0.000000
vt 0.001969 0.034785 0.000000
vt 0.001969 0.046380 0.000000
vt 0.001969 0.057975 0.000000
vt 0.001969 0.069570 0.000000
vt 0.001969 0.081165 0.000000
vt 0.001969 0.092760 0.000000
vt 0.001969 0.104355 0.000000
vt 0.001969 0.115950 0.000000
vt 0.001969 0.127545 0.000000
vt 0.001969 0.139140 0.000000
vt 0.001969 0.150736 0.000000
vt 0.047449 -0.136956 0.000000
vt 0.047449 -0.129955 0.000000
vt 0.021864 -0.129955 0.000000
vt -0.051386 0.053071 0.000000
vt -0.054431 0.063524 0.000000
vt -0.055398 0.074369 0.000000
vt -0.054250 0.085196 0.000000
vt -0.051030 0.095596 0.000000
vt -0.046411 0.104909 0.000000
vt -0.040197 0.113243 0.000000
vt -0.032590 0.120328 0.000000
vt -0.023836 0.125935 0.000000
vt -0.014219 0.129882 0.000000
vt -0.004050 0.132042 0.000000
vt 0.006341 0.132343 0.000000
vt 0.016618 0.130778 0.000000
vt 0.026448 0.127395 0.000000
vt 0.035512 0.122305 0.000000
vt 0.037441 0.125114 0.000000
vt 0.027456 0.130977 0.000000
vt 0.016568 0.134915 0.000000
vt 0.005143 0.136796 0.000000
vt -0.006433 0.136556 0.000000
vt -0.017770 0.134203 0.000000
vt -0.028486 0.129818 0.000000
vt -0.038220 0.123546 0.000000
vt -0.046642 0.115601 0.000000
vt -0.053470 0.106250 0.000000
vt -0.058473 0.095808 0.000000
vt -0.061482 0.084627 0.000000
vt -0.062396 0.073084 0.000000
vt -0.061183 0.061569 0.000000
vt -0.057886 0.050470 0.000000
vt 0.017125 -0.136956 0.000000
vt 0.017168 -0.136956 0.000000
vt 0.201879 -0.001969 0.000000
vt 0.201879 0.001969 0.000000
vt 0.000000 0.001969 0.000000
vt 0.000000 0.000000 0.000000
vt 0.000000 -0.001969 0.000000
vt 0.197140 -0.001969 0.000000
vt 0.197140 0.001969 0.000000
vt 0.000000 0.001969 0.000000
vt 0.000000 -0.001969 0.000000
vt -0.001969 -0.176103 0.000000
vt 0.001969 -0.176103 0.000000
vt 0.001969 -0.165198 0.000000
vt 0.001969 -0.154293 0.000000
vt 0.001969 -0.143389 0.000000
vt 0.001969 -0.132484 0.000000
vt -0.001969 -0.132484 0.000000
vt -0.001969 -0.143389 0.000000
vt -0.001969 -0.154293 0.000000
vt -0.001969 -0.165198 0.000000
vt -0.001969 -0.181462 0.000000
vt 0.001969 -0.181462 0.000000
vt 0.001969 -0.171052 0.000000
vt 0.001969 -0.160642 0.000000
vt 0.001969 -0.150232 0.000000
vt 0.001969 -0.139823 0.000000
vt 0.001969 -0.129413 0.000000
vt 0.001969 -0.119003 0.000000
vt 0.001969 -0.108594 0.000000
vt 0.001969 -0.098184 0.000000
vt 0.001969 -0.087774 0.000000
vt 0.001969 -0.077365 0.000000
vt -0.001969 -0.077365 0.000000
vt -0.001969 -0.087774 0.000000
vt -0.001969 -0.098184 0.000000
vt -0.001969 -0.108594 0.000000
vt -0.001969 -0.119003 0.000000
vt -0.001969 -0.129413 0.000000
vt -0.001969 -0.139823 0.000000
vt -0.001969 -0.150232 0.000000
vt -0.001969 -0.160642 0.000000
vt -0.001969 -0.171052 0.000000
vt 0.003407 -0.001969 0.000000
vt 0.003407 0.001969 0.000000
vt 0.000000 0.001969 0.000000
vt 0.000000 -0.001969 0.000000
vt 0.001969 0.162331 0.000000
vt -0.001969 0.162331 0.000000
vt -0.001969 0.150736 0.000000
vt -0.001969 0.139140 0.000000
vt -0.001969 0.127545 0.000000
vt -0.001969 0.115950 0.000000
vt -0.001969 0.104355 0.000000
vt -0.001969 0.092760 0.000000
vt -0.001969 0.081165 0.000000
vt -0.001969 0.069570 0.000000
vt -0.001969 0.057975 0.000000
vt -0.001969 0.046380 0.000000
vt -0.001969 0.034785 0.000000
vt -0.001969 0.023190 0.000000
vt -0.001969 0.011595 0.000000
vt -0.001969 0.000000 0.000000
vt 0.001969 0.000000 0.000000
vt 0.001969 0.011595 0.000000
vt 0.001969 0.023190 0.000000
vt 0.001969 0.034785 0.000000
vt 0.001969 0.046380 0.000000
vt 0.001969 0.057975 0.000000
vt 0.001969 0.069570 0.000000
vt 0.001969 0.081165 0.000000
vt 0.001969 0.092760 0.000000
vt 0.001969 0.104355 0.000000
vt 0.001969 0.115950 0.000000
vt 0.001969 0.127545 0.000000
vt 0.001969 0.139140 0.000000
vt 0.001969 0.150736 0.000000
vt -0.047449 -0.129955 0.000000
vt -0.047449 -0.136956 0.000000
vt -0.017168 -0.136956 0.000000
vt -0.017125 -0.136956 0.000000
vt 0.057886 0.050470 0.000000
vt 0.061183 0.061569 0.000000
vt 0.062396 0.073084 0.000000
vt 0.061482 0.084627 0.000000
vt 0.058473 0.095808 0.000000
vt 0.053470 0.106250 0.000000
vt 0.046642 0.115601 0.000000
vt 0.038220 0.123546 0.000000
vt 0.028486 0.129818 0.000000
vt 0.017770 0.134203 0.000000
vt 0.006433 0.136556 0.000000
vt -0.005143 0.136796 0.000000
vt -0.016568 0.134915 0.000000
vt -0.027456 0.130977 0.000000
vt -0.037441 0.125114 0.000000
vt -0.035512 0.122305 0.000000
vt -0.026448 0.127395 0.000000
vt -0.016618 0.130778 0.000000
vt -0.006341 0.132343 0.000000
vt 0.004050 0.132042 0.000000
vt 0.014219 0.129882 0.000000
vt 0.023836 0.125935 0.000000
vt 0.032590 0.120328 0.000000
vt 0.040197 0.113243 0.000000
vt 0.046411 0.104909 0.000000
vt 0.051030 0.095596 0.000000
vt 0.054250 0.085196 0.000000
vt 0.055398 0.074369 0.000000
vt 0.054431 0.063524 0.000000
vt 0.051386 0.053071 0.000000
vt -0.021864 -0.129955 0.000000
vt 0.047449 -0.136956 0.000000
vt 0.047449 -0.129955 0.000000
vt 0.021864 -0.129955 0.000000
vt -0.051386 0.053071 0.000000
vt -0.054431 0.063524 0.000000
vt -0.055398 0.074369 0.000000
vt -0.054250 0.085196 0.000000
vt -0.051030 0.095596 0.000000
vt -0.046411 0.104909 0.000000
vt -0.040197 0.113243 0.000000
vt -0.032590 0.120328 0.000000
vt -0.023836 0.125935 0.000000
vt -0.014219 0.129882 0.000000
vt -0.004050 0.132042 0.000000
vt 0.006341 0.132343 0.000000
vt 0.016618 0.130778 0.000000
vt 0.026448 0.127395 0.000000
vt 0.035512 0.122305 0.000000
vt 0.037441 0.125114 0.000000
vt 0.027456 0.130977 0.000000
vt 0.016568 0.134915 0.000000
vt 0.005143 0.136796 0.000000
vt -0.006433 0.136556 0.000000
vt -0.017770 0.134203 0.000000
vt -0.028486 0.129818 0.000000
vt -0.038220 0.123546 0.000000
vt -0.046642 0.115601 0.000000
vt -0.053470 0.106250 0.000000
vt -0.058473 0.095808 0.000000
vt -0.061482 0.084627 0.000000
vt -0.062396 0.073084 0.000000
vt -0.061183 0.061569 0.000000
vt -0.057886 0.050470 0.000000
vt 0.017125 -0.136956 0.000000
vt 0.017168 -0.136956 0.000000
vt -0.047449 -0.129955 0.000000
vt -0.047449 -0.136956 0.000000
vt -0.017168 -0.136956 0.000000
vt -0.017125 -0.136956 0.000000
vt 0.057886 0.050470 0.000000
vt 0.061183 0.061569 0.000000
vt 0.062396 0.073084 0.000000
vt 0.061482 0.084627 0.000000
vt 0.058473 0.095808 0.000000
vt 0.053470 0.106250 0.000000
vt 0.046642 0.115601 0.000000
vt 0.038220 0.123546 0.000000
vt 0.028486 0.129818 0.000000
vt 0.017770 0.134203 0.000000
vt 0.006433 0.136556 0.000000
vt -0.005143 0.136796 0.000000
vt -0.016568 0.134915 0.000000
vt -0.027456 0.130977 0.000000
vt -0.037441 0.125114 0.000000
vt -0.035512 0.122305 0.000000
vt -0.026448 0.127395 0.000000
vt -0.016618 0.130778 0.000000
vt -0.006341 0.132343 0.000000
vt 0.004050 0.132042 0.000000
vt 0.014219 0.129882 0.000000
vt 0.023836 0.125935 0.000000
vt 0.032590 0.120328 0.000000
vt 0.040197 0.113243 0.000000
vt 0.046411 0.104909 0.000000
vt 0.051030 0.095596 0.000000
vt 0.054250 0.085196 0.000000
vt 0.055398 0.074369 0.000000
vt 0.054431 0.063524 0.000000
vt 0.051386 0.053071 0.000000
vt -0.021864 -0.129955 0.000000
vt 0.201879 -0.001969 0.000000
vt 0.201879 0.001969 0.000000
vt 0.000000 0.001969 0.000000
vt 0.000000 0.000000 0.000000
vt 0.000000 -0.001969 0.000000
vt 0.197140 -0.001969 0.000000
vt 0.197140 0.001969 0.000000
vt 0.000000 0.001969 0.000000
vt 0.000000 -0.001969 0.000000
vt -0.001969 -0.176103 0.000000
vt 0.001969 -0.176103 0.000000
vt 0.001969 -0.165198 0.000000
vt 0.001969 -0.154293 0.000000
vt 0.001969 -0.143389 0.000000
vt 0.001969 -0.132484 0.000000
vt -0.001969 -0.132484 0.000000
vt -0.001969 -0.143389 0.000000
vt -0.001969 -0.154293 0.000000
vt -0.001969 -0.165198 0.000000
vt -0.001969 -0.181462 0.000000
vt 0.001969 -0.181462 0.000000
vt 0.001969 -0.171052 0.000000
vt 0.001969 -0.160642 0.000000
vt 0.001969 -0.150232 0.000000
vt 0.001969 -0.139823 0.000000
vt 0.001969 -0.129413 0.000000
vt 0.001969 -0.119003 0.000000
vt 0.001969 -0.108594 0.000000
vt 0.001969 -0.098184 0.000000
vt 0.001969 -0.087774 0.000000
vt 0.001969 -0.077365 0.000000
vt -0.001969 -0.077365 0.000000
vt -0.001969 -0.087774 0.000000
vt -0.001969 -0.098184 0.000000
vt -0.001969 -0.108594 0.000000
vt -0.001969 -0.119003 0.000000
vt -0.001969 -0.129413 0.000000
vt -0.001969 -0.139823 0.000000
vt -0.001969 -0.150232 0.000000
vt -0.001969 -0.160642 0.000000
vt -0.001969 -0.171052 0.000000
vt 0.003407 -0.001969 0.000000
vt 0.003407 0.001969 0.000000
vt 0.000000 0.001969 0.000000
vt 0.000000 -0.001969 0.000000
vt 0.001969 0.162331 0.000000
vt -0.001969 0.162331 0.000000
vt -0.001969 0.150736 0.000000
vt -0.001969 0.139140 0.000000
vt -0.001969 0.127545 0.000000
vt -0.001969 0.115950 0.000000
vt -0.001969 0.104355 0.000000
vt -0.001969 0.092760 0.000000
vt -0.001969 0.081165 0.000000
vt -0.001969 0.069570 0.000000
vt -0.001969 0.057975 0.000000
vt -0.001969 0.046380 0.000000
vt -0.001969 0.034785 0.000000
vt -0.001969 0.023190 0.000000
vt -0.001969 0.011595 0.000000
vt -0.001969 0.000000 0.000000
vt 0.001969 0.000000 0.000000
vt 0.001969 0.011595 0.000000
vt 0.001969 0.023190 0.000000
vt 0.001969 0.034785 0.000000
vt 0.001969 0.046380 0.000000
vt 0.001969 0.057975 0.000000
vt 0.001969 0.069570 0.000000
vt 0.001969 0.081165 0.000000
vt 0.001969 0.092760 0.000000
vt 0.001969 0.104355 0.000000
vt 0.001969 0.115950 0.000000
vt 0.001969 0.127545 0.000000
vt 0.001969 0.139140 0.000000
vt 0.001969 0.150736 0.000000
vt 0.047449 -0.136956 0.000000
vt 0.047449 -0.129955 0.000000
vt 0.021864 -0.129955 0.000000
vt -0.051386 0.053071 0.000000
vt -0.054431 0.063524 0.000000
vt -0.055398 0.074369 0.000000
vt -0.054250 0.085196 0.000000
vt -0.051030 0.095596 0.000000
vt -0.046411 0.104909 0.000000
vt -0.040197 0.113243 0.000000
vt -0.032590 0.120328 0.000000
vt -0.023836 0.125935 0.000000
vt -0.014219 0.129882 0.000000
vt -0.004050 0.132042 0.000000
vt 0.006341 0.132343 0.000000
vt 0.016618 0.130778 0.000000
vt 0.026448 0.127395 0.000000
vt 0.035512 0.122305 0.000000
vt 0.037441 0.125114 0.000000
vt 0.027456 0.130977 0.000000
vt 0.016568 0.134915 0.000000
vt 0.005143 0.136796 0.000000
vt -0.006433 0.136556 0.000000
vt -0.017770 0.134203 0.000000
vt -0.028486 0.129818 0.000000
vt -0.038220 0.123546 0.000000
vt -0.046642 0.115601 0.000000
vt -0.053470 0.106250 0.000000
vt -0.058473 0.095808 0.000000
vt -0.061482 0.084627 0.000000
vt -0.062396 0.073084 0.000000
vt -0.061183 0.061569 0.000000
vt -0.057886 0.050470 0.000000
vt 0.017125 -0.136956 0.000000
vt 0.017168 -0.136956 0.000000
vt 0.201879 -0.001969 0.000000
vt 0.201879 0.001969 0.000000
vt 0.000000 0.001969 0.000000
vt 0.000000 0.000000 0.000000
vt 0.000000 -0.001969 0.000000
vt 0.197140 -0.001969 0.000000
vt 0.197140 0.001969 0.000000
vt 0.000000 0.001969 0.000000
vt 0.000000 -0.001969 0.000000
vt -0.001969 -0.176103 0.000000
vt 0.001969 -0.176103 0.000000
vt 0.001969 -0.165198 0.000000
vt 0.001969 -0.154293 0.000000
vt 0.001969 -0.143389 0.000000
vt 0.001969 -0.132484 0.000000
vt -0.001969 -0.132484 0.000000
vt -0.001969 -0.143389 0.000000
vt -0.001969 -0.154293 0.000000
vt -0.001969 -0.165198 0.000000
vt -0.001969 -0.181462 0.000000
vt 0.001969 -0.181462 0.000000
vt 0.001969 -0.171052 0.000000
vt 0.001969 -0.160642 0.000000
vt 0.001969 -0.150232 0.000000
vt 0.001969 -0.139823 0.000000
vt 0.001969 -0.129413 0.000000
vt 0.001969 -0.119003 0.000000
vt 0.001969 -0.108594 0.000000
vt 0.001969 -0.098184 0.000000
vt 0.001969 -0.087774 0.000000
vt 0.001969 -0.077365 0.000000
vt -0.001969 -0.077365 0.000000
vt -0.001969 -0.087774 0.000000
vt -0.001969 -0.098184 0.000000
vt -0.001969 -0.108594 0.000000
vt -0.001969 -0.119003 0.000000
vt -0.001969 -0.129413 0.000000
vt -0.001969 -0.139823 0.000000
vt -0.001969 -0.150232 0.000000
vt -0.001969 -0.160642 0.000000
vt -0.001969 -0.171052 0.000000
vt 0.003407 -0.001969 0.000000
vt 0.003407 0.001969 0.000000
vt 0.000000 0.001969 0.000000
vt 0.000000 -0.001969 0.000000
vt 0.001969 0.162331 0.000000
vt -0.001969 0.162331 0.000000
vt -0.001969 0.150736 0.000000
vt -0.001969 0.139140 0.000000
vt -0.001969 0.127545 0.000000
vt -0.001969 0.115950 0.000000
vt -0.001969 0.104355 0.000000
vt -0.001969 0.092760 0.000000
vt -0.001969 0.081165 0.000000
vt -0.001969 0.069570 0.000000
vt -0.001969 0.057975 0.000000
vt -0.001969 0.046380 0.000000
vt -0.001969 0.034785 0.000000
vt -0.001969 0.023190 0.000000
vt -0.001969 0.011595 0.000000
vt -0.001969 0.000000 0.000000
vt 0.001969 0.000000 0.000000
vt 0.001969 0.011595 0.000000
vt 0.001969 0.023190 0.000000
vt 0.001969 0.034785 0.000000
vt 0.001969 0.046380 0.000000
vt 0.001969 0.057975 0.000000
vt 0.001969 0.069570 0.000000
vt 0.001969 0.081165 0.000000
vt 0.001969 0.092760 0.000000
vt 0.001969 0.104355 0.000000
vt 0.001969 0.115950 0.000000
vt 0.001969 0.127545 0.000000
vt 0.001969 0.139140 0.000000
vt 0.001969 0.150736 0.000000
vt -0.047449 -0.129955 0.000000
vt -0.047449 -0.136956 0.000000
vt -0.017168 -0.136956 0.000000
vt -0.017125 -0.136956 0.000000
vt 0.057886 0.050470 0.000000
vt 0.061183 0.061569 0.000000
vt 0.062396 0.073084 0.000000
vt 0.061482 0.084627 0.000000
vt 0.058473 0.095808 0.000000
vt 0.053470 0.106250 0.000000
vt 0.046642 0.115601 0.000000
vt 0.038220 0.123546 0.000000
vt 0.028486 0.129818 0.000000
vt 0.017770 0.134203 0.000000
vt 0.006433 0.136556 0.000000
vt -0.005143 0.136796 0.000000
vt -0.016568 0.134915 0.000000
vt -0.027456 0.130977 0.000000
vt -0.037441 0.125114 0.000000
vt -0.035512 0.122305 0.000000
vt -0.026448 0.127395 0.000000
vt -0.016618 0.130778 0.000000
vt -0.006341 0.132343 0.000000
vt 0.004050 0.132042 0.000000
vt 0.014219 0.129882 0.000000
vt 0.023836 0.125935 0.000000
vt 0.032590 0.120328 0.000000
vt 0.040197 0.113243 0.000000
vt 0.046411 0.104909 0.000000
vt 0.051030 0.095596 0.000000
vt 0.054250 0.085196 0.000000
vt 0.055398 0.074369 0.000000
vt 0.054431 0.063524 0.000000
vt 0.051386 0.053071 0.000000
vt -0.021864 -0.129955 0.000000
vt 0.047449 -0.136956 0.000000
vt 0.047449 -0.129955 0.000000
vt 0.021864 -0.129955 0.000000
vt -0.051386 0.053071 0.000000
vt -0.054431 0.063524 0.000000
vt -0.055398 0.074369 0.000000
vt -0.054250 0.085196 0.000000
vt -0.051030 0.095596 0.000000
vt -0.046411 0.104909 0.000000
vt -0.040197 0.113243 0.000000
vt -0.032590 0.120328 0.000000
vt -0.023836 0.125935 0.000000
vt -0.014219 0.129882 0.000000
vt -0.004050 0.132042 0.000000
vt 0.006341 0.132343 0.000000
vt 0.016618 0.130778 0.000000
vt 0.026448 0.127395 0.000000
vt 0.035512 0.122305 0.000000
vt 0.037441 0.125114 0.000000
vt 0.027456 0.130977 0.000000
vt 0.016568 0.134915 0.000000
vt 0.005143 0.136796 0.000000
vt -0.006433 0.136556 0.000000
vt -0.017770 0.134203 0.000000
vt -0.028486 0.129818 0.000000
vt -0.038220 0.123546 0.000000
vt -0.046642 0.115601 0.000000
vt -0.053470 0.106250 0.000000
vt -0.058473 0.095808 0.000000
vt -0.061482 0.084627 0.000000
vt -0.062396 0.073084 0.000000
vt -0.061183 0.061569 0.000000
vt -0.057886 0.050470 0.000000
vt 0.017125 -0.136956 0.000000
vt 0.017168 -0.136956 0.000000
vt -0.047449 -0.129955 0.000000
vt -0.047449 -0.136956 0.000000
vt -0.017168 -0.136956 0.000000
vt -0.017125 -0.136956 0.000000
vt 0.057886 0.050470 0.000000
vt 0.061183 0.061569 0.000000
vt 0.062396 0.073084 0.000000
vt 0.061482 0.084627 0.000000
vt 0.058473 0.095808 0.000000
vt 0.053470 0.106250 0.000000
vt 0.046642 0.115601 0.000000
vt 0.038220 0.123546 0.000000
vt 0.028486 0.129818 0.000000
vt 0.017770 0.134203 0.000000
vt 0.006433 0.136556 0.000000
vt -0.005143 0.136796 0.000000
vt -0.016568 0.134915 0.000000
vt -0.027456 0.130977 0.000000
vt -0.037441 0.125114 0.000000
vt -0.035512 0.122305 0.000000
vt -0.026448 0.127395 0.000000
vt -0.016618 0.130778 0.000000
vt -0.006341 0.132343 0.000000
vt 0.004050 0.132042 0.000000
vt 0.014219 0.129882 0.000000
vt 0.023836 0.125935 0.000000
vt 0.032590 0.120328 0.000000
vt 0.040197 0.113243 0.000000
vt 0.046411 0.104909 0.000000
vt 0.051030 0.095596 0.000000
vt 0.054250 0.085196 0.000000
vt 0.055398 0.074369 0.000000
vt 0.054431 0.063524 0.000000
vt 0.051386 0.053071 0.000000
vt -0.021864 -0.129955 0.000000
vt 0.201879 -0.001969 0.000000
vt 0.201879 0.001969 0.000000
vt 0.000000 0.001969 0.000000
vt 0.000000 0.000000 0.000000
vt 0.000000 -0.001969 0.000000
vt 0.197140 -0.001969 0.000000
vt 0.197140 0.001969 0.000000
vt 0.000000 0.001969 0.000000
vt 0.000000 -0.001969 0.000000
vt -0.001969 -0.176103 0.000000
vt 0.001969 -0.176103 0.000000
vt 0.001969 -0.165198 0.000000
vt 0.001969 -0.154293 0.000000
vt 0.001969 -0.143389 0.000000
vt 0.001969 -0.132484 0.000000
vt -0.001969 -0.132484 0.000000
vt -0.001969 -0.143389 0.000000
vt -0.001969 -0.154293 0.000000
vt -0.001969 -0.165198 0.000000
vt -0.001969 -0.181462 0.000000
vt 0.001969 -0.181462 0.000000
vt 0.001969 -0.171052 0.000000
vt 0.001969 -0.160642 0.000000
vt 0.001969 -0.150232 0.000000
vt 0.001969 -0.139823 0.000000
vt 0.001969 -0.129413 0.000000
vt 0.001969 -0.119003 0.000000
vt 0.001969 -0.108594 0.000000
vt 0.001969 -0.098184 0.000000
vt 0.001969 -0.087774 0.000000
vt 0.001969 -0.077365 0.000000
vt -0.001969 -0.077365 0.000000
vt -0.001969 -0.087774 0.000000
vt -0.001969 -0.098184 0.000000
vt -0.001969 -0.108594 0.000000
vt -0.001969 -0.119003 0.000000
vt -0.001969 -0.129413 0.000000
vt -0.001969 -0.139823 0.000000
vt -0.001969 -0.150232 0.000000
vt -0.001969 -0.160642 0.000000
vt -0.001969 -0.171052 0.000000
vt 0.003407 -0.001969 0.000000
vt 0.003407 0.001969 0.000000
vt 0.000000 0.001969 0.000000
vt 0.000000 -0.001969 0.000000
vt 0.001969 0.162331 0.000000
vt -0.001969 0.162331 0.000000
vt -0.001969 0.150736 0.000000
vt -0.001969 0.139140 0.000000
vt -0.001969 0.127545 0.000000
vt -0.001969 0.115950 0.000000
vt -0.001969 0.104355 0.000000
vt -0.001969 0.092760 0.000000
vt -0.001969 0.081165 0.000000
vt -0.001969 0.069570 0.000000
vt -0.001969 0.057975 0.000000
vt -0.001969 0.046380 0.000000
vt -0.001969 0.034785 0.000000
vt -0.001969 0.023190 0.000000
vt -0.001969 0.011595 0.000000
vt -0.001969 0.000000 0.000000
vt 0.001969 0.000000 0.000000
vt 0.001969 0.011595 0.000000
vt 0.001969 0.023190 0.000000
vt 0.001969 0.034785 0.000000
vt 0.001969 0.046380 0.000000
vt 0.001969 0.057975 0.000000
vt 0.001969 0.069570 0.000000
vt 0.001969 0.081165 0.000000
vt 0.001969 0.092760 0.000000
vt 0.001969 0.104355 0.000000
vt 0.001969 0.115950 0.000000
vt 0.001969 0.127545 0.000000
vt 0.001969 0.139140 0.000000
vt 0.001969 0.150736 0.000000
vt 0.047449 -0.136956 0.000000
vt 0.047449 -0.129955 0.000000
vt 0.021864 -0.129955 0.000000
vt -0.051386 0.053071 0.000000
vt -0.054431 0.063524 0.000000
vt -0.055398 0.074369 0.000000
vt -0.054250 0.085196 0.000000
vt -0.051030 0.095596 0.000000
vt -0.046411 0.104909 0.000000
vt -0.040197 0.113243 0.000000
vt -0.032590 0.120328 0.000000
vt -0.023836 0.125935 0.000000
vt -0.014219 0.129882 0.000000
vt -0.004050 0.132042 0.000000
vt 0.006341 0.132343 0.000000
vt 0.016618 0.130778 0.000000
vt 0.026448 0.127395 0.000000
vt 0.035512 0.122305 0.000000
vt 0.037441 0.125114 0.000000
vt 0.027456 0.130977 0.000000
vt 0.016568 0.134915 0.000000
vt 0.005143 0.136796 0.000000
vt -0.006433 0.136556 0.000000
vt -0.017770 0.134203 0.000000
vt -0.028486 0.129818 0.000000
vt -0.038220 0.123546 0.000000
vt -0.046642 0.115601 0.000000
vt -0.053470 0.106250 0.000000
vt -0.058473 0.095808 0.000000
vt -0.061482 0.084627 0.000000
vt -0.062396 0.073084 0.000000
vt -0.061183 0.061569 0.000000
vt -0.057886 0.050470 0.000000
vt 0.017125 -0.136956 0.000000
vt 0.017168 -0.136956 0.000000
vt 0.201879 -0.001969 0.000000
vt 0.201879 0.001969 0.000000
vt 0.000000 0.001969 0.000000
vt 0.000000 0.000000 0.000000
vt 0.000000 -0.001969 0.000000
vt 0.197140 -0.001969 0.000000
vt 0.197140 0.001969 0.000000
vt 0.000000 0.001969 0.000000
vt 0.000000 -0.001969 0.000000
vt -0.001969 -0.176103 0.000000
vt 0.001969 -0.176103 0.000000
vt 0.001969 -0.165198 0.000000
vt 0.001969 -0.154293 0.000000
vt 0.001969 -0.143389 0.000000
vt 0.001969 -0.132484 0.000000
vt -0.001969 -0.132484 0.000000
vt -0.001969 -0.143389 0.000000
vt -0.001969 -0.154293 0.000000
vt -0.001969 -0.165198 0.000000
vt -0.001969 -0.181462 0.000000
vt 0.001969 -0.181462 0.000000
vt 0.001969 -0.171052 0.000000
vt 0.001969 -0.160642 0.000000
vt 0.001969 -0.150232 0.000000
vt 0.001969 -0.139823 0.000000
vt 0.001969 -0.129413 0.000000
vt 0.001969 -0.119003 0.000000
vt 0.001969 -0.108594 0.000000
vt 0.001969 -0.098184 0.000000
vt 0.001969 -0.087774 0.000000
vt 0.001969 -0.077365 0.000000
vt -0.001969 -0.077365 0.000000
vt -0.001969 -0.087774 0.000000
vt -0.001969 -0.098184 0.000000
vt -0.001969 -0.108594 0.000000
vt -0.001969 -0.119003 0.000000
vt -0.001969 -0.129413 0.000000
vt -0.001969 -0.139823 0.000000
vt -0.001969 -0.150232 0.000000
vt -0.001969 -0.160642 0.000000
vt -0.001969 -0.171052 0.000000
vt 0.003407 -0.001969 0.000000
vt 0.003407 0.001969 0.000000
vt 0.000000 0.001969 0.000000
vt 0.000000 -0.001969 0.000000
vt 0.001969 0.162331 0.000000
vt -0.001969 0.162331 0.000000
vt -0.001969 0.150736 0.000000
vt -0.001969 0.139140 0.000000
vt -0.001969 0.127545 0.000000
vt -0.001969 0.115950 0.000000
vt -0.001969 0.104355 0.000000
vt -0.001969 0.092760 0.000000
vt -0.001969 0.081165 0.000000
vt -0.001969 0.069570 0.000000
vt -0.001969 0.057975 0.000000
vt -0.001969 0.046380 0.000000
vt -0.001969 0.034785 0.000000
vt -0.001969 0.023190 0.000000
vt -0.001969 0.011595 0.000000
vt -0.001969 0.000000 0.000000
vt 0.001969 0.000000 0.000000
vt 0.001969 0.011595 0.000000
vt 0.001969 0.023190 0.000000
vt 0.001969 0.034785 0.000000
vt 0.001969 0.046380 0.000000
vt 0.001969 0.057975 0.000000
vt 0.001969 0.069570 0.000000
vt 0.001969 0.081165 0.000000
vt 0.001969 0.092760 0.000000
vt 0.001969 0.104355 0.000000
vt 0.001969 0.115950 0.000000
vt 0.001969 0.127545 0.000000
vt 0.001969 0.139140 0.000000
vt 0.001969 0.150736 0.000000
vt -0.047449 -0.129955 0.000000
vt -0.047449 -0.136956 0.000000
vt -0.017168 -0.136956 0.000000
vt -0.017125 -0.136956 0.000000
vt 0.057886 0.050470 0.000000
vt 0.061183 0.061569 0.000000
vt 0.062396 0.073084 0.000000
vt 0.061482 0.084627 0.000000
vt 0.058473 0.095808 0.000000
vt 0.053470 0.106250 0.000000
vt 0.046642 0.115601 0.000000
vt 0.038220 0.123546 0.000000
vt 0.028486 0.129818 0.000000
vt 0.017770 0.134203 0.000000
vt 0.006433 0.136556 0.000000
vt -0.005143 0.136796 0.000000
vt -0.016568 0.134915 0.000000
vt -0.027456 0.130977 0.000000
vt -0.037441 0.125114 0.000000
vt -0.035512 0.122305 0.000000
vt -0.026448 0.127395 0.000000
vt -0.016618 0.130778 0.000000
vt -0.006341 0.132343 0.000000
vt 0.004050 0.132042 0.000000
vt 0.014219 0.129882 0.000000
vt 0.023836 0.125935 0.000000
vt 0.032590 0.120328 0.000000
vt 0.040197 0.113243 0.000000
vt 0.046411 0.104909 0.000000
vt 0.051030 0.095596 0.000000
vt 0.054250 0.085196 0.000000
vt 0.055398 0.074369 0.000000
vt 0.054431 0.063524 0.000000
vt 0.051386 0.053071 0.000000
vt -0.021864 -0.129955 0.000000
vt 0.047449 -0.136956 0.000000
vt 0.047449 -0.129955 0.000000
vt 0.021864 -0.129955 0.000000
vt -0.051386 0.053071 0.000000
vt -0.054431 0.063524 0.000000
vt -0.055398 0.074369 0.000000
vt -0.054250 0.085196 0.000000
vt -0.051030 0.095596 0.000000
vt -0.046411 0.104909 0.000000
vt -0.040197 0.113243 0.000000
vt -0.032590 0.120328 0.000000
vt -0.023836 0.125935 0.000000
vt -0.014219 0.129882 0.000000
vt -0.004050 0.132042 0.000000
vt 0.006341 0.132343 0.000000
vt 0.016618 0.130778 0.000000
vt 0.026448 0.127395 0.000000
vt 0.035512 0.122305 0.000000
vt 0.037441 0.125114 0.000000
vt 0.027456 0.130977 0.000000
vt 0.016568 0.134915 0.000000
vt 0.005143 0.136796 0.000000
vt -0.006433 0.136556 0.000000
vt -0.017770 0.134203 0.000000
vt -0.028486 0.129818 0.000000
vt -0.038220 0.123546 0.000000
vt -0.046642 0.115601 0.000000
vt -0.053470 0.106250 0.000000
vt -0.058473 0.095808 0.000000
vt -0.061482 0.084627 0.000000
vt -0.062396 0.073084 0.000000
vt -0.061183 0.061569 0.000000
vt -0.057886 0.050470 0.000000
vt 0.017125 -0.136956 0.000000
vt 0.017168 -0.136956 0.000000
vt -0.047449 -0.129955 0.000000
vt -0.047449 -0.136956 0.000000
vt -0.017168 -0.136956 0.000000
vt -0.017125 -0.136956 0.000000
vt 0.057886 0.050470 0.000000
vt 0.061183 0.061569 0.000000
vt 0.062396 0.073084 0.000000
vt 0.061482 0.084627 0.000000
vt 0.058473 0.095808 0.000000
vt 0.053470 0.106250 0.000000
vt 0.046642 0.115601 0.000000
vt 0.038220 0.123546 0.000000
vt 0.028486 0.129818 0.000000
vt 0.017770 0.134203 0.000000
vt 0.006433 0.136556 0.000000
vt -0.005143 0.136796 0.000000
vt -0.016568 0.134915 0.000000
vt -0.027456 0.130977 0.000000
vt -0.037441 0.125114 0.000000
vt -0.035512 0.122305 0.000000
vt -0.026448 0.127395 0.000000
vt -0.016618 0.130778 0.000000
vt -0.006341 0.132343 0.000000
vt 0.004050 0.132042 0.000000
vt 0.014219 0.129882 0.000000
vt 0.023836 0.125935 0.000000
vt 0.032590 0.120328 0.000000
vt 0.040197 0.113243 0.000000
vt 0.046411 0.104909 0.000000
vt 0.051030 0.095596 0.000000
vt 0.054250 0.085196 0.000000
vt 0.055398 0.074369 0.000000
vt 0.054431 0.063524 0.000000
vt 0.051386 0.053071 0.000000
vt -0.021864 -0.129955 0.000000
vt 0.201879 -0.001969 0.000000
vt 0.201879 0.001969 0.000000
vt 0.000000 0.001969 0.000000
vt 0.000000 0.000000 0.000000
vt 0.000000 -0.001969 0.000000
vt 0.197140 -0.001969 0.000000
vt 0.197140 0.001969 0.000000
vt 0.000000 0.001969 0.000000
vt 0.000000 -0.001969 0.000000
vt -0.001969 -0.176103 0.000000
vt 0.001969 -0.176103 0.000000
vt 0.001969 -0.165198 0.000000
vt 0.001969 -0.154293 0.000000
vt 0.001969 -0.143389 0.000000
vt 0.001969 -0.132484 0.000000
vt -0.001969 -0.132484 0.000000
vt -0.001969 -0.143389 0.000000
vt -0.001969 -0.154293 0.000000
vt -0.001969 -0.165198 0.000000
vt -0.001969 -0.181462 0.000000
vt 0.001969 -0.181462 0.000000
vt 0.001969 -0.171052 0.000000
vt 0.001969 -0.160642 0.000000
vt 0.001969 -0.150232 0.000000
vt 0.001969 -0.139823 0.000000
vt 0.001969 -0.129413 0.000000
vt 0.001969 -0.119003 0.000000
vt 0.001969 -0.108594 0.000000
vt 0.001969 -0.098184 0.000000
vt 0.001969 -0.087774 0.000000
vt 0.001969 -0.077365 0.000000
vt -0.001969 -0.077365 0.000000
vt -0.001969 -0.087774 0.000000
vt -0.001969 -0.098184 0.000000
vt -0.001969 -0.108594 0.000000
vt -0.001969 -0.119003 0.000000
vt -0.001969 -0.129413 0.000000
vt -0.001969 -0.139823 0.000000
vt -0.001969 -0.150232 0.000000
vt -0.001969 -0.160642 0.000000
vt -0.001969 -0.171052 0.000000
vt 0.003407 -0.001969 0.000000
vt 0.003407 0.001969 0.000000
vt 0.000000 0.001969 0.000000
vt 0.000000 -0.001969 0.000000
vt 0.001969 0.162331 0.000000
vt -0.001969 0.162331 0.000000
vt -0.001969 0.150736 0.000000
vt -0.001969 0.139140 0.000000
vt -0.001969 0.127545 0.000000
vt -0.001969 0.115950 0.000000
vt -0.001969 0.104355 0.000000
vt -0.001969 0.092760 0.000000
vt -0.001969 0.081165 0.000000
vt -0.001969 0.069570 0.000000
vt -0.001969 0.057975 0.000000
vt -0.001969 0.046380 0.000000
vt -0.001969 0.034785 0.000000
vt -0.001969 0.023190 0.000000
vt -0.001969 0.011595 0.000000
vt -0.001969 0.000000 0.000000
vt 0.001969 0.000000 0.000000
vt 0.001969 0.011595 0.000000
vt 0.001969 0.023190 0.000000
vt 0.001969 0.034785 0.000000
vt 0.001969 0.046380 0.000000
vt 0.001969 0.057975 0.000000
vt 0.001969 0.069570 0.000000
vt 0.001969 0.081165 0.000000
vt 0.001969 0.092760 0.000000
vt 0.001969 0.104355 0.000000
vt 0.001969 0.115950 0.000000
vt 0.001969 0.127545 0.000000
vt 0.001969 0.139140 0.000000
vt 0.001969 0.150736 0.000000
vt 0.047449 -0.136956 0.000000
vt 0.047449 -0.129955 0.000000
vt 0.021864 -0.129955 0.000000
vt -0.051386 0.053071 0.000000
vt -0.054431 0.063524 0.000000
vt -0.055398 0.074369 0.000000
vt -0.054250 0.085196 0.000000
vt -0.051030 0.095596 0.000000
vt -0.046411 0.104909 0.000000
vt -0.040197 0.113243 0.000000
vt -0.032590 0.120328 0.000000
vt -0.023836 0.125935 0.000000
vt -0.014219 0.129882 0.000000
vt -0.004050 0.132042 0.000000
vt 0.006341 0.132343 0.000000
vt 0.016618 0.130778 0.000000
vt 0.026448 0.127395 0.000000
vt 0.035512 0.122305 0.000000
vt 0.037441 0.125114 0.000000
vt 0.027456 0.130977 0.000000
vt 0.016568 0.134915 0.000000
vt 0.005143 0.136796 0.000000
vt -0.006433 0.136556 0.000000
vt -0.017770 0.134203 0.000000
vt -0.028486 0.129818 0.000000
vt -0.038220 0.123546 0.000000
vt -0.046642 0.115601 0.000000
vt -0.053470 0.106250 0.000000
vt -0.058473 0.095808 0.000000
vt -0.061482 0.084627 0.000000
vt -0.062396 0.073084 0.000000
vt -0.061183 0.061569 0.000000
vt -0.057886 0.050470 0.000000
vt 0.017125 -0.136956 0.000000
vt 0.017168 -0.136956 0.000000
vt 0.201879 -0.001969 0.000000
vt 0.201879 0.001969 0.000000
vt 0.000000 0.001969 0.000000
vt 0.000000 0.000000 0.000000
vt 0.000000 -0.001969 0.000000
vt 0.197140 -0.001969 0.000000
vt 0.197140 0.001969 0.000000
vt 0.000000 0.001969 0.000000
vt 0.000000 -0.001969 0.000000
vt -0.001969 -0.176103 0.000000
vt 0.001969 -0.176103 0.000000
vt 0.001969 -0.165198 0.000000
vt 0.001969 -0.154293 0.000000
vt 0.001969 -0.143389 0.000000
vt 0.001969 -0.132484 0.000000
vt -0.001969 -0.132484 0.000000
vt -0.001969 -0.143389 0.000000
vt -0.001969 -0.154293 0.000000
vt -0.001969 -0.165198 0.000000
vt -0.001969 -0.181462 0.000000
vt 0.001969 -0.181462 0.000000
vt 0.001969 -0.171052 0.000000
vt 0.001969 -0.160642 0.000000
vt 0.001969 -0.150232 0.000000
vt 0.001969 -0.139823 0.000000
vt 0.001969 -0.129413 0.000000
vt 0.001969 -0.119003 0.000000
vt 0.001969 -0.108594 0.000000
vt 0.001969 -0.098184 0.000000
vt 0.001969 -0.087774 0.000000
vt 0.001969 -0.077365 0.000000
vt -0.001969 -0.077365 0.000000
vt -0.001969 -0.087774 0.000000
vt -0.001969 -0.098184 0.000000
vt -0.001969 -0.108594 0.000000
vt -0.001969 -0.119003 0.000000
vt -0.001969 -0.129413 0.000000
vt -0.001969 -0.139823 0.000000
vt -0.001969 -0.150232 0.000000
vt -0.001969 -0.160642 0.000000
vt -0.001969 -0.171052 0.000000
vt 0.003407 -0.001969 0.000000
vt 0.003407 0.001969 0.000000
vt 0.000000 0.001969 0.000000
vt 0.000000 -0.001969 0.000000
vt 0.001969 0.162331 0.000000
vt -0.001969 0.162331 0.000000
vt -0.001969 0.150736 0.000000
vt -0.001969 0.139140 0.000000
vt -0.001969 0.127545 0.000000
vt -0.001969 0.115950 0.000000
vt -0.001969 0.104355 0.000000
vt -0.001969 0.092760 0.000000
vt -0.001969 0.081165 0.000000
vt -0.001969 0.069570 0.000000
vt -0.001969 0.057975 0.000000
vt -0.001969 0.046380 0.000000
vt -0.001969 0.034785 0.000000
vt -0.001969 0.023190 0.000000
vt -0.001969 0.011595 0.000000
vt -0.001969 0.000000 0.000000
vt 0.001969 0.000000 0.000000
vt 0.001969 0.011595 0.000000
vt 0.001969 0.023190 0.000000
vt 0.001969 0.034785 0.000000
vt 0.001969 0.046380 0.000000
vt 0.001969 0.057975 0.000000
vt 0.001969 0.069570 0.000000
vt 0.001969 0.081165 0.000000
vt 0.001969 0.092760 0.000000
vt 0.001969 0.104355 0.000000
vt 0.001969 0.115950 0.000000
vt 0.001969 0.127545 0.000000
vt 0.001969 0.139140 0.000000
vt 0.001969 0.150736 0.000000
vt -0.047449 -0.129955 0.000000
vt -0.047449 -0.136956 0.000000
vt -0.017168 -0.136956 0.000000
vt -0.017125 -0.136956 0.000000
vt 0.057886 0.050470 0.000000
vt 0.061183 0.061569 0.000000
vt 0.062396 0.073084 0.000000
vt 0.061482 0.084627 0.000000
vt 0.058473 0.095808 0.000000
vt 0.053470 0.106250 0.000000
vt 0.046642 0.115601 0.000000
vt 0.038220 0.123546 0.000000
vt 0.028486 0.129818 0.000000
vt 0.017770 0.134203 0.000000
vt 0.006433 0.136556 0.000000
vt -0.005143 0.136796 0.000000
vt -0.016568 0.134915 0.000000
vt -0.027456 0.130977 0.000000
vt -0.037441 0.125114 0.000000
vt -0.035512 0.122305 0.000000
vt -0.026448 0.127395 0.000000
vt -0.016618 0.130778 0.000000
vt -0.006341 0.132343 0.000000
vt 0.004050 0.132042 0.000000
vt 0.014219 0.129882 0.000000
vt 0.023836 0.125935 0.000000
vt 0.032590 0.120328 0.000000
vt 0.040197 0.113243 0.000000
vt 0.046411 0.104909 0.000000
vt 0.051030 0.095596 0.000000
vt 0.054250 0.085196 0.000000
vt 0.055398 0.074369 0.000000
vt 0.054431 0.063524 0.000000
vt 0.051386 0.053071 0.000000
vt -0.021864 -0.129955 0.000000
vt 0.047449 -0.136956 0.000000
vt 0.047449 -0.129955 0.000000
vt 0.021864 -0.129955 0.000000
vt -0.051386 0.053071 0.000000
vt -0.054431 0.063524 0.000000
vt -0.055398 0.074369 0.000000
vt -0.054250 0.085196 0.000000
vt -0.051030 0.095596 0.000000
vt -0.046411 0.104909 0.000000
vt -0.040197 0.113243 0.000000
vt -0.032590 0.120328 0.000000
vt -0.023836 0.125935 0.000000
vt -0.014219 0.129882 0.000000
vt -0.004050 0.132042 0.000000
vt 0.006341 0.132343 0.000000
vt 0.016618 0.130778 0.000000
vt 0.026448 0.127395 0.000000
vt 0.035512 0.122305 0.000000
vt 0.037441 0.125114 0.000000
vt 0.027456 0.130977 0.000000
vt 0.016568 0.134915 0.000000
vt 0.005143 0.136796 0.000000
vt -0.006433 0.136556 0.000000
vt -0.017770 0.134203 0.000000
vt -0.028486 0.129818 0.000000
vt -0.038220 0.123546 0.000000
vt -0.046642 0.115601 0.000000
vt -0.053470 0.106250 0.000000
vt -0.058473 0.095808 0.000000
vt -0.061482 0.084627 0.000000
vt -0.062396 0.073084 0.000000
vt -0.061183 0.061569 0.000000
vt -0.057886 0.050470 0.000000
vt 0.017125 -0.136956 0.000000
vt 0.017168 -0.136956 0.000000
vt -0.047449 -0.129955 0.000000
vt -0.047449 -0.136956 0.000000
vt -0.017168 -0.136956 0.000000
vt -0.017125 -0.136956 0.000000
vt 0.057886 0.050470 0.000000
vt 0.061183 0.061569 0.000000
vt 0.062396 0.073084 0.000000
vt 0.061482 0.084627 0.000000
vt 0.058473 0.095808 0.000000
vt 0.053470 0.106250 0.000000
vt 0.046642 0.115601 0.000000
vt 0.038220 0.123546 0.000000
vt 0.028486 0.129818 0.000000
vt 0.017770 0.134203 0.000000
vt 0.006433 0.136556 0.000000
vt -0.005143 0.136796 0.000000
vt -0.016568 0.134915 0.000000
vt -0.027456 0.130977 0.000000
vt -0.037441 0.125114 0.000000
vt -0.035512 0.122305 0.000000
vt -0.026448 0.127395 0.000000
vt -0.016618 0.130778 0.000000
vt -0.006341 0.132343 0.000000
vt 0.004050 0.132042 0.000000
vt 0.014219 0.129882 0.000000
vt 0.023836 0.125935 0.000000
vt 0.032590 0.120328 0.000000
vt 0.040197 0.113243 0.000000
vt 0.046411 0.104909 0.000000
vt 0.051030 0.095596 0.000000
vt 0.054250 0.085196 0.000000
vt 0.055398 0.074369 0.000000
vt 0.054431 0.063524 0.000000
vt 0.051386 0.053071 0.000000
vt -0.021864 -0.129955 0.000000
vt 0.201879 -0.001969 0.000000
vt 0.201879 0.001969 0.000000
vt 0.000000 0.001969 0.000000
vt 0.000000 0.000000 0.000000
vt 0.000000 -0.001969 0.000000
vt 0.197140 -0.001969 0.000000
vt 0.197140 0.001969 0.000000
vt 0.000000 0.001969 0.000000
vt 0.000000 -0.001969 0.000000
vt -0.001969 -0.176103 0.000000
vt 0.001969 -0.176103 0.000000
vt 0.001969 -0.165198 0.000000
vt 0.001969 -0.154293 0.000000
vt 0.001969 -0.143389 0.000000
vt 0.001969 -0.132484 0.000000
vt -0.001969 -0.132484 0.000000
vt -0.001969 -0.143389 0.000000
vt -0.001969 -0.154293 0.000000
vt -0.001969 -0.165198 0.000000
vt -0.001969 -0.181462 0.000000
vt 0.001969 -0.181462 0.000000
vt 0.001969 -0.171052 0.000000
vt 0.001969 -0.160642 0.000000
vt 0.001969 -0.150232 0.000000
vt 0.001969 -0.139823 0.000000
vt 0.001969 -0.129413 0.000000
vt 0.001969 -0.119003 0.000000
vt 0.001969 -0.108594 0.000000
vt 0.001969 -0.098184 0.000000
vt 0.001969 -0.087774 0.000000
vt 0.001969 -0.077365 0.000000
vt -0.001969 -0.077365 0.000000
vt -0.001969 -0.087774 0.000000
vt -0.001969 -0.098184 0.000000
vt -0.001969 -0.108594 0.000000
vt -0.001969 -0.119003 0.000000
vt -0.001969 -0.129413 0.000000
vt -0.001969 -0.139823 0.000000
vt -0.001969 -0.150232 0.000000
vt -0.001969 -0.160642 0.000000
vt -0.001969 -0.171052 0.000000
vt 0.003407 -0.001969 0.000000
vt 0.003407 0.001969 0.000000
vt 0.000000 0.001969 0.000000
vt 0.000000 -0.001969 0.000000
vt 0.001969 0.162331 0.000000
vt -0.001969 0.162331 0.000000
vt -0.001969 0.150736 0.000000
vt -0.001969 0.139140 0.000000
vt -0.001969 0.127545 0.000000
vt -0.001969 0.115950 0.000000
vt -0.001969 0.104355 0.000000
vt -0.001969 0.092760 0.000000
vt -0.001969 0.081165 0.000000
vt -0.001969 0.069570 0.000000
vt -0.001969 0.057975 0.000000
vt -0.001969 0.046380 0.000000
vt -0.001969 0.034785 0.000000
vt -0.001969 0.023190 0.000000
vt -0.001969 0.011595 0.000000
vt -0.001969 0.000000 0.000000
vt 0.001969 0.000000 0.000000
vt 0.001969 0.011595 0.000000
vt 0.001969 0.023190 0.000000
vt 0.001969 0.034785 0.000000
vt 0.001969 0.046380 0.000000
vt 0.001969 0.057975 0.000000
vt 0.001969 0.069570 0.000000
vt 0.001969 0.081165 0.000000
vt 0.001969 0.092760 0.000000
vt 0.001969 0.104355 0.000000
vt 0.001969 0.115950 0.000000
vt 0.001969 0.127545 0.000000
vt 0.001969 0.139140 0.000000
vt 0.001969 0.150736 0.000000
vt 0.047449 -0.136956 0.000000
vt 0.047449 -0.129955 0.000000
vt 0.021864 -0.129955 0.000000
vt -0.051386 0.053071 0.000000
vt -0.054431 0.063524 0.000000
vt -0.055398 0.074369 0.000000
vt -0.054250 0.085196 0.000000
vt -0.051030 0.095596 0.000000
vt -0.046411 0.104909 0.000000
vt -0.040197 0.113243 0.000000
vt -0.032590 0.120328 0.000000
vt -0.023836 0.125935 0.000000
vt -0.014219 0.129882 0.000000
vt -0.004050 0.132042 0.000000
vt 0.006341 0.132343 0.000000
vt 0.016618 0.130778 0.000000
vt 0.026448 0.127395 0.000000
vt 0.035512 0.122305 0.000000
vt 0.037441 0.125114 0.000000
vt 0.027456 0.130977 0.000000
vt 0.016568 0.134915 0.000000
vt 0.005143 0.136796 0.000000
vt -0.006433 0.136556 0.000000
vt -0.017770 0.134203 0.000000
vt -0.028486 0.129818 0.000000
vt -0.038220 0.123546 0.000000
vt -0.046642 0.115601 0.000000
vt -0.053470 0.106250 0.000000
vt -0.058473 0.095808 0.000000
vt -0.061482 0.084627 0.000000
vt -0.062396 0.073084 0.000000
vt -0.061183 0.061569 0.000000
vt -0.057886 0.050470 0.000000
vt 0.017125 -0.136956 0.000000
vt 0.017168 -0.136956 0.000000
vt 0.201879 -0.001969 0.000000
vt 0.201879 0.001969 0.000000
vt 0.000000 0.001969 0.000000
vt 0.000000 0.000000 0.000000
vt 0.000000 -0.001969 0.000000
vt 0.197140 -0.001969 0.000000
vt 0.197140 0.001969 0.000000
vt 0.000000 0.001969 0.000000
vt 0.000000 -0.001969 0.000000
vt -0.001969 -0.176103 0.000000
vt 0.001969 -0.176103 0.000000
vt 0.001969 -0.165198 0.000000
vt 0.001969 -0.154293 0.000000
vt 0.001969 -0.143389 0.000000
vt 0.001969 -0.132484 0.000000
vt -0.001969 -0.132484 0.000000
vt -0.001969 -0.143389 0.000000
vt -0.001969 -0.154293 0.000000
vt -0.001969 -0.165198 0.000000
vt -0.001969 -0.181462 0.000000
vt 0.001969 -0.181462 0.000000
vt 0.001969 -0.171052 0.000000
vt 0.001969 -0.160642 0.000000
vt 0.001969 -0.150232 0.000000
vt 0.001969 -0.139823 0.000000
vt 0.001969 -0.129413 0.000000
vt 0.001969 -0.119003 0.000000
vt 0.001969 -0.108594 0.000000
vt 0.001969 -0.098184 0.000000
vt 0.001969 -0.087774 0.000000
vt 0.001969 -0.077365 0.000000
vt -0.001969 -0.077365 0.000000
vt -0.001969 -0.087774 0.000000
vt -0.001969 -0.098184 0.000000
vt -0.001969 -0.108594 0.000000
vt -0.001969 -0.119003 0.000000
vt -0.001969 -0.129413 0.000000
vt -0.001969 -0.139823 0.000000
vt -0.001969 -0.150232 0.000000
vt -0.001969 -0.160642 0.000000
vt -0.001969 -0.171052 0.000000
vt 0.003407 -0.001969 0.000000
vt 0.003407 0.001969 0.000000
vt 0.000000 0.001969 0.000000
vt 0.000000 -0.001969 0.000000
vt 0.001969 0.162331 0.000000
vt -0.001969 0.162331 0.000000
vt -0.001969 0.150736 0.000000
vt -0.001969 0.139140 0.000000
vt -0.001969 0.127545 0.000000
vt -0.001969 0.115950 0.000000
vt -0.001969 0.104355 0.000000
vt -0.001969 0.092760 0.000000
vt -0.001969 0.081165 0.000000
vt -0.001969 0.069570 0.000000
vt -0.001969 0.057975 0.000000
vt -0.001969 0.046380 0.000000
vt -0.001969 0.034785 0.000000
vt -0.001969 0.023190 0.000000
vt -0.001969 0.011595 0.000000
vt -0.001969 0.000000 0.000000
vt 0.001969 0.000000 0.000000
vt 0.001969 0.011595 0.000000
vt 0.001969 0.023190 0.000000
vt 0.001969 0.034785 0.000000
vt 0.001969 0.046380 0.000000
vt 0.001969 0.057975 0.000000
vt 0.001969 0.069570 0.000000
vt 0.001969 0.081165 0.000000
vt 0.001969 0.092760 0.000000
vt 0.001969 0.104355 0.000000
vt 0.001969 0.115950 0.000000
vt 0.001969 0.127545 0.000000
vt 0.001969 0.139140 0.000000
vt 0.001969 0.150736 0.000000
vt -0.047449 -0.129955 0.000000
vt -0.047449 -0.136956 0.000000
vt -0.017168 -0.136956 0.000000
vt -0.017125 -0.136956 0.000000
vt 0.057886 0.050470 0.000000
vt 0.061183 0.061569 0.000000
vt 0.062396 0.073084 0.000000
vt 0.061482 0.084627 0.000000
vt 0.058473 0.095808 0.000000
vt 0.053470 0.106250 0.000000
vt 0.046642 0.115601 0.000000
vt 0.038220 0.123546 0.000000
vt 0.028486 0.129818 0.000000
vt 0.017770 0.134203 0.000000
vt 0.006433 0.136556 0.000000
vt -0.005143 0.136796 0.000000
vt -0.016568 0.134915 0.000000
vt -0.027456 0.130977 0.000000
vt -0.037441 0.125114 0.000000
vt -0.035512 0.122305 0.000000
vt -0.026448 0.127395 0.000000
vt -0.016618 0.130778 0.000000
vt -0.006341 0.132343 0.000000
vt 0.004050 0.132042 0.000000
vt 0.014219 0.129882 0.000000
vt 0.023836 0.125935 0.000000
vt 0.032590 0.120328 0.000000
vt 0.040197 0.113243 0.000000
vt 0.046411 0.104909 0.000000
vt 0.051030 0.095596 0.000000
vt 0.054250 0.085196 0.000000
vt 0.055398 0.074369 0.000000
vt 0.054431 0.063524 0.000000
vt 0.051386 0.053071 0.000000
vt -0.021864 -0.129955 0.000000
vt 0.047449 -0.136956 0.000000
vt 0.047449 -0.129955 0.000000
vt 0.021864 -0.129955 0.000000
vt -0.051386 0.053071 0.000000
vt -0.054431 0.063524 0.000000
vt -0.055398 0.074369 0.000000
vt -0.054250 0.085196 0.000000
vt -0.051030 0.095596 0.000000
vt -0.046411 0.104909 0.000000
vt -0.040197 0.113243 0.000000
vt -0.032590 0.120328 0.000000
vt -0.023836 0.125935 0.000000
vt -0.014219 0.129882 0.000000
vt -0.004050 0.132042 0.000000
vt 0.006341 0.132343 0.000000
vt 0.016618 0.130778 0.000000
vt 0.026448 0.127395 0.000000
vt 0.035512 0.122305 0.000000
vt 0.037441 0.125114 0.000000
vt 0.027456 0.130977 0.000000
vt 0.016568 0.134915 0.000000
vt 0.005143 0.136796 0.000000
vt -0.006433 0.136556 0.000000
vt -0.017770 0.134203 0.000000
vt -0.028486 0.129818 0.000000
vt -0.038220 0.123546 0.000000
vt -0.046642 0.115601 0.000000
vt -0.053470 0.106250 0.000000
vt -0.058473 0.095808 0.000000
vt -0.061482 0.084627 0.000000
vt -0.062396 0.073084 0.000000
vt -0.061183 0.061569 0.000000
vt -0.057886 0.050470 0.000000
vt 0.017125 -0.136956 0.000000
vt 0.017168 -0.136956 0.000000
vt -0.047449 -0.129955 0.000000
vt -0.047449 -0.136956 0.000000
vt -0.017168 -0.136956 0.000000
vt -0.017125 -0.136956 0.000000
vt 0.057886 0.050470 0.000000
vt 0.061183 0.061569 0.000000
vt 0.062396 0.073084 0.000000
vt 0.061482 0.084627 0.000000
vt 0.058473 0.095808 0.000000
vt 0.053470 0.106250 0.000000
vt 0.046642 0.115601 0.000000
vt 0.038220 0.123546 0.000000
vt 0.028486 0.129818 0.000000
vt 0.017770 0.134203 0.000000
vt 0.006433 0.136556 0.000000
vt -0.005143 0.136796 0.000000
vt -0.016568 0.134915 0.000000
vt -0.027456 0.130977 0.000000
vt -0.037441 0.125114 0.000000
vt -0.035512 0.122305 0.000000
vt -0.026448 0.127395 0.000000
vt -0.016618 0.130778 0.000000
vt -0.006341 0.132343 0.000000
vt 0.004050 0.132042 0.000000
vt 0.014219 0.129882 0.000000
vt 0.023836 0.125935 0.000000
vt 0.032590 0.120328 0.000000
vt 0.040197 0.113243 0.000000
vt 0.046411 0.104909 0.000000
vt 0.051030 0.095596 0.000000
vt 0.054250 0.085196 0.000000
vt 0.055398 0.074369 0.000000
vt 0.054431 0.063524 0.000000
vt 0.051386 0.053071 0.000000
vt -0.021864 -0.129955 0.000000
vt 0.201879 -0.001969 0.000000
vt 0.201879 0.001969 0.000000
vt 0.000000 0.001969 0.000000
vt 0.000000 0.000000 0.000000
vt 0.000000 -0.001969 0.000000
vt 0.197140 -0.001969 0.000000
vt 0.197140 0.001969 0.000000
vt 0.000000 0.001969 0.000000
vt 0.000000 -0.001969 0.000000
vt -0.001969 -0.176103 0.000000
vt 0.001969 -0.176103 0.000000
vt 0.001969 -0.165198 0.000000
vt 0.001969 -0.154293 0.000000
vt 0.001969 -0.143389 0.000000
vt 0.001969 -0.132484 0.000000
vt -0.001969 -0.132484 0.000000
vt -0.001969 -0.143389 0.000000
vt -0.001969 -0.154293 0.000000
vt -0.001969 -0.165198 0.000000
vt -0.001969 -0.181462 0.000000
vt 0.001969 -0.181462 0.000000
vt 0.001969 -0.171052 0.000000
vt 0.001969 -0.160642 0.000000
vt 0.001969 -0.150232 0.000000
vt 0.001969 -0.139823 0.000000
vt 0.001969 -0.129413 0.000000
vt 0.001969 -0.119003 0.000000
vt 0.001969 -0.108594 0.000000
vt 0.001969 -0.098184 0.000000
vt 0.001969 -0.087774 0.000000
vt 0.001969 -0.077365 0.000000
vt -0.001969 -0.077365 0.000000
vt -0.001969 -0.087774 0.000000
vt -0.001969 -0.098184 0.000000
vt -0.001969 -0.108594 0.000000
vt -0.001969 -0.119003 0.000000
vt -0.001969 -0.129413 0.000000
vt -0.001969 -0.139823 0.000000
vt -0.001969 -0.150232 0.000000
vt -0.001969 -0.160642 0.000000
vt -0.001969 -0.171052 0.000000
vt 0.003407 -0.001969 0.000000
vt 0.003407 0.001969 0.000000
vt 0.000000 0.001969 0.000000
vt 0.000000 -0.001969 0.000000
vt 0.001969 0.162331 0.000000
vt -0.001969 0.162331 0.000000
vt -0.001969 0.150736 0.000000
vt -0.001969 0.139140 0.000000
vt -0.001969 0.127545 0.000000
vt -0.001969 0.115950 0.000000
vt -0.001969 0.104355 0.000000
vt -0.001969 0.092760 0.000000
vt -0.001969 0.081165 0.000000
vt -0.001969 0.069570 0.000000
vt -0.001969 0.057975 0.000000
vt -0.001969 0.046380 0.000000
vt -0.001969 0.034785 0.000000
vt -0.001969 0.023190 0.000000
vt -0.001969 0.011595 0.000000
vt -0.001969 0.000000 0.000000
vt 0.001969 0.000000 0.000000
vt 0.001969 0.011595 0.000000
vt 0.001969 0.023190 0.000000
vt 0.001969 0.034785 0.000000
vt 0.001969 0.046380 0.000000
vt 0.001969 0.057975 0.000000
vt 0.001969 0.069570 0.000000
vt 0.001969 0.081165 0.000000
vt 0.001969 0.092760 0.000000
vt 0.001969 0.104355 0.000000
vt 0.001969 0.115950 0.000000
vt 0.001969 0.127545 0.000000
vt 0.001969 0.139140 0.000000
vt 0.001969 0.150736 0.000000
vt 0.047449 -0.136956 0.000000
vt 0.047449 -0.129955 0.000000
vt 0.021864 -0.129955 0.000000
vt -0.051386 0.053071 0.000000
vt -0.054431 0.063524 0.000000
vt -0.055398 0.074369 0.000000
vt -0.054250 0.085196 0.000000
vt -0.051030 0.095596 0.000000
vt -0.046411 0.104909 0.000000
vt -0.040197 0.113243 0.000000
vt -0.032590 0.120328 0.000000
vt -0.023836 0.125935 0.000000
vt -0.014219 0.129882 0.000000
vt -0.004050 0.132042 0.000000
vt 0.006341 0.132343 0.000000
vt 0.016618 0.130778 0.000000
vt 0.026448 0.127395 0.000000
vt 0.035512 0.122305 0.000000
vt 0.037441 0.125114 0.000000
vt 0.027456 0.130977 0.000000
vt 0.016568 0.134915 0.000000
vt 0.005143 0.136796 0.000000
vt -0.006433 0.136556 0.000000
vt -0.017770 0.134203 0.000000
vt -0.028486 0.129818 0.000000
vt -0.038220 0.123546 0.000000
vt -0.046642 0.115601 0.000000
vt -0.053470 0.106250 0.000000
vt -0.058473 0.095808 0.000000
vt -0.061482 0.084627 0.000000
vt -0.062396 0.073084 0.000000
vt -0.061183 0.061569 0.000000
vt -0.057886 0.050470 0.000000
vt 0.017125 -0.136956 0.000000
vt 0.017168 -0.136956 0.000000
vt 0.201879 -0.001969 0.000000
vt 0.201879 0.001969 0.000000
vt 0.000000 0.001969 0.000000
vt 0.000000 0.000000 0.000000
vt 0.000000 -0.001969 0.000000
vt 0.197140 -0.001969 0.000000
vt 0.197140 0.001969 0.000000
vt 0.000000 0.001969 0.000000
vt 0.000000 -0.001969 0.000000
vt -0.001969 -0.176103 0.000000
vt 0.001969 -0.176103 0.000000
vt 0.001969 -0.165198 0.000000
vt 0.001969 -0.154293 0.000000
vt 0.001969 -0.143389 0.000000
vt 0.001969 -0.132484 0.000000
vt -0.001969 -0.132484 0.000000
vt -0.001969 -0.143389 0.000000
vt -0.001969 -0.154293 0.000000
vt -0.001969 -0.165198 0.000000
vt -0.001969 -0.181462 0.000000
vt 0.001969 -0.181462 0.000000
vt 0.001969 -0.171052 0.000000
vt 0.001969 -0.160642 0.000000
vt 0.001969 -0.150232 0.000000
vt 0.001969 -0.139823 0.000000
vt 0.001969 -0.129413 0.000000
vt 0.001969 -0.119003 0.000000
vt 0.001969 -0.108594 0.000000
vt 0.001969 -0.098184 0.000000
vt 0.001969 -0.087774 0.000000
vt 0.001969 -0.077365 0.000000
vt -0.001969 -0.077365 0.000000
vt -0.001969 -0.087774 0.000000
vt -0.001969 -0.098184 0.000000
vt -0.001969 -0.108594 0.000000
vt -0.001969 -0.119003 0.000000
vt -0.001969 -0.129413 0.000000
vt -0.001969 -0.139823 0.000000
vt -0.001969 -0.150232 0.000000
vt -0.001969 -0.160642 0.000000
vt -0.001969 -0.171052 0.000000
vt 0.003407 -0.001969 0.000000
vt 0.003407 0.001969 0.000000
vt 0.000000 0.001969 0.000000
vt 0.000000 -0.001969 0.000000
vt 0.001969 0.162331 0.000000
vt -0.001969 0.162331 0.000000
vt -0.001969 0.150736 0.000000
vt -0.001969 0.139140 0.000000
vt -0.001969 0.127545 0.000000
vt -0.001969 0.115950 0.000000
vt -0.001969 0.104355 0.000000
vt -0.001969 0.092760 0.000000
vt -0.001969 0.081165 0.000000
vt -0.001969 0.069570 0.000000
vt -0.001969 0.057975 0.000000
vt -0.001969 0.046380 0.000000
vt -0.001969 0.034785 0.000000
vt -0.001969 0.023190 0.000000
vt -0.001969 0.011595 0.000000
vt -0.001969 0.000000 0.000000
vt 0.001969 0.000000 0.000000
vt 0.001969 0.011595 0.000000
vt 0.001969 0.023190 0.000000
vt 0.001969 0.034785 0.000000
vt 0.001969 0.046380 0.000000
vt 0.001969 0.057975 0.000000
vt 0.001969 0.069570 0.000000
vt 0.001969 0.081165 0.000000
vt 0.001969 0.092760 0.000000
vt 0.001969 0.104355 0.000000
vt 0.001969 0.115950 0.000000
vt 0.001969 0.127545 0.000000
vt 0.001969 0.139140 0.000000
vt 0.001969 0.150736 0.000000
vt -0.047449 -0.129955 0.000000
vt -0.047449 -0.136956 0.000000
vt -0.017168 -0.136956 0.000000
vt -0.017125 -0.136956 0.000000
vt 0.057886 0.050470 0.000000
vt 0.061183 0.061569 0.000000
vt 0.062396 0.073084 0.000000
vt 0.061482 0.084627 0.000000
vt 0.058473 0.095808 0.000000
vt 0.053470 0.106250 0.000000
vt 0.046642 0.115601 0.000000
vt 0.038220 0.123546 0.000000
vt 0.028486 0.129818 0.000000
vt 0.017770 0.134203 0.000000
vt 0.006433 0.136556 0.000000
vt -0.005143 0.136796 0.000000
vt -0.016568 0.134915 0.000000
vt -0.027456 0.130977 0.000000
vt -0.037441 0.125114 0.000000
vt -0.035512 0.122305 0.000000
vt -0.026448 0.127395 0.000000
vt -0.016618 0.130778 0.000000
vt -0.006341 0.132343 0.000000
vt 0.004050 0.132042 0.000000
vt 0.014219 0.129882 0.000000
vt 0.023836 0.125935 0.000000
vt 0.032590 0.120328 0.000000
vt 0.040197 0.113243 0.000000
vt 0.046411 0.104909 0.000000
vt 0.051030 0.095596 0.000000
vt 0.054250 0.085196 0.000000
vt 0.055398 0.074369 0.000000
vt 0.054431 0.063524 0.000000
vt 0.051386 0.053071 0.000000
vt -0.021864 -0.129955 0.000000
vt 0.047449 -0.136956 0.000000
vt 0.047449 -0.129955 0.000000
vt 0.021864 -0.129955 0.000000
vt -0.051386 0.053071 0.000000
vt -0.054431 0.063524 0.000000
vt -0.055398 0.074369 0.000000
vt -0.054250 0.085196 0.000000
vt -0.051030 0.095596 0.000000
vt -0.046411 0.104909 0.000000
vt -0.040197 0.113243 0.000000
vt -0.032590 0.120328 0.000000
vt -0.023836 0.125935 0.000000
vt -0.014219 0.129882 0.000000
vt -0.004050 0.132042 0.000000
vt 0.006341 0.132343 0.000000
vt 0.016618 0.130778 0.000000
vt 0.026448 0.127395 0.000000
vt 0.035512 0.122305 0.000000
vt 0.037441 0.125114 0.000000
vt 0.027456 0.130977 0.000000
vt 0.016568 0.134915 0.000000
vt 0.005143 0.136796 0.000000
vt -0.006433 0.136556 0.000000
vt -0.017770 0.134203 0.000000
vt -0.028486 0.129818 0.000000
vt -0.038220 0.123546 0.000000
vt -0.046642 0.115601 0.000000
vt -0.053470 0.106250 0.000000
vt -0.058473 0.095808 0.000000
vt -0.061482 0.084627 0.000000
vt -0.062396 0.073084 0.000000
vt -0.061183 0.061569 0.000000
vt -0.057886 0.050470 0.000000
vt 0.017125 -0.136956 0.000000
vt 0.017168 -0.136956 0.000000
vt 0.201879 -0.001969 0.000000
vt 0.201879 0.001969 0.000000
vt 0.000000 0.001969 0.000000
vt 0.000000 0.000000 0.000000
vt 0.000000 -0.001969 0.000000
vt 0.197140 -0.001969 0.000000
vt 0.197140 0.001969 0.000000
vt 0.000000 0.001969 0.000000
vt 0.000000 -0.001969 0.000000
vt -0.001969 -0.176103 0.000000
vt 0.001969 -0.176103 0.000000
vt 0.001969 -0.165198 0.000000
vt 0.001969 -0.154293 0.000000
vt 0.001969 -0.143389 0.000000
vt 0.001969 -0.132484 0.000000
vt -0.001969 -0.132484 0.000000
vt -0.001969 -0.143389 0.000000
vt -0.001969 -0.154293 0.000000
vt -0.001969 -0.165198 0.000000
vt -0.001969 -0.181462 0.000000
vt 0.001969 -0.181462 0.000000
vt 0.001969 -0.171052 0.000000
vt 0.001969 -0.160642 0.000000
vt 0.001969 -0.150232 0.000000
vt 0.001969 -0.139823 0.000000
vt 0.001969 -0.129413 0.000000
vt 0.001969 -0.119003 0.000000
vt 0.001969 -0.108594 0.000000
vt 0.001969 -0.098184 0.000000
vt 0.001969 -0.087774 0.000000
vt 0.001969 -0.077365 0.000000
vt -0.001969 -0.077365 0.000000
vt -0.001969 -0.087774 0.000000
vt -0.001969 -0.098184 0.000000
vt -0.001969 -0.108594 0.000000
vt -0.001969 -0.119003 0.000000
vt -0.001969 -0.129413 0.000000
vt -0.001969 -0.139823 0.000000
vt -0.001969 -0.150232 0.000000
vt -0.001969 -0.160642 0.000000
vt -0.001969 -0.171052 0.000000
vt 0.003407 -0.001969 0.000000
vt 0.003407 0.001969 0.000000
vt 0.000000 0.001969 0.000000
vt 0.000000 -0.001969 0.000000
vt 0.001969 0.162331 0.000000
vt -0.001969 0.162331 0.000000
vt -0.001969 0.150736 0.000000
vt -0.001969 0.139140 0.000000
vt -0.001969 0.127545 0.000000
vt -0.001969 0.115950 0.000000
vt -0.001969 0.104355 0.000000
vt -0.001969 0.092760 0.000000
vt -0.001969 0.081165 0.000000
vt -0.001969 0.069570 0.000000
vt -0.001969 0.057975 0.000000
vt -0.001969 0.046380 0.000000
vt -0.001969 0.034785 0.000000
vt -0.001969 0.023190 0.000000
vt -0.001969 0.011595 0.000000
vt -0.001969 0.000000 0.000000
vt 0.001969 0.000000 0.000000
vt 0.001969 0.011595 0.000000
vt 0.001969 0.023190 0.000000
vt 0.001969 0.034785 0.000000
vt 0.001969 0.046380 0.000000
vt 0.001969 0.057975 0.000000
vt 0.001969 0.069570 0.000000
vt 0.001969 0.081165 0.000000
vt 0.001969 0.092760 0.000000
vt 0.001969 0.104355 0.000000
vt 0.001969 0.115950 0.000000
vt 0.001969 0.127545 0.000000
vt 0.001969 0.139140 0.000000
vt 0.001969 0.150736 0.000000
vt 0.025584 -0.001969 0.000000
vt 0.000872 -0.008590 0.000000
vt 0.001891 -0.012393 0.000000
vt 0.026603 -0.005771 0.000000
vt 0.004447 -0.018564 0.000000
vt 0.006415 -0.021973 0.000000
vt 0.028572 -0.009181 0.000000
vt 0.010481 -0.027272 0.000000
vt 0.013265 -0.030056 0.000000
vt 0.031356 -0.011965 0.000000
vt 0.018564 -0.034121 0.000000
vt 0.021973 -0.036090 0.000000
vt 0.034765 -0.013933 0.000000
vt 0.028144 -0.038646 0.000000
vt 0.031946 -0.039665 0.000000
vt 0.038568 -0.014952 0.000000
vt 0.038568 -0.040537 0.000000
vt 0.042505 -0.040537 0.000000
vt 0.042505 -0.014952 0.000000
vt 0.049127 -0.039665 0.000000
vt 0.052930 -0.038646 0.000000
vt 0.046308 -0.013933 0.000000
vt 0.059100 -0.036090 0.000000
vt 0.062510 -0.034121 0.000000
vt 0.049717 -0.011965 0.000000
vt 0.067808 -0.030056 0.000000
vt 0.070592 -0.027272 0.000000
vt 0.052501 -0.009181 0.000000
vt 0.074658 -0.021973 0.000000
vt 0.076627 -0.018564 0.000000
vt 0.054470 -0.005771 0.000000
vt 0.079182 -0.012393 0.000000
vt 0.080201 -0.008590 0.000000
vt 0.055489 -0.001969 0.000000
vt 0.081073 -0.001969 0.000000
vt 0.081073 0.001969 0.000000
vt 0.055489 0.001969 0.000000
vt 0.080201 0.008590 0.000000
vt 0.079182 0.012393 0.000000
vt 0.054470 0.005771 0.000000
vt 0.076627 0.018564 0.000000
vt 0.074658 0.021973 0.000000
vt 0.052501 0.009181 0.000000
vt 0.070592 0.027272 0.000000
vt 0.067808 0.030056 0.000000
vt 0.049717 0.011965 0.000000
vt 0.062510 0.034121 0.000000
vt 0.059100 0.036090 0.000000
vt 0.046308 0.013933 0.000000
vt 0.052930 0.038646 0.000000
vt 0.049127 0.039665 0.000000
vt 0.042505 0.014952 0.000000
vt 0.042505 0.040537 0.000000
vt 0.038568 0.040537 0.000000
vt 0.038568 0.014952 0.000000
vt 0.031946 0.039665 0.000000
vt 0.028144 0.038646 0.000000
vt 0.034765 0.013933 0.000000
vt 0.021973 0.036090 0.000000
vt 0.018564 0.034121 0.000000
vt 0.031356 0.011965 0.000000
vt 0.013265 0.030056 0.000000
vt 0.010481 0.027272 0.000000
vt 0.028572 0.009181 0.000000
vt 0.006415 0.021973 0.000000
vt 0.004447 0.018564 0.000000
vt 0.026603 0.005771 0.000000
vt 0.001891 0.012393 0.000000
vt 0.000872 0.008590 0.000000
vt 0.025584 0.001969 0.000000
vt 0.000000 0.001969 0.000000
vt 0.000000 -0.001969 0.000000
vt -0.047449 -0.129955 0.000000
vt -0.047449 -0.136956 0.000000
vt -0.017168 -0.136956 0.000000
vt -0.017125 -0.136956 0.000000
vt 0.057886 0.050470 0.000000
vt 0.061183 0.061569 0.000000
vt 0.062396 0.073084 0.000000
vt 0.061482 0.084627 0.000000
vt 0.058473 0.095808 0.000000
vt 0.053470 0.106250 0.000000
vt 0.046642 0.115601 0.000000
vt 0.038220 0.123546 0.000000
vt 0.028486 0.129818 0.000000
vt 0.017770 0.134203 0.000000
vt 0.006433 0.136556 0.000000
vt -0.005143 0.136796 0.000000
vt -0.016568 0.134915 0.000000
vt -0.027456 0.130977 0.000000
vt -0.037441 0.125114 0.000000
vt -0.035512 0.122305 0.000000
vt -0.026448 0.127395 0.000000
vt -0.016618 0.130778 0.000000
vt -0.006341 0.132343 0.000000
vt 0.004050 0.132042 0.000000
vt 0.014219 0.129882 0.000000
vt 0.023836 0.125935 0.000000
vt 0.032590 0.120328 0.000000
vt 0.040197 0.113243 0.000000
vt 0.046411 0.104909 0.000000
vt 0.051030 0.095596 0.000000
vt 0.054250 0.085196 0.000000
vt 0.055398 0.074369 0.000000
vt 0.054431 0.063524 0.000000
vt 0.051386 0.053071 0.000000
vt -0.021864 -0.129955 0.000000
vt -0.020912 0.040157 0.000000
vt -0.005771 0.013933 0.000000
vt -0.013609 0.043182 0.000000
vt -0.016100 0.042316 0.000000
vt -0.018537 0.041307 0.000000
vt -0.030592 0.033376 0.000000
vt -0.009181 0.011965 0.000000
vt -0.024321 0.038188 0.000000
vt -0.026504 0.036707 0.000000
vt -0.028597 0.035101 0.000000
vt -0.001969 0.014952 0.000000
vt -0.001969 0.045233 0.000000
vt -0.004599 0.045041 0.000000
vt -0.007215 0.044697 0.000000
vt -0.009806 0.044201 0.000000
vt -0.038188 0.024321 0.000000
vt -0.011965 0.009181 0.000000
vt -0.033376 0.030592 0.000000
vt -0.035101 0.028597 0.000000
vt -0.036707 0.026504 0.000000
vt 0.001969 0.014952 0.000000
vt 0.009806 0.044201 0.000000
vt 0.007215 0.044697 0.000000
vt 0.004599 0.045041 0.000000
vt 0.001969 0.045233 0.000000
vt -0.043182 0.013609 0.000000
vt -0.013933 0.005771 0.000000
vt -0.040157 0.020912 0.000000
vt -0.041307 0.018537 0.000000
vt -0.042316 0.016100 0.000000
vt 0.005771 0.013933 0.000000
vt 0.020912 0.040157 0.000000
vt 0.018537 0.041307 0.000000
vt 0.016100 0.042316 0.000000
vt 0.013609 0.043182 0.000000
vt -0.014952 0.001969 0.000000
vt -0.044201 0.009806 0.000000
vt -0.044697 0.007215 0.000000
vt -0.045041 0.004599 0.000000
vt -0.045233 0.001969 0.000000
vt 0.009181 0.011965 0.000000
vt 0.030592 0.033376 0.000000
vt 0.028597 0.035101 0.000000
vt 0.026504 0.036707 0.000000
vt 0.024321 0.038188 0.000000
vt -0.044201 -0.009806 0.000000
vt -0.014952 -0.001969 0.000000
vt -0.045233 -0.001969 0.000000
vt -0.045041 -0.004599 0.000000
vt -0.044697 -0.007215 0.000000
vt 0.011965 0.009181 0.000000
vt 0.038188 0.024321 0.000000
vt 0.036707 0.026504 0.000000
vt 0.035101 0.028597 0.000000
vt 0.033376 0.030592 0.000000
vt -0.040157 -0.020912 0.000000
vt -0.013933 -0.005771 0.000000
vt -0.043182 -0.013609 0.000000
vt -0.042316 -0.016100 0.000000
vt -0.041307 -0.018537 0.000000
vt 0.013933 0.005771 0.000000
vt 0.043182 0.013609 0.000000
vt 0.042316 0.016100 0.000000
vt 0.041307 0.018537 0.000000
vt 0.040157 0.020912 0.000000
vt -0.033376 -0.030592 0.000000
vt -0.011965 -0.009181 0.000000
vt -0.038188 -0.024321 0.000000
vt -0.036707 -0.026504 0.000000
vt -0.035101 -0.028597 0.000000
vt 0.014952 0.001969 0.000000
vt 0.045233 0.001969 0.000000
vt 0.045041 0.004599 0.000000
vt 0.044697 0.007215 0.000000
vt 0.044201 0.009806 0.000000
vt -0.024321 -0.038188 0.000000
vt -0.009181 -0.011965 0.000000
vt -0.030592 -0.033376 0.000000
vt -0.028597 -0.035101 0.000000
vt -0.026504 -0.036707 0.000000
vt 0.014952 -0.001969 0.000000
vt 0.044201 -0.009806 0.000000
vt 0.044697 -0.007215 0.000000
vt 0.045041 -0.004599 0.000000
vt 0.045233 -0.001969 0.000000
vt -0.013609 -0.043182 0.000000
vt -0.005771 -0.013933 0.000000
vt -0.020912 -0.040157 0.000000
vt -0.018537 -0.041307 0.000000
vt -0.016100 -0.042316 0.000000
vt 0.013933 -0.005771 0.000000
vt 0.040157 -0.020912 0.000000
vt 0.041307 -0.018537 0.000000
vt 0.042316 -0.016100 0.000000
vt 0.043182 -0.013609 0.000000
vt -0.001969 -0.045233 0.000000
vt -0.001969 -0.014952 0.000000
vt -0.009806 -0.044201 0.000000
vt -0.007215 -0.044697 0.000000
vt -0.004599 -0.045041 0.000000
vt 0.011965 -0.009181 0.000000
vt 0.033376 -0.030592 0.000000
vt 0.035101 -0.028597 0.000000
vt 0.036707 -0.026504 0.000000
vt 0.038188 -0.024321 0.000000
vt 0.009806 -0.044201 0.000000
vt 0.001969 -0.014952 0.000000
vt 0.001969 -0.045233 0.000000
vt 0.004599 -0.045041 0.000000
vt 0.007215 -0.044697 0.000000
vt 0.009181 -0.011965 0.000000
vt 0.024321 -0.038188 0.000000
vt 0.026504 -0.036707 0.000000
vt 0.028597 -0.035101 0.000000
vt 0.030592 -0.033376 0.000000
vt 0.045276 0.000000 0.000000
vt 0.045271 -0.000656 0.000000
vt 0.045257 -0.001313 0.000000
vt 0.045233 -0.001969 0.000000
vt 0.045276 -0.001969 0.000000
vt 0.045233 0.001969 0.000000
vt 0.045257 0.001313 0.000000
vt 0.045271 0.000656 0.000000
vt 0.045276 0.000000 0.000000
vt 0.045276 0.001969 0.000000
vt 0.047449 -0.136956 0.000000
vt 0.047449 -0.129955 0.000000
vt 0.021864 -0.129955 0.000000
vt -0.051386 0.053071 0.000000
vt -0.054431 0.063524 0.000000
vt -0.055398 0.074369 0.000000
vt -0.054250 0.085196 0.000000
vt -0.051030 0.095596 0.000000
vt -0.046411 0.104909 0.000000
vt -0.040197 0.113243 0.000000
vt -0.032590 0.120328 0.000000
vt -0.023836 0.125935 0.000000
vt -0.014219 0.129882 0.000000
vt -0.004050 0.132042 0.000000
vt 0.006341 0.132343 0.000000
vt 0.016618 0.130778 0.000000
vt 0.026448 0.127395 0.000000
vt 0.035512 0.122305 0.000000
vt 0.037441 0.125114 0.000000
vt 0.027456 0.130977 0.000000
vt 0.016568 0.134915 0.000000
vt 0.005143 0.136796 0.000000
vt -0.006433 0.136556 0.000000
vt -0.017770 0.134203 0.000000
vt -0.028486 0.129818 0.000000
vt -0.038220 0.123546 0.000000
vt -0.046642 0.115601 0.000000
vt -0.053470 0.106250 0.000000
vt -0.058473 0.095808 0.000000
vt -0.061482 0.084627 0.000000
vt -0.062396 0.073084 0.000000
vt -0.061183 0.061569 0.000000
vt -0.057886 0.050470 0.000000
vt 0.017125 -0.136956 0.000000
vt 0.017168 -0.136956 0.000000
vt 0.201879 -0.001969 0.000000
vt 0.201879 0.001969 0.000000
vt 0.000000 0.001969 0.000000
vt 0.000000 0.000000 0.000000
vt 0.000000 -0.001969 0.000000
vt 0.197140 -0.001969 0.000000
vt 0.197140 0.001969 0.000000
vt 0.000000 0.001969 0.000000
vt 0.000000 -0.001969 0.000000
vt -0.001969 -0.176103 0.000000
vt 0.001969 -0.176103 0.000000
vt 0.001969 -0.165198 0.000000
vt 0.001969 -0.154293 0.000000
vt 0.001969 -0.143389 0.000000
vt 0.001969 -0.132484 0.000000
vt -0.001969 -0.132484 0.000000
vt -0.001969 -0.143389 0.000000
vt -0.001969 -0.154293 0.000000
vt -0.001969 -0.165198 0.000000
vt -0.001969 -0.181462 0.000000
vt 0.001969 -0.181462 0.000000
vt 0.001969 -0.171052 0.000000
vt 0.001969 -0.160642 0.000000
vt 0.001969 -0.150232 0.000000
vt 0.001969 -0.139823 0.000000
vt 0.001969 -0.129413 0.000000
vt 0.001969 -0.119003 0.000000
vt 0.001969 -0.108594 0.000000
vt 0.001969 -0.098184 0.000000
vt 0.001969 -0.087774 0.000000
vt 0.001969 -0.077365 0.000000
vt -0.001969 -0.077365 0.000000
vt -0.001969 -0.087774 0.000000
vt -0.001969 -0.098184 0.000000
vt -0.001969 -0.108594 0.000000
vt -0.001969 -0.119003 0.000000
vt -0.001969 -0.129413 0.000000
vt -0.001969 -0.139823 0.000000
vt -0.001969 -0.150232 0.000000
vt -0.001969 -0.160642 0.000000
vt -0.001969 -0.171052 0.000000
vt 0.003407 -0.001969 0.000000
vt 0.003407 0.001969 0.000000
vt 0.000000 0.001969 0.000000
vt 0.000000 -0.001969 0.000000
vt 0.001969 0.162331 0.000000
vt -0.001969 0.162331 0.000000
vt -0.001969 0.150736 0.000000
vt -0.001969 0.139140 0.000000
vt -0.001969 0.127545 0.000000
vt -0.001969 0.115950 0.000000
vt -0.001969 0.104355 0.000000
vt -0.001969 0.092760 0.000000
vt -0.001969 0.081165 0.000000
vt -0.001969 0.069570 0.000000
vt -0.001969 0.057975 0.000000
vt -0.001969 0.046380 0.000000
vt -0.001969 0.034785 0.000000
vt -0.001969 0.023190 0.000000
vt -0.001969 0.011595 0.000000
vt -0.001969 0.000000 0.000000
vt 0.001969 0.000000 0.000000
vt 0.001969 0.011595 0.000000
vt 0.001969 0.023190 0.000000
vt 0.001969 0.034785 0.000000
vt 0.001969 0.046380 0.000000
vt 0.001969 0.057975 0.000000
vt 0.001969 0.069570 0.000000
vt 0.001969 0.081165 0.000000
vt 0.001969 0.092760 0.000000
vt 0.001969 0.104355 0.000000
vt 0.001969 0.115950 0.000000
vt 0.001969 0.127545 0.000000
vt 0.001969 0.139140 0.000000
vt 0.001969 0.150736 0.000000
vt 0.005771 -0.013933 0.000000
vt 0.013609 -0.043182 0.000000
vt 0.016100 -0.042316 0.000000
vt 0.018537 -0.041307 0.000000
vt 0.020912 -0.040157 0.000000
vt -0.000000 -0.045276 0.000000
vt 0.010075 -0.044140 0.000000
vt 0.019644 -0.040792 0.000000
vt 0.028229 -0.035398 0.000000
vt 0.035398 -0.028229 0.000000
vt 0.040792 -0.019644 0.000000
vt 0.044140 -0.010075 0.000000
vt 0.045276 0.000000 0.000000
vt 0.044140 0.010075 0.000000
vt 0.040792 0.019644 0.000000
vt 0.035398 0.028229 0.000000
vt 0.028229 0.035398 0.000000
vt 0.019644 0.040792 0.000000
vt 0.010075 0.044140 0.000000
vt -0.000000 0.045276 0.000000
vt -0.010075 0.044140 0.000000
vt -0.019644 0.040792 0.000000
vt -0.028229 0.035398 0.000000
vt -0.035398 0.028229 0.000000
vt -0.040792 0.019644 0.000000
vt -0.044140 0.010075 0.000000
vt -0.045276 0.000000 0.000000
vt -0.044140 -0.010075 0.000000
vt -0.040792 -0.019644 0.000000
vt -0.035398 -0.028229 0.000000
vt -0.028229 -0.035398 0.000000
vt -0.019644 -0.040792 0.000000
vt -0.010075 -0.044140 0.000000
vn -0.100000 0.000000 0.000000
vn -0.097662 0.000000 -0.021497
vn -0.090758 0.000000 -0.041989
vn -0.079609 0.000000 -0.060517
vn -0.064739 0.000000 -0.076216
vn -0.046841 0.000000 -0.088351
vn -0.026753 0.000000 -0.096355
vn -0.005414 0.000000 -0.099853
vn 0.016178 0.000000 -0.098683
vn 0.037014 0.000000 -0.092898
vn 0.056119 0.000000 -0.082769
vn 0.072600 0.000000 -0.068770
vn 0.085686 0.000000 -0.051555
vn 0.094765 0.000000 -0.031930
vn 0.099414 0.000000 -0.010812
vn 0.099414 0.000000 0.010812
vn 0.094765 0.000000 0.031930
vn 0.085686 0.000000 0.051555
vn 0.072600 0.000000 0.068770
vn 0.056119 0.000000 0.082769
vn 0.037014 0.000000 0.092898
vn 0.016178 0.000000 0.098683
vn -0.005414 0.000000 0.099853
vn -0.026753 0.000000 0.096355
vn -0.046841 0.000000 0.088351
vn -0.064739 0.000000 0.076216
vn -0.079609 0.000000 0.060517
vn -0.090758 0.000000 0.041989
vn -0.097662 0.000000 0.021497
vn 0.050000 -0.086603 0.000000
vn 0.048746 -0.086603 -0.011126
vn 0.045048 -0.086603 -0.021694
vn 0.039092 -0.086603 -0.031174
vn 0.031174 -0.086603 -0.039092
vn 0.021694 -0.086603 -0.045048
vn 0.011126 -0.086603 -0.048746
vn 0.000000 -0.086603 -0.050000
vn -0.011126 -0.086603 -0.048746
vn -0.021694 -0.086603 -0.045048
vn -0.031174 -0.086603 -0.039092
vn -0.039092 -0.086603 -0.031174
vn -0.045048 -0.086603 -0.021694
vn -0.048746 -0.086603 -0.011126
vn -0.050000 -0.086603 0.000000
vn -0.048746 -0.086603 0.011126
vn -0.045048 -0.086603 0.021694
vn -0.039092 -0.086603 0.031174
vn -0.031174 -0.086603 0.039092
vn -0.021694 -0.086603 0.045048
vn -0.011126 -0.086603 0.048746
vn 0.000000 -0.086603 0.050000
vn 0.011126 -0.086603 0.048746
vn 0.021694 -0.086603 0.045048
vn 0.031174 -0.086603 0.039092
vn 0.039092 -0.086603 0.031174
vn 0.045048 -0.086603 0.021694
vn 0.048746 -0.086603 0.011126
vn -0.086603 -0.050000 0.000000
vn -0.084578 -0.050000 -0.018617
vn -0.078598 -0.050000 -0.036363
vn -0.068944 -0.050000 -0.052410
vn -0.056065 -0.050000 -0.066005
vn -0.040565 -0.050000 -0.076514
vn -0.023169 -0.050000 -0.083446
vn -0.004689 -0.050000 -0.086476
vn 0.014011 -0.050000 -0.085462
vn 0.032055 -0.050000 -0.080452
vn 0.048600 -0.050000 -0.071680
vn 0.062873 -0.050000 -0.059557
vn 0.074206 -0.050000 -0.044648
vn 0.082069 -0.050000 -0.027652
vn 0.086095 -0.050000 -0.009363
vn 0.086095 -0.050000 0.009363
vn 0.082069 -0.050000 0.027652
vn 0.074206 -0.050000 0.044648
vn 0.062873 -0.050000 0.059557
vn 0.048600 -0.050000 0.071680
vn 0.032055 -0.050000 0.080452
vn 0.014011 -0.050000 0.085462
vn -0.004689 -0.050000 0.086476
vn -0.023169 -0.050000 0.083446
vn -0.040565 -0.050000 0.076514
vn -0.056065 -0.050000 0.066005
vn -0.068944 -0.050000 0.052410
vn -0.078598 -0.050000 0.036363
vn -0.084578 -0.050000 0.018617
vn -0.086603 -0.050000 0.000000
vn -0.100000 0.000000 0.000000
vn -0.084578 -0.050000 -0.018617
vn -0.050000 -0.086603 0.000000
vn -0.100000 0.000000 0.000000
vn -0.097662 0.000000 -0.021497
vn -0.090758 0.000000 -0.041989
vn -0.079609 0.000000 -0.060517
vn -0.064739 0.000000 -0.076216
vn -0.046841 0.000000 -0.088351
vn -0.026753 0.000000 -0.096355
vn -0.005414 0.000000 -0.099853
vn 0.016178 0.000000 -0.098683
vn 0.037014 0.000000 -0.092898
vn 0.056119 0.000000 -0.082769
vn 0.072600 0.000000 -0.068770
vn 0.085686 0.000000 -0.051555
vn 0.094765 0.000000 -0.031930
vn 0.099414 0.000000 -0.010812
vn 0.099414 0.000000 0.010812
vn 0.094765 0.000000 0.031930
vn 0.085686 0.000000 0.051555
vn 0.072600 0.000000 0.068770
vn 0.056119 0.000000 0.082769
vn 0.037014 0.000000 0.092898
vn 0.016178 0.000000 0.098683
vn -0.005414 0.000000 0.099853
vn -0.026753 0.000000 0.096355
vn -0.046841 0.000000 0.088351
vn -0.064739 0.000000 0.076216
vn -0.079609 0.000000 0.060517
vn -0.090758 0.000000 0.041989
vn -0.097662 0.000000 0.021497
vn -0.100000 0.000000 0.000000
vn -0.097662 0.000000 0.021497
vn -0.090758 0.000000 0.041989
vn -0.079609 0.000000 0.060517
vn -0.064739 0.000000 0.076216
vn -0.046841 0.000000 0.088351
vn -0.026753 0.000000 0.096355
vn -0.005414 0.000000 0.099853
vn 0.016178 0.000000 0.098683
vn 0.037014 0.000000 0.092898
vn 0.056119 0.000000 0.082769
vn 0.072600 0.000000 0.068770
vn 0.085686 0.000000 0.051555
vn 0.094765 0.000000 0.031930
vn 0.099414 0.000000 0.010812
vn 0.099414 0.000000 -0.010812
vn 0.094765 0.000000 -0.031930
vn 0.085686 0.000000 -0.051555
vn 0.072600 0.000000 -0.068770
vn 0.056119 0.000000 -0.082769
vn 0.037014 0.000000 -0.092898
vn 0.016178 0.000000 -0.098683
vn -0.005414 0.000000 -0.099853
vn -0.026753 0.000000 -0.096355
vn -0.046841 0.000000 -0.088351
vn -0.064739 0.000000 -0.076216
vn -0.079609 0.000000 -0.060517
vn -0.090758 0.000000 -0.041989
vn -0.097662 0.000000 -0.021497
vn -0.100000 0.000000 0.000000
vn -0.100000 0.000000 0.000000
vn -0.050000 0.086603 0.000000
vn -0.048831 0.086603 0.010749
vn -0.045379 0.086603 0.020994
vn -0.039805 0.086603 0.030259
vn -0.032369 0.086603 0.038108
vn -0.023420 0.086603 0.044176
vn -0.013376 0.086603 0.048177
vn -0.002707 0.086603 0.049927
vn 0.008089 0.086603 0.049341
vn 0.018507 0.086603 0.046449
vn 0.028059 0.086603 0.041384
vn 0.036300 0.086603 0.034385
vn 0.042843 0.086603 0.025778
vn 0.047383 0.086603 0.015965
vn 0.049707 0.086603 0.005406
vn 0.049707 0.086603 -0.005406
vn 0.047383 0.086603 -0.015965
vn 0.042843 0.086603 -0.025778
vn 0.036300 0.086603 -0.034385
vn 0.028059 0.086603 -0.041384
vn 0.018507 0.086603 -0.046449
vn 0.008089 0.086603 -0.049341
vn -0.002707 0.086603 -0.049927
vn -0.013376 0.086603 -0.048177
vn -0.023420 0.086603 -0.044176
vn -0.032369 0.086603 -0.038108
vn -0.039805 0.086603 -0.030259
vn -0.045379 0.086603 -0.020994
vn -0.048831 0.086603 -0.010749
vn -0.100000 0.000000 0.000000
vn -0.097493 0.000000 -0.022252
vn -0.090097 0.000000 -0.043388
vn -0.078183 0.000000 -0.062349
vn -0.062349 0.000000 -0.078183
vn -0.043388 0.000000 -0.090097
vn -0.022252 0.000000 -0.097493
vn 0.000000 0.000000 -0.100000
vn 0.022252 0.000000 -0.097493
vn 0.043388 0.000000 -0.090097
vn 0.062349 0.000000 -0.078183
vn 0.078183 0.000000 -0.062349
vn 0.090097 0.000000 -0.043388
vn 0.097493 0.000000 -0.022252
vn 0.100000 0.000000 0.000000
vn 0.097493 0.000000 0.022252
vn 0.090097 0.000000 0.043388
vn 0.078183 0.000000 0.062349
vn 0.062349 0.000000 0.078183
vn 0.043388 0.000000 0.090097
vn 0.022252 0.000000 0.097493
vn 0.000000 0.000000 0.100000
vn -0.022252 0.000000 0.097493
vn -0.043388 0.000000 0.090097
vn -0.062349 0.000000 0.078183
vn -0.078183 0.000000 0.062349
vn -0.090097 0.000000 0.043388
vn -0.097493 0.000000 0.022252
vn -0.086603 0.050000 0.000000
vn 0.053010 0.050000 -0.068483
vn 0.086158 0.050000 0.008761
vn 0.053010 0.050000 0.068483
vn -0.084830 0.050000 0.017433
vn -0.079584 0.050000 0.034152
vn -0.071080 0.050000 0.049473
vn -0.059666 0.050000 0.062769
vn -0.045810 0.050000 0.073495
vn -0.030078 0.050000 0.081212
vn -0.013114 0.050000 0.085604
vn 0.004386 0.050000 0.086491
vn 0.021707 0.050000 0.083838
vn 0.038139 0.050000 0.077752
vn 0.065710 0.050000 0.056411
vn 0.075721 0.050000 0.042028
vn 0.082631 0.050000 0.025926
vn 0.086158 0.050000 -0.008761
vn 0.082631 0.050000 -0.025926
vn 0.075721 0.050000 -0.042028
vn 0.065710 0.050000 -0.056411
vn 0.038139 0.050000 -0.077752
vn 0.021707 0.050000 -0.083838
vn 0.004386 0.050000 -0.086491
vn -0.013114 0.050000 -0.085604
vn -0.030078 0.050000 -0.081212
vn -0.045810 0.050000 -0.073495
vn -0.059666 0.050000 -0.062769
vn -0.071080 0.050000 -0.049473
vn -0.079584 0.050000 -0.034152
vn -0.084830 0.050000 -0.017433
vn -0.086603 0.050000 0.000000
vn -0.050000 0.086603 0.000000
vn -0.050000 0.086603 0.000000
vn -0.100000 0.000000 0.000000
vn -0.084830 0.050000 0.017433
vn -0.021658 0.000000 -0.097627
vn -0.015935 0.000000 -0.098722
vn -0.010159 0.000000 -0.099483
vn -0.004348 0.000000 -0.099905
vn -0.002899 0.000000 -0.099958
vn -0.001450 0.000000 -0.099989
vn 0.000000 0.000000 -0.100000
vn 0.001450 0.000000 -0.099989
vn 0.002899 0.000000 -0.099958
vn 0.004348 0.000000 -0.099905
vn 0.010159 0.000000 -0.099483
vn 0.015935 0.000000 -0.098722
vn 0.021658 0.000000 -0.097627
vn 0.023071 0.000000 -0.097302
vn 0.024479 0.000000 -0.096958
vn 0.025882 0.000000 -0.096593
vn 0.027279 0.000000 -0.096207
vn 0.028671 0.000000 -0.095802
vn 0.030057 0.000000 -0.095376
vn 0.035561 0.000000 -0.093464
vn 0.040944 0.000000 -0.091234
vn 0.046187 0.000000 -0.088695
vn 0.047468 0.000000 -0.088016
vn 0.048739 0.000000 -0.087318
vn 0.050000 0.000000 -0.086603
vn 0.051250 0.000000 -0.085869
vn 0.052490 0.000000 -0.085117
vn 0.053718 0.000000 -0.084347
vn 0.058539 0.000000 -0.081075
vn 0.063161 0.000000 -0.077528
vn 0.067569 0.000000 -0.073718
vn 0.068631 0.000000 -0.072731
vn 0.069678 0.000000 -0.071728
vn 0.070711 0.000000 -0.070711
vn 0.071728 0.000000 -0.069678
vn 0.072731 0.000000 -0.068631
vn 0.073718 0.000000 -0.067569
vn 0.077528 0.000000 -0.063161
vn 0.081075 0.000000 -0.058539
vn 0.084347 0.000000 -0.053718
vn 0.085117 0.000000 -0.052490
vn 0.085869 0.000000 -0.051250
vn 0.086603 0.000000 -0.050000
vn 0.087318 0.000000 -0.048739
vn 0.088016 0.000000 -0.047468
vn 0.088695 0.000000 -0.046187
vn 0.091234 0.000000 -0.040944
vn 0.093464 0.000000 -0.035561
vn 0.095376 0.000000 -0.030057
vn 0.095802 0.000000 -0.028671
vn 0.096207 0.000000 -0.027279
vn 0.096593 0.000000 -0.025882
vn 0.096958 0.000000 -0.024479
vn 0.097302 0.000000 -0.023071
vn 0.097627 0.000000 -0.021658
vn 0.098722 0.000000 -0.015935
vn 0.099483 0.000000 -0.010159
vn 0.099905 0.000000 -0.004348
vn 0.099958 0.000000 -0.002899
vn 0.099989 0.000000 -0.001450
vn 0.100000 0.000000 0.000000
vn 0.099989 0.000000 0.001450
vn 0.099958 0.000000 0.002899
vn 0.099905 0.000000 0.004348
vn 0.099483 0.000000 0.010159
vn 0.098722 0.000000 0.015935
vn 0.097627 0.000000 0.021658
vn 0.097302 0.000000 0.023071
vn 0.096958 0.000000 0.024479
vn 0.096593 0.000000 0.025882
vn 0.096207 0.000000 0.027279
vn 0.095802 0.000000 0.028671
vn 0.095376 0.000000 0.030057
vn 0.093464 0.000000 0.035561
vn 0.091234 0.000000 0.040944
vn 0.088695 0.000000 0.046187
vn 0.088016 0.000000 0.047468
vn 0.087318 0.000000 0.048739
vn 0.086603 0.000000 0.050000
vn 0.085869 0.000000 0.051250
vn 0.085117 0.000000 0.052490
vn 0.084347 0.000000 0.053718
vn 0.081075 0.000000 0.058539
vn 0.077528 0.000000 0.063161
vn 0.073718 0.000000 0.067569
vn 0.072731 0.000000 0.068631
vn 0.071728 0.000000 0.069678
vn 0.070711 0.000000 0.070711
vn 0.069678 0.000000 0.071728
vn 0.068631 0.000000 0.072731
vn 0.067569 0.000000 0.073718
vn 0.063161 0.000000 0.077528
vn 0.058539 0.000000 0.081075
vn 0.053718 0.000000 0.084347
vn 0.052490 0.000000 0.085117
vn 0.051250 0.000000 0.085869
vn 0.050000 0.000000 0.086603
vn 0.048739 0.000000 0.087318
vn 0.047468 0.000000 0.088016
vn 0.046187 0.000000 0.088695
vn 0.040944 0.000000 0.091234
vn 0.035561 0.000000 0.093464
vn 0.030057 0.000000 0.095376
vn 0.028671 0.000000 0.095802
vn 0.027279 0.000000 0.096207
vn 0.025882 0.000000 0.096593
vn 0.024479 0.000000 0.096958
vn 0.023071 0.000000 0.097302
vn 0.021658 0.000000 0.097627
vn 0.015935 0.000000 0.098722
vn 0.010159 0.000000 0.099483
vn 0.004348 0.000000 0.099905
vn 0.002899 0.000000 0.099958
vn 0.001450 0.000000 0.099989
vn 0.000000 0.000000 0.100000
vn -0.001450 0.000000 0.099989
vn -0.002899 0.000000 0.099958
vn -0.004348 0.000000 0.099905
vn -0.010159 0.000000 0.099483
vn -0.015935 0.000000 0.098722
vn -0.021658 0.000000 0.097627
vn -0.023071 0.000000 0.097302
vn -0.024479 0.000000 0.096958
vn -0.025882 0.000000 0.096593
vn -0.027279 0.000000 0.096207
vn -0.028671 0.000000 0.095802
vn -0.030057 0.000000 0.095376
vn -0.035561 0.000000 0.093464
vn -0.040944 0.000000 0.091234
vn -0.046187 0.000000 0.088695
vn -0.047468 0.000000 0.088016
vn -0.048739 0.000000 0.087318
vn -0.050000 0.000000 0.086603
vn -0.051250 0.000000 0.085869
vn -0.052490 0.000000 0.085117
vn -0.053718 0.000000 0.084347
vn -0.058539 0.000000 0.081075
vn -0.063161 0.000000 0.077528
vn -0.067569 0.000000 0.073718
vn -0.068631 0.000000 0.072731
vn -0.069678 0.000000 0.071728
vn -0.070711 0.000000 0.070711
vn -0.071728 0.000000 0.069678
vn -0.072731 0.000000 0.068631
vn -0.073718 0.000000 0.067569
vn -0.077528 0.000000 0.063161
vn -0.081075 0.000000 0.058539
vn -0.084347 0.000000 0.053718
vn -0.085117 0.000000 0.052490
vn -0.085869 0.000000 0.051250
vn -0.086603 0.000000 0.050000
vn -0.087318 0.000000 0.048739
vn -0.088016 0.000000 0.047468
vn -0.088695 0.000000 0.046187
vn -0.091234 0.000000 0.040944
vn -0.093464 0.000000 0.035561
vn -0.095376 0.000000 0.030057
vn -0.095802 0.000000 0.028671
vn -0.096207 0.000000 0.027279
vn -0.096593 0.000000 0.025882
vn -0.096958 0.000000 0.024479
vn -0.097302 0.000000 0.023071
vn -0.097627 0.000000 0.021658
vn -0.098722 0.000000 0.015935
vn -0.099483 0.000000 0.010159
vn -0.099905 0.000000 0.004348
vn -0.099958 0.000000 0.002899
vn -0.099989 0.000000 0.001450
vn -0.100000 0.000000 0.000000
vn -0.099989 0.000000 -0.001450
vn -0.099958 0.000000 -0.002899
vn -0.099905 0.000000 -0.004348
vn -0.099483 0.000000 -0.010159
vn -0.098722 0.000000 -0.015935
vn -0.097627 0.000000 -0.021658
vn -0.097302 0.000000 -0.023071
vn -0.096958 0.000000 -0.024479
vn -0.096593 0.000000 -0.025882
vn -0.096207 0.000000 -0.027279
vn -0.095802 0.000000 -0.028671
vn -0.095376 0.000000 -0.030057
vn -0.093464 0.000000 -0.035561
vn -0.091234 0.000000 -0.040944
vn -0.088695 0.000000 -0.046187
vn -0.088016 0.000000 -0.047468
vn -0.087318 0.000000 -0.048739
vn -0.086603 0.000000 -0.050000
vn -0.085869 0.000000 -0.051250
vn -0.085117 0.000000 -0.052490
vn -0.084347 0.000000 -0.053718
vn -0.081075 0.000000 -0.058539
vn -0.077528 0.000000 -0.063161
vn -0.073718 0.000000 -0.067569
vn -0.072731 0.000000 -0.068631
vn -0.071728 0.000000 -0.069678
vn -0.070711 0.000000 -0.070711
vn -0.069678 0.000000 -0.071728
vn -0.068631 0.000000 -0.072731
vn -0.067569 0.000000 -0.073718
vn -0.063161 0.000000 -0.077528
vn -0.058539 0.000000 -0.081075
vn -0.053718 0.000000 -0.084347
vn -0.052490 0.000000 -0.085117
vn -0.051250 0.000000 -0.085869
vn -0.050000 0.000000 -0.086603
vn -0.048739 0.000000 -0.087318
vn -0.047468 0.000000 -0.088016
vn -0.046187 0.000000 -0.088695
vn -0.040944 0.000000 -0.091234
vn -0.035561 0.000000 -0.093464
vn -0.030057 0.000000 -0.095376
vn -0.028671 0.000000 -0.095802
vn -0.027279 0.000000 -0.096207
vn -0.025882 0.000000 -0.096593
vn -0.024479 0.000000 -0.096958
vn -0.023071 0.000000 -0.097302
vn -0.100000 0.000000 0.000000
vn -0.097493 0.000000 0.022252
vn -0.090097 0.000000 0.043388
vn -0.078183 0.000000 0.062349
vn -0.062349 0.000000 0.078183
vn -0.043388 0.000000 0.090097
vn -0.022252 0.000000 0.097493
vn 0.000000 0.000000 0.100000
vn 0.022252 0.000000 0.097493
vn 0.043388 0.000000 0.090097
vn 0.062349 0.000000 0.078183
vn 0.078183 0.000000 0.062349
vn 0.090097 0.000000 0.043388
vn 0.097493 0.000000 0.022252
vn 0.100000 0.000000 0.000000
vn 0.097493 0.000000 -0.022252
vn 0.090097 0.000000 -0.043388
vn 0.078183 0.000000 -0.062349
vn 0.062349 0.000000 -0.078183
vn 0.043388 0.000000 -0.090097
vn 0.022252 0.000000 -0.097493
vn 0.000000 0.000000 -0.100000
vn -0.022252 0.000000 -0.097493
vn -0.043388 0.000000 -0.090097
vn -0.062349 0.000000 -0.078183
vn -0.078183 0.000000 -0.062349
vn -0.090097 0.000000 -0.043388
vn -0.097493 0.000000 -0.022252
vn 0.100000 0.000000 0.000000
vn 0.100000 0.000000 0.000000
vn 0.100000 0.000000 0.000000
vn 0.100000 0.000000 0.000000
vn 0.100000 0.000000 0.000000
vn 0.100000 0.000000 0.000000
vn -0.100000 0.000000 0.000000
vn -0.097493 0.000000 0.022252
vn -0.090097 0.000000 0.043388
vn -0.078183 0.000000 0.062349
vn -0.062349 0.000000 0.078183
vn -0.043388 0.000000 0.090097
vn -0.022252 0.000000 0.097493
vn 0.000000 0.000000 0.100000
vn 0.022252 0.000000 0.097493
vn 0.043388 0.000000 0.090097
vn 0.062349 0.000000 0.078183
vn 0.078183 0.000000 0.062349
vn 0.090097 0.000000 0.043388
vn 0.097493 0.000000 0.022252
vn 0.100000 0.000000 0.000000
vn 0.097493 0.000000 -0.022252
vn 0.090097 0.000000 -0.043388
vn 0.078183 0.000000 -0.062349
vn 0.062349 0.000000 -0.078183
vn 0.043388 0.000000 -0.090097
vn 0.022252 0.000000 -0.097493
vn 0.000000 0.000000 -0.100000
vn -0.022252 0.000000 -0.097493
vn -0.043388 0.000000 -0.090097
vn -0.062349 0.000000 -0.078183
vn -0.078183 0.000000 -0.062349
vn -0.090097 0.000000 -0.043388
vn -0.097493 0.000000 -0.022252
vn 0.100000 0.000000 0.000000
vn 0.097493 0.000000 0.022252
vn 0.090097 0.000000 0.043388
vn 0.078183 0.000000 0.062349
vn 0.062349 0.000000 0.078183
vn 0.043388 0.000000 0.090097
vn 0.022252 0.000000 0.097493
vn 0.000000 0.000000 0.100000
vn -0.022252 0.000000 0.097493
vn -0.043388 0.000000 0.090097
vn -0.062349 0.000000 0.078183
vn -0.078183 0.000000 0.062349
vn -0.090097 0.000000 0.043388
vn -0.097493 0.000000 0.022252
vn -0.100000 0.000000 0.000000
vn -0.097493 0.000000 -0.022252
vn -0.090097 0.000000 -0.043388
vn -0.078183 0.000000 -0.062349
vn -0.062349 0.000000 -0.078183
vn -0.043388 0.000000 -0.090097
vn -0.022252 0.000000 -0.097493
vn 0.000000 0.000000 -0.100000
vn 0.022252 0.000000 -0.097493
vn 0.043388 0.000000 -0.090097
vn 0.062349 0.000000 -0.078183
vn 0.078183 0.000000 -0.062349
vn 0.090097 0.000000 -0.043388
vn 0.097493 0.000000 -0.022252
vn 0.100000 0.000000 0.000000
vn 0.100000 0.000000 0.000000
vn 0.096593 0.000000 -0.025882
vn 0.096593 0.000000 -0.025882
vn 0.096593 0.000000 -0.025882
vn 0.096593 0.000000 -0.025882
vn 0.096593 0.000000 -0.025882
vn 0.096593 0.000000 -0.025882
vn 0.096593 0.000000 -0.025882
vn 0.096593 0.000000 -0.025882
vn 0.096593 0.000000 -0.025882
vn 0.096593 0.000000 -0.025882
vn 0.096593 0.000000 -0.025882
vn 0.096593 0.000000 -0.025882
vn 0.096593 0.000000 -0.025882
vn 0.096593 0.000000 -0.025882
vn 0.096593 0.000000 -0.025882
vn 0.096593 0.000000 -0.025882
vn 0.096593 0.000000 -0.025882
vn 0.096593 0.000000 -0.025882
vn 0.096593 0.000000 -0.025882
vn 0.096593 0.000000 -0.025882
vn 0.096593 0.000000 -0.025882
vn 0.096593 0.000000 -0.025882
vn 0.096593 0.000000 -0.025882
vn 0.096593 0.000000 -0.025882
vn 0.096593 0.000000 -0.025882
vn 0.096593 0.000000 -0.025882
vn 0.096593 0.000000 -0.025882
vn 0.096593 0.000000 -0.025882
vn 0.096593 0.000000 -0.025882
vn 0.096593 0.000000 -0.025882
vn 0.096593 0.000000 -0.025882
vn 0.096593 0.000000 -0.025882
vn 0.096593 0.000000 -0.025882
vn 0.096593 0.000000 -0.025882
vn 0.096593 0.000000 -0.025882
vn 0.000000 -0.100000 0.000000
vn 0.000000 -0.100000 0.000000
vn 0.000000 -0.100000 0.000000
vn 0.000000 -0.100000 0.000000
vn 0.000000 -0.100000 0.000000
vn 0.000000 -0.100000 0.000000
vn 0.000000 -0.100000 0.000000
vn 0.000000 -0.100000 0.000000
vn 0.000000 -0.100000 0.000000
vn 0.000000 -0.100000 0.000000
vn 0.000000 -0.100000 0.000000
vn 0.000000 -0.100000 0.000000
vn 0.000000 -0.100000 0.000000
vn 0.000000 -0.100000 0.000000
vn 0.000000 -0.100000 0.000000
vn 0.000000 -0.100000 0.000000
vn 0.000000 -0.100000 0.000000
vn 0.000000 -0.100000 0.000000
vn 0.000000 -0.100000 0.000000
vn 0.000000 -0.100000 0.000000
vn 0.000000 -0.100000 0.000000
vn 0.000000 -0.100000 0.000000
vn 0.000000 -0.100000 0.000000
vn 0.000000 -0.100000 0.000000
vn 0.000000 -0.100000 0.000000
vn 0.000000 -0.100000 0.000000
vn 0.000000 -0.100000 0.000000
vn 0.000000 -0.100000 0.000000
vn 0.000000 -0.100000 0.000000
vn 0.000000 -0.100000 0.000000
vn 0.000000 -0.100000 0.000000
vn 0.000000 -0.100000 0.000000
vn 0.000000 -0.100000 0.000000
vn 0.000000 -0.100000 0.000000
vn 0.000000 -0.100000 0.000000
vn 0.000000 -0.100000 0.000000
vn 0.000000 -0.100000 0.000000
vn 0.000000 -0.100000 0.000000
vn 0.000000 -0.100000 0.000000
vn 0.000000 -0.100000 0.000000
vn 0.000000 -0.100000 0.000000
vn 0.000000 -0.100000 0.000000
vn 0.000000 -0.100000 0.000000
vn 0.000000 -0.100000 0.000000
vn 0.000000 -0.100000 0.000000
vn 0.000000 -0.100000 0.000000
vn 0.000000 -0.100000 0.000000
vn 0.000000 -0.100000 0.000000
vn 0.000000 -0.100000 0.000000
vn 0.000000 -0.100000 0.000000
vn 0.000000 -0.100000 0.000000
vn 0.000000 -0.100000 0.000000
vn 0.000000 -0.100000 0.000000
vn 0.000000 -0.100000 0.000000
vn 0.000000 -0.100000 0.000000
vn 0.000000 -0.100000 0.000000
vn 0.000000 -0.100000 0.000000
vn 0.000000 -0.100000 0.000000
vn 0.000000 -0.100000 0.000000
vn 0.000000 -0.100000 0.000000
vn 0.000000 -0.100000 0.000000
vn 0.000000 -0.100000 0.000000
vn 0.000000 -0.100000 0.000000
vn 0.000000 -0.100000 0.000000
vn 0.000000 -0.100000 0.000000
vn 0.000000 -0.100000 0.000000
vn 0.000000 -0.100000 0.000000
vn 0.000000 -0.100000 0.000000
vn 0.000000 -0.100000 0.000000
vn 0.000000 -0.100000 0.000000
vn 0.000000 -0.100000 0.000000
vn 0.000000 -0.100000 0.000000
vn 0.000000 -0.100000 0.000000
vn 0.000000 -0.100000 0.000000
vn 0.000000 -0.100000 0.000000
vn 0.000000 -0.100000 0.000000
vn 0.000000 -0.100000 0.000000
vn 0.000000 -0.100000 0.000000
vn 0.000000 -0.100000 0.000000
vn 0.000000 -0.100000 0.000000
vn 0.000000 -0.100000 0.000000
vn 0.000000 -0.100000 0.000000
vn 0.000000 -0.100000 0.000000
vn 0.000000 -0.100000 0.000000
vn 0.000000 -0.100000 0.000000
vn 0.000000 -0.100000 0.000000
vn 0.000000 -0.100000 0.000000
vn 0.000000 -0.100000 0.000000
vn 0.000000 -0.100000 0.000000
vn 0.000000 -0.100000 0.000000
vn 0.000000 -0.100000 0.000000
vn 0.000000 -0.100000 0.000000
vn 0.000000 -0.100000 0.000000
vn 0.000000 -0.100000 0.000000
vn 0.000000 -0.100000 0.000000
vn 0.000000 -0.100000 0.000000
vn 0.000000 -0.100000 0.000000
vn 0.000000 -0.100000 0.000000
vn 0.000000 -0.100000 0.000000
vn 0.000000 -0.100000 0.000000
vn 0.000000 -0.100000 0.000000
vn 0.000000 -0.100000 0.000000
vn 0.000000 -0.100000 0.000000
vn 0.000000 -0.100000 0.000000
vn 0.000000 -0.100000 0.000000
vn 0.000000 -0.100000 0.000000
vn 0.000000 -0.100000 0.000000
vn 0.000000 -0.100000 0.000000
vn 0.000000 -0.100000 0.000000
vn 0.000000 -0.100000 0.000000
vn 0.000000 -0.100000 0.000000
vn 0.000000 -0.100000 0.000000
vn 0.000000 -0.100000 0.000000
vn 0.000000 -0.100000 0.000000
vn 0.000000 -0.100000 0.000000
vn 0.000000 -0.100000 0.000000
vn 0.000000 -0.100000 0.000000
vn 0.000000 -0.100000 0.000000
vn 0.000000 -0.100000 0.000000
vn 0.000000 -0.100000 0.000000
vn 0.000000 -0.100000 0.000000
vn 0.000000 -0.100000 0.000000
vn 0.000000 -0.100000 0.000000
vn 0.000000 -0.100000 0.000000
vn 0.000000 -0.100000 0.000000
vn 0.000000 -0.100000 0.000000
vn 0.000000 -0.100000 0.000000
vn 0.000000 -0.100000 0.000000
vn 0.000000 -0.100000 0.000000
vn 0.000000 -0.100000 0.000000
vn 0.000000 -0.100000 0.000000
vn 0.000000 -0.100000 0.000000
vn 0.000000 -0.100000 0.000000
vn 0.000000 -0.100000 0.000000
vn 0.000000 -0.100000 0.000000
vn 0.000000 -0.100000 0.000000
vn 0.000000 -0.100000 0.000000
vn 0.000000 -0.100000 0.000000
vn 0.000000 -0.100000 0.000000
vn 0.000000 -0.100000 0.000000
vn 0.000000 -0.100000 0.000000
vn 0.000000 -0.100000 0.000000
vn 0.000000 -0.100000 0.000000
vn 0.000000 -0.100000 0.000000
vn 0.000000 -0.100000 0.000000
vn 0.000000 -0.100000 0.000000
vn 0.000000 -0.100000 0.000000
vn 0.000000 -0.100000 0.000000
vn 0.000000 -0.100000 0.000000
vn 0.000000 -0.100000 0.000000
vn 0.000000 -0.100000 0.000000
vn 0.000000 -0.100000 0.000000
vn 0.000000 -0.100000 0.000000
vn 0.000000 -0.100000 0.000000
vn 0.000000 -0.100000 0.000000
vn 0.000000 -0.100000 0.000000
vn 0.000000 -0.100000 0.000000
vn 0.000000 -0.100000 0.000000
vn 0.000000 -0.100000 0.000000
vn 0.000000 -0.100000 0.000000
vn 0.000000 -0.100000 0.000000
vn 0.000000 -0.100000 0.000000
vn 0.000000 -0.100000 0.000000
vn 0.000000 -0.100000 0.000000
vn 0.000000 -0.100000 0.000000
vn 0.000000 -0.100000 0.000000
vn 0.000000 -0.100000 0.000000
vn 0.000000 -0.100000 0.000000
vn 0.000000 -0.100000 0.000000
vn 0.000000 -0.100000 0.000000
vn 0.000000 -0.100000 0.000000
vn 0.000000 -0.100000 0.000000
vn 0.000000 -0.100000 0.000000
vn 0.000000 -0.100000 0.000000
vn 0.000000 -0.100000 0.000000
vn 0.000000 -0.100000 0.000000
vn 0.000000 -0.100000 0.000000
vn 0.000000 -0.100000 0.000000
vn 0.000000 -0.100000 0.000000
vn 0.000000 -0.100000 0.000000
vn 0.000000 -0.100000 0.000000
vn 0.000000 -0.100000 0.000000
vn 0.000000 -0.100000 0.000000
vn 0.000000 -0.100000 0.000000
vn 0.000000 -0.100000 0.000000
vn 0.000000 -0.100000 0.000000
vn 0.000000 -0.100000 0.000000
vn 0.000000 -0.100000 0.000000
vn 0.000000 -0.100000 0.000000
vn 0.000000 -0.100000 0.000000
vn 0.000000 -0.100000 0.000000
vn 0.000000 -0.100000 0.000000
vn 0.000000 -0.100000 0.000000
vn 0.000000 -0.100000 0.000000
vn 0.000000 -0.100000 0.000000
vn 0.000000 -0.100000 0.000000
vn 0.000000 -0.100000 0.000000
vn 0.000000 -0.100000 0.000000
vn 0.000000 -0.100000 0.000000
vn 0.000000 -0.100000 0.000000
vn 0.000000 -0.100000 0.000000
vn 0.000000 -0.100000 0.000000
vn 0.000000 -0.100000 0.000000
vn 0.000000 -0.100000 0.000000
vn 0.000000 -0.100000 0.000000
vn 0.000000 -0.100000 0.000000
vn 0.000000 -0.100000 0.000000
vn 0.000000 -0.100000 0.000000
vn 0.000000 -0.100000 0.000000
vn 0.000000 -0.100000 0.000000
vn 0.000000 -0.100000 0.000000
vn 0.000000 -0.100000 0.000000
vn 0.000000 -0.100000 0.000000
vn 0.000000 -0.100000 0.000000
vn 0.000000 -0.100000 0.000000
vn 0.000000 -0.100000 0.000000
vn 0.000000 -0.100000 0.000000
vn 0.000000 -0.100000 0.000000
vn 0.000000 -0.100000 0.000000
vn 0.000000 -0.100000 0.000000
vn 0.000000 -0.100000 0.000000
vn 0.000000 -0.100000 0.000000
vn 0.000000 -0.100000 0.000000
vn 0.000000 -0.100000 0.000000
vn 0.000000 -0.100000 0.000000
vn -0.096593 0.000000 -0.025882
vn -0.096593 0.000000 -0.025882
vn -0.096593 0.000000 -0.025882
vn -0.096593 0.000000 -0.025882
vn -0.096593 0.000000 -0.025882
vn -0.096593 0.000000 -0.025882
vn -0.096593 0.000000 -0.025882
vn -0.096593 0.000000 -0.025882
vn -0.096593 0.000000 -0.025882
vn -0.096593 0.000000 -0.025882
vn -0.096593 0.000000 -0.025882
vn -0.096593 0.000000 -0.025882
vn -0.096593 0.000000 -0.025882
vn -0.096593 0.000000 -0.025882
vn -0.096593 0.000000 -0.025882
vn -0.096593 0.000000 -0.025882
vn -0.096593 0.000000 -0.025882
vn -0.096593 0.000000 -0.025882
vn -0.096593 0.000000 -0.025882
vn -0.096593 0.000000 -0.025882
vn -0.096593 0.000000 -0.025882
vn -0.096593 0.000000 -0.025882
vn -0.096593 0.000000 -0.025882
vn -0.096593 0.000000 -0.025882
vn -0.096593 0.000000 -0.025882
vn -0.096593 0.000000 -0.025882
vn -0.096593 0.000000 -0.025882
vn -0.096593 0.000000 -0.025882
vn -0.096593 0.000000 -0.025882
vn -0.096593 0.000000 -0.025882
vn -0.096593 0.000000 -0.025882
vn -0.096593 0.000000 -0.025882
vn -0.096593 0.000000 -0.025882
vn -0.096593 0.000000 -0.025882
vn -0.096593 0.000000 -0.025882
vn 0.024029 -0.037157 -0.089677
vn 0.024029 -0.037157 -0.089677
vn 0.024029 -0.037157 -0.089677
vn 0.024029 -0.037157 -0.089677
vn 0.024029 -0.037157 -0.089677
vn -0.024029 0.037157 0.089677
vn -0.024029 0.037157 0.089677
vn -0.024029 0.037157 0.089677
vn -0.024029 0.037157 0.089677
vn -0.024029 0.037157 0.089677
vn -0.024029 0.037157 0.089677
vn -0.025435 0.018509 0.094924
vn -0.025881 -0.000837 0.096589
vn -0.025351 -0.020152 0.094611
vn -0.023864 -0.038706 0.089064
vn -0.023864 -0.038706 0.089064
vn -0.025351 -0.020152 0.094611
vn -0.025881 -0.000837 0.096589
vn -0.025435 0.018509 0.094924
vn -0.024127 -0.036194 0.090044
vn -0.024127 -0.036194 0.090044
vn -0.022057 -0.052317 0.082319
vn -0.019273 -0.066746 0.071927
vn -0.015864 -0.079012 0.059206
vn -0.011942 -0.088719 0.044567
vn -0.007632 -0.095553 0.028485
vn -0.003076 -0.099291 0.011480
vn 0.001580 -0.099813 -0.005897
vn 0.006185 -0.097102 -0.023083
vn 0.010590 -0.091246 -0.039522
vn 0.014651 -0.082434 -0.054680
vn 0.014651 -0.082434 -0.054680
vn 0.010590 -0.091246 -0.039522
vn 0.006185 -0.097102 -0.023083
vn 0.001580 -0.099813 -0.005897
vn -0.003076 -0.099291 0.011480
vn -0.007632 -0.095553 0.028485
vn -0.011942 -0.088719 0.044567
vn -0.015864 -0.079012 0.059206
vn -0.019273 -0.066746 0.071927
vn -0.022057 -0.052317 0.082319
vn -0.021336 -0.056609 0.079626
vn -0.021336 -0.056609 0.079626
vn -0.021336 -0.056609 0.079626
vn -0.021336 -0.056609 0.079626
vn -0.015099 0.081220 0.056350
vn -0.015099 0.081220 0.056350
vn -0.011001 0.090518 0.041055
vn -0.006531 0.096764 0.024375
vn -0.001842 0.099746 0.006874
vn 0.002910 0.099366 -0.010859
vn 0.007563 0.095635 -0.028226
vn 0.011961 0.088680 -0.044641
vn 0.015957 0.078734 -0.059551
vn 0.019414 0.066134 -0.072453
vn 0.022216 0.051304 -0.082912
vn 0.024270 0.034744 -0.090575
vn 0.025505 0.017012 -0.095185
vn 0.025880 -0.001293 -0.096585
vn 0.025382 -0.019554 -0.094728
vn 0.024029 -0.037157 -0.089677
vn 0.024029 -0.037157 -0.089677
vn 0.025382 -0.019554 -0.094728
vn 0.025880 -0.001293 -0.096585
vn 0.025505 0.017012 -0.095185
vn 0.024270 0.034744 -0.090575
vn 0.022216 0.051304 -0.082912
vn 0.019414 0.066134 -0.072453
vn 0.015957 0.078734 -0.059551
vn 0.011961 0.088680 -0.044641
vn 0.007563 0.095635 -0.028226
vn 0.002910 0.099366 -0.010859
vn -0.001842 0.099746 0.006874
vn -0.006531 0.096764 0.024375
vn -0.011001 0.090518 0.041055
vn 0.096593 0.000000 0.025882
vn 0.096593 0.000000 0.025882
vn 0.096593 0.000000 0.025882
vn 0.096593 0.000000 0.025882
vn 0.096593 0.000000 0.025882
vn 0.096593 0.000000 0.025882
vn 0.096593 0.000000 0.025882
vn 0.096593 0.000000 0.025882
vn 0.096593 0.000000 0.025882
vn 0.096593 0.000000 0.025882
vn 0.096593 0.000000 0.025882
vn 0.096593 0.000000 0.025882
vn 0.096593 0.000000 0.025882
vn 0.096593 0.000000 0.025882
vn 0.096593 0.000000 0.025882
vn 0.096593 0.000000 0.025882
vn 0.096593 0.000000 0.025882
vn 0.096593 0.000000 0.025882
vn 0.096593 0.000000 0.025882
vn 0.096593 0.000000 0.025882
vn 0.096593 0.000000 0.025882
vn 0.096593 0.000000 0.025882
vn 0.096593 0.000000 0.025882
vn 0.096593 0.000000 0.025882
vn 0.096593 0.000000 0.025882
vn 0.096593 0.000000 0.025882
vn 0.096593 0.000000 0.025882
vn 0.096593 0.000000 0.025882
vn 0.096593 0.000000 0.025882
vn 0.096593 0.000000 0.025882
vn 0.096593 0.000000 0.025882
vn 0.096593 0.000000 0.025882
vn 0.096593 0.000000 0.025882
vn 0.096593 0.000000 0.025882
vn 0.096593 0.000000 0.025882
vn 0.000000 -0.100000 0.000000
vn 0.000000 -0.100000 0.000000
vn 0.000000 -0.100000 0.000000
vn 0.000000 -0.100000 0.000000
vn 0.000000 -0.100000 0.000000
vn -0.086603 0.000000 -0.050000
vn -0.086603 0.000000 -0.050000
vn -0.086603 0.000000 -0.050000
vn -0.086603 0.000000 -0.050000
vn -0.086603 0.000000 -0.050000
vn -0.086603 0.000000 -0.050000
vn -0.086603 0.000000 -0.050000
vn -0.086603 0.000000 -0.050000
vn -0.086603 0.000000 -0.050000
vn -0.086603 0.000000 -0.050000
vn -0.086603 0.000000 -0.050000
vn -0.086603 0.000000 -0.050000
vn -0.086603 0.000000 -0.050000
vn -0.086603 0.000000 -0.050000
vn -0.086603 0.000000 -0.050000
vn -0.086603 0.000000 -0.050000
vn -0.086603 0.000000 -0.050000
vn -0.086603 0.000000 -0.050000
vn -0.086603 0.000000 -0.050000
vn -0.086603 0.000000 -0.050000
vn -0.086603 0.000000 -0.050000
vn -0.086603 0.000000 -0.050000
vn -0.086603 0.000000 -0.050000
vn -0.086603 0.000000 -0.050000
vn -0.086603 0.000000 -0.050000
vn -0.086603 0.000000 -0.050000
vn -0.086603 0.000000 -0.050000
vn -0.086603 0.000000 -0.050000
vn -0.086603 0.000000 -0.050000
vn -0.086603 0.000000 -0.050000
vn -0.086603 0.000000 -0.050000
vn -0.086603 0.000000 -0.050000
vn -0.086603 0.000000 -0.050000
vn -0.086603 0.000000 -0.050000
vn -0.086603 0.000000 -0.050000
vn 0.046420 -0.037157 -0.080402
vn 0.046420 -0.037157 -0.080402
vn 0.046420 -0.037157 -0.080402
vn 0.046420 -0.037157 -0.080402
vn 0.046420 -0.037157 -0.080402
vn -0.046420 0.037157 0.080402
vn -0.046420 0.037157 0.080402
vn -0.046420 0.037157 0.080402
vn -0.046420 0.037157 0.080402
vn -0.046420 0.037157 0.080402
vn -0.046420 0.037157 0.080402
vn -0.049136 0.018509 0.085106
vn -0.049998 -0.000837 0.086600
vn -0.048974 -0.020152 0.084826
vn -0.046103 -0.038706 0.079852
vn -0.046103 -0.038706 0.079852
vn -0.048974 -0.020152 0.084826
vn -0.049998 -0.000837 0.086600
vn -0.049136 0.018509 0.085106
vn -0.046610 -0.036194 0.080731
vn -0.046610 -0.036194 0.080731
vn -0.042611 -0.052317 0.073805
vn -0.037232 -0.066746 0.064488
vn -0.030647 -0.079012 0.053083
vn -0.023070 -0.088719 0.039958
vn -0.014745 -0.095553 0.025539
vn -0.005942 -0.099291 0.010292
vn 0.003053 -0.099813 -0.005288
vn 0.011949 -0.097102 -0.020696
vn 0.020458 -0.091246 -0.035434
vn 0.028304 -0.082434 -0.049025
vn 0.028304 -0.082434 -0.049025
vn 0.020458 -0.091246 -0.035434
vn 0.011949 -0.097102 -0.020696
vn 0.003053 -0.099813 -0.005288
vn -0.005942 -0.099291 0.010292
vn -0.014745 -0.095553 0.025539
vn -0.023070 -0.088719 0.039958
vn -0.030647 -0.079012 0.053083
vn -0.037232 -0.066746 0.064488
vn -0.042611 -0.052317 0.073805
vn -0.041217 -0.056609 0.071390
vn -0.041217 -0.056609 0.071390
vn -0.041217 -0.056609 0.071390
vn -0.041217 -0.056609 0.071390
vn -0.029169 0.081220 0.050522
vn -0.029169 0.081220 0.050522
vn -0.021252 0.090518 0.036809
vn -0.012618 0.096764 0.021854
vn -0.003558 0.099746 0.006163
vn 0.005621 0.099366 -0.009736
vn 0.014611 0.095635 -0.025306
vn 0.023108 0.088680 -0.040024
vn 0.030826 0.078734 -0.053392
vn 0.037504 0.066134 -0.064959
vn 0.042918 0.051304 -0.074337
vn 0.046885 0.034744 -0.081207
vn 0.049271 0.017012 -0.085340
vn 0.049996 -0.001293 -0.086595
vn 0.049035 -0.019554 -0.084931
vn 0.046420 -0.037157 -0.080402
vn 0.046420 -0.037157 -0.080402
vn 0.049035 -0.019554 -0.084931
vn 0.049996 -0.001293 -0.086595
vn 0.049271 0.017012 -0.085340
vn 0.046885 0.034744 -0.081207
vn 0.042918 0.051304 -0.074337
vn 0.037504 0.066134 -0.064959
vn 0.030826 0.078734 -0.053392
vn 0.023108 0.088680 -0.040024
vn 0.014611 0.095635 -0.025306
vn 0.005621 0.099366 -0.009736
vn -0.003558 0.099746 0.006163
vn -0.012618 0.096764 0.021854
vn -0.021252 0.090518 0.036809
vn 0.086603 0.000000 0.050000
vn 0.086603 0.000000 0.050000
vn 0.086603 0.000000 0.050000
vn 0.086603 0.000000 0.050000
vn 0.086603 0.000000 0.050000
vn 0.086603 0.000000 0.050000
vn 0.086603 0.000000 0.050000
vn 0.086603 0.000000 0.050000
vn 0.086603 0.000000 0.050000
vn 0.086603 0.000000 0.050000
vn 0.086603 0.000000 0.050000
vn 0.086603 0.000000 0.050000
vn 0.086603 0.000000 0.050000
vn 0.086603 0.000000 0.050000
vn 0.086603 0.000000 0.050000
vn 0.086603 0.000000 0.050000
vn 0.086603 0.000000 0.050000
vn 0.086603 0.000000 0.050000
vn 0.086603 0.000000 0.050000
vn 0.086603 0.000000 0.050000
vn 0.086603 0.000000 0.050000
vn 0.086603 0.000000 0.050000
vn 0.086603 0.000000 0.050000
vn 0.086603 0.000000 0.050000
vn 0.086603 0.000000 0.050000
vn 0.086603 0.000000 0.050000
vn 0.086603 0.000000 0.050000
vn 0.086603 0.000000 0.050000
vn 0.086603 0.000000 0.050000
vn 0.086603 0.000000 0.050000
vn 0.086603 0.000000 0.050000
vn 0.086603 0.000000 0.050000
vn 0.086603 0.000000 0.050000
vn 0.086603 0.000000 0.050000
vn 0.086603 0.000000 0.050000
vn -0.070711 0.000000 -0.070711
vn -0.070711 0.000000 -0.070711
vn -0.070711 0.000000 -0.070711
vn -0.070711 0.000000 -0.070711
vn -0.070711 0.000000 -0.070711
vn -0.070711 0.000000 -0.070711
vn -0.070711 0.000000 -0.070711
vn -0.070711 0.000000 -0.070711
vn -0.070711 0.000000 -0.070711
vn -0.070711 0.000000 -0.070711
vn -0.070711 0.000000 -0.070711
vn -0.070711 0.000000 -0.070711
vn -0.070711 0.000000 -0.070711
vn -0.070711 0.000000 -0.070711
vn -0.070711 0.000000 -0.070711
vn -0.070711 0.000000 -0.070711
vn -0.070711 0.000000 -0.070711
vn -0.070711 0.000000 -0.070711
vn -0.070711 0.000000 -0.070711
vn -0.070711 0.000000 -0.070711
vn -0.070711 0.000000 -0.070711
vn -0.070711 0.000000 -0.070711
vn -0.070711 0.000000 -0.070711
vn -0.070711 0.000000 -0.070711
vn -0.070711 0.000000 -0.070711
vn -0.070711 0.000000 -0.070711
vn -0.070711 0.000000 -0.070711
vn -0.070711 0.000000 -0.070711
vn -0.070711 0.000000 -0.070711
vn -0.070711 0.000000 -0.070711
vn -0.070711 0.000000 -0.070711
vn -0.070711 0.000000 -0.070711
vn -0.070711 0.000000 -0.070711
vn -0.070711 0.000000 -0.070711
vn -0.070711 0.000000 -0.070711
vn 0.065648 -0.037157 -0.065648
vn 0.065648 -0.037157 -0.065648
vn 0.065648 -0.037157 -0.065648
vn 0.065648 -0.037157 -0.065648
vn 0.065648 -0.037157 -0.065648
vn -0.065648 0.037157 0.065648
vn -0.065648 0.037157 0.065648
vn -0.065648 0.037157 0.065648
vn -0.065648 0.037157 0.065648
vn -0.065648 0.037157 0.065648
vn -0.065648 0.037157 0.065648
vn -0.069489 0.018509 0.069489
vn -0.070708 -0.000837 0.070708
vn -0.069260 -0.020152 0.069260
vn -0.065199 -0.038706 0.065199
vn -0.065199 -0.038706 0.065199
vn -0.069260 -0.020152 0.069260
vn -0.070708 -0.000837 0.070708
vn -0.069489 0.018509 0.069489
vn -0.065917 -0.036194 0.065917
vn -0.065917 -0.036194 0.065917
vn -0.060262 -0.052317 0.060262
vn -0.052655 -0.066746 0.052655
vn -0.043342 -0.079012 0.043342
vn -0.032626 -0.088719 0.032626
vn -0.020852 -0.095553 0.020852
vn -0.008404 -0.099291 0.008404
vn 0.004317 -0.099813 -0.004317
vn 0.016898 -0.097102 -0.016898
vn 0.028932 -0.091246 -0.028932
vn 0.040029 -0.082434 -0.040029
vn 0.040029 -0.082434 -0.040029
vn 0.028932 -0.091246 -0.028932
vn 0.016898 -0.097102 -0.016898
vn 0.004317 -0.099813 -0.004317
vn -0.008404 -0.099291 0.008404
vn -0.020852 -0.095553 0.020852
vn -0.032626 -0.088719 0.032626
vn -0.043342 -0.079012 0.043342
vn -0.052655 -0.066746 0.052655
vn -0.060262 -0.052317 0.060262
vn -0.058290 -0.056609 0.058290
vn -0.058290 -0.056609 0.058290
vn -0.058290 -0.056609 0.058290
vn -0.058290 -0.056609 0.058290
vn -0.041251 0.081220 0.041251
vn -0.041251 0.081220 0.041251
vn -0.030054 0.090518 0.030054
vn -0.017844 0.096764 0.017844
vn -0.005032 0.099746 0.005032
vn 0.007949 0.099366 -0.007949
vn 0.020663 0.095635 -0.020663
vn 0.032679 0.088680 -0.032679
vn 0.043594 0.078734 -0.043594
vn 0.053039 0.066134 -0.053039
vn 0.060696 0.051304 -0.060696
vn 0.066306 0.034744 -0.066306
vn 0.069680 0.017012 -0.069680
vn 0.070705 -0.001293 -0.070705
vn 0.069346 -0.019554 -0.069346
vn 0.065648 -0.037157 -0.065648
vn 0.065648 -0.037157 -0.065648
vn 0.069346 -0.019554 -0.069346
vn 0.070705 -0.001293 -0.070705
vn 0.069680 0.017012 -0.069680
vn 0.066306 0.034744 -0.066306
vn 0.060696 0.051304 -0.060696
vn 0.053039 0.066134 -0.053039
vn 0.043594 0.078734 -0.043594
vn 0.032679 0.088680 -0.032679
vn 0.020663 0.095635 -0.020663
vn 0.007949 0.099366 -0.007949
vn -0.005032 0.099746 0.005032
vn -0.017844 0.096764 0.017844
vn -0.030054 0.090518 0.030054
vn 0.070711 0.000000 0.070711
vn 0.070711 0.000000 0.070711
vn 0.070711 0.000000 0.070711
vn 0.070711 0.000000 0.070711
vn 0.070711 0.000000 0.070711
vn 0.070711 0.000000 0.070711
vn 0.070711 0.000000 0.070711
vn 0.070711 0.000000 0.070711
vn 0.070711 0.000000 0.070711
vn 0.070711 0.000000 0.070711
vn 0.070711 0.000000 0.070711
vn 0.070711 0.000000 0.070711
vn 0.070711 0.000000 0.070711
vn 0.070711 0.000000 0.070711
vn 0.070711 0.000000 0.070711
vn 0.070711 0.000000 0.070711
vn 0.070711 0.000000 0.070711
vn 0.070711 0.000000 0.070711
vn 0.070711 0.000000 0.070711
vn 0.070711 0.000000 0.070711
vn 0.070711 0.000000 0.070711
vn 0.070711 0.000000 0.070711
vn 0.070711 0.000000 0.070711
vn 0.070711 0.000000 0.070711
vn 0.070711 0.000000 0.070711
vn 0.070711 0.000000 0.070711
vn 0.070711 0.000000 0.070711
vn 0.070711 0.000000 0.070711
vn 0.070711 0.000000 0.070711
vn 0.070711 0.000000 0.070711
vn 0.070711 0.000000 0.070711
vn 0.070711 0.000000 0.070711
vn 0.070711 0.000000 0.070711
vn 0.070711 0.000000 0.070711
vn 0.070711 0.000000 0.070711
vn -0.050000 0.000000 -0.086603
vn -0.050000 0.000000 -0.086603
vn -0.050000 0.000000 -0.086603
vn -0.050000 0.000000 -0.086603
vn -0.050000 0.000000 -0.086603
vn -0.050000 0.000000 -0.086603
vn -0.050000 0.000000 -0.086603
vn -0.050000 0.000000 -0.086603
vn -0.050000 0.000000 -0.086603
vn -0.050000 0.000000 -0.086603
vn -0.050000 0.000000 -0.086603
vn -0.050000 0.000000 -0.086603
vn -0.050000 0.000000 -0.086603
vn -0.050000 0.000000 -0.086603
vn -0.050000 0.000000 -0.086603
vn -0.050000 0.000000 -0.086603
vn -0.050000 0.000000 -0.086603
vn -0.050000 0.000000 -0.086603
vn -0.050000 0.000000 -0.086603
vn -0.050000 0.000000 -0.086603
vn -0.050000 0.000000 -0.086603
vn -0.050000 0.000000 -0.086603
vn -0.050000 0.000000 -0.086603
vn -0.050000 0.000000 -0.086603
vn -0.050000 0.000000 -0.086603
vn -0.050000 0.000000 -0.086603
vn -0.050000 0.000000 -0.086603
vn -0.050000 0.000000 -0.086603
vn -0.050000 0.000000 -0.086603
vn -0.050000 0.000000 -0.086603
vn -0.050000 0.000000 -0.086603
vn -0.050000 0.000000 -0.086603
vn -0.050000 0.000000 -0.086603
vn -0.050000 0.000000 -0.086603
vn -0.050000 0.000000 -0.086603
vn 0.080402 -0.037157 -0.046420
vn 0.080402 -0.037157 -0.046420
vn 0.080402 -0.037157 -0.046420
vn 0.080402 -0.037157 -0.046420
vn 0.080402 -0.037157 -0.046420
vn -0.080402 0.037157 0.046420
vn -0.080402 0.037157 0.046420
vn -0.080402 0.037157 0.046420
vn -0.080402 0.037157 0.046420
vn -0.080402 0.037157 0.046420
vn -0.080402 0.037157 0.046420
vn -0.085106 0.018509 0.049136
vn -0.086600 -0.000837 0.049998
vn -0.084826 -0.020152 0.048974
vn -0.079852 -0.038706 0.046103
vn -0.079852 -0.038706 0.046103
vn -0.084826 -0.020152 0.048974
vn -0.086600 -0.000837 0.049998
vn -0.085106 0.018509 0.049136
vn -0.080731 -0.036194 0.046610
vn -0.080731 -0.036194 0.046610
vn -0.073805 -0.052317 0.042611
vn -0.064488 -0.066746 0.037232
vn -0.053083 -0.079012 0.030647
vn -0.039958 -0.088719 0.023070
vn -0.025539 -0.095553 0.014745
vn -0.010292 -0.099291 0.005942
vn 0.005288 -0.099813 -0.003053
vn 0.020696 -0.097102 -0.011949
vn 0.035434 -0.091246 -0.020458
vn 0.049025 -0.082434 -0.028304
vn 0.049025 -0.082434 -0.028304
vn 0.035434 -0.091246 -0.020458
vn 0.020696 -0.097102 -0.011949
vn 0.005288 -0.099813 -0.003053
vn -0.010292 -0.099291 0.005942
vn -0.025539 -0.095553 0.014745
vn -0.039958 -0.088719 0.023070
vn -0.053083 -0.079012 0.030647
vn -0.064488 -0.066746 0.037232
vn -0.073805 -0.052317 0.042611
vn -0.071390 -0.056609 0.041217
vn -0.071390 -0.056609 0.041217
vn -0.071390 -0.056609 0.041217
vn -0.071390 -0.056609 0.041217
vn -0.050522 0.081220 0.029169
vn -0.050522 0.081220 0.029169
vn -0.036809 0.090518 0.021252
vn -0.021854 0.096764 0.012618
vn -0.006163 0.099746 0.003558
vn 0.009736 0.099366 -0.005621
vn 0.025306 0.095635 -0.014611
vn 0.040024 0.088680 -0.023108
vn 0.053392 0.078734 -0.030826
vn 0.064959 0.066134 -0.037504
vn 0.074337 0.051304 -0.042918
vn 0.081207 0.034744 -0.046885
vn 0.085340 0.017012 -0.049271
vn 0.086595 -0.001293 -0.049996
vn 0.084931 -0.019554 -0.049035
vn 0.080402 -0.037157 -0.046420
vn 0.080402 -0.037157 -0.046420
vn 0.084931 -0.019554 -0.049035
vn 0.086595 -0.001293 -0.049996
vn 0.085340 0.017012 -0.049271
vn 0.081207 0.034744 -0.046885
vn 0.074337 0.051304 -0.042918
vn 0.064959 0.066134 -0.037504
vn 0.053392 0.078734 -0.030826
vn 0.040024 0.088680 -0.023108
vn 0.025306 0.095635 -0.014611
vn 0.009736 0.099366 -0.005621
vn -0.006163 0.099746 0.003558
vn -0.021854 0.096764 0.012618
vn -0.036809 0.090518 0.021252
vn 0.050000 0.000000 0.086603
vn 0.050000 0.000000 0.086603
vn 0.050000 0.000000 0.086603
vn 0.050000 0.000000 0.086603
vn 0.050000 0.000000 0.086603
vn 0.050000 0.000000 0.086603
vn 0.050000 0.000000 0.086603
vn 0.050000 0.000000 0.086603
vn 0.050000 0.000000 0.086603
vn 0.050000 0.000000 0.086603
vn 0.050000 0.000000 0.086603
vn 0.050000 0.000000 0.086603
vn 0.050000 0.000000 0.086603
vn 0.050000 0.000000 0.086603
vn 0.050000 0.000000 0.086603
vn 0.050000 0.000000 0.086603
vn 0.050000 0.000000 0.086603
vn 0.050000 0.000000 0.086603
vn 0.050000 0.000000 0.086603
vn 0.050000 0.000000 0.086603
vn 0.050000 0.000000 0.086603
vn 0.050000 0.000000 0.086603
vn 0.050000 0.000000 0.086603
vn 0.050000 0.000000 0.086603
vn 0.050000 0.000000 0.086603
vn 0.050000 0.000000 0.086603
vn 0.050000 0.000000 0.086603
vn 0.050000 0.000000 0.086603
vn 0.050000 0.000000 0.086603
vn 0.050000 0.000000 0.086603
vn 0.050000 0.000000 0.086603
vn 0.050000 0.000000 0.086603
vn 0.050000 0.000000 0.086603
vn 0.050000 0.000000 0.086603
vn 0.050000 0.000000 0.086603
vn -0.025882 0.000000 -0.096593
vn -0.025882 0.000000 -0.096593
vn -0.025882 0.000000 -0.096593
vn -0.025882 0.000000 -0.096593
vn -0.025882 0.000000 -0.096593
vn -0.025882 0.000000 -0.096593
vn -0.025882 0.000000 -0.096593
vn -0.025882 0.000000 -0.096593
vn -0.025882 0.000000 -0.096593
vn -0.025882 0.000000 -0.096593
vn -0.025882 0.000000 -0.096593
vn -0.025882 0.000000 -0.096593
vn -0.025882 0.000000 -0.096593
vn -0.025882 0.000000 -0.096593
vn -0.025882 0.000000 -0.096593
vn -0.025882 0.000000 -0.096593
vn -0.025882 0.000000 -0.096593
vn -0.025882 0.000000 -0.096593
vn -0.025882 0.000000 -0.096593
vn -0.025882 0.000000 -0.096593
vn -0.025882 0.000000 -0.096593
vn -0.025882 0.000000 -0.096593
vn -0.025882 0.000000 -0.096593
vn -0.025882 0.000000 -0.096593
vn -0.025882 0.000000 -0.096593
vn -0.025882 0.000000 -0.096593
vn -0.025882 0.000000 -0.096593
vn -0.025882 0.000000 -0.096593
vn -0.025882 0.000000 -0.096593
vn -0.025882 0.000000 -0.096593
vn -0.025882 0.000000 -0.096593
vn -0.025882 0.000000 -0.096593
vn -0.025882 0.000000 -0.096593
vn -0.025882 0.000000 -0.096593
vn -0.025882 0.000000 -0.096593
vn 0.089677 -0.037157 -0.024029
vn 0.089677 -0.037157 -0.024029
vn 0.089677 -0.037157 -0.024029
vn 0.089677 -0.037157 -0.024029
vn 0.089677 -0.037157 -0.024029
vn -0.089677 0.037157 0.024029
vn -0.089677 0.037157 0.024029
vn -0.089677 0.037157 0.024029
vn -0.089677 0.037157 0.024029
vn -0.089677 0.037157 0.024029
vn -0.089677 0.037157 0.024029
vn -0.094924 0.018509 0.025435
vn -0.096589 -0.000837 0.025881
vn -0.094611 -0.020152 0.025351
vn -0.089064 -0.038706 0.023864
vn -0.089064 -0.038706 0.023864
vn -0.094611 -0.020152 0.025351
vn -0.096589 -0.000837 0.025881
vn -0.094924 0.018509 0.025435
vn -0.090044 -0.036194 0.024127
vn -0.090044 -0.036194 0.024127
vn -0.082319 -0.052317 0.022057
vn -0.071927 -0.066746 0.019273
vn -0.059206 -0.079012 0.015864
vn -0.044567 -0.088719 0.011942
vn -0.028485 -0.095553 0.007632
vn -0.011480 -0.099291 0.003076
vn 0.005897 -0.099813 -0.001580
vn 0.023083 -0.097102 -0.006185
vn 0.039522 -0.091246 -0.010590
vn 0.054680 -0.082434 -0.014651
vn 0.054680 -0.082434 -0.014651
vn 0.039522 -0.091246 -0.010590
vn 0.023083 -0.097102 -0.006185
vn 0.005897 -0.099813 -0.001580
vn -0.011480 -0.099291 0.003076
vn -0.028485 -0.095553 0.007632
vn -0.044567 -0.088719 0.011942
vn -0.059206 -0.079012 0.015864
vn -0.071927 -0.066746 0.019273
vn -0.082319 -0.052317 0.022057
vn -0.079626 -0.056609 0.021336
vn -0.079626 -0.056609 0.021336
vn -0.079626 -0.056609 0.021336
vn -0.079626 -0.056609 0.021336
vn -0.056350 0.081220 0.015099
vn -0.056350 0.081220 0.015099
vn -0.041055 0.090518 0.011001
vn -0.024375 0.096764 0.006531
vn -0.006874 0.099746 0.001842
vn 0.010859 0.099366 -0.002910
vn 0.028226 0.095635 -0.007563
vn 0.044641 0.088680 -0.011961
vn 0.059551 0.078734 -0.015957
vn 0.072453 0.066134 -0.019414
vn 0.082912 0.051304 -0.022216
vn 0.090575 0.034744 -0.024270
vn 0.095185 0.017012 -0.025505
vn 0.096585 -0.001293 -0.025880
vn 0.094728 -0.019554 -0.025382
vn 0.089677 -0.037157 -0.024029
vn 0.089677 -0.037157 -0.024029
vn 0.094728 -0.019554 -0.025382
vn 0.096585 -0.001293 -0.025880
vn 0.095185 0.017012 -0.025505
vn 0.090575 0.034744 -0.024270
vn 0.082912 0.051304 -0.022216
vn 0.072453 0.066134 -0.019414
vn 0.059551 0.078734 -0.015957
vn 0.044641 0.088680 -0.011961
vn 0.028226 0.095635 -0.007563
vn 0.010859 0.099366 -0.002910
vn -0.006874 0.099746 0.001842
vn -0.024375 0.096764 0.006531
vn -0.041055 0.090518 0.011001
vn 0.025882 0.000000 0.096593
vn 0.025882 0.000000 0.096593
vn 0.025882 0.000000 0.096593
vn 0.025882 0.000000 0.096593
vn 0.025882 0.000000 0.096593
vn 0.025882 0.000000 0.096593
vn 0.025882 0.000000 0.096593
vn 0.025882 0.000000 0.096593
vn 0.025882 0.000000 0.096593
vn 0.025882 0.000000 0.096593
vn 0.025882 0.000000 0.096593
vn 0.025882 0.000000 0.096593
vn 0.025882 0.000000 0.096593
vn 0.025882 0.000000 0.096593
vn 0.025882 0.000000 0.096593
vn 0.025882 0.000000 0.096593
vn 0.025882 0.000000 0.096593
vn 0.025882 0.000000 0.096593
vn 0.025882 0.000000 0.096593
vn 0.025882 0.000000 0.096593
vn 0.025882 0.000000 0.096593
vn 0.025882 0.000000 0.096593
vn 0.025882 0.000000 0.096593
vn 0.025882 0.000000 0.096593
vn 0.025882 0.000000 0.096593
vn 0.025882 0.000000 0.096593
vn 0.025882 0.000000 0.096593
vn 0.025882 0.000000 0.096593
vn 0.025882 0.000000 0.096593
vn 0.025882 0.000000 0.096593
vn 0.025882 0.000000 0.096593
vn 0.025882 0.000000 0.096593
vn 0.025882 0.000000 0.096593
vn 0.025882 0.000000 0.096593
vn 0.025882 0.000000 0.096593
vn 0.000000 0.000000 -0.100000
vn 0.000000 0.000000 -0.100000
vn 0.000000 0.000000 -0.100000
vn 0.000000 0.000000 -0.100000
vn 0.000000 0.000000 -0.100000
vn 0.000000 0.000000 -0.100000
vn 0.000000 0.000000 -0.100000
vn 0.000000 0.000000 -0.100000
vn 0.000000 0.000000 -0.100000
vn 0.000000 0.000000 -0.100000
vn 0.000000 0.000000 -0.100000
vn 0.000000 0.000000 -0.100000
vn 0.000000 0.000000 -0.100000
vn 0.000000 0.000000 -0.100000
vn 0.000000 0.000000 -0.100000
vn 0.000000 0.000000 -0.100000
vn 0.000000 0.000000 -0.100000
vn 0.000000 0.000000 -0.100000
vn 0.000000 0.000000 -0.100000
vn 0.000000 0.000000 -0.100000
vn 0.000000 0.000000 -0.100000
vn 0.000000 0.000000 -0.100000
vn 0.000000 0.000000 -0.100000
vn 0.000000 0.000000 -0.100000
vn 0.000000 0.000000 -0.100000
vn 0.000000 0.000000 -0.100000
vn 0.000000 0.000000 -0.100000
vn 0.000000 0.000000 -0.100000
vn 0.000000 0.000000 -0.100000
vn 0.000000 0.000000 -0.100000
vn 0.000000 0.000000 -0.100000
vn 0.000000 0.000000 -0.100000
vn 0.000000 0.000000 -0.100000
vn 0.000000 0.000000 -0.100000
vn 0.000000 0.000000 -0.100000
vn 0.092841 -0.037157 0.000000
vn 0.092841 -0.037157 0.000000
vn 0.092841 -0.037157 0.000000
vn 0.092841 -0.037157 0.000000
vn 0.092841 -0.037157 0.000000
vn -0.092841 0.037157 0.000000
vn -0.092841 0.037157 0.000000
vn -0.092841 0.037157 0.000000
vn -0.092841 0.037157 0.000000
vn -0.092841 0.037157 0.000000
vn -0.092841 0.037157 0.000000
vn -0.098272 0.018509 0.000000
vn -0.099996 -0.000837 0.000000
vn -0.097948 -0.020152 0.000000
vn -0.092205 -0.038706 0.000000
vn -0.092205 -0.038706 0.000000
vn -0.097948 -0.020152 0.000000
vn -0.099996 -0.000837 0.000000
vn -0.098272 0.018509 0.000000
vn -0.093220 -0.036194 0.000000
vn -0.093220 -0.036194 0.000000
vn -0.085223 -0.052317 0.000000
vn -0.074465 -0.066746 0.000000
vn -0.061295 -0.079012 0.000000
vn -0.046140 -0.088719 0.000000
vn -0.029490 -0.095553 0.000000
vn -0.011885 -0.099291 0.000000
vn 0.006106 -0.099813 0.000000
vn 0.023898 -0.097102 0.000000
vn 0.040916 -0.091246 0.000000
vn 0.056609 -0.082434 0.000000
vn 0.056609 -0.082434 0.000000
vn 0.040916 -0.091246 0.000000
vn 0.023898 -0.097102 0.000000
vn 0.006106 -0.099813 0.000000
vn -0.011885 -0.099291 0.000000
vn -0.029490 -0.095553 0.000000
vn -0.046140 -0.088719 0.000000
vn -0.061295 -0.079012 0.000000
vn -0.074465 -0.066746 0.000000
vn -0.085223 -0.052317 0.000000
vn -0.082434 -0.056609 0.000000
vn -0.082434 -0.056609 0.000000
vn -0.082434 -0.056609 0.000000
vn -0.082434 -0.056609 0.000000
vn -0.058338 0.081220 0.000000
vn -0.058338 0.081220 0.000000
vn -0.042503 0.090518 0.000000
vn -0.025235 0.096764 0.000000
vn -0.007117 0.099746 0.000000
vn 0.011242 0.099366 0.000000
vn 0.029221 0.095635 0.000000
vn 0.046215 0.088680 0.000000
vn 0.061651 0.078734 0.000000
vn 0.075009 0.066134 0.000000
vn 0.085837 0.051304 0.000000
vn 0.093770 0.034744 0.000000
vn 0.098542 0.017012 0.000000
vn 0.099992 -0.001293 0.000000
vn 0.098069 -0.019554 0.000000
vn 0.092841 -0.037157 0.000000
vn 0.092841 -0.037157 0.000000
vn 0.098069 -0.019554 0.000000
vn 0.099992 -0.001293 0.000000
vn 0.098542 0.017012 0.000000
vn 0.093770 0.034744 0.000000
vn 0.085837 0.051304 0.000000
vn 0.075009 0.066134 0.000000
vn 0.061651 0.078734 0.000000
vn 0.046215 0.088680 0.000000
vn 0.029221 0.095635 0.000000
vn 0.011242 0.099366 0.000000
vn -0.007117 0.099746 0.000000
vn -0.025235 0.096764 0.000000
vn -0.042503 0.090518 0.000000
vn 0.000000 0.000000 0.100000
vn 0.000000 0.000000 0.100000
vn 0.000000 0.000000 0.100000
vn 0.000000 0.000000 0.100000
vn 0.000000 0.000000 0.100000
vn 0.000000 0.000000 0.100000
vn 0.000000 0.000000 0.100000
vn 0.000000 0.000000 0.100000
vn 0.000000 0.000000 0.100000
vn 0.000000 0.000000 0.100000
vn 0.000000 0.000000 0.100000
vn 0.000000 0.000000 0.100000
vn 0.000000 0.000000 0.100000
vn 0.000000 0.000000 0.100000
vn 0.000000 0.000000 0.100000
vn 0.000000 0.000000 0.100000
vn 0.000000 0.000000 0.100000
vn 0.000000 0.000000 0.100000
vn 0.000000 0.000000 0.100000
vn 0.000000 0.000000 0.100000
vn 0.000000 0.000000 0.100000
vn 0.000000 0.000000 0.100000
vn 0.000000 0.000000 0.100000
vn 0.000000 0.000000 0.100000
vn 0.000000 0.000000 0.100000
vn 0.000000 0.000000 0.100000
vn 0.000000 0.000000 0.100000
vn 0.000000 0.000000 0.100000
vn 0.000000 0.000000 0.100000
vn 0.000000 0.000000 0.100000
vn 0.000000 0.000000 0.100000
vn 0.000000 0.000000 0.100000
vn 0.000000 0.000000 0.100000
vn 0.000000 0.000000 0.100000
vn 0.000000 0.000000 0.100000
vn 0.025882 0.000000 -0.096593
vn 0.025882 0.000000 -0.096593
vn 0.025882 0.000000 -0.096593
vn 0.025882 0.000000 -0.096593
vn 0.025882 0.000000 -0.096593
vn 0.025882 0.000000 -0.096593
vn 0.025882 0.000000 -0.096593
vn 0.025882 0.000000 -0.096593
vn 0.025882 0.000000 -0.096593
vn 0.025882 0.000000 -0.096593
vn 0.025882 0.000000 -0.096593
vn 0.025882 0.000000 -0.096593
vn 0.025882 0.000000 -0.096593
vn 0.025882 0.000000 -0.096593
vn 0.025882 0.000000 -0.096593
vn 0.025882 0.000000 -0.096593
vn 0.025882 0.000000 -0.096593
vn 0.025882 0.000000 -0.096593
vn 0.025882 0.000000 -0.096593
vn 0.025882 0.000000 -0.096593
vn 0.025882 0.000000 -0.096593
vn 0.025882 0.000000 -0.096593
vn 0.025882 0.000000 -0.096593
vn 0.025882 0.000000 -0.096593
vn 0.025882 0.000000 -0.096593
vn 0.025882 0.000000 -0.096593
vn 0.025882 0.000000 -0.096593
vn 0.025882 0.000000 -0.096593
vn 0.025882 0.000000 -0.096593
vn 0.025882 0.000000 -0.096593
vn 0.025882 0.000000 -0.096593
vn 0.025882 0.000000 -0.096593
vn 0.025882 0.000000 -0.096593
vn 0.025882 0.000000 -0.096593
vn 0.025882 0.000000 -0.096593
vn 0.089677 -0.037157 0.024029
vn 0.089677 -0.037157 0.024029
vn 0.089677 -0.037157 0.024029
vn 0.089677 -0.037157 0.024029
vn 0.089677 -0.037157 0.024029
vn -0.089677 0.037157 -0.024029
vn -0.089677 0.037157 -0.024029
vn -0.089677 0.037157 -0.024029
vn -0.089677 0.037157 -0.024029
vn -0.089677 0.037157 -0.024029
vn -0.089677 0.037157 -0.024029
vn -0.094924 0.018509 -0.025435
vn -0.096589 -0.000837 -0.025881
vn -0.094611 -0.020152 -0.025351
vn -0.089064 -0.038706 -0.023864
vn -0.089064 -0.038706 -0.023864
vn -0.094611 -0.020152 -0.025351
vn -0.096589 -0.000837 -0.025881
vn -0.094924 0.018509 -0.025435
vn -0.090044 -0.036194 -0.024127
vn -0.090044 -0.036194 -0.024127
vn -0.082319 -0.052317 -0.022057
vn -0.071927 -0.066746 -0.019273
vn -0.059206 -0.079012 -0.015864
vn -0.044567 -0.088719 -0.011942
vn -0.028485 -0.095553 -0.007632
vn -0.011480 -0.099291 -0.003076
vn 0.005897 -0.099813 0.001580
vn 0.023083 -0.097102 0.006185
vn 0.039522 -0.091246 0.010590
vn 0.054680 -0.082434 0.014651
vn 0.054680 -0.082434 0.014651
vn 0.039522 -0.091246 0.010590
vn 0.023083 -0.097102 0.006185
vn 0.005897 -0.099813 0.001580
vn -0.011480 -0.099291 -0.003076
vn -0.028485 -0.095553 -0.007632
vn -0.044567 -0.088719 -0.011942
vn -0.059206 -0.079012 -0.015864
vn -0.071927 -0.066746 -0.019273
vn -0.082319 -0.052317 -0.022057
vn -0.079626 -0.056609 -0.021336
vn -0.079626 -0.056609 -0.021336
vn -0.079626 -0.056609 -0.021336
vn -0.079626 -0.056609 -0.021336
vn -0.056350 0.081220 -0.015099
vn -0.056350 0.081220 -0.015099
vn -0.041055 0.090518 -0.011001
vn -0.024375 0.096764 -0.006531
vn -0.006874 0.099746 -0.001842
vn 0.010859 0.099366 0.002910
vn 0.028226 0.095635 0.007563
vn 0.044641 0.088680 0.011961
vn 0.059551 0.078734 0.015957
vn 0.072453 0.066134 0.019414
vn 0.082912 0.051304 0.022216
vn 0.090575 0.034744 0.024270
vn 0.095185 0.017012 0.025505
vn 0.096585 -0.001293 0.025880
vn 0.094728 -0.019554 0.025382
vn 0.089677 -0.037157 0.024029
vn 0.089677 -0.037157 0.024029
vn 0.094728 -0.019554 0.025382
vn 0.096585 -0.001293 0.025880
vn 0.095185 0.017012 0.025505
vn 0.090575 0.034744 0.024270
vn 0.082912 0.051304 0.022216
vn 0.072453 0.066134 0.019414
vn 0.059551 0.078734 0.015957
vn 0.044641 0.088680 0.011961
vn 0.028226 0.095635 0.007563
vn 0.010859 0.099366 0.002910
vn -0.006874 0.099746 -0.001842
vn -0.024375 0.096764 -0.006531
vn -0.041055 0.090518 -0.011001
vn -0.025882 0.000000 0.096593
vn -0.025882 0.000000 0.096593
vn -0.025882 0.000000 0.096593
vn -0.025882 0.000000 0.096593
vn -0.025882 0.000000 0.096593
vn -0.025882 0.000000 0.096593
vn -0.025882 0.000000 0.096593
vn -0.025882 0.000000 0.096593
vn -0.025882 0.000000 0.096593
vn -0.025882 0.000000 0.096593
vn -0.025882 0.000000 0.096593
vn -0.025882 0.000000 0.096593
vn -0.025882 0.000000 0.096593
vn -0.025882 0.000000 0.096593
vn -0.025882 0.000000 0.096593
vn -0.025882 0.000000 0.096593
vn -0.025882 0.000000 0.096593
vn -0.025882 0.000000 0.096593
vn -0.025882 0.000000 0.096593
vn -0.025882 0.000000 0.096593
vn -0.025882 0.000000 0.096593
vn -0.025882 0.000000 0.096593
vn -0.025882 0.000000 0.096593
vn -0.025882 0.000000 0.096593
vn -0.025882 0.000000 0.096593
vn -0.025882 0.000000 0.096593
vn -0.025882 0.000000 0.096593
vn -0.025882 0.000000 0.096593
vn -0.025882 0.000000 0.096593
vn -0.025882 0.000000 0.096593
vn -0.025882 0.000000 0.096593
vn -0.025882 0.000000 0.096593
vn -0.025882 0.000000 0.096593
vn -0.025882 0.000000 0.096593
vn -0.025882 0.000000 0.096593
vn 0.050000 0.000000 -0.086603
vn 0.050000 0.000000 -0.086603
vn 0.050000 0.000000 -0.086603
vn 0.050000 0.000000 -0.086603
vn 0.050000 0.000000 -0.086603
vn 0.050000 0.000000 -0.086603
vn 0.050000 0.000000 -0.086603
vn 0.050000 0.000000 -0.086603
vn 0.050000 0.000000 -0.086603
vn 0.050000 0.000000 -0.086603
vn 0.050000 0.000000 -0.086603
vn 0.050000 0.000000 -0.086603
vn 0.050000 0.000000 -0.086603
vn 0.050000 0.000000 -0.086603
vn 0.050000 0.000000 -0.086603
vn 0.050000 0.000000 -0.086603
vn 0.050000 0.000000 -0.086603
vn 0.050000 0.000000 -0.086603
vn 0.050000 0.000000 -0.086603
vn 0.050000 0.000000 -0.086603
vn 0.050000 0.000000 -0.086603
vn 0.050000 0.000000 -0.086603
vn 0.050000 0.000000 -0.086603
vn 0.050000 0.000000 -0.086603
vn 0.050000 0.000000 -0.086603
vn 0.050000 0.000000 -0.086603
vn 0.050000 0.000000 -0.086603
vn 0.050000 0.000000 -0.086603
vn 0.050000 0.000000 -0.086603
vn 0.050000 0.000000 -0.086603
vn 0.050000 0.000000 -0.086603
vn 0.050000 0.000000 -0.086603
vn 0.050000 0.000000 -0.086603
vn 0.050000 0.000000 -0.086603
vn 0.050000 0.000000 -0.086603
vn 0.080402 -0.037157 0.046420
vn 0.080402 -0.037157 0.046420
vn 0.080402 -0.037157 0.046420
vn 0.080402 -0.037157 0.046420
vn 0.080402 -0.037157 0.046420
vn -0.080402 0.037157 -0.046420
vn -0.080402 0.037157 -0.046420
vn -0.080402 0.037157 -0.046420
vn -0.080402 0.037157 -0.046420
vn -0.080402 0.037157 -0.046420
vn -0.080402 0.037157 -0.046420
vn -0.085106 0.018509 -0.049136
vn -0.086600 -0.000837 -0.049998
vn -0.084826 -0.020152 -0.048974
vn -0.079852 -0.038706 -0.046103
vn -0.079852 -0.038706 -0.046103
vn -0.084826 -0.020152 -0.048974
vn -0.086600 -0.000837 -0.049998
vn -0.085106 0.018509 -0.049136
vn -0.080731 -0.036194 -0.046610
vn -0.080731 -0.036194 -0.046610
vn -0.073805 -0.052317 -0.042611
vn -0.064488 -0.066746 -0.037232
vn -0.053083 -0.079012 -0.030647
vn -0.039958 -0.088719 -0.023070
vn -0.025539 -0.095553 -0.014745
vn -0.010292 -0.099291 -0.005942
vn 0.005288 -0.099813 0.003053
vn 0.020696 -0.097102 0.011949
vn 0.035434 -0.091246 0.020458
vn 0.049025 -0.082434 0.028304
vn 0.049025 -0.082434 0.028304
vn 0.035434 -0.091246 0.020458
vn 0.020696 -0.097102 0.011949
vn 0.005288 -0.099813 0.003053
vn -0.010292 -0.099291 -0.005942
vn -0.025539 -0.095553 -0.014745
vn -0.039958 -0.088719 -0.023070
vn -0.053083 -0.079012 -0.030647
vn -0.064488 -0.066746 -0.037232
vn -0.073805 -0.052317 -0.042611
vn -0.071390 -0.056609 -0.041217
vn -0.071390 -0.056609 -0.041217
vn -0.071390 -0.056609 -0.041217
vn -0.071390 -0.056609 -0.041217
vn -0.050522 0.081220 -0.029169
vn -0.050522 0.081220 -0.029169
vn -0.036809 0.090518 -0.021252
vn -0.021854 0.096764 -0.012618
vn -0.006163 0.099746 -0.003558
vn 0.009736 0.099366 0.005621
vn 0.025306 0.095635 0.014611
vn 0.040024 0.088680 0.023108
vn 0.053392 0.078734 0.030826
vn 0.064959 0.066134 0.037504
vn 0.074337 0.051304 0.042918
vn 0.081207 0.034744 0.046885
vn 0.085340 0.017012 0.049271
vn 0.086595 -0.001293 0.049996
vn 0.084931 -0.019554 0.049035
vn 0.080402 -0.037157 0.046420
vn 0.080402 -0.037157 0.046420
vn 0.084931 -0.019554 0.049035
vn 0.086595 -0.001293 0.049996
vn 0.085340 0.017012 0.049271
vn 0.081207 0.034744 0.046885
vn 0.074337 0.051304 0.042918
vn 0.064959 0.066134 0.037504
vn 0.053392 0.078734 0.030826
vn 0.040024 0.088680 0.023108
vn 0.025306 0.095635 0.014611
vn 0.009736 0.099366 0.005621
vn -0.006163 0.099746 -0.003558
vn -0.021854 0.096764 -0.012618
vn -0.036809 0.090518 -0.021252
vn -0.050000 0.000000 0.086603
vn -0.050000 0.000000 0.086603
vn -0.050000 0.000000 0.086603
vn -0.050000 0.000000 0.086603
vn -0.050000 0.000000 0.086603
vn -0.050000 0.000000 0.086603
vn -0.050000 0.000000 0.086603
vn -0.050000 0.000000 0.086603
vn -0.050000 0.000000 0.086603
vn -0.050000 0.000000 0.086603
vn -0.050000 0.000000 0.086603
vn -0.050000 0.000000 0.086603
vn -0.050000 0.000000 0.086603
vn -0.050000 0.000000 0.086603
vn -0.050000 0.000000 0.086603
vn -0.050000 0.000000 0.086603
vn -0.050000 0.000000 0.086603
vn -0.050000 0.000000 0.086603
vn -0.050000 0.000000 0.086603
vn -0.050000 0.000000 0.086603
vn -0.050000 0.000000 0.086603
vn -0.050000 0.000000 0.086603
vn -0.050000 0.000000 0.086603
vn -0.050000 0.000000 0.086603
vn -0.050000 0.000000 0.086603
vn -0.050000 0.000000 0.086603
vn -0.050000 0.000000 0.086603
vn -0.050000 0.000000 0.086603
vn -0.050000 0.000000 0.086603
vn -0.050000 0.000000 0.086603
vn -0.050000 0.000000 0.086603
vn -0.050000 0.000000 0.086603
vn -0.050000 0.000000 0.086603
vn -0.050000 0.000000 0.086603
vn -0.050000 0.000000 0.086603
vn 0.070711 0.000000 -0.070711
vn 0.070711 0.000000 -0.070711
vn 0.070711 0.000000 -0.070711
vn 0.070711 0.000000 -0.070711
vn 0.070711 0.000000 -0.070711
vn 0.070711 0.000000 -0.070711
vn 0.070711 0.000000 -0.070711
vn 0.070711 0.000000 -0.070711
vn 0.070711 0.000000 -0.070711
vn 0.070711 0.000000 -0.070711
vn 0.070711 0.000000 -0.070711
vn 0.070711 0.000000 -0.070711
vn 0.070711 0.000000 -0.070711
vn 0.070711 0.000000 -0.070711
vn 0.070711 0.000000 -0.070711
vn 0.070711 0.000000 -0.070711
vn 0.070711 0.000000 -0.070711
vn 0.070711 0.000000 -0.070711
vn 0.070711 0.000000 -0.070711
vn 0.070711 0.000000 -0.070711
vn 0.070711 0.000000 -0.070711
vn 0.070711 0.000000 -0.070711
vn 0.070711 0.000000 -0.070711
vn 0.070711 0.000000 -0.070711
vn 0.070711 0.000000 -0.070711
vn 0.070711 0.000000 -0.070711
vn 0.070711 0.000000 -0.070711
vn 0.070711 0.000000 -0.070711
vn 0.070711 0.000000 -0.070711
vn 0.070711 0.000000 -0.070711
vn 0.070711 0.000000 -0.070711
vn 0.070711 0.000000 -0.070711
vn 0.070711 0.000000 -0.070711
vn 0.070711 0.000000 -0.070711
vn 0.070711 0.000000 -0.070711
vn 0.065648 -0.037157 0.065648
vn 0.065648 -0.037157 0.065648
vn 0.065648 -0.037157 0.065648
vn 0.065648 -0.037157 0.065648
vn 0.065648 -0.037157 0.065648
vn -0.065648 0.037157 -0.065648
vn -0.065648 0.037157 -0.065648
vn -0.065648 0.037157 -0.065648
vn -0.065648 0.037157 -0.065648
vn -0.065648 0.037157 -0.065648
vn -0.065648 0.037157 -0.065648
vn -0.069489 0.018509 -0.069489
vn -0.070708 -0.000837 -0.070708
vn -0.069260 -0.020152 -0.069260
vn -0.065199 -0.038706 -0.065199
vn -0.065199 -0.038706 -0.065199
vn -0.069260 -0.020152 -0.069260
vn -0.070708 -0.000837 -0.070708
vn -0.069489 0.018509 -0.069489
vn -0.065917 -0.036194 -0.065917
vn -0.065917 -0.036194 -0.065917
vn -0.060262 -0.052317 -0.060262
vn -0.052655 -0.066746 -0.052655
vn -0.043342 -0.079012 -0.043342
vn -0.032626 -0.088719 -0.032626
vn -0.020852 -0.095553 -0.020852
vn -0.008404 -0.099291 -0.008404
vn 0.004317 -0.099813 0.004317
vn 0.016898 -0.097102 0.016898
vn 0.028932 -0.091246 0.028932
vn 0.040029 -0.082434 0.040029
vn 0.040029 -0.082434 0.040029
vn 0.028932 -0.091246 0.028932
vn 0.016898 -0.097102 0.016898
vn 0.004317 -0.099813 0.004317
vn -0.008404 -0.099291 -0.008404
vn -0.020852 -0.095553 -0.020852
vn -0.032626 -0.088719 -0.032626
vn -0.043342 -0.079012 -0.043342
vn -0.052655 -0.066746 -0.052655
vn -0.060262 -0.052317 -0.060262
vn -0.058290 -0.056609 -0.058290
vn -0.058290 -0.056609 -0.058290
vn -0.058290 -0.056609 -0.058290
vn -0.058290 -0.056609 -0.058290
vn -0.041251 0.081220 -0.041251
vn -0.041251 0.081220 -0.041251
vn -0.030054 0.090518 -0.030054
vn -0.017844 0.096764 -0.017844
vn -0.005032 0.099746 -0.005032
vn 0.007949 0.099366 0.007949
vn 0.020663 0.095635 0.020663
vn 0.032679 0.088680 0.032679
vn 0.043594 0.078734 0.043594
vn 0.053039 0.066134 0.053039
vn 0.060696 0.051304 0.060696
vn 0.066306 0.034744 0.066306
vn 0.069680 0.017012 0.069680
vn 0.070705 -0.001293 0.070705
vn 0.069346 -0.019554 0.069346
vn 0.065648 -0.037157 0.065648
vn 0.065648 -0.037157 0.065648
vn 0.069346 -0.019554 0.069346
vn 0.070705 -0.001293 0.070705
vn 0.069680 0.017012 0.069680
vn 0.066306 0.034744 0.066306
vn 0.060696 0.051304 0.060696
vn 0.053039 0.066134 0.053039
vn 0.043594 0.078734 0.043594
vn 0.032679 0.088680 0.032679
vn 0.020663 0.095635 0.020663
vn 0.007949 0.099366 0.007949
vn -0.005032 0.099746 -0.005032
vn -0.017844 0.096764 -0.017844
vn -0.030054 0.090518 -0.030054
vn -0.070711 0.000000 0.070711
vn -0.070711 0.000000 0.070711
vn -0.070711 0.000000 0.070711
vn -0.070711 0.000000 0.070711
vn -0.070711 0.000000 0.070711
vn -0.070711 0.000000 0.070711
vn -0.070711 0.000000 0.070711
vn -0.070711 0.000000 0.070711
vn -0.070711 0.000000 0.070711
vn -0.070711 0.000000 0.070711
vn -0.070711 0.000000 0.070711
vn -0.070711 0.000000 0.070711
vn -0.070711 0.000000 0.070711
vn -0.070711 0.000000 0.070711
vn -0.070711 0.000000 0.070711
vn -0.070711 0.000000 0.070711
vn -0.070711 0.000000 0.070711
vn -0.070711 0.000000 0.070711
vn -0.070711 0.000000 0.070711
vn -0.070711 0.000000 0.070711
vn -0.070711 0.000000 0.070711
vn -0.070711 0.000000 0.070711
vn -0.070711 0.000000 0.070711
vn -0.070711 0.000000 0.070711
vn -0.070711 0.000000 0.070711
vn -0.070711 0.000000 0.070711
vn -0.070711 0.000000 0.070711
vn -0.070711 0.000000 0.070711
vn -0.070711 0.000000 0.070711
vn -0.070711 0.000000 0.070711
vn -0.070711 0.000000 0.070711
vn -0.070711 0.000000 0.070711
vn -0.070711 0.000000 0.070711
vn -0.070711 0.000000 0.070711
vn -0.070711 0.000000 0.070711
vn 0.086603 0.000000 -0.050000
vn 0.086603 0.000000 -0.050000
vn 0.086603 0.000000 -0.050000
vn 0.086603 0.000000 -0.050000
vn 0.086603 0.000000 -0.050000
vn 0.086603 0.000000 -0.050000
vn 0.086603 0.000000 -0.050000
vn 0.086603 0.000000 -0.050000
vn 0.086603 0.000000 -0.050000
vn 0.086603 0.000000 -0.050000
vn 0.086603 0.000000 -0.050000
vn 0.086603 0.000000 -0.050000
vn 0.086603 0.000000 -0.050000
vn 0.086603 0.000000 -0.050000
vn 0.086603 0.000000 -0.050000
vn 0.086603 0.000000 -0.050000
vn 0.086603 0.000000 -0.050000
vn 0.086603 0.000000 -0.050000
vn 0.086603 0.000000 -0.050000
vn 0.086603 0.000000 -0.050000
vn 0.086603 0.000000 -0.050000
vn 0.086603 0.000000 -0.050000
vn 0.086603 0.000000 -0.050000
vn 0.086603 0.000000 -0.050000
vn 0.086603 0.000000 -0.050000
vn 0.086603 0.000000 -0.050000
vn 0.086603 0.000000 -0.050000
vn 0.086603 0.000000 -0.050000
vn 0.086603 0.000000 -0.050000
vn 0.086603 0.000000 -0.050000
vn 0.086603 0.000000 -0.050000
vn 0.086603 0.000000 -0.050000
vn 0.086603 0.000000 -0.050000
vn 0.086603 0.000000 -0.050000
vn 0.086603 0.000000 -0.050000
vn 0.046420 -0.037157 0.080402
vn 0.046420 -0.037157 0.080402
vn 0.046420 -0.037157 0.080402
vn 0.046420 -0.037157 0.080402
vn 0.046420 -0.037157 0.080402
vn -0.046420 0.037157 -0.080402
vn -0.046420 0.037157 -0.080402
vn -0.046420 0.037157 -0.080402
vn -0.046420 0.037157 -0.080402
vn -0.046420 0.037157 -0.080402
vn -0.046420 0.037157 -0.080402
vn -0.049136 0.018509 -0.085106
vn -0.049998 -0.000837 -0.086600
vn -0.048974 -0.020152 -0.084826
vn -0.046103 -0.038706 -0.079852
vn -0.046103 -0.038706 -0.079852
vn -0.048974 -0.020152 -0.084826
vn -0.049998 -0.000837 -0.086600
vn -0.049136 0.018509 -0.085106
vn -0.046610 -0.036194 -0.080731
vn -0.046610 -0.036194 -0.080731
vn -0.042611 -0.052317 -0.073805
vn -0.037232 -0.066746 -0.064488
vn -0.030647 -0.079012 -0.053083
vn -0.023070 -0.088719 -0.039958
vn -0.014745 -0.095553 -0.025539
vn -0.005942 -0.099291 -0.010292
vn 0.003053 -0.099813 0.005288
vn 0.011949 -0.097102 0.020696
vn 0.020458 -0.091246 0.035434
vn 0.028304 -0.082434 0.049025
vn 0.028304 -0.082434 0.049025
vn 0.020458 -0.091246 0.035434
vn 0.011949 -0.097102 0.020696
vn 0.003053 -0.099813 0.005288
vn -0.005942 -0.099291 -0.010292
vn -0.014745 -0.095553 -0.025539
vn -0.023070 -0.088719 -0.039958
vn -0.030647 -0.079012 -0.053083
vn -0.037232 -0.066746 -0.064488
vn -0.042611 -0.052317 -0.073805
vn -0.041217 -0.056609 -0.071390
vn -0.041217 -0.056609 -0.071390
vn -0.041217 -0.056609 -0.071390
vn -0.041217 -0.056609 -0.071390
vn -0.029169 0.081220 -0.050522
vn -0.029169 0.081220 -0.050522
vn -0.021252 0.090518 -0.036809
vn -0.012618 0.096764 -0.021854
vn -0.003558 0.099746 -0.006163
vn 0.005621 0.099366 0.009736
vn 0.014611 0.095635 0.025306
vn 0.023108 0.088680 0.040024
vn 0.030826 0.078734 0.053392
vn 0.037504 0.066134 0.064959
vn 0.042918 0.051304 0.074337
vn 0.046885 0.034744 0.081207
vn 0.049271 0.017012 0.085340
vn 0.049996 -0.001293 0.086595
vn 0.049035 -0.019554 0.084931
vn 0.046420 -0.037157 0.080402
vn 0.046420 -0.037157 0.080402
vn 0.049035 -0.019554 0.084931
vn 0.049996 -0.001293 0.086595
vn 0.049271 0.017012 0.085340
vn 0.046885 0.034744 0.081207
vn 0.042918 0.051304 0.074337
vn 0.037504 0.066134 0.064959
vn 0.030826 0.078734 0.053392
vn 0.023108 0.088680 0.040024
vn 0.014611 0.095635 0.025306
vn 0.005621 0.099366 0.009736
vn -0.003558 0.099746 -0.006163
vn -0.012618 0.096764 -0.021854
vn -0.021252 0.090518 -0.036809
vn -0.086603 0.000000 0.050000
vn -0.086603 0.000000 0.050000
vn -0.086603 0.000000 0.050000
vn -0.086603 0.000000 0.050000
vn -0.086603 0.000000 0.050000
vn -0.086603 0.000000 0.050000
vn -0.086603 0.000000 0.050000
vn -0.086603 0.000000 0.050000
vn -0.086603 0.000000 0.050000
vn -0.086603 0.000000 0.050000
vn -0.086603 0.000000 0.050000
vn -0.086603 0.000000 0.050000
vn -0.086603 0.000000 0.050000
vn -0.086603 0.000000 0.050000
vn -0.086603 0.000000 0.050000
vn -0.086603 0.000000 0.050000
vn -0.086603 0.000000 0.050000
vn -0.086603 0.000000 0.050000
vn -0.086603 0.000000 0.050000
vn -0.086603 0.000000 0.050000
vn -0.086603 0.000000 0.050000
vn -0.086603 0.000000 0.050000
vn -0.086603 0.000000 0.050000
vn -0.086603 0.000000 0.050000
vn -0.086603 0.000000 0.050000
vn -0.086603 0.000000 0.050000
vn -0.086603 0.000000 0.050000
vn -0.086603 0.000000 0.050000
vn -0.086603 0.000000 0.050000
vn -0.086603 0.000000 0.050000
vn -0.086603 0.000000 0.050000
vn -0.086603 0.000000 0.050000
vn -0.086603 0.000000 0.050000
vn -0.086603 0.000000 0.050000
vn -0.086603 0.000000 0.050000
vn 0.096593 0.000000 -0.025882
vn 0.096593 0.000000 -0.025882
vn 0.096593 0.000000 -0.025882
vn 0.096593 0.000000 -0.025882
vn 0.096593 0.000000 -0.025882
vn 0.096593 0.000000 -0.025882
vn 0.096593 0.000000 -0.025882
vn 0.096593 0.000000 -0.025882
vn 0.096593 0.000000 -0.025882
vn 0.096593 0.000000 -0.025882
vn 0.096593 0.000000 -0.025882
vn 0.096593 0.000000 -0.025882
vn 0.096593 0.000000 -0.025882
vn 0.096593 0.000000 -0.025882
vn 0.096593 0.000000 -0.025882
vn 0.096593 0.000000 -0.025882
vn 0.096593 0.000000 -0.025882
vn 0.096593 0.000000 -0.025882
vn 0.096593 0.000000 -0.025882
vn 0.096593 0.000000 -0.025882
vn 0.096593 0.000000 -0.025882
vn 0.096593 0.000000 -0.025882
vn 0.096593 0.000000 -0.025882
vn 0.096593 0.000000 -0.025882
vn 0.096593 0.000000 -0.025882
vn 0.096593 0.000000 -0.025882
vn 0.096593 0.000000 -0.025882
vn 0.096593 0.000000 -0.025882
vn 0.096593 0.000000 -0.025882
vn 0.096593 0.000000 -0.025882
vn 0.096593 0.000000 -0.025882
vn 0.096593 0.000000 -0.025882
vn 0.096593 0.000000 -0.025882
vn 0.096593 0.000000 -0.025882
vn 0.096593 0.000000 -0.025882
vn -0.096593 0.000000 0.025882
vn -0.096593 0.000000 0.025882
vn -0.096593 0.000000 0.025882
vn -0.096593 0.000000 0.025882
vn -0.096593 0.000000 0.025882
vn -0.096593 0.000000 0.025882
vn -0.096593 0.000000 0.025882
vn -0.096593 0.000000 0.025882
vn -0.096593 0.000000 0.025882
vn -0.096593 0.000000 0.025882
vn -0.096593 0.000000 0.025882
vn -0.096593 0.000000 0.025882
vn -0.096593 0.000000 0.025882
vn -0.096593 0.000000 0.025882
vn -0.096593 0.000000 0.025882
vn -0.096593 0.000000 0.025882
vn -0.096593 0.000000 0.025882
vn -0.096593 0.000000 0.025882
vn -0.096593 0.000000 0.025882
vn -0.096593 0.000000 0.025882
vn -0.096593 0.000000 0.025882
vn -0.096593 0.000000 0.025882
vn -0.096593 0.000000 0.025882
vn -0.096593 0.000000 0.025882
vn -0.096593 0.000000 0.025882
vn -0.096593 0.000000 0.025882
vn -0.096593 0.000000 0.025882
vn -0.096593 0.000000 0.025882
vn -0.096593 0.000000 0.025882
vn -0.096593 0.000000 0.025882
vn -0.096593 0.000000 0.025882
vn -0.096593 0.000000 0.025882
vn -0.096593 0.000000 0.025882
vn -0.096593 0.000000 0.025882
vn -0.096593 0.000000 0.025882
vn 0.024029 -0.037157 0.089677
vn 0.024029 -0.037157 0.089677
vn 0.024029 -0.037157 0.089677
vn 0.024029 -0.037157 0.089677
vn 0.024029 -0.037157 0.089677
vn -0.024029 0.037157 -0.089677
vn -0.024029 0.037157 -0.089677
vn -0.024029 0.037157 -0.089677
vn -0.024029 0.037157 -0.089677
vn -0.024029 0.037157 -0.089677
vn -0.024029 0.037157 -0.089677
vn -0.025435 0.018509 -0.094924
vn -0.025881 -0.000837 -0.096589
vn -0.025351 -0.020152 -0.094611
vn -0.023864 -0.038706 -0.089064
vn -0.023864 -0.038706 -0.089064
vn -0.025351 -0.020152 -0.094611
vn -0.025881 -0.000837 -0.096589
vn -0.025435 0.018509 -0.094924
vn -0.024127 -0.036194 -0.090044
vn -0.024127 -0.036194 -0.090044
vn -0.022057 -0.052317 -0.082319
vn -0.019273 -0.066746 -0.071927
vn -0.015864 -0.079012 -0.059206
vn -0.011942 -0.088719 -0.044567
vn -0.007632 -0.095553 -0.028485
vn -0.003076 -0.099291 -0.011480
vn 0.001580 -0.099813 0.005897
vn 0.006185 -0.097102 0.023083
vn 0.010590 -0.091246 0.039522
vn 0.014651 -0.082434 0.054680
vn 0.014651 -0.082434 0.054680
vn 0.010590 -0.091246 0.039522
vn 0.006185 -0.097102 0.023083
vn 0.001580 -0.099813 0.005897
vn -0.003076 -0.099291 -0.011480
vn -0.007632 -0.095553 -0.028485
vn -0.011942 -0.088719 -0.044567
vn -0.015864 -0.079012 -0.059206
vn -0.019273 -0.066746 -0.071927
vn -0.022057 -0.052317 -0.082319
vn -0.021336 -0.056609 -0.079626
vn -0.021336 -0.056609 -0.079626
vn -0.021336 -0.056609 -0.079626
vn -0.021336 -0.056609 -0.079626
vn -0.015099 0.081220 -0.056350
vn -0.015099 0.081220 -0.056350
vn -0.011001 0.090518 -0.041055
vn -0.006531 0.096764 -0.024375
vn -0.001842 0.099746 -0.006874
vn 0.002910 0.099366 0.010859
vn 0.007563 0.095635 0.028226
vn 0.011961 0.088680 0.044641
vn 0.015957 0.078734 0.059551
vn 0.019414 0.066134 0.072453
vn 0.022216 0.051304 0.082912
vn 0.024270 0.034744 0.090575
vn 0.025505 0.017012 0.095185
vn 0.025880 -0.001293 0.096585
vn 0.025382 -0.019554 0.094728
vn 0.024029 -0.037157 0.089677
vn 0.024029 -0.037157 0.089677
vn 0.025382 -0.019554 0.094728
vn 0.025880 -0.001293 0.096585
vn 0.025505 0.017012 0.095185
vn 0.024270 0.034744 0.090575
vn 0.022216 0.051304 0.082912
vn 0.019414 0.066134 0.072453
vn 0.015957 0.078734 0.059551
vn 0.011961 0.088680 0.044641
vn 0.007563 0.095635 0.028226
vn 0.002910 0.099366 0.010859
vn -0.001842 0.099746 -0.006874
vn -0.006531 0.096764 -0.024375
vn -0.011001 0.090518 -0.041055
vn 0.100000 0.000000 0.000000
vn 0.100000 0.000000 0.000000
vn 0.100000 0.000000 0.000000
vn 0.100000 0.000000 0.000000
vn 0.100000 0.000000 0.000000
vn 0.100000 0.000000 0.000000
vn 0.100000 0.000000 0.000000
vn 0.100000 0.000000 0.000000
vn 0.100000 0.000000 0.000000
vn 0.100000 0.000000 0.000000
vn 0.100000 0.000000 0.000000
vn 0.100000 0.000000 0.000000
vn 0.100000 0.000000 0.000000
vn 0.100000 0.000000 0.000000
vn 0.100000 0.000000 0.000000
vn 0.100000 0.000000 0.000000
vn 0.100000 0.000000 0.000000
vn 0.100000 0.000000 0.000000
vn 0.100000 0.000000 0.000000
vn 0.100000 0.000000 0.000000
vn 0.100000 0.000000 0.000000
vn 0.100000 0.000000 0.000000
vn 0.100000 0.000000 0.000000
vn 0.100000 0.000000 0.000000
vn 0.100000 0.000000 0.000000
vn 0.100000 0.000000 0.000000
vn 0.100000 0.000000 0.000000
vn 0.100000 0.000000 0.000000
vn 0.100000 0.000000 0.000000
vn 0.100000 0.000000 0.000000
vn 0.100000 0.000000 0.000000
vn 0.100000 0.000000 0.000000
vn 0.100000 0.000000 0.000000
vn 0.100000 0.000000 0.000000
vn 0.100000 0.000000 0.000000
vn 0.000000 -0.037157 0.092841
vn 0.000000 -0.037157 0.092841
vn 0.000000 -0.037157 0.092841
vn 0.000000 -0.037157 0.092841
vn 0.000000 -0.037157 0.092841
vn 0.000000 0.037157 -0.092841
vn 0.000000 0.037157 -0.092841
vn 0.000000 0.037157 -0.092841
vn 0.000000 0.037157 -0.092841
vn 0.000000 0.037157 -0.092841
vn 0.000000 0.037157 -0.092841
vn 0.000000 0.018509 -0.098272
vn 0.000000 -0.000837 -0.099996
vn 0.000000 -0.020152 -0.097948
vn 0.000000 -0.038706 -0.092205
vn 0.000000 -0.038706 -0.092205
vn 0.000000 -0.020152 -0.097948
vn 0.000000 -0.000837 -0.099996
vn 0.000000 0.018509 -0.098272
vn 0.000000 -0.036194 -0.093220
vn 0.000000 -0.036194 -0.093220
vn 0.000000 -0.052317 -0.085223
vn 0.000000 -0.066746 -0.074465
vn 0.000000 -0.079012 -0.061295
vn 0.000000 -0.088719 -0.046140
vn 0.000000 -0.095553 -0.029490
vn 0.000000 -0.099291 -0.011885
vn 0.000000 -0.099813 0.006106
vn 0.000000 -0.097102 0.023898
vn 0.000000 -0.091246 0.040916
vn 0.000000 -0.082434 0.056609
vn 0.000000 -0.082434 0.056609
vn 0.000000 -0.091246 0.040916
vn 0.000000 -0.097102 0.023898
vn 0.000000 -0.099813 0.006106
vn 0.000000 -0.099291 -0.011885
vn 0.000000 -0.095553 -0.029490
vn 0.000000 -0.088719 -0.046140
vn 0.000000 -0.079012 -0.061295
vn 0.000000 -0.066746 -0.074465
vn 0.000000 -0.052317 -0.085223
vn 0.000000 -0.056609 -0.082434
vn 0.000000 -0.056609 -0.082434
vn 0.000000 -0.056609 -0.082434
vn 0.000000 -0.056609 -0.082434
vn 0.000000 0.081220 -0.058338
vn 0.000000 0.081220 -0.058338
vn 0.000000 0.090518 -0.042503
vn 0.000000 0.096764 -0.025235
vn 0.000000 0.099746 -0.007117
vn 0.000000 0.099366 0.011242
vn 0.000000 0.095635 0.029221
vn 0.000000 0.088680 0.046215
vn 0.000000 0.078734 0.061651
vn 0.000000 0.066134 0.075009
vn 0.000000 0.051304 0.085837
vn 0.000000 0.034744 0.093770
vn 0.000000 0.017012 0.098542
vn 0.000000 -0.001293 0.099992
vn 0.000000 -0.019554 0.098069
vn 0.000000 -0.037157 0.092841
vn 0.000000 -0.037157 0.092841
vn 0.000000 -0.019554 0.098069
vn 0.000000 -0.001293 0.099992
vn 0.000000 0.017012 0.098542
vn 0.000000 0.034744 0.093770
vn 0.000000 0.051304 0.085837
vn 0.000000 0.066134 0.075009
vn 0.000000 0.078734 0.061651
vn 0.000000 0.088680 0.046215
vn 0.000000 0.095635 0.029221
vn 0.000000 0.099366 0.011242
vn 0.000000 0.099746 -0.007117
vn 0.000000 0.096764 -0.025235
vn 0.000000 0.090518 -0.042503
vn -0.100000 0.000000 0.000000
vn -0.100000 0.000000 0.000000
vn -0.100000 0.000000 0.000000
vn -0.100000 0.000000 0.000000
vn -0.100000 0.000000 0.000000
vn -0.100000 0.000000 0.000000
vn -0.100000 0.000000 0.000000
vn -0.100000 0.000000 0.000000
vn -0.100000 0.000000 0.000000
vn -0.100000 0.000000 0.000000
vn -0.100000 0.000000 0.000000
vn -0.100000 0.000000 0.000000
vn -0.100000 0.000000 0.000000
vn -0.100000 0.000000 0.000000
vn -0.100000 0.000000 0.000000
vn -0.100000 0.000000 0.000000
vn -0.100000 0.000000 0.000000
vn -0.100000 0.000000 0.000000
vn -0.100000 0.000000 0.000000
vn -0.100000 0.000000 0.000000
vn -0.100000 0.000000 0.000000
vn -0.100000 0.000000 0.000000
vn -0.100000 0.000000 0.000000
vn -0.100000 0.000000 0.000000
vn -0.100000 0.000000 0.000000
vn -0.100000 0.000000 0.000000
vn -0.100000 0.000000 0.000000
vn -0.100000 0.000000 0.000000
vn -0.100000 0.000000 0.000000
vn -0.100000 0.000000 0.000000
vn -0.100000 0.000000 0.000000
vn -0.100000 0.000000 0.000000
vn -0.100000 0.000000 0.000000
vn -0.100000 0.000000 0.000000
vn -0.100000 0.000000 0.000000
vn 0.096593 0.000000 0.025882
vn 0.096593 0.000000 0.025882
vn 0.096593 0.000000 0.025882
vn 0.096593 0.000000 0.025882
vn 0.096593 0.000000 0.025882
vn 0.096593 0.000000 0.025882
vn 0.096593 0.000000 0.025882
vn 0.096593 0.000000 0.025882
vn 0.096593 0.000000 0.025882
vn 0.096593 0.000000 0.025882
vn 0.096593 0.000000 0.025882
vn 0.096593 0.000000 0.025882
vn 0.096593 0.000000 0.025882
vn 0.096593 0.000000 0.025882
vn 0.096593 0.000000 0.025882
vn 0.096593 0.000000 0.025882
vn 0.096593 0.000000 0.025882
vn 0.096593 0.000000 0.025882
vn 0.096593 0.000000 0.025882
vn 0.096593 0.000000 0.025882
vn 0.096593 0.000000 0.025882
vn 0.096593 0.000000 0.025882
vn 0.096593 0.000000 0.025882
vn 0.096593 0.000000 0.025882
vn 0.096593 0.000000 0.025882
vn 0.096593 0.000000 0.025882
vn 0.096593 0.000000 0.025882
vn 0.096593 0.000000 0.025882
vn 0.096593 0.000000 0.025882
vn 0.096593 0.000000 0.025882
vn 0.096593 0.000000 0.025882
vn 0.096593 0.000000 0.025882
vn 0.096593 0.000000 0.025882
vn 0.096593 0.000000 0.025882
vn 0.096593 0.000000 0.025882
vn -0.096593 0.000000 -0.025882
vn -0.096593 0.000000 -0.025882
vn -0.096593 0.000000 -0.025882
vn -0.096593 0.000000 -0.025882
vn -0.096593 0.000000 -0.025882
vn -0.096593 0.000000 -0.025882
vn -0.096593 0.000000 -0.025882
vn -0.096593 0.000000 -0.025882
vn -0.096593 0.000000 -0.025882
vn -0.096593 0.000000 -0.025882
vn -0.096593 0.000000 -0.025882
vn -0.096593 0.000000 -0.025882
vn -0.096593 0.000000 -0.025882
vn -0.096593 0.000000 -0.025882
vn -0.096593 0.000000 -0.025882
vn -0.096593 0.000000 -0.025882
vn -0.096593 0.000000 -0.025882
vn -0.096593 0.000000 -0.025882
vn -0.096593 0.000000 -0.025882
vn -0.096593 0.000000 -0.025882
vn -0.096593 0.000000 -0.025882
vn -0.096593 0.000000 -0.025882
vn -0.096593 0.000000 -0.025882
vn -0.096593 0.000000 -0.025882
vn -0.096593 0.000000 -0.025882
vn -0.096593 0.000000 -0.025882
vn -0.096593 0.000000 -0.025882
vn -0.096593 0.000000 -0.025882
vn -0.096593 0.000000 -0.025882
vn -0.096593 0.000000 -0.025882
vn -0.096593 0.000000 -0.025882
vn -0.096593 0.000000 -0.025882
vn -0.096593 0.000000 -0.025882
vn -0.096593 0.000000 -0.025882
vn -0.096593 0.000000 -0.025882
vn -0.024029 -0.037157 0.089677
vn -0.024029 -0.037157 0.089677
vn -0.024029 -0.037157 0.089677
vn -0.024029 -0.037157 0.089677
vn -0.024029 -0.037157 0.089677
vn 0.024029 0.037157 -0.089677
vn 0.024029 0.037157 -0.089677
vn 0.024029 0.037157 -0.089677
vn 0.024029 0.037157 -0.089677
vn 0.024029 0.037157 -0.089677
vn 0.024029 0.037157 -0.089677
vn 0.025435 0.018509 -0.094924
vn 0.025881 -0.000837 -0.096589
vn 0.025351 -0.020152 -0.094611
vn 0.023864 -0.038706 -0.089064
vn 0.023864 -0.038706 -0.089064
vn 0.025351 -0.020152 -0.094611
vn 0.025881 -0.000837 -0.096589
vn 0.025435 0.018509 -0.094924
vn 0.024127 -0.036194 -0.090044
vn 0.024127 -0.036194 -0.090044
vn 0.022057 -0.052317 -0.082319
vn 0.019273 -0.066746 -0.071927
vn 0.015864 -0.079012 -0.059206
vn 0.011942 -0.088719 -0.044567
vn 0.007632 -0.095553 -0.028485
vn 0.003076 -0.099291 -0.011480
vn -0.001580 -0.099813 0.005897
vn -0.006185 -0.097102 0.023083
vn -0.010590 -0.091246 0.039522
vn -0.014651 -0.082434 0.054680
vn -0.014651 -0.082434 0.054680
vn -0.010590 -0.091246 0.039522
vn -0.006185 -0.097102 0.023083
vn -0.001580 -0.099813 0.005897
vn 0.003076 -0.099291 -0.011480
vn 0.007632 -0.095553 -0.028485
vn 0.011942 -0.088719 -0.044567
vn 0.015864 -0.079012 -0.059206
vn 0.019273 -0.066746 -0.071927
vn 0.022057 -0.052317 -0.082319
vn 0.021336 -0.056609 -0.079626
vn 0.021336 -0.056609 -0.079626
vn 0.021336 -0.056609 -0.079626
vn 0.021336 -0.056609 -0.079626
vn 0.015099 0.081220 -0.056350
vn 0.015099 0.081220 -0.056350
vn 0.011001 0.090518 -0.041055
vn 0.006531 0.096764 -0.024375
vn 0.001842 0.099746 -0.006874
vn -0.002910 0.099366 0.010859
vn -0.007563 0.095635 0.028226
vn -0.011961 0.088680 0.044641
vn -0.015957 0.078734 0.059551
vn -0.019414 0.066134 0.072453
vn -0.022216 0.051304 0.082912
vn -0.024270 0.034744 0.090575
vn -0.025505 0.017012 0.095185
vn -0.025880 -0.001293 0.096585
vn -0.025382 -0.019554 0.094728
vn -0.024029 -0.037157 0.089677
vn -0.024029 -0.037157 0.089677
vn -0.025382 -0.019554 0.094728
vn -0.025880 -0.001293 0.096585
vn -0.025505 0.017012 0.095185
vn -0.024270 0.034744 0.090575
vn -0.022216 0.051304 0.082912
vn -0.019414 0.066134 0.072453
vn -0.015957 0.078734 0.059551
vn -0.011961 0.088680 0.044641
vn -0.007563 0.095635 0.028226
vn -0.002910 0.099366 0.010859
vn 0.001842 0.099746 -0.006874
vn 0.006531 0.096764 -0.024375
vn 0.011001 0.090518 -0.041055
vn 0.086603 0.000000 0.050000
vn 0.086603 0.000000 0.050000
vn 0.086603 0.000000 0.050000
vn 0.086603 0.000000 0.050000
vn 0.086603 0.000000 0.050000
vn 0.086603 0.000000 0.050000
vn 0.086603 0.000000 0.050000
vn 0.086603 0.000000 0.050000
vn 0.086603 0.000000 0.050000
vn 0.086603 0.000000 0.050000
vn 0.086603 0.000000 0.050000
vn 0.086603 0.000000 0.050000
vn 0.086603 0.000000 0.050000
vn 0.086603 0.000000 0.050000
vn 0.086603 0.000000 0.050000
vn 0.086603 0.000000 0.050000
vn 0.086603 0.000000 0.050000
vn 0.086603 0.000000 0.050000
vn 0.086603 0.000000 0.050000
vn 0.086603 0.000000 0.050000
vn 0.086603 0.000000 0.050000
vn 0.086603 0.000000 0.050000
vn 0.086603 0.000000 0.050000
vn 0.086603 0.000000 0.050000
vn 0.086603 0.000000 0.050000
vn 0.086603 0.000000 0.050000
vn 0.086603 0.000000 0.050000
vn 0.086603 0.000000 0.050000
vn 0.086603 0.000000 0.050000
vn 0.086603 0.000000 0.050000
vn 0.086603 0.000000 0.050000
vn 0.086603 0.000000 0.050000
vn 0.086603 0.000000 0.050000
vn 0.086603 0.000000 0.050000
vn 0.086603 0.000000 0.050000
vn -0.046420 -0.037157 0.080402
vn -0.046420 -0.037157 0.080402
vn -0.046420 -0.037157 0.080402
vn -0.046420 -0.037157 0.080402
vn -0.046420 -0.037157 0.080402
vn 0.046420 0.037157 -0.080402
vn 0.046420 0.037157 -0.080402
vn 0.046420 0.037157 -0.080402
vn 0.046420 0.037157 -0.080402
vn 0.046420 0.037157 -0.080402
vn 0.046420 0.037157 -0.080402
vn 0.049136 0.018509 -0.085106
vn 0.049998 -0.000837 -0.086600
vn 0.048974 -0.020152 -0.084826
vn 0.046103 -0.038706 -0.079852
vn 0.046103 -0.038706 -0.079852
vn 0.048974 -0.020152 -0.084826
vn 0.049998 -0.000837 -0.086600
vn 0.049136 0.018509 -0.085106
vn 0.046610 -0.036194 -0.080731
vn 0.046610 -0.036194 -0.080731
vn 0.042611 -0.052317 -0.073805
vn 0.037232 -0.066746 -0.064488
vn 0.030647 -0.079012 -0.053083
vn 0.023070 -0.088719 -0.039958
vn 0.014745 -0.095553 -0.025539
vn 0.005942 -0.099291 -0.010292
vn -0.003053 -0.099813 0.005288
vn -0.011949 -0.097102 0.020696
vn -0.020458 -0.091246 0.035434
vn -0.028304 -0.082434 0.049025
vn -0.028304 -0.082434 0.049025
vn -0.020458 -0.091246 0.035434
vn -0.011949 -0.097102 0.020696
vn -0.003053 -0.099813 0.005288
vn 0.005942 -0.099291 -0.010292
vn 0.014745 -0.095553 -0.025539
vn 0.023070 -0.088719 -0.039958
vn 0.030647 -0.079012 -0.053083
vn 0.037232 -0.066746 -0.064488
vn 0.042611 -0.052317 -0.073805
vn 0.041217 -0.056609 -0.071390
vn 0.041217 -0.056609 -0.071390
vn 0.041217 -0.056609 -0.071390
vn 0.041217 -0.056609 -0.071390
vn 0.029169 0.081220 -0.050522
vn 0.029169 0.081220 -0.050522
vn 0.021252 0.090518 -0.036809
vn 0.012618 0.096764 -0.021854
vn 0.003558 0.099746 -0.006163
vn -0.005621 0.099366 0.009736
vn -0.014611 0.095635 0.025306
vn -0.023108 0.088680 0.040024
vn -0.030826 0.078734 0.053392
vn -0.037504 0.066134 0.064959
vn -0.042918 0.051304 0.074337
vn -0.046885 0.034744 0.081207
vn -0.049271 0.017012 0.085340
vn -0.049996 -0.001293 0.086595
vn -0.049035 -0.019554 0.084931
vn -0.046420 -0.037157 0.080402
vn -0.046420 -0.037157 0.080402
vn -0.049035 -0.019554 0.084931
vn -0.049996 -0.001293 0.086595
vn -0.049271 0.017012 0.085340
vn -0.046885 0.034744 0.081207
vn -0.042918 0.051304 0.074337
vn -0.037504 0.066134 0.064959
vn -0.030826 0.078734 0.053392
vn -0.023108 0.088680 0.040024
vn -0.014611 0.095635 0.025306
vn -0.005621 0.099366 0.009736
vn 0.003558 0.099746 -0.006163
vn 0.012618 0.096764 -0.021854
vn 0.021252 0.090518 -0.036809
vn -0.086603 0.000000 -0.050000
vn -0.086603 0.000000 -0.050000
vn -0.086603 0.000000 -0.050000
vn -0.086603 0.000000 -0.050000
vn -0.086603 0.000000 -0.050000
vn -0.086603 0.000000 -0.050000
vn -0.086603 0.000000 -0.050000
vn -0.086603 0.000000 -0.050000
vn -0.086603 0.000000 -0.050000
vn -0.086603 0.000000 -0.050000
vn -0.086603 0.000000 -0.050000
vn -0.086603 0.000000 -0.050000
vn -0.086603 0.000000 -0.050000
vn -0.086603 0.000000 -0.050000
vn -0.086603 0.000000 -0.050000
vn -0.086603 0.000000 -0.050000
vn -0.086603 0.000000 -0.050000
vn -0.086603 0.000000 -0.050000
vn -0.086603 0.000000 -0.050000
vn -0.086603 0.000000 -0.050000
vn -0.086603 0.000000 -0.050000
vn -0.086603 0.000000 -0.050000
vn -0.086603 0.000000 -0.050000
vn -0.086603 0.000000 -0.050000
vn -0.086603 0.000000 -0.050000
vn -0.086603 0.000000 -0.050000
vn -0.086603 0.000000 -0.050000
vn -0.086603 0.000000 -0.050000
vn -0.086603 0.000000 -0.050000
vn -0.086603 0.000000 -0.050000
vn -0.086603 0.000000 -0.050000
vn -0.086603 0.000000 -0.050000
vn -0.086603 0.000000 -0.050000
vn -0.086603 0.000000 -0.050000
vn -0.086603 0.000000 -0.050000
vn 0.070711 0.000000 0.070711
vn 0.070711 0.000000 0.070711
vn 0.070711 0.000000 0.070711
vn 0.070711 0.000000 0.070711
vn 0.070711 0.000000 0.070711
vn 0.070711 0.000000 0.070711
vn 0.070711 0.000000 0.070711
vn 0.070711 0.000000 0.070711
vn 0.070711 0.000000 0.070711
vn 0.070711 0.000000 0.070711
vn 0.070711 0.000000 0.070711
vn 0.070711 0.000000 0.070711
vn 0.070711 0.000000 0.070711
vn 0.070711 0.000000 0.070711
vn 0.070711 0.000000 0.070711
vn 0.070711 0.000000 0.070711
vn 0.070711 0.000000 0.070711
vn 0.070711 0.000000 0.070711
vn 0.070711 0.000000 0.070711
vn 0.070711 0.000000 0.070711
vn 0.070711 0.000000 0.070711
vn 0.070711 0.000000 0.070711
vn 0.070711 0.000000 0.070711
vn 0.070711 0.000000 0.070711
vn 0.070711 0.000000 0.070711
vn 0.070711 0.000000 0.070711
vn 0.070711 0.000000 0.070711
vn 0.070711 0.000000 0.070711
vn 0.070711 0.000000 0.070711
vn 0.070711 0.000000 0.070711
vn 0.070711 0.000000 0.070711
vn 0.070711 0.000000 0.070711
vn 0.070711 0.000000 0.070711
vn 0.070711 0.000000 0.070711
vn 0.070711 0.000000 0.070711
vn -0.070711 0.000000 -0.070711
vn -0.070711 0.000000 -0.070711
vn -0.070711 0.000000 -0.070711
vn -0.070711 0.000000 -0.070711
vn -0.070711 0.000000 -0.070711
vn -0.070711 0.000000 -0.070711
vn -0.070711 0.000000 -0.070711
vn -0.070711 0.000000 -0.070711
vn -0.070711 0.000000 -0.070711
vn -0.070711 0.000000 -0.070711
vn -0.070711 0.000000 -0.070711
vn -0.070711 0.000000 -0.070711
vn -0.070711 0.000000 -0.070711
vn -0.070711 0.000000 -0.070711
vn -0.070711 0.000000 -0.070711
vn -0.070711 0.000000 -0.070711
vn -0.070711 0.000000 -0.070711
vn -0.070711 0.000000 -0.070711
vn -0.070711 0.000000 -0.070711
vn -0.070711 0.000000 -0.070711
vn -0.070711 0.000000 -0.070711
vn -0.070711 0.000000 -0.070711
vn -0.070711 0.000000 -0.070711
vn -0.070711 0.000000 -0.070711
vn -0.070711 0.000000 -0.070711
vn -0.070711 0.000000 -0.070711
vn -0.070711 0.000000 -0.070711
vn -0.070711 0.000000 -0.070711
vn -0.070711 0.000000 -0.070711
vn -0.070711 0.000000 -0.070711
vn -0.070711 0.000000 -0.070711
vn -0.070711 0.000000 -0.070711
vn -0.070711 0.000000 -0.070711
vn -0.070711 0.000000 -0.070711
vn -0.070711 0.000000 -0.070711
vn -0.065648 -0.037157 0.065648
vn -0.065648 -0.037157 0.065648
vn -0.065648 -0.037157 0.065648
vn -0.065648 -0.037157 0.065648
vn -0.065648 -0.037157 0.065648
vn 0.065648 0.037157 -0.065648
vn 0.065648 0.037157 -0.065648
vn 0.065648 0.037157 -0.065648
vn 0.065648 0.037157 -0.065648
vn 0.065648 0.037157 -0.065648
vn 0.065648 0.037157 -0.065648
vn 0.069489 0.018509 -0.069489
vn 0.070708 -0.000837 -0.070708
vn 0.069260 -0.020152 -0.069260
vn 0.065199 -0.038706 -0.065199
vn 0.065199 -0.038706 -0.065199
vn 0.069260 -0.020152 -0.069260
vn 0.070708 -0.000837 -0.070708
vn 0.069489 0.018509 -0.069489
vn 0.065917 -0.036194 -0.065917
vn 0.065917 -0.036194 -0.065917
vn 0.060262 -0.052317 -0.060262
vn 0.052655 -0.066746 -0.052655
vn 0.043342 -0.079012 -0.043342
vn 0.032626 -0.088719 -0.032626
vn 0.020852 -0.095553 -0.020852
vn 0.008404 -0.099291 -0.008404
vn -0.004317 -0.099813 0.004317
vn -0.016898 -0.097102 0.016898
vn -0.028932 -0.091246 0.028932
vn -0.040029 -0.082434 0.040029
vn -0.040029 -0.082434 0.040029
vn -0.028932 -0.091246 0.028932
vn -0.016898 -0.097102 0.016898
vn -0.004317 -0.099813 0.004317
vn 0.008404 -0.099291 -0.008404
vn 0.020852 -0.095553 -0.020852
vn 0.032626 -0.088719 -0.032626
vn 0.043342 -0.079012 -0.043342
vn 0.052655 -0.066746 -0.052655
vn 0.060262 -0.052317 -0.060262
vn 0.058290 -0.056609 -0.058290
vn 0.058290 -0.056609 -0.058290
vn 0.058290 -0.056609 -0.058290
vn 0.058290 -0.056609 -0.058290
vn 0.041251 0.081220 -0.041251
vn 0.041251 0.081220 -0.041251
vn 0.030054 0.090518 -0.030054
vn 0.017844 0.096764 -0.017844
vn 0.005032 0.099746 -0.005032
vn -0.007949 0.099366 0.007949
vn -0.020663 0.095635 0.020663
vn -0.032679 0.088680 0.032679
vn -0.043594 0.078734 0.043594
vn -0.053039 0.066134 0.053039
vn -0.060696 0.051304 0.060696
vn -0.066306 0.034744 0.066306
vn -0.069680 0.017012 0.069680
vn -0.070705 -0.001293 0.070705
vn -0.069346 -0.019554 0.069346
vn -0.065648 -0.037157 0.065648
vn -0.065648 -0.037157 0.065648
vn -0.069346 -0.019554 0.069346
vn -0.070705 -0.001293 0.070705
vn -0.069680 0.017012 0.069680
vn -0.066306 0.034744 0.066306
vn -0.060696 0.051304 0.060696
vn -0.053039 0.066134 0.053039
vn -0.043594 0.078734 0.043594
vn -0.032679 0.088680 0.032679
vn -0.020663 0.095635 0.020663
vn -0.007949 0.099366 0.007949
vn 0.005032 0.099746 -0.005032
vn 0.017844 0.096764 -0.017844
vn 0.030054 0.090518 -0.030054
vn 0.050000 0.000000 0.086603
vn 0.050000 0.000000 0.086603
vn 0.050000 0.000000 0.086603
vn 0.050000 0.000000 0.086603
vn 0.050000 0.000000 0.086603
vn 0.050000 0.000000 0.086603
vn 0.050000 0.000000 0.086603
vn 0.050000 0.000000 0.086603
vn 0.050000 0.000000 0.086603
vn 0.050000 0.000000 0.086603
vn 0.050000 0.000000 0.086603
vn 0.050000 0.000000 0.086603
vn 0.050000 0.000000 0.086603
vn 0.050000 0.000000 0.086603
vn 0.050000 0.000000 0.086603
vn 0.050000 0.000000 0.086603
vn 0.050000 0.000000 0.086603
vn 0.050000 0.000000 0.086603
vn 0.050000 0.000000 0.086603
vn 0.050000 0.000000 0.086603
vn 0.050000 0.000000 0.086603
vn 0.050000 0.000000 0.086603
vn 0.050000 0.000000 0.086603
vn 0.050000 0.000000 0.086603
vn 0.050000 0.000000 0.086603
vn 0.050000 0.000000 0.086603
vn 0.050000 0.000000 0.086603
vn 0.050000 0.000000 0.086603
vn 0.050000 0.000000 0.086603
vn 0.050000 0.000000 0.086603
vn 0.050000 0.000000 0.086603
vn 0.050000 0.000000 0.086603
vn 0.050000 0.000000 0.086603
vn 0.050000 0.000000 0.086603
vn 0.050000 0.000000 0.086603
vn -0.080402 -0.037157 0.046420
vn -0.080402 -0.037157 0.046420
vn -0.080402 -0.037157 0.046420
vn -0.080402 -0.037157 0.046420
vn -0.080402 -0.037157 0.046420
vn 0.080402 0.037157 -0.046420
vn 0.080402 0.037157 -0.046420
vn 0.080402 0.037157 -0.046420
vn 0.080402 0.037157 -0.046420
vn 0.080402 0.037157 -0.046420
vn 0.080402 0.037157 -0.046420
vn 0.085106 0.018509 -0.049136
vn 0.086600 -0.000837 -0.049998
vn 0.084826 -0.020152 -0.048974
vn 0.079852 -0.038706 -0.046103
vn 0.079852 -0.038706 -0.046103
vn 0.084826 -0.020152 -0.048974
vn 0.086600 -0.000837 -0.049998
vn 0.085106 0.018509 -0.049136
vn 0.080731 -0.036194 -0.046610
vn 0.080731 -0.036194 -0.046610
vn 0.073805 -0.052317 -0.042611
vn 0.064488 -0.066746 -0.037232
vn 0.053083 -0.079012 -0.030647
vn 0.039958 -0.088719 -0.023070
vn 0.025539 -0.095553 -0.014745
vn 0.010292 -0.099291 -0.005942
vn -0.005288 -0.099813 0.003053
vn -0.020696 -0.097102 0.011949
vn -0.035434 -0.091246 0.020458
vn -0.049025 -0.082434 0.028304
vn -0.049025 -0.082434 0.028304
vn -0.035434 -0.091246 0.020458
vn -0.020696 -0.097102 0.011949
vn -0.005288 -0.099813 0.003053
vn 0.010292 -0.099291 -0.005942
vn 0.025539 -0.095553 -0.014745
vn 0.039958 -0.088719 -0.023070
vn 0.053083 -0.079012 -0.030647
vn 0.064488 -0.066746 -0.037232
vn 0.073805 -0.052317 -0.042611
vn 0.071390 -0.056609 -0.041217
vn 0.071390 -0.056609 -0.041217
vn 0.071390 -0.056609 -0.041217
vn 0.071390 -0.056609 -0.041217
vn 0.050522 0.081220 -0.029169
vn 0.050522 0.081220 -0.029169
vn 0.036809 0.090518 -0.021252
vn 0.021854 0.096764 -0.012618
vn 0.006163 0.099746 -0.003558
vn -0.009736 0.099366 0.005621
vn -0.025306 0.095635 0.014611
vn -0.040024 0.088680 0.023108
vn -0.053392 0.078734 0.030826
vn -0.064959 0.066134 0.037504
vn -0.074337 0.051304 0.042918
vn -0.081207 0.034744 0.046885
vn -0.085340 0.017012 0.049271
vn -0.086595 -0.001293 0.049996
vn -0.084931 -0.019554 0.049035
vn -0.080402 -0.037157 0.046420
vn -0.080402 -0.037157 0.046420
vn -0.084931 -0.019554 0.049035
vn -0.086595 -0.001293 0.049996
vn -0.085340 0.017012 0.049271
vn -0.081207 0.034744 0.046885
vn -0.074337 0.051304 0.042918
vn -0.064959 0.066134 0.037504
vn -0.053392 0.078734 0.030826
vn -0.040024 0.088680 0.023108
vn -0.025306 0.095635 0.014611
vn -0.009736 0.099366 0.005621
vn 0.006163 0.099746 -0.003558
vn 0.021854 0.096764 -0.012618
vn 0.036809 0.090518 -0.021252
vn -0.050000 0.000000 -0.086603
vn -0.050000 0.000000 -0.086603
vn -0.050000 0.000000 -0.086603
vn -0.050000 0.000000 -0.086603
vn -0.050000 0.000000 -0.086603
vn -0.050000 0.000000 -0.086603
vn -0.050000 0.000000 -0.086603
vn -0.050000 0.000000 -0.086603
vn -0.050000 0.000000 -0.086603
vn -0.050000 0.000000 -0.086603
vn -0.050000 0.000000 -0.086603
vn -0.050000 0.000000 -0.086603
vn -0.050000 0.000000 -0.086603
vn -0.050000 0.000000 -0.086603
vn -0.050000 0.000000 -0.086603
vn -0.050000 0.000000 -0.086603
vn -0.050000 0.000000 -0.086603
vn -0.050000 0.000000 -0.086603
vn -0.050000 0.000000 -0.086603
vn -0.050000 0.000000 -0.086603
vn -0.050000 0.000000 -0.086603
vn -0.050000 0.000000 -0.086603
vn -0.050000 0.000000 -0.086603
vn -0.050000 0.000000 -0.086603
vn -0.050000 0.000000 -0.086603
vn -0.050000 0.000000 -0.086603
vn -0.050000 0.000000 -0.086603
vn -0.050000 0.000000 -0.086603
vn -0.050000 0.000000 -0.086603
vn -0.050000 0.000000 -0.086603
vn -0.050000 0.000000 -0.086603
vn -0.050000 0.000000 -0.086603
vn -0.050000 0.000000 -0.086603
vn -0.050000 0.000000 -0.086603
vn -0.050000 0.000000 -0.086603
vn 0.025882 0.000000 0.096593
vn 0.025882 0.000000 0.096593
vn 0.025882 0.000000 0.096593
vn 0.025882 0.000000 0.096593
vn 0.025882 0.000000 0.096593
vn 0.025882 0.000000 0.096593
vn 0.025882 0.000000 0.096593
vn 0.025882 0.000000 0.096593
vn 0.025882 0.000000 0.096593
vn 0.025882 0.000000 0.096593
vn 0.025882 0.000000 0.096593
vn 0.025882 0.000000 0.096593
vn 0.025882 0.000000 0.096593
vn 0.025882 0.000000 0.096593
vn 0.025882 0.000000 0.096593
vn 0.025882 0.000000 0.096593
vn 0.025882 0.000000 0.096593
vn 0.025882 0.000000 0.096593
vn 0.025882 0.000000 0.096593
vn 0.025882 0.000000 0.096593
vn 0.025882 0.000000 0.096593
vn 0.025882 0.000000 0.096593
vn 0.025882 0.000000 0.096593
vn 0.025882 0.000000 0.096593
vn 0.025882 0.000000 0.096593
vn 0.025882 0.000000 0.096593
vn 0.025882 0.000000 0.096593
vn 0.025882 0.000000 0.096593
vn 0.025882 0.000000 0.096593
vn 0.025882 0.000000 0.096593
vn 0.025882 0.000000 0.096593
vn 0.025882 0.000000 0.096593
vn 0.025882 0.000000 0.096593
vn 0.025882 0.000000 0.096593
vn 0.025882 0.000000 0.096593
vn -0.025882 0.000000 -0.096593
vn -0.025882 0.000000 -0.096593
vn -0.025882 0.000000 -0.096593
vn -0.025882 0.000000 -0.096593
vn -0.025882 0.000000 -0.096593
vn -0.025882 0.000000 -0.096593
vn -0.025882 0.000000 -0.096593
vn -0.025882 0.000000 -0.096593
vn -0.025882 0.000000 -0.096593
vn -0.025882 0.000000 -0.096593
vn -0.025882 0.000000 -0.096593
vn -0.025882 0.000000 -0.096593
vn -0.025882 0.000000 -0.096593
vn -0.025882 0.000000 -0.096593
vn -0.025882 0.000000 -0.096593
vn -0.025882 0.000000 -0.096593
vn -0.025882 0.000000 -0.096593
vn -0.025882 0.000000 -0.096593
vn -0.025882 0.000000 -0.096593
vn -0.025882 0.000000 -0.096593
vn -0.025882 0.000000 -0.096593
vn -0.025882 0.000000 -0.096593
vn -0.025882 0.000000 -0.096593
vn -0.025882 0.000000 -0.096593
vn -0.025882 0.000000 -0.096593
vn -0.025882 0.000000 -0.096593
vn -0.025882 0.000000 -0.096593
vn -0.025882 0.000000 -0.096593
vn -0.025882 0.000000 -0.096593
vn -0.025882 0.000000 -0.096593
vn -0.025882 0.000000 -0.096593
vn -0.025882 0.000000 -0.096593
vn -0.025882 0.000000 -0.096593
vn -0.025882 0.000000 -0.096593
vn -0.025882 0.000000 -0.096593
vn -0.089677 -0.037157 0.024029
vn -0.089677 -0.037157 0.024029
vn -0.089677 -0.037157 0.024029
vn -0.089677 -0.037157 0.024029
vn -0.089677 -0.037157 0.024029
vn 0.089677 0.037157 -0.024029
vn 0.089677 0.037157 -0.024029
vn 0.089677 0.037157 -0.024029
vn 0.089677 0.037157 -0.024029
vn 0.089677 0.037157 -0.024029
vn 0.089677 0.037157 -0.024029
vn 0.094924 0.018509 -0.025435
vn 0.096589 -0.000837 -0.025881
vn 0.094611 -0.020152 -0.025351
vn 0.089064 -0.038706 -0.023864
vn 0.089064 -0.038706 -0.023864
vn 0.094611 -0.020152 -0.025351
vn 0.096589 -0.000837 -0.025881
vn 0.094924 0.018509 -0.025435
vn 0.090044 -0.036194 -0.024127
vn 0.090044 -0.036194 -0.024127
vn 0.082319 -0.052317 -0.022057
vn 0.071927 -0.066746 -0.019273
vn 0.059206 -0.079012 -0.015864
vn 0.044567 -0.088719 -0.011942
vn 0.028485 -0.095553 -0.007632
vn 0.011480 -0.099291 -0.003076
vn -0.005897 -0.099813 0.001580
vn -0.023083 -0.097102 0.006185
vn -0.039522 -0.091246 0.010590
vn -0.054680 -0.082434 0.014651
vn -0.054680 -0.082434 0.014651
vn -0.039522 -0.091246 0.010590
vn -0.023083 -0.097102 0.006185
vn -0.005897 -0.099813 0.001580
vn 0.011480 -0.099291 -0.003076
vn 0.028485 -0.095553 -0.007632
vn 0.044567 -0.088719 -0.011942
vn 0.059206 -0.079012 -0.015864
vn 0.071927 -0.066746 -0.019273
vn 0.082319 -0.052317 -0.022057
vn 0.079626 -0.056609 -0.021336
vn 0.079626 -0.056609 -0.021336
vn 0.079626 -0.056609 -0.021336
vn 0.079626 -0.056609 -0.021336
vn 0.056350 0.081220 -0.015099
vn 0.056350 0.081220 -0.015099
vn 0.041055 0.090518 -0.011001
vn 0.024375 0.096764 -0.006531
vn 0.006874 0.099746 -0.001842
vn -0.010859 0.099366 0.002910
vn -0.028226 0.095635 0.007563
vn -0.044641 0.088680 0.011961
vn -0.059551 0.078734 0.015957
vn -0.072453 0.066134 0.019414
vn -0.082912 0.051304 0.022216
vn -0.090575 0.034744 0.024270
vn -0.095185 0.017012 0.025505
vn -0.096585 -0.001293 0.025880
vn -0.094728 -0.019554 0.025382
vn -0.089677 -0.037157 0.024029
vn -0.089677 -0.037157 0.024029
vn -0.094728 -0.019554 0.025382
vn -0.096585 -0.001293 0.025880
vn -0.095185 0.017012 0.025505
vn -0.090575 0.034744 0.024270
vn -0.082912 0.051304 0.022216
vn -0.072453 0.066134 0.019414
vn -0.059551 0.078734 0.015957
vn -0.044641 0.088680 0.011961
vn -0.028226 0.095635 0.007563
vn -0.010859 0.099366 0.002910
vn 0.006874 0.099746 -0.001842
vn 0.024375 0.096764 -0.006531
vn 0.041055 0.090518 -0.011001
vn 0.000000 0.000000 0.100000
vn 0.000000 0.000000 0.100000
vn 0.000000 0.000000 0.100000
vn 0.000000 0.000000 0.100000
vn 0.000000 0.000000 0.100000
vn 0.000000 0.000000 0.100000
vn 0.000000 0.000000 0.100000
vn 0.000000 0.000000 0.100000
vn 0.000000 0.000000 0.100000
vn 0.000000 0.000000 0.100000
vn 0.000000 0.000000 0.100000
vn 0.000000 0.000000 0.100000
vn 0.000000 0.000000 0.100000
vn 0.000000 0.000000 0.100000
vn 0.000000 0.000000 0.100000
vn 0.000000 0.000000 0.100000
vn 0.000000 0.000000 0.100000
vn 0.000000 0.000000 0.100000
vn 0.000000 0.000000 0.100000
vn 0.000000 0.000000 0.100000
vn 0.000000 0.000000 0.100000
vn 0.000000 0.000000 0.100000
vn 0.000000 0.000000 0.100000
vn 0.000000 0.000000 0.100000
vn 0.000000 0.000000 0.100000
vn 0.000000 0.000000 0.100000
vn 0.000000 0.000000 0.100000
vn 0.000000 0.000000 0.100000
vn 0.000000 0.000000 0.100000
vn 0.000000 0.000000 0.100000
vn 0.000000 0.000000 0.100000
vn 0.000000 0.000000 0.100000
vn 0.000000 0.000000 0.100000
vn 0.000000 0.000000 0.100000
vn 0.000000 0.000000 0.100000
vn -0.092841 -0.037157 0.000000
vn -0.092841 -0.037157 0.000000
vn -0.092841 -0.037157 0.000000
vn -0.092841 -0.037157 0.000000
vn -0.092841 -0.037157 0.000000
vn 0.092841 0.037157 0.000000
vn 0.092841 0.037157 0.000000
vn 0.092841 0.037157 0.000000
vn 0.092841 0.037157 0.000000
vn 0.092841 0.037157 0.000000
vn 0.092841 0.037157 0.000000
vn 0.098272 0.018509 0.000000
vn 0.099996 -0.000837 0.000000
vn 0.097948 -0.020152 0.000000
vn 0.092205 -0.038706 0.000000
vn 0.092205 -0.038706 0.000000
vn 0.097948 -0.020152 0.000000
vn 0.099996 -0.000837 0.000000
vn 0.098272 0.018509 0.000000
vn 0.093220 -0.036194 0.000000
vn 0.093220 -0.036194 0.000000
vn 0.085223 -0.052317 0.000000
vn 0.074465 -0.066746 0.000000
vn 0.061295 -0.079012 0.000000
vn 0.046140 -0.088719 0.000000
vn 0.029490 -0.095553 0.000000
vn 0.011885 -0.099291 0.000000
vn -0.006106 -0.099813 0.000000
vn -0.023898 -0.097102 0.000000
vn -0.040916 -0.091246 0.000000
vn -0.056609 -0.082434 0.000000
vn -0.056609 -0.082434 0.000000
vn -0.040916 -0.091246 0.000000
vn -0.023898 -0.097102 0.000000
vn -0.006106 -0.099813 0.000000
vn 0.011885 -0.099291 0.000000
vn 0.029490 -0.095553 0.000000
vn 0.046140 -0.088719 0.000000
vn 0.061295 -0.079012 0.000000
vn 0.074465 -0.066746 0.000000
vn 0.085223 -0.052317 0.000000
vn 0.082434 -0.056609 0.000000
vn 0.082434 -0.056609 0.000000
vn 0.082434 -0.056609 0.000000
vn 0.082434 -0.056609 0.000000
vn 0.058338 0.081220 0.000000
vn 0.058338 0.081220 0.000000
vn 0.042503 0.090518 0.000000
vn 0.025235 0.096764 0.000000
vn 0.007117 0.099746 0.000000
vn -0.011242 0.099366 0.000000
vn -0.029221 0.095635 0.000000
vn -0.046215 0.088680 0.000000
vn -0.061651 0.078734 0.000000
vn -0.075009 0.066134 0.000000
vn -0.085837 0.051304 0.000000
vn -0.093770 0.034744 0.000000
vn -0.098542 0.017012 0.000000
vn -0.099992 -0.001293 0.000000
vn -0.098069 -0.019554 0.000000
vn -0.092841 -0.037157 0.000000
vn -0.092841 -0.037157 0.000000
vn -0.098069 -0.019554 0.000000
vn -0.099992 -0.001293 0.000000
vn -0.098542 0.017012 0.000000
vn -0.093770 0.034744 0.000000
vn -0.085837 0.051304 0.000000
vn -0.075009 0.066134 0.000000
vn -0.061651 0.078734 0.000000
vn -0.046215 0.088680 0.000000
vn -0.029221 0.095635 0.000000
vn -0.011242 0.099366 0.000000
vn 0.007117 0.099746 0.000000
vn 0.025235 0.096764 0.000000
vn 0.042503 0.090518 0.000000
vn 0.000000 0.000000 -0.100000
vn 0.000000 0.000000 -0.100000
vn 0.000000 0.000000 -0.100000
vn 0.000000 0.000000 -0.100000
vn 0.000000 0.000000 -0.100000
vn 0.000000 0.000000 -0.100000
vn 0.000000 0.000000 -0.100000
vn 0.000000 0.000000 -0.100000
vn 0.000000 0.000000 -0.100000
vn 0.000000 0.000000 -0.100000
vn 0.000000 0.000000 -0.100000
vn 0.000000 0.000000 -0.100000
vn 0.000000 0.000000 -0.100000
vn 0.000000 0.000000 -0.100000
vn 0.000000 0.000000 -0.100000
vn 0.000000 0.000000 -0.100000
vn 0.000000 0.000000 -0.100000
vn 0.000000 0.000000 -0.100000
vn 0.000000 0.000000 -0.100000
vn 0.000000 0.000000 -0.100000
vn 0.000000 0.000000 -0.100000
vn 0.000000 0.000000 -0.100000
vn 0.000000 0.000000 -0.100000
vn 0.000000 0.000000 -0.100000
vn 0.000000 0.000000 -0.100000
vn 0.000000 0.000000 -0.100000
vn 0.000000 0.000000 -0.100000
vn 0.000000 0.000000 -0.100000
vn 0.000000 0.000000 -0.100000
vn 0.000000 0.000000 -0.100000
vn 0.000000 0.000000 -0.100000
vn 0.000000 0.000000 -0.100000
vn 0.000000 0.000000 -0.100000
vn 0.000000 0.000000 -0.100000
vn 0.000000 0.000000 -0.100000
vn -0.025882 0.000000 0.096593
vn -0.025882 0.000000 0.096593
vn -0.025882 0.000000 0.096593
vn -0.025882 0.000000 0.096593
vn -0.025882 0.000000 0.096593
vn -0.025882 0.000000 0.096593
vn -0.025882 0.000000 0.096593
vn -0.025882 0.000000 0.096593
vn -0.025882 0.000000 0.096593
vn -0.025882 0.000000 0.096593
vn -0.025882 0.000000 0.096593
vn -0.025882 0.000000 0.096593
vn -0.025882 0.000000 0.096593
vn -0.025882 0.000000 0.096593
vn -0.025882 0.000000 0.096593
vn -0.025882 0.000000 0.096593
vn -0.025882 0.000000 0.096593
vn -0.025882 0.000000 0.096593
vn -0.025882 0.000000 0.096593
vn -0.025882 0.000000 0.096593
vn -0.025882 0.000000 0.096593
vn -0.025882 0.000000 0.096593
vn -0.025882 0.000000 0.096593
vn -0.025882 0.000000 0.096593
vn -0.025882 0.000000 0.096593
vn -0.025882 0.000000 0.096593
vn -0.025882 0.000000 0.096593
vn -0.025882 0.000000 0.096593
vn -0.025882 0.000000 0.096593
vn -0.025882 0.000000 0.096593
vn -0.025882 0.000000 0.096593
vn -0.025882 0.000000 0.096593
vn -0.025882 0.000000 0.096593
vn -0.025882 0.000000 0.096593
vn -0.025882 0.000000 0.096593
vn 0.025882 0.000000 -0.096593
vn 0.025882 0.000000 -0.096593
vn 0.025882 0.000000 -0.096593
vn 0.025882 0.000000 -0.096593
vn 0.025882 0.000000 -0.096593
vn 0.025882 0.000000 -0.096593
vn 0.025882 0.000000 -0.096593
vn 0.025882 0.000000 -0.096593
vn 0.025882 0.000000 -0.096593
vn 0.025882 0.000000 -0.096593
vn 0.025882 0.000000 -0.096593
vn 0.025882 0.000000 -0.096593
vn 0.025882 0.000000 -0.096593
vn 0.025882 0.000000 -0.096593
vn 0.025882 0.000000 -0.096593
vn 0.025882 0.000000 -0.096593
vn 0.025882 0.000000 -0.096593
vn 0.025882 0.000000 -0.096593
vn 0.025882 0.000000 -0.096593
vn 0.025882 0.000000 -0.096593
vn 0.025882 0.000000 -0.096593
vn 0.025882 0.000000 -0.096593
vn 0.025882 0.000000 -0.096593
vn 0.025882 0.000000 -0.096593
vn 0.025882 0.000000 -0.096593
vn 0.025882 0.000000 -0.096593
vn 0.025882 0.000000 -0.096593
vn 0.025882 0.000000 -0.096593
vn 0.025882 0.000000 -0.096593
vn 0.025882 0.000000 -0.096593
vn 0.025882 0.000000 -0.096593
vn 0.025882 0.000000 -0.096593
vn 0.025882 0.000000 -0.096593
vn 0.025882 0.000000 -0.096593
vn 0.025882 0.000000 -0.096593
vn -0.089677 -0.037157 -0.024029
vn -0.089677 -0.037157 -0.024029
vn -0.089677 -0.037157 -0.024029
vn -0.089677 -0.037157 -0.024029
vn -0.089677 -0.037157 -0.024029
vn 0.089677 0.037157 0.024029
vn 0.089677 0.037157 0.024029
vn 0.089677 0.037157 0.024029
vn 0.089677 0.037157 0.024029
vn 0.089677 0.037157 0.024029
vn 0.089677 0.037157 0.024029
vn 0.094924 0.018509 0.025435
vn 0.096589 -0.000837 0.025881
vn 0.094611 -0.020152 0.025351
vn 0.089064 -0.038706 0.023864
vn 0.089064 -0.038706 0.023864
vn 0.094611 -0.020152 0.025351
vn 0.096589 -0.000837 0.025881
vn 0.094924 0.018509 0.025435
vn 0.090044 -0.036194 0.024127
vn 0.090044 -0.036194 0.024127
vn 0.082319 -0.052317 0.022057
vn 0.071927 -0.066746 0.019273
vn 0.059206 -0.079012 0.015864
vn 0.044567 -0.088719 0.011942
vn 0.028485 -0.095553 0.007632
vn 0.011480 -0.099291 0.003076
vn -0.005897 -0.099813 -0.001580
vn -0.023083 -0.097102 -0.006185
vn -0.039522 -0.091246 -0.010590
vn -0.054680 -0.082434 -0.014651
vn -0.054680 -0.082434 -0.014651
vn -0.039522 -0.091246 -0.010590
vn -0.023083 -0.097102 -0.006185
vn -0.005897 -0.099813 -0.001580
vn 0.011480 -0.099291 0.003076
vn 0.028485 -0.095553 0.007632
vn 0.044567 -0.088719 0.011942
vn 0.059206 -0.079012 0.015864
vn 0.071927 -0.066746 0.019273
vn 0.082319 -0.052317 0.022057
vn 0.079626 -0.056609 0.021336
vn 0.079626 -0.056609 0.021336
vn 0.079626 -0.056609 0.021336
vn 0.079626 -0.056609 0.021336
vn 0.056350 0.081220 0.015099
vn 0.056350 0.081220 0.015099
vn 0.041055 0.090518 0.011001
vn 0.024375 0.096764 0.006531
vn 0.006874 0.099746 0.001842
vn -0.010859 0.099366 -0.002910
vn -0.028226 0.095635 -0.007563
vn -0.044641 0.088680 -0.011961
vn -0.059551 0.078734 -0.015957
vn -0.072453 0.066134 -0.019414
vn -0.082912 0.051304 -0.022216
vn -0.090575 0.034744 -0.024270
vn -0.095185 0.017012 -0.025505
vn -0.096585 -0.001293 -0.025880
vn -0.094728 -0.019554 -0.025382
vn -0.089677 -0.037157 -0.024029
vn -0.089677 -0.037157 -0.024029
vn -0.094728 -0.019554 -0.025382
vn -0.096585 -0.001293 -0.025880
vn -0.095185 0.017012 -0.025505
vn -0.090575 0.034744 -0.024270
vn -0.082912 0.051304 -0.022216
vn -0.072453 0.066134 -0.019414
vn -0.059551 0.078734 -0.015957
vn -0.044641 0.088680 -0.011961
vn -0.028226 0.095635 -0.007563
vn -0.010859 0.099366 -0.002910
vn 0.006874 0.099746 0.001842
vn 0.024375 0.096764 0.006531
vn 0.041055 0.090518 0.011001
vn -0.050000 0.000000 0.086603
vn -0.050000 0.000000 0.086603
vn -0.050000 0.000000 0.086603
vn -0.050000 0.000000 0.086603
vn -0.050000 0.000000 0.086603
vn -0.050000 0.000000 0.086603
vn -0.050000 0.000000 0.086603
vn -0.050000 0.000000 0.086603
vn -0.050000 0.000000 0.086603
vn -0.050000 0.000000 0.086603
vn -0.050000 0.000000 0.086603
vn -0.050000 0.000000 0.086603
vn -0.050000 0.000000 0.086603
vn -0.050000 0.000000 0.086603
vn -0.050000 0.000000 0.086603
vn -0.050000 0.000000 0.086603
vn -0.050000 0.000000 0.086603
vn -0.050000 0.000000 0.086603
vn -0.050000 0.000000 0.086603
vn -0.050000 0.000000 0.086603
vn -0.050000 0.000000 0.086603
vn -0.050000 0.000000 0.086603
vn -0.050000 0.000000 0.086603
vn -0.050000 0.000000 0.086603
vn -0.050000 0.000000 0.086603
vn -0.050000 0.000000 0.086603
vn -0.050000 0.000000 0.086603
vn -0.050000 0.000000 0.086603
vn -0.050000 0.000000 0.086603
vn -0.050000 0.000000 0.086603
vn -0.050000 0.000000 0.086603
vn -0.050000 0.000000 0.086603
vn -0.050000 0.000000 0.086603
vn -0.050000 0.000000 0.086603
vn -0.050000 0.000000 0.086603
vn -0.080402 -0.037157 -0.046420
vn -0.080402 -0.037157 -0.046420
vn -0.080402 -0.037157 -0.046420
vn -0.080402 -0.037157 -0.046420
vn -0.080402 -0.037157 -0.046420
vn 0.080402 0.037157 0.046420
vn 0.080402 0.037157 0.046420
vn 0.080402 0.037157 0.046420
vn 0.080402 0.037157 0.046420
vn 0.080402 0.037157 0.046420
vn 0.080402 0.037157 0.046420
vn 0.085106 0.018509 0.049136
vn 0.086600 -0.000837 0.049998
vn 0.084826 -0.020152 0.048974
vn 0.079852 -0.038706 0.046103
vn 0.079852 -0.038706 0.046103
vn 0.084826 -0.020152 0.048974
vn 0.086600 -0.000837 0.049998
vn 0.085106 0.018509 0.049136
vn 0.080731 -0.036194 0.046610
vn 0.080731 -0.036194 0.046610
vn 0.073805 -0.052317 0.042611
vn 0.064488 -0.066746 0.037232
vn 0.053083 -0.079012 0.030647
vn 0.039958 -0.088719 0.023070
vn 0.025539 -0.095553 0.014745
vn 0.010292 -0.099291 0.005942
vn -0.005288 -0.099813 -0.003053
vn -0.020696 -0.097102 -0.011949
vn -0.035434 -0.091246 -0.020458
vn -0.049025 -0.082434 -0.028304
vn -0.049025 -0.082434 -0.028304
vn -0.035434 -0.091246 -0.020458
vn -0.020696 -0.097102 -0.011949
vn -0.005288 -0.099813 -0.003053
vn 0.010292 -0.099291 0.005942
vn 0.025539 -0.095553 0.014745
vn 0.039958 -0.088719 0.023070
vn 0.053083 -0.079012 0.030647
vn 0.064488 -0.066746 0.037232
vn 0.073805 -0.052317 0.042611
vn 0.071390 -0.056609 0.041217
vn 0.071390 -0.056609 0.041217
vn 0.071390 -0.056609 0.041217
vn 0.071390 -0.056609 0.041217
vn 0.050522 0.081220 0.029169
vn 0.050522 0.081220 0.029169
vn 0.036809 0.090518 0.021252
vn 0.021854 0.096764 0.012618
vn 0.006163 0.099746 0.003558
vn -0.009736 0.099366 -0.005621
vn -0.025306 0.095635 -0.014611
vn -0.040024 0.088680 -0.023108
vn -0.053392 0.078734 -0.030826
vn -0.064959 0.066134 -0.037504
vn -0.074337 0.051304 -0.042918
vn -0.081207 0.034744 -0.046885
vn -0.085340 0.017012 -0.049271
vn -0.086595 -0.001293 -0.049996
vn -0.084931 -0.019554 -0.049035
vn -0.080402 -0.037157 -0.046420
vn -0.080402 -0.037157 -0.046420
vn -0.084931 -0.019554 -0.049035
vn -0.086595 -0.001293 -0.049996
vn -0.085340 0.017012 -0.049271
vn -0.081207 0.034744 -0.046885
vn -0.074337 0.051304 -0.042918
vn -0.064959 0.066134 -0.037504
vn -0.053392 0.078734 -0.030826
vn -0.040024 0.088680 -0.023108
vn -0.025306 0.095635 -0.014611
vn -0.009736 0.099366 -0.005621
vn 0.006163 0.099746 0.003558
vn 0.021854 0.096764 0.012618
vn 0.036809 0.090518 0.021252
vn 0.050000 0.000000 -0.086603
vn 0.050000 0.000000 -0.086603
vn 0.050000 0.000000 -0.086603
vn 0.050000 0.000000 -0.086603
vn 0.050000 0.000000 -0.086603
vn 0.050000 0.000000 -0.086603
vn 0.050000 0.000000 -0.086603
vn 0.050000 0.000000 -0.086603
vn 0.050000 0.000000 -0.086603
vn 0.050000 0.000000 -0.086603
vn 0.050000 0.000000 -0.086603
vn 0.050000 0.000000 -0.086603
vn 0.050000 0.000000 -0.086603
vn 0.050000 0.000000 -0.086603
vn 0.050000 0.000000 -0.086603
vn 0.050000 0.000000 -0.086603
vn 0.050000 0.000000 -0.086603
vn 0.050000 0.000000 -0.086603
vn 0.050000 0.000000 -0.086603
vn 0.050000 0.000000 -0.086603
vn 0.050000 0.000000 -0.086603
vn 0.050000 0.000000 -0.086603
vn 0.050000 0.000000 -0.086603
vn 0.050000 0.000000 -0.086603
vn 0.050000 0.000000 -0.086603
vn 0.050000 0.000000 -0.086603
vn 0.050000 0.000000 -0.086603
vn 0.050000 0.000000 -0.086603
vn 0.050000 0.000000 -0.086603
vn 0.050000 0.000000 -0.086603
vn 0.050000 0.000000 -0.086603
vn 0.050000 0.000000 -0.086603
vn 0.050000 0.000000 -0.086603
vn 0.050000 0.000000 -0.086603
vn 0.050000 0.000000 -0.086603
vn -0.070711 0.000000 0.070711
vn -0.070711 0.000000 0.070711
vn -0.070711 0.000000 0.070711
vn -0.070711 0.000000 0.070711
vn -0.070711 0.000000 0.070711
vn -0.070711 0.000000 0.070711
vn -0.070711 0.000000 0.070711
vn -0.070711 0.000000 0.070711
vn -0.070711 0.000000 0.070711
vn -0.070711 0.000000 0.070711
vn -0.070711 0.000000 0.070711
vn -0.070711 0.000000 0.070711
vn -0.070711 0.000000 0.070711
vn -0.070711 0.000000 0.070711
vn -0.070711 0.000000 0.070711
vn -0.070711 0.000000 0.070711
vn -0.070711 0.000000 0.070711
vn -0.070711 0.000000 0.070711
vn -0.070711 0.000000 0.070711
vn -0.070711 0.000000 0.070711
vn -0.070711 0.000000 0.070711
vn -0.070711 0.000000 0.070711
vn -0.070711 0.000000 0.070711
vn -0.070711 0.000000 0.070711
vn -0.070711 0.000000 0.070711
vn -0.070711 0.000000 0.070711
vn -0.070711 0.000000 0.070711
vn -0.070711 0.000000 0.070711
vn -0.070711 0.000000 0.070711
vn -0.070711 0.000000 0.070711
vn -0.070711 0.000000 0.070711
vn -0.070711 0.000000 0.070711
vn -0.070711 0.000000 0.070711
vn -0.070711 0.000000 0.070711
vn -0.070711 0.000000 0.070711
vn 0.070711 0.000000 -0.070711
vn 0.070711 0.000000 -0.070711
vn 0.070711 0.000000 -0.070711
vn 0.070711 0.000000 -0.070711
vn 0.070711 0.000000 -0.070711
vn 0.070711 0.000000 -0.070711
vn 0.070711 0.000000 -0.070711
vn 0.070711 0.000000 -0.070711
vn 0.070711 0.000000 -0.070711
vn 0.070711 0.000000 -0.070711
vn 0.070711 0.000000 -0.070711
vn 0.070711 0.000000 -0.070711
vn 0.070711 0.000000 -0.070711
vn 0.070711 0.000000 -0.070711
vn 0.070711 0.000000 -0.070711
vn 0.070711 0.000000 -0.070711
vn 0.070711 0.000000 -0.070711
vn 0.070711 0.000000 -0.070711
vn 0.070711 0.000000 -0.070711
vn 0.070711 0.000000 -0.070711
vn 0.070711 0.000000 -0.070711
vn 0.070711 0.000000 -0.070711
vn 0.070711 0.000000 -0.070711
vn 0.070711 0.000000 -0.070711
vn 0.070711 0.000000 -0.070711
vn 0.070711 0.000000 -0.070711
vn 0.070711 0.000000 -0.070711
vn 0.070711 0.000000 -0.070711
vn 0.070711 0.000000 -0.070711
vn 0.070711 0.000000 -0.070711
vn 0.070711 0.000000 -0.070711
vn 0.070711 0.000000 -0.070711
vn 0.070711 0.000000 -0.070711
vn 0.070711 0.000000 -0.070711
vn 0.070711 0.000000 -0.070711
vn -0.065648 -0.037157 -0.065648
vn -0.065648 -0.037157 -0.065648
vn -0.065648 -0.037157 -0.065648
vn -0.065648 -0.037157 -0.065648
vn -0.065648 -0.037157 -0.065648
vn 0.065648 0.037157 0.065648
vn 0.065648 0.037157 0.065648
vn 0.065648 0.037157 0.065648
vn 0.065648 0.037157 0.065648
vn 0.065648 0.037157 0.065648
vn 0.065648 0.037157 0.065648
vn 0.069489 0.018509 0.069489
vn 0.070708 -0.000837 0.070708
vn 0.069260 -0.020152 0.069260
vn 0.065199 -0.038706 0.065199
vn 0.065199 -0.038706 0.065199
vn 0.069260 -0.020152 0.069260
vn 0.070708 -0.000837 0.070708
vn 0.069489 0.018509 0.069489
vn 0.065917 -0.036194 0.065917
vn 0.065917 -0.036194 0.065917
vn 0.060262 -0.052317 0.060262
vn 0.052655 -0.066746 0.052655
vn 0.043342 -0.079012 0.043342
vn 0.032626 -0.088719 0.032626
vn 0.020852 -0.095553 0.020852
vn 0.008404 -0.099291 0.008404
vn -0.004317 -0.099813 -0.004317
vn -0.016898 -0.097102 -0.016898
vn -0.028932 -0.091246 -0.028932
vn -0.040029 -0.082434 -0.040029
vn -0.040029 -0.082434 -0.040029
vn -0.028932 -0.091246 -0.028932
vn -0.016898 -0.097102 -0.016898
vn -0.004317 -0.099813 -0.004317
vn 0.008404 -0.099291 0.008404
vn 0.020852 -0.095553 0.020852
vn 0.032626 -0.088719 0.032626
vn 0.043342 -0.079012 0.043342
vn 0.052655 -0.066746 0.052655
vn 0.060262 -0.052317 0.060262
vn 0.058290 -0.056609 0.058290
vn 0.058290 -0.056609 0.058290
vn 0.058290 -0.056609 0.058290
vn 0.058290 -0.056609 0.058290
vn 0.041251 0.081220 0.041251
vn 0.041251 0.081220 0.041251
vn 0.030054 0.090518 0.030054
vn 0.017844 0.096764 0.017844
vn 0.005032 0.099746 0.005032
vn -0.007949 0.099366 -0.007949
vn -0.020663 0.095635 -0.020663
vn -0.032679 0.088680 -0.032679
vn -0.043594 0.078734 -0.043594
vn -0.053039 0.066134 -0.053039
vn -0.060696 0.051304 -0.060696
vn -0.066306 0.034744 -0.066306
vn -0.069680 0.017012 -0.069680
vn -0.070705 -0.001293 -0.070705
vn -0.069346 -0.019554 -0.069346
vn -0.065648 -0.037157 -0.065648
vn -0.065648 -0.037157 -0.065648
vn -0.069346 -0.019554 -0.069346
vn -0.070705 -0.001293 -0.070705
vn -0.069680 0.017012 -0.069680
vn -0.066306 0.034744 -0.066306
vn -0.060696 0.051304 -0.060696
vn -0.053039 0.066134 -0.053039
vn -0.043594 0.078734 -0.043594
vn -0.032679 0.088680 -0.032679
vn -0.020663 0.095635 -0.020663
vn -0.007949 0.099366 -0.007949
vn 0.005032 0.099746 0.005032
vn 0.017844 0.096764 0.017844
vn 0.030054 0.090518 0.030054
vn -0.086603 0.000000 0.050000
vn -0.086603 0.000000 0.050000
vn -0.086603 0.000000 0.050000
vn -0.086603 0.000000 0.050000
vn -0.086603 0.000000 0.050000
vn -0.086603 0.000000 0.050000
vn -0.086603 0.000000 0.050000
vn -0.086603 0.000000 0.050000
vn -0.086603 0.000000 0.050000
vn -0.086603 0.000000 0.050000
vn -0.086603 0.000000 0.050000
vn -0.086603 0.000000 0.050000
vn -0.086603 0.000000 0.050000
vn -0.086603 0.000000 0.050000
vn -0.086603 0.000000 0.050000
vn -0.086603 0.000000 0.050000
vn -0.086603 0.000000 0.050000
vn -0.086603 0.000000 0.050000
vn -0.086603 0.000000 0.050000
vn -0.086603 0.000000 0.050000
vn -0.086603 0.000000 0.050000
vn -0.086603 0.000000 0.050000
vn -0.086603 0.000000 0.050000
vn -0.086603 0.000000 0.050000
vn -0.086603 0.000000 0.050000
vn -0.086603 0.000000 0.050000
vn -0.086603 0.000000 0.050000
vn -0.086603 0.000000 0.050000
vn -0.086603 0.000000 0.050000
vn -0.086603 0.000000 0.050000
vn -0.086603 0.000000 0.050000
vn -0.086603 0.000000 0.050000
vn -0.086603 0.000000 0.050000
vn -0.086603 0.000000 0.050000
vn -0.086603 0.000000 0.050000
vn -0.046420 -0.037157 -0.080402
vn -0.046420 -0.037157 -0.080402
vn -0.046420 -0.037157 -0.080402
vn -0.046420 -0.037157 -0.080402
vn -0.046420 -0.037157 -0.080402
vn 0.046420 0.037157 0.080402
vn 0.046420 0.037157 0.080402
vn 0.046420 0.037157 0.080402
vn 0.046420 0.037157 0.080402
vn 0.046420 0.037157 0.080402
vn 0.046420 0.037157 0.080402
vn 0.049136 0.018509 0.085106
vn 0.049998 -0.000837 0.086600
vn 0.048974 -0.020152 0.084826
vn 0.046103 -0.038706 0.079852
vn 0.046103 -0.038706 0.079852
vn 0.048974 -0.020152 0.084826
vn 0.049998 -0.000837 0.086600
vn 0.049136 0.018509 0.085106
vn 0.046610 -0.036194 0.080731
vn 0.046610 -0.036194 0.080731
vn 0.042611 -0.052317 0.073805
vn 0.037232 -0.066746 0.064488
vn 0.030647 -0.079012 0.053083
vn 0.023070 -0.088719 0.039958
vn 0.014745 -0.095553 0.025539
vn 0.005942 -0.099291 0.010292
vn -0.003053 -0.099813 -0.005288
vn -0.011949 -0.097102 -0.020696
vn -0.020458 -0.091246 -0.035434
vn -0.028304 -0.082434 -0.049025
vn -0.028304 -0.082434 -0.049025
vn -0.020458 -0.091246 -0.035434
vn -0.011949 -0.097102 -0.020696
vn -0.003053 -0.099813 -0.005288
vn 0.005942 -0.099291 0.010292
vn 0.014745 -0.095553 0.025539
vn 0.023070 -0.088719 0.039958
vn 0.030647 -0.079012 0.053083
vn 0.037232 -0.066746 0.064488
vn 0.042611 -0.052317 0.073805
vn 0.041217 -0.056609 0.071390
vn 0.041217 -0.056609 0.071390
vn 0.041217 -0.056609 0.071390
vn 0.041217 -0.056609 0.071390
vn 0.029169 0.081220 0.050522
vn 0.029169 0.081220 0.050522
vn 0.021252 0.090518 0.036809
vn 0.012618 0.096764 0.021854
vn 0.003558 0.099746 0.006163
vn -0.005621 0.099366 -0.009736
vn -0.014611 0.095635 -0.025306
vn -0.023108 0.088680 -0.040024
vn -0.030826 0.078734 -0.053392
vn -0.037504 0.066134 -0.064959
vn -0.042918 0.051304 -0.074337
vn -0.046885 0.034744 -0.081207
vn -0.049271 0.017012 -0.085340
vn -0.049996 -0.001293 -0.086595
vn -0.049035 -0.019554 -0.084931
vn -0.046420 -0.037157 -0.080402
vn -0.046420 -0.037157 -0.080402
vn -0.049035 -0.019554 -0.084931
vn -0.049996 -0.001293 -0.086595
vn -0.049271 0.017012 -0.085340
vn -0.046885 0.034744 -0.081207
vn -0.042918 0.051304 -0.074337
vn -0.037504 0.066134 -0.064959
vn -0.030826 0.078734 -0.053392
vn -0.023108 0.088680 -0.040024
vn -0.014611 0.095635 -0.025306
vn -0.005621 0.099366 -0.009736
vn 0.003558 0.099746 0.006163
vn 0.012618 0.096764 0.021854
vn 0.021252 0.090518 0.036809
vn 0.086603 0.000000 -0.050000
vn 0.086603 0.000000 -0.050000
vn 0.086603 0.000000 -0.050000
vn 0.086603 0.000000 -0.050000
vn 0.086603 0.000000 -0.050000
vn 0.086603 0.000000 -0.050000
vn 0.086603 0.000000 -0.050000
vn 0.086603 0.000000 -0.050000
vn 0.086603 0.000000 -0.050000
vn 0.086603 0.000000 -0.050000
vn 0.086603 0.000000 -0.050000
vn 0.086603 0.000000 -0.050000
vn 0.086603 0.000000 -0.050000
vn 0.086603 0.000000 -0.050000
vn 0.086603 0.000000 -0.050000
vn 0.086603 0.000000 -0.050000
vn 0.086603 0.000000 -0.050000
vn 0.086603 0.000000 -0.050000
vn 0.086603 0.000000 -0.050000
vn 0.086603 0.000000 -0.050000
vn 0.086603 0.000000 -0.050000
vn 0.086603 0.000000 -0.050000
vn 0.086603 0.000000 -0.050000
vn 0.086603 0.000000 -0.050000
vn 0.086603 0.000000 -0.050000
vn 0.086603 0.000000 -0.050000
vn 0.086603 0.000000 -0.050000
vn 0.086603 0.000000 -0.050000
vn 0.086603 0.000000 -0.050000
vn 0.086603 0.000000 -0.050000
vn 0.086603 0.000000 -0.050000
vn 0.086603 0.000000 -0.050000
vn 0.086603 0.000000 -0.050000
vn 0.086603 0.000000 -0.050000
vn 0.086603 0.000000 -0.050000
vn -0.096593 0.000000 0.025882
vn -0.096593 0.000000 0.025882
vn -0.096593 0.000000 0.025882
vn -0.096593 0.000000 0.025882
vn -0.096593 0.000000 0.025882
vn -0.096593 0.000000 0.025882
vn -0.096593 0.000000 0.025882
vn -0.096593 0.000000 0.025882
vn -0.096593 0.000000 0.025882
vn -0.096593 0.000000 0.025882
vn -0.096593 0.000000 0.025882
vn -0.096593 0.000000 0.025882
vn -0.096593 0.000000 0.025882
vn -0.096593 0.000000 0.025882
vn -0.096593 0.000000 0.025882
vn -0.096593 0.000000 0.025882
vn -0.096593 0.000000 0.025882
vn -0.096593 0.000000 0.025882
vn -0.096593 0.000000 0.025882
vn -0.096593 0.000000 0.025882
vn -0.096593 0.000000 0.025882
vn -0.096593 0.000000 0.025882
vn -0.096593 0.000000 0.025882
vn -0.096593 0.000000 0.025882
vn -0.096593 0.000000 0.025882
vn -0.096593 0.000000 0.025882
vn -0.096593 0.000000 0.025882
vn -0.096593 0.000000 0.025882
vn -0.096593 0.000000 0.025882
vn -0.096593 0.000000 0.025882
vn -0.096593 0.000000 0.025882
vn -0.096593 0.000000 0.025882
vn -0.096593 0.000000 0.025882
vn -0.096593 0.000000 0.025882
vn -0.096593 0.000000 0.025882
vn -0.024029 -0.037157 -0.089677
vn -0.024029 -0.037157 -0.089677
vn -0.024029 -0.037157 -0.089677
vn -0.024029 -0.037157 -0.089677
vn -0.024029 -0.037157 -0.089677
vn 0.024029 0.037157 0.089677
vn 0.024029 0.037157 0.089677
vn 0.024029 0.037157 0.089677
vn 0.024029 0.037157 0.089677
vn 0.024029 0.037157 0.089677
vn 0.024029 0.037157 0.089677
vn 0.025435 0.018509 0.094924
vn 0.025881 -0.000837 0.096589
vn 0.025351 -0.020152 0.094611
vn 0.023864 -0.038706 0.089064
vn 0.023864 -0.038706 0.089064
vn 0.025351 -0.020152 0.094611
vn 0.025881 -0.000837 0.096589
vn 0.025435 0.018509 0.094924
vn 0.024127 -0.036194 0.090044
vn 0.024127 -0.036194 0.090044
vn 0.022057 -0.052317 0.082319
vn 0.019273 -0.066746 0.071927
vn 0.015864 -0.079012 0.059206
vn 0.011942 -0.088719 0.044567
vn 0.007632 -0.095553 0.028485
vn 0.003076 -0.099291 0.011480
vn -0.001580 -0.099813 -0.005897
vn -0.006185 -0.097102 -0.023083
vn -0.010590 -0.091246 -0.039522
vn -0.014651 -0.082434 -0.054680
vn -0.014651 -0.082434 -0.054680
vn -0.010590 -0.091246 -0.039522
vn -0.006185 -0.097102 -0.023083
vn -0.001580 -0.099813 -0.005897
vn 0.003076 -0.099291 0.011480
vn 0.007632 -0.095553 0.028485
vn 0.011942 -0.088719 0.044567
vn 0.015864 -0.079012 0.059206
vn 0.019273 -0.066746 0.071927
vn 0.022057 -0.052317 0.082319
vn 0.021336 -0.056609 0.079626
vn 0.021336 -0.056609 0.079626
vn 0.021336 -0.056609 0.079626
vn 0.021336 -0.056609 0.079626
vn 0.015099 0.081220 0.056350
vn 0.015099 0.081220 0.056350
vn 0.011001 0.090518 0.041055
vn 0.006531 0.096764 0.024375
vn 0.001842 0.099746 0.006874
vn -0.002910 0.099366 -0.010859
vn -0.007563 0.095635 -0.028226
vn -0.011961 0.088680 -0.044641
vn -0.015957 0.078734 -0.059551
vn -0.019414 0.066134 -0.072453
vn -0.022216 0.051304 -0.082912
vn -0.024270 0.034744 -0.090575
vn -0.025505 0.017012 -0.095185
vn -0.025880 -0.001293 -0.096585
vn -0.025382 -0.019554 -0.094728
vn -0.024029 -0.037157 -0.089677
vn -0.024029 -0.037157 -0.089677
vn -0.025382 -0.019554 -0.094728
vn -0.025880 -0.001293 -0.096585
vn -0.025505 0.017012 -0.095185
vn -0.024270 0.034744 -0.090575
vn -0.022216 0.051304 -0.082912
vn -0.019414 0.066134 -0.072453
vn -0.015957 0.078734 -0.059551
vn -0.011961 0.088680 -0.044641
vn -0.007563 0.095635 -0.028226
vn -0.002910 0.099366 -0.010859
vn 0.001842 0.099746 0.006874
vn 0.006531 0.096764 0.024375
vn 0.011001 0.090518 0.041055
vn 0.000000 0.100000 0.000000
vn 0.000000 0.100000 0.000000
vn 0.000000 0.100000 0.000000
vn 0.000000 0.100000 0.000000
vn 0.000000 0.100000 0.000000
vn 0.000000 0.100000 0.000000
vn 0.000000 0.100000 0.000000
vn 0.000000 0.100000 0.000000
vn 0.000000 0.100000 0.000000
vn 0.000000 0.100000 0.000000
vn 0.000000 0.100000 0.000000
vn 0.000000 0.100000 0.000000
vn 0.000000 0.100000 0.000000
vn 0.000000 0.100000 0.000000
vn 0.000000 0.100000 0.000000
vn 0.000000 0.100000 0.000000
vn 0.000000 0.100000 0.000000
vn 0.000000 0.100000 0.000000
vn 0.000000 0.100000 0.000000
vn 0.000000 0.100000 0.000000
vn 0.000000 0.100000 0.000000
vn 0.000000 0.100000 0.000000
vn 0.000000 0.100000 0.000000
vn 0.000000 0.100000 0.000000
vn 0.000000 0.100000 0.000000
vn 0.000000 0.100000 0.000000
vn 0.000000 0.100000 0.000000
vn 0.000000 0.100000 0.000000
vn 0.000000 0.100000 0.000000
vn 0.000000 0.100000 0.000000
vn 0.000000 0.100000 0.000000
vn 0.000000 0.100000 0.000000
vn 0.000000 0.100000 0.000000
vn 0.000000 0.100000 0.000000
vn 0.000000 0.100000 0.000000
vn 0.000000 0.100000 0.000000
vn 0.000000 0.100000 0.000000
vn 0.000000 0.100000 0.000000
vn 0.000000 0.100000 0.000000
vn 0.000000 0.100000 0.000000
vn 0.000000 0.100000 0.000000
vn 0.000000 0.100000 0.000000
vn 0.000000 0.100000 0.000000
vn 0.000000 0.100000 0.000000
vn 0.000000 0.100000 0.000000
vn 0.000000 0.100000 0.000000
vn 0.000000 0.100000 0.000000
vn 0.000000 0.100000 0.000000
vn 0.000000 0.100000 0.000000
vn 0.000000 0.100000 0.000000
vn 0.000000 0.100000 0.000000
vn 0.000000 0.100000 0.000000
vn 0.000000 0.100000 0.000000
vn 0.000000 0.100000 0.000000
vn 0.000000 0.100000 0.000000
vn 0.000000 0.100000 0.000000
vn 0.000000 0.100000 0.000000
vn 0.000000 0.100000 0.000000
vn 0.000000 0.100000 0.000000
vn 0.000000 0.100000 0.000000
vn 0.000000 0.100000 0.000000
vn 0.000000 0.100000 0.000000
vn 0.000000 0.100000 0.000000
vn 0.000000 0.100000 0.000000
vn 0.000000 0.100000 0.000000
vn 0.000000 0.100000 0.000000
vn 0.000000 0.100000 0.000000
vn 0.000000 0.100000 0.000000
vn 0.000000 0.100000 0.000000
vn 0.000000 0.100000 0.000000
vn 0.000000 0.100000 0.000000
vn 0.000000 0.100000 0.000000
vn 0.100000 0.000000 0.000000
vn 0.100000 0.000000 0.000000
vn 0.100000 0.000000 0.000000
vn 0.100000 0.000000 0.000000
vn 0.100000 0.000000 0.000000
vn 0.100000 0.000000 0.000000
vn 0.100000 0.000000 0.000000
vn 0.100000 0.000000 0.000000
vn 0.100000 0.000000 0.000000
vn 0.100000 0.000000 0.000000
vn 0.100000 0.000000 0.000000
vn 0.100000 0.000000 0.000000
vn 0.100000 0.000000 0.000000
vn 0.100000 0.000000 0.000000
vn 0.100000 0.000000 0.000000
vn 0.100000 0.000000 0.000000
vn 0.100000 0.000000 0.000000
vn 0.100000 0.000000 0.000000
vn 0.100000 0.000000 0.000000
vn 0.100000 0.000000 0.000000
vn 0.100000 0.000000 0.000000
vn 0.100000 0.000000 0.000000
vn 0.100000 0.000000 0.000000
vn 0.100000 0.000000 0.000000
vn 0.100000 0.000000 0.000000
vn 0.100000 0.000000 0.000000
vn 0.100000 0.000000 0.000000
vn 0.100000 0.000000 0.000000
vn 0.100000 0.000000 0.000000
vn 0.100000 0.000000 0.000000
vn 0.100000 0.000000 0.000000
vn 0.100000 0.000000 0.000000
vn 0.100000 0.000000 0.000000
vn 0.100000 0.000000 0.000000
vn 0.100000 0.000000 0.000000
vn 0.000000 0.100000 0.000000
vn 0.000000 0.100000 0.000000
vn 0.000000 0.100000 0.000000
vn 0.000000 0.100000 0.000000
vn 0.000000 0.100000 0.000000
vn 0.000000 0.100000 0.000000
vn 0.000000 0.100000 0.000000
vn 0.000000 0.100000 0.000000
vn 0.000000 0.100000 0.000000
vn 0.000000 0.100000 0.000000
vn 0.000000 0.100000 0.000000
vn 0.000000 0.100000 0.000000
vn 0.000000 0.100000 0.000000
vn 0.000000 0.100000 0.000000
vn 0.000000 0.100000 0.000000
vn 0.000000 0.100000 0.000000
vn 0.000000 0.100000 0.000000
vn 0.000000 0.100000 0.000000
vn 0.000000 0.100000 0.000000
vn 0.000000 0.100000 0.000000
vn 0.000000 0.100000 0.000000
vn 0.000000 0.100000 0.000000
vn 0.000000 0.100000 0.000000
vn 0.000000 0.100000 0.000000
vn 0.000000 0.100000 0.000000
vn 0.000000 0.100000 0.000000
vn 0.000000 0.100000 0.000000
vn 0.000000 0.100000 0.000000
vn 0.000000 0.100000 0.000000
vn 0.000000 0.100000 0.000000
vn 0.000000 0.100000 0.000000
vn 0.000000 0.100000 0.000000
vn 0.000000 0.100000 0.000000
vn 0.000000 0.100000 0.000000
vn 0.000000 0.100000 0.000000
vn 0.000000 0.100000 0.000000
vn 0.000000 0.100000 0.000000
vn 0.000000 0.100000 0.000000
vn 0.000000 0.100000 0.000000
vn 0.000000 0.100000 0.000000
vn 0.000000 0.100000 0.000000
vn 0.000000 0.100000 0.000000
vn 0.000000 0.100000 0.000000
vn 0.000000 0.100000 0.000000
vn 0.000000 0.100000 0.000000
vn 0.000000 0.100000 0.000000
vn 0.000000 0.100000 0.000000
vn 0.000000 0.100000 0.000000
vn 0.000000 0.100000 0.000000
vn 0.000000 0.100000 0.000000
vn 0.000000 0.100000 0.000000
vn 0.000000 0.100000 0.000000
vn 0.000000 0.100000 0.000000
vn 0.000000 0.100000 0.000000
vn 0.000000 0.100000 0.000000
vn 0.000000 0.100000 0.000000
vn 0.000000 0.100000 0.000000
vn 0.000000 0.100000 0.000000
vn 0.000000 0.100000 0.000000
vn 0.000000 0.100000 0.000000
vn 0.000000 0.100000 0.000000
vn 0.000000 0.100000 0.000000
vn 0.000000 0.100000 0.000000
vn 0.000000 0.100000 0.000000
vn 0.000000 0.100000 0.000000
vn 0.000000 0.100000 0.000000
vn 0.000000 0.100000 0.000000
vn 0.000000 0.100000 0.000000
vn 0.000000 0.100000 0.000000
vn 0.000000 0.100000 0.000000
vn 0.000000 0.100000 0.000000
vn 0.000000 0.100000 0.000000
vn 0.000000 0.100000 0.000000
vn 0.000000 0.100000 0.000000
vn 0.000000 0.100000 0.000000
vn 0.000000 0.100000 0.000000
vn 0.000000 0.100000 0.000000
vn 0.000000 0.100000 0.000000
vn 0.000000 0.100000 0.000000
vn 0.000000 0.100000 0.000000
vn 0.000000 0.100000 0.000000
vn 0.000000 0.100000 0.000000
vn 0.000000 0.100000 0.000000
vn 0.000000 0.100000 0.000000
vn 0.000000 0.100000 0.000000
vn 0.000000 0.100000 0.000000
vn 0.000000 0.100000 0.000000
vn 0.000000 0.100000 0.000000
vn 0.000000 0.100000 0.000000
vn 0.000000 0.100000 0.000000
vn 0.000000 0.100000 0.000000
vn 0.000000 0.100000 0.000000
vn 0.000000 0.100000 0.000000
vn 0.000000 0.100000 0.000000
vn 0.000000 0.100000 0.000000
vn 0.000000 0.100000 0.000000
vn 0.000000 0.100000 0.000000
vn 0.000000 0.100000 0.000000
vn 0.000000 0.100000 0.000000
vn 0.000000 0.100000 0.000000
vn 0.000000 0.100000 0.000000
vn 0.000000 0.100000 0.000000
vn 0.000000 0.100000 0.000000
vn 0.000000 0.100000 0.000000
vn 0.000000 0.100000 0.000000
vn 0.000000 0.100000 0.000000
vn 0.000000 0.100000 0.000000
vn 0.000000 0.100000 0.000000
vn 0.000000 0.100000 0.000000
vn 0.000000 0.100000 0.000000
vn 0.000000 0.100000 0.000000
vn 0.000000 0.100000 0.000000
vn 0.000000 0.100000 0.000000
vn 0.000000 0.100000 0.000000
vn 0.000000 0.100000 0.000000
vn 0.000000 -0.100000 0.000000
vn 0.000000 -0.100000 0.000000
vn 0.000000 -0.100000 0.000000
vn 0.000000 -0.100000 0.000000
vn 0.000000 -0.100000 0.000000
vn 0.000000 -0.100000 0.000000
vn 0.000000 -0.100000 0.000000
vn 0.000000 -0.100000 0.000000
vn 0.000000 -0.100000 0.000000
vn 0.000000 -0.100000 0.000000
vn -0.100000 0.000000 0.000000
vn -0.100000 0.000000 0.000000
vn -0.100000 0.000000 0.000000
vn -0.100000 0.000000 0.000000
vn -0.100000 0.000000 0.000000
vn -0.100000 0.000000 0.000000
vn -0.100000 0.000000 0.000000
vn -0.100000 0.000000 0.000000
vn -0.100000 0.000000 0.000000
vn -0.100000 0.000000 0.000000
vn -0.100000 0.000000 0.000000
vn -0.100000 0.000000 0.000000
vn -0.100000 0.000000 0.000000
vn -0.100000 0.000000 0.000000
vn -0.100000 0.000000 0.000000
vn -0.100000 0.000000 0.000000
vn -0.100000 0.000000 0.000000
vn -0.100000 0.000000 0.000000
vn -0.100000 0.000000 0.000000
vn -0.100000 0.000000 0.000000
vn -0.100000 0.000000 0.000000
vn -0.100000 0.000000 0.000000
vn -0.100000 0.000000 0.000000
vn -0.100000 0.000000 0.000000
vn -0.100000 0.000000 0.000000
vn -0.100000 0.000000 0.000000
vn -0.100000 0.000000 0.000000
vn -0.100000 0.000000 0.000000
vn -0.100000 0.000000 0.000000
vn -0.100000 0.000000 0.000000
vn -0.100000 0.000000 0.000000
vn -0.100000 0.000000 0.000000
vn -0.100000 0.000000 0.000000
vn -0.100000 0.000000 0.000000
vn -0.100000 0.000000 0.000000
vn 0.000000 -0.037157 -0.092841
vn 0.000000 -0.037157 -0.092841
vn 0.000000 -0.037157 -0.092841
vn 0.000000 -0.037157 -0.092841
vn 0.000000 -0.037157 -0.092841
vn 0.000000 0.037157 0.092841
vn 0.000000 0.037157 0.092841
vn 0.000000 0.037157 0.092841
vn 0.000000 0.037157 0.092841
vn 0.000000 0.037157 0.092841
vn 0.000000 0.037157 0.092841
vn 0.000000 0.018509 0.098272
vn 0.000000 -0.000837 0.099996
vn 0.000000 -0.020152 0.097948
vn 0.000000 -0.038706 0.092205
vn 0.000000 -0.038706 0.092205
vn 0.000000 -0.020152 0.097948
vn 0.000000 -0.000837 0.099996
vn 0.000000 0.018509 0.098272
vn 0.000000 -0.036194 0.093220
vn 0.000000 -0.036194 0.093220
vn 0.000000 -0.052317 0.085223
vn 0.000000 -0.066746 0.074465
vn 0.000000 -0.079012 0.061295
vn 0.000000 -0.088719 0.046140
vn 0.000000 -0.095553 0.029490
vn 0.000000 -0.099291 0.011885
vn 0.000000 -0.099813 -0.006106
vn 0.000000 -0.097102 -0.023898
vn 0.000000 -0.091246 -0.040916
vn 0.000000 -0.082434 -0.056609
vn 0.000000 -0.082434 -0.056609
vn 0.000000 -0.091246 -0.040916
vn 0.000000 -0.097102 -0.023898
vn 0.000000 -0.099813 -0.006106
vn 0.000000 -0.099291 0.011885
vn 0.000000 -0.095553 0.029490
vn 0.000000 -0.088719 0.046140
vn 0.000000 -0.079012 0.061295
vn 0.000000 -0.066746 0.074465
vn 0.000000 -0.052317 0.085223
vn 0.000000 -0.056609 0.082434
vn 0.000000 -0.056609 0.082434
vn 0.000000 -0.056609 0.082434
vn 0.000000 -0.056609 0.082434
vn 0.000000 0.081220 0.058338
vn 0.000000 0.081220 0.058338
vn 0.000000 0.090518 0.042503
vn 0.000000 0.096764 0.025235
vn 0.000000 0.099746 0.007117
vn 0.000000 0.099366 -0.011242
vn 0.000000 0.095635 -0.029221
vn 0.000000 0.088680 -0.046215
vn 0.000000 0.078734 -0.061651
vn 0.000000 0.066134 -0.075009
vn 0.000000 0.051304 -0.085837
vn 0.000000 0.034744 -0.093770
vn 0.000000 0.017012 -0.098542
vn 0.000000 -0.001293 -0.099992
vn 0.000000 -0.019554 -0.098069
vn 0.000000 -0.037157 -0.092841
vn 0.000000 -0.037157 -0.092841
vn 0.000000 -0.019554 -0.098069
vn 0.000000 -0.001293 -0.099992
vn 0.000000 0.017012 -0.098542
vn 0.000000 0.034744 -0.093770
vn 0.000000 0.051304 -0.085837
vn 0.000000 0.066134 -0.075009
vn 0.000000 0.078734 -0.061651
vn 0.000000 0.088680 -0.046215
vn 0.000000 0.095635 -0.029221
vn 0.000000 0.099366 -0.011242
vn 0.000000 0.099746 0.007117
vn 0.000000 0.096764 0.025235
vn 0.000000 0.090518 0.042503
vn 0.000000 0.100000 0.000000
vn 0.000000 0.100000 0.000000
vn 0.000000 0.100000 0.000000
vn 0.000000 0.100000 0.000000
vn 0.000000 0.100000 0.000000
vn 0.000000 -0.100000 0.000000
vn 0.000000 -0.100000 0.000000
vn 0.000000 -0.100000 0.000000
vn 0.000000 -0.100000 0.000000
vn 0.000000 -0.100000 0.000000
vn 0.000000 -0.100000 0.000000
vn 0.000000 -0.100000 0.000000
vn 0.000000 -0.100000 0.000000
vn 0.000000 -0.100000 0.000000
vn 0.000000 -0.100000 0.000000
vn 0.000000 -0.100000 0.000000
vn 0.000000 -0.100000 0.000000
vn 0.000000 -0.100000 0.000000
vn 0.000000 -0.100000 0.000000
vn 0.000000 -0.100000 0.000000
vn 0.000000 -0.100000 0.000000
vn 0.000000 -0.100000 0.000000
vn 0.000000 -0.100000 0.000000
vn 0.000000 -0.100000 0.000000
vn 0.000000 -0.100000 0.000000
vn 0.000000 -0.100000 0.000000
vn 0.000000 -0.100000 0.000000
vn 0.000000 -0.100000 0.000000
vn 0.000000 -0.100000 0.000000
vn 0.000000 -0.100000 0.000000
vn 0.000000 -0.100000 0.000000
vn 0.000000 -0.100000 0.000000
vn 0.000000 -0.100000 0.000000
usemtl 246,164,49
f 394/2/2 405/59/59 389/1/1
f 389/1/1 405/59/59 393/87/87
f 389/88/88 393/58/58 395/29/29
f 395/29/29 393/58/58 406/86/86
f 395/29/29 406/86/86 464/28/28
f 464/28/28 406/86/86 468/85/85
f 464/28/28 468/85/85 530/27/27
f 530/27/27 468/85/85 536/84/84
f 530/27/27 536/84/84 628/26/26
f 628/26/26 536/84/84 636/83/83
f 628/26/26 636/83/83 750/25/25
f 750/25/25 636/83/83 758/82/82
f 750/25/25 758/82/82 848/24/24
f 848/24/24 758/82/82 854/81/81
f 848/24/24 854/81/81 920/23/23
f 920/23/23 854/81/81 924/80/80
f 920/23/23 924/80/80 1102/22/22
f 1102/22/22 924/80/80 1100/79/79
f 1102/22/22 1100/79/79 1198/21/21
f 1198/21/21 1100/79/79 1196/78/78
f 1198/21/21 1196/78/78 1314/20/20
f 1314/20/20 1196/78/78 1300/77/77
f 1314/20/20 1300/77/77 1442/19/19
f 1442/19/19 1300/77/77 1430/76/76
f 1442/19/19 1430/76/76 1510/18/18
f 1510/18/18 1430/76/76 1502/75/75
f 1510/18/18 1502/75/75 1576/17/17
f 1576/17/17 1502/75/75 1570/74/74
f 1576/17/17 1570/74/74 1610/16/16
f 1610/16/16 1570/74/74 1608/73/73
f 1610/16/16 1608/73/73 1609/15/15
f 1609/15/15 1608/73/73 1607/72/72
f 1609/15/15 1607/72/72 1575/14/14
f 1575/14/14 1607/72/72 1569/71/71
f 1575/14/14 1569/71/71 1509/13/13
f 1509/13/13 1569/71/71 1501/70/70
f 1509/13/13 1501/70/70 1441/12/12
f 1441/12/12 1501/70/70 1429/69/69
f 1441/12/12 1429/69/69 1313/11/11
f 1313/11/11 1429/69/69 1299/68/68
f 1313/11/11 1299/68/68 1197/10/10
f 1197/10/10 1299/68/68 1195/67/67
f 1197/10/10 1195/67/67 1101/9/9
f 1101/9/9 1195/67/67 1099/66/66
f 1101/9/9 1099/66/66 919/8/8
f 919/8/8 1099/66/66 923/65/65
f 919/8/8 923/65/65 847/7/7
f 847/7/7 923/65/65 853/64/64
f 847/7/7 853/64/64 749/6/6
f 749/6/6 853/64/64 757/63/63
f 749/6/6 757/63/63 627/5/5
f 627/5/5 757/63/63 635/62/62
f 627/5/5 635/62/62 529/4/4
f 529/4/4 635/62/62 535/61/61
f 529/4/4 535/61/61 463/3/3
f 463/3/3 535/61/61 467/60/60
f 463/3/3 467/60/60 394/2/2
f 394/2/2 467/60/60 405/59/59
f 1561/31/31 1607/72/72 1592/30/30
f 1592/30/30 1607/72/72 1608/73/73
f 1592/30/30 1608/73/73 1562/57/57
f 1562/57/57 1608/73/73 1570/74/74
f 1562/57/57 1570/74/74 1522/56/56
f 1522/56/56 1570/74/74 1502/75/75
f 1522/56/56 1502/75/75 1458/55/55
f 1458/55/55 1502/75/75 1430/76/76
f 1458/55/55 1430/76/76 1338/54/54
f 1338/54/54 1430/76/76 1300/77/77
f 1338/54/54 1300/77/77 1220/53/53
f 1220/53/53 1300/77/77 1196/78/78
f 1220/53/53 1196/78/78 1126/52/52
f 1126/52/52 1196/78/78 1100/79/79
f 1126/52/52 1100/79/79 1002/51/51
f 1002/51/51 1100/79/79 924/80/80
f 1002/51/51 924/80/80 880/50/50
f 880/50/50 924/80/80 854/81/81
f 880/50/50 854/81/81 786/49/49
f 786/49/49 854/81/81 758/82/82
f 786/49/49 758/82/82 670/48/48
f 670/48/48 758/82/82 636/83/83
f 670/48/48 636/83/83 550/47/47
f 550/47/47 636/83/83 536/84/84
f 550/47/47 536/84/84 486/46/46
f 486/46/46 536/84/84 468/85/85
f 486/46/46 468/85/85 440/45/45
f 440/45/45 468/85/85 406/86/86
f 440/45/45 406/86/86 410/44/44
f 410/44/44 406/86/86 393/58/58
f 410/44/44 393/58/58 405/89/89
f 1607/72/72 1561/31/31 1569/71/71
f 1569/71/71 1561/31/31 1521/32/32
f 1569/71/71 1521/32/32 1501/70/70
f 1501/70/70 1521/32/32 1457/33/33
f 1501/70/70 1457/33/33 1429/69/69
f 1429/69/69 1457/33/33 1337/34/34
f 1429/69/69 1337/34/34 1299/68/68
f 1299/68/68 1337/34/34 1219/35/35
f 1299/68/68 1219/35/35 1195/67/67
f 1195/67/67 1219/35/35 1125/36/36
f 1195/67/67 1125/36/36 1099/66/66
f 1099/66/66 1125/36/36 1001/37/37
f 1099/66/66 1001/37/37 923/65/65
f 923/65/65 1001/37/37 879/38/38
f 923/65/65 879/38/38 853/64/64
f 853/64/64 879/38/38 785/39/39
f 853/64/64 785/39/39 757/63/63
f 757/63/63 785/39/39 669/40/40
f 757/63/63 669/40/40 635/62/62
f 635/62/62 669/40/40 549/41/41
f 635/62/62 549/41/41 535/61/61
f 535/61/61 549/41/41 485/42/42
f 535/61/61 485/42/42 467/60/60
f 467/60/60 485/42/42 439/43/43
f 467/60/60 439/43/43 405/59/59
f 405/59/59 439/43/43 410/90/90
f 396/92/92 394/148/148 390/91/91
f 390/91/91 394/148/148 389/149/149
f 390/150/150 389/120/120 397/119/119
f 397/119/119 389/120/120 395/121/121
f 397/119/119 395/121/121 466/118/118
f 466/118/118 395/121/121 464/122/122
f 466/118/118 464/122/122 532/117/117
f 532/117/117 464/122/122 530/123/123
f 532/117/117 530/123/123 630/116/116
f 630/116/116 530/123/123 628/124/124
f 630/116/116 628/124/124 752/115/115
f 752/115/115 628/124/124 750/125/125
f 752/115/115 750/125/125 850/114/114
f 850/114/114 750/125/125 848/126/126
f 850/114/114 848/126/126 922/113/113
f 922/113/113 848/126/126 920/127/127
f 922/113/113 920/127/127 1104/112/112
f 1104/112/112 920/127/127 1102/128/128
f 1104/112/112 1102/128/128 1200/111/111
f 1200/111/111 1102/128/128 1198/129/129
f 1200/111/111 1198/129/129 1316/110/110
f 1316/110/110 1198/129/129 1314/130/130
f 1316/110/110 1314/130/130 1444/109/109
f 1444/109/109 1314/130/130 1442/131/131
f 1444/109/109 1442/131/131 1512/108/108
f 1512/108/108 1442/131/131 1510/132/132
f 1512/108/108 1510/132/132 1578/107/107
f 1578/107/107 1510/132/132 1576/133/133
f 1578/107/107 1576/133/133 1612/106/106
f 1612/106/106 1576/133/133 1610/134/134
f 1612/106/106 1610/134/134 1611/105/105
f 1611/105/105 1610/134/134 1609/135/135
f 1611/105/105 1609/135/135 1577/104/104
f 1577/104/104 1609/135/135 1575/136/136
f 1577/104/104 1575/136/136 1511/103/103
f 1511/103/103 1575/136/136 1509/137/137
f 1511/103/103 1509/137/137 1443/102/102
f 1443/102/102 1509/137/137 1441/138/138
f 1443/102/102 1441/138/138 1315/101/101
f 1315/101/101 1441/138/138 1313/139/139
f 1315/101/101 1313/139/139 1199/100/100
f 1199/100/100 1313/139/139 1197/140/140
f 1199/100/100 1197/140/140 1103/99/99
f 1103/99/99 1197/140/140 1101/141/141
f 1103/99/99 1101/141/141 921/98/98
f 921/98/98 1101/141/141 919/142/142
f 921/98/98 919/142/142 849/97/97
f 849/97/97 919/142/142 847/143/143
f 849/97/97 847/143/143 751/96/96
f 751/96/96 847/143/143 749/144/144
f 751/96/96 749/144/144 629/95/95
f 629/95/95 749/144/144 627/145/145
f 629/95/95 627/145/145 531/94/94
f 531/94/94 627/145/145 529/146/146
f 531/94/94 529/146/146 465/93/93
f 465/93/93 529/146/146 463/147/147
f 465/93/93 463/147/147 396/92/92
f 396/92/92 463/147/147 394/148/148
f 397/152/152 424/212/212 390/151/151
f 390/151/151 424/212/212 400/239/239
f 390/240/240 400/208/208 423/238/238
f 423/238/238 400/208/208 411/180/180
f 423/238/238 411/180/180 441/181/181
f 424/212/212 397/152/152 472/213/213
f 472/213/213 397/152/152 466/153/153
f 472/213/213 466/153/153 534/214/214
f 534/214/214 466/153/153 532/154/154
f 534/214/214 532/154/154 606/215/215
f 606/215/215 532/154/154 630/155/155
f 606/215/215 630/155/155 724/216/216
f 724/216/216 630/155/155 752/156/156
f 724/216/216 752/156/156 818/217/217
f 818/217/217 752/156/156 850/157/157
f 818/217/217 850/157/157 908/218/218
f 908/218/218 850/157/157 922/158/158
f 908/218/218 922/158/158 1082/219/219
f 1082/219/219 922/158/158 1104/159/159
f 1082/219/219 1104/159/159 1140/220/220
f 1140/220/220 1104/159/159 1200/160/160
f 1140/220/220 1200/160/160 1228/221/221
f 1228/221/221 1200/160/160 1316/161/161
f 1228/221/221 1316/161/161 1332/211/211
f 1332/211/211 1316/161/161 1444/162/162
f 1332/211/211 1444/162/162 1446/222/222
f 1446/222/222 1444/162/162 1512/163/163
f 1446/222/222 1512/163/163 1504/223/223
f 1504/223/223 1512/163/163 1578/164/164
f 1504/223/223 1578/164/164 1546/224/224
f 1546/224/224 1578/164/164 1612/165/165
f 1546/224/224 1612/165/165 1598/210/210
f 1598/210/210 1612/165/165 1611/166/166
f 1598/210/210 1611/166/166 1597/225/225
f 1597/225/225 1611/166/166 1545/226/226
f 1597/225/225 1545/226/226 1563/193/193
f 1563/193/193 1545/226/226 1523/192/192
f 1523/192/192 1545/226/226 1503/227/227
f 1523/192/192 1503/227/227 1459/191/191
f 1459/191/191 1503/227/227 1445/228/228
f 1459/191/191 1445/228/228 1339/190/190
f 1339/190/190 1445/228/228 1331/209/209
f 1339/190/190 1331/209/209 1221/189/189
f 1221/189/189 1331/209/209 1227/229/229
f 1221/189/189 1227/229/229 1139/230/230
f 1139/230/230 1227/229/229 1199/171/171
f 1139/230/230 1199/171/171 1103/172/172
f 1611/166/166 1577/167/167 1545/226/226
f 1545/226/226 1577/167/167 1503/227/227
f 1577/167/167 1511/168/168 1503/227/227
f 1503/227/227 1511/168/168 1445/228/228
f 1511/168/168 1443/169/169 1445/228/228
f 1445/228/228 1443/169/169 1331/209/209
f 1443/169/169 1315/170/170 1331/209/209
f 1331/209/209 1315/170/170 1227/229/229
f 1315/170/170 1199/171/171 1227/229/229
f 1139/230/230 1103/172/172 1081/231/231
f 1081/231/231 1103/172/172 921/173/173
f 1081/231/231 921/173/173 907/232/232
f 907/232/232 921/173/173 849/174/174
f 907/232/232 849/174/174 817/233/233
f 817/233/233 849/174/174 751/175/175
f 817/233/233 751/175/175 723/234/234
f 723/234/234 751/175/175 629/176/176
f 723/234/234 629/176/176 605/235/235
f 605/235/235 629/176/176 531/177/177
f 605/235/235 531/177/177 533/236/236
f 533/236/236 531/177/177 465/178/178
f 533/236/236 465/178/178 471/237/237
f 471/237/237 465/178/178 396/179/179
f 471/237/237 396/179/179 423/238/238
f 423/238/238 396/179/179 390/241/241
f 423/238/238 441/181/181 471/237/237
f 471/237/237 441/181/181 487/182/182
f 471/237/237 487/182/182 533/236/236
f 533/236/236 487/182/182 551/183/183
f 533/236/236 551/183/183 605/235/235
f 605/235/235 551/183/183 671/184/184
f 605/235/235 671/184/184 723/234/234
f 723/234/234 671/184/184 787/185/185
f 723/234/234 787/185/185 817/233/233
f 817/233/233 787/185/185 881/186/186
f 817/233/233 881/186/186 907/232/232
f 907/232/232 881/186/186 1003/187/187
f 907/232/232 1003/187/187 1081/231/231
f 1081/231/231 1003/187/187 1127/188/188
f 1081/231/231 1127/188/188 1139/230/230
f 1139/230/230 1127/188/188 1221/189/189
f 1563/193/193 1593/194/194 1597/225/225
f 1597/225/225 1593/194/194 1598/210/210
f 1593/194/194 1564/195/195 1598/210/210
f 1598/210/210 1564/195/195 1546/224/224
f 1564/195/195 1524/196/196 1546/224/224
f 1546/224/224 1524/196/196 1504/223/223
f 1524/196/196 1460/197/197 1504/223/223
f 1504/223/223 1460/197/197 1446/222/222
f 1460/197/197 1340/198/198 1446/222/222
f 1446/222/222 1340/198/198 1332/211/211
f 1340/198/198 1222/199/199 1332/211/211
f 1332/211/211 1222/199/199 1228/221/221
f 1228/221/221 1222/199/199 1140/220/220
f 1140/220/220 1222/199/199 1128/200/200
f 1140/220/220 1128/200/200 1082/219/219
f 1082/219/219 1128/200/200 1004/201/201
f 1082/219/219 1004/201/201 908/218/218
f 908/218/218 1004/201/201 882/202/202
f 908/218/218 882/202/202 818/217/217
f 818/217/217 882/202/202 788/203/203
f 818/217/217 788/203/203 724/216/216
f 724/216/216 788/203/203 672/204/204
f 724/216/216 672/204/204 606/215/215
f 606/215/215 672/204/204 552/205/205
f 606/215/215 552/205/205 534/214/214
f 534/214/214 552/205/205 488/206/206
f 534/214/214 488/206/206 472/213/213
f 472/213/213 488/206/206 442/207/207
f 472/213/213 442/207/207 424/212/212
f 424/212/212 442/207/207 411/242/242
f 424/243/243 411/180/180 400/208/208
f 875/459/459 889/244/244 881/482/482
f 881/482/482 889/244/244 903/245/245
f 881/482/482 903/245/245 915/246/246
f 881/482/482 915/246/246 1003/481/481
f 1003/481/481 915/246/246 926/247/247
f 1003/481/481 926/247/247 995/248/248
f 995/248/248 997/249/249 1003/481/481
f 1003/481/481 997/249/249 1005/250/250
f 1003/481/481 1005/250/250 1007/251/251
f 1007/251/251 1009/252/252 1003/481/481
f 1003/481/481 1009/252/252 1012/253/253
f 1003/481/481 1012/253/253 1085/254/254
f 1003/481/481 1085/254/254 1127/480/480
f 1127/480/480 1085/254/254 1095/255/255
f 1127/480/480 1095/255/255 1115/256/256
f 1115/256/256 1129/257/257 1127/480/480
f 1127/480/480 1129/257/257 1135/258/258
f 1127/480/480 1135/258/258 1141/259/259
f 1141/259/259 1149/260/260 1127/480/480
f 1127/480/480 1149/260/260 1157/261/261
f 1127/480/480 1157/261/261 1159/262/262
f 1159/262/262 1185/263/263 1127/480/480
f 1127/480/480 1185/263/263 1221/479/479
f 1221/479/479 1185/263/263 1205/264/264
f 1221/479/479 1205/264/264 1235/265/265
f 1235/265/265 1243/266/266 1221/479/479
f 1221/479/479 1243/266/266 1251/267/267
f 1221/479/479 1251/267/267 1257/268/268
f 1257/268/268 1263/269/269 1221/479/479
f 1221/479/479 1263/269/269 1269/270/270
f 1221/479/479 1269/270/270 1279/271/271
f 1221/479/479 1279/271/271 1339/478/478
f 1339/478/478 1279/271/271 1311/272/272
f 1339/478/478 1311/272/272 1349/273/273
f 1349/273/273 1375/274/274 1339/478/478
f 1339/478/478 1375/274/274 1383/275/275
f 1339/478/478 1383/275/275 1393/276/276
f 1393/276/276 1397/277/277 1339/478/478
f 1339/478/478 1397/277/277 1459/477/477
f 1459/477/477 1397/277/277 1407/278/278
f 1459/477/477 1407/278/278 1411/279/279
f 1411/279/279 1419/280/280 1459/477/477
f 1459/477/477 1419/280/280 1451/281/281
f 1459/477/477 1451/281/281 1469/282/282
f 1469/282/282 1471/283/283 1459/477/477
f 1459/477/477 1471/283/283 1523/476/476
f 1523/476/476 1471/283/283 1479/284/284
f 1523/476/476 1479/284/284 1487/285/285
f 1487/285/285 1491/286/286 1523/476/476
f 1523/476/476 1491/286/286 1493/287/287
f 1523/476/476 1493/287/287 1497/288/288
f 1497/288/288 1505/289/289 1523/476/476
f 1523/476/476 1505/289/289 1527/290/290
f 1523/476/476 1527/290/290 1535/291/291
f 1523/476/476 1535/291/291 1563/475/475
f 1563/475/475 1535/291/291 1537/292/292
f 1563/475/475 1537/292/292 1541/293/293
f 1541/293/293 1543/294/294 1563/475/475
f 1563/475/475 1543/294/294 1549/295/295
f 1563/475/475 1549/295/295 1555/296/296
f 1555/296/296 1557/297/297 1563/475/475
f 1563/475/475 1557/297/297 1565/298/298
f 1563/475/475 1565/298/298 1571/299/299
f 1571/299/299 1583/300/300 1563/475/475
f 1563/475/475 1583/300/300 1593/474/474
f 1593/474/474 1583/300/300 1585/301/301
f 1593/474/474 1585/301/301 1587/302/302
f 1587/302/302 1589/303/303 1593/474/474
f 1593/474/474 1589/303/303 1595/488/488
f 1593/489/489 1595/304/304 1590/305/305
f 1590/305/305 1588/306/306 1593/490/490
f 1593/491/491 1588/306/306 1586/307/307
f 1593/492/492 1586/307/307 1584/308/308
f 1593/493/493 1584/308/308 1564/473/473
f 1564/473/473 1584/308/308 1572/309/309
f 1564/473/473 1572/309/309 1566/310/310
f 1566/310/310 1558/311/311 1564/473/473
f 1564/473/473 1558/311/311 1556/312/312
f 1564/473/473 1556/312/312 1550/313/313
f 1550/313/313 1544/314/314 1564/473/473
f 1564/473/473 1544/314/314 1542/315/315
f 1564/473/473 1542/315/315 1538/316/316
f 1538/316/316 1536/317/317 1564/473/473
f 1564/473/473 1536/317/317 1524/472/472
f 1524/472/472 1536/317/317 1528/318/318
f 1524/472/472 1528/318/318 1506/319/319
f 1506/319/319 1498/320/320 1524/472/472
f 1524/472/472 1498/320/320 1494/321/321
f 1524/472/472 1494/321/321 1492/322/322
f 1492/322/322 1488/323/323 1524/472/472
f 1524/472/472 1488/323/323 1480/324/324
f 1524/472/472 1480/324/324 1472/325/325
f 1524/472/472 1472/325/325 1460/471/471
f 1460/471/471 1472/325/325 1470/326/326
f 1460/471/471 1470/326/326 1452/327/327
f 1452/327/327 1420/328/328 1460/471/471
f 1460/471/471 1420/328/328 1412/329/329
f 1460/471/471 1412/329/329 1408/330/330
f 1408/330/330 1398/331/331 1460/471/471
f 1460/471/471 1398/331/331 1340/470/470
f 1340/470/470 1398/331/331 1394/332/332
f 1340/470/470 1394/332/332 1384/333/333
f 1384/333/333 1376/334/334 1340/470/470
f 1340/470/470 1376/334/334 1350/335/335
f 1340/470/470 1350/335/335 1312/336/336
f 1312/336/336 1280/337/337 1340/470/470
f 1340/470/470 1280/337/337 1222/469/469
f 1222/469/469 1280/337/337 1270/338/338
f 1222/469/469 1270/338/338 1264/339/339
f 1264/339/339 1258/340/340 1222/469/469
f 1222/469/469 1258/340/340 1252/341/341
f 1222/469/469 1252/341/341 1244/342/342
f 1244/342/342 1236/343/343 1222/469/469
f 1222/469/469 1236/343/343 1206/344/344
f 1222/469/469 1206/344/344 1186/345/345
f 1222/469/469 1186/345/345 1128/468/468
f 1128/468/468 1186/345/345 1160/346/346
f 1128/468/468 1160/346/346 1158/347/347
f 1158/347/347 1150/348/348 1128/468/468
f 1128/468/468 1150/348/348 1142/349/349
f 1128/468/468 1142/349/349 1136/350/350
f 1136/350/350 1130/351/351 1128/468/468
f 1128/468/468 1130/351/351 1116/352/352
f 1128/468/468 1116/352/352 1096/353/353
f 1096/353/353 1086/354/354 1128/468/468
f 1128/468/468 1086/354/354 1004/467/467
f 1004/467/467 1086/354/354 1015/355/355
f 1004/467/467 1015/355/355 1010/356/356
f 1010/356/356 1008/357/357 1004/467/467
f 1004/467/467 1008/357/357 1006/358/358
f 1004/467/467 1006/358/358 998/359/359
f 998/359/359 996/360/360 1004/467/467
f 1004/467/467 996/360/360 929/361/361
f 1004/467/467 929/361/361 916/362/362
f 1004/467/467 916/362/362 882/466/466
f 882/466/466 916/362/362 904/363/363
f 882/466/466 904/363/363 890/364/364
f 890/364/364 876/365/365 882/466/466
f 882/466/466 876/365/365 870/366/366
f 882/466/466 870/366/366 866/367/367
f 866/367/367 858/368/368 882/466/466
f 882/466/466 858/368/368 844/369/369
f 882/466/466 844/369/369 842/370/370
f 842/370/370 814/371/371 882/466/466
f 882/466/466 814/371/371 788/465/465
f 788/465/465 814/371/371 800/372/372
f 788/465/465 800/372/372 772/373/373
f 772/373/373 764/374/374 788/465/465
f 788/465/465 764/374/374 754/375/375
f 788/465/465 754/375/375 744/376/376
f 744/376/376 738/377/377 788/465/465
f 788/465/465 738/377/377 732/378/378
f 788/465/465 732/378/378 720/379/379
f 788/465/465 720/379/379 672/464/464
f 672/464/464 720/379/379 690/380/380
f 672/464/464 690/380/380 658/381/381
f 658/381/381 626/382/382 672/464/464
f 672/464/464 626/382/382 618/383/383
f 672/464/464 618/383/383 608/384/384
f 608/384/384 602/385/385 672/464/464
f 672/464/464 602/385/385 552/463/463
f 552/463/463 602/385/385 592/386/386
f 552/463/463 592/386/386 588/387/387
f 588/387/387 580/388/388 552/463/463
f 552/463/463 580/388/388 556/389/389
f 552/463/463 556/389/389 538/390/390
f 538/390/390 528/391/391 552/463/463
f 552/463/463 528/391/391 488/462/462
f 488/462/462 528/391/391 520/392/392
f 488/462/462 520/392/392 512/393/393
f 512/393/393 508/394/394 488/462/462
f 488/462/462 508/394/394 506/395/395
f 488/462/462 506/395/395 502/396/396
f 502/396/396 498/397/397 488/462/462
f 488/462/462 498/397/397 480/398/398
f 488/462/462 480/398/398 470/399/399
f 488/462/462 470/399/399 442/461/461
f 442/461/461 470/399/399 462/400/400
f 442/461/461 462/400/400 458/401/401
f 458/401/401 456/402/402 442/461/461
f 442/461/461 456/402/402 452/403/403
f 442/461/461 452/403/403 446/404/404
f 446/404/404 444/405/405 442/461/461
f 442/461/461 444/405/405 436/406/406
f 442/461/461 436/406/406 432/407/407
f 432/407/407 422/408/408 442/461/461
f 442/461/461 422/408/408 411/460/460
f 411/460/460 422/408/408 420/409/409
f 411/460/460 420/409/409 418/410/410
f 418/410/410 416/411/411 411/460/460
f 411/460/460 416/411/411 413/412/412
f 411/460/460 413/412/412 415/413/413
f 415/413/413 417/414/414 411/460/460
f 411/460/460 417/414/414 419/415/415
f 411/460/460 419/415/415 421/416/416
f 411/460/460 421/416/416 441/487/487
f 441/487/487 421/416/416 431/417/417
f 441/487/487 431/417/417 435/418/418
f 435/418/418 443/419/419 441/487/487
f 441/487/487 443/419/419 445/420/420
f 441/487/487 445/420/420 451/421/421
f 451/421/421 455/422/422 441/487/487
f 441/487/487 455/422/422 457/423/423
f 441/487/487 457/423/423 461/424/424
f 461/424/424 469/425/425 441/487/487
f 441/487/487 469/425/425 487/486/486
f 487/486/486 469/425/425 479/426/426
f 487/486/486 479/426/426 497/427/427
f 497/427/427 501/428/428 487/486/486
f 487/486/486 501/428/428 505/429/429
f 487/486/486 505/429/429 507/430/430
f 507/430/430 511/431/431 487/486/486
f 487/486/486 511/431/431 519/432/432
f 487/486/486 519/432/432 527/433/433
f 487/486/486 527/433/433 551/485/485
f 551/485/485 527/433/433 537/434/434
f 551/485/485 537/434/434 555/435/435
f 555/435/435 579/436/436 551/485/485
f 551/485/485 579/436/436 587/437/437
f 551/485/485 587/437/437 591/438/438
f 591/438/438 601/439/439 551/485/485
f 551/485/485 601/439/439 671/484/484
f 671/484/484 601/439/439 607/440/440
f 671/484/484 607/440/440 617/441/441
f 617/441/441 625/442/442 671/484/484
f 671/484/484 625/442/442 657/443/443
f 671/484/484 657/443/443 689/444/444
f 689/444/444 719/445/445 671/484/484
f 671/484/484 719/445/445 787/483/483
f 787/483/483 719/445/445 731/446/446
f 787/483/483 731/446/446 737/447/447
f 737/447/447 743/448/448 787/483/483
f 787/483/483 743/448/448 753/449/449
f 787/483/483 753/449/449 763/450/450
f 763/450/450 771/451/451 787/483/483
f 787/483/483 771/451/451 799/452/452
f 787/483/483 799/452/452 813/453/453
f 787/483/483 813/453/453 881/482/482
f 881/482/482 813/453/453 841/454/454
f 881/482/482 841/454/454 843/455/455
f 843/455/455 857/456/456 881/482/482
f 881/482/482 857/456/456 865/457/457
f 881/482/482 865/457/457 869/458/458
f 869/458/458 875/459/459 881/482/482
f 438/495/495 440/535/535 409/494/494
f 409/494/494 440/535/535 410/536/536
f 409/494/494 410/536/536 437/521/521
f 437/521/521 410/536/536 439/537/537
f 437/521/521 439/537/537 483/520/520
f 483/520/520 439/537/537 485/538/538
f 483/520/520 485/538/538 547/519/519
f 547/519/519 485/538/538 549/539/539
f 547/519/519 549/539/539 667/518/518
f 667/518/518 549/539/539 669/540/540
f 667/518/518 669/540/540 783/517/517
f 783/517/517 669/540/540 785/541/541
f 783/517/517 785/541/541 877/516/516
f 877/516/516 785/541/541 879/542/542
f 877/516/516 879/542/542 999/515/515
f 999/515/515 879/542/542 1001/543/543
f 999/515/515 1001/543/543 1123/514/514
f 1123/514/514 1001/543/543 1125/544/544
f 1123/514/514 1125/544/544 1217/513/513
f 1217/513/513 1125/544/544 1219/545/545
f 1217/513/513 1219/545/545 1335/512/512
f 1335/512/512 1219/545/545 1337/546/546
f 1335/512/512 1337/546/546 1455/511/511
f 1455/511/511 1337/546/546 1457/547/547
f 1455/511/511 1457/547/547 1519/510/510
f 1519/510/510 1457/547/547 1521/548/548
f 1519/510/510 1521/548/548 1559/509/509
f 1559/509/509 1521/548/548 1561/549/549
f 1559/509/509 1561/549/549 1591/508/508
f 1591/508/508 1561/549/549 1592/550/550
f 1591/551/551 1592/522/522 1560/507/507
f 1560/507/507 1592/522/522 1562/523/523
f 1560/507/507 1562/523/523 1520/506/506
f 1520/506/506 1562/523/523 1522/524/524
f 1520/506/506 1522/524/524 1456/505/505
f 1456/505/505 1522/524/524 1458/525/525
f 1456/505/505 1458/525/525 1336/504/504
f 1336/504/504 1458/525/525 1338/526/526
f 1336/504/504 1338/526/526 1218/503/503
f 1218/503/503 1338/526/526 1220/527/527
f 1218/503/503 1220/527/527 1124/502/502
f 1124/502/502 1220/527/527 1126/528/528
f 1124/502/502 1126/528/528 1000/501/501
f 1000/501/501 1126/528/528 1002/529/529
f 1000/501/501 1002/529/529 878/500/500
f 878/500/500 1002/529/529 880/530/530
f 878/500/500 880/530/530 784/499/499
f 784/499/499 880/530/530 786/531/531
f 784/499/499 786/531/531 668/498/498
f 668/498/498 786/531/531 670/532/532
f 668/498/498 670/532/532 548/497/497
f 548/497/497 670/532/532 550/533/533
f 548/497/497 550/533/533 484/496/496
f 484/496/496 550/533/533 486/534/534
f 484/496/496 486/534/534 438/495/495
f 438/495/495 486/534/534 440/535/535
f 932/552/552 927/553/553 897/586/586
f 897/586/586 927/553/553 889/554/554
f 897/586/586 889/554/554 887/555/555
f 897/586/586 887/555/555 677/585/585
f 677/585/585 887/555/555 655/556/556
f 677/585/585 655/556/556 663/584/584
f 663/584/584 655/556/556 643/557/557
f 663/584/584 643/557/557 659/583/583
f 659/583/583 643/557/557 631/558/558
f 659/583/583 631/558/558 637/559/559
f 659/583/583 637/559/559 665/582/582
f 665/582/582 637/559/559 651/560/560
f 665/582/582 651/560/560 679/581/581
f 679/581/581 651/560/560 673/561/561
f 679/581/581 673/561/561 699/580/580
f 699/580/580 673/561/561 697/562/562
f 699/580/580 697/562/562 709/579/579
f 709/579/579 697/562/562 727/563/563
f 709/579/579 727/563/563 739/578/578
f 739/578/578 727/563/563 761/564/564
f 739/578/578 761/564/564 775/577/577
f 775/577/577 761/564/564 795/565/565
f 775/577/577 795/565/565 801/576/576
f 801/576/576 795/565/565 815/566/566
f 801/576/576 815/566/566 821/575/575
f 821/575/575 815/566/566 845/567/567
f 821/575/575 845/567/567 851/574/574
f 851/574/574 845/567/567 883/568/568
f 851/574/574 883/568/568 885/573/573
f 885/573/573 883/568/568 901/572/572
f 901/572/572 883/568/568 905/569/569
f 901/572/572 905/569/569 913/571/571
f 913/571/571 905/569/569 917/570/570
f 1549/587/587 1543/588/588 1539/591/591
f 1539/591/591 1543/588/588 1541/589/589
f 1539/591/591 1541/589/589 1537/590/590
f 1565/592/592 1557/593/593 1567/596/596
f 1567/596/596 1557/593/593 1555/594/594
f 1567/596/596 1555/594/594 1549/595/595
f 1505/597/597 1497/598/598 1507/601/601
f 1507/601/601 1497/598/598 1493/599/599
f 1507/601/601 1493/599/599 1491/600/600
f 1595/602/602 1589/603/603 1594/606/606
f 1594/606/606 1589/603/603 1587/604/604
f 1594/606/606 1587/604/604 1585/605/605
f 1491/607/607 1487/608/608 1473/611/611
f 1473/611/611 1487/608/608 1479/609/609
f 1473/611/611 1479/609/609 1471/610/610
f 1586/612/612 1588/613/613 1596/616/616
f 1596/616/616 1588/613/613 1590/614/614
f 1596/616/616 1590/614/614 1595/615/615
f 1419/617/617 1411/618/618 1421/621/621
f 1421/621/621 1411/618/618 1407/619/619
f 1421/621/621 1407/619/619 1397/620/620
f 1550/622/622 1556/623/623 1568/626/626
f 1568/626/626 1556/623/623 1558/624/624
f 1568/626/626 1558/624/624 1566/625/625
f 1397/627/627 1393/628/628 1377/631/631
f 1377/631/631 1393/628/628 1383/629/629
f 1377/631/631 1383/629/629 1375/630/630
f 1538/632/632 1542/633/633 1540/636/636
f 1540/636/636 1542/633/633 1544/634/634
f 1540/636/636 1544/634/634 1550/635/635
f 1279/637/637 1269/638/638 1281/641/641
f 1281/641/641 1269/638/638 1263/639/639
f 1281/641/641 1263/639/639 1257/640/640
f 1492/642/642 1494/643/643 1508/646/646
f 1508/646/646 1494/643/643 1498/644/644
f 1508/646/646 1498/644/644 1506/645/645
f 1257/647/647 1251/648/648 1237/651/651
f 1237/651/651 1251/648/648 1243/649/649
f 1237/651/651 1243/649/649 1235/650/650
f 1472/652/652 1480/653/653 1474/656/656
f 1474/656/656 1480/653/653 1488/654/654
f 1474/656/656 1488/654/654 1492/655/655
f 1159/657/657 1157/658/658 1161/661/661
f 1161/661/661 1157/658/658 1149/659/659
f 1161/661/661 1149/659/659 1141/660/660
f 1398/662/662 1408/663/663 1422/666/666
f 1422/666/666 1408/663/663 1412/664/664
f 1422/666/666 1412/664/664 1420/665/665
f 1141/667/667 1135/668/668 1117/671/671
f 1117/671/671 1135/668/668 1129/669/669
f 1117/671/671 1129/669/669 1115/670/670
f 1376/672/672 1384/673/673 1378/676/676
f 1378/676/676 1384/673/673 1394/674/674
f 1378/676/676 1394/674/674 1398/675/675
f 1258/677/677 1264/678/678 1282/681/681
f 1282/681/681 1264/678/678 1270/679/679
f 1282/681/681 1270/679/679 1280/680/680
f 1236/682/682 1244/683/683 1238/686/686
f 1238/686/686 1244/683/683 1252/684/684
f 1238/686/686 1252/684/684 1258/685/685
f 889/687/687 875/688/688 887/691/691
f 887/691/691 875/688/688 869/689/689
f 887/691/691 869/689/689 865/690/690
f 1142/692/692 1150/693/693 1162/696/696
f 1162/696/696 1150/693/693 1158/694/694
f 1162/696/696 1158/694/694 1160/695/695
f 865/697/697 857/698/698 839/701/701
f 839/701/701 857/698/698 843/699/699
f 839/701/701 843/699/699 841/700/700
f 1116/702/702 1130/703/703 1118/706/706
f 1118/706/706 1130/703/703 1136/704/704
f 1118/706/706 1136/704/704 1142/705/705
f 771/707/707 763/708/708 769/711/711
f 769/711/711 763/708/708 753/709/709
f 769/711/711 753/709/709 743/710/710
f 1006/712/712 1008/713/713 1016/716/716
f 1016/716/716 1008/713/713 1010/714/714
f 1016/716/716 1010/714/714 1015/715/715
f 743/717/717 737/718/718 717/721/721
f 717/721/721 737/718/718 731/719/719
f 717/721/721 731/719/719 719/720/720
f 929/722/722 996/723/723 930/726/726
f 930/726/726 996/723/723 998/724/724
f 930/726/726 998/724/724 1006/725/725
f 625/727/727 617/728/728 623/731/731
f 623/731/731 617/728/728 607/729/729
f 623/731/731 607/729/729 601/730/730
f 866/732/732 870/733/733 888/736/736
f 888/736/736 870/733/733 876/734/734
f 888/736/736 876/734/734 890/735/735
f 601/737/737 591/738/738 577/741/741
f 577/741/741 591/738/738 587/739/739
f 577/741/741 587/739/739 579/740/740
f 842/742/742 844/743/743 840/746/746
f 840/746/746 844/743/743 858/744/744
f 840/746/746 858/744/744 866/745/745
f 527/747/747 519/748/748 525/751/751
f 525/751/751 519/748/748 511/749/749
f 525/751/751 511/749/749 507/750/750
f 744/752/752 754/753/753 770/756/756
f 770/756/756 754/753/753 764/754/754
f 770/756/756 764/754/754 772/755/755
f 507/757/757 505/758/758 495/761/761
f 495/761/761 505/758/758 501/759/759
f 495/761/761 501/759/759 497/760/760
f 720/762/762 732/763/763 718/766/766
f 718/766/766 732/763/763 738/764/764
f 718/766/766 738/764/764 744/765/765
f 461/767/767 457/768/768 459/771/771
f 459/771/771 457/768/768 455/769/769
f 459/771/771 455/769/769 451/770/770
f 602/772/772 608/773/773 624/776/776
f 624/776/776 608/773/773 618/774/774
f 624/776/776 618/774/774 626/775/775
f 451/777/777 445/778/778 433/781/781
f 433/781/781 445/778/778 443/779/779
f 433/781/781 443/779/779 435/780/780
f 580/782/782 588/783/783 578/786/786
f 578/786/786 588/783/783 592/784/784
f 578/786/786 592/784/784 602/785/785
f 419/787/787 417/788/788 412/791/791
f 412/791/791 417/788/788 415/789/789
f 412/791/791 415/789/789 413/790/790
f 508/792/792 512/793/793 526/796/796
f 526/796/796 512/793/793 520/794/794
f 526/796/796 520/794/794 528/795/795
f 413/797/797 416/798/798 414/801/801
f 414/801/801 416/798/798 418/799/799
f 414/801/801 418/799/799 420/800/800
f 498/802/802 502/803/803 496/806/806
f 496/806/806 502/803/803 506/804/804
f 496/806/806 506/804/804 508/805/805
f 436/807/807 444/808/808 434/811/811
f 434/811/811 444/808/808 446/809/809
f 434/811/811 446/809/809 452/810/810
f 1018/813/813 1107/814/814 1013/812/812
f 1013/812/812 1107/814/814 1115/846/846
f 1115/846/846 1107/814/814 1117/845/845
f 1117/845/845 1107/814/814 1327/815/815
f 1117/845/845 1327/815/815 1351/844/844
f 1351/844/844 1327/815/815 1343/816/816
f 1351/844/844 1343/816/816 1363/843/843
f 1363/843/843 1343/816/816 1347/817/817
f 1363/843/843 1347/817/817 1373/842/842
f 1373/842/842 1347/817/817 1369/841/841
f 1369/841/841 1347/817/817 1341/818/818
f 1369/841/841 1341/818/818 1355/840/840
f 1355/840/840 1341/818/818 1325/819/819
f 1355/840/840 1325/819/819 1333/839/839
f 1333/839/839 1325/819/819 1301/820/820
f 1333/839/839 1301/820/820 1303/838/838
f 1303/838/838 1301/820/820 1289/821/821
f 1303/838/838 1289/821/821 1273/837/837
f 1273/837/837 1289/821/821 1261/822/822
f 1273/837/837 1261/822/822 1245/836/836
f 1245/836/836 1261/822/822 1231/823/823
f 1245/836/836 1231/823/823 1209/835/835
f 1209/835/835 1231/823/823 1203/824/824
f 1209/835/835 1203/824/824 1183/834/834
f 1183/834/834 1203/824/824 1179/825/825
f 1183/834/834 1179/825/825 1155/833/833
f 1155/833/833 1179/825/825 1153/826/826
f 1155/833/833 1153/826/826 1121/832/832
f 1121/832/832 1153/826/826 1119/827/827
f 1121/832/832 1119/827/827 1097/828/828
f 1121/832/832 1097/828/828 1093/831/831
f 1093/831/831 1097/828/828 1087/829/829
f 1093/831/831 1087/829/829 1083/830/830
f 1117/851/851 1351/847/847 1141/850/850
f 1141/850/850 1351/847/847 1413/848/848
f 1141/850/850 1413/848/848 1161/849/849
f 1151/853/853 1389/854/854 1107/852/852
f 1107/852/852 1389/854/854 1327/855/855
f 1327/856/856 1389/857/857 1343/865/865
f 1343/865/865 1389/857/857 1403/858/858
f 1343/865/865 1403/858/858 1347/864/864
f 1347/864/864 1403/858/858 1405/859/859
f 1347/864/864 1405/859/859 1341/863/863
f 1341/863/863 1405/859/859 1399/860/860
f 1341/863/863 1399/860/860 1325/862/862
f 1325/862/862 1399/860/860 1387/861/861
f 1325/866/866 1387/867/867 1301/887/887
f 1301/887/887 1387/867/867 1361/868/868
f 1301/887/887 1361/868/868 1345/869/869
f 1301/887/887 1345/869/869 1289/886/886
f 1289/886/886 1345/869/869 1309/870/870
f 1289/886/886 1309/870/870 1261/885/885
f 1261/885/885 1309/870/870 1275/871/871
f 1261/885/885 1275/871/871 1231/884/884
f 1231/884/884 1275/871/871 1247/872/872
f 1231/884/884 1247/872/872 1203/883/883
f 1203/883/883 1247/872/872 1213/873/873
f 1203/883/883 1213/873/873 1179/882/882
f 1179/882/882 1213/873/873 1191/874/874
f 1179/882/882 1191/874/874 1153/881/881
f 1153/881/881 1191/874/874 1163/875/875
f 1153/881/881 1163/875/875 1119/880/880
f 1119/880/880 1163/875/875 1137/876/876
f 1119/880/880 1137/876/876 1097/879/879
f 1097/879/879 1137/876/876 1087/878/878
f 1087/878/878 1137/876/876 1109/877/877
usemtl 191,191,191
f 1109/889/889 1105/890/890 1087/888/888
f 1087/888/888 1105/890/890 1083/891/891
usemtl 246,164,49
f 1083/892/892 1105/893/893 1093/921/921
f 1093/921/921 1105/893/893 1133/894/894
f 1093/921/921 1133/894/894 1121/920/920
f 1121/920/920 1133/894/894 1165/895/895
f 1121/920/920 1165/895/895 1155/919/919
f 1155/919/919 1165/895/895 1193/896/896
f 1155/919/919 1193/896/896 1183/918/918
f 1183/918/918 1193/896/896 1225/897/897
f 1183/918/918 1225/897/897 1209/917/917
f 1209/917/917 1225/897/897 1259/898/898
f 1209/917/917 1259/898/898 1245/916/916
f 1245/916/916 1259/898/898 1293/899/899
f 1245/916/916 1293/899/899 1273/915/915
f 1273/915/915 1293/899/899 1329/900/900
f 1273/915/915 1329/900/900 1303/914/914
f 1303/914/914 1329/900/900 1365/901/901
f 1303/914/914 1365/901/901 1333/913/913
f 1333/913/913 1365/901/901 1395/902/902
f 1333/913/913 1395/902/902 1355/912/912
f 1355/912/912 1395/902/902 1415/903/903
f 1355/912/912 1415/903/903 1369/911/911
f 1369/911/911 1415/903/903 1431/904/904
f 1369/911/911 1431/904/904 1373/910/910
f 1373/910/910 1431/904/904 1435/905/905
f 1373/910/910 1435/905/905 1363/909/909
f 1363/909/909 1435/905/905 1427/906/906
f 1363/909/909 1427/906/906 1351/908/908
f 1351/908/908 1427/906/906 1413/907/907
f 1091/922/922 1089/923/923 1151/956/956
f 1151/956/956 1089/923/923 1159/924/924
f 1151/956/956 1159/924/924 1161/925/925
f 1151/956/956 1161/925/925 1389/955/955
f 1389/955/955 1161/925/925 1413/926/926
f 1389/955/955 1413/926/926 1403/954/954
f 1403/954/954 1413/926/926 1427/927/927
f 1403/954/954 1427/927/927 1405/953/953
f 1405/953/953 1427/927/927 1435/928/928
f 1405/953/953 1435/928/928 1431/929/929
f 1405/953/953 1431/929/929 1399/952/952
f 1399/952/952 1431/929/929 1415/930/930
f 1399/952/952 1415/930/930 1387/951/951
f 1387/951/951 1415/930/930 1395/931/931
f 1387/951/951 1395/931/931 1361/950/950
f 1361/950/950 1395/931/931 1365/932/932
f 1361/950/950 1365/932/932 1345/949/949
f 1345/949/949 1365/932/932 1329/933/933
f 1345/949/949 1329/933/933 1309/948/948
f 1309/948/948 1329/933/933 1293/934/934
f 1309/948/948 1293/934/934 1275/947/947
f 1275/947/947 1293/934/934 1259/935/935
f 1275/947/947 1259/935/935 1247/946/946
f 1247/946/946 1259/935/935 1225/936/936
f 1247/946/946 1225/936/936 1213/945/945
f 1213/945/945 1225/936/936 1193/937/937
f 1213/945/945 1193/937/937 1191/944/944
f 1191/944/944 1193/937/937 1165/938/938
f 1191/944/944 1165/938/938 1163/943/943
f 1163/943/943 1165/938/938 1137/942/942
f 1137/942/942 1165/938/938 1133/939/939
f 1137/942/942 1133/939/939 1109/941/941
f 1109/941/941 1133/939/939 1105/940/940
f 452/957/957 456/958/958 460/961/961
f 460/961/961 456/958/958 458/959/959
f 460/961/961 458/959/959 462/960/960
f 1091/963/963 1207/964/964 1089/962/962
f 1089/962/962 1207/964/964 1235/996/996
f 1235/996/996 1207/964/964 1237/995/995
f 1237/995/995 1207/964/964 1653/965/965
f 1237/995/995 1653/965/965 1683/994/994
f 1683/994/994 1653/965/965 1673/966/966
f 1683/994/994 1673/966/966 1699/993/993
f 1699/993/993 1673/966/966 1675/967/967
f 1699/993/993 1675/967/967 1709/992/992
f 1709/992/992 1675/967/967 1703/991/991
f 1703/991/991 1675/967/967 1671/968/968
f 1703/991/991 1671/968/968 1691/990/990
f 1691/990/990 1671/968/968 1651/969/969
f 1691/990/990 1651/969/969 1667/989/989
f 1667/989/989 1651/969/969 1637/970/970
f 1667/989/989 1637/970/970 1641/988/988
f 1641/988/988 1637/970/970 1629/971/971
f 1641/988/988 1629/971/971 1623/987/987
f 1623/987/987 1629/971/971 1603/972/972
f 1623/987/987 1603/972/972 1551/986/986
f 1551/986/986 1603/972/972 1529/973/973
f 1551/986/986 1529/973/973 1477/985/985
f 1477/985/985 1529/973/973 1467/974/974
f 1477/985/985 1467/974/974 1409/984/984
f 1409/984/984 1467/974/974 1391/975/975
f 1409/984/984 1391/975/975 1321/983/983
f 1321/983/983 1391/975/975 1305/976/976
f 1321/983/983 1305/976/976 1241/982/982
f 1241/982/982 1305/976/976 1239/977/977
f 1241/982/982 1239/977/977 1189/978/978
f 1241/982/982 1189/978/978 1181/981/981
f 1181/981/981 1189/978/978 1143/979/979
f 1181/981/981 1143/979/979 1131/980/980
f 1237/1001/1001 1683/997/997 1257/1000/1000
f 1257/1000/1000 1683/997/997 1711/998/998
f 1257/1000/1000 1711/998/998 1281/999/999
f 1249/1003/1003 1687/1004/1004 1207/1002/1002
f 1207/1002/1002 1687/1004/1004 1653/1005/1005
f 1653/1006/1006 1687/1007/1007 1673/1015/1015
f 1673/1015/1015 1687/1007/1007 1701/1008/1008
f 1673/1015/1015 1701/1008/1008 1675/1014/1014
f 1675/1014/1014 1701/1008/1008 1707/1009/1009
f 1675/1014/1014 1707/1009/1009 1671/1013/1013
f 1671/1013/1013 1707/1009/1009 1697/1010/1010
f 1671/1013/1013 1697/1010/1010 1651/1012/1012
f 1651/1012/1012 1697/1010/1010 1681/1011/1011
f 1651/1016/1016 1681/1017/1017 1637/1037/1037
f 1637/1037/1037 1681/1017/1017 1663/1018/1018
f 1637/1037/1037 1663/1018/1018 1643/1019/1019
f 1637/1037/1037 1643/1019/1019 1629/1036/1036
f 1629/1036/1036 1643/1019/1019 1625/1020/1020
f 1629/1036/1036 1625/1020/1020 1603/1035/1035
f 1603/1035/1035 1625/1020/1020 1581/1021/1021
f 1603/1035/1035 1581/1021/1021 1529/1034/1034
f 1529/1034/1034 1581/1021/1021 1499/1022/1022
f 1529/1034/1034 1499/1022/1022 1467/1033/1033
f 1467/1033/1033 1499/1022/1022 1447/1023/1023
f 1467/1033/1033 1447/1023/1023 1391/1032/1032
f 1391/1032/1032 1447/1023/1023 1357/1024/1024
f 1391/1032/1032 1357/1024/1024 1305/1031/1031
f 1305/1031/1031 1357/1024/1024 1283/1025/1025
f 1305/1031/1031 1283/1025/1025 1239/1030/1030
f 1239/1030/1030 1283/1025/1025 1223/1026/1026
f 1239/1030/1030 1223/1026/1026 1189/1029/1029
f 1189/1029/1029 1223/1026/1026 1143/1028/1028
f 1143/1028/1028 1223/1026/1026 1177/1027/1027
usemtl 191,191,191
f 1177/1039/1039 1171/1040/1040 1143/1038/1038
f 1143/1038/1038 1171/1040/1040 1131/1041/1041
usemtl 246,164,49
f 1131/1042/1042 1171/1043/1043 1181/1071/1071
f 1181/1071/1071 1171/1043/1043 1215/1044/1044
f 1181/1071/1071 1215/1044/1044 1241/1070/1070
f 1241/1070/1070 1215/1044/1044 1287/1045/1045
f 1241/1070/1070 1287/1045/1045 1321/1069/1069
f 1321/1069/1069 1287/1045/1045 1371/1046/1046
f 1321/1069/1069 1371/1046/1046 1409/1068/1068
f 1409/1068/1068 1371/1046/1046 1465/1047/1047
f 1409/1068/1068 1465/1047/1047 1477/1067/1067
f 1477/1067/1067 1465/1047/1047 1531/1048/1048
f 1477/1067/1067 1531/1048/1048 1551/1066/1066
f 1551/1066/1066 1531/1048/1048 1613/1049/1049
f 1551/1066/1066 1613/1049/1049 1623/1065/1065
f 1623/1065/1065 1613/1049/1049 1635/1050/1050
f 1623/1065/1065 1635/1050/1050 1641/1064/1064
f 1641/1064/1064 1635/1050/1050 1665/1051/1051
f 1641/1064/1064 1665/1051/1051 1667/1063/1063
f 1667/1063/1063 1665/1051/1051 1695/1052/1052
f 1667/1063/1063 1695/1052/1052 1691/1062/1062
f 1691/1062/1062 1695/1052/1052 1713/1053/1053
f 1691/1062/1062 1713/1053/1053 1703/1061/1061
f 1703/1061/1061 1713/1053/1053 1721/1054/1054
f 1703/1061/1061 1721/1054/1054 1709/1060/1060
f 1709/1060/1060 1721/1054/1054 1725/1055/1055
f 1709/1060/1060 1725/1055/1055 1699/1059/1059
f 1699/1059/1059 1725/1055/1055 1719/1056/1056
f 1699/1059/1059 1719/1056/1056 1683/1058/1058
f 1683/1058/1058 1719/1056/1056 1711/1057/1057
f 1113/1072/1072 1111/1073/1073 1249/1106/1106
f 1249/1106/1106 1111/1073/1073 1279/1074/1074
f 1249/1106/1106 1279/1074/1074 1281/1075/1075
f 1249/1106/1106 1281/1075/1075 1687/1105/1105
f 1687/1105/1105 1281/1075/1075 1711/1076/1076
f 1687/1105/1105 1711/1076/1076 1701/1104/1104
f 1701/1104/1104 1711/1076/1076 1719/1077/1077
f 1701/1104/1104 1719/1077/1077 1707/1103/1103
f 1707/1103/1103 1719/1077/1077 1725/1078/1078
f 1707/1103/1103 1725/1078/1078 1721/1079/1079
f 1707/1103/1103 1721/1079/1079 1697/1102/1102
f 1697/1102/1102 1721/1079/1079 1713/1080/1080
f 1697/1102/1102 1713/1080/1080 1681/1101/1101
f 1681/1101/1101 1713/1080/1080 1695/1081/1081
f 1681/1101/1101 1695/1081/1081 1663/1100/1100
f 1663/1100/1100 1695/1081/1081 1665/1082/1082
f 1663/1100/1100 1665/1082/1082 1643/1099/1099
f 1643/1099/1099 1665/1082/1082 1635/1083/1083
f 1643/1099/1099 1635/1083/1083 1625/1098/1098
f 1625/1098/1098 1635/1083/1083 1613/1084/1084
f 1625/1098/1098 1613/1084/1084 1581/1097/1097
f 1581/1097/1097 1613/1084/1084 1531/1085/1085
f 1581/1097/1097 1531/1085/1085 1499/1096/1096
f 1499/1096/1096 1531/1085/1085 1465/1086/1086
f 1499/1096/1096 1465/1086/1086 1447/1095/1095
f 1447/1095/1095 1465/1086/1086 1371/1087/1087
f 1447/1095/1095 1371/1087/1087 1357/1094/1094
f 1357/1094/1094 1371/1087/1087 1287/1088/1088
f 1357/1094/1094 1287/1088/1088 1283/1093/1093
f 1283/1093/1093 1287/1088/1088 1223/1092/1092
f 1223/1092/1092 1287/1088/1088 1215/1089/1089
f 1223/1092/1092 1215/1089/1089 1177/1091/1091
f 1177/1091/1091 1215/1089/1089 1171/1090/1090
f 1113/1108/1108 1323/1109/1109 1111/1107/1107
f 1111/1107/1107 1323/1109/1109 1375/1141/1141
f 1375/1141/1141 1323/1109/1109 1377/1140/1140
f 1377/1140/1140 1323/1109/1109 1785/1110/1110
f 1377/1140/1140 1785/1110/1110 1811/1139/1139
f 1811/1139/1139 1785/1110/1110 1795/1111/1111
f 1811/1139/1139 1795/1111/1111 1823/1138/1138
f 1823/1138/1138 1795/1111/1111 1803/1112/1112
f 1823/1138/1138 1803/1112/1112 1833/1137/1137
f 1833/1137/1137 1803/1112/1112 1827/1136/1136
f 1827/1136/1136 1803/1112/1112 1793/1113/1113
f 1827/1136/1136 1793/1113/1113 1819/1135/1135
f 1819/1135/1135 1793/1113/1113 1783/1114/1114
f 1819/1135/1135 1783/1114/1114 1791/1134/1134
f 1791/1134/1134 1783/1114/1114 1765/1115/1115
f 1791/1134/1134 1765/1115/1115 1769/1133/1133
f 1769/1133/1133 1765/1115/1115 1753/1116/1116
f 1769/1133/1133 1753/1116/1116 1749/1132/1132
f 1749/1132/1132 1753/1116/1116 1733/1117/1117
f 1749/1132/1132 1733/1117/1117 1717/1131/1131
f 1717/1131/1131 1733/1117/1117 1693/1118/1118
f 1717/1131/1131 1693/1118/1118 1655/1130/1130
f 1655/1130/1130 1693/1118/1118 1639/1119/1119
f 1655/1130/1130 1639/1119/1119 1615/1129/1129
f 1615/1129/1129 1639/1119/1119 1599/1120/1120
f 1615/1129/1129 1599/1120/1120 1489/1128/1128
f 1489/1128/1128 1599/1120/1120 1475/1121/1121
f 1489/1128/1128 1475/1121/1121 1381/1127/1127
f 1381/1127/1127 1475/1121/1121 1379/1122/1122
f 1381/1127/1127 1379/1122/1122 1271/1123/1123
f 1381/1127/1127 1271/1123/1123 1265/1126/1126
f 1265/1126/1126 1271/1123/1123 1201/1124/1124
f 1265/1126/1126 1201/1124/1124 1187/1125/1125
f 1377/1146/1146 1811/1142/1142 1397/1145/1145
f 1397/1145/1145 1811/1142/1142 1831/1143/1143
f 1397/1145/1145 1831/1143/1143 1421/1144/1144
f 1359/1148/1148 1801/1149/1149 1323/1147/1147
f 1323/1147/1147 1801/1149/1149 1785/1150/1150
f 1785/1151/1151 1801/1152/1152 1795/1160/1160
f 1795/1160/1160 1801/1152/1152 1817/1153/1153
f 1795/1160/1160 1817/1153/1153 1803/1159/1159
f 1803/1159/1159 1817/1153/1153 1821/1154/1154
f 1803/1159/1159 1821/1154/1154 1793/1158/1158
f 1793/1158/1158 1821/1154/1154 1815/1155/1155
f 1793/1158/1158 1815/1155/1155 1783/1157/1157
f 1783/1157/1157 1815/1155/1155 1799/1156/1156
f 1783/1161/1161 1799/1162/1162 1765/1182/1182
f 1765/1182/1182 1799/1162/1162 1779/1163/1163
f 1765/1182/1182 1779/1163/1163 1761/1164/1164
f 1765/1182/1182 1761/1164/1164 1753/1181/1181
f 1753/1181/1181 1761/1164/1164 1745/1165/1165
f 1753/1181/1181 1745/1165/1165 1733/1180/1180
f 1733/1180/1180 1745/1165/1165 1715/1166/1166
f 1733/1180/1180 1715/1166/1166 1693/1179/1179
f 1693/1179/1179 1715/1166/1166 1657/1167/1167
f 1693/1179/1179 1657/1167/1167 1639/1178/1178
f 1639/1178/1178 1657/1167/1167 1619/1168/1168
f 1639/1178/1178 1619/1168/1168 1599/1177/1177
f 1599/1177/1177 1619/1168/1168 1525/1169/1169
f 1599/1177/1177 1525/1169/1169 1475/1176/1176
f 1475/1176/1176 1525/1169/1169 1423/1170/1170
f 1475/1176/1176 1423/1170/1170 1379/1175/1175
f 1379/1175/1175 1423/1170/1170 1317/1171/1171
f 1379/1175/1175 1317/1171/1171 1271/1174/1174
f 1271/1174/1174 1317/1171/1171 1201/1173/1173
f 1201/1173/1173 1317/1171/1171 1229/1172/1172
usemtl 191,191,191
f 1229/1184/1184 1211/1185/1185 1201/1183/1183
f 1201/1183/1183 1211/1185/1185 1187/1186/1186
usemtl 246,164,49
f 1187/1187/1187 1211/1188/1188 1265/1216/1216
f 1265/1216/1216 1211/1188/1188 1297/1189/1189
f 1265/1216/1216 1297/1189/1189 1381/1215/1215
f 1381/1215/1215 1297/1189/1189 1425/1190/1190
f 1381/1215/1215 1425/1190/1190 1489/1214/1214
f 1489/1214/1214 1425/1190/1190 1533/1191/1191
f 1489/1214/1214 1533/1191/1191 1615/1213/1213
f 1615/1213/1213 1533/1191/1191 1631/1192/1192
f 1615/1213/1213 1631/1192/1192 1655/1212/1212
f 1655/1212/1212 1631/1192/1192 1679/1193/1193
f 1655/1212/1212 1679/1193/1193 1717/1211/1211
f 1717/1211/1211 1679/1193/1193 1731/1194/1194
f 1717/1211/1211 1731/1194/1194 1749/1210/1210
f 1749/1210/1210 1731/1194/1194 1755/1195/1195
f 1749/1210/1210 1755/1195/1195 1769/1209/1209
f 1769/1209/1209 1755/1195/1195 1781/1196/1196
f 1769/1209/1209 1781/1196/1196 1791/1208/1208
f 1791/1208/1208 1781/1196/1196 1809/1197/1197
f 1791/1208/1208 1809/1197/1197 1819/1207/1207
f 1819/1207/1207 1809/1197/1197 1835/1198/1198
f 1819/1207/1207 1835/1198/1198 1827/1206/1206
f 1827/1206/1206 1835/1198/1198 1847/1199/1199
f 1827/1206/1206 1847/1199/1199 1833/1205/1205
f 1833/1205/1205 1847/1199/1199 1849/1200/1200
f 1833/1205/1205 1849/1200/1200 1823/1204/1204
f 1823/1204/1204 1849/1200/1200 1845/1201/1201
f 1823/1204/1204 1845/1201/1201 1811/1203/1203
f 1811/1203/1203 1845/1201/1201 1831/1202/1202
f 1147/1217/1217 1145/1218/1218 1359/1251/1251
f 1359/1251/1251 1145/1218/1218 1419/1219/1219
f 1359/1251/1251 1419/1219/1219 1421/1220/1220
f 1359/1251/1251 1421/1220/1220 1801/1250/1250
f 1801/1250/1250 1421/1220/1220 1831/1221/1221
f 1801/1250/1250 1831/1221/1221 1817/1249/1249
f 1817/1249/1249 1831/1221/1221 1845/1222/1222
f 1817/1249/1249 1845/1222/1222 1821/1248/1248
f 1821/1248/1248 1845/1222/1222 1849/1223/1223
f 1821/1248/1248 1849/1223/1223 1847/1224/1224
f 1821/1248/1248 1847/1224/1224 1815/1247/1247
f 1815/1247/1247 1847/1224/1224 1835/1225/1225
f 1815/1247/1247 1835/1225/1225 1799/1246/1246
f 1799/1246/1246 1835/1225/1225 1809/1226/1226
f 1799/1246/1246 1809/1226/1226 1779/1245/1245
f 1779/1245/1245 1809/1226/1226 1781/1227/1227
f 1779/1245/1245 1781/1227/1227 1761/1244/1244
f 1761/1244/1244 1781/1227/1227 1755/1228/1228
f 1761/1244/1244 1755/1228/1228 1745/1243/1243
f 1745/1243/1243 1755/1228/1228 1731/1229/1229
f 1745/1243/1243 1731/1229/1229 1715/1242/1242
f 1715/1242/1242 1731/1229/1229 1679/1230/1230
f 1715/1242/1242 1679/1230/1230 1657/1241/1241
f 1657/1241/1241 1679/1230/1230 1631/1231/1231
f 1657/1241/1241 1631/1231/1231 1619/1240/1240
f 1619/1240/1240 1631/1231/1231 1533/1232/1232
f 1619/1240/1240 1533/1232/1232 1525/1239/1239
f 1525/1239/1239 1533/1232/1232 1425/1233/1233
f 1525/1239/1239 1425/1233/1233 1423/1238/1238
f 1423/1238/1238 1425/1233/1233 1317/1237/1237
f 1317/1237/1237 1425/1233/1233 1297/1234/1234
f 1317/1237/1237 1297/1234/1234 1229/1236/1236
f 1229/1236/1236 1297/1234/1234 1211/1235/1235
f 1147/1253/1253 1433/1254/1254 1145/1252/1252
f 1145/1252/1252 1433/1254/1254 1471/1286/1286
f 1471/1286/1286 1433/1254/1254 1473/1285/1285
f 1473/1285/1285 1433/1254/1254 1873/1255/1255
f 1473/1285/1285 1873/1255/1255 1905/1284/1284
f 1905/1284/1284 1873/1255/1255 1889/1256/1256
f 1905/1284/1284 1889/1256/1256 1921/1283/1283
f 1921/1283/1283 1889/1256/1256 1893/1257/1257
f 1921/1283/1283 1893/1257/1257 1925/1282/1282
f 1925/1282/1282 1893/1257/1257 1923/1281/1281
f 1923/1281/1281 1893/1257/1257 1887/1258/1258
f 1923/1281/1281 1887/1258/1258 1907/1280/1280
f 1907/1280/1280 1887/1258/1258 1871/1259/1259
f 1907/1280/1280 1871/1259/1259 1881/1279/1279
f 1881/1279/1279 1871/1259/1259 1859/1260/1260
f 1881/1279/1279 1859/1260/1260 1861/1278/1278
f 1861/1278/1278 1859/1260/1260 1839/1261/1261
f 1861/1278/1278 1839/1261/1261 1825/1277/1277
f 1825/1277/1277 1839/1261/1261 1797/1262/1262
f 1825/1277/1277 1797/1262/1262 1775/1276/1276
f 1775/1276/1276 1797/1262/1262 1759/1263/1263
f 1775/1276/1276 1759/1263/1263 1743/1275/1275
f 1743/1275/1275 1759/1263/1263 1729/1264/1264
f 1743/1275/1275 1729/1264/1264 1689/1274/1274
f 1689/1274/1274 1729/1264/1264 1669/1265/1265
f 1689/1274/1274 1669/1265/1265 1621/1273/1273
f 1621/1273/1273 1669/1265/1265 1617/1266/1266
f 1621/1273/1273 1617/1266/1266 1485/1272/1272
f 1485/1272/1272 1617/1266/1266 1483/1267/1267
f 1485/1272/1272 1483/1267/1267 1367/1268/1268
f 1485/1272/1272 1367/1268/1268 1353/1271/1271
f 1353/1271/1271 1367/1268/1268 1253/1269/1269
f 1353/1271/1271 1253/1269/1269 1233/1270/1270
f 1473/1291/1291 1905/1287/1287 1491/1290/1290
f 1491/1290/1290 1905/1287/1287 1913/1288/1288
f 1491/1290/1290 1913/1288/1288 1507/1289/1289
f 1463/1293/1293 1883/1294/1294 1433/1292/1292
f 1433/1292/1292 1883/1294/1294 1873/1295/1295
f 1873/1296/1296 1883/1297/1297 1889/1305/1305
f 1889/1305/1305 1883/1297/1297 1899/1298/1298
f 1889/1305/1305 1899/1298/1298 1893/1304/1304
f 1893/1304/1304 1899/1298/1298 1903/1299/1299
f 1893/1304/1304 1903/1299/1299 1887/1303/1303
f 1887/1303/1303 1903/1299/1299 1897/1300/1300
f 1887/1303/1303 1897/1300/1300 1871/1302/1302
f 1871/1302/1302 1897/1300/1300 1879/1301/1301
f 1871/1306/1306 1879/1307/1307 1859/1327/1327
f 1859/1327/1327 1879/1307/1307 1865/1308/1308
f 1859/1327/1327 1865/1308/1308 1851/1309/1309
f 1859/1327/1327 1851/1309/1309 1839/1326/1326
f 1839/1326/1326 1851/1309/1309 1807/1310/1310
f 1839/1326/1326 1807/1310/1310 1797/1325/1325
f 1797/1325/1325 1807/1310/1310 1767/1311/1311
f 1797/1325/1325 1767/1311/1311 1759/1324/1324
f 1759/1324/1324 1767/1311/1311 1741/1312/1312
f 1759/1324/1324 1741/1312/1312 1729/1323/1323
f 1729/1323/1323 1741/1312/1312 1685/1313/1313
f 1729/1323/1323 1685/1313/1313 1669/1322/1322
f 1669/1322/1322 1685/1313/1313 1627/1314/1314
f 1669/1322/1322 1627/1314/1314 1617/1321/1321
f 1617/1321/1321 1627/1314/1314 1515/1315/1315
f 1617/1321/1321 1515/1315/1315 1483/1320/1320
f 1483/1320/1320 1515/1315/1315 1401/1316/1316
f 1483/1320/1320 1401/1316/1316 1367/1319/1319
f 1367/1319/1319 1401/1316/1316 1253/1318/1318
f 1253/1318/1318 1401/1316/1316 1277/1317/1317
usemtl 191,191,191
f 1277/1329/1329 1255/1330/1330 1253/1328/1328
f 1253/1328/1328 1255/1330/1330 1233/1331/1331
usemtl 246,164,49
f 1233/1332/1332 1255/1333/1333 1353/1361/1361
f 1353/1361/1361 1255/1333/1333 1385/1334/1334
f 1353/1361/1361 1385/1334/1334 1485/1360/1360
f 1485/1360/1360 1385/1334/1334 1517/1335/1335
f 1485/1360/1360 1517/1335/1335 1621/1359/1359
f 1621/1359/1359 1517/1335/1335 1633/1336/1336
f 1621/1359/1359 1633/1336/1336 1689/1358/1358
f 1689/1358/1358 1633/1336/1336 1705/1337/1337
f 1689/1358/1358 1705/1337/1337 1743/1357/1357
f 1743/1357/1357 1705/1337/1337 1751/1338/1338
f 1743/1357/1357 1751/1338/1338 1775/1356/1356
f 1775/1356/1356 1751/1338/1338 1787/1339/1339
f 1775/1356/1356 1787/1339/1339 1825/1355/1355
f 1825/1355/1355 1787/1339/1339 1841/1340/1340
f 1825/1355/1355 1841/1340/1340 1861/1354/1354
f 1861/1354/1354 1841/1340/1340 1867/1341/1341
f 1861/1354/1354 1867/1341/1341 1881/1353/1353
f 1881/1353/1353 1867/1341/1341 1895/1342/1342
f 1881/1353/1353 1895/1342/1342 1907/1352/1352
f 1907/1352/1352 1895/1342/1342 1917/1343/1343
f 1907/1352/1352 1917/1343/1343 1923/1351/1351
f 1923/1351/1351 1917/1343/1343 1929/1344/1344
f 1923/1351/1351 1929/1344/1344 1925/1350/1350
f 1925/1350/1350 1929/1344/1344 1937/1345/1345
f 1925/1350/1350 1937/1345/1345 1921/1349/1349
f 1921/1349/1349 1937/1345/1345 1927/1346/1346
f 1921/1349/1349 1927/1346/1346 1905/1348/1348
f 1905/1348/1348 1927/1346/1346 1913/1347/1347
f 1169/1362/1362 1167/1363/1363 1463/1396/1396
f 1463/1396/1396 1167/1363/1363 1505/1364/1364
f 1463/1396/1396 1505/1364/1364 1507/1365/1365
f 1463/1396/1396 1507/1365/1365 1883/1395/1395
f 1883/1395/1395 1507/1365/1365 1913/1366/1366
f 1883/1395/1395 1913/1366/1366 1899/1394/1394
f 1899/1394/1394 1913/1366/1366 1927/1367/1367
f 1899/1394/1394 1927/1367/1367 1903/1393/1393
f 1903/1393/1393 1927/1367/1367 1937/1368/1368
f 1903/1393/1393 1937/1368/1368 1929/1369/1369
f 1903/1393/1393 1929/1369/1369 1897/1392/1392
f 1897/1392/1392 1929/1369/1369 1917/1370/1370
f 1897/1392/1392 1917/1370/1370 1879/1391/1391
f 1879/1391/1391 1917/1370/1370 1895/1371/1371
f 1879/1391/1391 1895/1371/1371 1865/1390/1390
f 1865/1390/1390 1895/1371/1371 1867/1372/1372
f 1865/1390/1390 1867/1372/1372 1851/1389/1389
f 1851/1389/1389 1867/1372/1372 1841/1373/1373
f 1851/1389/1389 1841/1373/1373 1807/1388/1388
f 1807/1388/1388 1841/1373/1373 1787/1374/1374
f 1807/1388/1388 1787/1374/1374 1767/1387/1387
f 1767/1387/1387 1787/1374/1374 1751/1375/1375
f 1767/1387/1387 1751/1375/1375 1741/1386/1386
f 1741/1386/1386 1751/1375/1375 1705/1376/1376
f 1741/1386/1386 1705/1376/1376 1685/1385/1385
f 1685/1385/1385 1705/1376/1376 1633/1377/1377
f 1685/1385/1385 1633/1377/1377 1627/1384/1384
f 1627/1384/1384 1633/1377/1377 1517/1378/1378
f 1627/1384/1384 1517/1378/1378 1515/1383/1383
f 1515/1383/1383 1517/1378/1378 1401/1382/1382
f 1401/1382/1382 1517/1378/1378 1385/1379/1379
f 1401/1382/1382 1385/1379/1379 1277/1381/1381
f 1277/1381/1381 1385/1379/1379 1255/1380/1380
f 1169/1398/1398 1481/1399/1399 1167/1397/1397
f 1167/1397/1397 1481/1399/1399 1537/1431/1431
f 1537/1431/1431 1481/1399/1399 1539/1430/1430
f 1539/1430/1430 1481/1399/1399 1939/1400/1400
f 1539/1430/1430 1939/1400/1400 1965/1429/1429
f 1965/1429/1429 1939/1400/1400 1949/1401/1401
f 1965/1429/1429 1949/1401/1401 1981/1428/1428
f 1981/1428/1428 1949/1401/1401 1955/1402/1402
f 1981/1428/1428 1955/1402/1402 1987/1427/1427
f 1987/1427/1427 1955/1402/1402 1983/1426/1426
f 1983/1426/1426 1955/1402/1402 1947/1403/1403
f 1983/1426/1426 1947/1403/1403 1969/1425/1425
f 1969/1425/1425 1947/1403/1403 1935/1404/1404
f 1969/1425/1425 1935/1404/1404 1945/1424/1424
f 1945/1424/1424 1935/1404/1404 1909/1405/1405
f 1945/1424/1424 1909/1405/1405 1911/1423/1423
f 1911/1423/1423 1909/1405/1405 1877/1406/1406
f 1911/1423/1423 1877/1406/1406 1869/1422/1422
f 1869/1422/1422 1877/1406/1406 1855/1407/1407
f 1869/1422/1422 1855/1407/1407 1837/1421/1421
f 1837/1421/1421 1855/1407/1407 1805/1408/1408
f 1837/1421/1421 1805/1408/1408 1773/1420/1420
f 1773/1420/1420 1805/1408/1408 1757/1409/1409
f 1773/1420/1420 1757/1409/1409 1735/1419/1419
f 1735/1419/1419 1757/1409/1409 1723/1410/1410
f 1735/1419/1419 1723/1410/1410 1649/1418/1418
f 1649/1418/1418 1723/1410/1410 1645/1411/1411
f 1649/1418/1418 1645/1411/1411 1553/1417/1417
f 1553/1417/1417 1645/1411/1411 1547/1412/1412
f 1553/1417/1417 1547/1412/1412 1437/1413/1413
f 1553/1417/1417 1437/1413/1413 1417/1416/1416
f 1417/1416/1416 1437/1413/1413 1295/1414/1414
f 1417/1416/1416 1295/1414/1414 1267/1415/1415
f 1539/1436/1436 1965/1432/1432 1549/1435/1435
f 1549/1435/1435 1965/1432/1432 1973/1433/1433
f 1549/1435/1435 1973/1433/1433 1567/1434/1434
f 1495/1438/1438 1943/1439/1439 1481/1437/1437
f 1481/1437/1437 1943/1439/1439 1939/1440/1440
f 1939/1441/1441 1943/1442/1442 1949/1450/1450
f 1949/1450/1450 1943/1442/1442 1957/1443/1443
f 1949/1450/1450 1957/1443/1443 1955/1449/1449
f 1955/1449/1449 1957/1443/1443 1963/1444/1444
f 1955/1449/1449 1963/1444/1444 1947/1448/1448
f 1947/1448/1448 1963/1444/1444 1953/1445/1445
f 1947/1448/1448 1953/1445/1445 1935/1447/1447
f 1935/1447/1447 1953/1445/1445 1941/1446/1446
f 1935/1451/1451 1941/1452/1452 1909/1472/1472
f 1909/1472/1472 1941/1452/1452 1915/1453/1453
f 1909/1472/1472 1915/1453/1453 1885/1454/1454
f 1909/1472/1472 1885/1454/1454 1877/1471/1471
f 1877/1471/1471 1885/1454/1454 1857/1455/1455
f 1877/1471/1471 1857/1455/1455 1855/1470/1470
f 1855/1470/1470 1857/1455/1455 1813/1456/1456
f 1855/1470/1470 1813/1456/1456 1805/1469/1469
f 1805/1469/1469 1813/1456/1456 1763/1457/1457
f 1805/1469/1469 1763/1457/1457 1757/1468/1468
f 1757/1468/1468 1763/1457/1457 1727/1458/1458
f 1757/1468/1468 1727/1458/1458 1723/1467/1467
f 1723/1467/1467 1727/1458/1458 1647/1459/1459
f 1723/1467/1467 1647/1459/1459 1645/1466/1466
f 1645/1466/1466 1647/1459/1459 1573/1460/1460
f 1645/1466/1466 1573/1460/1460 1547/1465/1465
f 1547/1465/1465 1573/1460/1460 1453/1461/1461
f 1547/1465/1465 1453/1461/1461 1437/1464/1464
f 1437/1464/1464 1453/1461/1461 1295/1463/1463
f 1295/1463/1463 1453/1461/1461 1307/1462/1462
usemtl 191,191,191
f 1307/1474/1474 1285/1475/1475 1295/1473/1473
f 1295/1473/1473 1285/1475/1475 1267/1476/1476
usemtl 246,164,49
f 1267/1477/1477 1285/1478/1478 1417/1506/1506
f 1417/1506/1506 1285/1478/1478 1439/1479/1479
f 1417/1506/1506 1439/1479/1479 1553/1505/1505
f 1553/1505/1505 1439/1479/1479 1579/1480/1480
f 1553/1505/1505 1579/1480/1480 1649/1504/1504
f 1649/1504/1504 1579/1480/1480 1659/1481/1481
f 1649/1504/1504 1659/1481/1481 1735/1503/1503
f 1735/1503/1503 1659/1481/1481 1739/1482/1482
f 1735/1503/1503 1739/1482/1482 1773/1502/1502
f 1773/1502/1502 1739/1482/1482 1777/1483/1483
f 1773/1502/1502 1777/1483/1483 1837/1501/1501
f 1837/1501/1501 1777/1483/1483 1843/1484/1484
f 1837/1501/1501 1843/1484/1484 1869/1500/1500
f 1869/1500/1500 1843/1484/1484 1875/1485/1485
f 1869/1500/1500 1875/1485/1485 1911/1499/1499
f 1911/1499/1499 1875/1485/1485 1919/1486/1486
f 1911/1499/1499 1919/1486/1486 1945/1498/1498
f 1945/1498/1498 1919/1486/1486 1951/1487/1487
f 1945/1498/1498 1951/1487/1487 1969/1497/1497
f 1969/1497/1497 1951/1487/1487 1977/1488/1488
f 1969/1497/1497 1977/1488/1488 1983/1496/1496
f 1983/1496/1496 1977/1488/1488 1989/1489/1489
f 1983/1496/1496 1989/1489/1489 1987/1495/1495
f 1987/1495/1495 1989/1489/1489 1995/1490/1490
f 1987/1495/1495 1995/1490/1490 1981/1494/1494
f 1981/1494/1494 1995/1490/1490 1985/1491/1491
f 1981/1494/1494 1985/1491/1491 1965/1493/1493
f 1965/1493/1493 1985/1491/1491 1973/1492/1492
f 1175/1507/1507 1173/1508/1508 1495/1541/1541
f 1495/1541/1541 1173/1508/1508 1565/1509/1509
f 1495/1541/1541 1565/1509/1509 1567/1510/1510
f 1495/1541/1541 1567/1510/1510 1943/1540/1540
f 1943/1540/1540 1567/1510/1510 1973/1511/1511
f 1943/1540/1540 1973/1511/1511 1957/1539/1539
f 1957/1539/1539 1973/1511/1511 1985/1512/1512
f 1957/1539/1539 1985/1512/1512 1963/1538/1538
f 1963/1538/1538 1985/1512/1512 1995/1513/1513
f 1963/1538/1538 1995/1513/1513 1989/1514/1514
f 1963/1538/1538 1989/1514/1514 1953/1537/1537
f 1953/1537/1537 1989/1514/1514 1977/1515/1515
f 1953/1537/1537 1977/1515/1515 1941/1536/1536
f 1941/1536/1536 1977/1515/1515 1951/1516/1516
f 1941/1536/1536 1951/1516/1516 1915/1535/1535
f 1915/1535/1535 1951/1516/1516 1919/1517/1517
f 1915/1535/1535 1919/1517/1517 1885/1534/1534
f 1885/1534/1534 1919/1517/1517 1875/1518/1518
f 1885/1534/1534 1875/1518/1518 1857/1533/1533
f 1857/1533/1533 1875/1518/1518 1843/1519/1519
f 1857/1533/1533 1843/1519/1519 1813/1532/1532
f 1813/1532/1532 1843/1519/1519 1777/1520/1520
f 1813/1532/1532 1777/1520/1520 1763/1531/1531
f 1763/1531/1531 1777/1520/1520 1739/1521/1521
f 1763/1531/1531 1739/1521/1521 1727/1530/1530
f 1727/1530/1530 1739/1521/1521 1659/1522/1522
f 1727/1530/1530 1659/1522/1522 1647/1529/1529
f 1647/1529/1529 1659/1522/1522 1579/1523/1523
f 1647/1529/1529 1579/1523/1523 1573/1528/1528
f 1573/1528/1528 1579/1523/1523 1453/1527/1527
f 1453/1527/1527 1579/1523/1523 1439/1524/1524
f 1453/1527/1527 1439/1524/1524 1307/1526/1526
f 1307/1526/1526 1439/1524/1524 1285/1525/1525
f 1175/1543/1543 1513/1544/1544 1173/1542/1542
f 1173/1542/1542 1513/1544/1544 1585/1576/1576
f 1585/1576/1576 1513/1544/1544 1594/1575/1575
f 1594/1575/1575 1513/1544/1544 1961/1545/1545
f 1594/1575/1575 1961/1545/1545 1991/1574/1574
f 1991/1574/1574 1961/1545/1545 1975/1546/1546
f 1991/1574/1574 1975/1546/1546 1997/1573/1573
f 1997/1573/1573 1975/1546/1546 1979/1547/1547
f 1997/1573/1573 1979/1547/1547 2001/1572/1572
f 2001/1572/1572 1979/1547/1547 1999/1571/1571
f 1999/1571/1571 1979/1547/1547 1971/1548/1548
f 1999/1571/1571 1971/1548/1548 1993/1570/1570
f 1993/1570/1570 1971/1548/1548 1959/1549/1549
f 1993/1570/1570 1959/1549/1549 1967/1569/1569
f 1967/1569/1569 1959/1549/1549 1931/1550/1550
f 1967/1569/1569 1931/1550/1550 1933/1568/1568
f 1933/1568/1568 1931/1550/1550 1901/1551/1551
f 1933/1568/1568 1901/1551/1551 1891/1567/1567
f 1891/1567/1567 1901/1551/1551 1863/1552/1552
f 1891/1567/1567 1863/1552/1552 1853/1566/1566
f 1853/1566/1566 1863/1552/1552 1829/1553/1553
f 1853/1566/1566 1829/1553/1553 1789/1565/1565
f 1789/1565/1565 1829/1553/1553 1771/1554/1554
f 1789/1565/1565 1771/1554/1554 1747/1564/1564
f 1747/1564/1564 1771/1554/1554 1737/1555/1555
f 1747/1564/1564 1737/1555/1555 1677/1563/1563
f 1677/1563/1563 1737/1555/1555 1661/1556/1556
f 1677/1563/1563 1661/1556/1556 1605/1562/1562
f 1605/1562/1562 1661/1556/1556 1601/1557/1557
f 1605/1562/1562 1601/1557/1557 1461/1558/1558
f 1605/1562/1562 1461/1558/1558 1449/1561/1561
f 1449/1561/1561 1461/1558/1558 1319/1559/1559
f 1449/1561/1561 1319/1559/1559 1291/1560/1560
f 1594/1581/1581 1991/1577/1577 1595/1580/1580
f 1595/1580/1580 1991/1577/1577 1992/1578/1578
f 1595/1580/1580 1992/1578/1578 1596/1579/1579
f 1514/1583/1583 1962/1584/1584 1513/1582/1582
f 1513/1582/1582 1962/1584/1584 1961/1585/1585
f 1961/1586/1586 1962/1587/1587 1975/1595/1595
f 1975/1595/1595 1962/1587/1587 1976/1588/1588
f 1975/1595/1595 1976/1588/1588 1979/1594/1594
f 1979/1594/1594 1976/1588/1588 1980/1589/1589
f 1979/1594/1594 1980/1589/1589 1971/1593/1593
f 1971/1593/1593 1980/1589/1589 1972/1590/1590
f 1971/1593/1593 1972/1590/1590 1959/1592/1592
f 1959/1592/1592 1972/1590/1590 1960/1591/1591
f 1959/1596/1596 1960/1597/1597 1931/1617/1617
f 1931/1617/1617 1960/1597/1597 1932/1598/1598
f 1931/1617/1617 1932/1598/1598 1902/1599/1599
f 1931/1617/1617 1902/1599/1599 1901/1616/1616
f 1901/1616/1616 1902/1599/1599 1864/1600/1600
f 1901/1616/1616 1864/1600/1600 1863/1615/1615
f 1863/1615/1615 1864/1600/1600 1830/1601/1601
f 1863/1615/1615 1830/1601/1601 1829/1614/1614
f 1829/1614/1614 1830/1601/1601 1772/1602/1602
f 1829/1614/1614 1772/1602/1602 1771/1613/1613
f 1771/1613/1613 1772/1602/1602 1738/1603/1603
f 1771/1613/1613 1738/1603/1603 1737/1612/1612
f 1737/1612/1612 1738/1603/1603 1662/1604/1604
f 1737/1612/1612 1662/1604/1604 1661/1611/1611
f 1661/1611/1611 1662/1604/1604 1602/1605/1605
f 1661/1611/1611 1602/1605/1605 1601/1610/1610
f 1601/1610/1610 1602/1605/1605 1462/1606/1606
f 1601/1610/1610 1462/1606/1606 1461/1609/1609
f 1461/1609/1609 1462/1606/1606 1319/1608/1608
f 1319/1608/1608 1462/1606/1606 1320/1607/1607
usemtl 191,191,191
f 1320/1619/1619 1292/1620/1620 1319/1618/1618
f 1319/1618/1618 1292/1620/1620 1291/1621/1621
usemtl 246,164,49
f 1291/1622/1622 1292/1623/1623 1449/1651/1651
f 1449/1651/1651 1292/1623/1623 1450/1624/1624
f 1449/1651/1651 1450/1624/1624 1605/1650/1650
f 1605/1650/1650 1450/1624/1624 1606/1625/1625
f 1605/1650/1650 1606/1625/1625 1677/1649/1649
f 1677/1649/1649 1606/1625/1625 1678/1626/1626
f 1677/1649/1649 1678/1626/1626 1747/1648/1648
f 1747/1648/1648 1678/1626/1626 1748/1627/1627
f 1747/1648/1648 1748/1627/1627 1789/1647/1647
f 1789/1647/1647 1748/1627/1627 1790/1628/1628
f 1789/1647/1647 1790/1628/1628 1853/1646/1646
f 1853/1646/1646 1790/1628/1628 1854/1629/1629
f 1853/1646/1646 1854/1629/1629 1891/1645/1645
f 1891/1645/1645 1854/1629/1629 1892/1630/1630
f 1891/1645/1645 1892/1630/1630 1933/1644/1644
f 1933/1644/1644 1892/1630/1630 1934/1631/1631
f 1933/1644/1644 1934/1631/1631 1967/1643/1643
f 1967/1643/1643 1934/1631/1631 1968/1632/1632
f 1967/1643/1643 1968/1632/1632 1993/1642/1642
f 1993/1642/1642 1968/1632/1632 1994/1633/1633
f 1993/1642/1642 1994/1633/1633 1999/1641/1641
f 1999/1641/1641 1994/1633/1633 2000/1634/1634
f 1999/1641/1641 2000/1634/1634 2001/1640/1640
f 2001/1640/1640 2000/1634/1634 2002/1635/1635
f 2001/1640/1640 2002/1635/1635 1997/1639/1639
f 1997/1639/1639 2002/1635/1635 1998/1636/1636
f 1997/1639/1639 1998/1636/1636 1991/1638/1638
f 1991/1638/1638 1998/1636/1636 1992/1637/1637
f 1176/1652/1652 1174/1653/1653 1514/1686/1686
f 1514/1686/1686 1174/1653/1653 1586/1654/1654
f 1514/1686/1686 1586/1654/1654 1596/1655/1655
f 1514/1686/1686 1596/1655/1655 1962/1685/1685
f 1962/1685/1685 1596/1655/1655 1992/1656/1656
f 1962/1685/1685 1992/1656/1656 1976/1684/1684
f 1976/1684/1684 1992/1656/1656 1998/1657/1657
f 1976/1684/1684 1998/1657/1657 1980/1683/1683
f 1980/1683/1683 1998/1657/1657 2002/1658/1658
f 1980/1683/1683 2002/1658/1658 2000/1659/1659
f 1980/1683/1683 2000/1659/1659 1972/1682/1682
f 1972/1682/1682 2000/1659/1659 1994/1660/1660
f 1972/1682/1682 1994/1660/1660 1960/1681/1681
f 1960/1681/1681 1994/1660/1660 1968/1661/1661
f 1960/1681/1681 1968/1661/1661 1932/1680/1680
f 1932/1680/1680 1968/1661/1661 1934/1662/1662
f 1932/1680/1680 1934/1662/1662 1902/1679/1679
f 1902/1679/1679 1934/1662/1662 1892/1663/1663
f 1902/1679/1679 1892/1663/1663 1864/1678/1678
f 1864/1678/1678 1892/1663/1663 1854/1664/1664
f 1864/1678/1678 1854/1664/1664 1830/1677/1677
f 1830/1677/1677 1854/1664/1664 1790/1665/1665
f 1830/1677/1677 1790/1665/1665 1772/1676/1676
f 1772/1676/1676 1790/1665/1665 1748/1666/1666
f 1772/1676/1676 1748/1666/1666 1738/1675/1675
f 1738/1675/1675 1748/1666/1666 1678/1667/1667
f 1738/1675/1675 1678/1667/1667 1662/1674/1674
f 1662/1674/1674 1678/1667/1667 1606/1668/1668
f 1662/1674/1674 1606/1668/1668 1602/1673/1673
f 1602/1673/1673 1606/1668/1668 1462/1672/1672
f 1462/1672/1672 1606/1668/1668 1450/1669/1669
f 1462/1672/1672 1450/1669/1669 1320/1671/1671
f 1320/1671/1671 1450/1669/1669 1292/1670/1670
f 1176/1688/1688 1496/1689/1689 1174/1687/1687
f 1174/1687/1687 1496/1689/1689 1566/1721/1721
f 1566/1721/1721 1496/1689/1689 1568/1720/1720
f 1568/1720/1720 1496/1689/1689 1944/1690/1690
f 1568/1720/1720 1944/1690/1690 1974/1719/1719
f 1974/1719/1719 1944/1690/1690 1958/1691/1691
f 1974/1719/1719 1958/1691/1691 1986/1718/1718
f 1986/1718/1718 1958/1691/1691 1964/1692/1692
f 1986/1718/1718 1964/1692/1692 1996/1717/1717
f 1996/1717/1717 1964/1692/1692 1990/1716/1716
f 1990/1716/1716 1964/1692/1692 1954/1693/1693
f 1990/1716/1716 1954/1693/1693 1978/1715/1715
f 1978/1715/1715 1954/1693/1693 1942/1694/1694
f 1978/1715/1715 1942/1694/1694 1952/1714/1714
f 1952/1714/1714 1942/1694/1694 1916/1695/1695
f 1952/1714/1714 1916/1695/1695 1920/1713/1713
f 1920/1713/1713 1916/1695/1695 1886/1696/1696
f 1920/1713/1713 1886/1696/1696 1876/1712/1712
f 1876/1712/1712 1886/1696/1696 1858/1697/1697
f 1876/1712/1712 1858/1697/1697 1844/1711/1711
f 1844/1711/1711 1858/1697/1697 1814/1698/1698
f 1844/1711/1711 1814/1698/1698 1778/1710/1710
f 1778/1710/1710 1814/1698/1698 1764/1699/1699
f 1778/1710/1710 1764/1699/1699 1740/1709/1709
f 1740/1709/1709 1764/1699/1699 1728/1700/1700
f 1740/1709/1709 1728/1700/1700 1660/1708/1708
f 1660/1708/1708 1728/1700/1700 1648/1701/1701
f 1660/1708/1708 1648/1701/1701 1580/1707/1707
f 1580/1707/1707 1648/1701/1701 1574/1702/1702
f 1580/1707/1707 1574/1702/1702 1454/1703/1703
f 1580/1707/1707 1454/1703/1703 1440/1706/1706
f 1440/1706/1706 1454/1703/1703 1308/1704/1704
f 1440/1706/1706 1308/1704/1704 1286/1705/1705
f 1568/1726/1726 1974/1722/1722 1550/1725/1725
f 1550/1725/1725 1974/1722/1722 1966/1723/1723
f 1550/1725/1725 1966/1723/1723 1540/1724/1724
f 1482/1728/1728 1940/1729/1729 1496/1727/1727
f 1496/1727/1727 1940/1729/1729 1944/1730/1730
f 1944/1731/1731 1940/1732/1732 1958/1740/1740
f 1958/1740/1740 1940/1732/1732 1950/1733/1733
f 1958/1740/1740 1950/1733/1733 1964/1739/1739
f 1964/1739/1739 1950/1733/1733 1956/1734/1734
f 1964/1739/1739 1956/1734/1734 1954/1738/1738
f 1954/1738/1738 1956/1734/1734 1948/1735/1735
f 1954/1738/1738 1948/1735/1735 1942/1737/1737
f 1942/1737/1737 1948/1735/1735 1936/1736/1736
f 1942/1741/1741 1936/1742/1742 1916/1762/1762
f 1916/1762/1762 1936/1742/1742 1910/1743/1743
f 1916/1762/1762 1910/1743/1743 1878/1744/1744
f 1916/1762/1762 1878/1744/1744 1886/1761/1761
f 1886/1761/1761 1878/1744/1744 1856/1745/1745
f 1886/1761/1761 1856/1745/1745 1858/1760/1760
f 1858/1760/1760 1856/1745/1745 1806/1746/1746
f 1858/1760/1760 1806/1746/1746 1814/1759/1759
f 1814/1759/1759 1806/1746/1746 1758/1747/1747
f 1814/1759/1759 1758/1747/1747 1764/1758/1758
f 1764/1758/1758 1758/1747/1747 1724/1748/1748
f 1764/1758/1758 1724/1748/1748 1728/1757/1757
f 1728/1757/1757 1724/1748/1748 1646/1749/1749
f 1728/1757/1757 1646/1749/1749 1648/1756/1756
f 1648/1756/1756 1646/1749/1749 1548/1750/1750
f 1648/1756/1756 1548/1750/1750 1574/1755/1755
f 1574/1755/1755 1548/1750/1750 1438/1751/1751
f 1574/1755/1755 1438/1751/1751 1454/1754/1754
f 1454/1754/1754 1438/1751/1751 1308/1753/1753
f 1308/1753/1753 1438/1751/1751 1296/1752/1752
usemtl 191,191,191
f 1296/1764/1764 1268/1765/1765 1308/1763/1763
f 1308/1763/1763 1268/1765/1765 1286/1766/1766
usemtl 246,164,49
f 1286/1767/1767 1268/1768/1768 1440/1796/1796
f 1440/1796/1796 1268/1768/1768 1418/1769/1769
f 1440/1796/1796 1418/1769/1769 1580/1795/1795
f 1580/1795/1795 1418/1769/1769 1554/1770/1770
f 1580/1795/1795 1554/1770/1770 1660/1794/1794
f 1660/1794/1794 1554/1770/1770 1650/1771/1771
f 1660/1794/1794 1650/1771/1771 1740/1793/1793
f 1740/1793/1793 1650/1771/1771 1736/1772/1772
f 1740/1793/1793 1736/1772/1772 1778/1792/1792
f 1778/1792/1792 1736/1772/1772 1774/1773/1773
f 1778/1792/1792 1774/1773/1773 1844/1791/1791
f 1844/1791/1791 1774/1773/1773 1838/1774/1774
f 1844/1791/1791 1838/1774/1774 1876/1790/1790
f 1876/1790/1790 1838/1774/1774 1870/1775/1775
f 1876/1790/1790 1870/1775/1775 1920/1789/1789
f 1920/1789/1789 1870/1775/1775 1912/1776/1776
f 1920/1789/1789 1912/1776/1776 1952/1788/1788
f 1952/1788/1788 1912/1776/1776 1946/1777/1777
f 1952/1788/1788 1946/1777/1777 1978/1787/1787
f 1978/1787/1787 1946/1777/1777 1970/1778/1778
f 1978/1787/1787 1970/1778/1778 1990/1786/1786
f 1990/1786/1786 1970/1778/1778 1984/1779/1779
f 1990/1786/1786 1984/1779/1779 1996/1785/1785
f 1996/1785/1785 1984/1779/1779 1988/1780/1780
f 1996/1785/1785 1988/1780/1780 1986/1784/1784
f 1986/1784/1784 1988/1780/1780 1982/1781/1781
f 1986/1784/1784 1982/1781/1781 1974/1783/1783
f 1974/1783/1783 1982/1781/1781 1966/1782/1782
f 1170/1797/1797 1168/1798/1798 1482/1831/1831
f 1482/1831/1831 1168/1798/1798 1538/1799/1799
f 1482/1831/1831 1538/1799/1799 1540/1800/1800
f 1482/1831/1831 1540/1800/1800 1940/1830/1830
f 1940/1830/1830 1540/1800/1800 1966/1801/1801
f 1940/1830/1830 1966/1801/1801 1950/1829/1829
f 1950/1829/1829 1966/1801/1801 1982/1802/1802
f 1950/1829/1829 1982/1802/1802 1956/1828/1828
f 1956/1828/1828 1982/1802/1802 1988/1803/1803
f 1956/1828/1828 1988/1803/1803 1984/1804/1804
f 1956/1828/1828 1984/1804/1804 1948/1827/1827
f 1948/1827/1827 1984/1804/1804 1970/1805/1805
f 1948/1827/1827 1970/1805/1805 1936/1826/1826
f 1936/1826/1826 1970/1805/1805 1946/1806/1806
f 1936/1826/1826 1946/1806/1806 1910/1825/1825
f 1910/1825/1825 1946/1806/1806 1912/1807/1807
f 1910/1825/1825 1912/1807/1807 1878/1824/1824
f 1878/1824/1824 1912/1807/1807 1870/1808/1808
f 1878/1824/1824 1870/1808/1808 1856/1823/1823
f 1856/1823/1823 1870/1808/1808 1838/1809/1809
f 1856/1823/1823 1838/1809/1809 1806/1822/1822
f 1806/1822/1822 1838/1809/1809 1774/1810/1810
f 1806/1822/1822 1774/1810/1810 1758/1821/1821
f 1758/1821/1821 1774/1810/1810 1736/1811/1811
f 1758/1821/1821 1736/1811/1811 1724/1820/1820
f 1724/1820/1820 1736/1811/1811 1650/1812/1812
f 1724/1820/1820 1650/1812/1812 1646/1819/1819
f 1646/1819/1819 1650/1812/1812 1554/1813/1813
f 1646/1819/1819 1554/1813/1813 1548/1818/1818
f 1548/1818/1818 1554/1813/1813 1438/1817/1817
f 1438/1817/1817 1554/1813/1813 1418/1814/1814
f 1438/1817/1817 1418/1814/1814 1296/1816/1816
f 1296/1816/1816 1418/1814/1814 1268/1815/1815
f 1170/1833/1833 1464/1834/1834 1168/1832/1832
f 1168/1832/1832 1464/1834/1834 1506/1866/1866
f 1506/1866/1866 1464/1834/1834 1508/1865/1865
f 1508/1865/1865 1464/1834/1834 1884/1835/1835
f 1508/1865/1865 1884/1835/1835 1914/1864/1864
f 1914/1864/1864 1884/1835/1835 1900/1836/1836
f 1914/1864/1864 1900/1836/1836 1928/1863/1863
f 1928/1863/1863 1900/1836/1836 1904/1837/1837
f 1928/1863/1863 1904/1837/1837 1938/1862/1862
f 1938/1862/1862 1904/1837/1837 1930/1861/1861
f 1930/1861/1861 1904/1837/1837 1898/1838/1838
f 1930/1861/1861 1898/1838/1838 1918/1860/1860
f 1918/1860/1860 1898/1838/1838 1880/1839/1839
f 1918/1860/1860 1880/1839/1839 1896/1859/1859
f 1896/1859/1859 1880/1839/1839 1866/1840/1840
f 1896/1859/1859 1866/1840/1840 1868/1858/1858
f 1868/1858/1858 1866/1840/1840 1852/1841/1841
f 1868/1858/1858 1852/1841/1841 1842/1857/1857
f 1842/1857/1857 1852/1841/1841 1808/1842/1842
f 1842/1857/1857 1808/1842/1842 1788/1856/1856
f 1788/1856/1856 1808/1842/1842 1768/1843/1843
f 1788/1856/1856 1768/1843/1843 1752/1855/1855
f 1752/1855/1855 1768/1843/1843 1742/1844/1844
f 1752/1855/1855 1742/1844/1844 1706/1854/1854
f 1706/1854/1854 1742/1844/1844 1686/1845/1845
f 1706/1854/1854 1686/1845/1845 1634/1853/1853
f 1634/1853/1853 1686/1845/1845 1628/1846/1846
f 1634/1853/1853 1628/1846/1846 1518/1852/1852
f 1518/1852/1852 1628/1846/1846 1516/1847/1847
f 1518/1852/1852 1516/1847/1847 1402/1848/1848
f 1518/1852/1852 1402/1848/1848 1386/1851/1851
f 1386/1851/1851 1402/1848/1848 1278/1849/1849
f 1386/1851/1851 1278/1849/1849 1256/1850/1850
f 1508/1871/1871 1914/1867/1867 1492/1870/1870
f 1492/1870/1870 1914/1867/1867 1906/1868/1868
f 1492/1870/1870 1906/1868/1868 1474/1869/1869
f 1434/1873/1873 1874/1874/1874 1464/1872/1872
f 1464/1872/1872 1874/1874/1874 1884/1875/1875
f 1884/1876/1876 1874/1877/1877 1900/1885/1885
f 1900/1885/1885 1874/1877/1877 1890/1878/1878
f 1900/1885/1885 1890/1878/1878 1904/1884/1884
f 1904/1884/1884 1890/1878/1878 1894/1879/1879
f 1904/1884/1884 1894/1879/1879 1898/1883/1883
f 1898/1883/1883 1894/1879/1879 1888/1880/1880
f 1898/1883/1883 1888/1880/1880 1880/1882/1882
f 1880/1882/1882 1888/1880/1880 1872/1881/1881
f 1880/1886/1886 1872/1887/1887 1866/1907/1907
f 1866/1907/1907 1872/1887/1887 1860/1888/1888
f 1866/1907/1907 1860/1888/1888 1840/1889/1889
f 1866/1907/1907 1840/1889/1889 1852/1906/1906
f 1852/1906/1906 1840/1889/1889 1798/1890/1890
f 1852/1906/1906 1798/1890/1890 1808/1905/1905
f 1808/1905/1905 1798/1890/1890 1760/1891/1891
f 1808/1905/1905 1760/1891/1891 1768/1904/1904
f 1768/1904/1904 1760/1891/1891 1730/1892/1892
f 1768/1904/1904 1730/1892/1892 1742/1903/1903
f 1742/1903/1903 1730/1892/1892 1670/1893/1893
f 1742/1903/1903 1670/1893/1893 1686/1902/1902
f 1686/1902/1902 1670/1893/1893 1618/1894/1894
f 1686/1902/1902 1618/1894/1894 1628/1901/1901
f 1628/1901/1901 1618/1894/1894 1484/1895/1895
f 1628/1901/1901 1484/1895/1895 1516/1900/1900
f 1516/1900/1900 1484/1895/1895 1368/1896/1896
f 1516/1900/1900 1368/1896/1896 1402/1899/1899
f 1402/1899/1899 1368/1896/1896 1278/1898/1898
f 1278/1898/1898 1368/1896/1896 1254/1897/1897
usemtl 191,191,191
f 1254/1909/1909 1234/1910/1910 1278/1908/1908
f 1278/1908/1908 1234/1910/1910 1256/1911/1911
usemtl 246,164,49
f 1256/1912/1912 1234/1913/1913 1386/1941/1941
f 1386/1941/1941 1234/1913/1913 1354/1914/1914
f 1386/1941/1941 1354/1914/1914 1518/1940/1940
f 1518/1940/1940 1354/1914/1914 1486/1915/1915
f 1518/1940/1940 1486/1915/1915 1634/1939/1939
f 1634/1939/1939 1486/1915/1915 1622/1916/1916
f 1634/1939/1939 1622/1916/1916 1706/1938/1938
f 1706/1938/1938 1622/1916/1916 1690/1917/1917
f 1706/1938/1938 1690/1917/1917 1752/1937/1937
f 1752/1937/1937 1690/1917/1917 1744/1918/1918
f 1752/1937/1937 1744/1918/1918 1788/1936/1936
f 1788/1936/1936 1744/1918/1918 1776/1919/1919
f 1788/1936/1936 1776/1919/1919 1842/1935/1935
f 1842/1935/1935 1776/1919/1919 1826/1920/1920
f 1842/1935/1935 1826/1920/1920 1868/1934/1934
f 1868/1934/1934 1826/1920/1920 1862/1921/1921
f 1868/1934/1934 1862/1921/1921 1896/1933/1933
f 1896/1933/1933 1862/1921/1921 1882/1922/1922
f 1896/1933/1933 1882/1922/1922 1918/1932/1932
f 1918/1932/1932 1882/1922/1922 1908/1923/1923
f 1918/1932/1932 1908/1923/1923 1930/1931/1931
f 1930/1931/1931 1908/1923/1923 1924/1924/1924
f 1930/1931/1931 1924/1924/1924 1938/1930/1930
f 1938/1930/1930 1924/1924/1924 1926/1925/1925
f 1938/1930/1930 1926/1925/1925 1928/1929/1929
f 1928/1929/1929 1926/1925/1925 1922/1926/1926
f 1928/1929/1929 1922/1926/1926 1914/1928/1928
f 1914/1928/1928 1922/1926/1926 1906/1927/1927
f 1148/1942/1942 1146/1943/1943 1434/1976/1976
f 1434/1976/1976 1146/1943/1943 1472/1944/1944
f 1434/1976/1976 1472/1944/1944 1474/1945/1945
f 1434/1976/1976 1474/1945/1945 1874/1975/1975
f 1874/1975/1975 1474/1945/1945 1906/1946/1946
f 1874/1975/1975 1906/1946/1946 1890/1974/1974
f 1890/1974/1974 1906/1946/1946 1922/1947/1947
f 1890/1974/1974 1922/1947/1947 1894/1973/1973
f 1894/1973/1973 1922/1947/1947 1926/1948/1948
f 1894/1973/1973 1926/1948/1948 1924/1949/1949
f 1894/1973/1973 1924/1949/1949 1888/1972/1972
f 1888/1972/1972 1924/1949/1949 1908/1950/1950
f 1888/1972/1972 1908/1950/1950 1872/1971/1971
f 1872/1971/1971 1908/1950/1950 1882/1951/1951
f 1872/1971/1971 1882/1951/1951 1860/1970/1970
f 1860/1970/1970 1882/1951/1951 1862/1952/1952
f 1860/1970/1970 1862/1952/1952 1840/1969/1969
f 1840/1969/1969 1862/1952/1952 1826/1953/1953
f 1840/1969/1969 1826/1953/1953 1798/1968/1968
f 1798/1968/1968 1826/1953/1953 1776/1954/1954
f 1798/1968/1968 1776/1954/1954 1760/1967/1967
f 1760/1967/1967 1776/1954/1954 1744/1955/1955
f 1760/1967/1967 1744/1955/1955 1730/1966/1966
f 1730/1966/1966 1744/1955/1955 1690/1956/1956
f 1730/1966/1966 1690/1956/1956 1670/1965/1965
f 1670/1965/1965 1690/1956/1956 1622/1957/1957
f 1670/1965/1965 1622/1957/1957 1618/1964/1964
f 1618/1964/1964 1622/1957/1957 1486/1958/1958
f 1618/1964/1964 1486/1958/1958 1484/1963/1963
f 1484/1963/1963 1486/1958/1958 1368/1962/1962
f 1368/1962/1962 1486/1958/1958 1354/1959/1959
f 1368/1962/1962 1354/1959/1959 1254/1961/1961
f 1254/1961/1961 1354/1959/1959 1234/1960/1960
f 1148/1978/1978 1360/1979/1979 1146/1977/1977
f 1146/1977/1977 1360/1979/1979 1420/2011/2011
f 1420/2011/2011 1360/1979/1979 1422/2010/2010
f 1422/2010/2010 1360/1979/1979 1802/1980/1980
f 1422/2010/2010 1802/1980/1980 1832/2009/2009
f 1832/2009/2009 1802/1980/1980 1818/1981/1981
f 1832/2009/2009 1818/1981/1981 1846/2008/2008
f 1846/2008/2008 1818/1981/1981 1822/1982/1982
f 1846/2008/2008 1822/1982/1982 1850/2007/2007
f 1850/2007/2007 1822/1982/1982 1848/2006/2006
f 1848/2006/2006 1822/1982/1982 1816/1983/1983
f 1848/2006/2006 1816/1983/1983 1836/2005/2005
f 1836/2005/2005 1816/1983/1983 1800/1984/1984
f 1836/2005/2005 1800/1984/1984 1810/2004/2004
f 1810/2004/2004 1800/1984/1984 1780/1985/1985
f 1810/2004/2004 1780/1985/1985 1782/2003/2003
f 1782/2003/2003 1780/1985/1985 1762/1986/1986
f 1782/2003/2003 1762/1986/1986 1756/2002/2002
f 1756/2002/2002 1762/1986/1986 1746/1987/1987
f 1756/2002/2002 1746/1987/1987 1732/2001/2001
f 1732/2001/2001 1746/1987/1987 1716/1988/1988
f 1732/2001/2001 1716/1988/1988 1680/2000/2000
f 1680/2000/2000 1716/1988/1988 1658/1989/1989
f 1680/2000/2000 1658/1989/1989 1632/1999/1999
f 1632/1999/1999 1658/1989/1989 1620/1990/1990
f 1632/1999/1999 1620/1990/1990 1534/1998/1998
f 1534/1998/1998 1620/1990/1990 1526/1991/1991
f 1534/1998/1998 1526/1991/1991 1426/1997/1997
f 1426/1997/1997 1526/1991/1991 1424/1992/1992
f 1426/1997/1997 1424/1992/1992 1318/1993/1993
f 1426/1997/1997 1318/1993/1993 1298/1996/1996
f 1298/1996/1996 1318/1993/1993 1230/1994/1994
f 1298/1996/1996 1230/1994/1994 1212/1995/1995
f 1422/2016/2016 1832/2012/2012 1398/2015/2015
f 1398/2015/2015 1832/2012/2012 1812/2013/2013
f 1398/2015/2015 1812/2013/2013 1378/2014/2014
f 1324/2018/2018 1786/2019/2019 1360/2017/2017
f 1360/2017/2017 1786/2019/2019 1802/2020/2020
f 1802/2021/2021 1786/2022/2022 1818/2030/2030
f 1818/2030/2030 1786/2022/2022 1796/2023/2023
f 1818/2030/2030 1796/2023/2023 1822/2029/2029
f 1822/2029/2029 1796/2023/2023 1804/2024/2024
f 1822/2029/2029 1804/2024/2024 1816/2028/2028
f 1816/2028/2028 1804/2024/2024 1794/2025/2025
f 1816/2028/2028 1794/2025/2025 1800/2027/2027
f 1800/2027/2027 1794/2025/2025 1784/2026/2026
f 1800/2031/2031 1784/2032/2032 1780/2052/2052
f 1780/2052/2052 1784/2032/2032 1766/2033/2033
f 1780/2052/2052 1766/2033/2033 1754/2034/2034
f 1780/2052/2052 1754/2034/2034 1762/2051/2051
f 1762/2051/2051 1754/2034/2034 1734/2035/2035
f 1762/2051/2051 1734/2035/2035 1746/2050/2050
f 1746/2050/2050 1734/2035/2035 1694/2036/2036
f 1746/2050/2050 1694/2036/2036 1716/2049/2049
f 1716/2049/2049 1694/2036/2036 1640/2037/2037
f 1716/2049/2049 1640/2037/2037 1658/2048/2048
f 1658/2048/2048 1640/2037/2037 1600/2038/2038
f 1658/2048/2048 1600/2038/2038 1620/2047/2047
f 1620/2047/2047 1600/2038/2038 1476/2039/2039
f 1620/2047/2047 1476/2039/2039 1526/2046/2046
f 1526/2046/2046 1476/2039/2039 1380/2040/2040
f 1526/2046/2046 1380/2040/2040 1424/2045/2045
f 1424/2045/2045 1380/2040/2040 1272/2041/2041
f 1424/2045/2045 1272/2041/2041 1318/2044/2044
f 1318/2044/2044 1272/2041/2041 1230/2043/2043
f 1230/2043/2043 1272/2041/2041 1202/2042/2042
usemtl 191,191,191
f 1202/2054/2054 1188/2055/2055 1230/2053/2053
f 1230/2053/2053 1188/2055/2055 1212/2056/2056
usemtl 246,164,49
f 1212/2057/2057 1188/2058/2058 1298/2086/2086
f 1298/2086/2086 1188/2058/2058 1266/2059/2059
f 1298/2086/2086 1266/2059/2059 1426/2085/2085
f 1426/2085/2085 1266/2059/2059 1382/2060/2060
f 1426/2085/2085 1382/2060/2060 1534/2084/2084
f 1534/2084/2084 1382/2060/2060 1490/2061/2061
f 1534/2084/2084 1490/2061/2061 1632/2083/2083
f 1632/2083/2083 1490/2061/2061 1616/2062/2062
f 1632/2083/2083 1616/2062/2062 1680/2082/2082
f 1680/2082/2082 1616/2062/2062 1656/2063/2063
f 1680/2082/2082 1656/2063/2063 1732/2081/2081
f 1732/2081/2081 1656/2063/2063 1718/2064/2064
f 1732/2081/2081 1718/2064/2064 1756/2080/2080
f 1756/2080/2080 1718/2064/2064 1750/2065/2065
f 1756/2080/2080 1750/2065/2065 1782/2079/2079
f 1782/2079/2079 1750/2065/2065 1770/2066/2066
f 1782/2079/2079 1770/2066/2066 1810/2078/2078
f 1810/2078/2078 1770/2066/2066 1792/2067/2067
f 1810/2078/2078 1792/2067/2067 1836/2077/2077
f 1836/2077/2077 1792/2067/2067 1820/2068/2068
f 1836/2077/2077 1820/2068/2068 1848/2076/2076
f 1848/2076/2076 1820/2068/2068 1828/2069/2069
f 1848/2076/2076 1828/2069/2069 1850/2075/2075
f 1850/2075/2075 1828/2069/2069 1834/2070/2070
f 1850/2075/2075 1834/2070/2070 1846/2074/2074
f 1846/2074/2074 1834/2070/2070 1824/2071/2071
f 1846/2074/2074 1824/2071/2071 1832/2073/2073
f 1832/2073/2073 1824/2071/2071 1812/2072/2072
f 1114/2087/2087 1112/2088/2088 1324/2121/2121
f 1324/2121/2121 1112/2088/2088 1376/2089/2089
f 1324/2121/2121 1376/2089/2089 1378/2090/2090
f 1324/2121/2121 1378/2090/2090 1786/2120/2120
f 1786/2120/2120 1378/2090/2090 1812/2091/2091
f 1786/2120/2120 1812/2091/2091 1796/2119/2119
f 1796/2119/2119 1812/2091/2091 1824/2092/2092
f 1796/2119/2119 1824/2092/2092 1804/2118/2118
f 1804/2118/2118 1824/2092/2092 1834/2093/2093
f 1804/2118/2118 1834/2093/2093 1828/2094/2094
f 1804/2118/2118 1828/2094/2094 1794/2117/2117
f 1794/2117/2117 1828/2094/2094 1820/2095/2095
f 1794/2117/2117 1820/2095/2095 1784/2116/2116
f 1784/2116/2116 1820/2095/2095 1792/2096/2096
f 1784/2116/2116 1792/2096/2096 1766/2115/2115
f 1766/2115/2115 1792/2096/2096 1770/2097/2097
f 1766/2115/2115 1770/2097/2097 1754/2114/2114
f 1754/2114/2114 1770/2097/2097 1750/2098/2098
f 1754/2114/2114 1750/2098/2098 1734/2113/2113
f 1734/2113/2113 1750/2098/2098 1718/2099/2099
f 1734/2113/2113 1718/2099/2099 1694/2112/2112
f 1694/2112/2112 1718/2099/2099 1656/2100/2100
f 1694/2112/2112 1656/2100/2100 1640/2111/2111
f 1640/2111/2111 1656/2100/2100 1616/2101/2101
f 1640/2111/2111 1616/2101/2101 1600/2110/2110
f 1600/2110/2110 1616/2101/2101 1490/2102/2102
f 1600/2110/2110 1490/2102/2102 1476/2109/2109
f 1476/2109/2109 1490/2102/2102 1382/2103/2103
f 1476/2109/2109 1382/2103/2103 1380/2108/2108
f 1380/2108/2108 1382/2103/2103 1272/2107/2107
f 1272/2107/2107 1382/2103/2103 1266/2104/2104
f 1272/2107/2107 1266/2104/2104 1202/2106/2106
f 1202/2106/2106 1266/2104/2104 1188/2105/2105
f 1114/2123/2123 1250/2124/2124 1112/2122/2122
f 1112/2122/2122 1250/2124/2124 1280/2156/2156
f 1280/2156/2156 1250/2124/2124 1282/2155/2155
f 1282/2155/2155 1250/2124/2124 1688/2125/2125
f 1282/2155/2155 1688/2125/2125 1712/2154/2154
f 1712/2154/2154 1688/2125/2125 1702/2126/2126
f 1712/2154/2154 1702/2126/2126 1720/2153/2153
f 1720/2153/2153 1702/2126/2126 1708/2127/2127
f 1720/2153/2153 1708/2127/2127 1726/2152/2152
f 1726/2152/2152 1708/2127/2127 1722/2151/2151
f 1722/2151/2151 1708/2127/2127 1698/2128/2128
f 1722/2151/2151 1698/2128/2128 1714/2150/2150
f 1714/2150/2150 1698/2128/2128 1682/2129/2129
f 1714/2150/2150 1682/2129/2129 1696/2149/2149
f 1696/2149/2149 1682/2129/2129 1664/2130/2130
f 1696/2149/2149 1664/2130/2130 1666/2148/2148
f 1666/2148/2148 1664/2130/2130 1644/2131/2131
f 1666/2148/2148 1644/2131/2131 1636/2147/2147
f 1636/2147/2147 1644/2131/2131 1626/2132/2132
f 1636/2147/2147 1626/2132/2132 1614/2146/2146
f 1614/2146/2146 1626/2132/2132 1582/2133/2133
f 1614/2146/2146 1582/2133/2133 1532/2145/2145
f 1532/2145/2145 1582/2133/2133 1500/2134/2134
f 1532/2145/2145 1500/2134/2134 1466/2144/2144
f 1466/2144/2144 1500/2134/2134 1448/2135/2135
f 1466/2144/2144 1448/2135/2135 1372/2143/2143
f 1372/2143/2143 1448/2135/2135 1358/2136/2136
f 1372/2143/2143 1358/2136/2136 1288/2142/2142
f 1288/2142/2142 1358/2136/2136 1284/2137/2137
f 1288/2142/2142 1284/2137/2137 1224/2138/2138
f 1288/2142/2142 1224/2138/2138 1216/2141/2141
f 1216/2141/2141 1224/2138/2138 1178/2139/2139
f 1216/2141/2141 1178/2139/2139 1172/2140/2140
f 1282/2161/2161 1712/2157/2157 1258/2160/2160
f 1258/2160/2160 1712/2157/2157 1684/2158/2158
f 1258/2160/2160 1684/2158/2158 1238/2159/2159
f 1208/2163/2163 1654/2164/2164 1250/2162/2162
f 1250/2162/2162 1654/2164/2164 1688/2165/2165
f 1688/2166/2166 1654/2167/2167 1702/2175/2175
f 1702/2175/2175 1654/2167/2167 1674/2168/2168
f 1702/2175/2175 1674/2168/2168 1708/2174/2174
f 1708/2174/2174 1674/2168/2168 1676/2169/2169
f 1708/2174/2174 1676/2169/2169 1698/2173/2173
f 1698/2173/2173 1676/2169/2169 1672/2170/2170
f 1698/2173/2173 1672/2170/2170 1682/2172/2172
f 1682/2172/2172 1672/2170/2170 1652/2171/2171
f 1682/2176/2176 1652/2177/2177 1664/2197/2197
f 1664/2197/2197 1652/2177/2177 1638/2178/2178
f 1664/2197/2197 1638/2178/2178 1630/2179/2179
f 1664/2197/2197 1630/2179/2179 1644/2196/2196
f 1644/2196/2196 1630/2179/2179 1604/2180/2180
f 1644/2196/2196 1604/2180/2180 1626/2195/2195
f 1626/2195/2195 1604/2180/2180 1530/2181/2181
f 1626/2195/2195 1530/2181/2181 1582/2194/2194
f 1582/2194/2194 1530/2181/2181 1468/2182/2182
f 1582/2194/2194 1468/2182/2182 1500/2193/2193
f 1500/2193/2193 1468/2182/2182 1392/2183/2183
f 1500/2193/2193 1392/2183/2183 1448/2192/2192
f 1448/2192/2192 1392/2183/2183 1306/2184/2184
f 1448/2192/2192 1306/2184/2184 1358/2191/2191
f 1358/2191/2191 1306/2184/2184 1240/2185/2185
f 1358/2191/2191 1240/2185/2185 1284/2190/2190
f 1284/2190/2190 1240/2185/2185 1190/2186/2186
f 1284/2190/2190 1190/2186/2186 1224/2189/2189
f 1224/2189/2189 1190/2186/2186 1178/2188/2188
f 1178/2188/2188 1190/2186/2186 1144/2187/2187
usemtl 191,191,191
f 1144/2199/2199 1132/2200/2200 1178/2198/2198
f 1178/2198/2198 1132/2200/2200 1172/2201/2201
usemtl 246,164,49
f 1172/2202/2202 1132/2203/2203 1216/2231/2231
f 1216/2231/2231 1132/2203/2203 1182/2204/2204
f 1216/2231/2231 1182/2204/2204 1288/2230/2230
f 1288/2230/2230 1182/2204/2204 1242/2205/2205
f 1288/2230/2230 1242/2205/2205 1372/2229/2229
f 1372/2229/2229 1242/2205/2205 1322/2206/2206
f 1372/2229/2229 1322/2206/2206 1466/2228/2228
f 1466/2228/2228 1322/2206/2206 1410/2207/2207
f 1466/2228/2228 1410/2207/2207 1532/2227/2227
f 1532/2227/2227 1410/2207/2207 1478/2208/2208
f 1532/2227/2227 1478/2208/2208 1614/2226/2226
f 1614/2226/2226 1478/2208/2208 1552/2209/2209
f 1614/2226/2226 1552/2209/2209 1636/2225/2225
f 1636/2225/2225 1552/2209/2209 1624/2210/2210
f 1636/2225/2225 1624/2210/2210 1666/2224/2224
f 1666/2224/2224 1624/2210/2210 1642/2211/2211
f 1666/2224/2224 1642/2211/2211 1696/2223/2223
f 1696/2223/2223 1642/2211/2211 1668/2212/2212
f 1696/2223/2223 1668/2212/2212 1714/2222/2222
f 1714/2222/2222 1668/2212/2212 1692/2213/2213
f 1714/2222/2222 1692/2213/2213 1722/2221/2221
f 1722/2221/2221 1692/2213/2213 1704/2214/2214
f 1722/2221/2221 1704/2214/2214 1726/2220/2220
f 1726/2220/2220 1704/2214/2214 1710/2215/2215
f 1726/2220/2220 1710/2215/2215 1720/2219/2219
f 1720/2219/2219 1710/2215/2215 1700/2216/2216
f 1720/2219/2219 1700/2216/2216 1712/2218/2218
f 1712/2218/2218 1700/2216/2216 1684/2217/2217
f 1092/2232/2232 1090/2233/2233 1208/2266/2266
f 1208/2266/2266 1090/2233/2233 1236/2234/2234
f 1208/2266/2266 1236/2234/2234 1238/2235/2235
f 1208/2266/2266 1238/2235/2235 1654/2265/2265
f 1654/2265/2265 1238/2235/2235 1684/2236/2236
f 1654/2265/2265 1684/2236/2236 1674/2264/2264
f 1674/2264/2264 1684/2236/2236 1700/2237/2237
f 1674/2264/2264 1700/2237/2237 1676/2263/2263
f 1676/2263/2263 1700/2237/2237 1710/2238/2238
f 1676/2263/2263 1710/2238/2238 1704/2239/2239
f 1676/2263/2263 1704/2239/2239 1672/2262/2262
f 1672/2262/2262 1704/2239/2239 1692/2240/2240
f 1672/2262/2262 1692/2240/2240 1652/2261/2261
f 1652/2261/2261 1692/2240/2240 1668/2241/2241
f 1652/2261/2261 1668/2241/2241 1638/2260/2260
f 1638/2260/2260 1668/2241/2241 1642/2242/2242
f 1638/2260/2260 1642/2242/2242 1630/2259/2259
f 1630/2259/2259 1642/2242/2242 1624/2243/2243
f 1630/2259/2259 1624/2243/2243 1604/2258/2258
f 1604/2258/2258 1624/2243/2243 1552/2244/2244
f 1604/2258/2258 1552/2244/2244 1530/2257/2257
f 1530/2257/2257 1552/2244/2244 1478/2245/2245
f 1530/2257/2257 1478/2245/2245 1468/2256/2256
f 1468/2256/2256 1478/2245/2245 1410/2246/2246
f 1468/2256/2256 1410/2246/2246 1392/2255/2255
f 1392/2255/2255 1410/2246/2246 1322/2247/2247
f 1392/2255/2255 1322/2247/2247 1306/2254/2254
f 1306/2254/2254 1322/2247/2247 1242/2248/2248
f 1306/2254/2254 1242/2248/2248 1240/2253/2253
f 1240/2253/2253 1242/2248/2248 1190/2252/2252
f 1190/2252/2252 1242/2248/2248 1182/2249/2249
f 1190/2252/2252 1182/2249/2249 1144/2251/2251
f 1144/2251/2251 1182/2249/2249 1132/2250/2250
f 1092/2268/2268 1152/2269/2269 1090/2267/2267
f 1090/2267/2267 1152/2269/2269 1160/2301/2301
f 1160/2301/2301 1152/2269/2269 1162/2300/2300
f 1162/2300/2300 1152/2269/2269 1390/2270/2270
f 1162/2300/2300 1390/2270/2270 1414/2299/2299
f 1414/2299/2299 1390/2270/2270 1404/2271/2271
f 1414/2299/2299 1404/2271/2271 1428/2298/2298
f 1428/2298/2298 1404/2271/2271 1406/2272/2272
f 1428/2298/2298 1406/2272/2272 1436/2297/2297
f 1436/2297/2297 1406/2272/2272 1432/2296/2296
f 1432/2296/2296 1406/2272/2272 1400/2273/2273
f 1432/2296/2296 1400/2273/2273 1416/2295/2295
f 1416/2295/2295 1400/2273/2273 1388/2274/2274
f 1416/2295/2295 1388/2274/2274 1396/2294/2294
f 1396/2294/2294 1388/2274/2274 1362/2275/2275
f 1396/2294/2294 1362/2275/2275 1366/2293/2293
f 1366/2293/2293 1362/2275/2275 1346/2276/2276
f 1366/2293/2293 1346/2276/2276 1330/2292/2292
f 1330/2292/2292 1346/2276/2276 1310/2277/2277
f 1330/2292/2292 1310/2277/2277 1294/2291/2291
f 1294/2291/2291 1310/2277/2277 1276/2278/2278
f 1294/2291/2291 1276/2278/2278 1260/2290/2290
f 1260/2290/2290 1276/2278/2278 1248/2279/2279
f 1260/2290/2290 1248/2279/2279 1226/2289/2289
f 1226/2289/2289 1248/2279/2279 1214/2280/2280
f 1226/2289/2289 1214/2280/2280 1194/2288/2288
f 1194/2288/2288 1214/2280/2280 1192/2281/2281
f 1194/2288/2288 1192/2281/2281 1166/2287/2287
f 1166/2287/2287 1192/2281/2281 1164/2282/2282
f 1166/2287/2287 1164/2282/2282 1138/2283/2283
f 1166/2287/2287 1138/2283/2283 1134/2286/2286
f 1134/2286/2286 1138/2283/2283 1110/2284/2284
f 1134/2286/2286 1110/2284/2284 1106/2285/2285
f 1019/2302/2302 1014/2303/2303 1108/2336/2336
f 1108/2336/2336 1014/2303/2303 1116/2304/2304
f 1108/2336/2336 1116/2304/2304 1118/2305/2305
f 1108/2336/2336 1118/2305/2305 1328/2335/2335
f 1328/2335/2335 1118/2305/2305 1352/2306/2306
f 1328/2335/2335 1352/2306/2306 1344/2334/2334
f 1344/2334/2334 1352/2306/2306 1364/2307/2307
f 1344/2334/2334 1364/2307/2307 1348/2333/2333
f 1348/2333/2333 1364/2307/2307 1374/2308/2308
f 1348/2333/2333 1374/2308/2308 1370/2309/2309
f 1348/2333/2333 1370/2309/2309 1342/2332/2332
f 1342/2332/2332 1370/2309/2309 1356/2310/2310
f 1342/2332/2332 1356/2310/2310 1326/2331/2331
f 1326/2331/2331 1356/2310/2310 1334/2311/2311
f 1326/2331/2331 1334/2311/2311 1302/2330/2330
f 1302/2330/2330 1334/2311/2311 1304/2312/2312
f 1302/2330/2330 1304/2312/2312 1290/2329/2329
f 1290/2329/2329 1304/2312/2312 1274/2313/2313
f 1290/2329/2329 1274/2313/2313 1262/2328/2328
f 1262/2328/2328 1274/2313/2313 1246/2314/2314
f 1262/2328/2328 1246/2314/2314 1232/2327/2327
f 1232/2327/2327 1246/2314/2314 1210/2315/2315
f 1232/2327/2327 1210/2315/2315 1204/2326/2326
f 1204/2326/2326 1210/2315/2315 1184/2316/2316
f 1204/2326/2326 1184/2316/2316 1180/2325/2325
f 1180/2325/2325 1184/2316/2316 1156/2317/2317
f 1180/2325/2325 1156/2317/2317 1154/2324/2324
f 1154/2324/2324 1156/2317/2317 1122/2318/2318
f 1154/2324/2324 1122/2318/2318 1120/2323/2323
f 1120/2323/2323 1122/2318/2318 1098/2322/2322
f 1098/2322/2322 1122/2318/2318 1094/2319/2319
f 1098/2322/2322 1094/2319/2319 1088/2321/2321
f 1088/2321/2321 1094/2319/2319 1084/2320/2320
f 1162/2341/2341 1414/2337/2337 1142/2340/2340
f 1142/2340/2340 1414/2337/2337 1352/2338/2338
f 1142/2340/2340 1352/2338/2338 1118/2339/2339
f 1108/2343/2343 1328/2344/2344 1152/2342/2342
f 1152/2342/2342 1328/2344/2344 1390/2345/2345
f 1390/2346/2346 1328/2347/2347 1404/2355/2355
f 1404/2355/2355 1328/2347/2347 1344/2348/2348
f 1404/2355/2355 1344/2348/2348 1406/2354/2354
f 1406/2354/2354 1344/2348/2348 1348/2349/2349
f 1406/2354/2354 1348/2349/2349 1400/2353/2353
f 1400/2353/2353 1348/2349/2349 1342/2350/2350
f 1400/2353/2353 1342/2350/2350 1388/2352/2352
f 1388/2352/2352 1342/2350/2350 1326/2351/2351
f 1388/2356/2356 1326/2357/2357 1362/2377/2377
f 1362/2377/2377 1326/2357/2357 1302/2358/2358
f 1362/2377/2377 1302/2358/2358 1290/2359/2359
f 1362/2377/2377 1290/2359/2359 1346/2376/2376
f 1346/2376/2376 1290/2359/2359 1262/2360/2360
f 1346/2376/2376 1262/2360/2360 1310/2375/2375
f 1310/2375/2375 1262/2360/2360 1232/2361/2361
f 1310/2375/2375 1232/2361/2361 1276/2374/2374
f 1276/2374/2374 1232/2361/2361 1204/2362/2362
f 1276/2374/2374 1204/2362/2362 1248/2373/2373
f 1248/2373/2373 1204/2362/2362 1180/2363/2363
f 1248/2373/2373 1180/2363/2363 1214/2372/2372
f 1214/2372/2372 1180/2363/2363 1154/2364/2364
f 1214/2372/2372 1154/2364/2364 1192/2371/2371
f 1192/2371/2371 1154/2364/2364 1120/2365/2365
f 1192/2371/2371 1120/2365/2365 1164/2370/2370
f 1164/2370/2370 1120/2365/2365 1098/2366/2366
f 1164/2370/2370 1098/2366/2366 1138/2369/2369
f 1138/2369/2369 1098/2366/2366 1110/2368/2368
f 1110/2368/2368 1098/2366/2366 1088/2367/2367
usemtl 191,191,191
f 1088/2379/2379 1084/2380/2380 1110/2378/2378
f 1110/2378/2378 1084/2380/2380 1106/2381/2381
usemtl 246,164,49
f 1106/2382/2382 1084/2383/2383 1134/2411/2411
f 1134/2411/2411 1084/2383/2383 1094/2384/2384
f 1134/2411/2411 1094/2384/2384 1166/2410/2410
f 1166/2410/2410 1094/2384/2384 1122/2385/2385
f 1166/2410/2410 1122/2385/2385 1194/2409/2409
f 1194/2409/2409 1122/2385/2385 1156/2386/2386
f 1194/2409/2409 1156/2386/2386 1226/2408/2408
f 1226/2408/2408 1156/2386/2386 1184/2387/2387
f 1226/2408/2408 1184/2387/2387 1260/2407/2407
f 1260/2407/2407 1184/2387/2387 1210/2388/2388
f 1260/2407/2407 1210/2388/2388 1294/2406/2406
f 1294/2406/2406 1210/2388/2388 1246/2389/2389
f 1294/2406/2406 1246/2389/2389 1330/2405/2405
f 1330/2405/2405 1246/2389/2389 1274/2390/2390
f 1330/2405/2405 1274/2390/2390 1366/2404/2404
f 1366/2404/2404 1274/2390/2390 1304/2391/2391
f 1366/2404/2404 1304/2391/2391 1396/2403/2403
f 1396/2403/2403 1304/2391/2391 1334/2392/2392
f 1396/2403/2403 1334/2392/2392 1416/2402/2402
f 1416/2402/2402 1334/2392/2392 1356/2393/2393
f 1416/2402/2402 1356/2393/2393 1432/2401/2401
f 1432/2401/2401 1356/2393/2393 1370/2394/2394
f 1432/2401/2401 1370/2394/2394 1436/2400/2400
f 1436/2400/2400 1370/2394/2394 1374/2395/2395
f 1436/2400/2400 1374/2395/2395 1428/2399/2399
f 1428/2399/2399 1374/2395/2395 1364/2396/2396
f 1428/2399/2399 1364/2396/2396 1414/2398/2398
f 1414/2398/2398 1364/2396/2396 1352/2397/2397
f 1019/2413/2413 1020/2414/2414 1014/2412/2412
f 1014/2412/2412 1020/2414/2414 1015/2446/2446
f 1015/2446/2446 1020/2414/2414 1016/2445/2445
f 1016/2445/2445 1020/2414/2414 1024/2415/2415
f 1016/2445/2445 1024/2415/2415 1022/2444/2444
f 1022/2444/2444 1024/2415/2415 1028/2416/2416
f 1022/2444/2444 1028/2416/2416 1026/2443/2443
f 1026/2443/2443 1028/2416/2416 1032/2417/2417
f 1026/2443/2443 1032/2417/2417 1030/2442/2442
f 1030/2442/2442 1032/2417/2417 1034/2441/2441
f 1034/2441/2441 1032/2417/2417 1036/2418/2418
f 1034/2441/2441 1036/2418/2418 1040/2440/2440
f 1040/2440/2440 1036/2418/2418 1038/2419/2419
f 1040/2440/2440 1038/2419/2419 1044/2439/2439
f 1044/2439/2439 1038/2419/2419 1042/2420/2420
f 1044/2439/2439 1042/2420/2420 1048/2438/2438
f 1048/2438/2438 1042/2420/2420 1046/2421/2421
f 1048/2438/2438 1046/2421/2421 1054/2437/2437
f 1054/2437/2437 1046/2421/2421 1050/2422/2422
f 1054/2437/2437 1050/2422/2422 1062/2436/2436
f 1062/2436/2436 1050/2422/2422 1058/2423/2423
f 1062/2436/2436 1058/2423/2423 1074/2435/2435
f 1074/2435/2435 1058/2423/2423 1064/2424/2424
f 1074/2435/2435 1064/2424/2424 1078/2434/2434
f 1078/2434/2434 1064/2424/2424 1070/2425/2425
f 1078/2434/2434 1070/2425/2425 1080/2433/2433
f 1080/2433/2433 1070/2425/2425 1072/2426/2426
f 1080/2433/2433 1072/2426/2426 1076/2432/2432
f 1076/2432/2432 1072/2426/2426 1066/2427/2427
f 1076/2432/2432 1066/2427/2427 1060/2428/2428
f 1076/2432/2432 1060/2428/2428 1068/2431/2431
f 1068/2431/2431 1060/2428/2428 1052/2429/2429
f 1068/2431/2431 1052/2429/2429 1056/2430/2430
f 1016/2451/2451 1022/2447/2447 1006/2450/2450
f 1006/2450/2450 1022/2447/2447 936/2448/2448
f 1006/2450/2450 936/2448/2448 930/2449/2449
f 934/2453/2453 938/2454/2454 1020/2452/2452
f 1020/2452/2452 938/2454/2454 1024/2455/2455
f 1024/2456/2456 938/2457/2457 1028/2465/2465
f 1028/2465/2465 938/2457/2457 942/2458/2458
f 1028/2465/2465 942/2458/2458 1032/2464/2464
f 1032/2464/2464 942/2458/2458 946/2459/2459
f 1032/2464/2464 946/2459/2459 1036/2463/2463
f 1036/2463/2463 946/2459/2459 950/2460/2460
f 1036/2463/2463 950/2460/2460 1038/2462/2462
f 1038/2462/2462 950/2460/2460 952/2461/2461
f 1038/2466/2466 952/2467/2467 1042/2487/2487
f 1042/2487/2487 952/2467/2467 956/2468/2468
f 1042/2487/2487 956/2468/2468 960/2469/2469
f 1042/2487/2487 960/2469/2469 1046/2486/2486
f 1046/2486/2486 960/2469/2469 964/2470/2470
f 1046/2486/2486 964/2470/2470 1050/2485/2485
f 1050/2485/2485 964/2470/2470 972/2471/2471
f 1050/2485/2485 972/2471/2471 1058/2484/2484
f 1058/2484/2484 972/2471/2471 978/2472/2472
f 1058/2484/2484 978/2472/2472 1064/2483/2483
f 1064/2483/2483 978/2472/2472 984/2473/2473
f 1064/2483/2483 984/2473/2473 1070/2482/2482
f 1070/2482/2482 984/2473/2473 986/2474/2474
f 1070/2482/2482 986/2474/2474 1072/2481/2481
f 1072/2481/2481 986/2474/2474 980/2475/2475
f 1072/2481/2481 980/2475/2475 1066/2480/2480
f 1066/2480/2480 980/2475/2475 974/2476/2476
f 1066/2480/2480 974/2476/2476 1060/2479/2479
f 1060/2479/2479 974/2476/2476 1052/2478/2478
f 1052/2478/2478 974/2476/2476 966/2477/2477
usemtl 191,191,191
f 966/2489/2489 970/2490/2490 1052/2488/2488
f 1052/2488/2488 970/2490/2490 1056/2491/2491
usemtl 246,164,49
f 1056/2492/2492 970/2493/2493 1068/2521/2521
f 1068/2521/2521 970/2493/2493 982/2494/2494
f 1068/2521/2521 982/2494/2494 1076/2520/2520
f 1076/2520/2520 982/2494/2494 990/2495/2495
f 1076/2520/2520 990/2495/2495 1080/2519/2519
f 1080/2519/2519 990/2495/2495 994/2496/2496
f 1080/2519/2519 994/2496/2496 1078/2518/2518
f 1078/2518/2518 994/2496/2496 992/2497/2497
f 1078/2518/2518 992/2497/2497 1074/2517/2517
f 1074/2517/2517 992/2497/2497 988/2498/2498
f 1074/2517/2517 988/2498/2498 1062/2516/2516
f 1062/2516/2516 988/2498/2498 976/2499/2499
f 1062/2516/2516 976/2499/2499 1054/2515/2515
f 1054/2515/2515 976/2499/2499 968/2500/2500
f 1054/2515/2515 968/2500/2500 1048/2514/2514
f 1048/2514/2514 968/2500/2500 962/2501/2501
f 1048/2514/2514 962/2501/2501 1044/2513/2513
f 1044/2513/2513 962/2501/2501 958/2502/2502
f 1044/2513/2513 958/2502/2502 1040/2512/2512
f 1040/2512/2512 958/2502/2502 954/2503/2503
f 1040/2512/2512 954/2503/2503 1034/2511/2511
f 1034/2511/2511 954/2503/2503 948/2504/2504
f 1034/2511/2511 948/2504/2504 1030/2510/2510
f 1030/2510/2510 948/2504/2504 944/2505/2505
f 1030/2510/2510 944/2505/2505 1026/2509/2509
f 1026/2509/2509 944/2505/2505 940/2506/2506
f 1026/2509/2509 940/2506/2506 1022/2508/2508
f 1022/2508/2508 940/2506/2506 936/2507/2507
f 933/2522/2522 928/2523/2523 934/2556/2556
f 934/2556/2556 928/2523/2523 929/2524/2524
f 934/2556/2556 929/2524/2524 930/2525/2525
f 934/2556/2556 930/2525/2525 938/2555/2555
f 938/2555/2555 930/2525/2525 936/2526/2526
f 938/2555/2555 936/2526/2526 942/2554/2554
f 942/2554/2554 936/2526/2526 940/2527/2527
f 942/2554/2554 940/2527/2527 946/2553/2553
f 946/2553/2553 940/2527/2527 944/2528/2528
f 946/2553/2553 944/2528/2528 948/2529/2529
f 946/2553/2553 948/2529/2529 950/2552/2552
f 950/2552/2552 948/2529/2529 954/2530/2530
f 950/2552/2552 954/2530/2530 952/2551/2551
f 952/2551/2551 954/2530/2530 958/2531/2531
f 952/2551/2551 958/2531/2531 956/2550/2550
f 956/2550/2550 958/2531/2531 962/2532/2532
f 956/2550/2550 962/2532/2532 960/2549/2549
f 960/2549/2549 962/2532/2532 968/2533/2533
f 960/2549/2549 968/2533/2533 964/2548/2548
f 964/2548/2548 968/2533/2533 976/2534/2534
f 964/2548/2548 976/2534/2534 972/2547/2547
f 972/2547/2547 976/2534/2534 988/2535/2535
f 972/2547/2547 988/2535/2535 978/2546/2546
f 978/2546/2546 988/2535/2535 992/2536/2536
f 978/2546/2546 992/2536/2536 984/2545/2545
f 984/2545/2545 992/2536/2536 994/2537/2537
f 984/2545/2545 994/2537/2537 986/2544/2544
f 986/2544/2544 994/2537/2537 990/2538/2538
f 986/2544/2544 990/2538/2538 980/2543/2543
f 980/2543/2543 990/2538/2538 974/2542/2542
f 974/2542/2542 990/2538/2538 982/2539/2539
f 974/2542/2542 982/2539/2539 966/2541/2541
f 966/2541/2541 982/2539/2539 970/2540/2540
f 933/2558/2558 898/2559/2559 928/2557/2557
f 928/2557/2557 898/2559/2559 890/2591/2591
f 890/2591/2591 898/2559/2559 888/2590/2590
f 888/2590/2590 898/2559/2559 678/2560/2560
f 888/2590/2590 678/2560/2560 656/2589/2589
f 656/2589/2589 678/2560/2560 664/2561/2561
f 656/2589/2589 664/2561/2561 644/2588/2588
f 644/2588/2588 664/2561/2561 660/2562/2562
f 644/2588/2588 660/2562/2562 632/2587/2587
f 632/2587/2587 660/2562/2562 638/2586/2586
f 638/2586/2586 660/2562/2562 666/2563/2563
f 638/2586/2586 666/2563/2563 652/2585/2585
f 652/2585/2585 666/2563/2563 680/2564/2564
f 652/2585/2585 680/2564/2564 674/2584/2584
f 674/2584/2584 680/2564/2564 700/2565/2565
f 674/2584/2584 700/2565/2565 698/2583/2583
f 698/2583/2583 700/2565/2565 710/2566/2566
f 698/2583/2583 710/2566/2566 728/2582/2582
f 728/2582/2582 710/2566/2566 740/2567/2567
f 728/2582/2582 740/2567/2567 762/2581/2581
f 762/2581/2581 740/2567/2567 776/2568/2568
f 762/2581/2581 776/2568/2568 796/2580/2580
f 796/2580/2580 776/2568/2568 802/2569/2569
f 796/2580/2580 802/2569/2569 816/2579/2579
f 816/2579/2579 802/2569/2569 822/2570/2570
f 816/2579/2579 822/2570/2570 846/2578/2578
f 846/2578/2578 822/2570/2570 852/2571/2571
f 846/2578/2578 852/2571/2571 884/2577/2577
f 884/2577/2577 852/2571/2571 886/2572/2572
f 884/2577/2577 886/2572/2572 902/2573/2573
f 884/2577/2577 902/2573/2573 906/2576/2576
f 906/2576/2576 902/2573/2573 914/2574/2574
f 906/2576/2576 914/2574/2574 918/2575/2575
f 912/2592/2592 910/2593/2593 856/2626/2626
f 856/2626/2626 910/2593/2593 842/2594/2594
f 856/2626/2626 842/2594/2594 840/2595/2595
f 856/2626/2626 840/2595/2595 612/2625/2625
f 612/2625/2625 840/2595/2595 586/2596/2596
f 612/2625/2625 586/2596/2596 596/2624/2624
f 596/2624/2624 586/2596/2596 572/2597/2597
f 596/2624/2624 572/2597/2597 594/2623/2623
f 594/2623/2623 572/2597/2597 566/2598/2598
f 594/2623/2623 566/2598/2598 570/2599/2599
f 594/2623/2623 570/2599/2599 600/2622/2622
f 600/2622/2622 570/2599/2599 584/2600/2600
f 600/2622/2622 584/2600/2600 614/2621/2621
f 614/2621/2621 584/2600/2600 604/2601/2601
f 614/2621/2621 604/2601/2601 646/2620/2620
f 646/2620/2620 604/2601/2601 642/2602/2602
f 646/2620/2620 642/2602/2602 662/2619/2619
f 662/2619/2619 642/2602/2602 676/2603/2603
f 662/2619/2619 676/2603/2603 692/2618/2618
f 692/2618/2618 676/2603/2603 706/2604/2604
f 692/2618/2618 706/2604/2604 726/2617/2617
f 726/2617/2617 706/2604/2604 742/2605/2605
f 726/2617/2617 742/2605/2605 760/2616/2616
f 760/2616/2616 742/2605/2605 780/2606/2606
f 760/2616/2616 780/2606/2606 792/2615/2615
f 792/2615/2615 780/2606/2606 806/2607/2607
f 792/2615/2615 806/2607/2607 808/2614/2614
f 808/2614/2614 806/2607/2607 836/2608/2608
f 808/2614/2614 836/2608/2608 838/2613/2613
f 838/2613/2613 836/2608/2608 868/2612/2612
f 868/2612/2612 836/2608/2608 872/2609/2609
f 868/2612/2612 872/2609/2609 896/2611/2611
f 896/2611/2611 872/2609/2609 900/2610/2610
f 888/2631/2631 656/2627/2627 866/2630/2630
f 866/2630/2630 656/2627/2627 586/2628/2628
f 866/2630/2630 586/2628/2628 840/2629/2629
f 856/2633/2633 612/2634/2634 898/2632/2632
f 898/2632/2632 612/2634/2634 678/2635/2635
f 678/2636/2636 612/2637/2637 664/2645/2645
f 664/2645/2645 612/2637/2637 596/2638/2638
f 664/2645/2645 596/2638/2638 660/2644/2644
f 660/2644/2644 596/2638/2638 594/2639/2639
f 660/2644/2644 594/2639/2639 666/2643/2643
f 666/2643/2643 594/2639/2639 600/2640/2640
f 666/2643/2643 600/2640/2640 680/2642/2642
f 680/2642/2642 600/2640/2640 614/2641/2641
f 680/2646/2646 614/2647/2647 700/2667/2667
f 700/2667/2667 614/2647/2647 646/2648/2648
f 700/2667/2667 646/2648/2648 662/2649/2649
f 700/2667/2667 662/2649/2649 710/2666/2666
f 710/2666/2666 662/2649/2649 692/2650/2650
f 710/2666/2666 692/2650/2650 740/2665/2665
f 740/2665/2665 692/2650/2650 726/2651/2651
f 740/2665/2665 726/2651/2651 776/2664/2664
f 776/2664/2664 726/2651/2651 760/2652/2652
f 776/2664/2664 760/2652/2652 802/2663/2663
f 802/2663/2663 760/2652/2652 792/2653/2653
f 802/2663/2663 792/2653/2653 822/2662/2662
f 822/2662/2662 792/2653/2653 808/2654/2654
f 822/2662/2662 808/2654/2654 852/2661/2661
f 852/2661/2661 808/2654/2654 838/2655/2655
f 852/2661/2661 838/2655/2655 886/2660/2660
f 886/2660/2660 838/2655/2655 868/2656/2656
f 886/2660/2660 868/2656/2656 902/2659/2659
f 902/2659/2659 868/2656/2656 914/2658/2658
f 914/2658/2658 868/2656/2656 896/2657/2657
usemtl 191,191,191
f 896/2669/2669 900/2670/2670 914/2668/2668
f 914/2668/2668 900/2670/2670 918/2671/2671
usemtl 246,164,49
f 918/2672/2672 900/2673/2673 906/2701/2701
f 906/2701/2701 900/2673/2673 872/2674/2674
f 906/2701/2701 872/2674/2674 884/2700/2700
f 884/2700/2700 872/2674/2674 836/2675/2675
f 884/2700/2700 836/2675/2675 846/2699/2699
f 846/2699/2699 836/2675/2675 806/2676/2676
f 846/2699/2699 806/2676/2676 816/2698/2698
f 816/2698/2698 806/2676/2676 780/2677/2677
f 816/2698/2698 780/2677/2677 796/2697/2697
f 796/2697/2697 780/2677/2677 742/2678/2678
f 796/2697/2697 742/2678/2678 762/2696/2696
f 762/2696/2696 742/2678/2678 706/2679/2679
f 762/2696/2696 706/2679/2679 728/2695/2695
f 728/2695/2695 706/2679/2679 676/2680/2680
f 728/2695/2695 676/2680/2680 698/2694/2694
f 698/2694/2694 676/2680/2680 642/2681/2681
f 698/2694/2694 642/2681/2681 674/2693/2693
f 674/2693/2693 642/2681/2681 604/2682/2682
f 674/2693/2693 604/2682/2682 652/2692/2692
f 652/2692/2692 604/2682/2682 584/2683/2683
f 652/2692/2692 584/2683/2683 638/2691/2691
f 638/2691/2691 584/2683/2683 570/2684/2684
f 638/2691/2691 570/2684/2684 632/2690/2690
f 632/2690/2690 570/2684/2684 566/2685/2685
f 632/2690/2690 566/2685/2685 644/2689/2689
f 644/2689/2689 566/2685/2685 572/2686/2686
f 644/2689/2689 572/2686/2686 656/2688/2688
f 656/2688/2688 572/2686/2686 586/2687/2687
f 912/2703/2703 798/2704/2704 910/2702/2702
f 910/2702/2702 798/2704/2704 772/2736/2736
f 772/2736/2736 798/2704/2704 770/2735/2735
f 770/2735/2735 798/2704/2704 350/2705/2705
f 770/2735/2735 350/2705/2705 320/2734/2734
f 320/2734/2734 350/2705/2705 330/2706/2706
f 320/2734/2734 330/2706/2706 304/2733/2733
f 304/2733/2733 330/2706/2706 328/2707/2707
f 304/2733/2733 328/2707/2707 294/2732/2732
f 294/2732/2732 328/2707/2707 300/2731/2731
f 300/2731/2731 328/2707/2707 332/2708/2708
f 300/2731/2731 332/2708/2708 312/2730/2730
f 312/2730/2730 332/2708/2708 352/2709/2709
f 312/2730/2730 352/2709/2709 336/2729/2729
f 336/2729/2729 352/2709/2709 366/2710/2710
f 336/2729/2729 366/2710/2710 362/2728/2728
f 362/2728/2728 366/2710/2710 374/2711/2711
f 362/2728/2728 374/2711/2711 380/2727/2727
f 380/2727/2727 374/2711/2711 402/2712/2712
f 380/2727/2727 402/2712/2712 450/2726/2726
f 450/2726/2726 402/2712/2712 478/2713/2713
f 450/2726/2726 478/2713/2713 522/2725/2725
f 522/2725/2725 478/2713/2713 540/2714/2714
f 522/2725/2725 540/2714/2714 590/2724/2724
f 590/2724/2724 540/2714/2714 610/2715/2715
f 590/2724/2724 610/2715/2715 684/2723/2723
f 684/2723/2723 610/2715/2715 696/2716/2716
f 684/2723/2723 696/2716/2716 766/2722/2722
f 766/2722/2722 696/2716/2716 768/2717/2717
f 766/2722/2722 768/2717/2717 810/2718/2718
f 766/2722/2722 810/2718/2718 820/2721/2721
f 820/2721/2721 810/2718/2718 864/2719/2719
f 820/2721/2721 864/2719/2719 874/2720/2720
f 770/2741/2741 320/2737/2737 744/2740/2740
f 744/2740/2740 320/2737/2737 292/2738/2738
f 744/2740/2740 292/2738/2738 718/2739/2739
f 756/2743/2743 316/2744/2744 798/2742/2742
f 798/2742/2742 316/2744/2744 350/2745/2745
f 350/2746/2746 316/2747/2747 330/2755/2755
f 330/2755/2755 316/2747/2747 302/2748/2748
f 330/2755/2755 302/2748/2748 328/2754/2754
f 328/2754/2754 302/2748/2748 296/2749/2749
f 328/2754/2754 296/2749/2749 332/2753/2753
f 332/2753/2753 296/2749/2749 306/2750/2750
f 332/2753/2753 306/2750/2750 352/2752/2752
f 352/2752/2752 306/2750/2750 322/2751/2751
f 352/2756/2756 322/2757/2757 366/2777/2777
f 366/2777/2777 322/2757/2757 340/2758/2758
f 366/2777/2777 340/2758/2758 360/2759/2759
f 366/2777/2777 360/2759/2759 374/2776/2776
f 374/2776/2776 360/2759/2759 378/2760/2760
f 374/2776/2776 378/2760/2760 402/2775/2775
f 402/2775/2775 378/2760/2760 426/2761/2761
f 402/2775/2775 426/2761/2761 478/2774/2774
f 478/2774/2774 426/2761/2761 500/2762/2762
f 478/2774/2774 500/2762/2762 540/2773/2773
f 540/2773/2773 500/2762/2762 560/2763/2763
f 540/2773/2773 560/2763/2763 610/2772/2772
f 610/2772/2772 560/2763/2763 650/2764/2764
f 610/2772/2772 650/2764/2764 696/2771/2771
f 696/2771/2771 650/2764/2764 716/2765/2765
f 696/2771/2771 716/2765/2765 768/2770/2770
f 768/2770/2770 716/2765/2765 782/2766/2766
f 768/2770/2770 782/2766/2766 810/2769/2769
f 810/2769/2769 782/2766/2766 864/2768/2768
f 864/2768/2768 782/2766/2766 824/2767/2767
usemtl 191,191,191
f 824/2779/2779 830/2780/2780 864/2778/2778
f 864/2778/2778 830/2780/2780 874/2781/2781
usemtl 246,164,49
f 874/2782/2782 830/2783/2783 820/2811/2811
f 820/2811/2811 830/2783/2783 790/2784/2784
f 820/2811/2811 790/2784/2784 766/2810/2810
f 766/2810/2810 790/2784/2784 712/2785/2785
f 766/2810/2810 712/2785/2785 684/2809/2809
f 684/2809/2809 712/2785/2785 634/2786/2786
f 684/2809/2809 634/2786/2786 590/2808/2808
f 590/2808/2808 634/2786/2786 542/2787/2787
f 590/2808/2808 542/2787/2787 522/2807/2807
f 522/2807/2807 542/2787/2787 476/2788/2788
f 522/2807/2807 476/2788/2788 450/2806/2806
f 450/2806/2806 476/2788/2788 392/2789/2789
f 450/2806/2806 392/2789/2789 380/2805/2805
f 380/2805/2805 392/2789/2789 368/2790/2790
f 380/2805/2805 368/2790/2790 362/2804/2804
f 362/2804/2804 368/2790/2790 338/2791/2791
f 362/2804/2804 338/2791/2791 336/2803/2803
f 336/2803/2803 338/2791/2791 308/2792/2792
f 336/2803/2803 308/2792/2792 312/2802/2802
f 312/2802/2802 308/2792/2792 290/2793/2793
f 312/2802/2802 290/2793/2793 300/2801/2801
f 300/2801/2801 290/2793/2793 282/2794/2794
f 300/2801/2801 282/2794/2794 294/2800/2800
f 294/2800/2800 282/2794/2794 278/2795/2795
f 294/2800/2800 278/2795/2795 304/2799/2799
f 304/2799/2799 278/2795/2795 284/2796/2796
f 304/2799/2799 284/2796/2796 320/2798/2798
f 320/2798/2798 284/2796/2796 292/2797/2797
f 894/2812/2812 892/2813/2813 756/2846/2846
f 756/2846/2846 892/2813/2813 720/2814/2814
f 756/2846/2846 720/2814/2814 718/2815/2815
f 756/2846/2846 718/2815/2815 316/2845/2845
f 316/2845/2845 718/2815/2815 292/2816/2816
f 316/2845/2845 292/2816/2816 302/2844/2844
f 302/2844/2844 292/2816/2816 284/2817/2817
f 302/2844/2844 284/2817/2817 296/2843/2843
f 296/2843/2843 284/2817/2817 278/2818/2818
f 296/2843/2843 278/2818/2818 282/2819/2819
f 296/2843/2843 282/2819/2819 306/2842/2842
f 306/2842/2842 282/2819/2819 290/2820/2820
f 306/2842/2842 290/2820/2820 322/2841/2841
f 322/2841/2841 290/2820/2820 308/2821/2821
f 322/2841/2841 308/2821/2821 340/2840/2840
f 340/2840/2840 308/2821/2821 338/2822/2822
f 340/2840/2840 338/2822/2822 360/2839/2839
f 360/2839/2839 338/2822/2822 368/2823/2823
f 360/2839/2839 368/2823/2823 378/2838/2838
f 378/2838/2838 368/2823/2823 392/2824/2824
f 378/2838/2838 392/2824/2824 426/2837/2837
f 426/2837/2837 392/2824/2824 476/2825/2825
f 426/2837/2837 476/2825/2825 500/2836/2836
f 500/2836/2836 476/2825/2825 542/2826/2826
f 500/2836/2836 542/2826/2826 560/2835/2835
f 560/2835/2835 542/2826/2826 634/2827/2827
f 560/2835/2835 634/2827/2827 650/2834/2834
f 650/2834/2834 634/2827/2827 712/2828/2828
f 650/2834/2834 712/2828/2828 716/2833/2833
f 716/2833/2833 712/2828/2828 782/2832/2832
f 782/2832/2832 712/2828/2828 790/2829/2829
f 782/2832/2832 790/2829/2829 824/2831/2831
f 824/2831/2831 790/2829/2829 830/2830/2830
f 894/2848/2848 682/2849/2849 892/2847/2847
f 892/2847/2847 682/2849/2849 626/2881/2881
f 626/2881/2881 682/2849/2849 624/2880/2880
f 624/2880/2880 682/2849/2849 218/2850/2850
f 624/2880/2880 218/2850/2850 192/2879/2879
f 192/2879/2879 218/2850/2850 208/2851/2851
f 192/2879/2879 208/2851/2851 180/2878/2878
f 180/2878/2878 208/2851/2851 200/2852/2852
f 180/2878/2878 200/2852/2852 170/2877/2877
f 170/2877/2877 200/2852/2852 176/2876/2876
f 176/2876/2876 200/2852/2852 210/2853/2853
f 176/2876/2876 210/2853/2853 184/2875/2875
f 184/2875/2875 210/2853/2853 220/2854/2854
f 184/2875/2875 220/2854/2854 212/2874/2874
f 212/2874/2874 220/2854/2854 238/2855/2855
f 212/2874/2874 238/2855/2855 234/2873/2873
f 234/2873/2873 238/2855/2855 250/2856/2856
f 234/2873/2873 250/2856/2856 254/2872/2872
f 254/2872/2872 250/2856/2856 270/2857/2857
f 254/2872/2872 270/2857/2857 286/2871/2871
f 286/2871/2871 270/2857/2857 310/2858/2858
f 286/2871/2871 310/2858/2858 348/2870/2870
f 348/2870/2870 310/2858/2858 364/2859/2859
f 348/2870/2870 364/2859/2859 388/2869/2869
f 388/2869/2869 364/2859/2859 408/2860/2860
f 388/2869/2869 408/2860/2860 510/2868/2868
f 510/2868/2868 408/2860/2860 524/2861/2861
f 510/2868/2868 524/2861/2861 620/2867/2867
f 620/2867/2867 524/2861/2861 622/2862/2862
f 620/2867/2867 622/2862/2862 730/2863/2863
f 620/2867/2867 730/2863/2863 736/2866/2866
f 736/2866/2866 730/2863/2863 804/2864/2864
f 736/2866/2866 804/2864/2864 812/2865/2865
f 862/2882/2882 860/2883/2883 648/2916/2916
f 648/2916/2916 860/2883/2883 580/2884/2884
f 648/2916/2916 580/2884/2884 578/2885/2885
f 648/2916/2916 578/2885/2885 202/2915/2915
f 202/2915/2915 578/2885/2885 172/2886/2886
f 202/2915/2915 172/2886/2886 186/2914/2914
f 186/2914/2914 172/2886/2886 158/2887/2887
f 186/2914/2914 158/2887/2887 182/2913/2913
f 182/2913/2913 158/2887/2887 154/2888/2888
f 182/2913/2913 154/2888/2888 156/2889/2889
f 182/2913/2913 156/2889/2889 188/2912/2912
f 188/2912/2912 156/2889/2889 168/2890/2890
f 188/2912/2912 168/2890/2890 204/2911/2911
f 204/2911/2911 168/2890/2890 194/2891/2891
f 204/2911/2911 194/2891/2891 224/2910/2910
f 224/2910/2910 194/2891/2891 222/2892/2892
f 224/2910/2910 222/2892/2892 242/2909/2909
f 242/2909/2909 222/2892/2892 248/2893/2893
f 242/2909/2909 248/2893/2893 258/2908/2908
f 258/2908/2908 248/2893/2893 272/2894/2894
f 258/2908/2908 272/2894/2894 288/2907/2907
f 288/2907/2907 272/2894/2894 324/2895/2895
f 288/2907/2907 324/2895/2895 346/2906/2906
f 346/2906/2906 324/2895/2895 372/2896/2896
f 346/2906/2906 372/2896/2896 384/2905/2905
f 384/2905/2905 372/2896/2896 474/2897/2897
f 384/2905/2905 474/2897/2897 482/2904/2904
f 482/2904/2904 474/2897/2897 574/2898/2898
f 482/2904/2904 574/2898/2898 576/2903/2903
f 576/2903/2903 574/2898/2898 688/2902/2902
f 688/2902/2902 574/2898/2898 702/2899/2899
f 688/2902/2902 702/2899/2899 778/2901/2901
f 778/2901/2901 702/2899/2899 794/2900/2900
f 624/2921/2921 192/2917/2917 602/2920/2920
f 602/2920/2920 192/2917/2917 172/2918/2918
f 602/2920/2920 172/2918/2918 578/2919/2919
f 648/2923/2923 202/2924/2924 682/2922/2922
f 682/2922/2922 202/2924/2924 218/2925/2925
f 218/2926/2926 202/2927/2927 208/2935/2935
f 208/2935/2935 202/2927/2927 186/2928/2928
f 208/2935/2935 186/2928/2928 200/2934/2934
f 200/2934/2934 186/2928/2928 182/2929/2929
f 200/2934/2934 182/2929/2929 210/2933/2933
f 210/2933/2933 182/2929/2929 188/2930/2930
f 210/2933/2933 188/2930/2930 220/2932/2932
f 220/2932/2932 188/2930/2930 204/2931/2931
f 220/2936/2936 204/2937/2937 238/2957/2957
f 238/2957/2957 204/2937/2937 224/2938/2938
f 238/2957/2957 224/2938/2938 242/2939/2939
f 238/2957/2957 242/2939/2939 250/2956/2956
f 250/2956/2956 242/2939/2939 258/2940/2940
f 250/2956/2956 258/2940/2940 270/2955/2955
f 270/2955/2955 258/2940/2940 288/2941/2941
f 270/2955/2955 288/2941/2941 310/2954/2954
f 310/2954/2954 288/2941/2941 346/2942/2942
f 310/2954/2954 346/2942/2942 364/2953/2953
f 364/2953/2953 346/2942/2942 384/2943/2943
f 364/2953/2953 384/2943/2943 408/2952/2952
f 408/2952/2952 384/2943/2943 482/2944/2944
f 408/2952/2952 482/2944/2944 524/2951/2951
f 524/2951/2951 482/2944/2944 576/2945/2945
f 524/2951/2951 576/2945/2945 622/2950/2950
f 622/2950/2950 576/2945/2945 688/2946/2946
f 622/2950/2950 688/2946/2946 730/2949/2949
f 730/2949/2949 688/2946/2946 804/2948/2948
f 804/2948/2948 688/2946/2946 778/2947/2947
usemtl 191,191,191
f 778/2959/2959 794/2960/2960 804/2958/2958
f 804/2958/2958 794/2960/2960 812/2961/2961
usemtl 246,164,49
f 812/2962/2962 794/2963/2963 736/2991/2991
f 736/2991/2991 794/2963/2963 702/2964/2964
f 736/2991/2991 702/2964/2964 620/2990/2990
f 620/2990/2990 702/2964/2964 574/2965/2965
f 620/2990/2990 574/2965/2965 510/2989/2989
f 510/2989/2989 574/2965/2965 474/2966/2966
f 510/2989/2989 474/2966/2966 388/2988/2988
f 388/2988/2988 474/2966/2966 372/2967/2967
f 388/2988/2988 372/2967/2967 348/2987/2987
f 348/2987/2987 372/2967/2967 324/2968/2968
f 348/2987/2987 324/2968/2968 286/2986/2986
f 286/2986/2986 324/2968/2968 272/2969/2969
f 286/2986/2986 272/2969/2969 254/2985/2985
f 254/2985/2985 272/2969/2969 248/2970/2970
f 254/2985/2985 248/2970/2970 234/2984/2984
f 234/2984/2984 248/2970/2970 222/2971/2971
f 234/2984/2984 222/2971/2971 212/2983/2983
f 212/2983/2983 222/2971/2971 194/2972/2972
f 212/2983/2983 194/2972/2972 184/2982/2982
f 184/2982/2982 194/2972/2972 168/2973/2973
f 184/2982/2982 168/2973/2973 176/2981/2981
f 176/2981/2981 168/2973/2973 156/2974/2974
f 176/2981/2981 156/2974/2974 170/2980/2980
f 170/2980/2980 156/2974/2974 154/2975/2975
f 170/2980/2980 154/2975/2975 180/2979/2979
f 180/2979/2979 154/2975/2975 158/2976/2976
f 180/2979/2979 158/2976/2976 192/2978/2978
f 192/2978/2978 158/2976/2976 172/2977/2977
f 862/2993/2993 568/2994/2994 860/2992/2992
f 860/2992/2992 568/2994/2994 528/3026/3026
f 528/3026/3026 568/2994/2994 526/3025/3025
f 526/3025/3025 568/2994/2994 130/2995/2995
f 526/3025/3025 130/2995/2995 98/3024/3024
f 98/3024/3024 130/2995/2995 114/2996/2996
f 98/3024/3024 114/2996/2996 82/3023/3023
f 82/3023/3023 114/2996/2996 110/2997/2997
f 82/3023/3023 110/2997/2997 78/3022/3022
f 78/3022/3022 110/2997/2997 80/3021/3021
f 80/3021/3021 110/2997/2997 116/2998/2998
f 80/3021/3021 116/2998/2998 96/3020/3020
f 96/3020/3020 116/2998/2998 132/2999/2999
f 96/3020/3020 132/2999/2999 122/3019/3019
f 122/3019/3019 132/2999/2999 144/3000/3000
f 122/3019/3019 144/3000/3000 142/3018/3018
f 142/3018/3018 144/3000/3000 164/3001/3001
f 142/3018/3018 164/3001/3001 178/3017/3017
f 178/3017/3017 164/3001/3001 206/3002/3002
f 178/3017/3017 206/3002/3002 228/3016/3016
f 228/3016/3016 206/3002/3002 244/3003/3003
f 228/3016/3016 244/3003/3003 260/3015/3015
f 260/3015/3015 244/3003/3003 274/3004/3004
f 260/3015/3015 274/3004/3004 314/3014/3014
f 314/3014/3014 274/3004/3004 334/3005/3005
f 314/3014/3014 334/3005/3005 382/3013/3013
f 382/3013/3013 334/3005/3005 386/3006/3006
f 382/3013/3013 386/3006/3006 514/3012/3012
f 514/3012/3012 386/3006/3006 516/3007/3007
f 514/3012/3012 516/3007/3007 640/3008/3008
f 514/3012/3012 640/3008/3008 654/3011/3011
f 654/3011/3011 640/3008/3008 748/3009/3009
f 654/3011/3011 748/3009/3009 774/3010/3010
f 526/3031/3031 98/3027/3027 508/3030/3030
f 508/3030/3030 98/3027/3027 90/3028/3028
f 508/3030/3030 90/3028/3028 496/3029/3029
f 544/3033/3033 120/3034/3034 568/3032/3032
f 568/3032/3032 120/3034/3034 130/3035/3035
f 130/3036/3036 120/3037/3037 114/3045/3045
f 114/3045/3045 120/3037/3037 104/3038/3038
f 114/3045/3045 104/3038/3038 110/3044/3044
f 110/3044/3044 104/3038/3038 100/3039/3039
f 110/3044/3044 100/3039/3039 116/3043/3043
f 116/3043/3043 100/3039/3039 106/3040/3040
f 116/3043/3043 106/3040/3040 132/3042/3042
f 132/3042/3042 106/3040/3040 124/3041/3041
f 132/3046/3046 124/3047/3047 144/3067/3067
f 144/3067/3067 124/3047/3047 138/3048/3048
f 144/3067/3067 138/3048/3048 152/3049/3049
f 144/3067/3067 152/3049/3049 164/3066/3066
f 164/3066/3066 152/3049/3049 196/3050/3050
f 164/3066/3066 196/3050/3050 206/3065/3065
f 206/3065/3065 196/3050/3050 236/3051/3051
f 206/3065/3065 236/3051/3051 244/3064/3064
f 244/3064/3064 236/3051/3051 262/3052/3052
f 244/3064/3064 262/3052/3052 274/3063/3063
f 274/3063/3063 262/3052/3052 318/3053/3053
f 274/3063/3063 318/3053/3053 334/3062/3062
f 334/3062/3062 318/3053/3053 376/3054/3054
f 334/3062/3062 376/3054/3054 386/3061/3061
f 386/3061/3061 376/3054/3054 492/3055/3055
f 386/3061/3061 492/3055/3055 516/3060/3060
f 516/3060/3060 492/3055/3055 598/3056/3056
f 516/3060/3060 598/3056/3056 640/3059/3059
f 640/3059/3059 598/3056/3056 748/3058/3058
f 748/3058/3058 598/3056/3056 722/3057/3057
usemtl 191,191,191
f 722/3069/3069 746/3070/3070 748/3068/3068
f 748/3068/3068 746/3070/3070 774/3071/3071
usemtl 246,164,49
f 774/3072/3072 746/3073/3073 654/3101/3101
f 654/3101/3101 746/3073/3073 616/3074/3074
f 654/3101/3101 616/3074/3074 514/3100/3100
f 514/3100/3100 616/3074/3074 490/3075/3075
f 514/3100/3100 490/3075/3075 382/3099/3099
f 382/3099/3099 490/3075/3075 370/3076/3076
f 382/3099/3099 370/3076/3076 314/3098/3098
f 314/3098/3098 370/3076/3076 298/3077/3077
f 314/3098/3098 298/3077/3077 260/3097/3097
f 260/3097/3097 298/3077/3077 252/3078/3078
f 260/3097/3097 252/3078/3078 228/3096/3096
f 228/3096/3096 252/3078/3078 216/3079/3079
f 228/3096/3096 216/3079/3079 178/3095/3095
f 178/3095/3095 216/3079/3079 162/3080/3080
f 178/3095/3095 162/3080/3080 142/3094/3094
f 142/3094/3094 162/3080/3080 136/3081/3081
f 142/3094/3094 136/3081/3081 122/3093/3093
f 122/3093/3093 136/3081/3081 108/3082/3082
f 122/3093/3093 108/3082/3082 96/3092/3092
f 96/3092/3092 108/3082/3082 86/3083/3083
f 96/3092/3092 86/3083/3083 80/3091/3091
f 80/3091/3091 86/3083/3083 74/3084/3084
f 80/3091/3091 74/3084/3084 78/3090/3090
f 78/3090/3090 74/3084/3084 66/3085/3085
f 78/3090/3090 66/3085/3085 82/3089/3089
f 82/3089/3089 66/3085/3085 76/3086/3086
f 82/3089/3089 76/3086/3086 98/3088/3088
f 98/3088/3088 76/3086/3086 90/3087/3087
f 834/3102/3102 832/3103/3103 544/3136/3136
f 544/3136/3136 832/3103/3103 498/3104/3104
f 544/3136/3136 498/3104/3104 496/3105/3105
f 544/3136/3136 496/3105/3105 120/3135/3135
f 120/3135/3135 496/3105/3105 90/3106/3106
f 120/3135/3135 90/3106/3106 104/3134/3134
f 104/3134/3134 90/3106/3106 76/3107/3107
f 104/3134/3134 76/3107/3107 100/3133/3133
f 100/3133/3133 76/3107/3107 66/3108/3108
f 100/3133/3133 66/3108/3108 74/3109/3109
f 100/3133/3133 74/3109/3109 106/3132/3132
f 106/3132/3132 74/3109/3109 86/3110/3110
f 106/3132/3132 86/3110/3110 124/3131/3131
f 124/3131/3131 86/3110/3110 108/3111/3111
f 124/3131/3131 108/3111/3111 138/3130/3130
f 138/3130/3130 108/3111/3111 136/3112/3112
f 138/3130/3130 136/3112/3112 152/3129/3129
f 152/3129/3129 136/3112/3112 162/3113/3113
f 152/3129/3129 162/3113/3113 196/3128/3128
f 196/3128/3128 162/3113/3113 216/3114/3114
f 196/3128/3128 216/3114/3114 236/3127/3127
f 236/3127/3127 216/3114/3114 252/3115/3115
f 236/3127/3127 252/3115/3115 262/3126/3126
f 262/3126/3126 252/3115/3115 298/3116/3116
f 262/3126/3126 298/3116/3116 318/3125/3125
f 318/3125/3125 298/3116/3116 370/3117/3117
f 318/3125/3125 370/3117/3117 376/3124/3124
f 376/3124/3124 370/3117/3117 490/3118/3118
f 376/3124/3124 490/3118/3118 492/3123/3123
f 492/3123/3123 490/3118/3118 598/3122/3122
f 598/3122/3122 490/3118/3118 616/3119/3119
f 598/3122/3122 616/3119/3119 722/3121/3121
f 722/3121/3121 616/3119/3119 746/3120/3120
f 834/3138/3138 518/3139/3139 832/3137/3137
f 832/3137/3137 518/3139/3139 462/3171/3171
f 462/3171/3171 518/3139/3139 460/3170/3170
f 460/3170/3170 518/3139/3139 64/3140/3140
f 460/3170/3170 64/3140/3140 38/3169/3169
f 38/3169/3169 64/3140/3140 54/3141/3141
f 38/3169/3169 54/3141/3141 22/3168/3168
f 22/3168/3168 54/3141/3141 48/3142/3142
f 22/3168/3168 48/3142/3142 16/3167/3167
f 16/3167/3167 48/3142/3142 20/3166/3166
f 20/3166/3166 48/3142/3142 56/3143/3143
f 20/3166/3166 56/3143/3143 34/3165/3165
f 34/3165/3165 56/3143/3143 68/3144/3144
f 34/3165/3165 68/3144/3144 58/3164/3164
f 58/3164/3164 68/3144/3144 94/3145/3145
f 58/3164/3164 94/3145/3145 92/3163/3163
f 92/3163/3163 94/3145/3145 126/3146/3146
f 92/3163/3163 126/3146/3146 134/3162/3162
f 134/3162/3162 126/3146/3146 148/3147/3147
f 134/3162/3162 148/3147/3147 166/3161/3161
f 166/3161/3161 148/3147/3147 198/3148/3148
f 166/3161/3161 198/3148/3148 230/3160/3160
f 230/3160/3160 198/3148/3148 246/3149/3149
f 230/3160/3160 246/3149/3149 268/3159/3159
f 268/3159/3159 246/3149/3149 280/3150/3150
f 268/3159/3159 280/3150/3150 354/3158/3158
f 354/3158/3158 280/3150/3150 358/3151/3151
f 354/3158/3158 358/3151/3151 448/3157/3157
f 448/3157/3157 358/3151/3151 454/3152/3152
f 448/3157/3157 454/3152/3152 564/3153/3153
f 448/3157/3157 564/3153/3153 582/3156/3156
f 582/3156/3156 564/3153/3153 704/3154/3154
f 582/3156/3156 704/3154/3154 734/3155/3155
f 828/3172/3172 826/3173/3173 504/3206/3206
f 504/3206/3206 826/3173/3173 436/3174/3174
f 504/3206/3206 436/3174/3174 434/3175/3175
f 504/3206/3206 434/3175/3175 60/3205/3205
f 60/3205/3205 434/3175/3175 30/3176/3176
f 60/3205/3205 30/3176/3176 46/3204/3204
f 46/3204/3204 30/3176/3176 18/3177/3177
f 46/3204/3204 18/3177/3177 40/3203/3203
f 40/3203/3203 18/3177/3177 8/3178/3178
f 40/3203/3203 8/3178/3178 14/3179/3179
f 40/3203/3203 14/3179/3179 50/3202/3202
f 50/3202/3202 14/3179/3179 26/3180/3180
f 50/3202/3202 26/3180/3180 62/3201/3201
f 62/3201/3201 26/3180/3180 52/3181/3181
f 62/3201/3201 52/3181/3181 88/3200/3200
f 88/3200/3200 52/3181/3181 84/3182/3182
f 88/3200/3200 84/3182/3182 118/3199/3199
f 118/3199/3199 84/3182/3182 128/3183/3183
f 118/3199/3199 128/3183/3183 146/3198/3198
f 146/3198/3198 128/3183/3183 160/3184/3184
f 146/3198/3198 160/3184/3184 190/3197/3197
f 190/3197/3197 160/3184/3184 226/3185/3185
f 190/3197/3197 226/3185/3185 240/3196/3196
f 240/3196/3196 226/3185/3185 264/3186/3186
f 240/3196/3196 264/3186/3186 276/3195/3195
f 276/3195/3195 264/3186/3186 344/3187/3187
f 276/3195/3195 344/3187/3187 356/3194/3194
f 356/3194/3194 344/3187/3187 428/3188/3188
f 356/3194/3194 428/3188/3188 430/3193/3193
f 430/3193/3193 428/3188/3188 554/3192/3192
f 554/3192/3192 428/3188/3188 562/3189/3189
f 554/3192/3192 562/3189/3189 694/3191/3191
f 694/3191/3191 562/3189/3189 714/3190/3190
f 460/3211/3211 38/3207/3207 452/3210/3210
f 452/3210/3210 38/3207/3207 30/3208/3208
f 452/3210/3210 30/3208/3208 434/3209/3209
f 504/3213/3213 60/3214/3214 518/3212/3212
f 518/3212/3212 60/3214/3214 64/3215/3215
f 64/3216/3216 60/3217/3217 54/3225/3225
f 54/3225/3225 60/3217/3217 46/3218/3218
f 54/3225/3225 46/3218/3218 48/3224/3224
f 48/3224/3224 46/3218/3218 40/3219/3219
f 48/3224/3224 40/3219/3219 56/3223/3223
f 56/3223/3223 40/3219/3219 50/3220/3220
f 56/3223/3223 50/3220/3220 68/3222/3222
f 68/3222/3222 50/3220/3220 62/3221/3221
f 68/3226/3226 62/3227/3227 94/3247/3247
f 94/3247/3247 62/3227/3227 88/3228/3228
f 94/3247/3247 88/3228/3228 118/3229/3229
f 94/3247/3247 118/3229/3229 126/3246/3246
f 126/3246/3246 118/3229/3229 146/3230/3230
f 126/3246/3246 146/3230/3230 148/3245/3245
f 148/3245/3245 146/3230/3230 190/3231/3231
f 148/3245/3245 190/3231/3231 198/3244/3244
f 198/3244/3244 190/3231/3231 240/3232/3232
f 198/3244/3244 240/3232/3232 246/3243/3243
f 246/3243/3243 240/3232/3232 276/3233/3233
f 246/3243/3243 276/3233/3233 280/3242/3242
f 280/3242/3242 276/3233/3233 356/3234/3234
f 280/3242/3242 356/3234/3234 358/3241/3241
f 358/3241/3241 356/3234/3234 430/3235/3235
f 358/3241/3241 430/3235/3235 454/3240/3240
f 454/3240/3240 430/3235/3235 554/3236/3236
f 454/3240/3240 554/3236/3236 564/3239/3239
f 564/3239/3239 554/3236/3236 704/3238/3238
f 704/3238/3238 554/3236/3236 694/3237/3237
usemtl 191,191,191
f 694/3249/3249 714/3250/3250 704/3248/3248
f 704/3248/3248 714/3250/3250 734/3251/3251
usemtl 246,164,49
f 734/3252/3252 714/3253/3253 582/3281/3281
f 582/3281/3281 714/3253/3253 562/3254/3254
f 582/3281/3281 562/3254/3254 448/3280/3280
f 448/3280/3280 562/3254/3254 428/3255/3255
f 448/3280/3280 428/3255/3255 354/3279/3279
f 354/3279/3279 428/3255/3255 344/3256/3256
f 354/3279/3279 344/3256/3256 268/3278/3278
f 268/3278/3278 344/3256/3256 264/3257/3257
f 268/3278/3278 264/3257/3257 230/3277/3277
f 230/3277/3277 264/3257/3257 226/3258/3258
f 230/3277/3277 226/3258/3258 166/3276/3276
f 166/3276/3276 226/3258/3258 160/3259/3259
f 166/3276/3276 160/3259/3259 134/3275/3275
f 134/3275/3275 160/3259/3259 128/3260/3260
f 134/3275/3275 128/3260/3260 92/3274/3274
f 92/3274/3274 128/3260/3260 84/3261/3261
f 92/3274/3274 84/3261/3261 58/3273/3273
f 58/3273/3273 84/3261/3261 52/3262/3262
f 58/3273/3273 52/3262/3262 34/3272/3272
f 34/3272/3272 52/3262/3262 26/3263/3263
f 34/3272/3272 26/3263/3263 20/3271/3271
f 20/3271/3271 26/3263/3263 14/3264/3264
f 20/3271/3271 14/3264/3264 16/3270/3270
f 16/3270/3270 14/3264/3264 8/3265/3265
f 16/3270/3270 8/3265/3265 22/3269/3269
f 22/3269/3269 8/3265/3265 18/3266/3266
f 22/3269/3269 18/3266/3266 38/3268/3268
f 38/3268/3268 18/3266/3266 30/3267/3267
f 828/3283/3283 494/3284/3284 826/3282/3282
f 826/3282/3282 494/3284/3284 420/3316/3316
f 420/3316/3316 494/3284/3284 414/3315/3315
f 414/3315/3315 494/3284/3284 42/3285/3285
f 414/3315/3315 42/3285/3285 12/3314/3314
f 12/3314/3314 42/3285/3285 28/3286/3286
f 12/3314/3314 28/3286/3286 6/3313/3313
f 6/3313/3313 28/3286/3286 24/3287/3287
f 6/3313/3313 24/3287/3287 2/3312/3312
f 2/3312/3312 24/3287/3287 4/3311/3311
f 4/3311/3311 24/3287/3287 32/3288/3288
f 4/3311/3311 32/3288/3288 10/3310/3310
f 10/3310/3310 32/3288/3288 44/3289/3289
f 10/3310/3310 44/3289/3289 36/3309/3309
f 36/3309/3309 44/3289/3289 72/3290/3290
f 36/3309/3309 72/3290/3290 70/3308/3308
f 70/3308/3308 72/3290/3290 102/3291/3291
f 70/3308/3308 102/3291/3291 112/3307/3307
f 112/3307/3307 102/3291/3291 140/3292/3292
f 112/3307/3307 140/3292/3292 150/3306/3306
f 150/3306/3306 140/3292/3292 174/3293/3293
f 150/3306/3306 174/3293/3293 214/3305/3305
f 214/3305/3305 174/3293/3293 232/3294/3294
f 214/3305/3305 232/3294/3294 256/3304/3304
f 256/3304/3304 232/3294/3294 266/3295/3295
f 256/3304/3304 266/3295/3295 326/3303/3303
f 326/3303/3303 266/3295/3295 342/3296/3296
f 326/3303/3303 342/3296/3296 399/3302/3302
f 399/3302/3302 342/3296/3296 404/3297/3297
f 399/3302/3302 404/3297/3297 546/3298/3298
f 399/3302/3302 546/3298/3298 558/3301/3301
f 558/3301/3301 546/3298/3298 686/3299/3299
f 558/3301/3301 686/3299/3299 708/3300/3300
f 414/3321/3321 12/3317/3317 413/3320/3320
f 413/3320/3320 12/3317/3317 11/3318/3318
f 413/3320/3320 11/3318/3318 412/3319/3319
f 493/3323/3323 41/3324/3324 494/3322/3322
f 494/3322/3322 41/3324/3324 42/3325/3325
f 42/3326/3326 41/3327/3327 28/3335/3335
f 28/3335/3335 41/3327/3327 27/3328/3328
f 28/3335/3335 27/3328/3328 24/3334/3334
f 24/3334/3334 27/3328/3328 23/3329/3329
f 24/3334/3334 23/3329/3329 32/3333/3333
f 32/3333/3333 23/3329/3329 31/3330/3330
f 32/3333/3333 31/3330/3330 44/3332/3332
f 44/3332/3332 31/3330/3330 43/3331/3331
f 44/3336/3336 43/3337/3337 72/3357/3357
f 72/3357/3357 43/3337/3337 71/3338/3338
f 72/3357/3357 71/3338/3338 101/3339/3339
f 72/3357/3357 101/3339/3339 102/3356/3356
f 102/3356/3356 101/3339/3339 139/3340/3340
f 102/3356/3356 139/3340/3340 140/3355/3355
f 140/3355/3355 139/3340/3340 173/3341/3341
f 140/3355/3355 173/3341/3341 174/3354/3354
f 174/3354/3354 173/3341/3341 231/3342/3342
f 174/3354/3354 231/3342/3342 232/3353/3353
f 232/3353/3353 231/3342/3342 265/3343/3343
f 232/3353/3353 265/3343/3343 266/3352/3352
f 266/3352/3352 265/3343/3343 341/3344/3344
f 266/3352/3352 341/3344/3344 342/3351/3351
f 342/3351/3351 341/3344/3344 403/3345/3345
f 342/3351/3351 403/3345/3345 404/3350/3350
f 404/3350/3350 403/3345/3345 545/3346/3346
f 404/3350/3350 545/3346/3346 546/3349/3349
f 546/3349/3349 545/3346/3346 686/3348/3348
f 686/3348/3348 545/3346/3346 685/3347/3347
usemtl 191,191,191
f 685/3359/3359 707/3360/3360 686/3358/3358
f 686/3358/3358 707/3360/3360 708/3361/3361
usemtl 246,164,49
f 708/3362/3362 707/3363/3363 558/3391/3391
f 558/3391/3391 707/3363/3363 557/3364/3364
f 558/3391/3391 557/3364/3364 399/3390/3390
f 399/3390/3390 557/3364/3364 398/3365/3365
f 399/3390/3390 398/3365/3365 326/3389/3389
f 326/3389/3389 398/3365/3365 325/3366/3366
f 326/3389/3389 325/3366/3366 256/3388/3388
f 256/3388/3388 325/3366/3366 255/3367/3367
f 256/3388/3388 255/3367/3367 214/3387/3387
f 214/3387/3387 255/3367/3367 213/3368/3368
f 214/3387/3387 213/3368/3368 150/3386/3386
f 150/3386/3386 213/3368/3368 149/3369/3369
f 150/3386/3386 149/3369/3369 112/3385/3385
f 112/3385/3385 149/3369/3369 111/3370/3370
f 112/3385/3385 111/3370/3370 70/3384/3384
f 70/3384/3384 111/3370/3370 69/3371/3371
f 70/3384/3384 69/3371/3371 36/3383/3383
f 36/3383/3383 69/3371/3371 35/3372/3372
f 36/3383/3383 35/3372/3372 10/3382/3382
f 10/3382/3382 35/3372/3372 9/3373/3373
f 10/3382/3382 9/3373/3373 4/3381/3381
f 4/3381/3381 9/3373/3373 3/3374/3374
f 4/3381/3381 3/3374/3374 2/3380/3380
f 2/3380/3380 3/3374/3374 1/3375/3375
f 2/3380/3380 1/3375/3375 6/3379/3379
f 6/3379/3379 1/3375/3375 5/3376/3376
f 6/3379/3379 5/3376/3376 12/3378/3378
f 12/3378/3378 5/3376/3376 11/3377/3377
f 827/3392/3392 825/3393/3393 493/3426/3426
f 493/3426/3426 825/3393/3393 419/3394/3394
f 493/3426/3426 419/3394/3394 412/3395/3395
f 493/3426/3426 412/3395/3395 41/3425/3425
f 41/3425/3425 412/3395/3395 11/3396/3396
f 41/3425/3425 11/3396/3396 27/3424/3424
f 27/3424/3424 11/3396/3396 5/3397/3397
f 27/3424/3424 5/3397/3397 23/3423/3423
f 23/3423/3423 5/3397/3397 1/3398/3398
f 23/3423/3423 1/3398/3398 3/3399/3399
f 23/3423/3423 3/3399/3399 31/3422/3422
f 31/3422/3422 3/3399/3399 9/3400/3400
f 31/3422/3422 9/3400/3400 43/3421/3421
f 43/3421/3421 9/3400/3400 35/3401/3401
f 43/3421/3421 35/3401/3401 71/3420/3420
f 71/3420/3420 35/3401/3401 69/3402/3402
f 71/3420/3420 69/3402/3402 101/3419/3419
f 101/3419/3419 69/3402/3402 111/3403/3403
f 101/3419/3419 111/3403/3403 139/3418/3418
f 139/3418/3418 111/3403/3403 149/3404/3404
f 139/3418/3418 149/3404/3404 173/3417/3417
f 173/3417/3417 149/3404/3404 213/3405/3405
f 173/3417/3417 213/3405/3405 231/3416/3416
f 231/3416/3416 213/3405/3405 255/3406/3406
f 231/3416/3416 255/3406/3406 265/3415/3415
f 265/3415/3415 255/3406/3406 325/3407/3407
f 265/3415/3415 325/3407/3407 341/3414/3414
f 341/3414/3414 325/3407/3407 398/3408/3408
f 341/3414/3414 398/3408/3408 403/3413/3413
f 403/3413/3413 398/3408/3408 545/3412/3412
f 545/3412/3412 398/3408/3408 557/3409/3409
f 545/3412/3412 557/3409/3409 685/3411/3411
f 685/3411/3411 557/3409/3409 707/3410/3410
f 827/3428/3428 503/3429/3429 825/3427/3427
f 825/3427/3427 503/3429/3429 435/3461/3461
f 435/3461/3461 503/3429/3429 433/3460/3460
f 433/3460/3460 503/3429/3429 59/3430/3430
f 433/3460/3460 59/3430/3430 29/3459/3459
f 29/3459/3459 59/3430/3430 45/3431/3431
f 29/3459/3459 45/3431/3431 17/3458/3458
f 17/3458/3458 45/3431/3431 39/3432/3432
f 17/3458/3458 39/3432/3432 7/3457/3457
f 7/3457/3457 39/3432/3432 13/3456/3456
f 13/3456/3456 39/3432/3432 49/3433/3433
f 13/3456/3456 49/3433/3433 25/3455/3455
f 25/3455/3455 49/3433/3433 61/3434/3434
f 25/3455/3455 61/3434/3434 51/3454/3454
f 51/3454/3454 61/3434/3434 87/3435/3435
f 51/3454/3454 87/3435/3435 83/3453/3453
f 83/3453/3453 87/3435/3435 117/3436/3436
f 83/3453/3453 117/3436/3436 127/3452/3452
f 127/3452/3452 117/3436/3436 145/3437/3437
f 127/3452/3452 145/3437/3437 159/3451/3451
f 159/3451/3451 145/3437/3437 189/3438/3438
f 159/3451/3451 189/3438/3438 225/3450/3450
f 225/3450/3450 189/3438/3438 239/3439/3439
f 225/3450/3450 239/3439/3439 263/3449/3449
f 263/3449/3449 239/3439/3439 275/3440/3440
f 263/3449/3449 275/3440/3440 343/3448/3448
f 343/3448/3448 275/3440/3440 355/3441/3441
f 343/3448/3448 355/3441/3441 427/3447/3447
f 427/3447/3447 355/3441/3441 429/3442/3442
f 427/3447/3447 429/3442/3442 553/3443/3443
f 427/3447/3447 553/3443/3443 561/3446/3446
f 561/3446/3446 553/3443/3443 693/3444/3444
f 561/3446/3446 693/3444/3444 713/3445/3445
f 833/3462/3462 831/3463/3463 517/3496/3496
f 517/3496/3496 831/3463/3463 461/3464/3464
f 517/3496/3496 461/3464/3464 459/3465/3465
f 517/3496/3496 459/3465/3465 63/3495/3495
f 63/3495/3495 459/3465/3465 37/3466/3466
f 63/3495/3495 37/3466/3466 53/3494/3494
f 53/3494/3494 37/3466/3466 21/3467/3467
f 53/3494/3494 21/3467/3467 47/3493/3493
f 47/3493/3493 21/3467/3467 15/3468/3468
f 47/3493/3493 15/3468/3468 19/3469/3469
f 47/3493/3493 19/3469/3469 55/3492/3492
f 55/3492/3492 19/3469/3469 33/3470/3470
f 55/3492/3492 33/3470/3470 67/3491/3491
f 67/3491/3491 33/3470/3470 57/3471/3471
f 67/3491/3491 57/3471/3471 93/3490/3490
f 93/3490/3490 57/3471/3471 91/3472/3472
f 93/3490/3490 91/3472/3472 125/3489/3489
f 125/3489/3489 91/3472/3472 133/3473/3473
f 125/3489/3489 133/3473/3473 147/3488/3488
f 147/3488/3488 133/3473/3473 165/3474/3474
f 147/3488/3488 165/3474/3474 197/3487/3487
f 197/3487/3487 165/3474/3474 229/3475/3475
f 197/3487/3487 229/3475/3475 245/3486/3486
f 245/3486/3486 229/3475/3475 267/3476/3476
f 245/3486/3486 267/3476/3476 279/3485/3485
f 279/3485/3485 267/3476/3476 353/3477/3477
f 279/3485/3485 353/3477/3477 357/3484/3484
f 357/3484/3484 353/3477/3477 447/3478/3478
f 357/3484/3484 447/3478/3478 453/3483/3483
f 453/3483/3483 447/3478/3478 563/3482/3482
f 563/3482/3482 447/3478/3478 581/3479/3479
f 563/3482/3482 581/3479/3479 703/3481/3481
f 703/3481/3481 581/3479/3479 733/3480/3480
f 433/3501/3501 29/3497/3497 451/3500/3500
f 451/3500/3500 29/3497/3497 37/3498/3498
f 451/3500/3500 37/3498/3498 459/3499/3499
f 517/3503/3503 63/3504/3504 503/3502/3502
f 503/3502/3502 63/3504/3504 59/3505/3505
f 59/3506/3506 63/3507/3507 45/3515/3515
f 45/3515/3515 63/3507/3507 53/3508/3508
f 45/3515/3515 53/3508/3508 39/3514/3514
f 39/3514/3514 53/3508/3508 47/3509/3509
f 39/3514/3514 47/3509/3509 49/3513/3513
f 49/3513/3513 47/3509/3509 55/3510/3510
f 49/3513/3513 55/3510/3510 61/3512/3512
f 61/3512/3512 55/3510/3510 67/3511/3511
f 61/3516/3516 67/3517/3517 87/3537/3537
f 87/3537/3537 67/3517/3517 93/3518/3518
f 87/3537/3537 93/3518/3518 125/3519/3519
f 87/3537/3537 125/3519/3519 117/3536/3536
f 117/3536/3536 125/3519/3519 147/3520/3520
f 117/3536/3536 147/3520/3520 145/3535/3535
f 145/3535/3535 147/3520/3520 197/3521/3521
f 145/3535/3535 197/3521/3521 189/3534/3534
f 189/3534/3534 197/3521/3521 245/3522/3522
f 189/3534/3534 245/3522/3522 239/3533/3533
f 239/3533/3533 245/3522/3522 279/3523/3523
f 239/3533/3533 279/3523/3523 275/3532/3532
f 275/3532/3532 279/3523/3523 357/3524/3524
f 275/3532/3532 357/3524/3524 355/3531/3531
f 355/3531/3531 357/3524/3524 453/3525/3525
f 355/3531/3531 453/3525/3525 429/3530/3530
f 429/3530/3530 453/3525/3525 563/3526/3526
f 429/3530/3530 563/3526/3526 553/3529/3529
f 553/3529/3529 563/3526/3526 693/3528/3528
f 693/3528/3528 563/3526/3526 703/3527/3527
usemtl 191,191,191
f 703/3539/3539 733/3540/3540 693/3538/3538
f 693/3538/3538 733/3540/3540 713/3541/3541
usemtl 246,164,49
f 713/3542/3542 733/3543/3543 561/3571/3571
f 561/3571/3571 733/3543/3543 581/3544/3544
f 561/3571/3571 581/3544/3544 427/3570/3570
f 427/3570/3570 581/3544/3544 447/3545/3545
f 427/3570/3570 447/3545/3545 343/3569/3569
f 343/3569/3569 447/3545/3545 353/3546/3546
f 343/3569/3569 353/3546/3546 263/3568/3568
f 263/3568/3568 353/3546/3546 267/3547/3547
f 263/3568/3568 267/3547/3547 225/3567/3567
f 225/3567/3567 267/3547/3547 229/3548/3548
f 225/3567/3567 229/3548/3548 159/3566/3566
f 159/3566/3566 229/3548/3548 165/3549/3549
f 159/3566/3566 165/3549/3549 127/3565/3565
f 127/3565/3565 165/3549/3549 133/3550/3550
f 127/3565/3565 133/3550/3550 83/3564/3564
f 83/3564/3564 133/3550/3550 91/3551/3551
f 83/3564/3564 91/3551/3551 51/3563/3563
f 51/3563/3563 91/3551/3551 57/3552/3552
f 51/3563/3563 57/3552/3552 25/3562/3562
f 25/3562/3562 57/3552/3552 33/3553/3553
f 25/3562/3562 33/3553/3553 13/3561/3561
f 13/3561/3561 33/3553/3553 19/3554/3554
f 13/3561/3561 19/3554/3554 7/3560/3560
f 7/3560/3560 19/3554/3554 15/3555/3555
f 7/3560/3560 15/3555/3555 17/3559/3559
f 17/3559/3559 15/3555/3555 21/3556/3556
f 17/3559/3559 21/3556/3556 29/3558/3558
f 29/3558/3558 21/3556/3556 37/3557/3557
f 833/3573/3573 543/3574/3574 831/3572/3572
f 831/3572/3572 543/3574/3574 497/3606/3606
f 497/3606/3606 543/3574/3574 495/3605/3605
f 495/3605/3605 543/3574/3574 119/3575/3575
f 495/3605/3605 119/3575/3575 89/3604/3604
f 89/3604/3604 119/3575/3575 103/3576/3576
f 89/3604/3604 103/3576/3576 75/3603/3603
f 75/3603/3603 103/3576/3576 99/3577/3577
f 75/3603/3603 99/3577/3577 65/3602/3602
f 65/3602/3602 99/3577/3577 73/3601/3601
f 73/3601/3601 99/3577/3577 105/3578/3578
f 73/3601/3601 105/3578/3578 85/3600/3600
f 85/3600/3600 105/3578/3578 123/3579/3579
f 85/3600/3600 123/3579/3579 107/3599/3599
f 107/3599/3599 123/3579/3579 137/3580/3580
f 107/3599/3599 137/3580/3580 135/3598/3598
f 135/3598/3598 137/3580/3580 151/3581/3581
f 135/3598/3598 151/3581/3581 161/3597/3597
f 161/3597/3597 151/3581/3581 195/3582/3582
f 161/3597/3597 195/3582/3582 215/3596/3596
f 215/3596/3596 195/3582/3582 235/3583/3583
f 215/3596/3596 235/3583/3583 251/3595/3595
f 251/3595/3595 235/3583/3583 261/3584/3584
f 251/3595/3595 261/3584/3584 297/3594/3594
f 297/3594/3594 261/3584/3584 317/3585/3585
f 297/3594/3594 317/3585/3585 369/3593/3593
f 369/3593/3593 317/3585/3585 375/3586/3586
f 369/3593/3593 375/3586/3586 489/3592/3592
f 489/3592/3592 375/3586/3586 491/3587/3587
f 489/3592/3592 491/3587/3587 597/3588/3588
f 489/3592/3592 597/3588/3588 615/3591/3591
f 615/3591/3591 597/3588/3588 721/3589/3589
f 615/3591/3591 721/3589/3589 745/3590/3590
f 495/3611/3611 89/3607/3607 507/3610/3610
f 507/3610/3610 89/3607/3607 97/3608/3608
f 507/3610/3610 97/3608/3608 525/3609/3609
f 567/3613/3613 129/3614/3614 543/3612/3612
f 543/3612/3612 129/3614/3614 119/3615/3615
f 119/3616/3616 129/3617/3617 103/3625/3625
f 103/3625/3625 129/3617/3617 113/3618/3618
f 103/3625/3625 113/3618/3618 99/3624/3624
f 99/3624/3624 113/3618/3618 109/3619/3619
f 99/3624/3624 109/3619/3619 105/3623/3623
f 105/3623/3623 109/3619/3619 115/3620/3620
f 105/3623/3623 115/3620/3620 123/3622/3622
f 123/3622/3622 115/3620/3620 131/3621/3621
f 123/3626/3626 131/3627/3627 137/3647/3647
f 137/3647/3647 131/3627/3627 143/3628/3628
f 137/3647/3647 143/3628/3628 163/3629/3629
f 137/3647/3647 163/3629/3629 151/3646/3646
f 151/3646/3646 163/3629/3629 205/3630/3630
f 151/3646/3646 205/3630/3630 195/3645/3645
f 195/3645/3645 205/3630/3630 243/3631/3631
f 195/3645/3645 243/3631/3631 235/3644/3644
f 235/3644/3644 243/3631/3631 273/3632/3632
f 235/3644/3644 273/3632/3632 261/3643/3643
f 261/3643/3643 273/3632/3632 333/3633/3633
f 261/3643/3643 333/3633/3633 317/3642/3642
f 317/3642/3642 333/3633/3633 385/3634/3634
f 317/3642/3642 385/3634/3634 375/3641/3641
f 375/3641/3641 385/3634/3634 515/3635/3635
f 375/3641/3641 515/3635/3635 491/3640/3640
f 491/3640/3640 515/3635/3635 639/3636/3636
f 491/3640/3640 639/3636/3636 597/3639/3639
f 597/3639/3639 639/3636/3636 721/3638/3638
f 721/3638/3638 639/3636/3636 747/3637/3637
usemtl 191,191,191
f 747/3649/3649 773/3650/3650 721/3648/3648
f 721/3648/3648 773/3650/3650 745/3651/3651
usemtl 246,164,49
f 745/3652/3652 773/3653/3653 615/3681/3681
f 615/3681/3681 773/3653/3653 653/3654/3654
f 615/3681/3681 653/3654/3654 489/3680/3680
f 489/3680/3680 653/3654/3654 513/3655/3655
f 489/3680/3680 513/3655/3655 369/3679/3679
f 369/3679/3679 513/3655/3655 381/3656/3656
f 369/3679/3679 381/3656/3656 297/3678/3678
f 297/3678/3678 381/3656/3656 313/3657/3657
f 297/3678/3678 313/3657/3657 251/3677/3677
f 251/3677/3677 313/3657/3657 259/3658/3658
f 251/3677/3677 259/3658/3658 215/3676/3676
f 215/3676/3676 259/3658/3658 227/3659/3659
f 215/3676/3676 227/3659/3659 161/3675/3675
f 161/3675/3675 227/3659/3659 177/3660/3660
f 161/3675/3675 177/3660/3660 135/3674/3674
f 135/3674/3674 177/3660/3660 141/3661/3661
f 135/3674/3674 141/3661/3661 107/3673/3673
f 107/3673/3673 141/3661/3661 121/3662/3662
f 107/3673/3673 121/3662/3662 85/3672/3672
f 85/3672/3672 121/3662/3662 95/3663/3663
f 85/3672/3672 95/3663/3663 73/3671/3671
f 73/3671/3671 95/3663/3663 79/3664/3664
f 73/3671/3671 79/3664/3664 65/3670/3670
f 65/3670/3670 79/3664/3664 77/3665/3665
f 65/3670/3670 77/3665/3665 75/3669/3669
f 75/3669/3669 77/3665/3665 81/3666/3666
f 75/3669/3669 81/3666/3666 89/3668/3668
f 89/3668/3668 81/3666/3666 97/3667/3667
f 861/3682/3682 859/3683/3683 567/3716/3716
f 567/3716/3716 859/3683/3683 527/3684/3684
f 567/3716/3716 527/3684/3684 525/3685/3685
f 567/3716/3716 525/3685/3685 129/3715/3715
f 129/3715/3715 525/3685/3685 97/3686/3686
f 129/3715/3715 97/3686/3686 113/3714/3714
f 113/3714/3714 97/3686/3686 81/3687/3687
f 113/3714/3714 81/3687/3687 109/3713/3713
f 109/3713/3713 81/3687/3687 77/3688/3688
f 109/3713/3713 77/3688/3688 79/3689/3689
f 109/3713/3713 79/3689/3689 115/3712/3712
f 115/3712/3712 79/3689/3689 95/3690/3690
f 115/3712/3712 95/3690/3690 131/3711/3711
f 131/3711/3711 95/3690/3690 121/3691/3691
f 131/3711/3711 121/3691/3691 143/3710/3710
f 143/3710/3710 121/3691/3691 141/3692/3692
f 143/3710/3710 141/3692/3692 163/3709/3709
f 163/3709/3709 141/3692/3692 177/3693/3693
f 163/3709/3709 177/3693/3693 205/3708/3708
f 205/3708/3708 177/3693/3693 227/3694/3694
f 205/3708/3708 227/3694/3694 243/3707/3707
f 243/3707/3707 227/3694/3694 259/3695/3695
f 243/3707/3707 259/3695/3695 273/3706/3706
f 273/3706/3706 259/3695/3695 313/3696/3696
f 273/3706/3706 313/3696/3696 333/3705/3705
f 333/3705/3705 313/3696/3696 381/3697/3697
f 333/3705/3705 381/3697/3697 385/3704/3704
f 385/3704/3704 381/3697/3697 513/3698/3698
f 385/3704/3704 513/3698/3698 515/3703/3703
f 515/3703/3703 513/3698/3698 639/3702/3702
f 639/3702/3702 513/3698/3698 653/3699/3699
f 639/3702/3702 653/3699/3699 747/3701/3701
f 747/3701/3701 653/3699/3699 773/3700/3700
f 861/3718/3718 647/3719/3719 859/3717/3717
f 859/3717/3717 647/3719/3719 579/3751/3751
f 579/3751/3751 647/3719/3719 577/3750/3750
f 577/3750/3750 647/3719/3719 201/3720/3720
f 577/3750/3750 201/3720/3720 171/3749/3749
f 171/3749/3749 201/3720/3720 185/3721/3721
f 171/3749/3749 185/3721/3721 157/3748/3748
f 157/3748/3748 185/3721/3721 181/3722/3722
f 157/3748/3748 181/3722/3722 153/3747/3747
f 153/3747/3747 181/3722/3722 155/3746/3746
f 155/3746/3746 181/3722/3722 187/3723/3723
f 155/3746/3746 187/3723/3723 167/3745/3745
f 167/3745/3745 187/3723/3723 203/3724/3724
f 167/3745/3745 203/3724/3724 193/3744/3744
f 193/3744/3744 203/3724/3724 223/3725/3725
f 193/3744/3744 223/3725/3725 221/3743/3743
f 221/3743/3743 223/3725/3725 241/3726/3726
f 221/3743/3743 241/3726/3726 247/3742/3742
f 247/3742/3742 241/3726/3726 257/3727/3727
f 247/3742/3742 257/3727/3727 271/3741/3741
f 271/3741/3741 257/3727/3727 287/3728/3728
f 271/3741/3741 287/3728/3728 323/3740/3740
f 323/3740/3740 287/3728/3728 345/3729/3729
f 323/3740/3740 345/3729/3729 371/3739/3739
f 371/3739/3739 345/3729/3729 383/3730/3730
f 371/3739/3739 383/3730/3730 473/3738/3738
f 473/3738/3738 383/3730/3730 481/3731/3731
f 473/3738/3738 481/3731/3731 573/3737/3737
f 573/3737/3737 481/3731/3731 575/3732/3732
f 573/3737/3737 575/3732/3732 687/3733/3733
f 573/3737/3737 687/3733/3733 701/3736/3736
f 701/3736/3736 687/3733/3733 777/3734/3734
f 701/3736/3736 777/3734/3734 793/3735/3735
f 893/3752/3752 891/3753/3753 681/3786/3786
f 681/3786/3786 891/3753/3753 625/3754/3754
f 681/3786/3786 625/3754/3754 623/3755/3755
f 681/3786/3786 623/3755/3755 217/3785/3785
f 217/3785/3785 623/3755/3755 191/3756/3756
f 217/3785/3785 191/3756/3756 207/3784/3784
f 207/3784/3784 191/3756/3756 179/3757/3757
f 207/3784/3784 179/3757/3757 199/3783/3783
f 199/3783/3783 179/3757/3757 169/3758/3758
f 199/3783/3783 169/3758/3758 175/3759/3759
f 199/3783/3783 175/3759/3759 209/3782/3782
f 209/3782/3782 175/3759/3759 183/3760/3760
f 209/3782/3782 183/3760/3760 219/3781/3781
f 219/3781/3781 183/3760/3760 211/3761/3761
f 219/3781/3781 211/3761/3761 237/3780/3780
f 237/3780/3780 211/3761/3761 233/3762/3762
f 237/3780/3780 233/3762/3762 249/3779/3779
f 249/3779/3779 233/3762/3762 253/3763/3763
f 249/3779/3779 253/3763/3763 269/3778/3778
f 269/3778/3778 253/3763/3763 285/3764/3764
f 269/3778/3778 285/3764/3764 309/3777/3777
f 309/3777/3777 285/3764/3764 347/3765/3765
f 309/3777/3777 347/3765/3765 363/3776/3776
f 363/3776/3776 347/3765/3765 387/3766/3766
f 363/3776/3776 387/3766/3766 407/3775/3775
f 407/3775/3775 387/3766/3766 509/3767/3767
f 407/3775/3775 509/3767/3767 523/3774/3774
f 523/3774/3774 509/3767/3767 619/3768/3768
f 523/3774/3774 619/3768/3768 621/3773/3773
f 621/3773/3773 619/3768/3768 729/3772/3772
f 729/3772/3772 619/3768/3768 735/3769/3769
f 729/3772/3772 735/3769/3769 803/3771/3771
f 803/3771/3771 735/3769/3769 811/3770/3770
f 577/3791/3791 171/3787/3787 601/3790/3790
f 601/3790/3790 171/3787/3787 191/3788/3788
f 601/3790/3790 191/3788/3788 623/3789/3789
f 681/3793/3793 217/3794/3794 647/3792/3792
f 647/3792/3792 217/3794/3794 201/3795/3795
f 201/3796/3796 217/3797/3797 185/3805/3805
f 185/3805/3805 217/3797/3797 207/3798/3798
f 185/3805/3805 207/3798/3798 181/3804/3804
f 181/3804/3804 207/3798/3798 199/3799/3799
f 181/3804/3804 199/3799/3799 187/3803/3803
f 187/3803/3803 199/3799/3799 209/3800/3800
f 187/3803/3803 209/3800/3800 203/3802/3802
f 203/3802/3802 209/3800/3800 219/3801/3801
f 203/3806/3806 219/3807/3807 223/3827/3827
f 223/3827/3827 219/3807/3807 237/3808/3808
f 223/3827/3827 237/3808/3808 249/3809/3809
f 223/3827/3827 249/3809/3809 241/3826/3826
f 241/3826/3826 249/3809/3809 269/3810/3810
f 241/3826/3826 269/3810/3810 257/3825/3825
f 257/3825/3825 269/3810/3810 309/3811/3811
f 257/3825/3825 309/3811/3811 287/3824/3824
f 287/3824/3824 309/3811/3811 363/3812/3812
f 287/3824/3824 363/3812/3812 345/3823/3823
f 345/3823/3823 363/3812/3812 407/3813/3813
f 345/3823/3823 407/3813/3813 383/3822/3822
f 383/3822/3822 407/3813/3813 523/3814/3814
f 383/3822/3822 523/3814/3814 481/3821/3821
f 481/3821/3821 523/3814/3814 621/3815/3815
f 481/3821/3821 621/3815/3815 575/3820/3820
f 575/3820/3820 621/3815/3815 729/3816/3816
f 575/3820/3820 729/3816/3816 687/3819/3819
f 687/3819/3819 729/3816/3816 777/3818/3818
f 777/3818/3818 729/3816/3816 803/3817/3817
usemtl 191,191,191
f 803/3829/3829 811/3830/3830 777/3828/3828
f 777/3828/3828 811/3830/3830 793/3831/3831
usemtl 246,164,49
f 793/3832/3832 811/3833/3833 701/3861/3861
f 701/3861/3861 811/3833/3833 735/3834/3834
f 701/3861/3861 735/3834/3834 573/3860/3860
f 573/3860/3860 735/3834/3834 619/3835/3835
f 573/3860/3860 619/3835/3835 473/3859/3859
f 473/3859/3859 619/3835/3835 509/3836/3836
f 473/3859/3859 509/3836/3836 371/3858/3858
f 371/3858/3858 509/3836/3836 387/3837/3837
f 371/3858/3858 387/3837/3837 323/3857/3857
f 323/3857/3857 387/3837/3837 347/3838/3838
f 323/3857/3857 347/3838/3838 271/3856/3856
f 271/3856/3856 347/3838/3838 285/3839/3839
f 271/3856/3856 285/3839/3839 247/3855/3855
f 247/3855/3855 285/3839/3839 253/3840/3840
f 247/3855/3855 253/3840/3840 221/3854/3854
f 221/3854/3854 253/3840/3840 233/3841/3841
f 221/3854/3854 233/3841/3841 193/3853/3853
f 193/3853/3853 233/3841/3841 211/3842/3842
f 193/3853/3853 211/3842/3842 167/3852/3852
f 167/3852/3852 211/3842/3842 183/3843/3843
f 167/3852/3852 183/3843/3843 155/3851/3851
f 155/3851/3851 183/3843/3843 175/3844/3844
f 155/3851/3851 175/3844/3844 153/3850/3850
f 153/3850/3850 175/3844/3844 169/3845/3845
f 153/3850/3850 169/3845/3845 157/3849/3849
f 157/3849/3849 169/3845/3845 179/3846/3846
f 157/3849/3849 179/3846/3846 171/3848/3848
f 171/3848/3848 179/3846/3846 191/3847/3847
f 893/3863/3863 755/3864/3864 891/3862/3862
f 891/3862/3862 755/3864/3864 719/3896/3896
f 719/3896/3896 755/3864/3864 717/3895/3895
f 717/3895/3895 755/3864/3864 315/3865/3865
f 717/3895/3895 315/3865/3865 291/3894/3894
f 291/3894/3894 315/3865/3865 301/3866/3866
f 291/3894/3894 301/3866/3866 283/3893/3893
f 283/3893/3893 301/3866/3866 295/3867/3867
f 283/3893/3893 295/3867/3867 277/3892/3892
f 277/3892/3892 295/3867/3867 281/3891/3891
f 281/3891/3891 295/3867/3867 305/3868/3868
f 281/3891/3891 305/3868/3868 289/3890/3890
f 289/3890/3890 305/3868/3868 321/3869/3869
f 289/3890/3890 321/3869/3869 307/3889/3889
f 307/3889/3889 321/3869/3869 339/3870/3870
f 307/3889/3889 339/3870/3870 337/3888/3888
f 337/3888/3888 339/3870/3870 359/3871/3871
f 337/3888/3888 359/3871/3871 367/3887/3887
f 367/3887/3887 359/3871/3871 377/3872/3872
f 367/3887/3887 377/3872/3872 391/3886/3886
f 391/3886/3886 377/3872/3872 425/3873/3873
f 391/3886/3886 425/3873/3873 475/3885/3885
f 475/3885/3885 425/3873/3873 499/3874/3874
f 475/3885/3885 499/3874/3874 541/3884/3884
f 541/3884/3884 499/3874/3874 559/3875/3875
f 541/3884/3884 559/3875/3875 633/3883/3883
f 633/3883/3883 559/3875/3875 649/3876/3876
f 633/3883/3883 649/3876/3876 711/3882/3882
f 711/3882/3882 649/3876/3876 715/3877/3877
f 711/3882/3882 715/3877/3877 781/3878/3878
f 711/3882/3882 781/3878/3878 789/3881/3881
f 789/3881/3881 781/3878/3878 823/3879/3879
f 789/3881/3881 823/3879/3879 829/3880/3880
f 717/3901/3901 291/3897/3897 743/3900/3900
f 743/3900/3900 291/3897/3897 319/3898/3898
f 743/3900/3900 319/3898/3898 769/3899/3899
f 797/3903/3903 349/3904/3904 755/3902/3902
f 755/3902/3902 349/3904/3904 315/3905/3905
f 315/3906/3906 349/3907/3907 301/3915/3915
f 301/3915/3915 349/3907/3907 329/3908/3908
f 301/3915/3915 329/3908/3908 295/3914/3914
f 295/3914/3914 329/3908/3908 327/3909/3909
f 295/3914/3914 327/3909/3909 305/3913/3913
f 305/3913/3913 327/3909/3909 331/3910/3910
f 305/3913/3913 331/3910/3910 321/3912/3912
f 321/3912/3912 331/3910/3910 351/3911/3911
f 321/3916/3916 351/3917/3917 339/3937/3937
f 339/3937/3937 351/3917/3917 365/3918/3918
f 339/3937/3937 365/3918/3918 373/3919/3919
f 339/3937/3937 373/3919/3919 359/3936/3936
f 359/3936/3936 373/3919/3919 401/3920/3920
f 359/3936/3936 401/3920/3920 377/3935/3935
f 377/3935/3935 401/3920/3920 477/3921/3921
f 377/3935/3935 477/3921/3921 425/3934/3934
f 425/3934/3934 477/3921/3921 539/3922/3922
f 425/3934/3934 539/3922/3922 499/3933/3933
f 499/3933/3933 539/3922/3922 609/3923/3923
f 499/3933/3933 609/3923/3923 559/3932/3932
f 559/3932/3932 609/3923/3923 695/3924/3924
f 559/3932/3932 695/3924/3924 649/3931/3931
f 649/3931/3931 695/3924/3924 767/3925/3925
f 649/3931/3931 767/3925/3925 715/3930/3930
f 715/3930/3930 767/3925/3925 809/3926/3926
f 715/3930/3930 809/3926/3926 781/3929/3929
f 781/3929/3929 809/3926/3926 823/3928/3928
f 823/3928/3928 809/3926/3926 863/3927/3927
usemtl 191,191,191
f 863/3939/3939 873/3940/3940 823/3938/3938
f 823/3938/3938 873/3940/3940 829/3941/3941
usemtl 246,164,49
f 829/3942/3942 873/3943/3943 789/3971/3971
f 789/3971/3971 873/3943/3943 819/3944/3944
f 789/3971/3971 819/3944/3944 711/3970/3970
f 711/3970/3970 819/3944/3944 765/3945/3945
f 711/3970/3970 765/3945/3945 633/3969/3969
f 633/3969/3969 765/3945/3945 683/3946/3946
f 633/3969/3969 683/3946/3946 541/3968/3968
f 541/3968/3968 683/3946/3946 589/3947/3947
f 541/3968/3968 589/3947/3947 475/3967/3967
f 475/3967/3967 589/3947/3947 521/3948/3948
f 475/3967/3967 521/3948/3948 391/3966/3966
f 391/3966/3966 521/3948/3948 449/3949/3949
f 391/3966/3966 449/3949/3949 367/3965/3965
f 367/3965/3965 449/3949/3949 379/3950/3950
f 367/3965/3965 379/3950/3950 337/3964/3964
f 337/3964/3964 379/3950/3950 361/3951/3951
f 337/3964/3964 361/3951/3951 307/3963/3963
f 307/3963/3963 361/3951/3951 335/3952/3952
f 307/3963/3963 335/3952/3952 289/3962/3962
f 289/3962/3962 335/3952/3952 311/3953/3953
f 289/3962/3962 311/3953/3953 281/3961/3961
f 281/3961/3961 311/3953/3953 299/3954/3954
f 281/3961/3961 299/3954/3954 277/3960/3960
f 277/3960/3960 299/3954/3954 293/3955/3955
f 277/3960/3960 293/3955/3955 283/3959/3959
f 283/3959/3959 293/3955/3955 303/3956/3956
f 283/3959/3959 303/3956/3956 291/3958/3958
f 291/3958/3958 303/3956/3956 319/3957/3957
f 911/3972/3972 909/3973/3973 797/4006/4006
f 797/4006/4006 909/3973/3973 771/3974/3974
f 797/4006/4006 771/3974/3974 769/3975/3975
f 797/4006/4006 769/3975/3975 349/4005/4005
f 349/4005/4005 769/3975/3975 319/3976/3976
f 349/4005/4005 319/3976/3976 329/4004/4004
f 329/4004/4004 319/3976/3976 303/3977/3977
f 329/4004/4004 303/3977/3977 327/4003/4003
f 327/4003/4003 303/3977/3977 293/3978/3978
f 327/4003/4003 293/3978/3978 299/3979/3979
f 327/4003/4003 299/3979/3979 331/4002/4002
f 331/4002/4002 299/3979/3979 311/3980/3980
f 331/4002/4002 311/3980/3980 351/4001/4001
f 351/4001/4001 311/3980/3980 335/3981/3981
f 351/4001/4001 335/3981/3981 365/4000/4000
f 365/4000/4000 335/3981/3981 361/3982/3982
f 365/4000/4000 361/3982/3982 373/3999/3999
f 373/3999/3999 361/3982/3982 379/3983/3983
f 373/3999/3999 379/3983/3983 401/3998/3998
f 401/3998/3998 379/3983/3983 449/3984/3984
f 401/3998/3998 449/3984/3984 477/3997/3997
f 477/3997/3997 449/3984/3984 521/3985/3985
f 477/3997/3997 521/3985/3985 539/3996/3996
f 539/3996/3996 521/3985/3985 589/3986/3986
f 539/3996/3996 589/3986/3986 609/3995/3995
f 609/3995/3995 589/3986/3986 683/3987/3987
f 609/3995/3995 683/3987/3987 695/3994/3994
f 695/3994/3994 683/3987/3987 765/3988/3988
f 695/3994/3994 765/3988/3988 767/3993/3993
f 767/3993/3993 765/3988/3988 809/3992/3992
f 809/3992/3992 765/3988/3988 819/3989/3989
f 809/3992/3992 819/3989/3989 863/3991/3991
f 863/3991/3991 819/3989/3989 873/3990/3990
f 911/4008/4008 855/4009/4009 909/4007/4007
f 909/4007/4007 855/4009/4009 841/4041/4041
f 841/4041/4041 855/4009/4009 839/4040/4040
f 839/4040/4040 855/4009/4009 611/4010/4010
f 839/4040/4040 611/4010/4010 585/4039/4039
f 585/4039/4039 611/4010/4010 595/4011/4011
f 585/4039/4039 595/4011/4011 571/4038/4038
f 571/4038/4038 595/4011/4011 593/4012/4012
f 571/4038/4038 593/4012/4012 565/4037/4037
f 565/4037/4037 593/4012/4012 569/4036/4036
f 569/4036/4036 593/4012/4012 599/4013/4013
f 569/4036/4036 599/4013/4013 583/4035/4035
f 583/4035/4035 599/4013/4013 613/4014/4014
f 583/4035/4035 613/4014/4014 603/4034/4034
f 603/4034/4034 613/4014/4014 645/4015/4015
f 603/4034/4034 645/4015/4015 641/4033/4033
f 641/4033/4033 645/4015/4015 661/4016/4016
f 641/4033/4033 661/4016/4016 675/4032/4032
f 675/4032/4032 661/4016/4016 691/4017/4017
f 675/4032/4032 691/4017/4017 705/4031/4031
f 705/4031/4031 691/4017/4017 725/4018/4018
f 705/4031/4031 725/4018/4018 741/4030/4030
f 741/4030/4030 725/4018/4018 759/4019/4019
f 741/4030/4030 759/4019/4019 779/4029/4029
f 779/4029/4029 759/4019/4019 791/4020/4020
f 779/4029/4029 791/4020/4020 805/4028/4028
f 805/4028/4028 791/4020/4020 807/4021/4021
f 805/4028/4028 807/4021/4021 835/4027/4027
f 835/4027/4027 807/4021/4021 837/4022/4022
f 835/4027/4027 837/4022/4022 867/4023/4023
f 835/4027/4027 867/4023/4023 871/4026/4026
f 871/4026/4026 867/4023/4023 895/4024/4024
f 871/4026/4026 895/4024/4024 899/4025/4025
f 839/4046/4046 585/4042/4042 865/4045/4045
f 865/4045/4045 585/4042/4042 655/4043/4043
f 865/4045/4045 655/4043/4043 887/4044/4044
f 897/4048/4048 677/4049/4049 855/4047/4047
f 855/4047/4047 677/4049/4049 611/4050/4050
f 611/4051/4051 677/4052/4052 595/4060/4060
f 595/4060/4060 677/4052/4052 663/4053/4053
f 595/4060/4060 663/4053/4053 593/4059/4059
f 593/4059/4059 663/4053/4053 659/4054/4054
f 593/4059/4059 659/4054/4054 599/4058/4058
f 599/4058/4058 659/4054/4054 665/4055/4055
f 599/4058/4058 665/4055/4055 613/4057/4057
f 613/4057/4057 665/4055/4055 679/4056/4056
f 613/4061/4061 679/4062/4062 645/4082/4082
f 645/4082/4082 679/4062/4062 699/4063/4063
f 645/4082/4082 699/4063/4063 709/4064/4064
f 645/4082/4082 709/4064/4064 661/4081/4081
f 661/4081/4081 709/4064/4064 739/4065/4065
f 661/4081/4081 739/4065/4065 691/4080/4080
f 691/4080/4080 739/4065/4065 775/4066/4066
f 691/4080/4080 775/4066/4066 725/4079/4079
f 725/4079/4079 775/4066/4066 801/4067/4067
f 725/4079/4079 801/4067/4067 759/4078/4078
f 759/4078/4078 801/4067/4067 821/4068/4068
f 759/4078/4078 821/4068/4068 791/4077/4077
f 791/4077/4077 821/4068/4068 851/4069/4069
f 791/4077/4077 851/4069/4069 807/4076/4076
f 807/4076/4076 851/4069/4069 885/4070/4070
f 807/4076/4076 885/4070/4070 837/4075/4075
f 837/4075/4075 885/4070/4070 901/4071/4071
f 837/4075/4075 901/4071/4071 867/4074/4074
f 867/4074/4074 901/4071/4071 895/4073/4073
f 895/4073/4073 901/4071/4071 913/4072/4072
usemtl 191,191,191
f 913/4084/4084 917/4085/4085 895/4083/4083
f 895/4083/4083 917/4085/4085 899/4086/4086
usemtl 246,164,49
f 899/4087/4087 917/4088/4088 871/4116/4116
f 871/4116/4116 917/4088/4088 905/4089/4089
f 871/4116/4116 905/4089/4089 835/4115/4115
f 835/4115/4115 905/4089/4089 883/4090/4090
f 835/4115/4115 883/4090/4090 805/4114/4114
f 805/4114/4114 883/4090/4090 845/4091/4091
f 805/4114/4114 845/4091/4091 779/4113/4113
f 779/4113/4113 845/4091/4091 815/4092/4092
f 779/4113/4113 815/4092/4092 741/4112/4112
f 741/4112/4112 815/4092/4092 795/4093/4093
f 741/4112/4112 795/4093/4093 705/4111/4111
f 705/4111/4111 795/4093/4093 761/4094/4094
f 705/4111/4111 761/4094/4094 675/4110/4110
f 675/4110/4110 761/4094/4094 727/4095/4095
f 675/4110/4110 727/4095/4095 641/4109/4109
f 641/4109/4109 727/4095/4095 697/4096/4096
f 641/4109/4109 697/4096/4096 603/4108/4108
f 603/4108/4108 697/4096/4096 673/4097/4097
f 603/4108/4108 673/4097/4097 583/4107/4107
f 583/4107/4107 673/4097/4097 651/4098/4098
f 583/4107/4107 651/4098/4098 569/4106/4106
f 569/4106/4106 651/4098/4098 637/4099/4099
f 569/4106/4106 637/4099/4099 565/4105/4105
f 565/4105/4105 637/4099/4099 631/4100/4100
f 565/4105/4105 631/4100/4100 571/4104/4104
f 571/4104/4104 631/4100/4100 643/4101/4101
f 571/4104/4104 643/4101/4101 585/4103/4103
f 585/4103/4103 643/4101/4101 655/4102/4102
f 897/4118/4118 911/4120/4120 932/4117/4117
f 932/4117/4117 911/4120/4120 912/4147/4147
f 932/4117/4117 912/4147/4147 933/4150/4150
f 933/4150/4150 912/4147/4147 898/4149/4149
f 898/4149/4149 912/4147/4147 856/4148/4148
f 897/4118/4118 855/4119/4119 911/4120/4120
f 797/4121/4121 893/4123/4123 911/4120/4120
f 911/4120/4120 893/4123/4123 894/4144/4144
f 911/4120/4120 894/4144/4144 912/4147/4147
f 912/4147/4147 894/4144/4144 798/4146/4146
f 798/4146/4146 894/4144/4144 756/4145/4145
f 797/4121/4121 755/4122/4122 893/4123/4123
f 681/4124/4124 861/4126/4126 893/4123/4123
f 893/4123/4123 861/4126/4126 862/4141/4141
f 893/4123/4123 862/4141/4141 894/4144/4144
f 894/4144/4144 862/4141/4141 682/4143/4143
f 682/4143/4143 862/4141/4141 648/4142/4142
f 681/4124/4124 647/4125/4125 861/4126/4126
f 567/4127/4127 833/4129/4129 861/4126/4126
f 861/4126/4126 833/4129/4129 834/4138/4138
f 861/4126/4126 834/4138/4138 862/4141/4141
f 862/4141/4141 834/4138/4138 568/4140/4140
f 568/4140/4140 834/4138/4138 544/4139/4139
f 567/4127/4127 543/4128/4128 833/4129/4129
f 517/4130/4130 827/4132/4132 833/4129/4129
f 833/4129/4129 827/4132/4132 828/4135/4135
f 833/4129/4129 828/4135/4135 834/4138/4138
f 834/4138/4138 828/4135/4135 518/4137/4137
f 518/4137/4137 828/4135/4135 504/4136/4136
f 517/4130/4130 503/4131/4131 827/4132/4132
f 493/4133/4133 494/4134/4134 827/4132/4132
f 827/4132/4132 494/4134/4134 828/4135/4135
f 934/4151/4151 1019/4153/4153 933/4150/4150
f 933/4150/4150 1019/4153/4153 1018/4186/4186
f 933/4150/4150 1018/4186/4186 932/4117/4117
f 932/4117/4117 1018/4186/4186 1017/4187/4187
f 932/4117/4117 1017/4187/4187 931/4188/4188
f 934/4151/4151 1020/4152/4152 1019/4153/4153
f 1108/4154/4154 1092/4156/4156 1019/4153/4153
f 1019/4153/4153 1092/4156/4156 1091/4183/4183
f 1019/4153/4153 1091/4183/4183 1018/4186/4186
f 1018/4186/4186 1091/4183/4183 1107/4185/4185
f 1107/4185/4185 1091/4183/4183 1151/4184/4184
f 1108/4154/4154 1152/4155/4155 1092/4156/4156
f 1208/4157/4157 1114/4159/4159 1092/4156/4156
f 1092/4156/4156 1114/4159/4159 1113/4180/4180
f 1092/4156/4156 1113/4180/4180 1091/4183/4183
f 1091/4183/4183 1113/4180/4180 1207/4182/4182
f 1207/4182/4182 1113/4180/4180 1249/4181/4181
f 1208/4157/4157 1250/4158/4158 1114/4159/4159
f 1324/4160/4160 1148/4162/4162 1114/4159/4159
f 1114/4159/4159 1148/4162/4162 1147/4177/4177
f 1114/4159/4159 1147/4177/4177 1113/4180/4180
f 1113/4180/4180 1147/4177/4177 1323/4179/4179
f 1323/4179/4179 1147/4177/4177 1359/4178/4178
f 1324/4160/4160 1360/4161/4161 1148/4162/4162
f 1434/4163/4163 1170/4165/4165 1148/4162/4162
f 1148/4162/4162 1170/4165/4165 1169/4174/4174
f 1148/4162/4162 1169/4174/4174 1147/4177/4177
f 1147/4177/4177 1169/4174/4174 1433/4176/4176
f 1433/4176/4176 1169/4174/4174 1463/4175/4175
f 1434/4163/4163 1464/4164/4164 1170/4165/4165
f 1482/4166/4166 1176/4168/4168 1170/4165/4165
f 1170/4165/4165 1176/4168/4168 1175/4171/4171
f 1170/4165/4165 1175/4171/4171 1169/4174/4174
f 1169/4174/4174 1175/4171/4171 1481/4173/4173
f 1481/4173/4173 1175/4171/4171 1495/4172/4172
f 1482/4166/4166 1496/4167/4167 1176/4168/4168
f 1514/4169/4169 1513/4170/4170 1176/4168/4168
f 1176/4168/4168 1513/4170/4170 1175/4171/4171
f 1018/4189/4189 1013/4190/4190 1017/4223/4223
f 1017/4223/4223 1013/4190/4190 1012/4191/4191
f 1017/4223/4223 1012/4191/4191 1011/4192/4192
f 1017/4223/4223 1011/4192/4192 1023/4222/4222
f 1023/4222/4222 1011/4192/4192 1021/4193/4193
f 1023/4222/4222 1021/4193/4193 1027/4221/4221
f 1027/4221/4221 1021/4193/4193 1025/4194/4194
f 1027/4221/4221 1025/4194/4194 1031/4220/4220
f 1031/4220/4220 1025/4194/4194 1029/4195/4195
f 1031/4220/4220 1029/4195/4195 1033/4196/4196
f 1031/4220/4220 1033/4196/4196 1035/4219/4219
f 1035/4219/4219 1033/4196/4196 1039/4197/4197
f 1035/4219/4219 1039/4197/4197 1037/4218/4218
f 1037/4218/4218 1039/4197/4197 1043/4198/4198
f 1037/4218/4218 1043/4198/4198 1041/4217/4217
f 1041/4217/4217 1043/4198/4198 1047/4199/4199
f 1041/4217/4217 1047/4199/4199 1045/4216/4216
f 1045/4216/4216 1047/4199/4199 1053/4200/4200
f 1045/4216/4216 1053/4200/4200 1049/4215/4215
f 1049/4215/4215 1053/4200/4200 1061/4201/4201
f 1049/4215/4215 1061/4201/4201 1057/4214/4214
f 1057/4214/4214 1061/4201/4201 1073/4202/4202
f 1057/4214/4214 1073/4202/4202 1063/4213/4213
f 1063/4213/4213 1073/4202/4202 1077/4203/4203
f 1063/4213/4213 1077/4203/4203 1069/4212/4212
f 1069/4212/4212 1077/4203/4203 1079/4204/4204
f 1069/4212/4212 1079/4204/4204 1071/4211/4211
f 1071/4211/4211 1079/4204/4204 1075/4205/4205
f 1071/4211/4211 1075/4205/4205 1065/4210/4210
f 1065/4210/4210 1075/4205/4205 1059/4209/4209
f 1059/4209/4209 1075/4205/4205 1067/4206/4206
f 1059/4209/4209 1067/4206/4206 1051/4208/4208
f 1051/4208/4208 1067/4206/4206 1055/4207/4207
f 1505/4224/4224 1167/4225/4225 1527/4228/4228
f 1527/4228/4228 1167/4225/4225 1535/4227/4227
f 1535/4227/4227 1167/4225/4225 1537/4226/4226
f 1419/4229/4229 1145/4230/4230 1451/4233/4233
f 1451/4233/4233 1145/4230/4230 1469/4232/4232
f 1469/4232/4232 1145/4230/4230 1471/4231/4231
f 1585/4235/4235 1583/4236/4236 1173/4234/4234
f 1173/4234/4234 1583/4236/4236 1571/4237/4237
f 1173/4234/4234 1571/4237/4237 1565/4238/4238
f 1279/4239/4239 1111/4240/4240 1311/4243/4243
f 1311/4243/4243 1111/4240/4240 1349/4242/4242
f 1349/4242/4242 1111/4240/4240 1375/4241/4241
f 1566/4245/4245 1572/4246/4246 1174/4244/4244
f 1174/4244/4244 1572/4246/4246 1584/4247/4247
f 1174/4244/4244 1584/4247/4247 1586/4248/4248
f 1159/4249/4249 1089/4250/4250 1185/4253/4253
f 1185/4253/4253 1089/4250/4250 1205/4252/4252
f 1205/4252/4252 1089/4250/4250 1235/4251/4251
f 1506/4255/4255 1528/4256/4256 1168/4254/4254
f 1168/4254/4254 1528/4256/4256 1536/4257/4257
f 1168/4254/4254 1536/4257/4257 1538/4258/4258
f 1115/4260/4260 1095/4261/4261 1013/4259/4259
f 1013/4259/4259 1095/4261/4261 1085/4262/4262
f 1013/4259/4259 1085/4262/4262 1012/4263/4263
f 1420/4265/4265 1452/4266/4266 1146/4264/4264
f 1146/4264/4264 1452/4266/4266 1470/4267/4267
f 1146/4264/4264 1470/4267/4267 1472/4268/4268
f 889/4269/4269 927/4270/4270 903/4273/4273
f 903/4273/4273 927/4270/4270 915/4272/4272
f 915/4272/4272 927/4270/4270 926/4271/4271
f 1280/4275/4275 1312/4276/4276 1112/4274/4274
f 1112/4274/4274 1312/4276/4276 1350/4277/4277
f 1112/4274/4274 1350/4277/4277 1376/4278/4278
f 771/4279/4279 909/4280/4280 799/4283/4283
f 799/4283/4283 909/4280/4280 813/4282/4282
f 813/4282/4282 909/4280/4280 841/4281/4281
f 1160/4285/4285 1186/4286/4286 1090/4284/4284
f 1090/4284/4284 1186/4286/4286 1206/4287/4287
f 1090/4284/4284 1206/4287/4287 1236/4288/4288
f 625/4289/4289 891/4290/4290 657/4293/4293
f 657/4293/4293 891/4290/4290 689/4292/4292
f 689/4292/4292 891/4290/4290 719/4291/4291
f 1015/4295/4295 1086/4296/4296 1014/4294/4294
f 1014/4294/4294 1086/4296/4296 1096/4297/4297
f 1014/4294/4294 1096/4297/4297 1116/4298/4298
f 527/4299/4299 859/4300/4300 537/4303/4303
f 537/4303/4303 859/4300/4300 555/4302/4302
f 555/4302/4302 859/4300/4300 579/4301/4301
f 890/4305/4305 904/4306/4306 928/4304/4304
f 928/4304/4304 904/4306/4306 916/4307/4307
f 928/4304/4304 916/4307/4307 929/4308/4308
f 461/4309/4309 831/4310/4310 469/4313/4313
f 469/4313/4313 831/4310/4310 479/4312/4312
f 479/4312/4312 831/4310/4310 497/4311/4311
f 772/4315/4315 800/4316/4316 910/4314/4314
f 910/4314/4314 800/4316/4316 814/4317/4317
f 910/4314/4314 814/4317/4317 842/4318/4318
f 419/4319/4319 825/4320/4320 421/4323/4323
f 421/4323/4323 825/4320/4320 431/4322/4322
f 431/4322/4322 825/4320/4320 435/4321/4321
f 626/4325/4325 658/4326/4326 892/4324/4324
f 892/4324/4324 658/4326/4326 690/4327/4327
f 892/4324/4324 690/4327/4327 720/4328/4328
f 436/4329/4329 826/4330/4330 432/4333/4333
f 432/4333/4333 826/4330/4330 422/4332/4332
f 422/4332/4332 826/4330/4330 420/4331/4331
f 528/4335/4335 538/4336/4336 860/4334/4334
f 860/4334/4334 538/4336/4336 556/4337/4337
f 860/4334/4334 556/4337/4337 580/4338/4338
f 1005/4339/4339 997/4340/4340 925/4343/4343
f 925/4343/4343 997/4340/4340 995/4341/4341
f 925/4343/4343 995/4341/4341 926/4342/4342
f 1012/4344/4344 1009/4345/4345 1011/4348/4348
f 1011/4348/4348 1009/4345/4345 1007/4346/4346
f 1011/4348/4348 1007/4346/4346 1005/4347/4347
f 932/4350/4350 931/4351/4351 927/4349/4349
f 927/4349/4349 931/4351/4351 926/4383/4383
f 926/4383/4383 931/4351/4351 925/4382/4382
f 925/4382/4382 931/4351/4351 937/4352/4352
f 925/4382/4382 937/4352/4352 935/4381/4381
f 935/4381/4381 937/4352/4352 941/4353/4353
f 935/4381/4381 941/4353/4353 939/4380/4380
f 939/4380/4380 941/4353/4353 945/4354/4354
f 939/4380/4380 945/4354/4354 943/4379/4379
f 943/4379/4379 945/4354/4354 947/4378/4378
f 947/4378/4378 945/4354/4354 949/4355/4355
f 947/4378/4378 949/4355/4355 953/4377/4377
f 953/4377/4377 949/4355/4355 951/4356/4356
f 953/4377/4377 951/4356/4356 957/4376/4376
f 957/4376/4376 951/4356/4356 955/4357/4357
f 957/4376/4376 955/4357/4357 961/4375/4375
f 961/4375/4375 955/4357/4357 959/4358/4358
f 961/4375/4375 959/4358/4358 967/4374/4374
f 967/4374/4374 959/4358/4358 963/4359/4359
f 967/4374/4374 963/4359/4359 975/4373/4373
f 975/4373/4373 963/4359/4359 971/4360/4360
f 975/4373/4373 971/4360/4360 987/4372/4372
f 987/4372/4372 971/4360/4360 977/4361/4361
f 987/4372/4372 977/4361/4361 991/4371/4371
f 991/4371/4371 977/4361/4361 983/4362/4362
f 991/4371/4371 983/4362/4362 993/4370/4370
f 993/4370/4370 983/4362/4362 985/4363/4363
f 993/4370/4370 985/4363/4363 989/4369/4369
f 989/4369/4369 985/4363/4363 979/4364/4364
f 989/4369/4369 979/4364/4364 973/4365/4365
f 989/4369/4369 973/4365/4365 981/4368/4368
f 981/4368/4368 973/4365/4365 965/4366/4366
f 981/4368/4368 965/4366/4366 969/4367/4367
f 925/4388/4388 935/4384/4384 1005/4387/4387
f 1005/4387/4387 935/4384/4384 1021/4385/4385
f 1005/4387/4387 1021/4385/4385 1011/4386/4386
f 1017/4390/4390 1023/4391/4391 931/4389/4389
f 931/4389/4389 1023/4391/4391 937/4392/4392
f 937/4393/4393 1023/4394/4394 941/4402/4402
f 941/4402/4402 1023/4394/4394 1027/4395/4395
f 941/4402/4402 1027/4395/4395 945/4401/4401
f 945/4401/4401 1027/4395/4395 1031/4396/4396
f 945/4401/4401 1031/4396/4396 949/4400/4400
f 949/4400/4400 1031/4396/4396 1035/4397/4397
f 949/4400/4400 1035/4397/4397 951/4399/4399
f 951/4399/4399 1035/4397/4397 1037/4398/4398
f 951/4403/4403 1037/4404/4404 955/4424/4424
f 955/4424/4424 1037/4404/4404 1041/4405/4405
f 955/4424/4424 1041/4405/4405 1045/4406/4406
f 955/4424/4424 1045/4406/4406 959/4423/4423
f 959/4423/4423 1045/4406/4406 1049/4407/4407
f 959/4423/4423 1049/4407/4407 963/4422/4422
f 963/4422/4422 1049/4407/4407 1057/4408/4408
f 963/4422/4422 1057/4408/4408 971/4421/4421
f 971/4421/4421 1057/4408/4408 1063/4409/4409
f 971/4421/4421 1063/4409/4409 977/4420/4420
f 977/4420/4420 1063/4409/4409 1069/4410/4410
f 977/4420/4420 1069/4410/4410 983/4419/4419
f 983/4419/4419 1069/4410/4410 1071/4411/4411
f 983/4419/4419 1071/4411/4411 985/4418/4418
f 985/4418/4418 1071/4411/4411 1065/4412/4412
f 985/4418/4418 1065/4412/4412 979/4417/4417
f 979/4417/4417 1065/4412/4412 1059/4413/4413
f 979/4417/4417 1059/4413/4413 973/4416/4416
f 973/4416/4416 1059/4413/4413 965/4415/4415
f 965/4415/4415 1059/4413/4413 1051/4414/4414
usemtl 191,191,191
f 1051/4426/4426 1055/4427/4427 965/4425/4425
f 965/4425/4425 1055/4427/4427 969/4428/4428
usemtl 246,164,49
f 969/4429/4429 1055/4430/4430 981/4458/4458
f 981/4458/4458 1055/4430/4430 1067/4431/4431
f 981/4458/4458 1067/4431/4431 989/4457/4457
f 989/4457/4457 1067/4431/4431 1075/4432/4432
f 989/4457/4457 1075/4432/4432 993/4456/4456
f 993/4456/4456 1075/4432/4432 1079/4433/4433
f 993/4456/4456 1079/4433/4433 991/4455/4455
f 991/4455/4455 1079/4433/4433 1077/4434/4434
f 991/4455/4455 1077/4434/4434 987/4454/4454
f 987/4454/4454 1077/4434/4434 1073/4435/4435
f 987/4454/4454 1073/4435/4435 975/4453/4453
f 975/4453/4453 1073/4435/4435 1061/4436/4436
f 975/4453/4453 1061/4436/4436 967/4452/4452
f 967/4452/4452 1061/4436/4436 1053/4437/4437
f 967/4452/4452 1053/4437/4437 961/4451/4451
f 961/4451/4451 1053/4437/4437 1047/4438/4438
f 961/4451/4451 1047/4438/4438 957/4450/4450
f 957/4450/4450 1047/4438/4438 1043/4439/4439
f 957/4450/4450 1043/4439/4439 953/4449/4449
f 953/4449/4449 1043/4439/4439 1039/4440/4440
f 953/4449/4449 1039/4440/4440 947/4448/4448
f 947/4448/4448 1039/4440/4440 1033/4441/4441
f 947/4448/4448 1033/4441/4441 943/4447/4447
f 943/4447/4447 1033/4441/4441 1029/4442/4442
f 943/4447/4447 1029/4442/4442 939/4446/4446
f 939/4446/4446 1029/4442/4442 1025/4443/4443
f 939/4446/4446 1025/4443/4443 935/4445/4445
f 935/4445/4445 1025/4443/4443 1021/4444/4444
f 462/4460/4460 470/4461/4461 832/4459/4459
f 832/4459/4459 470/4461/4461 480/4462/4462
f 832/4459/4459 480/4462/4462 498/4463/4463
f 409/4464/4464 437/4465/4465 438/4491/4491
f 438/4491/4491 437/4465/4465 484/4490/4490
f 484/4490/4490 437/4465/4465 483/4466/4466
f 484/4490/4490 483/4466/4466 548/4489/4489
f 548/4489/4489 483/4466/4466 547/4467/4467
f 548/4489/4489 547/4467/4467 668/4488/4488
f 668/4488/4488 547/4467/4467 667/4468/4468
f 668/4488/4488 667/4468/4468 784/4487/4487
f 784/4487/4487 667/4468/4468 783/4469/4469
f 784/4487/4487 783/4469/4469 878/4486/4486
f 878/4486/4486 783/4469/4469 877/4470/4470
f 878/4486/4486 877/4470/4470 1000/4485/4485
f 1000/4485/4485 877/4470/4470 999/4471/4471
f 1000/4485/4485 999/4471/4471 1124/4484/4484
f 1124/4484/4484 999/4471/4471 1123/4472/4472
f 1124/4484/4484 1123/4472/4472 1218/4483/4483
f 1218/4483/4483 1123/4472/4472 1217/4473/4473
f 1218/4483/4483 1217/4473/4473 1336/4482/4482
f 1336/4482/4482 1217/4473/4473 1335/4474/4474
f 1336/4482/4482 1335/4474/4474 1456/4481/4481
f 1456/4481/4481 1335/4474/4474 1455/4475/4475
f 1456/4481/4481 1455/4475/4475 1520/4480/4480
f 1520/4480/4480 1455/4475/4475 1519/4476/4476
f 1520/4480/4480 1519/4476/4476 1560/4479/4479
f 1560/4479/4479 1519/4476/4476 1559/4477/4477
f 1560/4479/4479 1559/4477/4477 1591/4478/4478
# 2002 vertices
# 4491 texture params
# 4491 normals
# 4000 facets

# 1 groups
