# WaveFront *.obj file (generated by Autodesk ATF)

mtllib 障子、紙無し、横５.mtl

g ソリッド2

v 0.000000 0.000000 -2.250000
v 0.000000 0.000000 2.250000
v 0.000000 200.000000 -2.250000
v 0.000000 200.000000 2.250000
v 2.500000 0.000000 -2.250000
v 2.500000 0.000000 -2.000000
v 2.500000 0.000000 2.000000
v 2.500000 0.000000 2.250000
v 2.500000 2.500000 -2.000000
v 2.500000 2.500000 -1.500000
v 2.500000 2.500000 1.500000
v 2.500000 2.500000 2.000000
v 2.500000 35.999999 -2.000000
v 2.500000 35.999999 -1.500000
v 2.500000 35.999999 1.500000
v 2.500000 35.999999 2.000000
v 2.500000 38.499999 -2.000000
v 2.500000 38.499999 2.000000
v 2.500000 53.499999 -2.250000
v 2.500000 53.499999 -1.250000
v 2.500000 54.499998 -2.250000
v 2.500000 54.499998 -1.250000
v 2.500000 69.499998 -2.250000
v 2.500000 69.499998 -1.250000
v 2.500000 70.500002 -2.250000
v 2.500000 70.500002 -1.250000
v 2.500000 85.500002 -2.250000
v 2.500000 85.500002 -1.250000
v 2.500000 86.499996 -2.250000
v 2.500000 86.499996 -1.250000
v 2.500000 101.499996 -2.250000
v 2.500000 101.499996 -1.250000
v 2.500000 102.500000 -2.250000
v 2.500000 102.500000 -1.250000
v 2.500000 117.500000 -2.250000
v 2.500000 117.500000 -1.250000
v 2.500000 118.500004 -2.250000
v 2.500000 118.500004 -1.250000
v 2.500000 133.500004 -2.250000
v 2.500000 133.500004 -1.250000
v 2.500000 134.499998 -2.250000
v 2.500000 134.499998 -1.250000
v 2.500000 149.499998 -2.250000
v 2.500000 149.499998 -1.250000
v 2.500000 150.500002 -2.250000
v 2.500000 150.500002 -1.250000
v 2.500000 165.499992 -2.250000
v 2.500000 165.499992 -1.250000
v 2.500000 166.499996 -2.250000
v 2.500000 166.499996 -1.250000
v 2.500000 181.499996 -2.250000
v 2.500000 181.499996 -1.250000
v 2.500000 182.500000 -2.250000
v 2.500000 182.500000 -1.250000
v 2.500000 197.500000 -2.000000
v 2.500000 197.500000 2.000000
v 2.500000 200.000000 -2.250000
v 2.500000 200.000000 -2.000000
v 2.500000 200.000000 2.000000
v 2.500000 200.000000 2.250000
v 20.699999 38.499999 -2.250000
v 20.699999 38.499999 -2.000000
v 20.699999 38.499999 -0.750000
v 20.699999 53.499999 -2.250000
v 20.699999 53.499999 -1.250000
v 20.699999 54.499998 -2.250000
v 20.699999 54.499998 -1.250000
v 20.699999 69.499998 -2.250000
v 20.699999 69.499998 -1.250000
v 20.699999 70.500002 -2.250000
v 20.699999 70.500002 -1.250000
v 20.699999 85.500002 -2.250000
v 20.699999 85.500002 -1.250000
v 20.699999 86.499996 -2.250000
v 20.699999 86.499996 -1.250000
v 20.699999 101.499996 -2.250000
v 20.699999 101.499996 -1.250000
v 20.699999 102.500000 -2.250000
v 20.699999 102.500000 -1.250000
v 20.699999 117.500000 -2.250000
v 20.699999 117.500000 -1.250000
v 20.699999 118.500004 -2.250000
v 20.699999 118.500004 -1.250000
v 20.699999 133.500004 -2.250000
v 20.699999 133.500004 -1.250000
v 20.699999 134.499998 -2.250000
v 20.699999 134.499998 -1.250000
v 20.699999 149.499998 -2.250000
v 20.699999 149.499998 -1.250000
v 20.699999 150.500002 -2.250000
v 20.699999 150.500002 -1.250000
v 20.699999 165.499992 -2.250000
v 20.699999 165.499992 -1.250000
v 20.699999 166.499996 -2.250000
v 20.699999 166.499996 -1.250000
v 20.699999 181.499996 -2.250000
v 20.699999 181.499996 -1.250000
v 20.699999 182.500000 -2.250000
v 20.699999 182.500000 -1.250000
v 20.699999 197.500000 -2.250000
v 20.699999 197.500000 -2.000000
v 20.699999 197.500000 -0.750000
v 21.700001 38.499999 -2.250000
v 21.700001 38.499999 -2.000000
v 21.700001 38.499999 -0.750000
v 21.700001 53.499999 -2.250000
v 21.700001 53.499999 -1.250000
v 21.700001 54.499998 -2.250000
v 21.700001 54.499998 -1.250000
v 21.700001 69.499998 -2.250000
v 21.700001 69.499998 -1.250000
v 21.700001 70.500002 -2.250000
v 21.700001 70.500002 -1.250000
v 21.700001 85.500002 -2.250000
v 21.700001 85.500002 -1.250000
v 21.700001 86.499996 -2.250000
v 21.700001 86.499996 -1.250000
v 21.700001 101.499996 -2.250000
v 21.700001 101.499996 -1.250000
v 21.700001 102.500000 -2.250000
v 21.700001 102.500000 -1.250000
v 21.700001 117.500000 -2.250000
v 21.700001 117.500000 -1.250000
v 21.700001 118.500004 -2.250000
v 21.700001 118.500004 -1.250000
v 21.700001 133.500004 -2.250000
v 21.700001 133.500004 -1.250000
v 21.700001 134.499998 -2.250000
v 21.700001 134.499998 -1.250000
v 21.700001 149.499998 -2.250000
v 21.700001 149.499998 -1.250000
v 21.700001 150.500002 -2.250000
v 21.700001 150.500002 -1.250000
v 21.700001 165.499992 -2.250000
v 21.700001 165.499992 -1.250000
v 21.700001 166.499996 -2.250000
v 21.700001 166.499996 -1.250000
v 21.700001 181.499996 -2.250000
v 21.700001 181.499996 -1.250000
v 21.700001 182.500000 -2.250000
v 21.700001 182.500000 -1.250000
v 21.700001 197.500000 -2.250000
v 21.700001 197.500000 -2.000000
v 21.700001 197.500000 -0.750000
v 39.900000 38.499999 -2.250000
v 39.900000 38.499999 -2.000000
v 39.900000 38.499999 -0.750000
v 39.900000 53.499999 -2.250000
v 39.900000 53.499999 -1.250000
v 39.900000 54.499998 -2.250000
v 39.900000 54.499998 -1.250000
v 39.900000 69.499998 -2.250000
v 39.900000 69.499998 -1.250000
v 39.900000 70.500002 -2.250000
v 39.900000 70.500002 -1.250000
v 39.900000 85.500002 -2.250000
v 39.900000 85.500002 -1.250000
v 39.900000 86.499996 -2.250000
v 39.900000 86.499996 -1.250000
v 39.900000 101.499996 -2.250000
v 39.900000 101.499996 -1.250000
v 39.900000 102.500000 -2.250000
v 39.900000 102.500000 -1.250000
v 39.900000 117.500000 -2.250000
v 39.900000 117.500000 -1.250000
v 39.900000 118.500004 -2.250000
v 39.900000 118.500004 -1.250000
v 39.900000 133.500004 -2.250000
v 39.900000 133.500004 -1.250000
v 39.900000 134.499998 -2.250000
v 39.900000 134.499998 -1.250000
v 39.900000 149.499998 -2.250000
v 39.900000 149.499998 -1.250000
v 39.900000 150.500002 -2.250000
v 39.900000 150.500002 -1.250000
v 39.900000 165.499992 -2.250000
v 39.900000 165.499992 -1.250000
v 39.900000 166.499996 -2.250000
v 39.900000 166.499996 -1.250000
v 39.900000 181.499996 -2.250000
v 39.900000 181.499996 -1.250000
v 39.900000 182.500000 -2.250000
v 39.900000 182.500000 -1.250000
v 39.900000 197.500000 -2.250000
v 39.900000 197.500000 -2.000000
v 39.900000 197.500000 -0.750000
v 40.900002 38.499999 -2.250000
v 40.900002 38.499999 -2.000000
v 40.900002 38.499999 -0.750000
v 40.900002 53.499999 -2.250000
v 40.900002 53.499999 -1.250000
v 40.900002 54.499998 -2.250000
v 40.900002 54.499998 -1.250000
v 40.900002 69.499998 -2.250000
v 40.900002 69.499998 -1.250000
v 40.900002 70.500002 -2.250000
v 40.900002 70.500002 -1.250000
v 40.900002 85.500002 -2.250000
v 40.900002 85.500002 -1.250000
v 40.900002 86.499996 -2.250000
v 40.900002 86.499996 -1.250000
v 40.900002 101.499996 -2.250000
v 40.900002 101.499996 -1.250000
v 40.900002 102.500000 -2.250000
v 40.900002 102.500000 -1.250000
v 40.900002 117.500000 -2.250000
v 40.900002 117.500000 -1.250000
v 40.900002 118.500004 -2.250000
v 40.900002 118.500004 -1.250000
v 40.900002 133.500004 -2.250000
v 40.900002 133.500004 -1.250000
v 40.900002 134.499998 -2.250000
v 40.900002 134.499998 -1.250000
v 40.900002 149.499998 -2.250000
v 40.900002 149.499998 -1.250000
v 40.900002 150.500002 -2.250000
v 40.900002 150.500002 -1.250000
v 40.900002 165.499992 -2.250000
v 40.900002 165.499992 -1.250000
v 40.900002 166.499996 -2.250000
v 40.900002 166.499996 -1.250000
v 40.900002 181.499996 -2.250000
v 40.900002 181.499996 -1.250000
v 40.900002 182.500000 -2.250000
v 40.900002 182.500000 -1.250000
v 40.900002 197.500000 -2.250000
v 40.900002 197.500000 -2.000000
v 40.900002 197.500000 -0.750000
v 59.099998 38.499999 -2.250000
v 59.099998 38.499999 -2.000000
v 59.099998 38.499999 -0.750000
v 59.099998 53.499999 -2.250000
v 59.099998 53.499999 -1.250000
v 59.099998 54.499998 -2.250000
v 59.099998 54.499998 -1.250000
v 59.099998 69.499998 -2.250000
v 59.099998 69.499998 -1.250000
v 59.099998 70.500002 -2.250000
v 59.099998 70.500002 -1.250000
v 59.099998 85.500002 -2.250000
v 59.099998 85.500002 -1.250000
v 59.099998 86.499996 -2.250000
v 59.099998 86.499996 -1.250000
v 59.099998 101.499996 -2.250000
v 59.099998 101.499996 -1.250000
v 59.099998 102.500000 -2.250000
v 59.099998 102.500000 -1.250000
v 59.099998 117.500000 -2.250000
v 59.099998 117.500000 -1.250000
v 59.099998 118.500004 -2.250000
v 59.099998 118.500004 -1.250000
v 59.099998 133.500004 -2.250000
v 59.099998 133.500004 -1.250000
v 59.099998 134.499998 -2.250000
v 59.099998 134.499998 -1.250000
v 59.099998 149.499998 -2.250000
v 59.099998 149.499998 -1.250000
v 59.099998 150.500002 -2.250000
v 59.099998 150.500002 -1.250000
v 59.099998 165.499992 -2.250000
v 59.099998 165.499992 -1.250000
v 59.099998 166.499996 -2.250000
v 59.099998 166.499996 -1.250000
v 59.099998 181.499996 -2.250000
v 59.099998 181.499996 -1.250000
v 59.099998 182.500000 -2.250000
v 59.099998 182.500000 -1.250000
v 59.099998 197.500000 -2.250000
v 59.099998 197.500000 -2.000000
v 59.099998 197.500000 -0.750000
v 60.100002 38.499999 -2.250000
v 60.100002 38.499999 -2.000000
v 60.100002 38.499999 -0.750000
v 60.100002 53.499999 -2.250000
v 60.100002 53.499999 -1.250000
v 60.100002 54.499998 -2.250000
v 60.100002 54.499998 -1.250000
v 60.100002 69.499998 -2.250000
v 60.100002 69.499998 -1.250000
v 60.100002 70.500002 -2.250000
v 60.100002 70.500002 -1.250000
v 60.100002 85.500002 -2.250000
v 60.100002 85.500002 -1.250000
v 60.100002 86.499996 -2.250000
v 60.100002 86.499996 -1.250000
v 60.100002 101.499996 -2.250000
v 60.100002 101.499996 -1.250000
v 60.100002 102.500000 -2.250000
v 60.100002 102.500000 -1.250000
v 60.100002 117.500000 -2.250000
v 60.100002 117.500000 -1.250000
v 60.100002 118.500004 -2.250000
v 60.100002 118.500004 -1.250000
v 60.100002 133.500004 -2.250000
v 60.100002 133.500004 -1.250000
v 60.100002 134.499998 -2.250000
v 60.100002 134.499998 -1.250000
v 60.100002 149.499998 -2.250000
v 60.100002 149.499998 -1.250000
v 60.100002 150.500002 -2.250000
v 60.100002 150.500002 -1.250000
v 60.100002 165.499992 -2.250000
v 60.100002 165.499992 -1.250000
v 60.100002 166.499996 -2.250000
v 60.100002 166.499996 -1.250000
v 60.100002 181.499996 -2.250000
v 60.100002 181.499996 -1.250000
v 60.100002 182.500000 -2.250000
v 60.100002 182.500000 -1.250000
v 60.100002 197.500000 -2.250000
v 60.100002 197.500000 -2.000000
v 60.100002 197.500000 -0.750000
v 78.299999 38.499999 -2.250000
v 78.299999 38.499999 -2.000000
v 78.299999 38.499999 -0.750000
v 78.299999 53.499999 -2.250000
v 78.299999 53.499999 -1.250000
v 78.299999 54.499998 -2.250000
v 78.299999 54.499998 -1.250000
v 78.299999 69.499998 -2.250000
v 78.299999 69.499998 -1.250000
v 78.299999 70.500002 -2.250000
v 78.299999 70.500002 -1.250000
v 78.299999 85.500002 -2.250000
v 78.299999 85.500002 -1.250000
v 78.299999 86.499996 -2.250000
v 78.299999 86.499996 -1.250000
v 78.299999 101.499996 -2.250000
v 78.299999 101.499996 -1.250000
v 78.299999 102.500000 -2.250000
v 78.299999 102.500000 -1.250000
v 78.299999 117.500000 -2.250000
v 78.299999 117.500000 -1.250000
v 78.299999 118.500004 -2.250000
v 78.299999 118.500004 -1.250000
v 78.299999 133.500004 -2.250000
v 78.299999 133.500004 -1.250000
v 78.299999 134.499998 -2.250000
v 78.299999 134.499998 -1.250000
v 78.299999 149.499998 -2.250000
v 78.299999 149.499998 -1.250000
v 78.299999 150.500002 -2.250000
v 78.299999 150.500002 -1.250000
v 78.299999 165.499992 -2.250000
v 78.299999 165.499992 -1.250000
v 78.299999 166.499996 -2.250000
v 78.299999 166.499996 -1.250000
v 78.299999 181.499996 -2.250000
v 78.299999 181.499996 -1.250000
v 78.299999 182.500000 -2.250000
v 78.299999 182.500000 -1.250000
v 78.299999 197.500000 -2.250000
v 78.299999 197.500000 -2.000000
v 78.299999 197.500000 -0.750000
v 79.299998 38.499999 -2.250000
v 79.299998 38.499999 -2.000000
v 79.299998 38.499999 -0.750000
v 79.299998 53.499999 -2.250000
v 79.299998 53.499999 -1.250000
v 79.299998 54.499998 -2.250000
v 79.299998 54.499998 -1.250000
v 79.299998 69.499998 -2.250000
v 79.299998 69.499998 -1.250000
v 79.299998 70.500002 -2.250000
v 79.299998 70.500002 -1.250000
v 79.299998 85.500002 -2.250000
v 79.299998 85.500002 -1.250000
v 79.299998 86.499996 -2.250000
v 79.299998 86.499996 -1.250000
v 79.299998 101.499996 -2.250000
v 79.299998 101.499996 -1.250000
v 79.299998 102.500000 -2.250000
v 79.299998 102.500000 -1.250000
v 79.299998 117.500000 -2.250000
v 79.299998 117.500000 -1.250000
v 79.299998 118.500004 -2.250000
v 79.299998 118.500004 -1.250000
v 79.299998 133.500004 -2.250000
v 79.299998 133.500004 -1.250000
v 79.299998 134.499998 -2.250000
v 79.299998 134.499998 -1.250000
v 79.299998 149.499998 -2.250000
v 79.299998 149.499998 -1.250000
v 79.299998 150.500002 -2.250000
v 79.299998 150.500002 -1.250000
v 79.299998 165.499992 -2.250000
v 79.299998 165.499992 -1.250000
v 79.299998 166.499996 -2.250000
v 79.299998 166.499996 -1.250000
v 79.299998 181.499996 -2.250000
v 79.299998 181.499996 -1.250000
v 79.299998 182.500000 -2.250000
v 79.299998 182.500000 -1.250000
v 79.299998 197.500000 -2.250000
v 79.299998 197.500000 -2.000000
v 79.299998 197.500000 -0.750000
v 97.500000 0.000000 -2.250000
v 97.500000 0.000000 -2.000000
v 97.500000 0.000000 2.000000
v 97.500000 0.000000 2.250000
v 97.500000 2.500000 -2.000000
v 97.500000 2.500000 -1.500000
v 97.500000 2.500000 1.500000
v 97.500000 2.500000 2.000000
v 97.500000 35.999999 -2.000000
v 97.500000 35.999999 -1.500000
v 97.500000 35.999999 1.500000
v 97.500000 35.999999 2.000000
v 97.500000 38.499999 -2.000000
v 97.500000 38.499999 2.000000
v 97.500000 53.499999 -2.250000
v 97.500000 53.499999 -1.250000
v 97.500000 54.499998 -2.250000
v 97.500000 54.499998 -1.250000
v 97.500000 69.499998 -2.250000
v 97.500000 69.499998 -1.250000
v 97.500000 70.500002 -2.250000
v 97.500000 70.500002 -1.250000
v 97.500000 85.500002 -2.250000
v 97.500000 85.500002 -1.250000
v 97.500000 86.499996 -2.250000
v 97.500000 86.499996 -1.250000
v 97.500000 101.499996 -2.250000
v 97.500000 101.499996 -1.250000
v 97.500000 102.500000 -2.250000
v 97.500000 102.500000 -1.250000
v 97.500000 117.500000 -2.250000
v 97.500000 117.500000 -1.250000
v 97.500000 118.500004 -2.250000
v 97.500000 118.500004 -1.250000
v 97.500000 133.500004 -2.250000
v 97.500000 133.500004 -1.250000
v 97.500000 134.499998 -2.250000
v 97.500000 134.499998 -1.250000
v 97.500000 149.499998 -2.250000
v 97.500000 149.499998 -1.250000
v 97.500000 150.500002 -2.250000
v 97.500000 150.500002 -1.250000
v 97.500000 165.499992 -2.250000
v 97.500000 165.499992 -1.250000
v 97.500000 166.499996 -2.250000
v 97.500000 166.499996 -1.250000
v 97.500000 181.499996 -2.250000
v 97.500000 181.499996 -1.250000
v 97.500000 182.500000 -2.250000
v 97.500000 182.500000 -1.250000
v 97.500000 197.500000 -2.000000
v 97.500000 197.500000 2.000000
v 97.500000 200.000000 -2.250000
v 97.500000 200.000000 -2.000000
v 97.500000 200.000000 2.000000
v 97.500000 200.000000 2.250000
v 100.000000 0.000000 -2.250000
v 100.000000 0.000000 2.250000
v 100.000000 200.000000 -2.250000
v 100.000000 200.000000 2.250000
vt 15.900000 -0.075000 0.000000
vt 0.000000 -0.075000 0.000000
vt 0.000000 -0.200000 0.000000
vt 0.000000 -0.225000 0.000000
vt 1.500000 -0.225000 0.000000
vt 1.500000 -0.125000 0.000000
vt 1.600000 -0.125000 0.000000
vt 1.600000 -0.225000 0.000000
vt 3.100000 -0.225000 0.000000
vt 3.100000 -0.125000 0.000000
vt 3.200000 -0.125000 0.000000
vt 3.200000 -0.225000 0.000000
vt 4.700000 -0.225000 0.000000
vt 4.700000 -0.125000 0.000000
vt 4.800000 -0.125000 0.000000
vt 4.800000 -0.225000 0.000000
vt 6.300000 -0.225000 0.000000
vt 6.300000 -0.125000 0.000000
vt 6.400000 -0.125000 0.000000
vt 6.400000 -0.225000 0.000000
vt 7.900000 -0.225000 0.000000
vt 7.900000 -0.125000 0.000000
vt 8.000000 -0.125000 0.000000
vt 8.000000 -0.225000 0.000000
vt 9.500000 -0.225000 0.000000
vt 9.500000 -0.125000 0.000000
vt 9.600000 -0.125000 0.000000
vt 9.600000 -0.225000 0.000000
vt 11.100000 -0.225000 0.000000
vt 11.100000 -0.125000 0.000000
vt 11.200000 -0.125000 0.000000
vt 11.200000 -0.225000 0.000000
vt 12.700000 -0.225000 0.000000
vt 12.700000 -0.125000 0.000000
vt 12.800000 -0.125000 0.000000
vt 12.800000 -0.225000 0.000000
vt 14.300000 -0.225000 0.000000
vt 14.300000 -0.125000 0.000000
vt 14.400000 -0.125000 0.000000
vt 14.400000 -0.225000 0.000000
vt 15.900000 -0.225000 0.000000
vt 15.900000 -0.200000 0.000000
vt 15.900000 -0.075000 0.000000
vt 0.000000 -0.075000 0.000000
vt 0.000000 -0.200000 0.000000
vt 0.000000 -0.225000 0.000000
vt 1.500000 -0.225000 0.000000
vt 1.500000 -0.125000 0.000000
vt 1.600000 -0.125000 0.000000
vt 1.600000 -0.225000 0.000000
vt 3.100000 -0.225000 0.000000
vt 3.100000 -0.125000 0.000000
vt 3.200000 -0.125000 0.000000
vt 3.200000 -0.225000 0.000000
vt 4.700000 -0.225000 0.000000
vt 4.700000 -0.125000 0.000000
vt 4.800000 -0.125000 0.000000
vt 4.800000 -0.225000 0.000000
vt 6.300000 -0.225000 0.000000
vt 6.300000 -0.125000 0.000000
vt 6.400000 -0.125000 0.000000
vt 6.400000 -0.225000 0.000000
vt 7.900000 -0.225000 0.000000
vt 7.900000 -0.125000 0.000000
vt 8.000000 -0.125000 0.000000
vt 8.000000 -0.225000 0.000000
vt 9.500000 -0.225000 0.000000
vt 9.500000 -0.125000 0.000000
vt 9.600000 -0.125000 0.000000
vt 9.600000 -0.225000 0.000000
vt 11.100000 -0.225000 0.000000
vt 11.100000 -0.125000 0.000000
vt 11.200000 -0.125000 0.000000
vt 11.200000 -0.225000 0.000000
vt 12.700000 -0.225000 0.000000
vt 12.700000 -0.125000 0.000000
vt 12.800000 -0.125000 0.000000
vt 12.800000 -0.225000 0.000000
vt 14.300000 -0.225000 0.000000
vt 14.300000 -0.125000 0.000000
vt 14.400000 -0.125000 0.000000
vt 14.400000 -0.225000 0.000000
vt 15.900000 -0.225000 0.000000
vt 15.900000 -0.200000 0.000000
vt 0.100000 -0.200000 0.000000
vt 0.000000 -0.200000 0.000000
vt 0.000000 -0.225000 0.000000
vt 0.100000 -0.225000 0.000000
vt 0.100000 -0.200000 0.000000
vt 0.000000 -0.200000 0.000000
vt 0.000000 -0.225000 0.000000
vt 0.100000 -0.225000 0.000000
vt 15.900000 -0.075000 0.000000
vt 0.000000 -0.075000 0.000000
vt 0.000000 -0.200000 0.000000
vt 0.000000 -0.225000 0.000000
vt 1.500000 -0.225000 0.000000
vt 1.500000 -0.125000 0.000000
vt 1.600000 -0.125000 0.000000
vt 1.600000 -0.225000 0.000000
vt 3.100000 -0.225000 0.000000
vt 3.100000 -0.125000 0.000000
vt 3.200000 -0.125000 0.000000
vt 3.200000 -0.225000 0.000000
vt 4.700000 -0.225000 0.000000
vt 4.700000 -0.125000 0.000000
vt 4.800000 -0.125000 0.000000
vt 4.800000 -0.225000 0.000000
vt 6.300000 -0.225000 0.000000
vt 6.300000 -0.125000 0.000000
vt 6.400000 -0.125000 0.000000
vt 6.400000 -0.225000 0.000000
vt 7.900000 -0.225000 0.000000
vt 7.900000 -0.125000 0.000000
vt 8.000000 -0.125000 0.000000
vt 8.000000 -0.225000 0.000000
vt 9.500000 -0.225000 0.000000
vt 9.500000 -0.125000 0.000000
vt 9.600000 -0.125000 0.000000
vt 9.600000 -0.225000 0.000000
vt 11.100000 -0.225000 0.000000
vt 11.100000 -0.125000 0.000000
vt 11.200000 -0.125000 0.000000
vt 11.200000 -0.225000 0.000000
vt 12.700000 -0.225000 0.000000
vt 12.700000 -0.125000 0.000000
vt 12.800000 -0.125000 0.000000
vt 12.800000 -0.225000 0.000000
vt 14.300000 -0.225000 0.000000
vt 14.300000 -0.125000 0.000000
vt 14.400000 -0.125000 0.000000
vt 14.400000 -0.225000 0.000000
vt 15.900000 -0.225000 0.000000
vt 15.900000 -0.200000 0.000000
vt 15.900000 -0.075000 0.000000
vt 0.000000 -0.075000 0.000000
vt 0.000000 -0.200000 0.000000
vt 0.000000 -0.225000 0.000000
vt 1.500000 -0.225000 0.000000
vt 1.500000 -0.125000 0.000000
vt 1.600000 -0.125000 0.000000
vt 1.600000 -0.225000 0.000000
vt 3.100000 -0.225000 0.000000
vt 3.100000 -0.125000 0.000000
vt 3.200000 -0.125000 0.000000
vt 3.200000 -0.225000 0.000000
vt 4.700000 -0.225000 0.000000
vt 4.700000 -0.125000 0.000000
vt 4.800000 -0.125000 0.000000
vt 4.800000 -0.225000 0.000000
vt 6.300000 -0.225000 0.000000
vt 6.300000 -0.125000 0.000000
vt 6.400000 -0.125000 0.000000
vt 6.400000 -0.225000 0.000000
vt 7.900000 -0.225000 0.000000
vt 7.900000 -0.125000 0.000000
vt 8.000000 -0.125000 0.000000
vt 8.000000 -0.225000 0.000000
vt 9.500000 -0.225000 0.000000
vt 9.500000 -0.125000 0.000000
vt 9.600000 -0.125000 0.000000
vt 9.600000 -0.225000 0.000000
vt 11.100000 -0.225000 0.000000
vt 11.100000 -0.125000 0.000000
vt 11.200000 -0.125000 0.000000
vt 11.200000 -0.225000 0.000000
vt 12.700000 -0.225000 0.000000
vt 12.700000 -0.125000 0.000000
vt 12.800000 -0.125000 0.000000
vt 12.800000 -0.225000 0.000000
vt 14.300000 -0.225000 0.000000
vt 14.300000 -0.125000 0.000000
vt 14.400000 -0.125000 0.000000
vt 14.400000 -0.225000 0.000000
vt 15.900000 -0.225000 0.000000
vt 15.900000 -0.200000 0.000000
vt 0.100000 -0.200000 0.000000
vt 0.000000 -0.200000 0.000000
vt 0.000000 -0.225000 0.000000
vt 0.100000 -0.225000 0.000000
vt 0.100000 -0.200000 0.000000
vt 0.000000 -0.200000 0.000000
vt 0.000000 -0.225000 0.000000
vt 0.100000 -0.225000 0.000000
vt 15.900000 -0.075000 0.000000
vt 0.000000 -0.075000 0.000000
vt 0.000000 -0.200000 0.000000
vt 0.000000 -0.225000 0.000000
vt 1.500000 -0.225000 0.000000
vt 1.500000 -0.125000 0.000000
vt 1.600000 -0.125000 0.000000
vt 1.600000 -0.225000 0.000000
vt 3.100000 -0.225000 0.000000
vt 3.100000 -0.125000 0.000000
vt 3.200000 -0.125000 0.000000
vt 3.200000 -0.225000 0.000000
vt 4.700000 -0.225000 0.000000
vt 4.700000 -0.125000 0.000000
vt 4.800000 -0.125000 0.000000
vt 4.800000 -0.225000 0.000000
vt 6.300000 -0.225000 0.000000
vt 6.300000 -0.125000 0.000000
vt 6.400000 -0.125000 0.000000
vt 6.400000 -0.225000 0.000000
vt 7.900000 -0.225000 0.000000
vt 7.900000 -0.125000 0.000000
vt 8.000000 -0.125000 0.000000
vt 8.000000 -0.225000 0.000000
vt 9.500000 -0.225000 0.000000
vt 9.500000 -0.125000 0.000000
vt 9.600000 -0.125000 0.000000
vt 9.600000 -0.225000 0.000000
vt 11.100000 -0.225000 0.000000
vt 11.100000 -0.125000 0.000000
vt 11.200000 -0.125000 0.000000
vt 11.200000 -0.225000 0.000000
vt 12.700000 -0.225000 0.000000
vt 12.700000 -0.125000 0.000000
vt 12.800000 -0.125000 0.000000
vt 12.800000 -0.225000 0.000000
vt 14.300000 -0.225000 0.000000
vt 14.300000 -0.125000 0.000000
vt 14.400000 -0.125000 0.000000
vt 14.400000 -0.225000 0.000000
vt 15.900000 -0.225000 0.000000
vt 15.900000 -0.200000 0.000000
vt 0.100000 -0.200000 0.000000
vt 0.000000 -0.200000 0.000000
vt 0.000000 -0.225000 0.000000
vt 0.100000 -0.225000 0.000000
vt 15.900000 -0.075000 0.000000
vt 0.000000 -0.075000 0.000000
vt 0.000000 -0.200000 0.000000
vt 0.000000 -0.225000 0.000000
vt 1.500000 -0.225000 0.000000
vt 1.500000 -0.125000 0.000000
vt 1.600000 -0.125000 0.000000
vt 1.600000 -0.225000 0.000000
vt 3.100000 -0.225000 0.000000
vt 3.100000 -0.125000 0.000000
vt 3.200000 -0.125000 0.000000
vt 3.200000 -0.225000 0.000000
vt 4.700000 -0.225000 0.000000
vt 4.700000 -0.125000 0.000000
vt 4.800000 -0.125000 0.000000
vt 4.800000 -0.225000 0.000000
vt 6.300000 -0.225000 0.000000
vt 6.300000 -0.125000 0.000000
vt 6.400000 -0.125000 0.000000
vt 6.400000 -0.225000 0.000000
vt 7.900000 -0.225000 0.000000
vt 7.900000 -0.125000 0.000000
vt 8.000000 -0.125000 0.000000
vt 8.000000 -0.225000 0.000000
vt 9.500000 -0.225000 0.000000
vt 9.500000 -0.125000 0.000000
vt 9.600000 -0.125000 0.000000
vt 9.600000 -0.225000 0.000000
vt 11.100000 -0.225000 0.000000
vt 11.100000 -0.125000 0.000000
vt 11.200000 -0.125000 0.000000
vt 11.200000 -0.225000 0.000000
vt 12.700000 -0.225000 0.000000
vt 12.700000 -0.125000 0.000000
vt 12.800000 -0.125000 0.000000
vt 12.800000 -0.225000 0.000000
vt 14.300000 -0.225000 0.000000
vt 14.300000 -0.125000 0.000000
vt 14.400000 -0.125000 0.000000
vt 14.400000 -0.225000 0.000000
vt 15.900000 -0.225000 0.000000
vt 15.900000 -0.200000 0.000000
vt 0.100000 -0.200000 0.000000
vt 0.000000 -0.200000 0.000000
vt 0.000000 -0.225000 0.000000
vt 0.100000 -0.225000 0.000000
vt 15.900000 -0.075000 0.000000
vt 0.000000 -0.075000 0.000000
vt 0.000000 -0.200000 0.000000
vt 0.000000 -0.225000 0.000000
vt 1.500000 -0.225000 0.000000
vt 1.500000 -0.125000 0.000000
vt 1.600000 -0.125000 0.000000
vt 1.600000 -0.225000 0.000000
vt 3.100000 -0.225000 0.000000
vt 3.100000 -0.125000 0.000000
vt 3.200000 -0.125000 0.000000
vt 3.200000 -0.225000 0.000000
vt 4.700000 -0.225000 0.000000
vt 4.700000 -0.125000 0.000000
vt 4.800000 -0.125000 0.000000
vt 4.800000 -0.225000 0.000000
vt 6.300000 -0.225000 0.000000
vt 6.300000 -0.125000 0.000000
vt 6.400000 -0.125000 0.000000
vt 6.400000 -0.225000 0.000000
vt 7.900000 -0.225000 0.000000
vt 7.900000 -0.125000 0.000000
vt 8.000000 -0.125000 0.000000
vt 8.000000 -0.225000 0.000000
vt 9.500000 -0.225000 0.000000
vt 9.500000 -0.125000 0.000000
vt 9.600000 -0.125000 0.000000
vt 9.600000 -0.225000 0.000000
vt 11.100000 -0.225000 0.000000
vt 11.100000 -0.125000 0.000000
vt 11.200000 -0.125000 0.000000
vt 11.200000 -0.225000 0.000000
vt 12.700000 -0.225000 0.000000
vt 12.700000 -0.125000 0.000000
vt 12.800000 -0.125000 0.000000
vt 12.800000 -0.225000 0.000000
vt 14.300000 -0.225000 0.000000
vt 14.300000 -0.125000 0.000000
vt 14.400000 -0.125000 0.000000
vt 14.400000 -0.225000 0.000000
vt 15.900000 -0.225000 0.000000
vt 15.900000 -0.200000 0.000000
vt 15.900000 -0.075000 0.000000
vt 0.000000 -0.075000 0.000000
vt 0.000000 -0.200000 0.000000
vt 0.000000 -0.225000 0.000000
vt 1.500000 -0.225000 0.000000
vt 1.500000 -0.125000 0.000000
vt 1.600000 -0.125000 0.000000
vt 1.600000 -0.225000 0.000000
vt 3.100000 -0.225000 0.000000
vt 3.100000 -0.125000 0.000000
vt 3.200000 -0.125000 0.000000
vt 3.200000 -0.225000 0.000000
vt 4.700000 -0.225000 0.000000
vt 4.700000 -0.125000 0.000000
vt 4.800000 -0.125000 0.000000
vt 4.800000 -0.225000 0.000000
vt 6.300000 -0.225000 0.000000
vt 6.300000 -0.125000 0.000000
vt 6.400000 -0.125000 0.000000
vt 6.400000 -0.225000 0.000000
vt 7.900000 -0.225000 0.000000
vt 7.900000 -0.125000 0.000000
vt 8.000000 -0.125000 0.000000
vt 8.000000 -0.225000 0.000000
vt 9.500000 -0.225000 0.000000
vt 9.500000 -0.125000 0.000000
vt 9.600000 -0.125000 0.000000
vt 9.600000 -0.225000 0.000000
vt 11.100000 -0.225000 0.000000
vt 11.100000 -0.125000 0.000000
vt 11.200000 -0.125000 0.000000
vt 11.200000 -0.225000 0.000000
vt 12.700000 -0.225000 0.000000
vt 12.700000 -0.125000 0.000000
vt 12.800000 -0.125000 0.000000
vt 12.800000 -0.225000 0.000000
vt 14.300000 -0.225000 0.000000
vt 14.300000 -0.125000 0.000000
vt 14.400000 -0.125000 0.000000
vt 14.400000 -0.225000 0.000000
vt 15.900000 -0.225000 0.000000
vt 15.900000 -0.200000 0.000000
vt 0.100000 -0.200000 0.000000
vt 0.000000 -0.200000 0.000000
vt 0.000000 -0.225000 0.000000
vt 0.100000 -0.225000 0.000000
vt 0.100000 -0.200000 0.000000
vt 0.000000 -0.200000 0.000000
vt 0.000000 -0.225000 0.000000
vt 0.100000 -0.225000 0.000000
vt 5.660000 -0.075000 0.000000
vt 5.760000 -0.075000 0.000000
vt 5.760000 -0.200000 0.000000
vt 7.580000 -0.200000 0.000000
vt 7.580000 -0.075000 0.000000
vt 7.680000 -0.075000 0.000000
vt 7.680000 -0.200000 0.000000
vt 9.500000 -0.200000 0.000000
vt 9.500000 0.200000 0.000000
vt 0.000000 0.200000 0.000000
vt 0.000000 -0.200000 0.000000
vt 1.820000 -0.200000 0.000000
vt 1.820000 -0.075000 0.000000
vt 1.920000 -0.075000 0.000000
vt 1.920000 -0.200000 0.000000
vt 3.740000 -0.200000 0.000000
vt 3.740000 -0.075000 0.000000
vt 3.840000 -0.075000 0.000000
vt 3.840000 -0.200000 0.000000
vt 5.660000 -0.200000 0.000000
vt -2.930000 7.950000 0.000000
vt -2.930000 -7.950000 0.000000
vt -2.830000 -7.950000 0.000000
vt -2.830000 7.950000 0.000000
vt 2.830000 7.950000 0.000000
vt 2.830000 -7.950000 0.000000
vt 2.930000 -7.950000 0.000000
vt 2.930000 7.950000 0.000000
vt -1.010000 7.950000 0.000000
vt -1.010000 -7.950000 0.000000
vt -0.910000 -7.950000 0.000000
vt -0.910000 7.950000 0.000000
vt 0.910000 7.950000 0.000000
vt 0.910000 -7.950000 0.000000
vt 1.010000 -7.950000 0.000000
vt 1.010000 7.950000 0.000000
vt 0.000000 -0.225000 0.000000
vt 1.820000 -0.225000 0.000000
vt 1.820000 -0.125000 0.000000
vt 0.000000 -0.125000 0.000000
vt 0.000000 -0.225000 0.000000
vt 1.820000 -0.225000 0.000000
vt 1.820000 -0.125000 0.000000
vt 0.000000 -0.125000 0.000000
vt 0.910000 6.450000 0.000000
vt -0.910000 6.450000 0.000000
vt -0.910000 6.350000 0.000000
vt 0.910000 6.350000 0.000000
vt -2.830000 4.750000 0.000000
vt -1.010000 4.750000 0.000000
vt -1.010000 4.850000 0.000000
vt -2.830000 4.850000 0.000000
vt 0.000000 -0.225000 0.000000
vt 1.820000 -0.225000 0.000000
vt 1.820000 -0.125000 0.000000
vt 0.000000 -0.125000 0.000000
vt 0.000000 -0.225000 0.000000
vt 1.820000 -0.225000 0.000000
vt 1.820000 -0.125000 0.000000
vt 0.000000 -0.125000 0.000000
vt 0.000000 -0.225000 0.000000
vt 1.820000 -0.225000 0.000000
vt 1.820000 -0.125000 0.000000
vt 0.000000 -0.125000 0.000000
vt 0.000000 -0.225000 0.000000
vt 1.820000 -0.225000 0.000000
vt 1.820000 -0.125000 0.000000
vt 0.000000 -0.125000 0.000000
vt -0.910000 3.150000 0.000000
vt 0.910000 3.150000 0.000000
vt 0.910000 3.250000 0.000000
vt -0.910000 3.250000 0.000000
vt 0.910000 0.050000 0.000000
vt -0.910000 0.050000 0.000000
vt -0.910000 -0.050000 0.000000
vt 0.910000 -0.050000 0.000000
vt -1.010000 0.050000 0.000000
vt -2.830000 0.050000 0.000000
vt -2.830000 1.550000 0.000000
vt -1.010000 1.550000 0.000000
vt -1.010000 1.650000 0.000000
vt -2.830000 1.650000 0.000000
vt -2.830000 3.150000 0.000000
vt -1.010000 3.150000 0.000000
vt -1.010000 3.250000 0.000000
vt -2.830000 3.250000 0.000000
vt -2.830000 4.750000 0.000000
vt -1.010000 4.750000 0.000000
vt -1.010000 4.850000 0.000000
vt -2.830000 4.850000 0.000000
vt -2.830000 6.350000 0.000000
vt -1.010000 6.350000 0.000000
vt -1.010000 6.450000 0.000000
vt -2.830000 6.450000 0.000000
vt -2.830000 7.950000 0.000000
vt -2.930000 7.950000 0.000000
vt -2.930000 6.450000 0.000000
vt -4.750000 6.450000 0.000000
vt -4.750000 8.200000 0.000000
vt -5.000000 8.200000 0.000000
vt -5.000000 -11.800000 0.000000
vt -4.750000 -11.800000 0.000000
vt -4.750000 -6.450000 0.000000
vt -2.930000 -6.450000 0.000000
vt -2.930000 -7.950000 0.000000
vt -2.830000 -7.950000 0.000000
vt -2.830000 -6.450000 0.000000
vt -1.010000 -6.450000 0.000000
vt -1.010000 -7.950000 0.000000
vt -0.910000 -7.950000 0.000000
vt -0.910000 -6.450000 0.000000
vt 0.910000 -6.450000 0.000000
vt 0.910000 -7.950000 0.000000
vt 1.010000 -7.950000 0.000000
vt 1.010000 -6.450000 0.000000
vt 2.830000 -6.450000 0.000000
vt 2.830000 -7.950000 0.000000
vt 2.930000 -7.950000 0.000000
vt 2.930000 -6.450000 0.000000
vt 4.750000 -6.450000 0.000000
vt 4.750000 -11.800000 0.000000
vt 5.000000 -11.800000 0.000000
vt 5.000000 8.200000 0.000000
vt 4.750000 8.200000 0.000000
vt 4.750000 6.450000 0.000000
vt 2.930000 6.450000 0.000000
vt 2.930000 7.950000 0.000000
vt 2.830000 7.950000 0.000000
vt 2.830000 6.450000 0.000000
vt 1.010000 6.450000 0.000000
vt 1.010000 7.950000 0.000000
vt 0.910000 7.950000 0.000000
vt 0.910000 6.450000 0.000000
vt -0.910000 6.450000 0.000000
vt -0.910000 7.950000 0.000000
vt -1.010000 7.950000 0.000000
vt -0.910000 6.350000 0.000000
vt 0.910000 6.350000 0.000000
vt 0.910000 4.850000 0.000000
vt -0.910000 4.850000 0.000000
vt -0.910000 4.750000 0.000000
vt 0.910000 4.750000 0.000000
vt 0.910000 3.250000 0.000000
vt -0.910000 3.250000 0.000000
vt -0.910000 3.150000 0.000000
vt 0.910000 3.150000 0.000000
vt 0.910000 1.650000 0.000000
vt -0.910000 1.650000 0.000000
vt -0.910000 1.550000 0.000000
vt 0.910000 1.550000 0.000000
vt 0.910000 0.050000 0.000000
vt -0.910000 0.050000 0.000000
vt -0.910000 -0.050000 0.000000
vt 0.910000 -0.050000 0.000000
vt 0.910000 -1.550000 0.000000
vt -0.910000 -1.550000 0.000000
vt -0.910000 -1.650000 0.000000
vt 0.910000 -1.650000 0.000000
vt 0.910000 -3.150000 0.000000
vt -0.910000 -3.150000 0.000000
vt -0.910000 -3.250000 0.000000
vt 0.910000 -3.250000 0.000000
vt 0.910000 -4.750000 0.000000
vt -0.910000 -4.750000 0.000000
vt -0.910000 -4.850000 0.000000
vt 0.910000 -4.850000 0.000000
vt 0.910000 -6.350000 0.000000
vt -0.910000 -6.350000 0.000000
vt -2.930000 -6.350000 0.000000
vt -4.750000 -6.350000 0.000000
vt -4.750000 -4.850000 0.000000
vt -2.930000 -4.850000 0.000000
vt -2.930000 -4.750000 0.000000
vt -4.750000 -4.750000 0.000000
vt -4.750000 -3.250000 0.000000
vt -2.930000 -3.250000 0.000000
vt -2.930000 -3.150000 0.000000
vt -4.750000 -3.150000 0.000000
vt -4.750000 -1.650000 0.000000
vt -2.930000 -1.650000 0.000000
vt -2.930000 -1.550000 0.000000
vt -4.750000 -1.550000 0.000000
vt -4.750000 -0.050000 0.000000
vt -2.930000 -0.050000 0.000000
vt -2.930000 0.050000 0.000000
vt -4.750000 0.050000 0.000000
vt -4.750000 1.550000 0.000000
vt -2.930000 1.550000 0.000000
vt -2.930000 1.650000 0.000000
vt -4.750000 1.650000 0.000000
vt -4.750000 3.150000 0.000000
vt -2.930000 3.150000 0.000000
vt -2.930000 3.250000 0.000000
vt -4.750000 3.250000 0.000000
vt -4.750000 4.750000 0.000000
vt -2.930000 4.750000 0.000000
vt -2.930000 4.850000 0.000000
vt -4.750000 4.850000 0.000000
vt -4.750000 6.350000 0.000000
vt -2.930000 6.350000 0.000000
vt -1.010000 -3.150000 0.000000
vt -2.830000 -3.150000 0.000000
vt -2.830000 -1.650000 0.000000
vt -1.010000 -1.650000 0.000000
vt -1.010000 -4.750000 0.000000
vt -2.830000 -4.750000 0.000000
vt -2.830000 -3.250000 0.000000
vt -1.010000 -3.250000 0.000000
vt -1.010000 -6.350000 0.000000
vt -2.830000 -6.350000 0.000000
vt -2.830000 -4.850000 0.000000
vt -1.010000 -4.850000 0.000000
vt 2.930000 6.350000 0.000000
vt 4.750000 6.350000 0.000000
vt 4.750000 4.850000 0.000000
vt 2.930000 4.850000 0.000000
vt 2.930000 4.750000 0.000000
vt 4.750000 4.750000 0.000000
vt 4.750000 3.250000 0.000000
vt 2.930000 3.250000 0.000000
vt 2.930000 3.150000 0.000000
vt 4.750000 3.150000 0.000000
vt 4.750000 1.650000 0.000000
vt 2.930000 1.650000 0.000000
vt 2.930000 1.550000 0.000000
vt 4.750000 1.550000 0.000000
vt 4.750000 0.050000 0.000000
vt 2.930000 0.050000 0.000000
vt 2.930000 -0.050000 0.000000
vt 4.750000 -0.050000 0.000000
vt 4.750000 -1.550000 0.000000
vt 2.930000 -1.550000 0.000000
vt 2.930000 -1.650000 0.000000
vt 4.750000 -1.650000 0.000000
vt 4.750000 -3.150000 0.000000
vt 2.930000 -3.150000 0.000000
vt 2.930000 -3.250000 0.000000
vt 4.750000 -3.250000 0.000000
vt 4.750000 -4.750000 0.000000
vt 2.930000 -4.750000 0.000000
vt 2.930000 -4.850000 0.000000
vt 4.750000 -4.850000 0.000000
vt 4.750000 -6.350000 0.000000
vt 2.930000 -6.350000 0.000000
vt 1.010000 -4.850000 0.000000
vt 2.830000 -4.850000 0.000000
vt 2.830000 -6.350000 0.000000
vt 1.010000 -6.350000 0.000000
vt 1.010000 -3.250000 0.000000
vt 2.830000 -3.250000 0.000000
vt 2.830000 -4.750000 0.000000
vt 1.010000 -4.750000 0.000000
vt 1.010000 -1.650000 0.000000
vt 2.830000 -1.650000 0.000000
vt 2.830000 -3.150000 0.000000
vt 1.010000 -3.150000 0.000000
vt 1.010000 -0.050000 0.000000
vt 2.830000 -0.050000 0.000000
vt 2.830000 -1.550000 0.000000
vt 1.010000 -1.550000 0.000000
vt 1.010000 1.550000 0.000000
vt 2.830000 1.550000 0.000000
vt 2.830000 0.050000 0.000000
vt 1.010000 0.050000 0.000000
vt 1.010000 3.150000 0.000000
vt 2.830000 3.150000 0.000000
vt 2.830000 1.650000 0.000000
vt 1.010000 1.650000 0.000000
vt 1.010000 4.750000 0.000000
vt 2.830000 4.750000 0.000000
vt 2.830000 3.250000 0.000000
vt 1.010000 3.250000 0.000000
vt 1.010000 6.350000 0.000000
vt 2.830000 6.350000 0.000000
vt 2.830000 4.850000 0.000000
vt 1.010000 4.850000 0.000000
vt -1.010000 -0.050000 0.000000
vt -1.010000 -1.550000 0.000000
vt -2.830000 -1.550000 0.000000
vt -2.830000 -0.050000 0.000000
vt 0.000000 -0.225000 0.000000
vt 1.820000 -0.225000 0.000000
vt 1.820000 -0.125000 0.000000
vt 0.000000 -0.125000 0.000000
vt 0.000000 -0.225000 0.000000
vt 1.820000 -0.225000 0.000000
vt 1.820000 -0.125000 0.000000
vt 0.000000 -0.125000 0.000000
vt 0.000000 -0.225000 0.000000
vt 1.820000 -0.225000 0.000000
vt 1.820000 -0.125000 0.000000
vt 0.000000 -0.125000 0.000000
vt 0.000000 -0.225000 0.000000
vt 1.820000 -0.225000 0.000000
vt 1.820000 -0.125000 0.000000
vt 0.000000 -0.125000 0.000000
vt -0.910000 -3.250000 0.000000
vt 0.910000 -3.250000 0.000000
vt 0.910000 -3.150000 0.000000
vt -0.910000 -3.150000 0.000000
vt 1.010000 -4.850000 0.000000
vt 2.830000 -4.850000 0.000000
vt 2.830000 -4.750000 0.000000
vt 1.010000 -4.750000 0.000000
vt 0.000000 -0.225000 0.000000
vt 1.820000 -0.225000 0.000000
vt 1.820000 -0.125000 0.000000
vt 0.000000 -0.125000 0.000000
vt 0.000000 -0.225000 0.000000
vt 1.820000 -0.225000 0.000000
vt 1.820000 -0.125000 0.000000
vt 0.000000 -0.125000 0.000000
vt 0.000000 -0.225000 0.000000
vt 1.820000 -0.225000 0.000000
vt 1.820000 -0.125000 0.000000
vt 0.000000 -0.125000 0.000000
vt 0.000000 -0.225000 0.000000
vt 1.820000 -0.225000 0.000000
vt 1.820000 -0.125000 0.000000
vt 0.000000 -0.125000 0.000000
vt -2.830000 -6.450000 0.000000
vt -1.010000 -6.450000 0.000000
vt -1.010000 -6.350000 0.000000
vt -2.830000 -6.350000 0.000000
vt -0.910000 -4.850000 0.000000
vt 0.910000 -4.850000 0.000000
vt 0.910000 -4.750000 0.000000
vt -0.910000 -4.750000 0.000000
vt 0.000000 -0.225000 0.000000
vt 1.820000 -0.225000 0.000000
vt 1.820000 -0.125000 0.000000
vt 0.000000 -0.125000 0.000000
vt 0.000000 -0.225000 0.000000
vt 1.820000 -0.225000 0.000000
vt 1.820000 -0.125000 0.000000
vt 0.000000 -0.125000 0.000000
vt 0.000000 -0.225000 0.000000
vt 1.820000 -0.225000 0.000000
vt 1.820000 -0.125000 0.000000
vt 0.000000 -0.125000 0.000000
vt 0.000000 -0.225000 0.000000
vt 1.820000 -0.225000 0.000000
vt 1.820000 -0.125000 0.000000
vt 0.000000 -0.125000 0.000000
vt -0.910000 -1.650000 0.000000
vt 0.910000 -1.650000 0.000000
vt 0.910000 -1.550000 0.000000
vt -0.910000 -1.550000 0.000000
vt 1.010000 3.150000 0.000000
vt 2.830000 3.150000 0.000000
vt 2.830000 3.250000 0.000000
vt 1.010000 3.250000 0.000000
vt 0.000000 -0.225000 0.000000
vt 1.820000 -0.225000 0.000000
vt 1.820000 -0.125000 0.000000
vt 0.000000 -0.125000 0.000000
vt 0.000000 -0.225000 0.000000
vt 1.820000 -0.225000 0.000000
vt 1.820000 -0.125000 0.000000
vt 0.000000 -0.125000 0.000000
vt 0.000000 -0.225000 0.000000
vt 1.820000 -0.225000 0.000000
vt 1.820000 -0.125000 0.000000
vt 0.000000 -0.125000 0.000000
vt 0.000000 -0.225000 0.000000
vt 1.820000 -0.225000 0.000000
vt 1.820000 -0.125000 0.000000
vt 0.000000 -0.125000 0.000000
vt 1.010000 1.550000 0.000000
vt 2.830000 1.550000 0.000000
vt 2.830000 1.650000 0.000000
vt 1.010000 1.650000 0.000000
vt -0.910000 1.550000 0.000000
vt 0.910000 1.550000 0.000000
vt 0.910000 1.650000 0.000000
vt -0.910000 1.650000 0.000000
vt 0.000000 -0.225000 0.000000
vt 1.820000 -0.225000 0.000000
vt 1.820000 -0.125000 0.000000
vt 0.000000 -0.125000 0.000000
vt 0.000000 -0.225000 0.000000
vt 1.820000 -0.225000 0.000000
vt 1.820000 -0.125000 0.000000
vt 0.000000 -0.125000 0.000000
vt 0.000000 -0.225000 0.000000
vt 1.820000 -0.225000 0.000000
vt 1.820000 -0.125000 0.000000
vt 0.000000 -0.125000 0.000000
vt 0.000000 -0.225000 0.000000
vt 1.820000 -0.225000 0.000000
vt 1.820000 -0.125000 0.000000
vt 0.000000 -0.125000 0.000000
vt -2.830000 6.350000 0.000000
vt -1.010000 6.350000 0.000000
vt -1.010000 6.450000 0.000000
vt -2.830000 6.450000 0.000000
vt 1.010000 6.350000 0.000000
vt 2.830000 6.350000 0.000000
vt 2.830000 6.450000 0.000000
vt 1.010000 6.450000 0.000000
vt 0.000000 -0.225000 0.000000
vt 1.820000 -0.225000 0.000000
vt 1.820000 -0.125000 0.000000
vt 0.000000 -0.125000 0.000000
vt 0.000000 -0.225000 0.000000
vt 1.820000 -0.225000 0.000000
vt 1.820000 -0.125000 0.000000
vt 0.000000 -0.125000 0.000000
vt 0.000000 -0.225000 0.000000
vt 1.820000 -0.225000 0.000000
vt 1.820000 -0.125000 0.000000
vt 0.000000 -0.125000 0.000000
vt 0.000000 -0.225000 0.000000
vt 1.820000 -0.225000 0.000000
vt 1.820000 -0.125000 0.000000
vt 0.000000 -0.125000 0.000000
vt -0.910000 4.750000 0.000000
vt 0.910000 4.750000 0.000000
vt 0.910000 4.850000 0.000000
vt -0.910000 4.850000 0.000000
vt -2.830000 3.150000 0.000000
vt -1.010000 3.150000 0.000000
vt -1.010000 3.250000 0.000000
vt -2.830000 3.250000 0.000000
vt 0.000000 -0.225000 0.000000
vt 1.820000 -0.225000 0.000000
vt 1.820000 -0.125000 0.000000
vt 0.000000 -0.125000 0.000000
vt 0.000000 -0.225000 0.000000
vt 1.820000 -0.225000 0.000000
vt 1.820000 -0.125000 0.000000
vt 0.000000 -0.125000 0.000000
vt 0.000000 -0.225000 0.000000
vt 1.820000 -0.225000 0.000000
vt 1.820000 -0.125000 0.000000
vt 0.000000 -0.125000 0.000000
vt 0.000000 -0.225000 0.000000
vt 1.820000 -0.225000 0.000000
vt 1.820000 -0.125000 0.000000
vt 0.000000 -0.125000 0.000000
vt -2.830000 -0.050000 0.000000
vt -1.010000 -0.050000 0.000000
vt -1.010000 0.050000 0.000000
vt -2.830000 0.050000 0.000000
vt -2.830000 -3.250000 0.000000
vt -1.010000 -3.250000 0.000000
vt -1.010000 -3.150000 0.000000
vt -2.830000 -3.150000 0.000000
vt 0.000000 -0.225000 0.000000
vt 1.820000 -0.225000 0.000000
vt 1.820000 -0.125000 0.000000
vt 0.000000 -0.125000 0.000000
vt 0.000000 -0.225000 0.000000
vt 1.820000 -0.225000 0.000000
vt 1.820000 -0.125000 0.000000
vt 0.000000 -0.125000 0.000000
vt 0.000000 -0.225000 0.000000
vt 1.820000 -0.225000 0.000000
vt 1.820000 -0.125000 0.000000
vt 0.000000 -0.125000 0.000000
vt 0.000000 -0.225000 0.000000
vt 1.820000 -0.225000 0.000000
vt 1.820000 -0.125000 0.000000
vt 0.000000 -0.125000 0.000000
vt 1.010000 -1.650000 0.000000
vt 2.830000 -1.650000 0.000000
vt 2.830000 -1.550000 0.000000
vt 1.010000 -1.550000 0.000000
vt 1.010000 -6.450000 0.000000
vt 2.830000 -6.450000 0.000000
vt 2.830000 -6.350000 0.000000
vt 1.010000 -6.350000 0.000000
vt 0.000000 -0.225000 0.000000
vt 1.820000 -0.225000 0.000000
vt 1.820000 -0.125000 0.000000
vt 0.000000 -0.125000 0.000000
vt 0.000000 -0.225000 0.000000
vt 1.820000 -0.225000 0.000000
vt 1.820000 -0.125000 0.000000
vt 0.000000 -0.125000 0.000000
vt 0.000000 -0.225000 0.000000
vt 1.820000 -0.225000 0.000000
vt 1.820000 -0.125000 0.000000
vt 0.000000 -0.125000 0.000000
vt 0.000000 -0.225000 0.000000
vt 1.820000 -0.225000 0.000000
vt 1.820000 -0.125000 0.000000
vt 0.000000 -0.125000 0.000000
vt -0.910000 -6.450000 0.000000
vt 0.910000 -6.450000 0.000000
vt 0.910000 -6.350000 0.000000
vt -0.910000 -6.350000 0.000000
vt -2.830000 -4.850000 0.000000
vt -1.010000 -4.850000 0.000000
vt -1.010000 -4.750000 0.000000
vt -2.830000 -4.750000 0.000000
vt 0.000000 -0.225000 0.000000
vt 1.820000 -0.225000 0.000000
vt 1.820000 -0.125000 0.000000
vt 0.000000 -0.125000 0.000000
vt 0.000000 -0.225000 0.000000
vt 1.820000 -0.225000 0.000000
vt 1.820000 -0.125000 0.000000
vt 0.000000 -0.125000 0.000000
vt 0.000000 -0.225000 0.000000
vt 1.820000 -0.225000 0.000000
vt 1.820000 -0.125000 0.000000
vt 0.000000 -0.125000 0.000000
vt 0.000000 -0.225000 0.000000
vt 1.820000 -0.225000 0.000000
vt 1.820000 -0.125000 0.000000
vt 0.000000 -0.125000 0.000000
vt 1.010000 -3.250000 0.000000
vt 2.830000 -3.250000 0.000000
vt 2.830000 -3.150000 0.000000
vt 1.010000 -3.150000 0.000000
vt -2.830000 -1.650000 0.000000
vt -1.010000 -1.650000 0.000000
vt -1.010000 -1.550000 0.000000
vt -2.830000 -1.550000 0.000000
vt 0.000000 -0.225000 0.000000
vt 1.820000 -0.225000 0.000000
vt 1.820000 -0.125000 0.000000
vt 0.000000 -0.125000 0.000000
vt 0.000000 -0.225000 0.000000
vt 1.820000 -0.225000 0.000000
vt 1.820000 -0.125000 0.000000
vt 0.000000 -0.125000 0.000000
vt 0.000000 -0.225000 0.000000
vt 1.820000 -0.225000 0.000000
vt 1.820000 -0.125000 0.000000
vt 0.000000 -0.125000 0.000000
vt 0.000000 -0.225000 0.000000
vt 1.820000 -0.225000 0.000000
vt 1.820000 -0.125000 0.000000
vt 0.000000 -0.125000 0.000000
vt 1.010000 -0.050000 0.000000
vt 2.830000 -0.050000 0.000000
vt 2.830000 0.050000 0.000000
vt 1.010000 0.050000 0.000000
vt -2.830000 1.550000 0.000000
vt -1.010000 1.550000 0.000000
vt -1.010000 1.650000 0.000000
vt -2.830000 1.650000 0.000000
vt 0.000000 -0.225000 0.000000
vt 1.820000 -0.225000 0.000000
vt 1.820000 -0.125000 0.000000
vt 0.000000 -0.125000 0.000000
vt 0.000000 -0.225000 0.000000
vt 1.820000 -0.225000 0.000000
vt 1.820000 -0.125000 0.000000
vt 0.000000 -0.125000 0.000000
vt 0.000000 -0.225000 0.000000
vt 1.820000 -0.225000 0.000000
vt 1.820000 -0.125000 0.000000
vt 0.000000 -0.125000 0.000000
vt 0.000000 -0.225000 0.000000
vt 1.820000 -0.225000 0.000000
vt 1.820000 -0.125000 0.000000
vt 0.000000 -0.125000 0.000000
vt 1.010000 4.750000 0.000000
vt 2.830000 4.750000 0.000000
vt 2.830000 4.850000 0.000000
vt 1.010000 4.850000 0.000000
vt 20.000000 -0.225000 0.000000
vt 20.000000 0.225000 0.000000
vt 0.000000 0.225000 0.000000
vt 0.000000 -0.225000 0.000000
vt 0.250000 -0.225000 0.000000
vt 0.250000 0.225000 0.000000
vt 0.000000 0.225000 0.000000
vt 0.000000 0.200000 0.000000
vt -9.500000 0.200000 0.000000
vt -9.500000 0.225000 0.000000
vt -9.750000 0.225000 0.000000
vt -9.750000 -0.225000 0.000000
vt -9.500000 -0.225000 0.000000
vt -9.500000 -0.200000 0.000000
vt 0.000000 -0.200000 0.000000
vt 0.000000 -0.225000 0.000000
vt 16.150000 -0.200000 0.000000
vt 16.150000 0.200000 0.000000
vt 16.400000 0.200000 0.000000
vt 16.400000 0.150000 0.000000
vt 19.750000 0.150000 0.000000
vt 19.750000 0.200000 0.000000
vt 20.000000 0.200000 0.000000
vt 20.000000 0.225000 0.000000
vt 0.000000 0.225000 0.000000
vt 0.000000 0.200000 0.000000
vt 0.250000 0.200000 0.000000
vt 0.250000 -0.200000 0.000000
vt 0.000000 -0.200000 0.000000
vt 0.000000 -0.225000 0.000000
vt 1.750000 -0.225000 0.000000
vt 1.750000 -0.125000 0.000000
vt 1.850000 -0.125000 0.000000
vt 1.850000 -0.225000 0.000000
vt 3.350000 -0.225000 0.000000
vt 3.350000 -0.125000 0.000000
vt 3.450000 -0.125000 0.000000
vt 3.450000 -0.225000 0.000000
vt 4.950000 -0.225000 0.000000
vt 4.950000 -0.125000 0.000000
vt 5.050000 -0.125000 0.000000
vt 5.050000 -0.225000 0.000000
vt 6.550000 -0.225000 0.000000
vt 6.550000 -0.125000 0.000000
vt 6.650000 -0.125000 0.000000
vt 6.650000 -0.225000 0.000000
vt 8.150000 -0.225000 0.000000
vt 8.150000 -0.125000 0.000000
vt 8.250000 -0.125000 0.000000
vt 8.250000 -0.225000 0.000000
vt 9.750000 -0.225000 0.000000
vt 9.750000 -0.125000 0.000000
vt 9.850000 -0.125000 0.000000
vt 9.850000 -0.225000 0.000000
vt 11.350000 -0.225000 0.000000
vt 11.350000 -0.125000 0.000000
vt 11.450000 -0.125000 0.000000
vt 11.450000 -0.225000 0.000000
vt 12.950000 -0.225000 0.000000
vt 12.950000 -0.125000 0.000000
vt 13.050000 -0.125000 0.000000
vt 13.050000 -0.225000 0.000000
vt 14.550000 -0.225000 0.000000
vt 14.550000 -0.125000 0.000000
vt 14.650000 -0.125000 0.000000
vt 14.650000 -0.225000 0.000000
vt 20.000000 -0.225000 0.000000
vt 20.000000 -0.200000 0.000000
vt 19.750000 -0.200000 0.000000
vt 19.750000 -0.150000 0.000000
vt 16.400000 -0.150000 0.000000
vt 16.400000 -0.200000 0.000000
vt -0.125000 10.000000 0.000000
vt -0.125000 -10.000000 0.000000
vt 0.125000 -10.000000 0.000000
vt 0.125000 10.000000 0.000000
vt 20.000000 -0.225000 0.000000
vt 20.000000 0.225000 0.000000
vt 0.000000 0.225000 0.000000
vt 0.000000 -0.225000 0.000000
vt -0.125000 10.000000 0.000000
vt -0.125000 -10.000000 0.000000
vt 0.125000 -10.000000 0.000000
vt 0.125000 10.000000 0.000000
vt 4.750000 -0.125000 0.000000
vt 4.750000 0.125000 0.000000
vt -4.750000 0.125000 0.000000
vt -4.750000 -0.125000 0.000000
vt 0.000000 0.150000 0.000000
vt 9.500000 0.150000 0.000000
vt 9.500000 0.200000 0.000000
vt 0.000000 0.200000 0.000000
vt -4.750000 0.125000 0.000000
vt -4.750000 -0.125000 0.000000
vt 4.750000 -0.125000 0.000000
vt 4.750000 0.125000 0.000000
vt 2.930000 0.125000 0.000000
vt 2.830000 0.125000 0.000000
vt 1.010000 0.125000 0.000000
vt 0.910000 0.125000 0.000000
vt -0.910000 0.125000 0.000000
vt -1.010000 0.125000 0.000000
vt -2.830000 0.125000 0.000000
vt -2.930000 0.125000 0.000000
vt 4.750000 -0.125000 0.000000
vt 4.750000 0.125000 0.000000
vt -4.750000 0.125000 0.000000
vt -4.750000 -0.125000 0.000000
vt 0.000000 0.150000 0.000000
vt 9.500000 0.150000 0.000000
vt 9.500000 0.200000 0.000000
vt 0.000000 0.200000 0.000000
vt -4.750000 0.125000 0.000000
vt -4.750000 -0.125000 0.000000
vt 4.750000 -0.125000 0.000000
vt 4.750000 0.125000 0.000000
vt -4.750000 0.125000 0.000000
vt -4.750000 -0.125000 0.000000
vt 4.750000 -0.125000 0.000000
vt 4.750000 0.125000 0.000000
vt 9.500000 0.200000 0.000000
vt 0.000000 0.200000 0.000000
vt 0.000000 -0.200000 0.000000
vt 1.820000 -0.200000 0.000000
vt 1.820000 -0.075000 0.000000
vt 1.920000 -0.075000 0.000000
vt 1.920000 -0.200000 0.000000
vt 3.740000 -0.200000 0.000000
vt 3.740000 -0.075000 0.000000
vt 3.840000 -0.075000 0.000000
vt 3.840000 -0.200000 0.000000
vt 5.660000 -0.200000 0.000000
vt 5.660000 -0.075000 0.000000
vt 5.760000 -0.075000 0.000000
vt 5.760000 -0.200000 0.000000
vt 7.580000 -0.200000 0.000000
vt 7.580000 -0.075000 0.000000
vt 7.680000 -0.075000 0.000000
vt 7.680000 -0.200000 0.000000
vt 9.500000 -0.200000 0.000000
vt 4.750000 -0.125000 0.000000
vt 4.750000 0.125000 0.000000
vt -4.750000 0.125000 0.000000
vt -4.750000 -0.125000 0.000000
vt -2.930000 -0.125000 0.000000
vt -2.830000 -0.125000 0.000000
vt -1.010000 -0.125000 0.000000
vt -0.910000 -0.125000 0.000000
vt 0.910000 -0.125000 0.000000
vt 1.010000 -0.125000 0.000000
vt 2.830000 -0.125000 0.000000
vt 2.930000 -0.125000 0.000000
vt 9.500000 -0.150000 0.000000
vt 0.000000 -0.150000 0.000000
vt 0.000000 -0.200000 0.000000
vt 9.500000 -0.200000 0.000000
vt 9.500000 -0.150000 0.000000
vt 0.000000 -0.150000 0.000000
vt 0.000000 -0.200000 0.000000
vt 9.500000 -0.200000 0.000000
vt -4.750000 1.675000 0.000000
vt -4.750000 -1.675000 0.000000
vt 4.750000 -1.675000 0.000000
vt 4.750000 1.675000 0.000000
vt 4.750000 -1.675000 0.000000
vt 4.750000 1.675000 0.000000
vt -4.750000 1.675000 0.000000
vt -4.750000 -1.675000 0.000000
vt 10.000000 -0.225000 0.000000
vt 10.000000 0.225000 0.000000
vt 9.750000 0.225000 0.000000
vt 9.750000 0.200000 0.000000
vt 0.250000 0.200000 0.000000
vt 0.250000 0.225000 0.000000
vt 0.000000 0.225000 0.000000
vt 0.000000 -0.225000 0.000000
vt 0.250000 -0.225000 0.000000
vt 0.250000 -0.200000 0.000000
vt 9.750000 -0.200000 0.000000
vt 9.750000 -0.225000 0.000000
vt -2.930000 3.250000 0.000000
vt -4.750000 3.250000 0.000000
vt -4.750000 3.150000 0.000000
vt -2.930000 3.150000 0.000000
vt -2.930000 4.850000 0.000000
vt -4.750000 4.850000 0.000000
vt -4.750000 4.750000 0.000000
vt -2.930000 4.750000 0.000000
vt -2.930000 6.450000 0.000000
vt -4.750000 6.450000 0.000000
vt -4.750000 6.350000 0.000000
vt -2.930000 6.350000 0.000000
vt 4.750000 6.450000 0.000000
vt 2.930000 6.450000 0.000000
vt 2.930000 6.350000 0.000000
vt 4.750000 6.350000 0.000000
vt 4.750000 4.850000 0.000000
vt 2.930000 4.850000 0.000000
vt 2.930000 4.750000 0.000000
vt 4.750000 4.750000 0.000000
vt 4.750000 3.250000 0.000000
vt 2.930000 3.250000 0.000000
vt 2.930000 3.150000 0.000000
vt 4.750000 3.150000 0.000000
vt 4.750000 1.650000 0.000000
vt 2.930000 1.650000 0.000000
vt 2.930000 1.550000 0.000000
vt 4.750000 1.550000 0.000000
vt 4.750000 0.050000 0.000000
vt 2.930000 0.050000 0.000000
vt 2.930000 -0.050000 0.000000
vt 4.750000 -0.050000 0.000000
vt 4.750000 -1.550000 0.000000
vt 2.930000 -1.550000 0.000000
vt 2.930000 -1.650000 0.000000
vt 4.750000 -1.650000 0.000000
vt 4.750000 -3.150000 0.000000
vt 2.930000 -3.150000 0.000000
vt 2.930000 -3.250000 0.000000
vt 4.750000 -3.250000 0.000000
vt 4.750000 -4.750000 0.000000
vt 2.930000 -4.750000 0.000000
vt 2.930000 -4.850000 0.000000
vt 4.750000 -4.850000 0.000000
vt 4.750000 -6.350000 0.000000
vt 2.930000 -6.350000 0.000000
vt 2.930000 -6.450000 0.000000
vt 4.750000 -6.450000 0.000000
vt -2.930000 -6.350000 0.000000
vt -4.750000 -6.350000 0.000000
vt -4.750000 -6.450000 0.000000
vt -2.930000 -6.450000 0.000000
vt -2.930000 -4.750000 0.000000
vt -4.750000 -4.750000 0.000000
vt -4.750000 -4.850000 0.000000
vt -2.930000 -4.850000 0.000000
vt -2.930000 -3.150000 0.000000
vt -4.750000 -3.150000 0.000000
vt -4.750000 -3.250000 0.000000
vt -2.930000 -3.250000 0.000000
vt -2.930000 -1.550000 0.000000
vt -4.750000 -1.550000 0.000000
vt -4.750000 -1.650000 0.000000
vt -2.930000 -1.650000 0.000000
vt -2.930000 0.050000 0.000000
vt -4.750000 0.050000 0.000000
vt -4.750000 -0.050000 0.000000
vt -2.930000 -0.050000 0.000000
vt -2.930000 1.650000 0.000000
vt -4.750000 1.650000 0.000000
vt -4.750000 1.550000 0.000000
vt -2.930000 1.550000 0.000000
vt 19.750000 -0.200000 0.000000
vt 19.750000 0.200000 0.000000
vt 20.000000 0.200000 0.000000
vt 20.000000 0.225000 0.000000
vt 0.000000 0.225000 0.000000
vt 0.000000 0.200000 0.000000
vt 0.250000 0.200000 0.000000
vt 0.250000 0.150000 0.000000
vt 3.600000 0.150000 0.000000
vt 3.600000 0.200000 0.000000
vt 3.850000 0.200000 0.000000
vt 3.850000 -0.200000 0.000000
vt 3.600000 -0.200000 0.000000
vt 3.600000 -0.150000 0.000000
vt 0.250000 -0.150000 0.000000
vt 0.250000 -0.200000 0.000000
vt 0.000000 -0.200000 0.000000
vt 0.000000 -0.225000 0.000000
vt 5.350000 -0.225000 0.000000
vt 5.350000 -0.125000 0.000000
vt 5.450000 -0.125000 0.000000
vt 5.450000 -0.225000 0.000000
vt 6.950000 -0.225000 0.000000
vt 6.950000 -0.125000 0.000000
vt 7.050000 -0.125000 0.000000
vt 7.050000 -0.225000 0.000000
vt 8.550000 -0.225000 0.000000
vt 8.550000 -0.125000 0.000000
vt 8.650000 -0.125000 0.000000
vt 8.650000 -0.225000 0.000000
vt 10.150000 -0.225000 0.000000
vt 10.150000 -0.125000 0.000000
vt 10.250000 -0.125000 0.000000
vt 10.250000 -0.225000 0.000000
vt 11.750000 -0.225000 0.000000
vt 11.750000 -0.125000 0.000000
vt 11.850000 -0.125000 0.000000
vt 11.850000 -0.225000 0.000000
vt 13.350000 -0.225000 0.000000
vt 13.350000 -0.125000 0.000000
vt 13.450000 -0.125000 0.000000
vt 13.450000 -0.225000 0.000000
vt 14.950000 -0.225000 0.000000
vt 14.950000 -0.125000 0.000000
vt 15.050000 -0.125000 0.000000
vt 15.050000 -0.225000 0.000000
vt 16.549999 -0.225000 0.000000
vt 16.549999 -0.125000 0.000000
vt 16.650000 -0.125000 0.000000
vt 16.650000 -0.225000 0.000000
vt 18.150000 -0.225000 0.000000
vt 18.150000 -0.125000 0.000000
vt 18.250000 -0.125000 0.000000
vt 18.250000 -0.225000 0.000000
vt 20.000000 -0.225000 0.000000
vt 20.000000 -0.200000 0.000000
vt 0.000000 -0.225000 0.000000
vt 1.820000 -0.225000 0.000000
vt 1.820000 -0.125000 0.000000
vt 0.000000 -0.125000 0.000000
vt 0.000000 -0.225000 0.000000
vt 1.820000 -0.225000 0.000000
vt 1.820000 -0.125000 0.000000
vt 0.000000 -0.125000 0.000000
vt 0.000000 -0.225000 0.000000
vt 1.820000 -0.225000 0.000000
vt 1.820000 -0.125000 0.000000
vt 0.000000 -0.125000 0.000000
vt 0.000000 -0.225000 0.000000
vt 1.820000 -0.225000 0.000000
vt 1.820000 -0.125000 0.000000
vt 0.000000 -0.125000 0.000000
vt 0.000000 -0.225000 0.000000
vt 1.820000 -0.225000 0.000000
vt 1.820000 -0.125000 0.000000
vt 0.000000 -0.125000 0.000000
vt 0.000000 -0.225000 0.000000
vt 1.820000 -0.225000 0.000000
vt 1.820000 -0.125000 0.000000
vt 0.000000 -0.125000 0.000000
vt 0.000000 -0.225000 0.000000
vt 1.820000 -0.225000 0.000000
vt 1.820000 -0.125000 0.000000
vt 0.000000 -0.125000 0.000000
vt 0.000000 -0.225000 0.000000
vt 1.820000 -0.225000 0.000000
vt 1.820000 -0.125000 0.000000
vt 0.000000 -0.125000 0.000000
vt 0.000000 -0.225000 0.000000
vt 1.820000 -0.225000 0.000000
vt 1.820000 -0.125000 0.000000
vt 0.000000 -0.125000 0.000000
vt 0.000000 -0.225000 0.000000
vt 1.820000 -0.225000 0.000000
vt 1.820000 -0.125000 0.000000
vt 0.000000 -0.125000 0.000000
vt 0.000000 -0.225000 0.000000
vt 1.820000 -0.225000 0.000000
vt 1.820000 -0.125000 0.000000
vt 0.000000 -0.125000 0.000000
vt 0.000000 -0.225000 0.000000
vt 1.820000 -0.225000 0.000000
vt 1.820000 -0.125000 0.000000
vt 0.000000 -0.125000 0.000000
vt 0.000000 -0.225000 0.000000
vt 1.820000 -0.225000 0.000000
vt 1.820000 -0.125000 0.000000
vt 0.000000 -0.125000 0.000000
vt 0.000000 -0.225000 0.000000
vt 1.820000 -0.225000 0.000000
vt 1.820000 -0.125000 0.000000
vt 0.000000 -0.125000 0.000000
vt 0.000000 -0.225000 0.000000
vt 1.820000 -0.225000 0.000000
vt 1.820000 -0.125000 0.000000
vt 0.000000 -0.125000 0.000000
vt 0.000000 -0.225000 0.000000
vt 1.820000 -0.225000 0.000000
vt 1.820000 -0.125000 0.000000
vt 0.000000 -0.125000 0.000000
vt 0.000000 -0.225000 0.000000
vt 1.820000 -0.225000 0.000000
vt 1.820000 -0.125000 0.000000
vt 0.000000 -0.125000 0.000000
vt 0.000000 -0.225000 0.000000
vt 1.820000 -0.225000 0.000000
vt 1.820000 -0.125000 0.000000
vt 0.000000 -0.125000 0.000000
vt 0.000000 -0.225000 0.000000
vt 1.820000 -0.225000 0.000000
vt 1.820000 -0.125000 0.000000
vt 0.000000 -0.125000 0.000000
vt 0.000000 -0.225000 0.000000
vt 1.820000 -0.225000 0.000000
vt 1.820000 -0.125000 0.000000
vt 0.000000 -0.125000 0.000000
vt 0.000000 -0.225000 0.000000
vt 1.820000 -0.225000 0.000000
vt 1.820000 -0.125000 0.000000
vt 0.000000 -0.125000 0.000000
vt 0.000000 -0.225000 0.000000
vt 1.820000 -0.225000 0.000000
vt 1.820000 -0.125000 0.000000
vt 0.000000 -0.125000 0.000000
vt 0.000000 -0.225000 0.000000
vt 1.820000 -0.225000 0.000000
vt 1.820000 -0.125000 0.000000
vt 0.000000 -0.125000 0.000000
vt 0.000000 -0.225000 0.000000
vt 1.820000 -0.225000 0.000000
vt 1.820000 -0.125000 0.000000
vt 0.000000 -0.125000 0.000000
vt 0.000000 -0.225000 0.000000
vt 1.820000 -0.225000 0.000000
vt 1.820000 -0.125000 0.000000
vt 0.000000 -0.125000 0.000000
vt 0.000000 -0.225000 0.000000
vt 1.820000 -0.225000 0.000000
vt 1.820000 -0.125000 0.000000
vt 0.000000 -0.125000 0.000000
vt 0.000000 -0.225000 0.000000
vt 1.820000 -0.225000 0.000000
vt 1.820000 -0.125000 0.000000
vt 0.000000 -0.125000 0.000000
vt 0.000000 -0.225000 0.000000
vt 1.820000 -0.225000 0.000000
vt 1.820000 -0.125000 0.000000
vt 0.000000 -0.125000 0.000000
vt 0.000000 -0.225000 0.000000
vt 1.820000 -0.225000 0.000000
vt 1.820000 -0.125000 0.000000
vt 0.000000 -0.125000 0.000000
vt 0.000000 -0.225000 0.000000
vt 1.820000 -0.225000 0.000000
vt 1.820000 -0.125000 0.000000
vt 0.000000 -0.125000 0.000000
vt 0.000000 -0.225000 0.000000
vt 1.820000 -0.225000 0.000000
vt 1.820000 -0.125000 0.000000
vt 0.000000 -0.125000 0.000000
vt 0.000000 -0.225000 0.000000
vt 1.820000 -0.225000 0.000000
vt 1.820000 -0.125000 0.000000
vt 0.000000 -0.125000 0.000000
vt 0.000000 -0.225000 0.000000
vt 1.820000 -0.225000 0.000000
vt 1.820000 -0.125000 0.000000
vt 0.000000 -0.125000 0.000000
vt 0.000000 -0.225000 0.000000
vt 1.820000 -0.225000 0.000000
vt 1.820000 -0.125000 0.000000
vt 0.000000 -0.125000 0.000000
vt 0.000000 -0.225000 0.000000
vt 1.820000 -0.225000 0.000000
vt 1.820000 -0.125000 0.000000
vt 0.000000 -0.125000 0.000000
vt 0.000000 -0.225000 0.000000
vt 1.820000 -0.225000 0.000000
vt 1.820000 -0.125000 0.000000
vt 0.000000 -0.125000 0.000000
vn 0.100000 0.000000 0.000000
vn 0.100000 0.000000 0.000000
vn 0.100000 0.000000 0.000000
vn 0.100000 0.000000 0.000000
vn 0.100000 0.000000 0.000000
vn 0.100000 0.000000 0.000000
vn 0.100000 0.000000 0.000000
vn 0.100000 0.000000 0.000000
vn 0.100000 0.000000 0.000000
vn 0.100000 0.000000 0.000000
vn 0.100000 0.000000 0.000000
vn 0.100000 0.000000 0.000000
vn 0.100000 0.000000 0.000000
vn 0.100000 0.000000 0.000000
vn 0.100000 0.000000 0.000000
vn 0.100000 0.000000 0.000000
vn 0.100000 0.000000 0.000000
vn 0.100000 0.000000 0.000000
vn 0.100000 0.000000 0.000000
vn 0.100000 0.000000 0.000000
vn 0.100000 0.000000 0.000000
vn 0.100000 0.000000 0.000000
vn 0.100000 0.000000 0.000000
vn 0.100000 0.000000 0.000000
vn 0.100000 0.000000 0.000000
vn 0.100000 0.000000 0.000000
vn 0.100000 0.000000 0.000000
vn 0.100000 0.000000 0.000000
vn 0.100000 0.000000 0.000000
vn 0.100000 0.000000 0.000000
vn 0.100000 0.000000 0.000000
vn 0.100000 0.000000 0.000000
vn 0.100000 0.000000 0.000000
vn 0.100000 0.000000 0.000000
vn 0.100000 0.000000 0.000000
vn 0.100000 0.000000 0.000000
vn 0.100000 0.000000 0.000000
vn 0.100000 0.000000 0.000000
vn 0.100000 0.000000 0.000000
vn 0.100000 0.000000 0.000000
vn 0.100000 0.000000 0.000000
vn 0.100000 0.000000 0.000000
vn -0.100000 0.000000 0.000000
vn -0.100000 0.000000 0.000000
vn -0.100000 0.000000 0.000000
vn -0.100000 0.000000 0.000000
vn -0.100000 0.000000 0.000000
vn -0.100000 0.000000 0.000000
vn -0.100000 0.000000 0.000000
vn -0.100000 0.000000 0.000000
vn -0.100000 0.000000 0.000000
vn -0.100000 0.000000 0.000000
vn -0.100000 0.000000 0.000000
vn -0.100000 0.000000 0.000000
vn -0.100000 0.000000 0.000000
vn -0.100000 0.000000 0.000000
vn -0.100000 0.000000 0.000000
vn -0.100000 0.000000 0.000000
vn -0.100000 0.000000 0.000000
vn -0.100000 0.000000 0.000000
vn -0.100000 0.000000 0.000000
vn -0.100000 0.000000 0.000000
vn -0.100000 0.000000 0.000000
vn -0.100000 0.000000 0.000000
vn -0.100000 0.000000 0.000000
vn -0.100000 0.000000 0.000000
vn -0.100000 0.000000 0.000000
vn -0.100000 0.000000 0.000000
vn -0.100000 0.000000 0.000000
vn -0.100000 0.000000 0.000000
vn -0.100000 0.000000 0.000000
vn -0.100000 0.000000 0.000000
vn -0.100000 0.000000 0.000000
vn -0.100000 0.000000 0.000000
vn -0.100000 0.000000 0.000000
vn -0.100000 0.000000 0.000000
vn -0.100000 0.000000 0.000000
vn -0.100000 0.000000 0.000000
vn -0.100000 0.000000 0.000000
vn -0.100000 0.000000 0.000000
vn -0.100000 0.000000 0.000000
vn -0.100000 0.000000 0.000000
vn -0.100000 0.000000 0.000000
vn -0.100000 0.000000 0.000000
vn 0.000000 0.100000 0.000000
vn 0.000000 0.100000 0.000000
vn 0.000000 0.100000 0.000000
vn 0.000000 0.100000 0.000000
vn 0.000000 -0.100000 0.000000
vn 0.000000 -0.100000 0.000000
vn 0.000000 -0.100000 0.000000
vn 0.000000 -0.100000 0.000000
vn 0.100000 0.000000 0.000000
vn 0.100000 0.000000 0.000000
vn 0.100000 0.000000 0.000000
vn 0.100000 0.000000 0.000000
vn 0.100000 0.000000 0.000000
vn 0.100000 0.000000 0.000000
vn 0.100000 0.000000 0.000000
vn 0.100000 0.000000 0.000000
vn 0.100000 0.000000 0.000000
vn 0.100000 0.000000 0.000000
vn 0.100000 0.000000 0.000000
vn 0.100000 0.000000 0.000000
vn 0.100000 0.000000 0.000000
vn 0.100000 0.000000 0.000000
vn 0.100000 0.000000 0.000000
vn 0.100000 0.000000 0.000000
vn 0.100000 0.000000 0.000000
vn 0.100000 0.000000 0.000000
vn 0.100000 0.000000 0.000000
vn 0.100000 0.000000 0.000000
vn 0.100000 0.000000 0.000000
vn 0.100000 0.000000 0.000000
vn 0.100000 0.000000 0.000000
vn 0.100000 0.000000 0.000000
vn 0.100000 0.000000 0.000000
vn 0.100000 0.000000 0.000000
vn 0.100000 0.000000 0.000000
vn 0.100000 0.000000 0.000000
vn 0.100000 0.000000 0.000000
vn 0.100000 0.000000 0.000000
vn 0.100000 0.000000 0.000000
vn 0.100000 0.000000 0.000000
vn 0.100000 0.000000 0.000000
vn 0.100000 0.000000 0.000000
vn 0.100000 0.000000 0.000000
vn 0.100000 0.000000 0.000000
vn 0.100000 0.000000 0.000000
vn 0.100000 0.000000 0.000000
vn 0.100000 0.000000 0.000000
vn 0.100000 0.000000 0.000000
vn 0.100000 0.000000 0.000000
vn 0.100000 0.000000 0.000000
vn -0.100000 0.000000 0.000000
vn -0.100000 0.000000 0.000000
vn -0.100000 0.000000 0.000000
vn -0.100000 0.000000 0.000000
vn -0.100000 0.000000 0.000000
vn -0.100000 0.000000 0.000000
vn -0.100000 0.000000 0.000000
vn -0.100000 0.000000 0.000000
vn -0.100000 0.000000 0.000000
vn -0.100000 0.000000 0.000000
vn -0.100000 0.000000 0.000000
vn -0.100000 0.000000 0.000000
vn -0.100000 0.000000 0.000000
vn -0.100000 0.000000 0.000000
vn -0.100000 0.000000 0.000000
vn -0.100000 0.000000 0.000000
vn -0.100000 0.000000 0.000000
vn -0.100000 0.000000 0.000000
vn -0.100000 0.000000 0.000000
vn -0.100000 0.000000 0.000000
vn -0.100000 0.000000 0.000000
vn -0.100000 0.000000 0.000000
vn -0.100000 0.000000 0.000000
vn -0.100000 0.000000 0.000000
vn -0.100000 0.000000 0.000000
vn -0.100000 0.000000 0.000000
vn -0.100000 0.000000 0.000000
vn -0.100000 0.000000 0.000000
vn -0.100000 0.000000 0.000000
vn -0.100000 0.000000 0.000000
vn -0.100000 0.000000 0.000000
vn -0.100000 0.000000 0.000000
vn -0.100000 0.000000 0.000000
vn -0.100000 0.000000 0.000000
vn -0.100000 0.000000 0.000000
vn -0.100000 0.000000 0.000000
vn -0.100000 0.000000 0.000000
vn -0.100000 0.000000 0.000000
vn -0.100000 0.000000 0.000000
vn -0.100000 0.000000 0.000000
vn -0.100000 0.000000 0.000000
vn -0.100000 0.000000 0.000000
vn 0.000000 0.100000 0.000000
vn 0.000000 0.100000 0.000000
vn 0.000000 0.100000 0.000000
vn 0.000000 0.100000 0.000000
vn 0.000000 -0.100000 0.000000
vn 0.000000 -0.100000 0.000000
vn 0.000000 -0.100000 0.000000
vn 0.000000 -0.100000 0.000000
vn 0.100000 0.000000 0.000000
vn 0.100000 0.000000 0.000000
vn 0.100000 0.000000 0.000000
vn 0.100000 0.000000 0.000000
vn 0.100000 0.000000 0.000000
vn 0.100000 0.000000 0.000000
vn 0.100000 0.000000 0.000000
vn 0.100000 0.000000 0.000000
vn 0.100000 0.000000 0.000000
vn 0.100000 0.000000 0.000000
vn 0.100000 0.000000 0.000000
vn 0.100000 0.000000 0.000000
vn 0.100000 0.000000 0.000000
vn 0.100000 0.000000 0.000000
vn 0.100000 0.000000 0.000000
vn 0.100000 0.000000 0.000000
vn 0.100000 0.000000 0.000000
vn 0.100000 0.000000 0.000000
vn 0.100000 0.000000 0.000000
vn 0.100000 0.000000 0.000000
vn 0.100000 0.000000 0.000000
vn 0.100000 0.000000 0.000000
vn 0.100000 0.000000 0.000000
vn 0.100000 0.000000 0.000000
vn 0.100000 0.000000 0.000000
vn 0.100000 0.000000 0.000000
vn 0.100000 0.000000 0.000000
vn 0.100000 0.000000 0.000000
vn 0.100000 0.000000 0.000000
vn 0.100000 0.000000 0.000000
vn 0.100000 0.000000 0.000000
vn 0.100000 0.000000 0.000000
vn 0.100000 0.000000 0.000000
vn 0.100000 0.000000 0.000000
vn 0.100000 0.000000 0.000000
vn 0.100000 0.000000 0.000000
vn 0.100000 0.000000 0.000000
vn 0.100000 0.000000 0.000000
vn 0.100000 0.000000 0.000000
vn 0.100000 0.000000 0.000000
vn 0.100000 0.000000 0.000000
vn 0.100000 0.000000 0.000000
vn 0.000000 0.100000 0.000000
vn 0.000000 0.100000 0.000000
vn 0.000000 0.100000 0.000000
vn 0.000000 0.100000 0.000000
vn -0.100000 0.000000 0.000000
vn -0.100000 0.000000 0.000000
vn -0.100000 0.000000 0.000000
vn -0.100000 0.000000 0.000000
vn -0.100000 0.000000 0.000000
vn -0.100000 0.000000 0.000000
vn -0.100000 0.000000 0.000000
vn -0.100000 0.000000 0.000000
vn -0.100000 0.000000 0.000000
vn -0.100000 0.000000 0.000000
vn -0.100000 0.000000 0.000000
vn -0.100000 0.000000 0.000000
vn -0.100000 0.000000 0.000000
vn -0.100000 0.000000 0.000000
vn -0.100000 0.000000 0.000000
vn -0.100000 0.000000 0.000000
vn -0.100000 0.000000 0.000000
vn -0.100000 0.000000 0.000000
vn -0.100000 0.000000 0.000000
vn -0.100000 0.000000 0.000000
vn -0.100000 0.000000 0.000000
vn -0.100000 0.000000 0.000000
vn -0.100000 0.000000 0.000000
vn -0.100000 0.000000 0.000000
vn -0.100000 0.000000 0.000000
vn -0.100000 0.000000 0.000000
vn -0.100000 0.000000 0.000000
vn -0.100000 0.000000 0.000000
vn -0.100000 0.000000 0.000000
vn -0.100000 0.000000 0.000000
vn -0.100000 0.000000 0.000000
vn -0.100000 0.000000 0.000000
vn -0.100000 0.000000 0.000000
vn -0.100000 0.000000 0.000000
vn -0.100000 0.000000 0.000000
vn -0.100000 0.000000 0.000000
vn -0.100000 0.000000 0.000000
vn -0.100000 0.000000 0.000000
vn -0.100000 0.000000 0.000000
vn -0.100000 0.000000 0.000000
vn -0.100000 0.000000 0.000000
vn -0.100000 0.000000 0.000000
vn 0.000000 -0.100000 0.000000
vn 0.000000 -0.100000 0.000000
vn 0.000000 -0.100000 0.000000
vn 0.000000 -0.100000 0.000000
vn 0.100000 0.000000 0.000000
vn 0.100000 0.000000 0.000000
vn 0.100000 0.000000 0.000000
vn 0.100000 0.000000 0.000000
vn 0.100000 0.000000 0.000000
vn 0.100000 0.000000 0.000000
vn 0.100000 0.000000 0.000000
vn 0.100000 0.000000 0.000000
vn 0.100000 0.000000 0.000000
vn 0.100000 0.000000 0.000000
vn 0.100000 0.000000 0.000000
vn 0.100000 0.000000 0.000000
vn 0.100000 0.000000 0.000000
vn 0.100000 0.000000 0.000000
vn 0.100000 0.000000 0.000000
vn 0.100000 0.000000 0.000000
vn 0.100000 0.000000 0.000000
vn 0.100000 0.000000 0.000000
vn 0.100000 0.000000 0.000000
vn 0.100000 0.000000 0.000000
vn 0.100000 0.000000 0.000000
vn 0.100000 0.000000 0.000000
vn 0.100000 0.000000 0.000000
vn 0.100000 0.000000 0.000000
vn 0.100000 0.000000 0.000000
vn 0.100000 0.000000 0.000000
vn 0.100000 0.000000 0.000000
vn 0.100000 0.000000 0.000000
vn 0.100000 0.000000 0.000000
vn 0.100000 0.000000 0.000000
vn 0.100000 0.000000 0.000000
vn 0.100000 0.000000 0.000000
vn 0.100000 0.000000 0.000000
vn 0.100000 0.000000 0.000000
vn 0.100000 0.000000 0.000000
vn 0.100000 0.000000 0.000000
vn 0.100000 0.000000 0.000000
vn 0.100000 0.000000 0.000000
vn 0.100000 0.000000 0.000000
vn 0.100000 0.000000 0.000000
vn 0.100000 0.000000 0.000000
vn 0.100000 0.000000 0.000000
vn -0.100000 0.000000 0.000000
vn -0.100000 0.000000 0.000000
vn -0.100000 0.000000 0.000000
vn -0.100000 0.000000 0.000000
vn -0.100000 0.000000 0.000000
vn -0.100000 0.000000 0.000000
vn -0.100000 0.000000 0.000000
vn -0.100000 0.000000 0.000000
vn -0.100000 0.000000 0.000000
vn -0.100000 0.000000 0.000000
vn -0.100000 0.000000 0.000000
vn -0.100000 0.000000 0.000000
vn -0.100000 0.000000 0.000000
vn -0.100000 0.000000 0.000000
vn -0.100000 0.000000 0.000000
vn -0.100000 0.000000 0.000000
vn -0.100000 0.000000 0.000000
vn -0.100000 0.000000 0.000000
vn -0.100000 0.000000 0.000000
vn -0.100000 0.000000 0.000000
vn -0.100000 0.000000 0.000000
vn -0.100000 0.000000 0.000000
vn -0.100000 0.000000 0.000000
vn -0.100000 0.000000 0.000000
vn -0.100000 0.000000 0.000000
vn -0.100000 0.000000 0.000000
vn -0.100000 0.000000 0.000000
vn -0.100000 0.000000 0.000000
vn -0.100000 0.000000 0.000000
vn -0.100000 0.000000 0.000000
vn -0.100000 0.000000 0.000000
vn -0.100000 0.000000 0.000000
vn -0.100000 0.000000 0.000000
vn -0.100000 0.000000 0.000000
vn -0.100000 0.000000 0.000000
vn -0.100000 0.000000 0.000000
vn -0.100000 0.000000 0.000000
vn -0.100000 0.000000 0.000000
vn -0.100000 0.000000 0.000000
vn -0.100000 0.000000 0.000000
vn -0.100000 0.000000 0.000000
vn -0.100000 0.000000 0.000000
vn 0.000000 0.100000 0.000000
vn 0.000000 0.100000 0.000000
vn 0.000000 0.100000 0.000000
vn 0.000000 0.100000 0.000000
vn 0.000000 -0.100000 0.000000
vn 0.000000 -0.100000 0.000000
vn 0.000000 -0.100000 0.000000
vn 0.000000 -0.100000 0.000000
vn 0.000000 0.100000 0.000000
vn 0.000000 0.100000 0.000000
vn 0.000000 0.100000 0.000000
vn 0.000000 0.100000 0.000000
vn 0.000000 0.100000 0.000000
vn 0.000000 0.100000 0.000000
vn 0.000000 0.100000 0.000000
vn 0.000000 0.100000 0.000000
vn 0.000000 0.100000 0.000000
vn 0.000000 0.100000 0.000000
vn 0.000000 0.100000 0.000000
vn 0.000000 0.100000 0.000000
vn 0.000000 0.100000 0.000000
vn 0.000000 0.100000 0.000000
vn 0.000000 0.100000 0.000000
vn 0.000000 0.100000 0.000000
vn 0.000000 0.100000 0.000000
vn 0.000000 0.100000 0.000000
vn 0.000000 0.100000 0.000000
vn 0.000000 0.100000 0.000000
vn 0.000000 0.000000 0.100000
vn 0.000000 0.000000 0.100000
vn 0.000000 0.000000 0.100000
vn 0.000000 0.000000 0.100000
vn 0.000000 0.000000 0.100000
vn 0.000000 0.000000 0.100000
vn 0.000000 0.000000 0.100000
vn 0.000000 0.000000 0.100000
vn 0.000000 0.000000 0.100000
vn 0.000000 0.000000 0.100000
vn 0.000000 0.000000 0.100000
vn 0.000000 0.000000 0.100000
vn 0.000000 0.000000 0.100000
vn 0.000000 0.000000 0.100000
vn 0.000000 0.000000 0.100000
vn 0.000000 0.000000 0.100000
vn 0.000000 -0.100000 0.000000
vn 0.000000 -0.100000 0.000000
vn 0.000000 -0.100000 0.000000
vn 0.000000 -0.100000 0.000000
vn 0.000000 0.100000 0.000000
vn 0.000000 0.100000 0.000000
vn 0.000000 0.100000 0.000000
vn 0.000000 0.100000 0.000000
vn 0.000000 0.000000 0.100000
vn 0.000000 0.000000 0.100000
vn 0.000000 0.000000 0.100000
vn 0.000000 0.000000 0.100000
vn 0.000000 0.000000 0.100000
vn 0.000000 0.000000 0.100000
vn 0.000000 0.000000 0.100000
vn 0.000000 0.000000 0.100000
vn 0.000000 -0.100000 0.000000
vn 0.000000 -0.100000 0.000000
vn 0.000000 -0.100000 0.000000
vn 0.000000 -0.100000 0.000000
vn 0.000000 0.100000 0.000000
vn 0.000000 0.100000 0.000000
vn 0.000000 0.100000 0.000000
vn 0.000000 0.100000 0.000000
vn 0.000000 0.100000 0.000000
vn 0.000000 0.100000 0.000000
vn 0.000000 0.100000 0.000000
vn 0.000000 0.100000 0.000000
vn 0.000000 -0.100000 0.000000
vn 0.000000 -0.100000 0.000000
vn 0.000000 -0.100000 0.000000
vn 0.000000 -0.100000 0.000000
vn 0.000000 0.000000 0.100000
vn 0.000000 0.000000 0.100000
vn 0.000000 0.000000 0.100000
vn 0.000000 0.000000 0.100000
vn 0.000000 0.000000 0.100000
vn 0.000000 0.000000 0.100000
vn 0.000000 0.000000 0.100000
vn 0.000000 0.000000 0.100000
vn 0.000000 0.000000 -0.100000
vn 0.000000 0.000000 -0.100000
vn 0.000000 0.000000 -0.100000
vn 0.000000 0.000000 -0.100000
vn 0.000000 0.000000 -0.100000
vn 0.000000 0.000000 -0.100000
vn 0.000000 0.000000 -0.100000
vn 0.000000 0.000000 -0.100000
vn 0.000000 0.000000 -0.100000
vn 0.000000 0.000000 -0.100000
vn 0.000000 0.000000 -0.100000
vn 0.000000 0.000000 -0.100000
vn 0.000000 0.000000 -0.100000
vn 0.000000 0.000000 -0.100000
vn 0.000000 0.000000 -0.100000
vn 0.000000 0.000000 -0.100000
vn 0.000000 0.000000 -0.100000
vn 0.000000 0.000000 -0.100000
vn 0.000000 0.000000 -0.100000
vn 0.000000 0.000000 -0.100000
vn 0.000000 0.000000 -0.100000
vn 0.000000 0.000000 -0.100000
vn 0.000000 0.000000 -0.100000
vn 0.000000 0.000000 -0.100000
vn 0.000000 0.000000 -0.100000
vn 0.000000 0.000000 -0.100000
vn 0.000000 0.000000 -0.100000
vn 0.000000 0.000000 -0.100000
vn 0.000000 0.000000 -0.100000
vn 0.000000 0.000000 -0.100000
vn 0.000000 0.000000 -0.100000
vn 0.000000 0.000000 -0.100000
vn 0.000000 0.000000 -0.100000
vn 0.000000 0.000000 -0.100000
vn 0.000000 0.000000 -0.100000
vn 0.000000 0.000000 -0.100000
vn 0.000000 0.000000 -0.100000
vn 0.000000 0.000000 -0.100000
vn 0.000000 0.000000 -0.100000
vn 0.000000 0.000000 -0.100000
vn 0.000000 0.000000 -0.100000
vn 0.000000 0.000000 -0.100000
vn 0.000000 0.000000 -0.100000
vn 0.000000 0.000000 -0.100000
vn 0.000000 0.000000 -0.100000
vn 0.000000 0.000000 -0.100000
vn 0.000000 0.000000 -0.100000
vn 0.000000 0.000000 -0.100000
vn 0.000000 0.000000 -0.100000
vn 0.000000 0.000000 -0.100000
vn 0.000000 0.000000 -0.100000
vn 0.000000 0.000000 -0.100000
vn 0.000000 0.000000 -0.100000
vn 0.000000 0.000000 -0.100000
vn 0.000000 0.000000 -0.100000
vn 0.000000 0.000000 -0.100000
vn 0.000000 0.000000 -0.100000
vn 0.000000 0.000000 -0.100000
vn 0.000000 0.000000 -0.100000
vn 0.000000 0.000000 -0.100000
vn 0.000000 0.000000 -0.100000
vn 0.000000 0.000000 -0.100000
vn 0.000000 0.000000 -0.100000
vn 0.000000 0.000000 -0.100000
vn 0.000000 0.000000 -0.100000
vn 0.000000 0.000000 -0.100000
vn 0.000000 0.000000 -0.100000
vn 0.000000 0.000000 -0.100000
vn 0.000000 0.000000 -0.100000
vn 0.000000 0.000000 -0.100000
vn 0.000000 0.000000 -0.100000
vn 0.000000 0.000000 -0.100000
vn 0.000000 0.000000 -0.100000
vn 0.000000 0.000000 -0.100000
vn 0.000000 0.000000 -0.100000
vn 0.000000 0.000000 -0.100000
vn 0.000000 0.000000 -0.100000
vn 0.000000 0.000000 -0.100000
vn 0.000000 0.000000 -0.100000
vn 0.000000 0.000000 -0.100000
vn 0.000000 0.000000 -0.100000
vn 0.000000 0.000000 -0.100000
vn 0.000000 0.000000 -0.100000
vn 0.000000 0.000000 -0.100000
vn 0.000000 0.000000 -0.100000
vn 0.000000 0.000000 -0.100000
vn 0.000000 0.000000 -0.100000
vn 0.000000 0.000000 -0.100000
vn 0.000000 0.000000 -0.100000
vn 0.000000 0.000000 -0.100000
vn 0.000000 0.000000 -0.100000
vn 0.000000 0.000000 -0.100000
vn 0.000000 0.000000 -0.100000
vn 0.000000 0.000000 -0.100000
vn 0.000000 0.000000 -0.100000
vn 0.000000 0.000000 -0.100000
vn 0.000000 0.000000 -0.100000
vn 0.000000 0.000000 -0.100000
vn 0.000000 0.000000 -0.100000
vn 0.000000 0.000000 -0.100000
vn 0.000000 0.000000 -0.100000
vn 0.000000 0.000000 -0.100000
vn 0.000000 0.000000 -0.100000
vn 0.000000 0.000000 -0.100000
vn 0.000000 0.000000 -0.100000
vn 0.000000 0.000000 -0.100000
vn 0.000000 0.000000 -0.100000
vn 0.000000 0.000000 -0.100000
vn 0.000000 0.000000 -0.100000
vn 0.000000 0.000000 -0.100000
vn 0.000000 0.000000 -0.100000
vn 0.000000 0.000000 -0.100000
vn 0.000000 0.000000 -0.100000
vn 0.000000 0.000000 -0.100000
vn 0.000000 0.000000 -0.100000
vn 0.000000 0.000000 -0.100000
vn 0.000000 0.000000 -0.100000
vn 0.000000 0.000000 -0.100000
vn 0.000000 0.000000 -0.100000
vn 0.000000 0.000000 -0.100000
vn 0.000000 0.000000 -0.100000
vn 0.000000 0.000000 -0.100000
vn 0.000000 0.000000 -0.100000
vn 0.000000 0.000000 -0.100000
vn 0.000000 0.000000 -0.100000
vn 0.000000 0.000000 -0.100000
vn 0.000000 0.000000 -0.100000
vn 0.000000 0.000000 -0.100000
vn 0.000000 0.000000 -0.100000
vn 0.000000 0.000000 -0.100000
vn 0.000000 0.000000 -0.100000
vn 0.000000 0.000000 -0.100000
vn 0.000000 0.000000 -0.100000
vn 0.000000 0.000000 -0.100000
vn 0.000000 0.000000 -0.100000
vn 0.000000 0.000000 -0.100000
vn 0.000000 0.000000 -0.100000
vn 0.000000 0.000000 -0.100000
vn 0.000000 0.000000 -0.100000
vn 0.000000 0.000000 -0.100000
vn 0.000000 0.000000 -0.100000
vn 0.000000 0.000000 -0.100000
vn 0.000000 0.000000 -0.100000
vn 0.000000 0.000000 -0.100000
vn 0.000000 0.000000 -0.100000
vn 0.000000 0.000000 -0.100000
vn 0.000000 0.000000 -0.100000
vn 0.000000 0.000000 -0.100000
vn 0.000000 0.000000 -0.100000
vn 0.000000 0.000000 -0.100000
vn 0.000000 0.000000 -0.100000
vn 0.000000 0.000000 -0.100000
vn 0.000000 0.000000 -0.100000
vn 0.000000 0.000000 -0.100000
vn 0.000000 0.000000 -0.100000
vn 0.000000 0.000000 -0.100000
vn 0.000000 0.000000 -0.100000
vn 0.000000 0.000000 -0.100000
vn 0.000000 0.000000 -0.100000
vn 0.000000 0.000000 -0.100000
vn 0.000000 0.000000 -0.100000
vn 0.000000 0.000000 -0.100000
vn 0.000000 0.000000 -0.100000
vn 0.000000 0.000000 -0.100000
vn 0.000000 0.000000 -0.100000
vn 0.000000 0.000000 -0.100000
vn 0.000000 0.000000 -0.100000
vn 0.000000 0.000000 -0.100000
vn 0.000000 0.000000 -0.100000
vn 0.000000 0.000000 -0.100000
vn 0.000000 0.000000 -0.100000
vn 0.000000 0.000000 -0.100000
vn 0.000000 0.000000 -0.100000
vn 0.000000 0.000000 -0.100000
vn 0.000000 0.000000 -0.100000
vn 0.000000 0.000000 -0.100000
vn 0.000000 0.000000 -0.100000
vn 0.000000 0.000000 -0.100000
vn 0.000000 0.000000 -0.100000
vn 0.000000 0.000000 -0.100000
vn 0.000000 0.000000 -0.100000
vn 0.000000 0.000000 -0.100000
vn 0.000000 0.000000 -0.100000
vn 0.000000 0.000000 -0.100000
vn 0.000000 0.000000 -0.100000
vn 0.000000 0.000000 -0.100000
vn 0.000000 0.000000 -0.100000
vn 0.000000 0.000000 -0.100000
vn 0.000000 0.000000 -0.100000
vn 0.000000 0.000000 -0.100000
vn 0.000000 0.000000 -0.100000
vn 0.000000 0.000000 -0.100000
vn 0.000000 0.000000 -0.100000
vn 0.000000 0.000000 -0.100000
vn 0.000000 0.000000 -0.100000
vn 0.000000 0.000000 -0.100000
vn 0.000000 0.000000 -0.100000
vn 0.000000 0.000000 -0.100000
vn 0.000000 0.000000 -0.100000
vn 0.000000 0.000000 -0.100000
vn 0.000000 0.000000 -0.100000
vn 0.000000 0.000000 -0.100000
vn 0.000000 0.000000 -0.100000
vn 0.000000 0.000000 -0.100000
vn 0.000000 0.100000 0.000000
vn 0.000000 0.100000 0.000000
vn 0.000000 0.100000 0.000000
vn 0.000000 0.100000 0.000000
vn 0.000000 -0.100000 0.000000
vn 0.000000 -0.100000 0.000000
vn 0.000000 -0.100000 0.000000
vn 0.000000 -0.100000 0.000000
vn 0.000000 0.100000 0.000000
vn 0.000000 0.100000 0.000000
vn 0.000000 0.100000 0.000000
vn 0.000000 0.100000 0.000000
vn 0.000000 -0.100000 0.000000
vn 0.000000 -0.100000 0.000000
vn 0.000000 -0.100000 0.000000
vn 0.000000 -0.100000 0.000000
vn 0.000000 0.000000 0.100000
vn 0.000000 0.000000 0.100000
vn 0.000000 0.000000 0.100000
vn 0.000000 0.000000 0.100000
vn 0.000000 0.000000 0.100000
vn 0.000000 0.000000 0.100000
vn 0.000000 0.000000 0.100000
vn 0.000000 0.000000 0.100000
vn 0.000000 -0.100000 0.000000
vn 0.000000 -0.100000 0.000000
vn 0.000000 -0.100000 0.000000
vn 0.000000 -0.100000 0.000000
vn 0.000000 0.100000 0.000000
vn 0.000000 0.100000 0.000000
vn 0.000000 0.100000 0.000000
vn 0.000000 0.100000 0.000000
vn 0.000000 0.100000 0.000000
vn 0.000000 0.100000 0.000000
vn 0.000000 0.100000 0.000000
vn 0.000000 0.100000 0.000000
vn 0.000000 -0.100000 0.000000
vn 0.000000 -0.100000 0.000000
vn 0.000000 -0.100000 0.000000
vn 0.000000 -0.100000 0.000000
vn 0.000000 0.000000 0.100000
vn 0.000000 0.000000 0.100000
vn 0.000000 0.000000 0.100000
vn 0.000000 0.000000 0.100000
vn 0.000000 0.000000 0.100000
vn 0.000000 0.000000 0.100000
vn 0.000000 0.000000 0.100000
vn 0.000000 0.000000 0.100000
vn 0.000000 -0.100000 0.000000
vn 0.000000 -0.100000 0.000000
vn 0.000000 -0.100000 0.000000
vn 0.000000 -0.100000 0.000000
vn 0.000000 0.100000 0.000000
vn 0.000000 0.100000 0.000000
vn 0.000000 0.100000 0.000000
vn 0.000000 0.100000 0.000000
vn 0.000000 0.100000 0.000000
vn 0.000000 0.100000 0.000000
vn 0.000000 0.100000 0.000000
vn 0.000000 0.100000 0.000000
vn 0.000000 -0.100000 0.000000
vn 0.000000 -0.100000 0.000000
vn 0.000000 -0.100000 0.000000
vn 0.000000 -0.100000 0.000000
vn 0.000000 0.000000 0.100000
vn 0.000000 0.000000 0.100000
vn 0.000000 0.000000 0.100000
vn 0.000000 0.000000 0.100000
vn 0.000000 0.000000 0.100000
vn 0.000000 0.000000 0.100000
vn 0.000000 0.000000 0.100000
vn 0.000000 0.000000 0.100000
vn 0.000000 -0.100000 0.000000
vn 0.000000 -0.100000 0.000000
vn 0.000000 -0.100000 0.000000
vn 0.000000 -0.100000 0.000000
vn 0.000000 0.100000 0.000000
vn 0.000000 0.100000 0.000000
vn 0.000000 0.100000 0.000000
vn 0.000000 0.100000 0.000000
vn 0.000000 0.100000 0.000000
vn 0.000000 0.100000 0.000000
vn 0.000000 0.100000 0.000000
vn 0.000000 0.100000 0.000000
vn 0.000000 -0.100000 0.000000
vn 0.000000 -0.100000 0.000000
vn 0.000000 -0.100000 0.000000
vn 0.000000 -0.100000 0.000000
vn 0.000000 0.000000 0.100000
vn 0.000000 0.000000 0.100000
vn 0.000000 0.000000 0.100000
vn 0.000000 0.000000 0.100000
vn 0.000000 0.000000 0.100000
vn 0.000000 0.000000 0.100000
vn 0.000000 0.000000 0.100000
vn 0.000000 0.000000 0.100000
vn 0.000000 -0.100000 0.000000
vn 0.000000 -0.100000 0.000000
vn 0.000000 -0.100000 0.000000
vn 0.000000 -0.100000 0.000000
vn 0.000000 0.100000 0.000000
vn 0.000000 0.100000 0.000000
vn 0.000000 0.100000 0.000000
vn 0.000000 0.100000 0.000000
vn 0.000000 0.100000 0.000000
vn 0.000000 0.100000 0.000000
vn 0.000000 0.100000 0.000000
vn 0.000000 0.100000 0.000000
vn 0.000000 -0.100000 0.000000
vn 0.000000 -0.100000 0.000000
vn 0.000000 -0.100000 0.000000
vn 0.000000 -0.100000 0.000000
vn 0.000000 0.000000 0.100000
vn 0.000000 0.000000 0.100000
vn 0.000000 0.000000 0.100000
vn 0.000000 0.000000 0.100000
vn 0.000000 0.000000 0.100000
vn 0.000000 0.000000 0.100000
vn 0.000000 0.000000 0.100000
vn 0.000000 0.000000 0.100000
vn 0.000000 -0.100000 0.000000
vn 0.000000 -0.100000 0.000000
vn 0.000000 -0.100000 0.000000
vn 0.000000 -0.100000 0.000000
vn 0.000000 0.100000 0.000000
vn 0.000000 0.100000 0.000000
vn 0.000000 0.100000 0.000000
vn 0.000000 0.100000 0.000000
vn 0.000000 0.100000 0.000000
vn 0.000000 0.100000 0.000000
vn 0.000000 0.100000 0.000000
vn 0.000000 0.100000 0.000000
vn 0.000000 -0.100000 0.000000
vn 0.000000 -0.100000 0.000000
vn 0.000000 -0.100000 0.000000
vn 0.000000 -0.100000 0.000000
vn 0.000000 0.000000 0.100000
vn 0.000000 0.000000 0.100000
vn 0.000000 0.000000 0.100000
vn 0.000000 0.000000 0.100000
vn 0.000000 0.000000 0.100000
vn 0.000000 0.000000 0.100000
vn 0.000000 0.000000 0.100000
vn 0.000000 0.000000 0.100000
vn 0.000000 -0.100000 0.000000
vn 0.000000 -0.100000 0.000000
vn 0.000000 -0.100000 0.000000
vn 0.000000 -0.100000 0.000000
vn 0.000000 0.100000 0.000000
vn 0.000000 0.100000 0.000000
vn 0.000000 0.100000 0.000000
vn 0.000000 0.100000 0.000000
vn 0.000000 0.100000 0.000000
vn 0.000000 0.100000 0.000000
vn 0.000000 0.100000 0.000000
vn 0.000000 0.100000 0.000000
vn 0.000000 -0.100000 0.000000
vn 0.000000 -0.100000 0.000000
vn 0.000000 -0.100000 0.000000
vn 0.000000 -0.100000 0.000000
vn 0.000000 0.000000 0.100000
vn 0.000000 0.000000 0.100000
vn 0.000000 0.000000 0.100000
vn 0.000000 0.000000 0.100000
vn 0.000000 0.000000 0.100000
vn 0.000000 0.000000 0.100000
vn 0.000000 0.000000 0.100000
vn 0.000000 0.000000 0.100000
vn 0.000000 -0.100000 0.000000
vn 0.000000 -0.100000 0.000000
vn 0.000000 -0.100000 0.000000
vn 0.000000 -0.100000 0.000000
vn 0.000000 0.100000 0.000000
vn 0.000000 0.100000 0.000000
vn 0.000000 0.100000 0.000000
vn 0.000000 0.100000 0.000000
vn 0.000000 0.100000 0.000000
vn 0.000000 0.100000 0.000000
vn 0.000000 0.100000 0.000000
vn 0.000000 0.100000 0.000000
vn 0.000000 -0.100000 0.000000
vn 0.000000 -0.100000 0.000000
vn 0.000000 -0.100000 0.000000
vn 0.000000 -0.100000 0.000000
vn 0.000000 0.000000 0.100000
vn 0.000000 0.000000 0.100000
vn 0.000000 0.000000 0.100000
vn 0.000000 0.000000 0.100000
vn 0.000000 0.000000 0.100000
vn 0.000000 0.000000 0.100000
vn 0.000000 0.000000 0.100000
vn 0.000000 0.000000 0.100000
vn 0.000000 -0.100000 0.000000
vn 0.000000 -0.100000 0.000000
vn 0.000000 -0.100000 0.000000
vn 0.000000 -0.100000 0.000000
vn 0.000000 0.100000 0.000000
vn 0.000000 0.100000 0.000000
vn 0.000000 0.100000 0.000000
vn 0.000000 0.100000 0.000000
vn 0.000000 0.100000 0.000000
vn 0.000000 0.100000 0.000000
vn 0.000000 0.100000 0.000000
vn 0.000000 0.100000 0.000000
vn 0.000000 -0.100000 0.000000
vn 0.000000 -0.100000 0.000000
vn 0.000000 -0.100000 0.000000
vn 0.000000 -0.100000 0.000000
vn 0.000000 0.000000 0.100000
vn 0.000000 0.000000 0.100000
vn 0.000000 0.000000 0.100000
vn 0.000000 0.000000 0.100000
vn 0.000000 0.000000 0.100000
vn 0.000000 0.000000 0.100000
vn 0.000000 0.000000 0.100000
vn 0.000000 0.000000 0.100000
vn 0.000000 -0.100000 0.000000
vn 0.000000 -0.100000 0.000000
vn 0.000000 -0.100000 0.000000
vn 0.000000 -0.100000 0.000000
vn 0.000000 0.100000 0.000000
vn 0.000000 0.100000 0.000000
vn 0.000000 0.100000 0.000000
vn 0.000000 0.100000 0.000000
vn 0.000000 0.100000 0.000000
vn 0.000000 0.100000 0.000000
vn 0.000000 0.100000 0.000000
vn 0.000000 0.100000 0.000000
vn 0.000000 -0.100000 0.000000
vn 0.000000 -0.100000 0.000000
vn 0.000000 -0.100000 0.000000
vn 0.000000 -0.100000 0.000000
vn 0.000000 0.000000 0.100000
vn 0.000000 0.000000 0.100000
vn 0.000000 0.000000 0.100000
vn 0.000000 0.000000 0.100000
vn 0.000000 0.000000 0.100000
vn 0.000000 0.000000 0.100000
vn 0.000000 0.000000 0.100000
vn 0.000000 0.000000 0.100000
vn 0.000000 -0.100000 0.000000
vn 0.000000 -0.100000 0.000000
vn 0.000000 -0.100000 0.000000
vn 0.000000 -0.100000 0.000000
vn 0.000000 0.100000 0.000000
vn 0.000000 0.100000 0.000000
vn 0.000000 0.100000 0.000000
vn 0.000000 0.100000 0.000000
vn 0.000000 0.100000 0.000000
vn 0.000000 0.100000 0.000000
vn 0.000000 0.100000 0.000000
vn 0.000000 0.100000 0.000000
vn 0.000000 -0.100000 0.000000
vn 0.000000 -0.100000 0.000000
vn 0.000000 -0.100000 0.000000
vn 0.000000 -0.100000 0.000000
vn 0.000000 0.000000 0.100000
vn 0.000000 0.000000 0.100000
vn 0.000000 0.000000 0.100000
vn 0.000000 0.000000 0.100000
vn 0.000000 0.000000 0.100000
vn 0.000000 0.000000 0.100000
vn 0.000000 0.000000 0.100000
vn 0.000000 0.000000 0.100000
vn 0.000000 -0.100000 0.000000
vn 0.000000 -0.100000 0.000000
vn 0.000000 -0.100000 0.000000
vn 0.000000 -0.100000 0.000000
vn 0.000000 0.100000 0.000000
vn 0.000000 0.100000 0.000000
vn 0.000000 0.100000 0.000000
vn 0.000000 0.100000 0.000000
vn 0.000000 0.100000 0.000000
vn 0.000000 0.100000 0.000000
vn 0.000000 0.100000 0.000000
vn 0.000000 0.100000 0.000000
vn 0.000000 -0.100000 0.000000
vn 0.000000 -0.100000 0.000000
vn 0.000000 -0.100000 0.000000
vn 0.000000 -0.100000 0.000000
vn 0.000000 0.000000 0.100000
vn 0.000000 0.000000 0.100000
vn 0.000000 0.000000 0.100000
vn 0.000000 0.000000 0.100000
vn -0.100000 0.000000 0.000000
vn -0.100000 0.000000 0.000000
vn -0.100000 0.000000 0.000000
vn -0.100000 0.000000 0.000000
vn 0.000000 -0.100000 0.000000
vn 0.000000 -0.100000 0.000000
vn 0.000000 -0.100000 0.000000
vn 0.000000 -0.100000 0.000000
vn 0.000000 -0.100000 0.000000
vn 0.000000 -0.100000 0.000000
vn 0.000000 -0.100000 0.000000
vn 0.000000 -0.100000 0.000000
vn 0.000000 -0.100000 0.000000
vn 0.000000 -0.100000 0.000000
vn 0.000000 -0.100000 0.000000
vn 0.000000 -0.100000 0.000000
vn -0.100000 0.000000 0.000000
vn -0.100000 0.000000 0.000000
vn -0.100000 0.000000 0.000000
vn -0.100000 0.000000 0.000000
vn -0.100000 0.000000 0.000000
vn -0.100000 0.000000 0.000000
vn -0.100000 0.000000 0.000000
vn -0.100000 0.000000 0.000000
vn -0.100000 0.000000 0.000000
vn -0.100000 0.000000 0.000000
vn -0.100000 0.000000 0.000000
vn -0.100000 0.000000 0.000000
vn -0.100000 0.000000 0.000000
vn -0.100000 0.000000 0.000000
vn -0.100000 0.000000 0.000000
vn -0.100000 0.000000 0.000000
vn -0.100000 0.000000 0.000000
vn -0.100000 0.000000 0.000000
vn -0.100000 0.000000 0.000000
vn -0.100000 0.000000 0.000000
vn -0.100000 0.000000 0.000000
vn -0.100000 0.000000 0.000000
vn -0.100000 0.000000 0.000000
vn -0.100000 0.000000 0.000000
vn -0.100000 0.000000 0.000000
vn -0.100000 0.000000 0.000000
vn -0.100000 0.000000 0.000000
vn -0.100000 0.000000 0.000000
vn -0.100000 0.000000 0.000000
vn -0.100000 0.000000 0.000000
vn -0.100000 0.000000 0.000000
vn -0.100000 0.000000 0.000000
vn -0.100000 0.000000 0.000000
vn -0.100000 0.000000 0.000000
vn -0.100000 0.000000 0.000000
vn -0.100000 0.000000 0.000000
vn -0.100000 0.000000 0.000000
vn -0.100000 0.000000 0.000000
vn -0.100000 0.000000 0.000000
vn -0.100000 0.000000 0.000000
vn -0.100000 0.000000 0.000000
vn -0.100000 0.000000 0.000000
vn -0.100000 0.000000 0.000000
vn -0.100000 0.000000 0.000000
vn -0.100000 0.000000 0.000000
vn -0.100000 0.000000 0.000000
vn -0.100000 0.000000 0.000000
vn -0.100000 0.000000 0.000000
vn -0.100000 0.000000 0.000000
vn -0.100000 0.000000 0.000000
vn -0.100000 0.000000 0.000000
vn -0.100000 0.000000 0.000000
vn -0.100000 0.000000 0.000000
vn -0.100000 0.000000 0.000000
vn -0.100000 0.000000 0.000000
vn -0.100000 0.000000 0.000000
vn 0.000000 0.000000 0.100000
vn 0.000000 0.000000 0.100000
vn 0.000000 0.000000 0.100000
vn 0.000000 0.000000 0.100000
vn 0.100000 0.000000 0.000000
vn 0.100000 0.000000 0.000000
vn 0.100000 0.000000 0.000000
vn 0.100000 0.000000 0.000000
vn 0.000000 0.000000 0.100000
vn 0.000000 0.000000 0.100000
vn 0.000000 0.000000 0.100000
vn 0.000000 0.000000 0.100000
vn 0.000000 0.000000 0.100000
vn 0.000000 0.000000 0.100000
vn 0.000000 0.000000 0.100000
vn 0.000000 0.000000 0.100000
vn 0.000000 -0.100000 0.000000
vn 0.000000 -0.100000 0.000000
vn 0.000000 -0.100000 0.000000
vn 0.000000 -0.100000 0.000000
vn 0.000000 0.000000 -0.100000
vn 0.000000 0.000000 -0.100000
vn 0.000000 0.000000 -0.100000
vn 0.000000 0.000000 -0.100000
vn 0.000000 0.000000 -0.100000
vn 0.000000 0.000000 -0.100000
vn 0.000000 0.000000 -0.100000
vn 0.000000 0.000000 -0.100000
vn 0.000000 0.000000 -0.100000
vn 0.000000 0.000000 -0.100000
vn 0.000000 0.000000 -0.100000
vn 0.000000 0.000000 -0.100000
vn 0.000000 0.000000 0.100000
vn 0.000000 0.000000 0.100000
vn 0.000000 0.000000 0.100000
vn 0.000000 0.000000 0.100000
vn 0.000000 0.100000 0.000000
vn 0.000000 0.100000 0.000000
vn 0.000000 0.100000 0.000000
vn 0.000000 0.100000 0.000000
vn 0.000000 0.000000 -0.100000
vn 0.000000 0.000000 -0.100000
vn 0.000000 0.000000 -0.100000
vn 0.000000 0.000000 -0.100000
vn 0.000000 0.000000 0.100000
vn 0.000000 0.000000 0.100000
vn 0.000000 0.000000 0.100000
vn 0.000000 0.000000 0.100000
vn 0.000000 -0.100000 0.000000
vn 0.000000 -0.100000 0.000000
vn 0.000000 -0.100000 0.000000
vn 0.000000 -0.100000 0.000000
vn 0.000000 -0.100000 0.000000
vn 0.000000 -0.100000 0.000000
vn 0.000000 -0.100000 0.000000
vn 0.000000 -0.100000 0.000000
vn 0.000000 -0.100000 0.000000
vn 0.000000 -0.100000 0.000000
vn 0.000000 -0.100000 0.000000
vn 0.000000 -0.100000 0.000000
vn 0.000000 -0.100000 0.000000
vn 0.000000 -0.100000 0.000000
vn 0.000000 -0.100000 0.000000
vn 0.000000 -0.100000 0.000000
vn 0.000000 -0.100000 0.000000
vn 0.000000 -0.100000 0.000000
vn 0.000000 -0.100000 0.000000
vn 0.000000 -0.100000 0.000000
vn 0.000000 0.000000 -0.100000
vn 0.000000 0.000000 -0.100000
vn 0.000000 0.000000 -0.100000
vn 0.000000 0.000000 -0.100000
vn 0.000000 0.000000 -0.100000
vn 0.000000 0.000000 -0.100000
vn 0.000000 0.000000 -0.100000
vn 0.000000 0.000000 -0.100000
vn 0.000000 0.000000 -0.100000
vn 0.000000 0.000000 -0.100000
vn 0.000000 0.000000 -0.100000
vn 0.000000 0.000000 -0.100000
vn 0.000000 -0.100000 0.000000
vn 0.000000 -0.100000 0.000000
vn 0.000000 -0.100000 0.000000
vn 0.000000 -0.100000 0.000000
vn 0.000000 0.100000 0.000000
vn 0.000000 0.100000 0.000000
vn 0.000000 0.100000 0.000000
vn 0.000000 0.100000 0.000000
vn 0.000000 0.000000 0.100000
vn 0.000000 0.000000 0.100000
vn 0.000000 0.000000 0.100000
vn 0.000000 0.000000 0.100000
vn 0.000000 0.000000 -0.100000
vn 0.000000 0.000000 -0.100000
vn 0.000000 0.000000 -0.100000
vn 0.000000 0.000000 -0.100000
vn 0.000000 0.100000 0.000000
vn 0.000000 0.100000 0.000000
vn 0.000000 0.100000 0.000000
vn 0.000000 0.100000 0.000000
vn 0.000000 0.100000 0.000000
vn 0.000000 0.100000 0.000000
vn 0.000000 0.100000 0.000000
vn 0.000000 0.100000 0.000000
vn 0.000000 0.100000 0.000000
vn 0.000000 0.100000 0.000000
vn 0.000000 0.100000 0.000000
vn 0.000000 0.100000 0.000000
vn 0.000000 0.000000 0.100000
vn 0.000000 0.000000 0.100000
vn 0.000000 0.000000 0.100000
vn 0.000000 0.000000 0.100000
vn 0.000000 0.000000 0.100000
vn 0.000000 0.000000 0.100000
vn 0.000000 0.000000 0.100000
vn 0.000000 0.000000 0.100000
vn 0.000000 0.000000 0.100000
vn 0.000000 0.000000 0.100000
vn 0.000000 0.000000 0.100000
vn 0.000000 0.000000 0.100000
vn 0.000000 0.000000 0.100000
vn 0.000000 0.000000 0.100000
vn 0.000000 0.000000 0.100000
vn 0.000000 0.000000 0.100000
vn 0.000000 0.000000 0.100000
vn 0.000000 0.000000 0.100000
vn 0.000000 0.000000 0.100000
vn 0.000000 0.000000 0.100000
vn 0.000000 0.000000 0.100000
vn 0.000000 0.000000 0.100000
vn 0.000000 0.000000 0.100000
vn 0.000000 0.000000 0.100000
vn 0.000000 0.000000 0.100000
vn 0.000000 0.000000 0.100000
vn 0.000000 0.000000 0.100000
vn 0.000000 0.000000 0.100000
vn 0.000000 0.000000 0.100000
vn 0.000000 0.000000 0.100000
vn 0.000000 0.000000 0.100000
vn 0.000000 0.000000 0.100000
vn 0.000000 0.000000 0.100000
vn 0.000000 0.000000 0.100000
vn 0.000000 0.000000 0.100000
vn 0.000000 0.000000 0.100000
vn 0.000000 0.000000 0.100000
vn 0.000000 0.000000 0.100000
vn 0.000000 0.000000 0.100000
vn 0.000000 0.000000 0.100000
vn 0.000000 0.000000 0.100000
vn 0.000000 0.000000 0.100000
vn 0.000000 0.000000 0.100000
vn 0.000000 0.000000 0.100000
vn 0.000000 0.000000 0.100000
vn 0.000000 0.000000 0.100000
vn 0.000000 0.000000 0.100000
vn 0.000000 0.000000 0.100000
vn 0.000000 0.000000 0.100000
vn 0.000000 0.000000 0.100000
vn 0.000000 0.000000 0.100000
vn 0.000000 0.000000 0.100000
vn 0.000000 0.000000 0.100000
vn 0.000000 0.000000 0.100000
vn 0.000000 0.000000 0.100000
vn 0.000000 0.000000 0.100000
vn 0.000000 0.000000 0.100000
vn 0.000000 0.000000 0.100000
vn 0.000000 0.000000 0.100000
vn 0.000000 0.000000 0.100000
vn 0.000000 0.000000 0.100000
vn 0.000000 0.000000 0.100000
vn 0.000000 0.000000 0.100000
vn 0.000000 0.000000 0.100000
vn 0.000000 0.000000 0.100000
vn 0.000000 0.000000 0.100000
vn 0.000000 0.000000 0.100000
vn 0.000000 0.000000 0.100000
vn 0.000000 0.000000 0.100000
vn 0.000000 0.000000 0.100000
vn 0.000000 0.000000 0.100000
vn 0.000000 0.000000 0.100000
vn 0.100000 0.000000 0.000000
vn 0.100000 0.000000 0.000000
vn 0.100000 0.000000 0.000000
vn 0.100000 0.000000 0.000000
vn 0.100000 0.000000 0.000000
vn 0.100000 0.000000 0.000000
vn 0.100000 0.000000 0.000000
vn 0.100000 0.000000 0.000000
vn 0.100000 0.000000 0.000000
vn 0.100000 0.000000 0.000000
vn 0.100000 0.000000 0.000000
vn 0.100000 0.000000 0.000000
vn 0.100000 0.000000 0.000000
vn 0.100000 0.000000 0.000000
vn 0.100000 0.000000 0.000000
vn 0.100000 0.000000 0.000000
vn 0.100000 0.000000 0.000000
vn 0.100000 0.000000 0.000000
vn 0.100000 0.000000 0.000000
vn 0.100000 0.000000 0.000000
vn 0.100000 0.000000 0.000000
vn 0.100000 0.000000 0.000000
vn 0.100000 0.000000 0.000000
vn 0.100000 0.000000 0.000000
vn 0.100000 0.000000 0.000000
vn 0.100000 0.000000 0.000000
vn 0.100000 0.000000 0.000000
vn 0.100000 0.000000 0.000000
vn 0.100000 0.000000 0.000000
vn 0.100000 0.000000 0.000000
vn 0.100000 0.000000 0.000000
vn 0.100000 0.000000 0.000000
vn 0.100000 0.000000 0.000000
vn 0.100000 0.000000 0.000000
vn 0.100000 0.000000 0.000000
vn 0.100000 0.000000 0.000000
vn 0.100000 0.000000 0.000000
vn 0.100000 0.000000 0.000000
vn 0.100000 0.000000 0.000000
vn 0.100000 0.000000 0.000000
vn 0.100000 0.000000 0.000000
vn 0.100000 0.000000 0.000000
vn 0.100000 0.000000 0.000000
vn 0.100000 0.000000 0.000000
vn 0.100000 0.000000 0.000000
vn 0.100000 0.000000 0.000000
vn 0.100000 0.000000 0.000000
vn 0.100000 0.000000 0.000000
vn 0.100000 0.000000 0.000000
vn 0.100000 0.000000 0.000000
vn 0.100000 0.000000 0.000000
vn 0.100000 0.000000 0.000000
vn 0.100000 0.000000 0.000000
vn 0.100000 0.000000 0.000000
vn 0.100000 0.000000 0.000000
vn 0.100000 0.000000 0.000000
vn 0.000000 -0.100000 0.000000
vn 0.000000 -0.100000 0.000000
vn 0.000000 -0.100000 0.000000
vn 0.000000 -0.100000 0.000000
vn 0.000000 0.100000 0.000000
vn 0.000000 0.100000 0.000000
vn 0.000000 0.100000 0.000000
vn 0.000000 0.100000 0.000000
vn 0.000000 0.100000 0.000000
vn 0.000000 0.100000 0.000000
vn 0.000000 0.100000 0.000000
vn 0.000000 0.100000 0.000000
vn 0.000000 -0.100000 0.000000
vn 0.000000 -0.100000 0.000000
vn 0.000000 -0.100000 0.000000
vn 0.000000 -0.100000 0.000000
vn 0.000000 0.100000 0.000000
vn 0.000000 0.100000 0.000000
vn 0.000000 0.100000 0.000000
vn 0.000000 0.100000 0.000000
vn 0.000000 -0.100000 0.000000
vn 0.000000 -0.100000 0.000000
vn 0.000000 -0.100000 0.000000
vn 0.000000 -0.100000 0.000000
vn 0.000000 -0.100000 0.000000
vn 0.000000 -0.100000 0.000000
vn 0.000000 -0.100000 0.000000
vn 0.000000 -0.100000 0.000000
vn 0.000000 0.100000 0.000000
vn 0.000000 0.100000 0.000000
vn 0.000000 0.100000 0.000000
vn 0.000000 0.100000 0.000000
vn 0.000000 0.100000 0.000000
vn 0.000000 0.100000 0.000000
vn 0.000000 0.100000 0.000000
vn 0.000000 0.100000 0.000000
vn 0.000000 -0.100000 0.000000
vn 0.000000 -0.100000 0.000000
vn 0.000000 -0.100000 0.000000
vn 0.000000 -0.100000 0.000000
vn 0.000000 -0.100000 0.000000
vn 0.000000 -0.100000 0.000000
vn 0.000000 -0.100000 0.000000
vn 0.000000 -0.100000 0.000000
vn 0.000000 0.100000 0.000000
vn 0.000000 0.100000 0.000000
vn 0.000000 0.100000 0.000000
vn 0.000000 0.100000 0.000000
vn 0.000000 0.100000 0.000000
vn 0.000000 0.100000 0.000000
vn 0.000000 0.100000 0.000000
vn 0.000000 0.100000 0.000000
vn 0.000000 -0.100000 0.000000
vn 0.000000 -0.100000 0.000000
vn 0.000000 -0.100000 0.000000
vn 0.000000 -0.100000 0.000000
vn 0.000000 0.100000 0.000000
vn 0.000000 0.100000 0.000000
vn 0.000000 0.100000 0.000000
vn 0.000000 0.100000 0.000000
vn 0.000000 -0.100000 0.000000
vn 0.000000 -0.100000 0.000000
vn 0.000000 -0.100000 0.000000
vn 0.000000 -0.100000 0.000000
vn 0.000000 -0.100000 0.000000
vn 0.000000 -0.100000 0.000000
vn 0.000000 -0.100000 0.000000
vn 0.000000 -0.100000 0.000000
vn 0.000000 0.100000 0.000000
vn 0.000000 0.100000 0.000000
vn 0.000000 0.100000 0.000000
vn 0.000000 0.100000 0.000000
vn 0.000000 -0.100000 0.000000
vn 0.000000 -0.100000 0.000000
vn 0.000000 -0.100000 0.000000
vn 0.000000 -0.100000 0.000000
vn 0.000000 0.100000 0.000000
vn 0.000000 0.100000 0.000000
vn 0.000000 0.100000 0.000000
vn 0.000000 0.100000 0.000000
vn 0.000000 0.100000 0.000000
vn 0.000000 0.100000 0.000000
vn 0.000000 0.100000 0.000000
vn 0.000000 0.100000 0.000000
vn 0.000000 -0.100000 0.000000
vn 0.000000 -0.100000 0.000000
vn 0.000000 -0.100000 0.000000
vn 0.000000 -0.100000 0.000000
vn 0.000000 -0.100000 0.000000
vn 0.000000 -0.100000 0.000000
vn 0.000000 -0.100000 0.000000
vn 0.000000 -0.100000 0.000000
vn 0.000000 0.100000 0.000000
vn 0.000000 0.100000 0.000000
vn 0.000000 0.100000 0.000000
vn 0.000000 0.100000 0.000000
vn 0.000000 0.100000 0.000000
vn 0.000000 0.100000 0.000000
vn 0.000000 0.100000 0.000000
vn 0.000000 0.100000 0.000000
vn 0.000000 -0.100000 0.000000
vn 0.000000 -0.100000 0.000000
vn 0.000000 -0.100000 0.000000
vn 0.000000 -0.100000 0.000000
vn 0.000000 0.100000 0.000000
vn 0.000000 0.100000 0.000000
vn 0.000000 0.100000 0.000000
vn 0.000000 0.100000 0.000000
vn 0.000000 -0.100000 0.000000
vn 0.000000 -0.100000 0.000000
vn 0.000000 -0.100000 0.000000
vn 0.000000 -0.100000 0.000000
vn 0.000000 -0.100000 0.000000
vn 0.000000 -0.100000 0.000000
vn 0.000000 -0.100000 0.000000
vn 0.000000 -0.100000 0.000000
vn 0.000000 0.100000 0.000000
vn 0.000000 0.100000 0.000000
vn 0.000000 0.100000 0.000000
vn 0.000000 0.100000 0.000000
vn 0.000000 -0.100000 0.000000
vn 0.000000 -0.100000 0.000000
vn 0.000000 -0.100000 0.000000
vn 0.000000 -0.100000 0.000000
vn 0.000000 0.100000 0.000000
vn 0.000000 0.100000 0.000000
vn 0.000000 0.100000 0.000000
vn 0.000000 0.100000 0.000000
vn 0.000000 0.100000 0.000000
vn 0.000000 0.100000 0.000000
vn 0.000000 0.100000 0.000000
vn 0.000000 0.100000 0.000000
vn 0.000000 -0.100000 0.000000
vn 0.000000 -0.100000 0.000000
vn 0.000000 -0.100000 0.000000
vn 0.000000 -0.100000 0.000000
vn 0.000000 -0.100000 0.000000
vn 0.000000 -0.100000 0.000000
vn 0.000000 -0.100000 0.000000
vn 0.000000 -0.100000 0.000000
vn 0.000000 0.100000 0.000000
vn 0.000000 0.100000 0.000000
vn 0.000000 0.100000 0.000000
vn 0.000000 0.100000 0.000000
usemtl 191,191,191
f 273/2/2 293/23/23 312/1/1
f 312/1/1 293/23/23 295/26/26
f 312/1/1 295/26/26 297/27/27
f 272/3/3 275/6/6 273/2/2
f 273/2/2 275/6/6 277/7/7
f 273/2/2 277/7/7 279/10/10
f 279/10/10 277/7/7 278/9/9
f 278/9/9 277/7/7 276/8/8
f 271/4/4 274/5/5 272/3/3
f 272/3/3 274/5/5 275/6/6
f 279/10/10 281/11/11 273/2/2
f 273/2/2 281/11/11 283/14/14
f 273/2/2 283/14/14 285/15/15
f 280/12/12 282/13/13 281/11/11
f 281/11/11 282/13/13 283/14/14
f 284/16/16 286/17/17 285/15/15
f 285/15/15 286/17/17 287/18/18
f 285/15/15 287/18/18 273/2/2
f 273/2/2 287/18/18 289/19/19
f 273/2/2 289/19/19 291/22/22
f 291/22/22 289/19/19 290/21/21
f 290/21/21 289/19/19 288/20/20
f 291/22/22 293/23/23 273/2/2
f 292/24/24 294/25/25 293/23/23
f 293/23/23 294/25/25 295/26/26
f 296/28/28 298/29/29 297/27/27
f 297/27/27 298/29/29 299/30/30
f 297/27/27 299/30/30 312/1/1
f 312/1/1 299/30/30 301/31/31
f 312/1/1 301/31/31 303/34/34
f 303/34/34 301/31/31 302/33/33
f 302/33/33 301/31/31 300/32/32
f 303/34/34 305/35/35 312/1/1
f 312/1/1 305/35/35 307/38/38
f 312/1/1 307/38/38 309/39/39
f 304/36/36 306/37/37 305/35/35
f 305/35/35 306/37/37 307/38/38
f 312/1/1 309/39/39 311/42/42
f 311/42/42 309/39/39 308/40/40
f 311/42/42 308/40/40 310/41/41
f 270/44/44 249/65/65 231/43/43
f 231/43/43 249/65/65 247/68/68
f 231/43/43 247/68/68 245/69/69
f 269/45/45 267/48/48 270/44/44
f 270/44/44 267/48/48 265/49/49
f 270/44/44 265/49/49 263/52/52
f 263/52/52 265/49/49 262/51/51
f 262/51/51 265/49/49 264/50/50
f 268/46/46 266/47/47 269/45/45
f 269/45/45 266/47/47 267/48/48
f 263/52/52 261/53/53 270/44/44
f 270/44/44 261/53/53 259/56/56
f 270/44/44 259/56/56 257/57/57
f 260/54/54 258/55/55 261/53/53
f 261/53/53 258/55/55 259/56/56
f 256/58/58 254/59/59 257/57/57
f 257/57/57 254/59/59 255/60/60
f 257/57/57 255/60/60 270/44/44
f 270/44/44 255/60/60 253/61/61
f 270/44/44 253/61/61 251/64/64
f 251/64/64 253/61/61 250/63/63
f 250/63/63 253/61/61 252/62/62
f 251/64/64 249/65/65 270/44/44
f 248/66/66 246/67/67 249/65/65
f 249/65/65 246/67/67 247/68/68
f 244/70/70 242/71/71 245/69/69
f 245/69/69 242/71/71 243/72/72
f 245/69/69 243/72/72 231/43/43
f 231/43/43 243/72/72 241/73/73
f 231/43/43 241/73/73 239/76/76
f 239/76/76 241/73/73 238/75/75
f 238/75/75 241/73/73 240/74/74
f 239/76/76 237/77/77 231/43/43
f 231/43/43 237/77/77 235/80/80
f 231/43/43 235/80/80 233/81/81
f 236/78/78 234/79/79 237/77/77
f 237/77/77 234/79/79 235/80/80
f 231/43/43 233/81/81 230/84/84
f 230/84/84 233/81/81 232/82/82
f 230/84/84 232/82/82 229/83/83
f 269/85/85 311/86/86 268/88/88
f 268/88/88 311/86/86 310/87/87
f 272/89/89 230/90/90 271/92/92
f 271/92/92 230/90/90 229/91/91
f 189/94/94 209/115/115 228/93/93
f 228/93/93 209/115/115 211/118/118
f 228/93/93 211/118/118 213/119/119
f 188/95/95 191/98/98 189/94/94
f 189/94/94 191/98/98 193/99/99
f 189/94/94 193/99/99 195/102/102
f 195/102/102 193/99/99 194/101/101
f 194/101/101 193/99/99 192/100/100
f 187/96/96 190/97/97 188/95/95
f 188/95/95 190/97/97 191/98/98
f 195/102/102 197/103/103 189/94/94
f 189/94/94 197/103/103 199/106/106
f 189/94/94 199/106/106 201/107/107
f 196/104/104 198/105/105 197/103/103
f 197/103/103 198/105/105 199/106/106
f 200/108/108 202/109/109 201/107/107
f 201/107/107 202/109/109 203/110/110
f 201/107/107 203/110/110 189/94/94
f 189/94/94 203/110/110 205/111/111
f 189/94/94 205/111/111 207/114/114
f 207/114/114 205/111/111 206/113/113
f 206/113/113 205/111/111 204/112/112
f 207/114/114 209/115/115 189/94/94
f 208/116/116 210/117/117 209/115/115
f 209/115/115 210/117/117 211/118/118
f 212/120/120 214/121/121 213/119/119
f 213/119/119 214/121/121 215/122/122
f 213/119/119 215/122/122 228/93/93
f 228/93/93 215/122/122 217/123/123
f 228/93/93 217/123/123 219/126/126
f 219/126/126 217/123/123 218/125/125
f 218/125/125 217/123/123 216/124/124
f 219/126/126 221/127/127 228/93/93
f 228/93/93 221/127/127 223/130/130
f 228/93/93 223/130/130 225/131/131
f 220/128/128 222/129/129 221/127/127
f 221/127/127 222/129/129 223/130/130
f 228/93/93 225/131/131 227/134/134
f 227/134/134 225/131/131 224/132/132
f 227/134/134 224/132/132 226/133/133
f 186/136/136 165/157/157 147/135/135
f 147/135/135 165/157/157 163/160/160
f 147/135/135 163/160/160 161/161/161
f 185/137/137 183/140/140 186/136/136
f 186/136/136 183/140/140 181/141/141
f 186/136/136 181/141/141 179/144/144
f 179/144/144 181/141/141 178/143/143
f 178/143/143 181/141/141 180/142/142
f 184/138/138 182/139/139 185/137/137
f 185/137/137 182/139/139 183/140/140
f 179/144/144 177/145/145 186/136/136
f 186/136/136 177/145/145 175/148/148
f 186/136/136 175/148/148 173/149/149
f 176/146/146 174/147/147 177/145/145
f 177/145/145 174/147/147 175/148/148
f 172/150/150 170/151/151 173/149/149
f 173/149/149 170/151/151 171/152/152
f 173/149/149 171/152/152 186/136/136
f 186/136/136 171/152/152 169/153/153
f 186/136/136 169/153/153 167/156/156
f 167/156/156 169/153/153 166/155/155
f 166/155/155 169/153/153 168/154/154
f 167/156/156 165/157/157 186/136/136
f 164/158/158 162/159/159 165/157/157
f 165/157/157 162/159/159 163/160/160
f 160/162/162 158/163/163 161/161/161
f 161/161/161 158/163/163 159/164/164
f 161/161/161 159/164/164 147/135/135
f 147/135/135 159/164/164 157/165/165
f 147/135/135 157/165/165 155/168/168
f 155/168/168 157/165/165 154/167/167
f 154/167/167 157/165/165 156/166/166
f 155/168/168 153/169/169 147/135/135
f 147/135/135 153/169/169 151/172/172
f 147/135/135 151/172/172 149/173/173
f 152/170/170 150/171/171 153/169/169
f 153/169/169 150/171/171 151/172/172
f 147/135/135 149/173/173 146/176/176
f 146/176/176 149/173/173 148/174/174
f 146/176/176 148/174/174 145/175/175
f 185/177/177 227/178/178 184/180/180
f 184/180/180 227/178/178 226/179/179
f 188/181/181 146/182/182 187/184/184
f 187/184/184 146/182/182 145/183/183
f 357/186/186 377/207/207 396/185/185
f 396/185/185 377/207/207 379/210/210
f 396/185/185 379/210/210 381/211/211
f 356/187/187 359/190/190 357/186/186
f 357/186/186 359/190/190 361/191/191
f 357/186/186 361/191/191 363/194/194
f 363/194/194 361/191/191 362/193/193
f 362/193/193 361/191/191 360/192/192
f 355/188/188 358/189/189 356/187/187
f 356/187/187 358/189/189 359/190/190
f 363/194/194 365/195/195 357/186/186
f 357/186/186 365/195/195 367/198/198
f 357/186/186 367/198/198 369/199/199
f 364/196/196 366/197/197 365/195/195
f 365/195/195 366/197/197 367/198/198
f 368/200/200 370/201/201 369/199/199
f 369/199/199 370/201/201 371/202/202
f 369/199/199 371/202/202 357/186/186
f 357/186/186 371/202/202 373/203/203
f 357/186/186 373/203/203 375/206/206
f 375/206/206 373/203/203 374/205/205
f 374/205/205 373/203/203 372/204/204
f 375/206/206 377/207/207 357/186/186
f 376/208/208 378/209/209 377/207/207
f 377/207/207 378/209/209 379/210/210
f 380/212/212 382/213/213 381/211/211
f 381/211/211 382/213/213 383/214/214
f 381/211/211 383/214/214 396/185/185
f 396/185/185 383/214/214 385/215/215
f 396/185/185 385/215/215 387/218/218
f 387/218/218 385/215/215 386/217/217
f 386/217/217 385/215/215 384/216/216
f 387/218/218 389/219/219 396/185/185
f 396/185/185 389/219/219 391/222/222
f 396/185/185 391/222/222 393/223/223
f 388/220/220 390/221/221 389/219/219
f 389/219/219 390/221/221 391/222/222
f 396/185/185 393/223/223 395/226/226
f 395/226/226 393/223/223 392/224/224
f 395/226/226 392/224/224 394/225/225
f 353/227/227 395/228/228 352/230/230
f 352/230/230 395/228/228 394/229/229
f 354/232/232 333/253/253 315/231/231
f 315/231/231 333/253/253 331/256/256
f 315/231/231 331/256/256 329/257/257
f 353/233/233 351/236/236 354/232/232
f 354/232/232 351/236/236 349/237/237
f 354/232/232 349/237/237 347/240/240
f 347/240/240 349/237/237 346/239/239
f 346/239/239 349/237/237 348/238/238
f 352/234/234 350/235/235 353/233/233
f 353/233/233 350/235/235 351/236/236
f 347/240/240 345/241/241 354/232/232
f 354/232/232 345/241/241 343/244/244
f 354/232/232 343/244/244 341/245/245
f 344/242/242 342/243/243 345/241/241
f 345/241/241 342/243/243 343/244/244
f 340/246/246 338/247/247 341/245/245
f 341/245/245 338/247/247 339/248/248
f 341/245/245 339/248/248 354/232/232
f 354/232/232 339/248/248 337/249/249
f 354/232/232 337/249/249 335/252/252
f 335/252/252 337/249/249 334/251/251
f 334/251/251 337/249/249 336/250/250
f 335/252/252 333/253/253 354/232/232
f 332/254/254 330/255/255 333/253/253
f 333/253/253 330/255/255 331/256/256
f 328/258/258 326/259/259 329/257/257
f 329/257/257 326/259/259 327/260/260
f 329/257/257 327/260/260 315/231/231
f 315/231/231 327/260/260 325/261/261
f 315/231/231 325/261/261 323/264/264
f 323/264/264 325/261/261 322/263/263
f 322/263/263 325/261/261 324/262/262
f 323/264/264 321/265/265 315/231/231
f 315/231/231 321/265/265 319/268/268
f 315/231/231 319/268/268 317/269/269
f 320/266/266 318/267/267 321/265/265
f 321/265/265 318/267/267 319/268/268
f 315/231/231 317/269/269 314/272/272
f 314/272/272 317/269/269 316/270/270
f 314/272/272 316/270/270 313/271/271
f 356/273/273 314/274/274 355/276/276
f 355/276/276 314/274/274 313/275/275
f 105/278/278 125/299/299 144/277/277
f 144/277/277 125/299/299 127/302/302
f 144/277/277 127/302/302 129/303/303
f 104/279/279 107/282/282 105/278/278
f 105/278/278 107/282/282 109/283/283
f 105/278/278 109/283/283 111/286/286
f 111/286/286 109/283/283 110/285/285
f 110/285/285 109/283/283 108/284/284
f 103/280/280 106/281/281 104/279/279
f 104/279/279 106/281/281 107/282/282
f 111/286/286 113/287/287 105/278/278
f 105/278/278 113/287/287 115/290/290
f 105/278/278 115/290/290 117/291/291
f 112/288/288 114/289/289 113/287/287
f 113/287/287 114/289/289 115/290/290
f 116/292/292 118/293/293 117/291/291
f 117/291/291 118/293/293 119/294/294
f 117/291/291 119/294/294 105/278/278
f 105/278/278 119/294/294 121/295/295
f 105/278/278 121/295/295 123/298/298
f 123/298/298 121/295/295 122/297/297
f 122/297/297 121/295/295 120/296/296
f 123/298/298 125/299/299 105/278/278
f 124/300/300 126/301/301 125/299/299
f 125/299/299 126/301/301 127/302/302
f 128/304/304 130/305/305 129/303/303
f 129/303/303 130/305/305 131/306/306
f 129/303/303 131/306/306 144/277/277
f 144/277/277 131/306/306 133/307/307
f 144/277/277 133/307/307 135/310/310
f 135/310/310 133/307/307 134/309/309
f 134/309/309 133/307/307 132/308/308
f 135/310/310 137/311/311 144/277/277
f 144/277/277 137/311/311 139/314/314
f 144/277/277 139/314/314 141/315/315
f 136/312/312 138/313/313 137/311/311
f 137/311/311 138/313/313 139/314/314
f 144/277/277 141/315/315 143/318/318
f 143/318/318 141/315/315 140/316/316
f 143/318/318 140/316/316 142/317/317
f 102/320/320 81/341/341 63/319/319
f 63/319/319 81/341/341 79/344/344
f 63/319/319 79/344/344 77/345/345
f 101/321/321 99/324/324 102/320/320
f 102/320/320 99/324/324 97/325/325
f 102/320/320 97/325/325 95/328/328
f 95/328/328 97/325/325 94/327/327
f 94/327/327 97/325/325 96/326/326
f 100/322/322 98/323/323 101/321/321
f 101/321/321 98/323/323 99/324/324
f 95/328/328 93/329/329 102/320/320
f 102/320/320 93/329/329 91/332/332
f 102/320/320 91/332/332 89/333/333
f 92/330/330 90/331/331 93/329/329
f 93/329/329 90/331/331 91/332/332
f 88/334/334 86/335/335 89/333/333
f 89/333/333 86/335/335 87/336/336
f 89/333/333 87/336/336 102/320/320
f 102/320/320 87/336/336 85/337/337
f 102/320/320 85/337/337 83/340/340
f 83/340/340 85/337/337 82/339/339
f 82/339/339 85/337/337 84/338/338
f 83/340/340 81/341/341 102/320/320
f 80/342/342 78/343/343 81/341/341
f 81/341/341 78/343/343 79/344/344
f 76/346/346 74/347/347 77/345/345
f 77/345/345 74/347/347 75/348/348
f 77/345/345 75/348/348 63/319/319
f 63/319/319 75/348/348 73/349/349
f 63/319/319 73/349/349 71/352/352
f 71/352/352 73/349/349 70/351/351
f 70/351/351 73/349/349 72/350/350
f 71/352/352 69/353/353 63/319/319
f 63/319/319 69/353/353 67/356/356
f 63/319/319 67/356/356 65/357/357
f 68/354/354 66/355/355 69/353/353
f 69/353/353 66/355/355 67/356/356
f 63/319/319 65/357/357 62/360/360
f 62/360/360 65/357/357 64/358/358
f 62/360/360 64/358/358 61/359/359
f 101/361/361 143/362/362 100/364/364
f 100/364/364 143/362/362 142/363/363
f 104/365/365 62/366/366 103/368/368
f 103/368/368 62/366/366 61/367/367
f 147/370/370 18/377/377 189/369/369
f 189/369/369 18/377/377 410/378/378
f 189/369/369 410/378/378 231/386/386
f 231/386/386 410/378/378 273/385/385
f 273/385/385 410/378/378 315/382/382
f 273/385/385 315/382/382 272/384/384
f 272/384/384 315/382/382 314/383/383
f 146/371/371 104/372/372 147/370/370
f 147/370/370 104/372/372 105/373/373
f 147/370/370 105/373/373 18/377/377
f 18/377/377 105/373/373 63/374/374
f 18/377/377 63/374/374 17/376/376
f 17/376/376 63/374/374 62/375/375
f 315/382/382 410/378/378 357/381/381
f 357/381/381 410/378/378 409/379/379
f 357/381/381 409/379/379 356/380/380
f 230/387/387 188/388/388 231/386/386
f 231/386/386 188/388/388 189/369/369
f 63/390/390 105/391/391 102/389/389
f 102/389/389 105/391/391 144/392/392
f 315/394/394 357/395/395 354/393/393
f 354/393/393 357/395/395 396/396/396
f 147/398/398 189/399/399 186/397/397
f 186/397/397 189/399/399 228/400/400
f 231/402/402 273/403/403 270/401/401
f 270/401/401 273/403/403 312/404/404
f 222/405/405 264/406/406 223/408/408
f 223/408/408 264/406/406 265/407/407
f 266/409/409 224/410/410 267/412/412
f 267/412/412 224/410/410 225/411/411
f 267/413/413 225/414/414 265/416/416
f 265/416/416 225/414/414 223/415/415
f 135/417/417 177/418/418 137/420/420
f 137/420/420 177/418/418 179/419/419
f 134/421/421 176/422/422 135/424/424
f 135/424/424 176/422/422 177/423/423
f 178/425/425 136/426/426 179/428/428
f 179/428/428 136/426/426 137/427/427
f 258/429/429 216/430/430 259/432/432
f 259/432/432 216/430/430 217/431/431
f 214/433/433 256/434/434 215/436/436
f 215/436/436 256/434/434 257/435/435
f 215/437/437 257/438/438 217/440/440
f 217/440/440 257/438/438 259/439/439
f 251/441/441 209/442/442 249/444/444
f 249/444/444 209/442/442 207/443/443
f 334/446/446 290/645/645 292/445/445
f 292/445/445 290/645/645 248/521/521
f 292/445/445 248/521/521 250/520/520
f 250/520/520 248/521/521 206/522/522
f 250/520/520 206/522/522 208/519/519
f 208/519/519 206/522/522 164/625/625
f 208/519/519 164/625/625 166/632/632
f 166/632/632 164/625/625 122/626/626
f 166/632/632 122/626/626 124/631/631
f 124/631/631 122/626/626 80/597/597
f 124/631/631 80/597/597 82/596/596
f 82/596/596 80/597/597 35/598/598
f 82/596/596 35/598/598 37/595/595
f 37/595/595 35/598/598 3/491/491
f 37/595/595 3/491/491 39/594/594
f 39/594/594 3/491/491 41/591/591
f 39/594/594 41/591/591 86/592/592
f 336/447/447 378/556/556 334/446/446
f 334/446/446 378/556/556 376/553/553
f 334/446/446 376/553/553 332/648/648
f 332/648/648 376/553/553 374/552/552
f 332/648/648 374/552/552 330/647/647
f 330/647/647 374/552/552 372/549/549
f 330/647/647 372/549/549 328/571/571
f 328/571/571 372/549/549 370/548/548
f 328/571/571 370/548/548 326/570/570
f 326/570/570 370/548/548 368/545/545
f 326/570/570 368/545/545 324/575/575
f 324/575/575 368/545/545 366/544/544
f 324/575/575 366/544/544 322/574/574
f 322/574/574 366/544/544 364/541/541
f 322/574/574 364/541/541 320/579/579
f 320/579/579 364/541/541 362/540/540
f 320/579/579 362/540/540 318/578/578
f 318/578/578 362/540/540 360/537/537
f 318/578/578 360/537/537 316/475/475
f 316/475/475 360/537/537 358/472/472
f 316/475/475 358/472/472 313/474/474
f 313/474/474 358/472/472 355/473/473
f 294/448/448 338/450/450 336/447/447
f 336/447/447 338/450/450 380/557/557
f 336/447/447 380/557/557 378/556/556
f 378/556/556 380/557/557 433/558/558
f 378/556/556 433/558/558 431/555/555
f 431/555/555 433/558/558 455/468/468
f 431/555/555 455/468/468 429/554/554
f 429/554/554 455/468/468 427/551/551
f 429/554/554 427/551/551 374/552/552
f 292/445/445 250/520/520 294/448/448
f 294/448/448 250/520/520 252/517/517
f 294/448/448 252/517/517 296/449/449
f 296/449/449 252/517/517 254/516/516
f 296/449/449 254/516/516 298/452/452
f 298/452/452 254/516/516 256/513/513
f 298/452/452 256/513/513 300/453/453
f 300/453/453 256/513/513 258/512/512
f 300/453/453 258/512/512 302/456/456
f 302/456/456 258/512/512 260/509/509
f 302/456/456 260/509/509 304/457/457
f 304/457/457 260/509/509 262/508/508
f 304/457/457 262/508/508 306/460/460
f 306/460/460 262/508/508 264/505/505
f 306/460/460 264/505/505 308/461/461
f 308/461/461 264/505/505 266/502/502
f 308/461/461 266/502/502 310/504/504
f 310/504/504 266/502/502 268/503/503
f 296/449/449 338/450/450 294/448/448
f 380/557/557 338/450/450 382/560/560
f 382/560/560 338/450/450 340/451/451
f 382/560/560 340/451/451 384/561/561
f 384/561/561 340/451/451 342/454/454
f 384/561/561 342/454/454 386/564/564
f 386/564/564 342/454/454 344/455/455
f 386/564/564 344/455/455 388/565/565
f 388/565/565 344/455/455 346/458/458
f 388/565/565 346/458/458 390/568/568
f 390/568/568 346/458/458 348/459/459
f 390/568/568 348/459/459 392/465/465
f 392/465/465 348/459/459 350/462/462
f 392/465/465 350/462/462 394/464/464
f 394/464/464 350/462/462 352/463/463
f 340/451/451 298/452/452 342/454/454
f 342/454/454 298/452/452 300/453/453
f 344/455/455 302/456/456 346/458/458
f 346/458/458 302/456/456 304/457/457
f 348/459/459 306/460/460 350/462/462
f 350/462/462 306/460/460 308/461/461
f 392/465/465 445/466/466 390/568/568
f 390/568/568 445/466/466 443/567/567
f 443/567/567 445/466/466 455/468/468
f 443/567/567 455/468/468 441/566/566
f 441/566/566 455/468/468 439/563/563
f 441/566/566 439/563/563 386/564/564
f 445/466/466 449/467/467 455/468/468
f 453/469/469 423/547/547 455/468/468
f 455/468/468 423/547/547 425/550/550
f 455/468/468 425/550/550 427/551/551
f 397/470/470 411/471/471 453/469/469
f 453/469/469 411/471/471 413/538/538
f 453/469/469 413/538/538 415/539/539
f 411/471/471 358/472/472 413/538/538
f 413/538/538 358/472/472 360/537/537
f 316/475/475 274/476/476 318/578/578
f 318/578/578 274/476/476 276/577/577
f 276/577/577 274/476/476 232/479/479
f 276/577/577 232/479/479 234/536/536
f 234/536/536 232/479/479 190/480/480
f 234/536/536 190/480/480 192/535/535
f 192/535/535 190/480/480 148/483/483
f 192/535/535 148/483/483 150/616/616
f 150/616/616 148/483/483 106/484/484
f 150/616/616 106/484/484 108/615/615
f 108/615/615 106/484/484 64/487/487
f 108/615/615 64/487/487 66/612/612
f 66/612/612 64/487/487 19/488/488
f 66/612/612 19/488/488 21/611/611
f 21/611/611 19/488/488 1/490/490
f 21/611/611 1/490/490 23/610/610
f 23/610/610 1/490/490 25/607/607
f 23/610/610 25/607/607 70/608/608
f 271/477/477 229/478/478 274/476/476
f 274/476/476 229/478/478 232/479/479
f 187/481/481 145/482/482 190/480/480
f 190/480/480 145/482/482 148/483/483
f 103/485/485 61/486/486 106/484/484
f 106/484/484 61/486/486 64/487/487
f 19/488/488 5/489/489 1/490/490
f 3/491/491 31/602/602 1/490/490
f 1/490/490 31/602/602 29/603/603
f 1/490/490 29/603/603 27/606/606
f 27/606/606 29/603/603 74/604/604
f 27/606/606 74/604/604 72/605/605
f 72/605/605 74/604/604 116/623/623
f 72/605/605 116/623/623 114/618/618
f 114/618/618 116/623/623 158/624/624
f 114/618/618 158/624/624 156/617/617
f 156/617/617 158/624/624 200/527/527
f 156/617/617 200/527/527 198/530/530
f 198/530/530 200/527/527 242/528/528
f 198/530/530 242/528/528 240/529/529
f 240/529/529 242/528/528 284/569/569
f 240/529/529 284/569/569 282/576/576
f 282/576/576 284/569/569 326/570/570
f 282/576/576 326/570/570 324/575/575
f 57/492/492 53/493/493 3/491/491
f 3/491/491 53/493/493 51/582/582
f 3/491/491 51/582/582 49/583/583
f 53/493/493 98/494/494 51/582/582
f 51/582/582 98/494/494 96/581/581
f 96/581/581 98/494/494 140/497/497
f 96/581/581 140/497/497 138/642/642
f 138/642/642 140/497/497 182/498/498
f 138/642/642 182/498/498 180/641/641
f 180/641/641 182/498/498 224/501/501
f 180/641/641 224/501/501 222/506/506
f 222/506/506 224/501/501 266/502/502
f 222/506/506 266/502/502 264/505/505
f 100/495/495 142/496/496 98/494/494
f 98/494/494 142/496/496 140/497/497
f 184/499/499 226/500/500 182/498/498
f 182/498/498 226/500/500 224/501/501
f 180/641/641 222/506/506 178/644/644
f 178/644/644 222/506/506 220/507/507
f 178/644/644 220/507/507 176/637/637
f 176/637/637 220/507/507 218/510/510
f 176/637/637 218/510/510 174/640/640
f 174/640/640 218/510/510 216/511/511
f 174/640/640 216/511/511 172/633/633
f 172/633/633 216/511/511 214/514/514
f 172/633/633 214/514/514 170/636/636
f 170/636/636 214/514/514 212/515/515
f 170/636/636 212/515/515 168/629/629
f 168/629/629 212/515/515 210/518/518
f 168/629/629 210/518/518 166/632/632
f 166/632/632 210/518/518 208/519/519
f 220/507/507 262/508/508 218/510/510
f 218/510/510 262/508/508 260/509/509
f 216/511/511 258/512/512 214/514/514
f 214/514/514 258/512/512 256/513/513
f 212/515/515 254/516/516 210/518/518
f 210/518/518 254/516/516 252/517/517
f 164/625/625 206/522/522 162/628/628
f 162/628/628 206/522/522 204/523/523
f 162/628/628 204/523/523 160/621/621
f 160/621/621 204/523/523 202/526/526
f 160/621/621 202/526/526 158/624/624
f 158/624/624 202/526/526 200/527/527
f 204/523/523 246/524/524 202/526/526
f 202/526/526 246/524/524 244/525/525
f 244/525/525 246/524/524 288/646/646
f 244/525/525 288/646/646 286/572/572
f 286/572/572 288/646/646 330/647/647
f 286/572/572 330/647/647 328/571/571
f 288/646/646 246/524/524 290/645/645
f 290/645/645 246/524/524 248/521/521
f 284/569/569 242/528/528 286/572/572
f 286/572/572 242/528/528 244/525/525
f 156/617/617 198/530/530 154/620/620
f 154/620/620 198/530/530 196/531/531
f 154/620/620 196/531/531 152/613/613
f 152/613/613 196/531/531 194/534/534
f 152/613/613 194/534/534 150/616/616
f 150/616/616 194/534/534 192/535/535
f 196/531/531 238/532/532 194/534/534
f 194/534/534 238/532/532 236/533/533
f 236/533/533 238/532/532 280/573/573
f 236/533/533 280/573/573 278/580/580
f 278/580/580 280/573/573 322/574/574
f 278/580/580 322/574/574 320/579/579
f 280/573/573 238/532/532 282/576/576
f 282/576/576 238/532/532 240/529/529
f 276/577/577 234/536/536 278/580/580
f 278/580/580 234/536/536 236/533/533
f 453/469/469 415/539/539 417/542/542
f 417/542/542 415/539/539 362/540/540
f 417/542/542 362/540/540 364/541/541
f 417/542/542 419/543/543 453/469/469
f 453/469/469 419/543/543 421/546/546
f 453/469/469 421/546/546 423/547/547
f 419/543/543 366/544/544 421/546/546
f 421/546/546 366/544/544 368/545/545
f 423/547/547 370/548/548 425/550/550
f 425/550/550 370/548/548 372/549/549
f 376/553/553 429/554/554 374/552/552
f 433/558/558 435/559/559 455/468/468
f 455/468/468 435/559/559 437/562/562
f 455/468/468 437/562/562 439/563/563
f 435/559/559 382/560/560 437/562/562
f 437/562/562 382/560/560 384/561/561
f 388/565/565 441/566/566 386/564/564
f 3/491/491 49/583/583 47/586/586
f 47/586/586 49/583/583 94/584/584
f 47/586/586 94/584/584 92/585/585
f 92/585/585 94/584/584 136/643/643
f 92/585/585 136/643/643 134/638/638
f 134/638/638 136/643/643 178/644/644
f 134/638/638 178/644/644 176/637/637
f 136/643/643 94/584/584 138/642/642
f 138/642/642 94/584/584 96/581/581
f 47/586/586 45/587/587 3/491/491
f 3/491/491 45/587/587 43/590/590
f 3/491/491 43/590/590 41/591/591
f 45/587/587 90/588/588 43/590/590
f 43/590/590 90/588/588 88/589/589
f 88/589/589 90/588/588 132/639/639
f 88/589/589 132/639/639 130/634/634
f 130/634/634 132/639/639 174/640/640
f 130/634/634 174/640/640 172/633/633
f 132/639/639 90/588/588 134/638/638
f 134/638/638 90/588/588 92/585/585
f 88/589/589 130/634/634 86/592/592
f 86/592/592 130/634/634 128/635/635
f 86/592/592 128/635/635 84/593/593
f 84/593/593 128/635/635 126/630/630
f 84/593/593 126/630/630 82/596/596
f 82/596/596 126/630/630 124/631/631
f 84/593/593 39/594/594 86/592/592
f 35/598/598 33/599/599 3/491/491
f 3/491/491 33/599/599 31/602/602
f 33/599/599 78/600/600 31/602/602
f 31/602/602 78/600/600 76/601/601
f 76/601/601 78/600/600 120/627/627
f 76/601/601 120/627/627 118/622/622
f 118/622/622 120/627/627 162/628/628
f 118/622/622 162/628/628 160/621/621
f 120/627/627 78/600/600 122/626/626
f 122/626/626 78/600/600 80/597/597
f 116/623/623 74/604/604 118/622/622
f 118/622/622 74/604/604 76/601/601
f 27/606/606 25/607/607 1/490/490
f 72/605/605 114/618/618 70/608/608
f 70/608/608 114/618/618 112/619/619
f 70/608/608 112/619/619 68/609/609
f 68/609/609 112/619/619 110/614/614
f 68/609/609 110/614/614 66/612/612
f 66/612/612 110/614/614 108/615/615
f 68/609/609 23/610/610 70/608/608
f 152/613/613 110/614/614 154/620/620
f 154/620/620 110/614/614 112/619/619
f 168/629/629 126/630/630 170/636/636
f 170/636/636 126/630/630 128/635/635
f 332/648/648 290/645/645 334/446/446
f 250/649/649 208/650/650 251/652/652
f 251/652/652 208/650/650 209/651/651
f 206/653/653 248/654/654 207/656/656
f 207/656/656 248/654/654 249/655/655
f 242/657/657 200/658/658 243/660/660
f 243/660/660 200/658/658 201/659/659
f 198/661/661 240/662/662 199/664/664
f 199/664/664 240/662/662 241/663/663
f 199/665/665 241/666/666 201/668/668
f 201/668/668 241/666/666 243/667/667
f 279/669/669 321/670/670 281/672/672
f 281/672/672 321/670/670 323/671/671
f 278/673/673 320/674/674 279/676/676
f 279/676/676 320/674/674 321/675/675
f 322/677/677 280/678/678 323/680/680
f 323/680/680 280/678/678 281/679/679
f 150/681/681 108/682/682 151/684/684
f 151/684/684 108/682/682 109/683/683
f 106/685/685 148/686/686 107/688/688
f 107/688/688 148/686/686 149/687/687
f 107/689/689 149/690/690 109/692/692
f 109/692/692 149/690/690 151/691/691
f 195/693/693 237/694/694 197/696/696
f 197/696/696 237/694/694 239/695/695
f 194/697/697 236/698/698 195/700/700
f 195/700/700 236/698/698 237/699/699
f 238/701/701 196/702/702 239/704/704
f 239/704/704 196/702/702 197/703/703
f 246/705/705 204/706/706 247/708/708
f 247/708/708 204/706/706 205/707/707
f 202/709/709 244/710/710 203/712/712
f 203/712/712 244/710/710 245/711/711
f 203/713/713 245/714/714 205/716/716
f 205/716/716 245/714/714 247/715/715
f 299/717/717 341/718/718 301/720/720
f 301/720/720 341/718/718 343/719/719
f 298/721/721 340/722/722 299/724/724
f 299/724/724 340/722/722 341/723/723
f 342/725/725 300/726/726 343/728/728
f 343/728/728 300/726/726 301/727/727
f 338/729/729 296/730/730 339/732/732
f 339/732/732 296/730/730 297/731/731
f 294/733/733 336/734/734 295/736/736
f 295/736/736 336/734/734 337/735/735
f 295/737/737 337/738/738 297/740/740
f 297/740/740 337/738/738 339/739/739
f 211/741/741 253/742/742 213/744/744
f 213/744/744 253/742/742 255/743/743
f 210/745/745 252/746/746 211/748/748
f 211/748/748 252/746/746 253/747/747
f 254/749/749 212/750/750 255/752/752
f 255/752/752 212/750/750 213/751/751
f 182/753/753 140/754/754 183/756/756
f 183/756/756 140/754/754 141/755/755
f 138/757/757 180/758/758 139/760/760
f 139/760/760 180/758/758 181/759/759
f 139/761/761 181/762/762 141/764/764
f 141/764/764 181/762/762 183/763/763
f 307/765/765 349/766/766 309/768/768
f 309/768/768 349/766/766 351/767/767
f 306/769/769 348/770/770 307/772/772
f 307/772/772 348/770/770 349/771/771
f 350/773/773 308/774/774 351/776/776
f 351/776/776 308/774/774 309/775/775
f 262/777/777 220/778/778 263/780/780
f 263/780/780 220/778/778 221/779/779
f 218/781/781 260/782/782 219/784/784
f 219/784/784 260/782/782 261/783/783
f 219/785/785 261/786/786 221/788/788
f 221/788/788 261/786/786 263/787/787
f 131/789/789 173/790/790 133/792/792
f 133/792/792 173/790/790 175/791/791
f 130/793/793 172/794/794 131/796/796
f 131/796/796 172/794/794 173/795/795
f 174/797/797 132/798/798 175/800/800
f 175/800/800 132/798/798 133/799/799
f 166/801/801 124/802/802 167/804/804
f 167/804/804 124/802/802 125/803/803
f 122/805/805 164/806/806 123/808/808
f 123/808/808 164/806/806 165/807/807
f 123/809/809 165/810/810 125/812/812
f 125/812/812 165/810/810 167/811/811
f 115/813/813 157/814/814 117/816/816
f 117/816/816 157/814/814 159/815/815
f 114/817/817 156/818/818 115/820/820
f 115/820/820 156/818/818 157/819/819
f 158/821/821 116/822/822 159/824/824
f 159/824/824 116/822/822 117/823/823
f 330/825/825 288/826/826 331/828/828
f 331/828/828 288/826/826 289/827/827
f 286/829/829 328/830/830 287/832/832
f 287/832/832 328/830/830 329/831/831
f 287/833/833 329/834/834 289/836/836
f 289/836/836 329/834/834 331/835/835
f 275/837/837 317/838/838 277/840/840
f 277/840/840 317/838/838 319/839/839
f 274/841/841 316/842/842 275/844/844
f 275/844/844 316/842/842 317/843/843
f 318/845/845 276/846/846 319/848/848
f 319/848/848 276/846/846 277/847/847
f 234/849/849 192/850/850 235/852/852
f 235/852/852 192/850/850 193/851/851
f 190/853/853 232/854/854 191/856/856
f 191/856/856 232/854/854 233/855/855
f 191/857/857 233/858/858 193/860/860
f 193/860/860 233/858/858 235/859/859
f 111/861/861 153/862/862 113/864/864
f 113/864/864 153/862/862 155/863/863
f 110/865/865 152/866/866 111/868/868
f 111/868/868 152/866/866 153/867/867
f 154/869/869 112/870/870 155/872/872
f 155/872/872 112/870/870 113/871/871
f 326/873/873 284/874/874 327/876/876
f 327/876/876 284/874/874 285/875/875
f 282/877/877 324/878/878 283/880/880
f 283/880/880 324/878/878 325/879/879
f 283/881/881 325/882/882 285/884/884
f 285/884/884 325/882/882 327/883/883
f 119/885/885 161/886/886 121/888/888
f 121/888/888 161/886/886 163/887/887
f 118/889/889 160/890/890 119/892/892
f 119/892/892 160/890/890 161/891/891
f 162/893/893 120/894/894 163/896/896
f 163/896/896 120/894/894 121/895/895
f 334/897/897 292/898/898 335/900/900
f 335/900/900 292/898/898 293/899/899
f 290/901/901 332/902/902 291/904/904
f 291/904/904 332/902/902 333/903/903
f 291/905/905 333/906/906 293/908/908
f 293/908/908 333/906/906 335/907/907
f 127/909/909 169/910/910 129/912/912
f 129/912/912 169/910/910 171/911/911
f 126/913/913 168/914/914 127/916/916
f 127/916/916 168/914/914 169/915/915
f 170/917/917 128/918/918 171/920/920
f 171/920/920 128/918/918 129/919/919
f 346/921/921 304/922/922 347/924/924
f 347/924/924 304/922/922 305/923/923
f 302/925/925 344/926/926 303/928/928
f 303/928/928 344/926/926 345/927/927
f 303/929/929 345/930/930 305/932/932
f 305/932/932 345/930/930 347/931/931
f 2/934/934 4/935/935 1/933/933
f 1/933/933 4/935/935 3/936/936
f 454/938/938 399/940/940 453/937/937
f 453/937/937 399/940/940 398/947/947
f 453/937/937 398/947/947 397/948/948
f 454/938/938 400/939/939 399/940/940
f 399/940/940 7/941/941 398/947/947
f 398/947/947 7/941/941 6/946/946
f 6/946/946 7/941/941 1/944/944
f 6/946/946 1/944/944 5/945/945
f 8/942/942 2/943/943 7/941/941
f 7/941/941 2/943/943 1/944/944
f 410/950/950 412/997/997 409/949/949
f 409/949/949 412/997/997 411/998/998
f 409/949/949 411/998/998 405/1004/1004
f 405/1004/1004 411/998/998 397/999/999
f 405/1004/1004 397/999/999 401/1001/1001
f 401/1001/1001 397/999/999 398/1000/1000
f 408/951/951 400/956/956 410/950/950
f 410/950/950 400/956/956 452/957/957
f 410/950/950 452/957/957 448/959/959
f 448/959/959 452/957/957 451/958/958
f 407/952/952 403/953/953 408/951/951
f 408/951/951 403/953/953 404/954/954
f 408/951/951 404/954/954 400/956/956
f 400/956/956 404/954/954 399/955/955
f 447/960/960 446/964/964 448/959/959
f 448/959/959 446/964/964 444/965/965
f 448/959/959 444/965/965 442/968/968
f 442/968/968 444/965/965 441/967/967
f 441/967/967 444/965/965 443/966/966
f 450/961/961 449/962/962 447/960/960
f 447/960/960 449/962/962 445/963/963
f 447/960/960 445/963/963 446/964/964
f 442/968/968 440/969/969 448/959/959
f 448/959/959 440/969/969 438/972/972
f 448/959/959 438/972/972 436/973/973
f 439/970/970 437/971/971 440/969/969
f 440/969/969 437/971/971 438/972/972
f 435/974/974 433/975/975 436/973/973
f 436/973/973 433/975/975 434/976/976
f 436/973/973 434/976/976 448/959/959
f 448/959/959 434/976/976 432/977/977
f 448/959/959 432/977/977 430/980/980
f 430/980/980 432/977/977 429/979/979
f 429/979/979 432/977/977 431/978/978
f 430/980/980 428/981/981 448/959/959
f 448/959/959 428/981/981 410/950/950
f 427/982/982 425/983/983 428/981/981
f 428/981/981 425/983/983 426/984/984
f 428/981/981 426/984/984 410/950/950
f 410/950/950 426/984/984 424/985/985
f 410/950/950 424/985/985 422/988/988
f 422/988/988 424/985/985 421/987/987
f 421/987/987 424/985/985 423/986/986
f 422/988/988 420/989/989 410/950/950
f 410/950/950 420/989/989 418/992/992
f 410/950/950 418/992/992 416/993/993
f 419/990/990 417/991/991 420/989/989
f 420/989/989 417/991/991 418/992/992
f 415/994/994 413/995/995 416/993/993
f 416/993/993 413/995/995 414/996/996
f 416/993/993 414/996/996 410/950/950
f 410/950/950 414/996/996 412/997/997
f 402/1002/1002 406/1003/1003 401/1001/1001
f 401/1001/1001 406/1003/1003 405/1004/1004
f 400/1006/1006 454/1007/1007 452/1005/1005
f 452/1005/1005 454/1007/1007 456/1008/1008
f 456/1010/1010 454/1011/1011 455/1009/1009
f 455/1009/1009 454/1011/1011 453/1012/1012
f 2/1014/1014 8/1015/1015 4/1013/1013
f 4/1013/1013 8/1015/1015 60/1016/1016
f 410/1018/1018 18/1019/1019 408/1017/1017
f 408/1017/1017 18/1019/1019 16/1020/1020
f 15/1021/1021 407/1022/1022 16/1024/1024
f 16/1024/1024 407/1022/1022 408/1023/1023
f 409/1025/1025 405/1026/1026 356/1036/1036
f 356/1036/1036 405/1026/1026 314/1035/1035
f 314/1035/1035 405/1026/1026 272/1034/1034
f 272/1034/1034 405/1026/1026 230/1033/1033
f 230/1033/1033 405/1026/1026 13/1027/1027
f 230/1033/1033 13/1027/1027 188/1032/1032
f 188/1032/1032 13/1027/1027 146/1031/1031
f 146/1031/1031 13/1027/1027 104/1030/1030
f 104/1030/1030 13/1027/1027 62/1029/1029
f 62/1029/1029 13/1027/1027 17/1028/1028
f 404/1038/1038 12/1039/1039 399/1037/1037
f 399/1037/1037 12/1039/1039 7/1040/1040
f 403/1041/1041 11/1042/1042 404/1044/1044
f 404/1044/1044 11/1042/1042 12/1043/1043
f 398/1046/1046 6/1047/1047 401/1045/1045
f 401/1045/1045 6/1047/1047 9/1048/1048
f 56/1050/1050 448/1051/1051 59/1049/1049
f 59/1049/1049 448/1051/1051 451/1052/1052
f 56/1054/1054 270/1065/1065 448/1053/1053
f 448/1053/1053 270/1065/1065 312/1066/1066
f 448/1053/1053 312/1066/1066 354/1069/1069
f 354/1069/1069 312/1066/1066 353/1068/1068
f 353/1068/1068 312/1066/1066 311/1067/1067
f 55/1055/1055 102/1057/1057 56/1054/1054
f 56/1054/1054 102/1057/1057 144/1058/1058
f 56/1054/1054 144/1058/1058 186/1061/1061
f 186/1061/1061 144/1058/1058 185/1060/1060
f 185/1060/1060 144/1058/1058 143/1059/1059
f 55/1055/1055 101/1056/1056 102/1057/1057
f 186/1061/1061 228/1062/1062 56/1054/1054
f 56/1054/1054 228/1062/1062 270/1065/1065
f 227/1063/1063 269/1064/1064 228/1062/1062
f 228/1062/1062 269/1064/1064 270/1065/1065
f 354/1069/1069 396/1070/1070 448/1053/1053
f 448/1053/1053 396/1070/1070 447/1072/1072
f 447/1072/1072 396/1070/1070 395/1071/1071
f 55/1073/1073 58/1074/1074 101/1084/1084
f 101/1084/1084 58/1074/1074 143/1083/1083
f 143/1083/1083 58/1074/1074 185/1082/1082
f 185/1082/1082 58/1074/1074 227/1081/1081
f 227/1081/1081 58/1074/1074 450/1075/1075
f 227/1081/1081 450/1075/1075 269/1080/1080
f 269/1080/1080 450/1075/1075 311/1079/1079
f 311/1079/1079 450/1075/1075 353/1078/1078
f 353/1078/1078 450/1075/1075 395/1077/1077
f 395/1077/1077 450/1075/1075 447/1076/1076
f 406/1085/1085 14/1086/1086 405/1088/1088
f 405/1088/1088 14/1086/1086 13/1087/1087
f 10/1089/1089 402/1090/1090 9/1092/1092
f 9/1092/1092 402/1090/1090 401/1091/1091
f 11/1094/1094 403/1095/1095 15/1093/1093
f 15/1093/1093 403/1095/1095 407/1096/1096
f 14/1098/1098 406/1099/1099 10/1097/1097
f 10/1097/1097 406/1099/1099 402/1100/1100
f 4/1102/1102 59/1104/1104 3/1101/1101
f 3/1101/1101 59/1104/1104 58/1111/1111
f 3/1101/1101 58/1111/1111 57/1112/1112
f 4/1102/1102 60/1103/1103 59/1104/1104
f 59/1104/1104 451/1105/1105 58/1111/1111
f 58/1111/1111 451/1105/1105 450/1110/1110
f 450/1110/1110 451/1105/1105 455/1108/1108
f 450/1110/1110 455/1108/1108 449/1109/1109
f 452/1106/1106 456/1107/1107 451/1105/1105
f 451/1105/1105 456/1107/1107 455/1108/1108
f 91/1113/1113 46/1114/1114 89/1116/1116
f 89/1116/1116 46/1114/1114 44/1115/1115
f 95/1117/1117 50/1118/1118 93/1120/1120
f 93/1120/1120 50/1118/1118 48/1119/1119
f 99/1121/1121 54/1122/1122 97/1124/1124
f 97/1124/1124 54/1122/1122 52/1123/1123
f 446/1125/1125 393/1126/1126 444/1128/1128
f 444/1128/1128 393/1126/1126 391/1127/1127
f 442/1129/1129 389/1130/1130 440/1132/1132
f 440/1132/1132 389/1130/1130 387/1131/1131
f 438/1133/1133 385/1134/1134 436/1136/1136
f 436/1136/1136 385/1134/1134 383/1135/1135
f 434/1137/1137 381/1138/1138 432/1140/1140
f 432/1140/1140 381/1138/1138 379/1139/1139
f 430/1141/1141 377/1142/1142 428/1144/1144
f 428/1144/1144 377/1142/1142 375/1143/1143
f 426/1145/1145 373/1146/1146 424/1148/1148
f 424/1148/1148 373/1146/1146 371/1147/1147
f 422/1149/1149 369/1150/1150 420/1152/1152
f 420/1152/1152 369/1150/1150 367/1151/1151
f 418/1153/1153 365/1154/1154 416/1156/1156
f 416/1156/1156 365/1154/1154 363/1155/1155
f 414/1157/1157 361/1158/1158 412/1160/1160
f 412/1160/1160 361/1158/1158 359/1159/1159
f 67/1161/1161 22/1162/1162 65/1164/1164
f 65/1164/1164 22/1162/1162 20/1163/1163
f 71/1165/1165 26/1166/1166 69/1168/1168
f 69/1168/1168 26/1166/1166 24/1167/1167
f 75/1169/1169 30/1170/1170 73/1172/1172
f 73/1172/1172 30/1170/1170 28/1171/1171
f 79/1173/1173 34/1174/1174 77/1176/1176
f 77/1176/1176 34/1174/1174 32/1175/1175
f 83/1177/1177 38/1178/1178 81/1180/1180
f 81/1180/1180 38/1178/1178 36/1179/1179
f 87/1181/1181 42/1182/1182 85/1184/1184
f 85/1184/1184 42/1182/1182 40/1183/1183
f 56/1186/1186 54/1237/1237 55/1185/1185
f 55/1185/1185 54/1237/1237 53/1238/1238
f 55/1185/1185 53/1238/1238 57/1239/1239
f 59/1187/1187 60/1188/1188 56/1186/1186
f 56/1186/1186 60/1188/1188 18/1195/1195
f 56/1186/1186 18/1195/1195 38/1221/1221
f 38/1221/1221 18/1195/1195 36/1220/1220
f 36/1220/1220 18/1195/1195 34/1217/1217
f 36/1220/1220 34/1217/1217 35/1219/1219
f 35/1219/1219 34/1217/1217 33/1218/1218
f 60/1188/1188 8/1189/1189 18/1195/1195
f 18/1195/1195 8/1189/1189 16/1194/1194
f 16/1194/1194 8/1189/1189 12/1191/1191
f 16/1194/1194 12/1191/1191 15/1193/1193
f 15/1193/1193 12/1191/1191 11/1192/1192
f 8/1189/1189 7/1190/1190 12/1191/1191
f 17/1196/1196 20/1204/1204 18/1195/1195
f 18/1195/1195 20/1204/1204 22/1205/1205
f 18/1195/1195 22/1205/1205 24/1208/1208
f 24/1208/1208 22/1205/1205 23/1207/1207
f 23/1207/1207 22/1205/1205 21/1206/1206
f 20/1204/1204 17/1196/1196 19/1203/1203
f 19/1203/1203 17/1196/1196 13/1197/1197
f 19/1203/1203 13/1197/1197 5/1202/1202
f 5/1202/1202 13/1197/1197 9/1200/1200
f 5/1202/1202 9/1200/1200 6/1201/1201
f 14/1198/1198 10/1199/1199 13/1197/1197
f 13/1197/1197 10/1199/1199 9/1200/1200
f 24/1208/1208 26/1209/1209 18/1195/1195
f 18/1195/1195 26/1209/1209 28/1212/1212
f 18/1195/1195 28/1212/1212 30/1213/1213
f 25/1210/1210 27/1211/1211 26/1209/1209
f 26/1209/1209 27/1211/1211 28/1212/1212
f 29/1214/1214 31/1215/1215 30/1213/1213
f 30/1213/1213 31/1215/1215 32/1216/1216
f 30/1213/1213 32/1216/1216 18/1195/1195
f 18/1195/1195 32/1216/1216 34/1217/1217
f 37/1222/1222 39/1223/1223 38/1221/1221
f 38/1221/1221 39/1223/1223 40/1224/1224
f 38/1221/1221 40/1224/1224 56/1186/1186
f 56/1186/1186 40/1224/1224 42/1225/1225
f 56/1186/1186 42/1225/1225 44/1228/1228
f 44/1228/1228 42/1225/1225 43/1227/1227
f 43/1227/1227 42/1225/1225 41/1226/1226
f 44/1228/1228 46/1229/1229 56/1186/1186
f 56/1186/1186 46/1229/1229 48/1232/1232
f 56/1186/1186 48/1232/1232 50/1233/1233
f 45/1230/1230 47/1231/1231 46/1229/1229
f 46/1229/1229 47/1231/1231 48/1232/1232
f 49/1234/1234 51/1235/1235 50/1233/1233
f 50/1233/1233 51/1235/1235 52/1236/1236
f 50/1233/1233 52/1236/1236 56/1186/1186
f 56/1186/1186 52/1236/1236 54/1237/1237
f 57/1239/1239 58/1240/1240 55/1185/1185
f 51/1241/1241 96/1242/1242 52/1244/1244
f 52/1244/1244 96/1242/1242 97/1243/1243
f 98/1245/1245 53/1246/1246 99/1248/1248
f 99/1248/1248 53/1246/1246 54/1247/1247
f 445/1249/1249 392/1250/1250 446/1252/1252
f 446/1252/1252 392/1250/1250 393/1251/1251
f 390/1253/1253 443/1254/1254 391/1256/1256
f 391/1256/1256 443/1254/1254 444/1255/1255
f 433/1257/1257 380/1258/1258 434/1260/1260
f 434/1260/1260 380/1258/1258 381/1259/1259
f 378/1261/1261 431/1262/1262 379/1264/1264
f 379/1264/1264 431/1262/1262 432/1263/1263
f 35/1265/1265 80/1266/1266 36/1268/1268
f 36/1268/1268 80/1266/1266 81/1267/1267
f 82/1269/1269 37/1270/1270 83/1272/1272
f 83/1272/1272 37/1270/1270 38/1271/1271
f 425/1273/1273 372/1274/1274 426/1276/1276
f 426/1276/1276 372/1274/1274 373/1275/1275
f 370/1277/1277 423/1278/1278 371/1280/1280
f 371/1280/1280 423/1278/1278 424/1279/1279
f 19/1281/1281 64/1282/1282 20/1284/1284
f 20/1284/1284 64/1282/1282 65/1283/1283
f 66/1285/1285 21/1286/1286 67/1288/1288
f 67/1288/1288 21/1286/1286 22/1287/1287
f 413/1289/1289 360/1290/1290 414/1292/1292
f 414/1292/1292 360/1290/1290 361/1291/1291
f 358/1293/1293 411/1294/1294 359/1296/1296
f 359/1296/1296 411/1294/1294 412/1295/1295
f 421/1297/1297 368/1298/1298 422/1300/1300
f 422/1300/1300 368/1298/1298 369/1299/1299
f 366/1301/1301 419/1302/1302 367/1304/1304
f 367/1304/1304 419/1302/1302 420/1303/1303
f 31/1305/1305 76/1306/1306 32/1308/1308
f 32/1308/1308 76/1306/1306 77/1307/1307
f 78/1309/1309 33/1310/1310 79/1312/1312
f 79/1312/1312 33/1310/1310 34/1311/1311
f 47/1313/1313 92/1314/1314 48/1316/1316
f 48/1316/1316 92/1314/1314 93/1315/1315
f 94/1317/1317 49/1318/1318 95/1320/1320
f 95/1320/1320 49/1318/1318 50/1319/1319
f 441/1321/1321 388/1322/1322 442/1324/1324
f 442/1324/1324 388/1322/1322 389/1323/1323
f 386/1325/1325 439/1326/1326 387/1328/1328
f 387/1328/1328 439/1326/1326 440/1327/1327
f 39/1329/1329 84/1330/1330 40/1332/1332
f 40/1332/1332 84/1330/1330 85/1331/1331
f 86/1333/1333 41/1334/1334 87/1336/1336
f 87/1336/1336 41/1334/1334 42/1335/1335
f 429/1337/1337 376/1338/1338 430/1340/1340
f 430/1340/1340 376/1338/1338 377/1339/1339
f 374/1341/1341 427/1342/1342 375/1344/1344
f 375/1344/1344 427/1342/1342 428/1343/1343
f 417/1345/1345 364/1346/1346 418/1348/1348
f 418/1348/1348 364/1346/1346 365/1347/1347
f 362/1349/1349 415/1350/1350 363/1352/1352
f 363/1352/1352 415/1350/1350 416/1351/1351
f 23/1353/1353 68/1354/1354 24/1356/1356
f 24/1356/1356 68/1354/1354 69/1355/1355
f 70/1357/1357 25/1358/1358 71/1360/1360
f 71/1360/1360 25/1358/1358 26/1359/1359
f 27/1361/1361 72/1362/1362 28/1364/1364
f 28/1364/1364 72/1362/1362 73/1363/1363
f 74/1365/1365 29/1366/1366 75/1368/1368
f 75/1368/1368 29/1366/1366 30/1367/1367
f 437/1369/1369 384/1370/1370 438/1372/1372
f 438/1372/1372 384/1370/1370 385/1371/1371
f 382/1373/1373 435/1374/1374 383/1376/1376
f 383/1376/1376 435/1374/1374 436/1375/1375
f 43/1377/1377 88/1378/1378 44/1380/1380
f 44/1380/1380 88/1378/1378 89/1379/1379
f 90/1381/1381 45/1382/1382 91/1384/1384
f 91/1384/1384 45/1382/1382 46/1383/1383
# 456 vertices
# 1384 texture params
# 1384 normals
# 1108 facets

# 1 groups
