# WaveFront *.obj file (generated by Autodesk ATF)

mtllib 障子、紙無し改.mtl

g ソリッド1

v 0.000000 0.000000 -2.250000
v 0.000000 0.000000 2.250000
v 0.000000 200.000000 -2.250000
v 0.000000 200.000000 2.250000
v 2.500000 0.000000 -2.250000
v 2.500000 0.000000 -2.000000
v 2.500000 0.000000 2.000000
v 2.500000 0.000000 2.250000
v 2.500000 2.500000 -2.000000
v 2.500000 2.500000 -1.500000
v 2.500000 2.500000 1.500000
v 2.500000 2.500000 2.000000
v 2.500000 60.999999 -2.000000
v 2.500000 60.999999 -1.500000
v 2.500000 60.999999 1.500000
v 2.500000 60.999999 2.000000
v 2.500000 63.499999 -2.000000
v 2.500000 63.499999 2.000000
v 2.500000 77.500000 -2.250000
v 2.500000 77.500000 -1.250000
v 2.500000 78.499999 -2.250000
v 2.500000 78.499999 -1.250000
v 2.500000 92.500000 -2.250000
v 2.500000 92.500000 -1.250000
v 2.500000 93.500004 -2.250000
v 2.500000 93.500004 -1.250000
v 2.500000 107.500000 -2.250000
v 2.500000 107.500000 -1.250000
v 2.500000 108.500004 -2.250000
v 2.500000 108.500004 -1.250000
v 2.500000 122.500000 -2.250000
v 2.500000 122.500000 -1.250000
v 2.500000 123.500004 -2.250000
v 2.500000 123.500004 -1.250000
v 2.500000 137.500000 -2.250000
v 2.500000 137.500000 -1.250000
v 2.500000 138.500004 -2.250000
v 2.500000 138.500004 -1.250000
v 2.500000 152.500000 -2.250000
v 2.500000 152.500000 -1.250000
v 2.500000 153.500004 -2.250000
v 2.500000 153.500004 -1.250000
v 2.500000 167.500000 -2.250000
v 2.500000 167.500000 -1.250000
v 2.500000 168.500004 -2.250000
v 2.500000 168.500004 -1.250000
v 2.500000 182.500000 -2.250000
v 2.500000 182.500000 -1.250000
v 2.500000 183.500004 -2.250000
v 2.500000 183.500004 -1.250000
v 2.500000 197.500000 -2.000000
v 2.500000 197.500000 2.000000
v 2.500000 200.000000 -2.250000
v 2.500000 200.000000 -2.000000
v 2.500000 200.000000 2.000000
v 2.500000 200.000000 2.250000
v 25.500000 63.499999 -2.250000
v 25.500000 63.499999 -2.000000
v 25.500000 63.499999 -0.750000
v 25.500000 77.500000 -2.250000
v 25.500000 77.500000 -1.250000
v 25.500000 78.499999 -2.250000
v 25.500000 78.499999 -1.250000
v 25.500000 92.500000 -2.250000
v 25.500000 92.500000 -1.250000
v 25.500000 93.500004 -2.250000
v 25.500000 93.500004 -1.250000
v 25.500000 107.500000 -2.250000
v 25.500000 107.500000 -1.250000
v 25.500000 108.500004 -2.250000
v 25.500000 108.500004 -1.250000
v 25.500000 122.500000 -2.250000
v 25.500000 122.500000 -1.250000
v 25.500000 123.500004 -2.250000
v 25.500000 123.500004 -1.250000
v 25.500000 137.500000 -2.250000
v 25.500000 137.500000 -1.250000
v 25.500000 138.500004 -2.250000
v 25.500000 138.500004 -1.250000
v 25.500000 152.500000 -2.250000
v 25.500000 152.500000 -1.250000
v 25.500000 153.500004 -2.250000
v 25.500000 153.500004 -1.250000
v 25.500000 167.500000 -2.250000
v 25.500000 167.500000 -1.250000
v 25.500000 168.500004 -2.250000
v 25.500000 168.500004 -1.250000
v 25.500000 182.500000 -2.250000
v 25.500000 182.500000 -1.250000
v 25.500000 183.500004 -2.250000
v 25.500000 183.500004 -1.250000
v 25.500000 197.500000 -2.250000
v 25.500000 197.500000 -2.000000
v 25.500000 197.500000 -0.750000
v 26.500001 63.499999 -2.250000
v 26.500001 63.499999 -2.000000
v 26.500001 63.499999 -0.750000
v 26.500001 77.500000 -2.250000
v 26.500001 77.500000 -1.250000
v 26.500001 78.499999 -2.250000
v 26.500001 78.499999 -1.250000
v 26.500001 92.500000 -2.250000
v 26.500001 92.500000 -1.250000
v 26.500001 93.500004 -2.250000
v 26.500001 93.500004 -1.250000
v 26.500001 107.500000 -2.250000
v 26.500001 107.500000 -1.250000
v 26.500001 108.500004 -2.250000
v 26.500001 108.500004 -1.250000
v 26.500001 122.500000 -2.250000
v 26.500001 122.500000 -1.250000
v 26.500001 123.500004 -2.250000
v 26.500001 123.500004 -1.250000
v 26.500001 137.500000 -2.250000
v 26.500001 137.500000 -1.250000
v 26.500001 138.500004 -2.250000
v 26.500001 138.500004 -1.250000
v 26.500001 152.500000 -2.250000
v 26.500001 152.500000 -1.250000
v 26.500001 153.500004 -2.250000
v 26.500001 153.500004 -1.250000
v 26.500001 167.500000 -2.250000
v 26.500001 167.500000 -1.250000
v 26.500001 168.500004 -2.250000
v 26.500001 168.500004 -1.250000
v 26.500001 182.500000 -2.250000
v 26.500001 182.500000 -1.250000
v 26.500001 183.500004 -2.250000
v 26.500001 183.500004 -1.250000
v 26.500001 197.500000 -2.250000
v 26.500001 197.500000 -2.000000
v 26.500001 197.500000 -0.750000
v 49.499998 63.499999 -2.250000
v 49.499998 63.499999 -2.000000
v 49.499998 63.499999 -0.750000
v 49.499998 77.500000 -2.250000
v 49.499998 77.500000 -1.250000
v 49.499998 78.499999 -2.250000
v 49.499998 78.499999 -1.250000
v 49.499998 92.500000 -2.250000
v 49.499998 92.500000 -1.250000
v 49.499998 93.500004 -2.250000
v 49.499998 93.500004 -1.250000
v 49.499998 107.500000 -2.250000
v 49.499998 107.500000 -1.250000
v 49.499998 108.500004 -2.250000
v 49.499998 108.500004 -1.250000
v 49.499998 122.500000 -2.250000
v 49.499998 122.500000 -1.250000
v 49.499998 123.500004 -2.250000
v 49.499998 123.500004 -1.250000
v 49.499998 137.500000 -2.250000
v 49.499998 137.500000 -1.250000
v 49.499998 138.500004 -2.250000
v 49.499998 138.500004 -1.250000
v 49.499998 152.500000 -2.250000
v 49.499998 152.500000 -1.250000
v 49.499998 153.500004 -2.250000
v 49.499998 153.500004 -1.250000
v 49.499998 167.500000 -2.250000
v 49.499998 167.500000 -1.250000
v 49.499998 168.500004 -2.250000
v 49.499998 168.500004 -1.250000
v 49.499998 182.500000 -2.250000
v 49.499998 182.500000 -1.250000
v 49.499998 183.500004 -2.250000
v 49.499998 183.500004 -1.250000
v 49.499998 197.500000 -2.250000
v 49.499998 197.500000 -2.000000
v 49.499998 197.500000 -0.750000
v 50.500002 63.499999 -2.250000
v 50.500002 63.499999 -2.000000
v 50.500002 63.499999 -0.750000
v 50.500002 77.500000 -2.250000
v 50.500002 77.500000 -1.250000
v 50.500002 78.499999 -2.250000
v 50.500002 78.499999 -1.250000
v 50.500002 92.500000 -2.250000
v 50.500002 92.500000 -1.250000
v 50.500002 93.500004 -2.250000
v 50.500002 93.500004 -1.250000
v 50.500002 107.500000 -2.250000
v 50.500002 107.500000 -1.250000
v 50.500002 108.500004 -2.250000
v 50.500002 108.500004 -1.250000
v 50.500002 122.500000 -2.250000
v 50.500002 122.500000 -1.250000
v 50.500002 123.500004 -2.250000
v 50.500002 123.500004 -1.250000
v 50.500002 137.500000 -2.250000
v 50.500002 137.500000 -1.250000
v 50.500002 138.500004 -2.250000
v 50.500002 138.500004 -1.250000
v 50.500002 152.500000 -2.250000
v 50.500002 152.500000 -1.250000
v 50.500002 153.500004 -2.250000
v 50.500002 153.500004 -1.250000
v 50.500002 167.500000 -2.250000
v 50.500002 167.500000 -1.250000
v 50.500002 168.500004 -2.250000
v 50.500002 168.500004 -1.250000
v 50.500002 182.500000 -2.250000
v 50.500002 182.500000 -1.250000
v 50.500002 183.500004 -2.250000
v 50.500002 183.500004 -1.250000
v 50.500002 197.500000 -2.250000
v 50.500002 197.500000 -2.000000
v 50.500002 197.500000 -0.750000
v 73.499999 63.499999 -2.250000
v 73.499999 63.499999 -2.000000
v 73.499999 63.499999 -0.750000
v 73.499999 77.500000 -2.250000
v 73.499999 77.500000 -1.250000
v 73.499999 78.499999 -2.250000
v 73.499999 78.499999 -1.250000
v 73.499999 92.500000 -2.250000
v 73.499999 92.500000 -1.250000
v 73.499999 93.500004 -2.250000
v 73.499999 93.500004 -1.250000
v 73.499999 107.500000 -2.250000
v 73.499999 107.500000 -1.250000
v 73.499999 108.500004 -2.250000
v 73.499999 108.500004 -1.250000
v 73.499999 122.500000 -2.250000
v 73.499999 122.500000 -1.250000
v 73.499999 123.500004 -2.250000
v 73.499999 123.500004 -1.250000
v 73.499999 137.500000 -2.250000
v 73.499999 137.500000 -1.250000
v 73.499999 138.500004 -2.250000
v 73.499999 138.500004 -1.250000
v 73.499999 152.500000 -2.250000
v 73.499999 152.500000 -1.250000
v 73.499999 153.500004 -2.250000
v 73.499999 153.500004 -1.250000
v 73.499999 167.500000 -2.250000
v 73.499999 167.500000 -1.250000
v 73.499999 168.500004 -2.250000
v 73.499999 168.500004 -1.250000
v 73.499999 182.500000 -2.250000
v 73.499999 182.500000 -1.250000
v 73.499999 183.500004 -2.250000
v 73.499999 183.500004 -1.250000
v 73.499999 197.500000 -2.250000
v 73.499999 197.500000 -2.000000
v 73.499999 197.500000 -0.750000
v 74.499998 63.499999 -2.250000
v 74.499998 63.499999 -2.000000
v 74.499998 63.499999 -0.750000
v 74.499998 77.500000 -2.250000
v 74.499998 77.500000 -1.250000
v 74.499998 78.499999 -2.250000
v 74.499998 78.499999 -1.250000
v 74.499998 92.500000 -2.250000
v 74.499998 92.500000 -1.250000
v 74.499998 93.500004 -2.250000
v 74.499998 93.500004 -1.250000
v 74.499998 107.500000 -2.250000
v 74.499998 107.500000 -1.250000
v 74.499998 108.500004 -2.250000
v 74.499998 108.500004 -1.250000
v 74.499998 122.500000 -2.250000
v 74.499998 122.500000 -1.250000
v 74.499998 123.500004 -2.250000
v 74.499998 123.500004 -1.250000
v 74.499998 137.500000 -2.250000
v 74.499998 137.500000 -1.250000
v 74.499998 138.500004 -2.250000
v 74.499998 138.500004 -1.250000
v 74.499998 152.500000 -2.250000
v 74.499998 152.500000 -1.250000
v 74.499998 153.500004 -2.250000
v 74.499998 153.500004 -1.250000
v 74.499998 167.500000 -2.250000
v 74.499998 167.500000 -1.250000
v 74.499998 168.500004 -2.250000
v 74.499998 168.500004 -1.250000
v 74.499998 182.500000 -2.250000
v 74.499998 182.500000 -1.250000
v 74.499998 183.500004 -2.250000
v 74.499998 183.500004 -1.250000
v 74.499998 197.500000 -2.250000
v 74.499998 197.500000 -2.000000
v 74.499998 197.500000 -0.750000
v 97.500000 0.000000 -2.250000
v 97.500000 0.000000 -2.000000
v 97.500000 0.000000 2.000000
v 97.500000 0.000000 2.250000
v 97.500000 2.500000 -2.000000
v 97.500000 2.500000 -1.500000
v 97.500000 2.500000 1.500000
v 97.500000 2.500000 2.000000
v 97.500000 60.999999 -2.000000
v 97.500000 60.999999 -1.500000
v 97.500000 60.999999 1.500000
v 97.500000 60.999999 2.000000
v 97.500000 63.499999 -2.000000
v 97.500000 63.499999 2.000000
v 97.500000 77.500000 -2.250000
v 97.500000 77.500000 -1.250000
v 97.500000 78.499999 -2.250000
v 97.500000 78.499999 -1.250000
v 97.500000 92.500000 -2.250000
v 97.500000 92.500000 -1.250000
v 97.500000 93.500004 -2.250000
v 97.500000 93.500004 -1.250000
v 97.500000 107.500000 -2.250000
v 97.500000 107.500000 -1.250000
v 97.500000 108.500004 -2.250000
v 97.500000 108.500004 -1.250000
v 97.500000 122.500000 -2.250000
v 97.500000 122.500000 -1.250000
v 97.500000 123.500004 -2.250000
v 97.500000 123.500004 -1.250000
v 97.500000 137.500000 -2.250000
v 97.500000 137.500000 -1.250000
v 97.500000 138.500004 -2.250000
v 97.500000 138.500004 -1.250000
v 97.500000 152.500000 -2.250000
v 97.500000 152.500000 -1.250000
v 97.500000 153.500004 -2.250000
v 97.500000 153.500004 -1.250000
v 97.500000 167.500000 -2.250000
v 97.500000 167.500000 -1.250000
v 97.500000 168.500004 -2.250000
v 97.500000 168.500004 -1.250000
v 97.500000 182.500000 -2.250000
v 97.500000 182.500000 -1.250000
v 97.500000 183.500004 -2.250000
v 97.500000 183.500004 -1.250000
v 97.500000 197.500000 -2.000000
v 97.500000 197.500000 2.000000
v 97.500000 200.000000 -2.250000
v 97.500000 200.000000 -2.000000
v 97.500000 200.000000 2.000000
v 97.500000 200.000000 2.250000
v 100.000000 0.000000 -2.250000
v 100.000000 0.000000 2.250000
v 100.000000 200.000000 -2.250000
v 100.000000 200.000000 2.250000
vt 13.400000 -0.075000 0.000000
vt 0.000000 -0.075000 0.000000
vt 0.000000 -0.200000 0.000000
vt 0.000000 -0.225000 0.000000
vt 1.400000 -0.225000 0.000000
vt 1.400000 -0.125000 0.000000
vt 1.500000 -0.125000 0.000000
vt 1.500000 -0.225000 0.000000
vt 2.900000 -0.225000 0.000000
vt 2.900000 -0.125000 0.000000
vt 3.000000 -0.125000 0.000000
vt 3.000000 -0.225000 0.000000
vt 4.400000 -0.225000 0.000000
vt 4.400000 -0.125000 0.000000
vt 4.500000 -0.125000 0.000000
vt 4.500000 -0.225000 0.000000
vt 5.900000 -0.225000 0.000000
vt 5.900000 -0.125000 0.000000
vt 6.000000 -0.125000 0.000000
vt 6.000000 -0.225000 0.000000
vt 7.400000 -0.225000 0.000000
vt 7.400000 -0.125000 0.000000
vt 7.500000 -0.125000 0.000000
vt 7.500000 -0.225000 0.000000
vt 8.900000 -0.225000 0.000000
vt 8.900000 -0.125000 0.000000
vt 9.000000 -0.125000 0.000000
vt 9.000000 -0.225000 0.000000
vt 10.400000 -0.225000 0.000000
vt 10.400000 -0.125000 0.000000
vt 10.500000 -0.125000 0.000000
vt 10.500000 -0.225000 0.000000
vt 11.900000 -0.225000 0.000000
vt 11.900000 -0.125000 0.000000
vt 12.000000 -0.125000 0.000000
vt 12.000000 -0.225000 0.000000
vt 13.400000 -0.225000 0.000000
vt 13.400000 -0.200000 0.000000
vt 13.400000 -0.075000 0.000000
vt 0.000000 -0.075000 0.000000
vt 0.000000 -0.200000 0.000000
vt 0.000000 -0.225000 0.000000
vt 1.400000 -0.225000 0.000000
vt 1.400000 -0.125000 0.000000
vt 1.500000 -0.125000 0.000000
vt 1.500000 -0.225000 0.000000
vt 2.900000 -0.225000 0.000000
vt 2.900000 -0.125000 0.000000
vt 3.000000 -0.125000 0.000000
vt 3.000000 -0.225000 0.000000
vt 4.400000 -0.225000 0.000000
vt 4.400000 -0.125000 0.000000
vt 4.500000 -0.125000 0.000000
vt 4.500000 -0.225000 0.000000
vt 5.900000 -0.225000 0.000000
vt 5.900000 -0.125000 0.000000
vt 6.000000 -0.125000 0.000000
vt 6.000000 -0.225000 0.000000
vt 7.400000 -0.225000 0.000000
vt 7.400000 -0.125000 0.000000
vt 7.500000 -0.125000 0.000000
vt 7.500000 -0.225000 0.000000
vt 8.900000 -0.225000 0.000000
vt 8.900000 -0.125000 0.000000
vt 9.000000 -0.125000 0.000000
vt 9.000000 -0.225000 0.000000
vt 10.400000 -0.225000 0.000000
vt 10.400000 -0.125000 0.000000
vt 10.500000 -0.125000 0.000000
vt 10.500000 -0.225000 0.000000
vt 11.900000 -0.225000 0.000000
vt 11.900000 -0.125000 0.000000
vt 12.000000 -0.125000 0.000000
vt 12.000000 -0.225000 0.000000
vt 13.400000 -0.225000 0.000000
vt 13.400000 -0.200000 0.000000
vt 0.100000 -0.200000 0.000000
vt 0.000000 -0.200000 0.000000
vt 0.000000 -0.225000 0.000000
vt 0.100000 -0.225000 0.000000
vt 0.100000 -0.200000 0.000000
vt 0.000000 -0.200000 0.000000
vt 0.000000 -0.225000 0.000000
vt 0.100000 -0.225000 0.000000
vt 13.400000 -0.075000 0.000000
vt 0.000000 -0.075000 0.000000
vt 0.000000 -0.200000 0.000000
vt 0.000000 -0.225000 0.000000
vt 1.400000 -0.225000 0.000000
vt 1.400000 -0.125000 0.000000
vt 1.500000 -0.125000 0.000000
vt 1.500000 -0.225000 0.000000
vt 2.900000 -0.225000 0.000000
vt 2.900000 -0.125000 0.000000
vt 3.000000 -0.125000 0.000000
vt 3.000000 -0.225000 0.000000
vt 4.400000 -0.225000 0.000000
vt 4.400000 -0.125000 0.000000
vt 4.500000 -0.125000 0.000000
vt 4.500000 -0.225000 0.000000
vt 5.900000 -0.225000 0.000000
vt 5.900000 -0.125000 0.000000
vt 6.000000 -0.125000 0.000000
vt 6.000000 -0.225000 0.000000
vt 7.400000 -0.225000 0.000000
vt 7.400000 -0.125000 0.000000
vt 7.500000 -0.125000 0.000000
vt 7.500000 -0.225000 0.000000
vt 8.900000 -0.225000 0.000000
vt 8.900000 -0.125000 0.000000
vt 9.000000 -0.125000 0.000000
vt 9.000000 -0.225000 0.000000
vt 10.400000 -0.225000 0.000000
vt 10.400000 -0.125000 0.000000
vt 10.500000 -0.125000 0.000000
vt 10.500000 -0.225000 0.000000
vt 11.900000 -0.225000 0.000000
vt 11.900000 -0.125000 0.000000
vt 12.000000 -0.125000 0.000000
vt 12.000000 -0.225000 0.000000
vt 13.400000 -0.225000 0.000000
vt 13.400000 -0.200000 0.000000
vt 13.400000 -0.075000 0.000000
vt 0.000000 -0.075000 0.000000
vt 0.000000 -0.200000 0.000000
vt 0.000000 -0.225000 0.000000
vt 1.400000 -0.225000 0.000000
vt 1.400000 -0.125000 0.000000
vt 1.500000 -0.125000 0.000000
vt 1.500000 -0.225000 0.000000
vt 2.900000 -0.225000 0.000000
vt 2.900000 -0.125000 0.000000
vt 3.000000 -0.125000 0.000000
vt 3.000000 -0.225000 0.000000
vt 4.400000 -0.225000 0.000000
vt 4.400000 -0.125000 0.000000
vt 4.500000 -0.125000 0.000000
vt 4.500000 -0.225000 0.000000
vt 5.900000 -0.225000 0.000000
vt 5.900000 -0.125000 0.000000
vt 6.000000 -0.125000 0.000000
vt 6.000000 -0.225000 0.000000
vt 7.400000 -0.225000 0.000000
vt 7.400000 -0.125000 0.000000
vt 7.500000 -0.125000 0.000000
vt 7.500000 -0.225000 0.000000
vt 8.900000 -0.225000 0.000000
vt 8.900000 -0.125000 0.000000
vt 9.000000 -0.125000 0.000000
vt 9.000000 -0.225000 0.000000
vt 10.400000 -0.225000 0.000000
vt 10.400000 -0.125000 0.000000
vt 10.500000 -0.125000 0.000000
vt 10.500000 -0.225000 0.000000
vt 11.900000 -0.225000 0.000000
vt 11.900000 -0.125000 0.000000
vt 12.000000 -0.125000 0.000000
vt 12.000000 -0.225000 0.000000
vt 13.400000 -0.225000 0.000000
vt 13.400000 -0.200000 0.000000
vt 0.100000 -0.200000 0.000000
vt 0.000000 -0.200000 0.000000
vt 0.000000 -0.225000 0.000000
vt 0.100000 -0.225000 0.000000
vt 0.100000 -0.200000 0.000000
vt 0.000000 -0.200000 0.000000
vt 0.000000 -0.225000 0.000000
vt 0.100000 -0.225000 0.000000
vt 13.400000 -0.075000 0.000000
vt 0.000000 -0.075000 0.000000
vt 0.000000 -0.200000 0.000000
vt 0.000000 -0.225000 0.000000
vt 1.400000 -0.225000 0.000000
vt 1.400000 -0.125000 0.000000
vt 1.500000 -0.125000 0.000000
vt 1.500000 -0.225000 0.000000
vt 2.900000 -0.225000 0.000000
vt 2.900000 -0.125000 0.000000
vt 3.000000 -0.125000 0.000000
vt 3.000000 -0.225000 0.000000
vt 4.400000 -0.225000 0.000000
vt 4.400000 -0.125000 0.000000
vt 4.500000 -0.125000 0.000000
vt 4.500000 -0.225000 0.000000
vt 5.900000 -0.225000 0.000000
vt 5.900000 -0.125000 0.000000
vt 6.000000 -0.125000 0.000000
vt 6.000000 -0.225000 0.000000
vt 7.400000 -0.225000 0.000000
vt 7.400000 -0.125000 0.000000
vt 7.500000 -0.125000 0.000000
vt 7.500000 -0.225000 0.000000
vt 8.900000 -0.225000 0.000000
vt 8.900000 -0.125000 0.000000
vt 9.000000 -0.125000 0.000000
vt 9.000000 -0.225000 0.000000
vt 10.400000 -0.225000 0.000000
vt 10.400000 -0.125000 0.000000
vt 10.500000 -0.125000 0.000000
vt 10.500000 -0.225000 0.000000
vt 11.900000 -0.225000 0.000000
vt 11.900000 -0.125000 0.000000
vt 12.000000 -0.125000 0.000000
vt 12.000000 -0.225000 0.000000
vt 13.400000 -0.225000 0.000000
vt 13.400000 -0.200000 0.000000
vt 13.400000 -0.075000 0.000000
vt 0.000000 -0.075000 0.000000
vt 0.000000 -0.200000 0.000000
vt 0.000000 -0.225000 0.000000
vt 1.400000 -0.225000 0.000000
vt 1.400000 -0.125000 0.000000
vt 1.500000 -0.125000 0.000000
vt 1.500000 -0.225000 0.000000
vt 2.900000 -0.225000 0.000000
vt 2.900000 -0.125000 0.000000
vt 3.000000 -0.125000 0.000000
vt 3.000000 -0.225000 0.000000
vt 4.400000 -0.225000 0.000000
vt 4.400000 -0.125000 0.000000
vt 4.500000 -0.125000 0.000000
vt 4.500000 -0.225000 0.000000
vt 5.900000 -0.225000 0.000000
vt 5.900000 -0.125000 0.000000
vt 6.000000 -0.125000 0.000000
vt 6.000000 -0.225000 0.000000
vt 7.400000 -0.225000 0.000000
vt 7.400000 -0.125000 0.000000
vt 7.500000 -0.125000 0.000000
vt 7.500000 -0.225000 0.000000
vt 8.900000 -0.225000 0.000000
vt 8.900000 -0.125000 0.000000
vt 9.000000 -0.125000 0.000000
vt 9.000000 -0.225000 0.000000
vt 10.400000 -0.225000 0.000000
vt 10.400000 -0.125000 0.000000
vt 10.500000 -0.125000 0.000000
vt 10.500000 -0.225000 0.000000
vt 11.900000 -0.225000 0.000000
vt 11.900000 -0.125000 0.000000
vt 12.000000 -0.125000 0.000000
vt 12.000000 -0.225000 0.000000
vt 13.400000 -0.225000 0.000000
vt 13.400000 -0.200000 0.000000
vt 0.100000 -0.200000 0.000000
vt 0.000000 -0.200000 0.000000
vt 0.000000 -0.225000 0.000000
vt 0.100000 -0.225000 0.000000
vt 0.100000 -0.200000 0.000000
vt 0.000000 -0.200000 0.000000
vt 0.000000 -0.225000 0.000000
vt 0.100000 -0.225000 0.000000
vt 4.700000 -0.075000 0.000000
vt 4.800000 -0.075000 0.000000
vt 4.800000 -0.200000 0.000000
vt 7.100000 -0.200000 0.000000
vt 7.100000 -0.075000 0.000000
vt 7.200000 -0.075000 0.000000
vt 7.200000 -0.200000 0.000000
vt 9.500000 -0.200000 0.000000
vt 9.500000 0.200000 0.000000
vt 0.000000 0.200000 0.000000
vt 0.000000 -0.200000 0.000000
vt 2.300000 -0.200000 0.000000
vt 2.300000 -0.075000 0.000000
vt 2.400000 -0.075000 0.000000
vt 2.400000 -0.200000 0.000000
vt 4.700000 -0.200000 0.000000
vt -2.450000 6.700000 0.000000
vt -2.450000 -6.700000 0.000000
vt -2.350000 -6.700000 0.000000
vt -2.350000 6.700000 0.000000
vt -0.050000 6.700000 0.000000
vt -0.050000 -6.700000 0.000000
vt 0.050000 -6.700000 0.000000
vt 0.050000 6.700000 0.000000
vt 2.350000 6.700000 0.000000
vt 2.350000 -6.700000 0.000000
vt 2.450000 -6.700000 0.000000
vt 2.450000 6.700000 0.000000
vt 0.000000 -0.225000 0.000000
vt 2.300000 -0.225000 0.000000
vt 2.300000 -0.125000 0.000000
vt 0.000000 -0.125000 0.000000
vt 0.000000 -0.225000 0.000000
vt 2.300000 -0.225000 0.000000
vt 2.300000 -0.125000 0.000000
vt 0.000000 -0.125000 0.000000
vt -2.350000 5.200000 0.000000
vt -0.050000 5.200000 0.000000
vt -0.050000 5.300000 0.000000
vt -2.350000 5.300000 0.000000
vt 0.000000 -0.225000 0.000000
vt 2.300000 -0.225000 0.000000
vt 2.300000 -0.125000 0.000000
vt 0.000000 -0.125000 0.000000
vt 0.000000 -0.225000 0.000000
vt 2.300000 -0.225000 0.000000
vt 2.300000 -0.125000 0.000000
vt 0.000000 -0.125000 0.000000
vt 0.050000 -3.800000 0.000000
vt 2.350000 -3.800000 0.000000
vt 2.350000 -3.700000 0.000000
vt 0.050000 -3.700000 0.000000
vt -2.350000 -3.800000 0.000000
vt -0.050000 -3.800000 0.000000
vt -0.050000 -3.700000 0.000000
vt -2.350000 -3.700000 0.000000
vt 0.000000 -0.225000 0.000000
vt 2.300000 -0.225000 0.000000
vt 2.300000 -0.125000 0.000000
vt 0.000000 -0.125000 0.000000
vt 0.000000 -0.225000 0.000000
vt 2.300000 -0.225000 0.000000
vt 2.300000 -0.125000 0.000000
vt 0.000000 -0.125000 0.000000
vt 0.000000 -0.225000 0.000000
vt 2.300000 -0.225000 0.000000
vt 2.300000 -0.125000 0.000000
vt 0.000000 -0.125000 0.000000
vt 0.000000 -0.225000 0.000000
vt 2.300000 -0.225000 0.000000
vt 2.300000 -0.125000 0.000000
vt 0.000000 -0.125000 0.000000
vt 0.050000 3.700000 0.000000
vt 2.350000 3.700000 0.000000
vt 2.350000 3.800000 0.000000
vt 0.050000 3.800000 0.000000
vt 2.350000 5.300000 0.000000
vt 0.050000 5.300000 0.000000
vt 0.050000 5.200000 0.000000
vt 2.350000 5.200000 0.000000
vt 0.000000 -0.225000 0.000000
vt 2.300000 -0.225000 0.000000
vt 2.300000 -0.125000 0.000000
vt 0.000000 -0.125000 0.000000
vt 0.000000 -0.225000 0.000000
vt 2.300000 -0.225000 0.000000
vt 2.300000 -0.125000 0.000000
vt 0.000000 -0.125000 0.000000
vt 0.000000 -0.225000 0.000000
vt 2.300000 -0.225000 0.000000
vt 2.300000 -0.125000 0.000000
vt 0.000000 -0.125000 0.000000
vt 0.000000 -0.225000 0.000000
vt 2.300000 -0.225000 0.000000
vt 2.300000 -0.125000 0.000000
vt 0.000000 -0.125000 0.000000
vt 0.050000 2.200000 0.000000
vt 2.350000 2.200000 0.000000
vt 2.350000 2.300000 0.000000
vt 0.050000 2.300000 0.000000
vt -2.350000 0.700000 0.000000
vt -0.050000 0.700000 0.000000
vt -0.050000 0.800000 0.000000
vt -2.350000 0.800000 0.000000
vt 0.000000 -0.225000 0.000000
vt 2.300000 -0.225000 0.000000
vt 2.300000 -0.125000 0.000000
vt 0.000000 -0.125000 0.000000
vt 0.000000 -0.225000 0.000000
vt 2.300000 -0.225000 0.000000
vt 2.300000 -0.125000 0.000000
vt 0.000000 -0.125000 0.000000
vt 0.000000 -0.225000 0.000000
vt 2.300000 -0.225000 0.000000
vt 2.300000 -0.125000 0.000000
vt 0.000000 -0.125000 0.000000
vt 0.000000 -0.225000 0.000000
vt 2.300000 -0.225000 0.000000
vt 2.300000 -0.125000 0.000000
vt 0.000000 -0.125000 0.000000
vt -2.450000 -3.700000 0.000000
vt -4.750000 -3.700000 0.000000
vt -4.750000 -2.300000 0.000000
vt -2.450000 -2.300000 0.000000
vt -2.450000 -2.200000 0.000000
vt -4.750000 -2.200000 0.000000
vt -4.750000 -0.800000 0.000000
vt -2.450000 -0.800000 0.000000
vt -2.450000 -0.700000 0.000000
vt -4.750000 -0.700000 0.000000
vt -4.750000 0.700000 0.000000
vt -2.450000 0.700000 0.000000
vt -2.450000 0.800000 0.000000
vt -4.750000 0.800000 0.000000
vt -4.750000 2.200000 0.000000
vt -2.450000 2.200000 0.000000
vt -2.450000 2.300000 0.000000
vt -4.750000 2.300000 0.000000
vt -4.750000 3.700000 0.000000
vt -2.450000 3.700000 0.000000
vt -2.450000 3.800000 0.000000
vt -4.750000 3.800000 0.000000
vt -4.750000 5.200000 0.000000
vt -2.450000 5.200000 0.000000
vt -2.450000 5.300000 0.000000
vt -4.750000 5.300000 0.000000
vt -4.750000 6.950000 0.000000
vt -5.000000 6.950000 0.000000
vt -5.000000 -13.050000 0.000000
vt -4.750000 -13.050000 0.000000
vt -4.750000 -5.300000 0.000000
vt -2.450000 -5.300000 0.000000
vt -2.450000 -6.700000 0.000000
vt -2.350000 -6.700000 0.000000
vt -2.350000 -5.300000 0.000000
vt -0.050000 -5.300000 0.000000
vt -0.050000 -6.700000 0.000000
vt 0.050000 -6.700000 0.000000
vt 0.050000 -5.300000 0.000000
vt 2.350000 -5.300000 0.000000
vt 2.350000 -6.700000 0.000000
vt 2.450000 -6.700000 0.000000
vt 2.450000 -5.300000 0.000000
vt 4.750000 -5.300000 0.000000
vt 4.750000 -13.050000 0.000000
vt 5.000000 -13.050000 0.000000
vt 5.000000 6.950000 0.000000
vt 4.750000 6.950000 0.000000
vt 4.750000 5.300000 0.000000
vt 2.450000 5.300000 0.000000
vt 2.450000 6.700000 0.000000
vt 2.350000 6.700000 0.000000
vt 2.350000 5.300000 0.000000
vt 0.050000 5.300000 0.000000
vt 0.050000 6.700000 0.000000
vt -0.050000 6.700000 0.000000
vt -0.050000 5.300000 0.000000
vt -2.350000 5.300000 0.000000
vt -2.350000 6.700000 0.000000
vt -2.450000 6.700000 0.000000
vt -2.350000 5.200000 0.000000
vt -0.050000 5.200000 0.000000
vt -0.050000 3.800000 0.000000
vt -2.350000 3.800000 0.000000
vt -2.350000 3.700000 0.000000
vt -0.050000 3.700000 0.000000
vt -0.050000 2.300000 0.000000
vt -2.350000 2.300000 0.000000
vt -2.350000 2.200000 0.000000
vt -0.050000 2.200000 0.000000
vt -0.050000 0.800000 0.000000
vt -2.350000 0.800000 0.000000
vt -2.350000 0.700000 0.000000
vt -0.050000 0.700000 0.000000
vt -0.050000 -0.700000 0.000000
vt -2.350000 -0.700000 0.000000
vt -2.350000 -0.800000 0.000000
vt -0.050000 -0.800000 0.000000
vt -0.050000 -2.200000 0.000000
vt -2.350000 -2.200000 0.000000
vt -2.350000 -2.300000 0.000000
vt -0.050000 -2.300000 0.000000
vt -0.050000 -3.700000 0.000000
vt -2.350000 -3.700000 0.000000
vt -2.350000 -3.800000 0.000000
vt -0.050000 -3.800000 0.000000
vt -0.050000 -5.200000 0.000000
vt -2.350000 -5.200000 0.000000
vt 2.450000 -3.800000 0.000000
vt 4.750000 -3.800000 0.000000
vt 4.750000 -5.200000 0.000000
vt 2.450000 -5.200000 0.000000
vt 2.450000 -2.300000 0.000000
vt 4.750000 -2.300000 0.000000
vt 4.750000 -3.700000 0.000000
vt 2.450000 -3.700000 0.000000
vt 2.450000 -0.800000 0.000000
vt 4.750000 -0.800000 0.000000
vt 4.750000 -2.200000 0.000000
vt 2.450000 -2.200000 0.000000
vt 2.450000 0.700000 0.000000
vt 4.750000 0.700000 0.000000
vt 4.750000 -0.700000 0.000000
vt 2.450000 -0.700000 0.000000
vt 2.450000 2.200000 0.000000
vt 4.750000 2.200000 0.000000
vt 4.750000 0.800000 0.000000
vt 2.450000 0.800000 0.000000
vt 2.450000 3.700000 0.000000
vt 4.750000 3.700000 0.000000
vt 4.750000 2.300000 0.000000
vt 2.450000 2.300000 0.000000
vt 2.450000 5.200000 0.000000
vt 4.750000 5.200000 0.000000
vt 4.750000 3.800000 0.000000
vt 2.450000 3.800000 0.000000
vt 0.050000 -3.800000 0.000000
vt 2.350000 -3.800000 0.000000
vt 2.350000 -5.200000 0.000000
vt 0.050000 -5.200000 0.000000
vt 0.050000 -2.300000 0.000000
vt 2.350000 -2.300000 0.000000
vt 2.350000 -3.700000 0.000000
vt 0.050000 -3.700000 0.000000
vt 0.050000 -0.800000 0.000000
vt 2.350000 -0.800000 0.000000
vt 2.350000 -2.200000 0.000000
vt 0.050000 -2.200000 0.000000
vt 0.050000 0.700000 0.000000
vt 2.350000 0.700000 0.000000
vt 2.350000 -0.700000 0.000000
vt 0.050000 -0.700000 0.000000
vt 0.050000 2.200000 0.000000
vt 2.350000 2.200000 0.000000
vt 2.350000 0.800000 0.000000
vt 0.050000 0.800000 0.000000
vt 0.050000 3.700000 0.000000
vt 2.350000 3.700000 0.000000
vt 2.350000 2.300000 0.000000
vt 0.050000 2.300000 0.000000
vt 0.050000 5.200000 0.000000
vt 2.350000 5.200000 0.000000
vt 2.350000 3.800000 0.000000
vt 0.050000 3.800000 0.000000
vt -2.450000 -3.800000 0.000000
vt -2.450000 -5.200000 0.000000
vt -4.750000 -5.200000 0.000000
vt -4.750000 -3.800000 0.000000
vt 2.350000 -0.700000 0.000000
vt 0.050000 -0.700000 0.000000
vt 0.050000 -0.800000 0.000000
vt 2.350000 -0.800000 0.000000
vt -2.350000 -2.300000 0.000000
vt -0.050000 -2.300000 0.000000
vt -0.050000 -2.200000 0.000000
vt -2.350000 -2.200000 0.000000
vt 0.000000 -0.225000 0.000000
vt 2.300000 -0.225000 0.000000
vt 2.300000 -0.125000 0.000000
vt 0.000000 -0.125000 0.000000
vt 0.000000 -0.225000 0.000000
vt 2.300000 -0.225000 0.000000
vt 2.300000 -0.125000 0.000000
vt 0.000000 -0.125000 0.000000
vt 0.000000 -0.225000 0.000000
vt 2.300000 -0.225000 0.000000
vt 2.300000 -0.125000 0.000000
vt 0.000000 -0.125000 0.000000
vt 0.000000 -0.225000 0.000000
vt 2.300000 -0.225000 0.000000
vt 2.300000 -0.125000 0.000000
vt 0.000000 -0.125000 0.000000
vt 0.050000 -5.300000 0.000000
vt 2.350000 -5.300000 0.000000
vt 2.350000 -5.200000 0.000000
vt 0.050000 -5.200000 0.000000
vt -2.350000 -5.300000 0.000000
vt -0.050000 -5.300000 0.000000
vt -0.050000 -5.200000 0.000000
vt -2.350000 -5.200000 0.000000
vt 0.000000 -0.225000 0.000000
vt 2.300000 -0.225000 0.000000
vt 2.300000 -0.125000 0.000000
vt 0.000000 -0.125000 0.000000
vt 0.000000 -0.225000 0.000000
vt 2.300000 -0.225000 0.000000
vt 2.300000 -0.125000 0.000000
vt 0.000000 -0.125000 0.000000
vt 0.000000 -0.225000 0.000000
vt 2.300000 -0.225000 0.000000
vt 2.300000 -0.125000 0.000000
vt 0.000000 -0.125000 0.000000
vt 0.000000 -0.225000 0.000000
vt 2.300000 -0.225000 0.000000
vt 2.300000 -0.125000 0.000000
vt 0.000000 -0.125000 0.000000
vt 0.050000 -2.300000 0.000000
vt 2.350000 -2.300000 0.000000
vt 2.350000 -2.200000 0.000000
vt 0.050000 -2.200000 0.000000
vt -2.350000 -0.800000 0.000000
vt -0.050000 -0.800000 0.000000
vt -0.050000 -0.700000 0.000000
vt -2.350000 -0.700000 0.000000
vt 0.000000 -0.225000 0.000000
vt 2.300000 -0.225000 0.000000
vt 2.300000 -0.125000 0.000000
vt 0.000000 -0.125000 0.000000
vt 0.000000 -0.225000 0.000000
vt 2.300000 -0.225000 0.000000
vt 2.300000 -0.125000 0.000000
vt 0.000000 -0.125000 0.000000
vt 0.000000 -0.225000 0.000000
vt 2.300000 -0.225000 0.000000
vt 2.300000 -0.125000 0.000000
vt 0.000000 -0.125000 0.000000
vt 0.000000 -0.225000 0.000000
vt 2.300000 -0.225000 0.000000
vt 2.300000 -0.125000 0.000000
vt 0.000000 -0.125000 0.000000
vt 0.050000 0.700000 0.000000
vt 2.350000 0.700000 0.000000
vt 2.350000 0.800000 0.000000
vt 0.050000 0.800000 0.000000
vt -2.350000 2.200000 0.000000
vt -0.050000 2.200000 0.000000
vt -0.050000 2.300000 0.000000
vt -2.350000 2.300000 0.000000
vt 0.000000 -0.225000 0.000000
vt 2.300000 -0.225000 0.000000
vt 2.300000 -0.125000 0.000000
vt 0.000000 -0.125000 0.000000
vt 0.000000 -0.225000 0.000000
vt 2.300000 -0.225000 0.000000
vt 2.300000 -0.125000 0.000000
vt 0.000000 -0.125000 0.000000
vt 0.000000 -0.225000 0.000000
vt 2.300000 -0.225000 0.000000
vt 2.300000 -0.125000 0.000000
vt 0.000000 -0.125000 0.000000
vt 0.000000 -0.225000 0.000000
vt 2.300000 -0.225000 0.000000
vt 2.300000 -0.125000 0.000000
vt 0.000000 -0.125000 0.000000
vt -2.350000 3.700000 0.000000
vt -0.050000 3.700000 0.000000
vt -0.050000 3.800000 0.000000
vt -2.350000 3.800000 0.000000
vt 20.000000 -0.225000 0.000000
vt 20.000000 0.225000 0.000000
vt 0.000000 0.225000 0.000000
vt 0.000000 -0.225000 0.000000
vt 0.250000 -0.225000 0.000000
vt 0.250000 0.225000 0.000000
vt 0.000000 0.225000 0.000000
vt 0.000000 0.200000 0.000000
vt -9.500000 0.200000 0.000000
vt -9.500000 0.225000 0.000000
vt -9.750000 0.225000 0.000000
vt -9.750000 -0.225000 0.000000
vt -9.500000 -0.225000 0.000000
vt -9.500000 -0.200000 0.000000
vt 0.000000 -0.200000 0.000000
vt 0.000000 -0.225000 0.000000
vt 13.650000 -0.200000 0.000000
vt 13.650000 0.200000 0.000000
vt 13.900000 0.200000 0.000000
vt 13.900000 0.150000 0.000000
vt 19.750000 0.150000 0.000000
vt 19.750000 0.200000 0.000000
vt 20.000000 0.200000 0.000000
vt 20.000000 0.225000 0.000000
vt 0.000000 0.225000 0.000000
vt 0.000000 0.200000 0.000000
vt 0.250000 0.200000 0.000000
vt 0.250000 -0.200000 0.000000
vt 0.000000 -0.200000 0.000000
vt 0.000000 -0.225000 0.000000
vt 1.650000 -0.225000 0.000000
vt 1.650000 -0.125000 0.000000
vt 1.750000 -0.125000 0.000000
vt 1.750000 -0.225000 0.000000
vt 3.150000 -0.225000 0.000000
vt 3.150000 -0.125000 0.000000
vt 3.250000 -0.125000 0.000000
vt 3.250000 -0.225000 0.000000
vt 4.650000 -0.225000 0.000000
vt 4.650000 -0.125000 0.000000
vt 4.750000 -0.125000 0.000000
vt 4.750000 -0.225000 0.000000
vt 6.150000 -0.225000 0.000000
vt 6.150000 -0.125000 0.000000
vt 6.250000 -0.125000 0.000000
vt 6.250000 -0.225000 0.000000
vt 7.650000 -0.225000 0.000000
vt 7.650000 -0.125000 0.000000
vt 7.750000 -0.125000 0.000000
vt 7.750000 -0.225000 0.000000
vt 9.150000 -0.225000 0.000000
vt 9.150000 -0.125000 0.000000
vt 9.250000 -0.125000 0.000000
vt 9.250000 -0.225000 0.000000
vt 10.650000 -0.225000 0.000000
vt 10.650000 -0.125000 0.000000
vt 10.750000 -0.125000 0.000000
vt 10.750000 -0.225000 0.000000
vt 12.150000 -0.225000 0.000000
vt 12.150000 -0.125000 0.000000
vt 12.250000 -0.125000 0.000000
vt 12.250000 -0.225000 0.000000
vt 20.000000 -0.225000 0.000000
vt 20.000000 -0.200000 0.000000
vt 19.750000 -0.200000 0.000000
vt 19.750000 -0.150000 0.000000
vt 13.900000 -0.150000 0.000000
vt 13.900000 -0.200000 0.000000
vt -0.125000 10.000000 0.000000
vt -0.125000 -10.000000 0.000000
vt 0.125000 -10.000000 0.000000
vt 0.125000 10.000000 0.000000
vt 20.000000 -0.225000 0.000000
vt 20.000000 0.225000 0.000000
vt 0.000000 0.225000 0.000000
vt 0.000000 -0.225000 0.000000
vt -0.125000 10.000000 0.000000
vt -0.125000 -10.000000 0.000000
vt 0.125000 -10.000000 0.000000
vt 0.125000 10.000000 0.000000
vt -4.750000 0.125000 0.000000
vt -4.750000 -0.125000 0.000000
vt 4.750000 -0.125000 0.000000
vt 4.750000 0.125000 0.000000
vt 9.500000 0.200000 0.000000
vt 0.000000 0.200000 0.000000
vt 0.000000 -0.200000 0.000000
vt 2.300000 -0.200000 0.000000
vt 2.300000 -0.075000 0.000000
vt 2.400000 -0.075000 0.000000
vt 2.400000 -0.200000 0.000000
vt 4.700000 -0.200000 0.000000
vt 4.700000 -0.075000 0.000000
vt 4.800000 -0.075000 0.000000
vt 4.800000 -0.200000 0.000000
vt 7.100000 -0.200000 0.000000
vt 7.100000 -0.075000 0.000000
vt 7.200000 -0.075000 0.000000
vt 7.200000 -0.200000 0.000000
vt 9.500000 -0.200000 0.000000
vt 4.750000 -0.125000 0.000000
vt 4.750000 0.125000 0.000000
vt -4.750000 0.125000 0.000000
vt -4.750000 -0.125000 0.000000
vt -2.450000 -0.125000 0.000000
vt -2.350000 -0.125000 0.000000
vt -0.050000 -0.125000 0.000000
vt 0.050000 -0.125000 0.000000
vt 2.350000 -0.125000 0.000000
vt 2.450000 -0.125000 0.000000
vt 4.750000 -0.125000 0.000000
vt 4.750000 0.125000 0.000000
vt -4.750000 0.125000 0.000000
vt -4.750000 -0.125000 0.000000
vt 0.000000 0.150000 0.000000
vt 9.500000 0.150000 0.000000
vt 9.500000 0.200000 0.000000
vt 0.000000 0.200000 0.000000
vt -4.750000 0.125000 0.000000
vt -4.750000 -0.125000 0.000000
vt 4.750000 -0.125000 0.000000
vt 4.750000 0.125000 0.000000
vt 2.450000 0.125000 0.000000
vt 2.350000 0.125000 0.000000
vt 0.050000 0.125000 0.000000
vt -0.050000 0.125000 0.000000
vt -2.350000 0.125000 0.000000
vt -2.450000 0.125000 0.000000
vt 4.750000 -0.125000 0.000000
vt 4.750000 0.125000 0.000000
vt -4.750000 0.125000 0.000000
vt -4.750000 -0.125000 0.000000
vt 0.000000 0.150000 0.000000
vt 9.500000 0.150000 0.000000
vt 9.500000 0.200000 0.000000
vt 0.000000 0.200000 0.000000
vt -4.750000 0.125000 0.000000
vt -4.750000 -0.125000 0.000000
vt 4.750000 -0.125000 0.000000
vt 4.750000 0.125000 0.000000
vt 9.500000 -0.150000 0.000000
vt 0.000000 -0.150000 0.000000
vt 0.000000 -0.200000 0.000000
vt 9.500000 -0.200000 0.000000
vt 9.500000 -0.150000 0.000000
vt 0.000000 -0.150000 0.000000
vt 0.000000 -0.200000 0.000000
vt 9.500000 -0.200000 0.000000
vt -4.750000 2.925000 0.000000
vt -4.750000 -2.925000 0.000000
vt 4.750000 -2.925000 0.000000
vt 4.750000 2.925000 0.000000
vt 4.750000 -2.925000 0.000000
vt 4.750000 2.925000 0.000000
vt -4.750000 2.925000 0.000000
vt -4.750000 -2.925000 0.000000
vt 10.000000 -0.225000 0.000000
vt 10.000000 0.225000 0.000000
vt 9.750000 0.225000 0.000000
vt 9.750000 0.200000 0.000000
vt 0.250000 0.200000 0.000000
vt 0.250000 0.225000 0.000000
vt 0.000000 0.225000 0.000000
vt 0.000000 -0.225000 0.000000
vt 0.250000 -0.225000 0.000000
vt 0.250000 -0.200000 0.000000
vt 9.750000 -0.200000 0.000000
vt 9.750000 -0.225000 0.000000
vt 4.750000 -5.200000 0.000000
vt 2.450000 -5.200000 0.000000
vt 2.450000 -5.300000 0.000000
vt 4.750000 -5.300000 0.000000
vt -2.450000 -5.200000 0.000000
vt -4.750000 -5.200000 0.000000
vt -4.750000 -5.300000 0.000000
vt -2.450000 -5.300000 0.000000
vt -2.450000 3.800000 0.000000
vt -4.750000 3.800000 0.000000
vt -4.750000 3.700000 0.000000
vt -2.450000 3.700000 0.000000
vt -2.450000 5.300000 0.000000
vt -4.750000 5.300000 0.000000
vt -4.750000 5.200000 0.000000
vt -2.450000 5.200000 0.000000
vt 4.750000 0.800000 0.000000
vt 2.450000 0.800000 0.000000
vt 2.450000 0.700000 0.000000
vt 4.750000 0.700000 0.000000
vt -2.450000 2.300000 0.000000
vt -4.750000 2.300000 0.000000
vt -4.750000 2.200000 0.000000
vt -2.450000 2.200000 0.000000
vt 4.750000 -2.200000 0.000000
vt 2.450000 -2.200000 0.000000
vt 2.450000 -2.300000 0.000000
vt 4.750000 -2.300000 0.000000
vt 4.750000 -3.700000 0.000000
vt 2.450000 -3.700000 0.000000
vt 2.450000 -3.800000 0.000000
vt 4.750000 -3.800000 0.000000
vt -2.450000 -0.700000 0.000000
vt -4.750000 -0.700000 0.000000
vt -4.750000 -0.800000 0.000000
vt -2.450000 -0.800000 0.000000
vt -2.450000 -3.700000 0.000000
vt -4.750000 -3.700000 0.000000
vt -4.750000 -3.800000 0.000000
vt -2.450000 -3.800000 0.000000
vt 4.750000 -0.700000 0.000000
vt 2.450000 -0.700000 0.000000
vt 2.450000 -0.800000 0.000000
vt 4.750000 -0.800000 0.000000
vt -2.450000 -2.200000 0.000000
vt -4.750000 -2.200000 0.000000
vt -4.750000 -2.300000 0.000000
vt -2.450000 -2.300000 0.000000
vt 4.750000 3.800000 0.000000
vt 2.450000 3.800000 0.000000
vt 2.450000 3.700000 0.000000
vt 4.750000 3.700000 0.000000
vt 4.750000 5.300000 0.000000
vt 2.450000 5.300000 0.000000
vt 2.450000 5.200000 0.000000
vt 4.750000 5.200000 0.000000
vt 4.750000 2.300000 0.000000
vt 2.450000 2.300000 0.000000
vt 2.450000 2.200000 0.000000
vt 4.750000 2.200000 0.000000
vt -2.450000 0.800000 0.000000
vt -4.750000 0.800000 0.000000
vt -4.750000 0.700000 0.000000
vt -2.450000 0.700000 0.000000
vt 19.750000 -0.200000 0.000000
vt 19.750000 0.200000 0.000000
vt 20.000000 0.200000 0.000000
vt 20.000000 0.225000 0.000000
vt 0.000000 0.225000 0.000000
vt 0.000000 0.200000 0.000000
vt 0.250000 0.200000 0.000000
vt 0.250000 0.150000 0.000000
vt 6.100000 0.150000 0.000000
vt 6.100000 0.200000 0.000000
vt 6.350000 0.200000 0.000000
vt 6.350000 -0.200000 0.000000
vt 6.100000 -0.200000 0.000000
vt 6.100000 -0.150000 0.000000
vt 0.250000 -0.150000 0.000000
vt 0.250000 -0.200000 0.000000
vt 0.000000 -0.200000 0.000000
vt 0.000000 -0.225000 0.000000
vt 7.750000 -0.225000 0.000000
vt 7.750000 -0.125000 0.000000
vt 7.850000 -0.125000 0.000000
vt 7.850000 -0.225000 0.000000
vt 9.250000 -0.225000 0.000000
vt 9.250000 -0.125000 0.000000
vt 9.350000 -0.125000 0.000000
vt 9.350000 -0.225000 0.000000
vt 10.750000 -0.225000 0.000000
vt 10.750000 -0.125000 0.000000
vt 10.850000 -0.125000 0.000000
vt 10.850000 -0.225000 0.000000
vt 12.250000 -0.225000 0.000000
vt 12.250000 -0.125000 0.000000
vt 12.350000 -0.125000 0.000000
vt 12.350000 -0.225000 0.000000
vt 13.750000 -0.225000 0.000000
vt 13.750000 -0.125000 0.000000
vt 13.850000 -0.125000 0.000000
vt 13.850000 -0.225000 0.000000
vt 15.250000 -0.225000 0.000000
vt 15.250000 -0.125000 0.000000
vt 15.350000 -0.125000 0.000000
vt 15.350000 -0.225000 0.000000
vt 16.750000 -0.225000 0.000000
vt 16.750000 -0.125000 0.000000
vt 16.850000 -0.125000 0.000000
vt 16.850000 -0.225000 0.000000
vt 18.250000 -0.225000 0.000000
vt 18.250000 -0.125000 0.000000
vt 18.350000 -0.125000 0.000000
vt 18.350000 -0.225000 0.000000
vt 20.000000 -0.225000 0.000000
vt 20.000000 -0.200000 0.000000
vt 0.000000 -0.225000 0.000000
vt 2.300000 -0.225000 0.000000
vt 2.300000 -0.125000 0.000000
vt 0.000000 -0.125000 0.000000
vt 0.000000 -0.225000 0.000000
vt 2.300000 -0.225000 0.000000
vt 2.300000 -0.125000 0.000000
vt 0.000000 -0.125000 0.000000
vt 0.000000 -0.225000 0.000000
vt 2.300000 -0.225000 0.000000
vt 2.300000 -0.125000 0.000000
vt 0.000000 -0.125000 0.000000
vt 0.000000 -0.225000 0.000000
vt 2.300000 -0.225000 0.000000
vt 2.300000 -0.125000 0.000000
vt 0.000000 -0.125000 0.000000
vt 0.000000 -0.225000 0.000000
vt 2.300000 -0.225000 0.000000
vt 2.300000 -0.125000 0.000000
vt 0.000000 -0.125000 0.000000
vt 0.000000 -0.225000 0.000000
vt 2.300000 -0.225000 0.000000
vt 2.300000 -0.125000 0.000000
vt 0.000000 -0.125000 0.000000
vt 0.000000 -0.225000 0.000000
vt 2.300000 -0.225000 0.000000
vt 2.300000 -0.125000 0.000000
vt 0.000000 -0.125000 0.000000
vt 0.000000 -0.225000 0.000000
vt 2.300000 -0.225000 0.000000
vt 2.300000 -0.125000 0.000000
vt 0.000000 -0.125000 0.000000
vt 0.000000 -0.225000 0.000000
vt 2.300000 -0.225000 0.000000
vt 2.300000 -0.125000 0.000000
vt 0.000000 -0.125000 0.000000
vt 0.000000 -0.225000 0.000000
vt 2.300000 -0.225000 0.000000
vt 2.300000 -0.125000 0.000000
vt 0.000000 -0.125000 0.000000
vt 0.000000 -0.225000 0.000000
vt 2.300000 -0.225000 0.000000
vt 2.300000 -0.125000 0.000000
vt 0.000000 -0.125000 0.000000
vt 0.000000 -0.225000 0.000000
vt 2.300000 -0.225000 0.000000
vt 2.300000 -0.125000 0.000000
vt 0.000000 -0.125000 0.000000
vt 0.000000 -0.225000 0.000000
vt 2.300000 -0.225000 0.000000
vt 2.300000 -0.125000 0.000000
vt 0.000000 -0.125000 0.000000
vt 0.000000 -0.225000 0.000000
vt 2.300000 -0.225000 0.000000
vt 2.300000 -0.125000 0.000000
vt 0.000000 -0.125000 0.000000
vt 0.000000 -0.225000 0.000000
vt 2.300000 -0.225000 0.000000
vt 2.300000 -0.125000 0.000000
vt 0.000000 -0.125000 0.000000
vt 0.000000 -0.225000 0.000000
vt 2.300000 -0.225000 0.000000
vt 2.300000 -0.125000 0.000000
vt 0.000000 -0.125000 0.000000
vt 0.000000 -0.225000 0.000000
vt 2.300000 -0.225000 0.000000
vt 2.300000 -0.125000 0.000000
vt 0.000000 -0.125000 0.000000
vt 0.000000 -0.225000 0.000000
vt 2.300000 -0.225000 0.000000
vt 2.300000 -0.125000 0.000000
vt 0.000000 -0.125000 0.000000
vt 0.000000 -0.225000 0.000000
vt 2.300000 -0.225000 0.000000
vt 2.300000 -0.125000 0.000000
vt 0.000000 -0.125000 0.000000
vt 0.000000 -0.225000 0.000000
vt 2.300000 -0.225000 0.000000
vt 2.300000 -0.125000 0.000000
vt 0.000000 -0.125000 0.000000
vt 0.000000 -0.225000 0.000000
vt 2.300000 -0.225000 0.000000
vt 2.300000 -0.125000 0.000000
vt 0.000000 -0.125000 0.000000
vt 0.000000 -0.225000 0.000000
vt 2.300000 -0.225000 0.000000
vt 2.300000 -0.125000 0.000000
vt 0.000000 -0.125000 0.000000
vt 0.000000 -0.225000 0.000000
vt 2.300000 -0.225000 0.000000
vt 2.300000 -0.125000 0.000000
vt 0.000000 -0.125000 0.000000
vt 0.000000 -0.225000 0.000000
vt 2.300000 -0.225000 0.000000
vt 2.300000 -0.125000 0.000000
vt 0.000000 -0.125000 0.000000
vt 0.000000 -0.225000 0.000000
vt 2.300000 -0.225000 0.000000
vt 2.300000 -0.125000 0.000000
vt 0.000000 -0.125000 0.000000
vt 0.000000 -0.225000 0.000000
vt 2.300000 -0.225000 0.000000
vt 2.300000 -0.125000 0.000000
vt 0.000000 -0.125000 0.000000
vt 0.000000 -0.225000 0.000000
vt 2.300000 -0.225000 0.000000
vt 2.300000 -0.125000 0.000000
vt 0.000000 -0.125000 0.000000
vt 0.000000 -0.225000 0.000000
vt 2.300000 -0.225000 0.000000
vt 2.300000 -0.125000 0.000000
vt 0.000000 -0.125000 0.000000
vt 0.000000 -0.225000 0.000000
vt 2.300000 -0.225000 0.000000
vt 2.300000 -0.125000 0.000000
vt 0.000000 -0.125000 0.000000
vt 0.000000 -0.225000 0.000000
vt 2.300000 -0.225000 0.000000
vt 2.300000 -0.125000 0.000000
vt 0.000000 -0.125000 0.000000
vt 0.000000 -0.225000 0.000000
vt 2.300000 -0.225000 0.000000
vt 2.300000 -0.125000 0.000000
vt 0.000000 -0.125000 0.000000
vt 0.000000 -0.225000 0.000000
vt 2.300000 -0.225000 0.000000
vt 2.300000 -0.125000 0.000000
vt 0.000000 -0.125000 0.000000
vn 0.100000 0.000000 0.000000
vn 0.100000 0.000000 0.000000
vn 0.100000 0.000000 0.000000
vn 0.100000 0.000000 0.000000
vn 0.100000 0.000000 0.000000
vn 0.100000 0.000000 0.000000
vn 0.100000 0.000000 0.000000
vn 0.100000 0.000000 0.000000
vn 0.100000 0.000000 0.000000
vn 0.100000 0.000000 0.000000
vn 0.100000 0.000000 0.000000
vn 0.100000 0.000000 0.000000
vn 0.100000 0.000000 0.000000
vn 0.100000 0.000000 0.000000
vn 0.100000 0.000000 0.000000
vn 0.100000 0.000000 0.000000
vn 0.100000 0.000000 0.000000
vn 0.100000 0.000000 0.000000
vn 0.100000 0.000000 0.000000
vn 0.100000 0.000000 0.000000
vn 0.100000 0.000000 0.000000
vn 0.100000 0.000000 0.000000
vn 0.100000 0.000000 0.000000
vn 0.100000 0.000000 0.000000
vn 0.100000 0.000000 0.000000
vn 0.100000 0.000000 0.000000
vn 0.100000 0.000000 0.000000
vn 0.100000 0.000000 0.000000
vn 0.100000 0.000000 0.000000
vn 0.100000 0.000000 0.000000
vn 0.100000 0.000000 0.000000
vn 0.100000 0.000000 0.000000
vn 0.100000 0.000000 0.000000
vn 0.100000 0.000000 0.000000
vn 0.100000 0.000000 0.000000
vn 0.100000 0.000000 0.000000
vn 0.100000 0.000000 0.000000
vn 0.100000 0.000000 0.000000
vn -0.100000 0.000000 0.000000
vn -0.100000 0.000000 0.000000
vn -0.100000 0.000000 0.000000
vn -0.100000 0.000000 0.000000
vn -0.100000 0.000000 0.000000
vn -0.100000 0.000000 0.000000
vn -0.100000 0.000000 0.000000
vn -0.100000 0.000000 0.000000
vn -0.100000 0.000000 0.000000
vn -0.100000 0.000000 0.000000
vn -0.100000 0.000000 0.000000
vn -0.100000 0.000000 0.000000
vn -0.100000 0.000000 0.000000
vn -0.100000 0.000000 0.000000
vn -0.100000 0.000000 0.000000
vn -0.100000 0.000000 0.000000
vn -0.100000 0.000000 0.000000
vn -0.100000 0.000000 0.000000
vn -0.100000 0.000000 0.000000
vn -0.100000 0.000000 0.000000
vn -0.100000 0.000000 0.000000
vn -0.100000 0.000000 0.000000
vn -0.100000 0.000000 0.000000
vn -0.100000 0.000000 0.000000
vn -0.100000 0.000000 0.000000
vn -0.100000 0.000000 0.000000
vn -0.100000 0.000000 0.000000
vn -0.100000 0.000000 0.000000
vn -0.100000 0.000000 0.000000
vn -0.100000 0.000000 0.000000
vn -0.100000 0.000000 0.000000
vn -0.100000 0.000000 0.000000
vn -0.100000 0.000000 0.000000
vn -0.100000 0.000000 0.000000
vn -0.100000 0.000000 0.000000
vn -0.100000 0.000000 0.000000
vn -0.100000 0.000000 0.000000
vn -0.100000 0.000000 0.000000
vn 0.000000 0.100000 0.000000
vn 0.000000 0.100000 0.000000
vn 0.000000 0.100000 0.000000
vn 0.000000 0.100000 0.000000
vn 0.000000 -0.100000 0.000000
vn 0.000000 -0.100000 0.000000
vn 0.000000 -0.100000 0.000000
vn 0.000000 -0.100000 0.000000
vn 0.100000 0.000000 0.000000
vn 0.100000 0.000000 0.000000
vn 0.100000 0.000000 0.000000
vn 0.100000 0.000000 0.000000
vn 0.100000 0.000000 0.000000
vn 0.100000 0.000000 0.000000
vn 0.100000 0.000000 0.000000
vn 0.100000 0.000000 0.000000
vn 0.100000 0.000000 0.000000
vn 0.100000 0.000000 0.000000
vn 0.100000 0.000000 0.000000
vn 0.100000 0.000000 0.000000
vn 0.100000 0.000000 0.000000
vn 0.100000 0.000000 0.000000
vn 0.100000 0.000000 0.000000
vn 0.100000 0.000000 0.000000
vn 0.100000 0.000000 0.000000
vn 0.100000 0.000000 0.000000
vn 0.100000 0.000000 0.000000
vn 0.100000 0.000000 0.000000
vn 0.100000 0.000000 0.000000
vn 0.100000 0.000000 0.000000
vn 0.100000 0.000000 0.000000
vn 0.100000 0.000000 0.000000
vn 0.100000 0.000000 0.000000
vn 0.100000 0.000000 0.000000
vn 0.100000 0.000000 0.000000
vn 0.100000 0.000000 0.000000
vn 0.100000 0.000000 0.000000
vn 0.100000 0.000000 0.000000
vn 0.100000 0.000000 0.000000
vn 0.100000 0.000000 0.000000
vn 0.100000 0.000000 0.000000
vn 0.100000 0.000000 0.000000
vn 0.100000 0.000000 0.000000
vn 0.100000 0.000000 0.000000
vn 0.100000 0.000000 0.000000
vn 0.100000 0.000000 0.000000
vn -0.100000 0.000000 0.000000
vn -0.100000 0.000000 0.000000
vn -0.100000 0.000000 0.000000
vn -0.100000 0.000000 0.000000
vn -0.100000 0.000000 0.000000
vn -0.100000 0.000000 0.000000
vn -0.100000 0.000000 0.000000
vn -0.100000 0.000000 0.000000
vn -0.100000 0.000000 0.000000
vn -0.100000 0.000000 0.000000
vn -0.100000 0.000000 0.000000
vn -0.100000 0.000000 0.000000
vn -0.100000 0.000000 0.000000
vn -0.100000 0.000000 0.000000
vn -0.100000 0.000000 0.000000
vn -0.100000 0.000000 0.000000
vn -0.100000 0.000000 0.000000
vn -0.100000 0.000000 0.000000
vn -0.100000 0.000000 0.000000
vn -0.100000 0.000000 0.000000
vn -0.100000 0.000000 0.000000
vn -0.100000 0.000000 0.000000
vn -0.100000 0.000000 0.000000
vn -0.100000 0.000000 0.000000
vn -0.100000 0.000000 0.000000
vn -0.100000 0.000000 0.000000
vn -0.100000 0.000000 0.000000
vn -0.100000 0.000000 0.000000
vn -0.100000 0.000000 0.000000
vn -0.100000 0.000000 0.000000
vn -0.100000 0.000000 0.000000
vn -0.100000 0.000000 0.000000
vn -0.100000 0.000000 0.000000
vn -0.100000 0.000000 0.000000
vn -0.100000 0.000000 0.000000
vn -0.100000 0.000000 0.000000
vn -0.100000 0.000000 0.000000
vn -0.100000 0.000000 0.000000
vn 0.000000 0.100000 0.000000
vn 0.000000 0.100000 0.000000
vn 0.000000 0.100000 0.000000
vn 0.000000 0.100000 0.000000
vn 0.000000 -0.100000 0.000000
vn 0.000000 -0.100000 0.000000
vn 0.000000 -0.100000 0.000000
vn 0.000000 -0.100000 0.000000
vn 0.100000 0.000000 0.000000
vn 0.100000 0.000000 0.000000
vn 0.100000 0.000000 0.000000
vn 0.100000 0.000000 0.000000
vn 0.100000 0.000000 0.000000
vn 0.100000 0.000000 0.000000
vn 0.100000 0.000000 0.000000
vn 0.100000 0.000000 0.000000
vn 0.100000 0.000000 0.000000
vn 0.100000 0.000000 0.000000
vn 0.100000 0.000000 0.000000
vn 0.100000 0.000000 0.000000
vn 0.100000 0.000000 0.000000
vn 0.100000 0.000000 0.000000
vn 0.100000 0.000000 0.000000
vn 0.100000 0.000000 0.000000
vn 0.100000 0.000000 0.000000
vn 0.100000 0.000000 0.000000
vn 0.100000 0.000000 0.000000
vn 0.100000 0.000000 0.000000
vn 0.100000 0.000000 0.000000
vn 0.100000 0.000000 0.000000
vn 0.100000 0.000000 0.000000
vn 0.100000 0.000000 0.000000
vn 0.100000 0.000000 0.000000
vn 0.100000 0.000000 0.000000
vn 0.100000 0.000000 0.000000
vn 0.100000 0.000000 0.000000
vn 0.100000 0.000000 0.000000
vn 0.100000 0.000000 0.000000
vn 0.100000 0.000000 0.000000
vn 0.100000 0.000000 0.000000
vn 0.100000 0.000000 0.000000
vn 0.100000 0.000000 0.000000
vn 0.100000 0.000000 0.000000
vn 0.100000 0.000000 0.000000
vn 0.100000 0.000000 0.000000
vn 0.100000 0.000000 0.000000
vn -0.100000 0.000000 0.000000
vn -0.100000 0.000000 0.000000
vn -0.100000 0.000000 0.000000
vn -0.100000 0.000000 0.000000
vn -0.100000 0.000000 0.000000
vn -0.100000 0.000000 0.000000
vn -0.100000 0.000000 0.000000
vn -0.100000 0.000000 0.000000
vn -0.100000 0.000000 0.000000
vn -0.100000 0.000000 0.000000
vn -0.100000 0.000000 0.000000
vn -0.100000 0.000000 0.000000
vn -0.100000 0.000000 0.000000
vn -0.100000 0.000000 0.000000
vn -0.100000 0.000000 0.000000
vn -0.100000 0.000000 0.000000
vn -0.100000 0.000000 0.000000
vn -0.100000 0.000000 0.000000
vn -0.100000 0.000000 0.000000
vn -0.100000 0.000000 0.000000
vn -0.100000 0.000000 0.000000
vn -0.100000 0.000000 0.000000
vn -0.100000 0.000000 0.000000
vn -0.100000 0.000000 0.000000
vn -0.100000 0.000000 0.000000
vn -0.100000 0.000000 0.000000
vn -0.100000 0.000000 0.000000
vn -0.100000 0.000000 0.000000
vn -0.100000 0.000000 0.000000
vn -0.100000 0.000000 0.000000
vn -0.100000 0.000000 0.000000
vn -0.100000 0.000000 0.000000
vn -0.100000 0.000000 0.000000
vn -0.100000 0.000000 0.000000
vn -0.100000 0.000000 0.000000
vn -0.100000 0.000000 0.000000
vn -0.100000 0.000000 0.000000
vn -0.100000 0.000000 0.000000
vn 0.000000 0.100000 0.000000
vn 0.000000 0.100000 0.000000
vn 0.000000 0.100000 0.000000
vn 0.000000 0.100000 0.000000
vn 0.000000 -0.100000 0.000000
vn 0.000000 -0.100000 0.000000
vn 0.000000 -0.100000 0.000000
vn 0.000000 -0.100000 0.000000
vn 0.000000 0.100000 0.000000
vn 0.000000 0.100000 0.000000
vn 0.000000 0.100000 0.000000
vn 0.000000 0.100000 0.000000
vn 0.000000 0.100000 0.000000
vn 0.000000 0.100000 0.000000
vn 0.000000 0.100000 0.000000
vn 0.000000 0.100000 0.000000
vn 0.000000 0.100000 0.000000
vn 0.000000 0.100000 0.000000
vn 0.000000 0.100000 0.000000
vn 0.000000 0.100000 0.000000
vn 0.000000 0.100000 0.000000
vn 0.000000 0.100000 0.000000
vn 0.000000 0.100000 0.000000
vn 0.000000 0.100000 0.000000
vn 0.000000 0.000000 0.100000
vn 0.000000 0.000000 0.100000
vn 0.000000 0.000000 0.100000
vn 0.000000 0.000000 0.100000
vn 0.000000 0.000000 0.100000
vn 0.000000 0.000000 0.100000
vn 0.000000 0.000000 0.100000
vn 0.000000 0.000000 0.100000
vn 0.000000 0.000000 0.100000
vn 0.000000 0.000000 0.100000
vn 0.000000 0.000000 0.100000
vn 0.000000 0.000000 0.100000
vn 0.000000 0.100000 0.000000
vn 0.000000 0.100000 0.000000
vn 0.000000 0.100000 0.000000
vn 0.000000 0.100000 0.000000
vn 0.000000 -0.100000 0.000000
vn 0.000000 -0.100000 0.000000
vn 0.000000 -0.100000 0.000000
vn 0.000000 -0.100000 0.000000
vn 0.000000 0.000000 0.100000
vn 0.000000 0.000000 0.100000
vn 0.000000 0.000000 0.100000
vn 0.000000 0.000000 0.100000
vn 0.000000 0.100000 0.000000
vn 0.000000 0.100000 0.000000
vn 0.000000 0.100000 0.000000
vn 0.000000 0.100000 0.000000
vn 0.000000 -0.100000 0.000000
vn 0.000000 -0.100000 0.000000
vn 0.000000 -0.100000 0.000000
vn 0.000000 -0.100000 0.000000
vn 0.000000 0.000000 0.100000
vn 0.000000 0.000000 0.100000
vn 0.000000 0.000000 0.100000
vn 0.000000 0.000000 0.100000
vn 0.000000 0.000000 0.100000
vn 0.000000 0.000000 0.100000
vn 0.000000 0.000000 0.100000
vn 0.000000 0.000000 0.100000
vn 0.000000 -0.100000 0.000000
vn 0.000000 -0.100000 0.000000
vn 0.000000 -0.100000 0.000000
vn 0.000000 -0.100000 0.000000
vn 0.000000 0.100000 0.000000
vn 0.000000 0.100000 0.000000
vn 0.000000 0.100000 0.000000
vn 0.000000 0.100000 0.000000
vn 0.000000 0.100000 0.000000
vn 0.000000 0.100000 0.000000
vn 0.000000 0.100000 0.000000
vn 0.000000 0.100000 0.000000
vn 0.000000 -0.100000 0.000000
vn 0.000000 -0.100000 0.000000
vn 0.000000 -0.100000 0.000000
vn 0.000000 -0.100000 0.000000
vn 0.000000 0.000000 0.100000
vn 0.000000 0.000000 0.100000
vn 0.000000 0.000000 0.100000
vn 0.000000 0.000000 0.100000
vn 0.000000 0.000000 0.100000
vn 0.000000 0.000000 0.100000
vn 0.000000 0.000000 0.100000
vn 0.000000 0.000000 0.100000
vn 0.000000 0.100000 0.000000
vn 0.000000 0.100000 0.000000
vn 0.000000 0.100000 0.000000
vn 0.000000 0.100000 0.000000
vn 0.000000 -0.100000 0.000000
vn 0.000000 -0.100000 0.000000
vn 0.000000 -0.100000 0.000000
vn 0.000000 -0.100000 0.000000
vn 0.000000 0.100000 0.000000
vn 0.000000 0.100000 0.000000
vn 0.000000 0.100000 0.000000
vn 0.000000 0.100000 0.000000
vn 0.000000 -0.100000 0.000000
vn 0.000000 -0.100000 0.000000
vn 0.000000 -0.100000 0.000000
vn 0.000000 -0.100000 0.000000
vn 0.000000 0.000000 0.100000
vn 0.000000 0.000000 0.100000
vn 0.000000 0.000000 0.100000
vn 0.000000 0.000000 0.100000
vn 0.000000 0.000000 0.100000
vn 0.000000 0.000000 0.100000
vn 0.000000 0.000000 0.100000
vn 0.000000 0.000000 0.100000
vn 0.000000 -0.100000 0.000000
vn 0.000000 -0.100000 0.000000
vn 0.000000 -0.100000 0.000000
vn 0.000000 -0.100000 0.000000
vn 0.000000 0.100000 0.000000
vn 0.000000 0.100000 0.000000
vn 0.000000 0.100000 0.000000
vn 0.000000 0.100000 0.000000
vn 0.000000 -0.100000 0.000000
vn 0.000000 -0.100000 0.000000
vn 0.000000 -0.100000 0.000000
vn 0.000000 -0.100000 0.000000
vn 0.000000 0.100000 0.000000
vn 0.000000 0.100000 0.000000
vn 0.000000 0.100000 0.000000
vn 0.000000 0.100000 0.000000
vn 0.000000 0.000000 -0.100000
vn 0.000000 0.000000 -0.100000
vn 0.000000 0.000000 -0.100000
vn 0.000000 0.000000 -0.100000
vn 0.000000 0.000000 -0.100000
vn 0.000000 0.000000 -0.100000
vn 0.000000 0.000000 -0.100000
vn 0.000000 0.000000 -0.100000
vn 0.000000 0.000000 -0.100000
vn 0.000000 0.000000 -0.100000
vn 0.000000 0.000000 -0.100000
vn 0.000000 0.000000 -0.100000
vn 0.000000 0.000000 -0.100000
vn 0.000000 0.000000 -0.100000
vn 0.000000 0.000000 -0.100000
vn 0.000000 0.000000 -0.100000
vn 0.000000 0.000000 -0.100000
vn 0.000000 0.000000 -0.100000
vn 0.000000 0.000000 -0.100000
vn 0.000000 0.000000 -0.100000
vn 0.000000 0.000000 -0.100000
vn 0.000000 0.000000 -0.100000
vn 0.000000 0.000000 -0.100000
vn 0.000000 0.000000 -0.100000
vn 0.000000 0.000000 -0.100000
vn 0.000000 0.000000 -0.100000
vn 0.000000 0.000000 -0.100000
vn 0.000000 0.000000 -0.100000
vn 0.000000 0.000000 -0.100000
vn 0.000000 0.000000 -0.100000
vn 0.000000 0.000000 -0.100000
vn 0.000000 0.000000 -0.100000
vn 0.000000 0.000000 -0.100000
vn 0.000000 0.000000 -0.100000
vn 0.000000 0.000000 -0.100000
vn 0.000000 0.000000 -0.100000
vn 0.000000 0.000000 -0.100000
vn 0.000000 0.000000 -0.100000
vn 0.000000 0.000000 -0.100000
vn 0.000000 0.000000 -0.100000
vn 0.000000 0.000000 -0.100000
vn 0.000000 0.000000 -0.100000
vn 0.000000 0.000000 -0.100000
vn 0.000000 0.000000 -0.100000
vn 0.000000 0.000000 -0.100000
vn 0.000000 0.000000 -0.100000
vn 0.000000 0.000000 -0.100000
vn 0.000000 0.000000 -0.100000
vn 0.000000 0.000000 -0.100000
vn 0.000000 0.000000 -0.100000
vn 0.000000 0.000000 -0.100000
vn 0.000000 0.000000 -0.100000
vn 0.000000 0.000000 -0.100000
vn 0.000000 0.000000 -0.100000
vn 0.000000 0.000000 -0.100000
vn 0.000000 0.000000 -0.100000
vn 0.000000 0.000000 -0.100000
vn 0.000000 0.000000 -0.100000
vn 0.000000 0.000000 -0.100000
vn 0.000000 0.000000 -0.100000
vn 0.000000 0.000000 -0.100000
vn 0.000000 0.000000 -0.100000
vn 0.000000 0.000000 -0.100000
vn 0.000000 0.000000 -0.100000
vn 0.000000 0.000000 -0.100000
vn 0.000000 0.000000 -0.100000
vn 0.000000 0.000000 -0.100000
vn 0.000000 0.000000 -0.100000
vn 0.000000 0.000000 -0.100000
vn 0.000000 0.000000 -0.100000
vn 0.000000 0.000000 -0.100000
vn 0.000000 0.000000 -0.100000
vn 0.000000 0.000000 -0.100000
vn 0.000000 0.000000 -0.100000
vn 0.000000 0.000000 -0.100000
vn 0.000000 0.000000 -0.100000
vn 0.000000 0.000000 -0.100000
vn 0.000000 0.000000 -0.100000
vn 0.000000 0.000000 -0.100000
vn 0.000000 0.000000 -0.100000
vn 0.000000 0.000000 -0.100000
vn 0.000000 0.000000 -0.100000
vn 0.000000 0.000000 -0.100000
vn 0.000000 0.000000 -0.100000
vn 0.000000 0.000000 -0.100000
vn 0.000000 0.000000 -0.100000
vn 0.000000 0.000000 -0.100000
vn 0.000000 0.000000 -0.100000
vn 0.000000 0.000000 -0.100000
vn 0.000000 0.000000 -0.100000
vn 0.000000 0.000000 -0.100000
vn 0.000000 0.000000 -0.100000
vn 0.000000 0.000000 -0.100000
vn 0.000000 0.000000 -0.100000
vn 0.000000 0.000000 -0.100000
vn 0.000000 0.000000 -0.100000
vn 0.000000 0.000000 -0.100000
vn 0.000000 0.000000 -0.100000
vn 0.000000 0.000000 -0.100000
vn 0.000000 0.000000 -0.100000
vn 0.000000 0.000000 -0.100000
vn 0.000000 0.000000 -0.100000
vn 0.000000 0.000000 -0.100000
vn 0.000000 0.000000 -0.100000
vn 0.000000 0.000000 -0.100000
vn 0.000000 0.000000 -0.100000
vn 0.000000 0.000000 -0.100000
vn 0.000000 0.000000 -0.100000
vn 0.000000 0.000000 -0.100000
vn 0.000000 0.000000 -0.100000
vn 0.000000 0.000000 -0.100000
vn 0.000000 0.000000 -0.100000
vn 0.000000 0.000000 -0.100000
vn 0.000000 0.000000 -0.100000
vn 0.000000 0.000000 -0.100000
vn 0.000000 0.000000 -0.100000
vn 0.000000 0.000000 -0.100000
vn 0.000000 0.000000 -0.100000
vn 0.000000 0.000000 -0.100000
vn 0.000000 0.000000 -0.100000
vn 0.000000 0.000000 -0.100000
vn 0.000000 0.000000 -0.100000
vn 0.000000 0.000000 -0.100000
vn 0.000000 0.000000 -0.100000
vn 0.000000 0.000000 -0.100000
vn 0.000000 0.000000 -0.100000
vn 0.000000 0.000000 -0.100000
vn 0.000000 0.000000 -0.100000
vn 0.000000 0.000000 -0.100000
vn 0.000000 0.000000 -0.100000
vn 0.000000 0.000000 -0.100000
vn 0.000000 0.000000 -0.100000
vn 0.000000 0.000000 -0.100000
vn 0.000000 0.000000 -0.100000
vn 0.000000 0.000000 -0.100000
vn 0.000000 0.000000 -0.100000
vn 0.000000 0.000000 -0.100000
vn 0.000000 0.000000 -0.100000
vn 0.000000 0.000000 -0.100000
vn 0.000000 0.000000 -0.100000
vn 0.000000 0.000000 -0.100000
vn 0.000000 0.000000 -0.100000
vn 0.000000 0.000000 -0.100000
vn 0.000000 0.000000 -0.100000
vn 0.000000 0.000000 -0.100000
vn 0.000000 0.000000 -0.100000
vn 0.000000 0.000000 -0.100000
vn 0.000000 0.000000 -0.100000
vn 0.000000 0.000000 0.100000
vn 0.000000 0.000000 0.100000
vn 0.000000 0.000000 0.100000
vn 0.000000 0.000000 0.100000
vn 0.000000 0.000000 0.100000
vn 0.000000 0.000000 0.100000
vn 0.000000 0.000000 0.100000
vn 0.000000 0.000000 0.100000
vn 0.000000 -0.100000 0.000000
vn 0.000000 -0.100000 0.000000
vn 0.000000 -0.100000 0.000000
vn 0.000000 -0.100000 0.000000
vn 0.000000 0.100000 0.000000
vn 0.000000 0.100000 0.000000
vn 0.000000 0.100000 0.000000
vn 0.000000 0.100000 0.000000
vn 0.000000 0.100000 0.000000
vn 0.000000 0.100000 0.000000
vn 0.000000 0.100000 0.000000
vn 0.000000 0.100000 0.000000
vn 0.000000 -0.100000 0.000000
vn 0.000000 -0.100000 0.000000
vn 0.000000 -0.100000 0.000000
vn 0.000000 -0.100000 0.000000
vn 0.000000 0.000000 0.100000
vn 0.000000 0.000000 0.100000
vn 0.000000 0.000000 0.100000
vn 0.000000 0.000000 0.100000
vn 0.000000 0.000000 0.100000
vn 0.000000 0.000000 0.100000
vn 0.000000 0.000000 0.100000
vn 0.000000 0.000000 0.100000
vn 0.000000 -0.100000 0.000000
vn 0.000000 -0.100000 0.000000
vn 0.000000 -0.100000 0.000000
vn 0.000000 -0.100000 0.000000
vn 0.000000 0.100000 0.000000
vn 0.000000 0.100000 0.000000
vn 0.000000 0.100000 0.000000
vn 0.000000 0.100000 0.000000
vn 0.000000 0.100000 0.000000
vn 0.000000 0.100000 0.000000
vn 0.000000 0.100000 0.000000
vn 0.000000 0.100000 0.000000
vn 0.000000 -0.100000 0.000000
vn 0.000000 -0.100000 0.000000
vn 0.000000 -0.100000 0.000000
vn 0.000000 -0.100000 0.000000
vn 0.000000 0.000000 0.100000
vn 0.000000 0.000000 0.100000
vn 0.000000 0.000000 0.100000
vn 0.000000 0.000000 0.100000
vn 0.000000 0.000000 0.100000
vn 0.000000 0.000000 0.100000
vn 0.000000 0.000000 0.100000
vn 0.000000 0.000000 0.100000
vn 0.000000 -0.100000 0.000000
vn 0.000000 -0.100000 0.000000
vn 0.000000 -0.100000 0.000000
vn 0.000000 -0.100000 0.000000
vn 0.000000 0.100000 0.000000
vn 0.000000 0.100000 0.000000
vn 0.000000 0.100000 0.000000
vn 0.000000 0.100000 0.000000
vn 0.000000 0.100000 0.000000
vn 0.000000 0.100000 0.000000
vn 0.000000 0.100000 0.000000
vn 0.000000 0.100000 0.000000
vn 0.000000 -0.100000 0.000000
vn 0.000000 -0.100000 0.000000
vn 0.000000 -0.100000 0.000000
vn 0.000000 -0.100000 0.000000
vn 0.000000 0.000000 0.100000
vn 0.000000 0.000000 0.100000
vn 0.000000 0.000000 0.100000
vn 0.000000 0.000000 0.100000
vn 0.000000 0.000000 0.100000
vn 0.000000 0.000000 0.100000
vn 0.000000 0.000000 0.100000
vn 0.000000 0.000000 0.100000
vn 0.000000 -0.100000 0.000000
vn 0.000000 -0.100000 0.000000
vn 0.000000 -0.100000 0.000000
vn 0.000000 -0.100000 0.000000
vn 0.000000 0.100000 0.000000
vn 0.000000 0.100000 0.000000
vn 0.000000 0.100000 0.000000
vn 0.000000 0.100000 0.000000
vn 0.000000 0.100000 0.000000
vn 0.000000 0.100000 0.000000
vn 0.000000 0.100000 0.000000
vn 0.000000 0.100000 0.000000
vn 0.000000 -0.100000 0.000000
vn 0.000000 -0.100000 0.000000
vn 0.000000 -0.100000 0.000000
vn 0.000000 -0.100000 0.000000
vn 0.000000 0.000000 0.100000
vn 0.000000 0.000000 0.100000
vn 0.000000 0.000000 0.100000
vn 0.000000 0.000000 0.100000
vn -0.100000 0.000000 0.000000
vn -0.100000 0.000000 0.000000
vn -0.100000 0.000000 0.000000
vn -0.100000 0.000000 0.000000
vn 0.000000 -0.100000 0.000000
vn 0.000000 -0.100000 0.000000
vn 0.000000 -0.100000 0.000000
vn 0.000000 -0.100000 0.000000
vn 0.000000 -0.100000 0.000000
vn 0.000000 -0.100000 0.000000
vn 0.000000 -0.100000 0.000000
vn 0.000000 -0.100000 0.000000
vn 0.000000 -0.100000 0.000000
vn 0.000000 -0.100000 0.000000
vn 0.000000 -0.100000 0.000000
vn 0.000000 -0.100000 0.000000
vn -0.100000 0.000000 0.000000
vn -0.100000 0.000000 0.000000
vn -0.100000 0.000000 0.000000
vn -0.100000 0.000000 0.000000
vn -0.100000 0.000000 0.000000
vn -0.100000 0.000000 0.000000
vn -0.100000 0.000000 0.000000
vn -0.100000 0.000000 0.000000
vn -0.100000 0.000000 0.000000
vn -0.100000 0.000000 0.000000
vn -0.100000 0.000000 0.000000
vn -0.100000 0.000000 0.000000
vn -0.100000 0.000000 0.000000
vn -0.100000 0.000000 0.000000
vn -0.100000 0.000000 0.000000
vn -0.100000 0.000000 0.000000
vn -0.100000 0.000000 0.000000
vn -0.100000 0.000000 0.000000
vn -0.100000 0.000000 0.000000
vn -0.100000 0.000000 0.000000
vn -0.100000 0.000000 0.000000
vn -0.100000 0.000000 0.000000
vn -0.100000 0.000000 0.000000
vn -0.100000 0.000000 0.000000
vn -0.100000 0.000000 0.000000
vn -0.100000 0.000000 0.000000
vn -0.100000 0.000000 0.000000
vn -0.100000 0.000000 0.000000
vn -0.100000 0.000000 0.000000
vn -0.100000 0.000000 0.000000
vn -0.100000 0.000000 0.000000
vn -0.100000 0.000000 0.000000
vn -0.100000 0.000000 0.000000
vn -0.100000 0.000000 0.000000
vn -0.100000 0.000000 0.000000
vn -0.100000 0.000000 0.000000
vn -0.100000 0.000000 0.000000
vn -0.100000 0.000000 0.000000
vn -0.100000 0.000000 0.000000
vn -0.100000 0.000000 0.000000
vn -0.100000 0.000000 0.000000
vn -0.100000 0.000000 0.000000
vn -0.100000 0.000000 0.000000
vn -0.100000 0.000000 0.000000
vn -0.100000 0.000000 0.000000
vn -0.100000 0.000000 0.000000
vn -0.100000 0.000000 0.000000
vn -0.100000 0.000000 0.000000
vn -0.100000 0.000000 0.000000
vn -0.100000 0.000000 0.000000
vn -0.100000 0.000000 0.000000
vn -0.100000 0.000000 0.000000
vn 0.000000 0.000000 0.100000
vn 0.000000 0.000000 0.100000
vn 0.000000 0.000000 0.100000
vn 0.000000 0.000000 0.100000
vn 0.100000 0.000000 0.000000
vn 0.100000 0.000000 0.000000
vn 0.100000 0.000000 0.000000
vn 0.100000 0.000000 0.000000
vn 0.000000 0.000000 0.100000
vn 0.000000 0.000000 0.100000
vn 0.000000 0.000000 0.100000
vn 0.000000 0.000000 0.100000
vn 0.000000 0.000000 0.100000
vn 0.000000 0.000000 0.100000
vn 0.000000 0.000000 0.100000
vn 0.000000 0.000000 0.100000
vn 0.000000 -0.100000 0.000000
vn 0.000000 -0.100000 0.000000
vn 0.000000 -0.100000 0.000000
vn 0.000000 -0.100000 0.000000
vn 0.000000 -0.100000 0.000000
vn 0.000000 -0.100000 0.000000
vn 0.000000 -0.100000 0.000000
vn 0.000000 -0.100000 0.000000
vn 0.000000 -0.100000 0.000000
vn 0.000000 -0.100000 0.000000
vn 0.000000 -0.100000 0.000000
vn 0.000000 -0.100000 0.000000
vn 0.000000 -0.100000 0.000000
vn 0.000000 -0.100000 0.000000
vn 0.000000 -0.100000 0.000000
vn 0.000000 -0.100000 0.000000
vn 0.000000 0.000000 -0.100000
vn 0.000000 0.000000 -0.100000
vn 0.000000 0.000000 -0.100000
vn 0.000000 0.000000 -0.100000
vn 0.000000 0.000000 -0.100000
vn 0.000000 0.000000 -0.100000
vn 0.000000 0.000000 -0.100000
vn 0.000000 0.000000 -0.100000
vn 0.000000 0.000000 -0.100000
vn 0.000000 0.000000 -0.100000
vn 0.000000 0.000000 0.100000
vn 0.000000 0.000000 0.100000
vn 0.000000 0.000000 0.100000
vn 0.000000 0.000000 0.100000
vn 0.000000 -0.100000 0.000000
vn 0.000000 -0.100000 0.000000
vn 0.000000 -0.100000 0.000000
vn 0.000000 -0.100000 0.000000
vn 0.000000 0.000000 -0.100000
vn 0.000000 0.000000 -0.100000
vn 0.000000 0.000000 -0.100000
vn 0.000000 0.000000 -0.100000
vn 0.000000 0.000000 -0.100000
vn 0.000000 0.000000 -0.100000
vn 0.000000 0.000000 -0.100000
vn 0.000000 0.000000 -0.100000
vn 0.000000 0.000000 -0.100000
vn 0.000000 0.000000 -0.100000
vn 0.000000 0.000000 0.100000
vn 0.000000 0.000000 0.100000
vn 0.000000 0.000000 0.100000
vn 0.000000 0.000000 0.100000
vn 0.000000 0.100000 0.000000
vn 0.000000 0.100000 0.000000
vn 0.000000 0.100000 0.000000
vn 0.000000 0.100000 0.000000
vn 0.000000 0.000000 -0.100000
vn 0.000000 0.000000 -0.100000
vn 0.000000 0.000000 -0.100000
vn 0.000000 0.000000 -0.100000
vn 0.000000 -0.100000 0.000000
vn 0.000000 -0.100000 0.000000
vn 0.000000 -0.100000 0.000000
vn 0.000000 -0.100000 0.000000
vn 0.000000 0.100000 0.000000
vn 0.000000 0.100000 0.000000
vn 0.000000 0.100000 0.000000
vn 0.000000 0.100000 0.000000
vn 0.000000 0.000000 0.100000
vn 0.000000 0.000000 0.100000
vn 0.000000 0.000000 0.100000
vn 0.000000 0.000000 0.100000
vn 0.000000 0.000000 -0.100000
vn 0.000000 0.000000 -0.100000
vn 0.000000 0.000000 -0.100000
vn 0.000000 0.000000 -0.100000
vn 0.000000 0.100000 0.000000
vn 0.000000 0.100000 0.000000
vn 0.000000 0.100000 0.000000
vn 0.000000 0.100000 0.000000
vn 0.000000 0.100000 0.000000
vn 0.000000 0.100000 0.000000
vn 0.000000 0.100000 0.000000
vn 0.000000 0.100000 0.000000
vn 0.000000 0.100000 0.000000
vn 0.000000 0.100000 0.000000
vn 0.000000 0.100000 0.000000
vn 0.000000 0.100000 0.000000
vn 0.000000 0.000000 0.100000
vn 0.000000 0.000000 0.100000
vn 0.000000 0.000000 0.100000
vn 0.000000 0.000000 0.100000
vn 0.000000 0.000000 0.100000
vn 0.000000 0.000000 0.100000
vn 0.000000 0.000000 0.100000
vn 0.000000 0.000000 0.100000
vn 0.000000 0.000000 0.100000
vn 0.000000 0.000000 0.100000
vn 0.000000 0.000000 0.100000
vn 0.000000 0.000000 0.100000
vn 0.000000 0.000000 0.100000
vn 0.000000 0.000000 0.100000
vn 0.000000 0.000000 0.100000
vn 0.000000 0.000000 0.100000
vn 0.000000 0.000000 0.100000
vn 0.000000 0.000000 0.100000
vn 0.000000 0.000000 0.100000
vn 0.000000 0.000000 0.100000
vn 0.000000 0.000000 0.100000
vn 0.000000 0.000000 0.100000
vn 0.000000 0.000000 0.100000
vn 0.000000 0.000000 0.100000
vn 0.000000 0.000000 0.100000
vn 0.000000 0.000000 0.100000
vn 0.000000 0.000000 0.100000
vn 0.000000 0.000000 0.100000
vn 0.000000 0.000000 0.100000
vn 0.000000 0.000000 0.100000
vn 0.000000 0.000000 0.100000
vn 0.000000 0.000000 0.100000
vn 0.000000 0.000000 0.100000
vn 0.000000 0.000000 0.100000
vn 0.000000 0.000000 0.100000
vn 0.000000 0.000000 0.100000
vn 0.000000 0.000000 0.100000
vn 0.000000 0.000000 0.100000
vn 0.000000 0.000000 0.100000
vn 0.000000 0.000000 0.100000
vn 0.000000 0.000000 0.100000
vn 0.000000 0.000000 0.100000
vn 0.000000 0.000000 0.100000
vn 0.000000 0.000000 0.100000
vn 0.000000 0.000000 0.100000
vn 0.000000 0.000000 0.100000
vn 0.000000 0.000000 0.100000
vn 0.000000 0.000000 0.100000
vn 0.000000 0.000000 0.100000
vn 0.000000 0.000000 0.100000
vn 0.000000 0.000000 0.100000
vn 0.000000 0.000000 0.100000
vn 0.000000 0.000000 0.100000
vn 0.000000 0.000000 0.100000
vn 0.000000 0.000000 0.100000
vn 0.000000 0.000000 0.100000
vn 0.000000 0.000000 0.100000
vn 0.000000 0.000000 0.100000
vn 0.000000 0.000000 0.100000
vn 0.000000 0.000000 0.100000
vn 0.000000 0.000000 0.100000
vn 0.000000 0.000000 0.100000
vn 0.000000 0.000000 0.100000
vn 0.000000 0.000000 0.100000
vn 0.100000 0.000000 0.000000
vn 0.100000 0.000000 0.000000
vn 0.100000 0.000000 0.000000
vn 0.100000 0.000000 0.000000
vn 0.100000 0.000000 0.000000
vn 0.100000 0.000000 0.000000
vn 0.100000 0.000000 0.000000
vn 0.100000 0.000000 0.000000
vn 0.100000 0.000000 0.000000
vn 0.100000 0.000000 0.000000
vn 0.100000 0.000000 0.000000
vn 0.100000 0.000000 0.000000
vn 0.100000 0.000000 0.000000
vn 0.100000 0.000000 0.000000
vn 0.100000 0.000000 0.000000
vn 0.100000 0.000000 0.000000
vn 0.100000 0.000000 0.000000
vn 0.100000 0.000000 0.000000
vn 0.100000 0.000000 0.000000
vn 0.100000 0.000000 0.000000
vn 0.100000 0.000000 0.000000
vn 0.100000 0.000000 0.000000
vn 0.100000 0.000000 0.000000
vn 0.100000 0.000000 0.000000
vn 0.100000 0.000000 0.000000
vn 0.100000 0.000000 0.000000
vn 0.100000 0.000000 0.000000
vn 0.100000 0.000000 0.000000
vn 0.100000 0.000000 0.000000
vn 0.100000 0.000000 0.000000
vn 0.100000 0.000000 0.000000
vn 0.100000 0.000000 0.000000
vn 0.100000 0.000000 0.000000
vn 0.100000 0.000000 0.000000
vn 0.100000 0.000000 0.000000
vn 0.100000 0.000000 0.000000
vn 0.100000 0.000000 0.000000
vn 0.100000 0.000000 0.000000
vn 0.100000 0.000000 0.000000
vn 0.100000 0.000000 0.000000
vn 0.100000 0.000000 0.000000
vn 0.100000 0.000000 0.000000
vn 0.100000 0.000000 0.000000
vn 0.100000 0.000000 0.000000
vn 0.100000 0.000000 0.000000
vn 0.100000 0.000000 0.000000
vn 0.100000 0.000000 0.000000
vn 0.100000 0.000000 0.000000
vn 0.100000 0.000000 0.000000
vn 0.100000 0.000000 0.000000
vn 0.100000 0.000000 0.000000
vn 0.100000 0.000000 0.000000
vn 0.000000 0.100000 0.000000
vn 0.000000 0.100000 0.000000
vn 0.000000 0.100000 0.000000
vn 0.000000 0.100000 0.000000
vn 0.000000 -0.100000 0.000000
vn 0.000000 -0.100000 0.000000
vn 0.000000 -0.100000 0.000000
vn 0.000000 -0.100000 0.000000
vn 0.000000 0.100000 0.000000
vn 0.000000 0.100000 0.000000
vn 0.000000 0.100000 0.000000
vn 0.000000 0.100000 0.000000
vn 0.000000 -0.100000 0.000000
vn 0.000000 -0.100000 0.000000
vn 0.000000 -0.100000 0.000000
vn 0.000000 -0.100000 0.000000
vn 0.000000 0.100000 0.000000
vn 0.000000 0.100000 0.000000
vn 0.000000 0.100000 0.000000
vn 0.000000 0.100000 0.000000
vn 0.000000 -0.100000 0.000000
vn 0.000000 -0.100000 0.000000
vn 0.000000 -0.100000 0.000000
vn 0.000000 -0.100000 0.000000
vn 0.000000 -0.100000 0.000000
vn 0.000000 -0.100000 0.000000
vn 0.000000 -0.100000 0.000000
vn 0.000000 -0.100000 0.000000
vn 0.000000 0.100000 0.000000
vn 0.000000 0.100000 0.000000
vn 0.000000 0.100000 0.000000
vn 0.000000 0.100000 0.000000
vn 0.000000 0.100000 0.000000
vn 0.000000 0.100000 0.000000
vn 0.000000 0.100000 0.000000
vn 0.000000 0.100000 0.000000
vn 0.000000 -0.100000 0.000000
vn 0.000000 -0.100000 0.000000
vn 0.000000 -0.100000 0.000000
vn 0.000000 -0.100000 0.000000
vn 0.000000 -0.100000 0.000000
vn 0.000000 -0.100000 0.000000
vn 0.000000 -0.100000 0.000000
vn 0.000000 -0.100000 0.000000
vn 0.000000 0.100000 0.000000
vn 0.000000 0.100000 0.000000
vn 0.000000 0.100000 0.000000
vn 0.000000 0.100000 0.000000
vn 0.000000 -0.100000 0.000000
vn 0.000000 -0.100000 0.000000
vn 0.000000 -0.100000 0.000000
vn 0.000000 -0.100000 0.000000
vn 0.000000 0.100000 0.000000
vn 0.000000 0.100000 0.000000
vn 0.000000 0.100000 0.000000
vn 0.000000 0.100000 0.000000
vn 0.000000 0.100000 0.000000
vn 0.000000 0.100000 0.000000
vn 0.000000 0.100000 0.000000
vn 0.000000 0.100000 0.000000
vn 0.000000 -0.100000 0.000000
vn 0.000000 -0.100000 0.000000
vn 0.000000 -0.100000 0.000000
vn 0.000000 -0.100000 0.000000
vn 0.000000 0.100000 0.000000
vn 0.000000 0.100000 0.000000
vn 0.000000 0.100000 0.000000
vn 0.000000 0.100000 0.000000
vn 0.000000 -0.100000 0.000000
vn 0.000000 -0.100000 0.000000
vn 0.000000 -0.100000 0.000000
vn 0.000000 -0.100000 0.000000
vn 0.000000 -0.100000 0.000000
vn 0.000000 -0.100000 0.000000
vn 0.000000 -0.100000 0.000000
vn 0.000000 -0.100000 0.000000
vn 0.000000 0.100000 0.000000
vn 0.000000 0.100000 0.000000
vn 0.000000 0.100000 0.000000
vn 0.000000 0.100000 0.000000
vn 0.000000 0.100000 0.000000
vn 0.000000 0.100000 0.000000
vn 0.000000 0.100000 0.000000
vn 0.000000 0.100000 0.000000
vn 0.000000 -0.100000 0.000000
vn 0.000000 -0.100000 0.000000
vn 0.000000 -0.100000 0.000000
vn 0.000000 -0.100000 0.000000
vn 0.000000 -0.100000 0.000000
vn 0.000000 -0.100000 0.000000
vn 0.000000 -0.100000 0.000000
vn 0.000000 -0.100000 0.000000
vn 0.000000 0.100000 0.000000
vn 0.000000 0.100000 0.000000
vn 0.000000 0.100000 0.000000
vn 0.000000 0.100000 0.000000
vn 0.000000 -0.100000 0.000000
vn 0.000000 -0.100000 0.000000
vn 0.000000 -0.100000 0.000000
vn 0.000000 -0.100000 0.000000
vn 0.000000 0.100000 0.000000
vn 0.000000 0.100000 0.000000
vn 0.000000 0.100000 0.000000
vn 0.000000 0.100000 0.000000
vn 0.000000 -0.100000 0.000000
vn 0.000000 -0.100000 0.000000
vn 0.000000 -0.100000 0.000000
vn 0.000000 -0.100000 0.000000
vn 0.000000 0.100000 0.000000
vn 0.000000 0.100000 0.000000
vn 0.000000 0.100000 0.000000
vn 0.000000 0.100000 0.000000
vn 0.000000 -0.100000 0.000000
vn 0.000000 -0.100000 0.000000
vn 0.000000 -0.100000 0.000000
vn 0.000000 -0.100000 0.000000
vn 0.000000 0.100000 0.000000
vn 0.000000 0.100000 0.000000
vn 0.000000 0.100000 0.000000
vn 0.000000 0.100000 0.000000
vn 0.000000 0.100000 0.000000
vn 0.000000 0.100000 0.000000
vn 0.000000 0.100000 0.000000
vn 0.000000 0.100000 0.000000
vn 0.000000 -0.100000 0.000000
vn 0.000000 -0.100000 0.000000
vn 0.000000 -0.100000 0.000000
vn 0.000000 -0.100000 0.000000
usemtl 191,191,191
f 249/2/2 267/22/22 284/1/1
f 284/1/1 267/22/22 269/23/23
f 284/1/1 269/23/23 271/26/26
f 271/26/26 269/23/23 270/25/25
f 270/25/25 269/23/23 268/24/24
f 248/3/3 251/6/6 249/2/2
f 249/2/2 251/6/6 253/7/7
f 249/2/2 253/7/7 255/10/10
f 255/10/10 253/7/7 254/9/9
f 254/9/9 253/7/7 252/8/8
f 247/4/4 250/5/5 248/3/3
f 248/3/3 250/5/5 251/6/6
f 255/10/10 257/11/11 249/2/2
f 249/2/2 257/11/11 259/14/14
f 249/2/2 259/14/14 261/15/15
f 256/12/12 258/13/13 257/11/11
f 257/11/11 258/13/13 259/14/14
f 260/16/16 262/17/17 261/15/15
f 261/15/15 262/17/17 263/18/18
f 261/15/15 263/18/18 249/2/2
f 249/2/2 263/18/18 265/19/19
f 249/2/2 265/19/19 267/22/22
f 267/22/22 265/19/19 266/21/21
f 266/21/21 265/19/19 264/20/20
f 271/26/26 273/27/27 284/1/1
f 284/1/1 273/27/27 275/30/30
f 284/1/1 275/30/30 277/31/31
f 272/28/28 274/29/29 273/27/27
f 273/27/27 274/29/29 275/30/30
f 276/32/32 278/33/33 277/31/31
f 277/31/31 278/33/33 279/34/34
f 277/31/31 279/34/34 284/1/1
f 284/1/1 279/34/34 281/35/35
f 284/1/1 281/35/35 283/38/38
f 283/38/38 281/35/35 280/36/36
f 283/38/38 280/36/36 282/37/37
f 246/40/40 227/60/60 211/39/39
f 211/39/39 227/60/60 225/61/61
f 211/39/39 225/61/61 223/64/64
f 223/64/64 225/61/61 222/63/63
f 222/63/63 225/61/61 224/62/62
f 245/41/41 243/44/44 246/40/40
f 246/40/40 243/44/44 241/45/45
f 246/40/40 241/45/45 239/48/48
f 239/48/48 241/45/45 238/47/47
f 238/47/47 241/45/45 240/46/46
f 244/42/42 242/43/43 245/41/41
f 245/41/41 242/43/43 243/44/44
f 239/48/48 237/49/49 246/40/40
f 246/40/40 237/49/49 235/52/52
f 246/40/40 235/52/52 233/53/53
f 236/50/50 234/51/51 237/49/49
f 237/49/49 234/51/51 235/52/52
f 232/54/54 230/55/55 233/53/53
f 233/53/53 230/55/55 231/56/56
f 233/53/53 231/56/56 246/40/40
f 246/40/40 231/56/56 229/57/57
f 246/40/40 229/57/57 227/60/60
f 227/60/60 229/57/57 226/59/59
f 226/59/59 229/57/57 228/58/58
f 223/64/64 221/65/65 211/39/39
f 211/39/39 221/65/65 219/68/68
f 211/39/39 219/68/68 217/69/69
f 220/66/66 218/67/67 221/65/65
f 221/65/65 218/67/67 219/68/68
f 216/70/70 214/71/71 217/69/69
f 217/69/69 214/71/71 215/72/72
f 217/69/69 215/72/72 211/39/39
f 211/39/39 215/72/72 213/73/73
f 211/39/39 213/73/73 210/76/76
f 210/76/76 213/73/73 212/74/74
f 210/76/76 212/74/74 209/75/75
f 245/77/77 283/78/78 244/80/80
f 244/80/80 283/78/78 282/79/79
f 248/81/81 210/82/82 247/84/84
f 247/84/84 210/82/82 209/83/83
f 173/86/86 191/106/106 208/85/85
f 208/85/85 191/106/106 193/107/107
f 208/85/85 193/107/107 195/110/110
f 195/110/110 193/107/107 194/109/109
f 194/109/109 193/107/107 192/108/108
f 172/87/87 175/90/90 173/86/86
f 173/86/86 175/90/90 177/91/91
f 173/86/86 177/91/91 179/94/94
f 179/94/94 177/91/91 178/93/93
f 178/93/93 177/91/91 176/92/92
f 171/88/88 174/89/89 172/87/87
f 172/87/87 174/89/89 175/90/90
f 179/94/94 181/95/95 173/86/86
f 173/86/86 181/95/95 183/98/98
f 173/86/86 183/98/98 185/99/99
f 180/96/96 182/97/97 181/95/95
f 181/95/95 182/97/97 183/98/98
f 184/100/100 186/101/101 185/99/99
f 185/99/99 186/101/101 187/102/102
f 185/99/99 187/102/102 173/86/86
f 173/86/86 187/102/102 189/103/103
f 173/86/86 189/103/103 191/106/106
f 191/106/106 189/103/103 190/105/105
f 190/105/105 189/103/103 188/104/104
f 195/110/110 197/111/111 208/85/85
f 208/85/85 197/111/111 199/114/114
f 208/85/85 199/114/114 201/115/115
f 196/112/112 198/113/113 197/111/111
f 197/111/111 198/113/113 199/114/114
f 200/116/116 202/117/117 201/115/115
f 201/115/115 202/117/117 203/118/118
f 201/115/115 203/118/118 208/85/85
f 208/85/85 203/118/118 205/119/119
f 208/85/85 205/119/119 207/122/122
f 207/122/122 205/119/119 204/120/120
f 207/122/122 204/120/120 206/121/121
f 170/124/124 151/144/144 135/123/123
f 135/123/123 151/144/144 149/145/145
f 135/123/123 149/145/145 147/148/148
f 147/148/148 149/145/145 146/147/147
f 146/147/147 149/145/145 148/146/146
f 169/125/125 167/128/128 170/124/124
f 170/124/124 167/128/128 165/129/129
f 170/124/124 165/129/129 163/132/132
f 163/132/132 165/129/129 162/131/131
f 162/131/131 165/129/129 164/130/130
f 168/126/126 166/127/127 169/125/125
f 169/125/125 166/127/127 167/128/128
f 163/132/132 161/133/133 170/124/124
f 170/124/124 161/133/133 159/136/136
f 170/124/124 159/136/136 157/137/137
f 160/134/134 158/135/135 161/133/133
f 161/133/133 158/135/135 159/136/136
f 156/138/138 154/139/139 157/137/137
f 157/137/137 154/139/139 155/140/140
f 157/137/137 155/140/140 170/124/124
f 170/124/124 155/140/140 153/141/141
f 170/124/124 153/141/141 151/144/144
f 151/144/144 153/141/141 150/143/143
f 150/143/143 153/141/141 152/142/142
f 147/148/148 145/149/149 135/123/123
f 135/123/123 145/149/149 143/152/152
f 135/123/123 143/152/152 141/153/153
f 144/150/150 142/151/151 145/149/149
f 145/149/149 142/151/151 143/152/152
f 140/154/154 138/155/155 141/153/153
f 141/153/153 138/155/155 139/156/156
f 141/153/153 139/156/156 135/123/123
f 135/123/123 139/156/156 137/157/157
f 135/123/123 137/157/157 134/160/160
f 134/160/160 137/157/157 136/158/158
f 134/160/160 136/158/158 133/159/159
f 169/161/161 207/162/162 168/164/164
f 168/164/164 207/162/162 206/163/163
f 172/165/165 134/166/166 171/168/168
f 171/168/168 134/166/166 133/167/167
f 97/170/170 115/190/190 132/169/169
f 132/169/169 115/190/190 117/191/191
f 132/169/169 117/191/191 119/194/194
f 119/194/194 117/191/191 118/193/193
f 118/193/193 117/191/191 116/192/192
f 96/171/171 99/174/174 97/170/170
f 97/170/170 99/174/174 101/175/175
f 97/170/170 101/175/175 103/178/178
f 103/178/178 101/175/175 102/177/177
f 102/177/177 101/175/175 100/176/176
f 95/172/172 98/173/173 96/171/171
f 96/171/171 98/173/173 99/174/174
f 103/178/178 105/179/179 97/170/170
f 97/170/170 105/179/179 107/182/182
f 97/170/170 107/182/182 109/183/183
f 104/180/180 106/181/181 105/179/179
f 105/179/179 106/181/181 107/182/182
f 108/184/184 110/185/185 109/183/183
f 109/183/183 110/185/185 111/186/186
f 109/183/183 111/186/186 97/170/170
f 97/170/170 111/186/186 113/187/187
f 97/170/170 113/187/187 115/190/190
f 115/190/190 113/187/187 114/189/189
f 114/189/189 113/187/187 112/188/188
f 119/194/194 121/195/195 132/169/169
f 132/169/169 121/195/195 123/198/198
f 132/169/169 123/198/198 125/199/199
f 120/196/196 122/197/197 121/195/195
f 121/195/195 122/197/197 123/198/198
f 124/200/200 126/201/201 125/199/199
f 125/199/199 126/201/201 127/202/202
f 125/199/199 127/202/202 132/169/169
f 132/169/169 127/202/202 129/203/203
f 132/169/169 129/203/203 131/206/206
f 131/206/206 129/203/203 128/204/204
f 131/206/206 128/204/204 130/205/205
f 94/208/208 75/228/228 59/207/207
f 59/207/207 75/228/228 73/229/229
f 59/207/207 73/229/229 71/232/232
f 71/232/232 73/229/229 70/231/231
f 70/231/231 73/229/229 72/230/230
f 93/209/209 91/212/212 94/208/208
f 94/208/208 91/212/212 89/213/213
f 94/208/208 89/213/213 87/216/216
f 87/216/216 89/213/213 86/215/215
f 86/215/215 89/213/213 88/214/214
f 92/210/210 90/211/211 93/209/209
f 93/209/209 90/211/211 91/212/212
f 87/216/216 85/217/217 94/208/208
f 94/208/208 85/217/217 83/220/220
f 94/208/208 83/220/220 81/221/221
f 84/218/218 82/219/219 85/217/217
f 85/217/217 82/219/219 83/220/220
f 80/222/222 78/223/223 81/221/221
f 81/221/221 78/223/223 79/224/224
f 81/221/221 79/224/224 94/208/208
f 94/208/208 79/224/224 77/225/225
f 94/208/208 77/225/225 75/228/228
f 75/228/228 77/225/225 74/227/227
f 74/227/227 77/225/225 76/226/226
f 71/232/232 69/233/233 59/207/207
f 59/207/207 69/233/233 67/236/236
f 59/207/207 67/236/236 65/237/237
f 68/234/234 66/235/235 69/233/233
f 69/233/233 66/235/235 67/236/236
f 64/238/238 62/239/239 65/237/237
f 65/237/237 62/239/239 63/240/240
f 65/237/237 63/240/240 59/207/207
f 59/207/207 63/240/240 61/241/241
f 59/207/207 61/241/241 58/244/244
f 58/244/244 61/241/241 60/242/242
f 58/244/244 60/242/242 57/243/243
f 93/245/245 131/246/246 92/248/248
f 92/248/248 131/246/246 130/247/247
f 96/249/249 58/250/250 95/252/252
f 95/252/252 58/250/250 57/251/251
f 135/254/254 298/262/262 173/253/253
f 173/253/253 298/262/262 211/266/266
f 173/253/253 211/266/266 172/268/268
f 172/268/268 211/266/266 210/267/267
f 134/255/255 96/256/256 135/254/254
f 135/254/254 96/256/256 97/257/257
f 135/254/254 97/257/257 18/261/261
f 18/261/261 97/257/257 59/258/258
f 18/261/261 59/258/258 17/260/260
f 17/260/260 59/258/258 58/259/259
f 18/261/261 298/262/262 135/254/254
f 211/266/266 298/262/262 249/265/265
f 249/265/265 298/262/262 297/263/263
f 249/265/265 297/263/263 248/264/264
f 59/270/270 97/271/271 94/269/269
f 94/269/269 97/271/271 132/272/272
f 135/274/274 173/275/275 170/273/273
f 170/273/273 173/275/275 208/276/276
f 211/278/278 249/279/279 246/277/277
f 246/277/277 249/279/279 284/280/280
f 166/281/281 128/282/282 167/284/284
f 167/284/284 128/282/282 129/283/283
f 126/285/285 164/286/286 127/288/288
f 127/288/288 164/286/286 165/287/287
f 127/289/289 165/290/290 129/292/292
f 129/292/292 165/290/290 167/291/291
f 218/293/293 180/294/294 219/296/296
f 219/296/296 180/294/294 181/295/295
f 178/297/297 216/298/298 179/300/300
f 179/300/300 216/298/298 217/299/299
f 179/301/301 217/302/302 181/304/304
f 181/304/304 217/302/302 219/303/303
f 103/305/305 141/306/306 105/308/308
f 105/308/308 141/306/306 143/307/307
f 102/309/309 140/310/310 103/312/312
f 103/312/312 140/310/310 141/311/311
f 142/313/313 104/314/314 143/316/316
f 143/316/316 104/314/314 105/315/315
f 238/317/317 200/318/318 239/320/320
f 239/320/320 200/318/318 201/319/319
f 198/321/321 236/322/322 199/324/324
f 199/324/324 236/322/322 237/323/323
f 199/325/325 237/326/326 201/328/328
f 201/328/328 237/326/326 239/327/327
f 243/329/329 205/330/330 241/332/332
f 241/332/332 205/330/330 203/331/331
f 242/333/333 204/334/334 243/336/336
f 243/336/336 204/334/334 205/335/335
f 202/337/337 240/338/338 203/340/340
f 203/340/340 240/338/338 241/339/339
f 234/341/341 196/342/342 235/344/344
f 235/344/344 196/342/342 197/343/343
f 194/345/345 232/346/346 195/348/348
f 195/348/348 232/346/346 233/347/347
f 195/349/349 233/350/350 197/352/352
f 197/352/352 233/350/350 235/351/351
f 115/353/353 153/354/354 117/356/356
f 117/356/356 153/354/354 155/355/355
f 114/357/357 152/358/358 115/360/360
f 115/360/360 152/358/358 153/359/359
f 154/361/361 116/362/362 155/364/364
f 155/364/364 116/362/362 117/363/363
f 186/365/365 224/366/366 187/368/368
f 187/368/368 224/366/366 225/367/367
f 226/369/369 188/370/370 227/372/372
f 227/372/372 188/370/370 189/371/371
f 305/374/374 254/517/517 256/373/373
f 256/373/373 254/517/517 216/457/457
f 256/373/373 216/457/457 218/456/456
f 218/456/456 216/457/457 178/458/458
f 218/456/456 178/458/458 180/455/455
f 180/455/455 178/458/458 140/489/489
f 180/455/455 140/489/489 142/496/496
f 142/496/496 140/489/489 102/490/490
f 142/496/496 102/490/490 104/495/495
f 104/495/495 102/490/490 64/461/461
f 104/495/495 64/461/461 66/468/468
f 66/468/468 64/461/461 23/462/462
f 66/468/468 23/462/462 25/467/467
f 25/467/467 23/462/462 1/418/418
f 25/467/467 1/418/418 3/419/419
f 307/375/375 339/400/400 305/374/374
f 305/374/374 339/400/400 337/401/401
f 305/374/374 337/401/401 303/520/520
f 303/520/520 337/401/401 301/519/519
f 301/519/519 337/401/401 299/403/403
f 301/519/519 299/403/403 250/404/404
f 339/400/400 307/375/375 309/378/378
f 309/378/378 307/375/375 258/376/376
f 309/378/378 258/376/376 260/377/377
f 260/377/377 258/376/376 220/453/453
f 260/377/377 220/453/453 222/452/452
f 222/452/452 220/453/453 182/454/454
f 222/452/452 182/454/454 184/451/451
f 184/451/451 182/454/454 144/493/493
f 184/451/451 144/493/493 146/500/500
f 146/500/500 144/493/493 106/494/494
f 146/500/500 106/494/494 108/499/499
f 108/499/499 106/494/494 68/465/465
f 108/499/499 68/465/465 70/472/472
f 70/472/472 68/465/465 27/466/466
f 70/472/472 27/466/466 29/471/471
f 29/471/471 27/466/466 3/419/419
f 29/471/471 3/419/419 31/470/470
f 31/470/470 3/419/419 33/475/475
f 31/470/470 33/475/475 74/476/476
f 220/453/453 258/376/376 218/456/456
f 218/456/456 258/376/376 256/373/373
f 309/378/378 311/379/379 339/400/400
f 339/400/400 311/379/379 313/382/382
f 339/400/400 313/382/382 315/383/383
f 311/379/379 262/380/380 313/382/382
f 313/382/382 262/380/380 264/381/381
f 264/381/381 262/380/380 224/449/449
f 264/381/381 224/449/449 226/448/448
f 226/448/448 224/449/449 186/450/450
f 226/448/448 186/450/450 188/447/447
f 188/447/447 186/450/450 148/497/497
f 188/447/447 148/497/497 150/504/504
f 150/504/504 148/497/497 110/498/498
f 150/504/504 110/498/498 112/503/503
f 112/503/503 110/498/498 72/469/469
f 112/503/503 72/469/469 74/476/476
f 74/476/476 72/469/469 31/470/470
f 224/449/449 262/380/380 222/452/452
f 222/452/452 262/380/380 260/377/377
f 339/400/400 315/383/383 317/386/386
f 317/386/386 315/383/383 266/384/384
f 317/386/386 266/384/384 268/385/385
f 268/385/385 266/384/384 228/445/445
f 268/385/385 228/445/445 230/444/444
f 230/444/444 228/445/445 190/446/446
f 230/444/444 190/446/446 192/443/443
f 192/443/443 190/446/446 152/501/501
f 192/443/443 152/501/501 154/508/508
f 154/508/508 152/501/501 114/502/502
f 154/508/508 114/502/502 116/507/507
f 116/507/507 114/502/502 76/473/473
f 116/507/507 76/473/473 78/480/480
f 78/480/480 76/473/473 35/474/474
f 78/480/480 35/474/474 37/479/479
f 37/479/479 35/474/474 3/419/419
f 37/479/479 3/419/419 39/478/478
f 39/478/478 3/419/419 41/483/483
f 39/478/478 41/483/483 82/484/484
f 228/445/445 266/384/384 226/448/448
f 226/448/448 266/384/384 264/381/381
f 317/386/386 319/387/387 339/400/400
f 339/400/400 319/387/387 321/390/390
f 339/400/400 321/390/390 323/391/391
f 319/387/387 270/388/388 321/390/390
f 321/390/390 270/388/388 272/389/389
f 272/389/389 270/388/388 232/441/441
f 272/389/389 232/441/441 234/440/440
f 234/440/440 232/441/441 194/442/442
f 234/440/440 194/442/442 196/439/439
f 196/439/439 194/442/442 156/505/505
f 196/439/439 156/505/505 158/512/512
f 158/512/512 156/505/505 118/506/506
f 158/512/512 118/506/506 120/511/511
f 120/511/511 118/506/506 80/477/477
f 120/511/511 80/477/477 82/484/484
f 82/484/484 80/477/477 39/478/478
f 232/441/441 270/388/388 230/444/444
f 230/444/444 270/388/388 268/385/385
f 339/400/400 323/391/391 325/394/394
f 325/394/394 323/391/391 274/392/392
f 325/394/394 274/392/392 276/393/393
f 276/393/393 274/392/392 236/437/437
f 276/393/393 236/437/437 238/436/436
f 238/436/436 236/437/437 198/438/438
f 238/436/436 198/438/438 200/435/435
f 200/435/435 198/438/438 160/509/509
f 200/435/435 160/509/509 162/516/516
f 162/516/516 160/509/509 122/510/510
f 162/516/516 122/510/510 124/515/515
f 124/515/515 122/510/510 84/481/481
f 124/515/515 84/481/481 86/488/488
f 86/488/488 84/481/481 43/482/482
f 86/488/488 43/482/482 45/487/487
f 45/487/487 43/482/482 3/419/419
f 45/487/487 3/419/419 47/486/486
f 47/486/486 3/419/419 49/421/421
f 47/486/486 49/421/421 90/422/422
f 236/437/437 274/392/392 234/440/440
f 234/440/440 274/392/392 272/389/389
f 325/394/394 327/395/395 339/400/400
f 339/400/400 327/395/395 329/398/398
f 339/400/400 329/398/398 333/399/399
f 327/395/395 278/396/396 329/398/398
f 329/398/398 278/396/396 280/397/397
f 280/397/397 278/396/396 240/433/433
f 280/397/397 240/433/433 242/430/430
f 242/430/430 240/433/433 202/434/434
f 242/430/430 202/434/434 204/429/429
f 204/429/429 202/434/434 164/513/513
f 204/429/429 164/513/513 166/426/426
f 166/426/426 164/513/513 126/514/514
f 166/426/426 126/514/514 128/425/425
f 128/425/425 126/514/514 88/485/485
f 128/425/425 88/485/485 90/422/422
f 90/422/422 88/485/485 47/486/486
f 240/433/433 278/396/396 238/436/436
f 238/436/436 278/396/396 276/393/393
f 337/401/401 285/402/402 299/403/403
f 247/405/405 209/406/406 250/404/404
f 250/404/404 209/406/406 212/407/407
f 250/404/404 212/407/407 252/518/518
f 252/518/518 212/407/407 214/460/460
f 252/518/518 214/460/460 254/517/517
f 254/517/517 214/460/460 216/457/457
f 212/407/407 174/408/408 214/460/460
f 214/460/460 174/408/408 176/459/459
f 176/459/459 174/408/408 136/411/411
f 176/459/459 136/411/411 138/492/492
f 138/492/492 136/411/411 98/412/412
f 138/492/492 98/412/412 100/491/491
f 100/491/491 98/412/412 60/415/415
f 100/491/491 60/415/415 62/464/464
f 62/464/464 60/415/415 19/416/416
f 62/464/464 19/416/416 21/463/463
f 21/463/463 19/416/416 1/418/418
f 21/463/463 1/418/418 23/462/462
f 171/409/409 133/410/410 174/408/408
f 174/408/408 133/410/410 136/411/411
f 95/413/413 57/414/414 98/412/412
f 98/412/412 57/414/414 60/415/415
f 19/416/416 5/417/417 1/418/418
f 3/419/419 53/420/420 49/421/421
f 92/423/423 130/424/424 90/422/422
f 90/422/422 130/424/424 128/425/425
f 168/427/427 206/428/428 166/426/426
f 166/426/426 206/428/428 204/429/429
f 244/431/431 282/432/432 242/430/430
f 242/430/430 282/432/432 280/397/397
f 164/513/513 202/434/434 162/516/516
f 162/516/516 202/434/434 200/435/435
f 160/509/509 198/438/438 158/512/512
f 158/512/512 198/438/438 196/439/439
f 156/505/505 194/442/442 154/508/508
f 154/508/508 194/442/442 192/443/443
f 152/501/501 190/446/446 150/504/504
f 150/504/504 190/446/446 188/447/447
f 148/497/497 186/450/450 146/500/500
f 146/500/500 186/450/450 184/451/451
f 144/493/493 182/454/454 142/496/496
f 142/496/496 182/454/454 180/455/455
f 140/489/489 178/458/458 138/492/492
f 138/492/492 178/458/458 176/459/459
f 100/491/491 62/464/464 102/490/490
f 102/490/490 62/464/464 64/461/461
f 27/466/466 25/467/467 3/419/419
f 104/495/495 66/468/468 106/494/494
f 106/494/494 66/468/468 68/465/465
f 108/499/499 70/472/472 110/498/498
f 110/498/498 70/472/472 72/469/469
f 35/474/474 33/475/475 3/419/419
f 112/503/503 74/476/476 114/502/502
f 114/502/502 74/476/476 76/473/473
f 116/507/507 78/480/480 118/506/506
f 118/506/506 78/480/480 80/477/477
f 43/482/482 41/483/483 3/419/419
f 120/511/511 82/484/484 122/510/510
f 122/510/510 82/484/484 84/481/481
f 124/515/515 86/488/488 126/514/514
f 126/514/514 86/488/488 88/485/485
f 252/518/518 301/519/519 250/404/404
f 303/520/520 254/517/517 305/374/374
f 227/521/521 189/522/522 225/524/524
f 225/524/524 189/522/522 187/523/523
f 107/525/525 145/526/526 109/528/528
f 109/528/528 145/526/526 147/527/527
f 106/529/529 144/530/530 107/532/532
f 107/532/532 144/530/530 145/531/531
f 146/533/533 108/534/534 147/536/536
f 147/536/536 108/534/534 109/535/535
f 214/537/537 176/538/538 215/540/540
f 215/540/540 176/538/538 177/539/539
f 174/541/541 212/542/542 175/544/544
f 175/544/544 212/542/542 213/543/543
f 175/545/545 213/546/546 177/548/548
f 177/548/548 213/546/546 215/547/547
f 99/549/549 137/550/550 101/552/552
f 101/552/552 137/550/550 139/551/551
f 98/553/553 136/554/554 99/556/556
f 99/556/556 136/554/554 137/555/555
f 138/557/557 100/558/558 139/560/560
f 139/560/560 100/558/558 101/559/559
f 222/561/561 184/562/562 223/564/564
f 223/564/564 184/562/562 185/563/563
f 182/565/565 220/566/566 183/568/568
f 183/568/568 220/566/566 221/567/567
f 183/569/569 221/570/570 185/572/572
f 185/572/572 221/570/570 223/571/571
f 111/573/573 149/574/574 113/576/576
f 113/576/576 149/574/574 151/575/575
f 110/577/577 148/578/578 111/580/580
f 111/580/580 148/578/578 149/579/579
f 150/581/581 112/582/582 151/584/584
f 151/584/584 112/582/582 113/583/583
f 230/585/585 192/586/586 231/588/588
f 231/588/588 192/586/586 193/587/587
f 190/589/589 228/590/590 191/592/592
f 191/592/592 228/590/590 229/591/591
f 191/593/593 229/594/594 193/596/596
f 193/596/596 229/594/594 231/595/595
f 119/597/597 157/598/598 121/600/600
f 121/600/600 157/598/598 159/599/599
f 118/601/601 156/602/602 119/604/604
f 119/604/604 156/602/602 157/603/603
f 158/605/605 120/606/606 159/608/608
f 159/608/608 120/606/606 121/607/607
f 162/609/609 124/610/610 163/612/612
f 163/612/612 124/610/610 125/611/611
f 122/613/613 160/614/614 123/616/616
f 123/616/616 160/614/614 161/615/615
f 123/617/617 161/618/618 125/620/620
f 125/620/620 161/618/618 163/619/619
f 2/622/622 4/623/623 1/621/621
f 1/621/621 4/623/623 3/624/624
f 338/626/626 287/628/628 337/625/625
f 337/625/625 287/628/628 286/635/635
f 337/625/625 286/635/635 285/636/636
f 338/626/626 288/627/627 287/628/628
f 287/628/628 7/629/629 286/635/635
f 286/635/635 7/629/629 6/634/634
f 6/634/634 7/629/629 1/632/632
f 6/634/634 1/632/632 5/633/633
f 8/630/630 2/631/631 7/629/629
f 7/629/629 2/631/631 1/632/632
f 298/638/638 300/681/681 297/637/637
f 297/637/637 300/681/681 299/682/682
f 297/637/637 299/682/682 293/688/688
f 293/688/688 299/682/682 285/683/683
f 293/688/688 285/683/683 289/685/685
f 289/685/685 285/683/683 286/684/684
f 296/639/639 288/644/644 298/638/638
f 298/638/638 288/644/644 336/645/645
f 298/638/638 336/645/645 332/647/647
f 332/647/647 336/645/645 335/646/646
f 295/640/640 291/641/641 296/639/639
f 296/639/639 291/641/641 292/642/642
f 296/639/639 292/642/642 288/644/644
f 288/644/644 292/642/642 287/643/643
f 331/648/648 330/652/652 332/647/647
f 332/647/647 330/652/652 328/653/653
f 332/647/647 328/653/653 326/656/656
f 326/656/656 328/653/653 325/655/655
f 325/655/655 328/653/653 327/654/654
f 334/649/649 333/650/650 331/648/648
f 331/648/648 333/650/650 329/651/651
f 331/648/648 329/651/651 330/652/652
f 326/656/656 324/657/657 332/647/647
f 332/647/647 324/657/657 322/660/660
f 332/647/647 322/660/660 320/661/661
f 323/658/658 321/659/659 324/657/657
f 324/657/657 321/659/659 322/660/660
f 319/662/662 317/663/663 320/661/661
f 320/661/661 317/663/663 318/664/664
f 320/661/661 318/664/664 332/647/647
f 332/647/647 318/664/664 316/665/665
f 332/647/647 316/665/665 314/668/668
f 314/668/668 316/665/665 313/667/667
f 313/667/667 316/665/665 315/666/666
f 332/647/647 314/668/668 298/638/638
f 298/638/638 314/668/668 312/669/669
f 298/638/638 312/669/669 310/672/672
f 310/672/672 312/669/669 309/671/671
f 309/671/671 312/669/669 311/670/670
f 310/672/672 308/673/673 298/638/638
f 298/638/638 308/673/673 306/676/676
f 298/638/638 306/676/676 304/677/677
f 307/674/674 305/675/675 308/673/673
f 308/673/673 305/675/675 306/676/676
f 303/678/678 301/679/679 304/677/677
f 304/677/677 301/679/679 302/680/680
f 304/677/677 302/680/680 298/638/638
f 298/638/638 302/680/680 300/681/681
f 290/686/686 294/687/687 289/685/685
f 289/685/685 294/687/687 293/688/688
f 288/690/690 338/691/691 336/689/689
f 336/689/689 338/691/691 340/692/692
f 340/694/694 338/695/695 339/693/693
f 339/693/693 338/695/695 337/696/696
f 2/698/698 8/699/699 4/697/697
f 4/697/697 8/699/699 56/700/700
f 52/702/702 332/703/703 55/701/701
f 55/701/701 332/703/703 335/704/704
f 52/706/706 208/714/714 332/705/705
f 332/705/705 208/714/714 246/717/717
f 332/705/705 246/717/717 284/718/718
f 51/707/707 94/709/709 52/706/706
f 52/706/706 94/709/709 132/710/710
f 52/706/706 132/710/710 170/713/713
f 170/713/713 132/710/710 169/712/712
f 169/712/712 132/710/710 131/711/711
f 51/707/707 93/708/708 94/709/709
f 170/713/713 208/714/714 52/706/706
f 207/715/715 245/716/716 208/714/714
f 208/714/714 245/716/716 246/717/717
f 283/719/719 331/720/720 284/718/718
f 284/718/718 331/720/720 332/705/705
f 51/721/721 54/722/722 93/730/730
f 93/730/730 54/722/722 131/729/729
f 131/729/729 54/722/722 169/728/728
f 169/728/728 54/722/722 334/723/723
f 169/728/728 334/723/723 207/727/727
f 207/727/727 334/723/723 245/726/726
f 245/726/726 334/723/723 283/725/725
f 283/725/725 334/723/723 331/724/724
f 298/732/732 18/733/733 296/731/731
f 296/731/731 18/733/733 16/734/734
f 15/735/735 295/736/736 16/738/738
f 16/738/738 295/736/736 296/737/737
f 297/739/739 293/740/740 248/748/748
f 248/748/748 293/740/740 210/747/747
f 210/747/747 293/740/740 172/746/746
f 172/746/746 293/740/740 13/741/741
f 172/746/746 13/741/741 134/745/745
f 134/745/745 13/741/741 96/744/744
f 96/744/744 13/741/741 58/743/743
f 58/743/743 13/741/741 17/742/742
f 292/750/750 12/751/751 287/749/749
f 287/749/749 12/751/751 7/752/752
f 291/753/753 11/754/754 292/756/756
f 292/756/756 11/754/754 12/755/755
f 286/758/758 6/759/759 289/757/757
f 289/757/757 6/759/759 9/760/760
f 294/761/761 14/762/762 293/764/764
f 293/764/764 14/762/762 13/763/763
f 10/765/765 290/766/766 9/768/768
f 9/768/768 290/766/766 289/767/767
f 11/770/770 291/771/771 15/769/769
f 15/769/769 291/771/771 295/772/772
f 14/774/774 294/775/775 10/773/773
f 10/773/773 294/775/775 290/776/776
f 4/778/778 55/780/780 3/777/777
f 3/777/777 55/780/780 54/787/787
f 3/777/777 54/787/787 53/788/788
f 4/778/778 56/779/779 55/780/780
f 55/780/780 335/781/781 54/787/787
f 54/787/787 335/781/781 334/786/786
f 334/786/786 335/781/781 339/784/784
f 334/786/786 339/784/784 333/785/785
f 336/782/782 340/783/783 335/781/781
f 335/781/781 340/783/783 339/784/784
f 302/789/789 253/790/790 300/792/792
f 300/792/792 253/790/790 251/791/791
f 63/793/793 22/794/794 61/796/796
f 61/796/796 22/794/794 20/795/795
f 87/797/797 46/798/798 85/800/800
f 85/800/800 46/798/798 44/799/799
f 91/801/801 50/802/802 89/804/804
f 89/804/804 50/802/802 48/803/803
f 318/805/805 269/806/806 316/808/808
f 316/808/808 269/806/806 267/807/807
f 83/809/809 42/810/810 81/812/812
f 81/812/812 42/810/810 40/811/811
f 310/813/813 261/814/814 308/816/816
f 308/816/816 261/814/814 259/815/815
f 306/817/817 257/818/818 304/820/820
f 304/820/820 257/818/818 255/819/819
f 75/821/821 34/822/822 73/824/824
f 73/824/824 34/822/822 32/823/823
f 67/825/825 26/826/826 65/828/828
f 65/828/828 26/826/826 24/827/827
f 314/829/829 265/830/830 312/832/832
f 312/832/832 265/830/830 263/831/831
f 71/833/833 30/834/834 69/836/836
f 69/836/836 30/834/834 28/835/835
f 326/837/837 277/838/838 324/840/840
f 324/840/840 277/838/838 275/839/839
f 330/841/841 281/842/842 328/844/844
f 328/844/844 281/842/842 279/843/843
f 322/845/845 273/846/846 320/848/848
f 320/848/848 273/846/846 271/847/847
f 79/849/849 38/850/850 77/852/852
f 77/852/852 38/850/850 36/851/851
f 52/854/854 50/901/901 51/853/853
f 51/853/853 50/901/901 49/902/902
f 51/853/853 49/902/902 53/903/903
f 55/855/855 56/856/856 52/854/854
f 52/854/854 56/856/856 18/863/863
f 52/854/854 18/863/863 36/888/888
f 36/888/888 18/863/863 34/885/885
f 36/888/888 34/885/885 35/887/887
f 35/887/887 34/885/885 33/886/886
f 56/856/856 8/857/857 18/863/863
f 18/863/863 8/857/857 16/862/862
f 16/862/862 8/857/857 12/859/859
f 16/862/862 12/859/859 15/861/861
f 15/861/861 12/859/859 11/860/860
f 8/857/857 7/858/858 12/859/859
f 17/864/864 20/872/872 18/863/863
f 18/863/863 20/872/872 22/873/873
f 18/863/863 22/873/873 24/876/876
f 24/876/876 22/873/873 23/875/875
f 23/875/875 22/873/873 21/874/874
f 20/872/872 17/864/864 19/871/871
f 19/871/871 17/864/864 13/865/865
f 19/871/871 13/865/865 5/870/870
f 5/870/870 13/865/865 9/868/868
f 5/870/870 9/868/868 6/869/869
f 14/866/866 10/867/867 13/865/865
f 13/865/865 10/867/867 9/868/868
f 24/876/876 26/877/877 18/863/863
f 18/863/863 26/877/877 28/880/880
f 18/863/863 28/880/880 30/881/881
f 25/878/878 27/879/879 26/877/877
f 26/877/877 27/879/879 28/880/880
f 29/882/882 31/883/883 30/881/881
f 30/881/881 31/883/883 32/884/884
f 30/881/881 32/884/884 18/863/863
f 18/863/863 32/884/884 34/885/885
f 36/888/888 38/889/889 52/854/854
f 52/854/854 38/889/889 40/892/892
f 52/854/854 40/892/892 42/893/893
f 37/890/890 39/891/891 38/889/889
f 38/889/889 39/891/891 40/892/892
f 41/894/894 43/895/895 42/893/893
f 42/893/893 43/895/895 44/896/896
f 42/893/893 44/896/896 52/854/854
f 52/854/854 44/896/896 46/897/897
f 52/854/854 46/897/897 48/900/900
f 48/900/900 46/897/897 47/899/899
f 47/899/899 46/897/897 45/898/898
f 48/900/900 50/901/901 52/854/854
f 53/903/903 54/904/904 51/853/853
f 321/905/905 272/906/906 322/908/908
f 322/908/908 272/906/906 273/907/907
f 270/909/909 319/910/910 271/912/912
f 271/912/912 319/910/910 320/911/911
f 329/913/913 280/914/914 330/916/916
f 330/916/916 280/914/914 281/915/915
f 278/917/917 327/918/918 279/920/920
f 279/920/920 327/918/918 328/919/919
f 325/921/921 276/922/922 326/924/924
f 326/924/924 276/922/922 277/923/923
f 274/925/925 323/926/926 275/928/928
f 275/928/928 323/926/926 324/927/927
f 35/929/929 76/930/930 36/932/932
f 36/932/932 76/930/930 77/931/931
f 78/933/933 37/934/934 79/936/936
f 79/936/936 37/934/934 38/935/935
f 313/937/937 264/938/938 314/940/940
f 314/940/940 264/938/938 265/939/939
f 262/941/941 311/942/942 263/944/944
f 263/944/944 311/942/942 312/943/943
f 27/945/945 68/946/946 28/948/948
f 28/948/948 68/946/946 69/947/947
f 70/949/949 29/950/950 71/952/952
f 71/952/952 29/950/950 30/951/951
f 23/953/953 64/954/954 24/956/956
f 24/956/956 64/954/954 65/955/955
f 66/957/957 25/958/958 67/960/960
f 67/960/960 25/958/958 26/959/959
f 305/961/961 256/962/962 306/964/964
f 306/964/964 256/962/962 257/963/963
f 254/965/965 303/966/966 255/968/968
f 255/968/968 303/966/966 304/967/967
f 309/969/969 260/970/970 310/972/972
f 310/972/972 260/970/970 261/971/971
f 258/973/973 307/974/974 259/976/976
f 259/976/976 307/974/974 308/975/975
f 31/977/977 72/978/978 32/980/980
f 32/980/980 72/978/978 73/979/979
f 74/981/981 33/982/982 75/984/984
f 75/984/984 33/982/982 34/983/983
f 317/985/985 268/986/986 318/988/988
f 318/988/988 268/986/986 269/987/987
f 266/989/989 315/990/990 267/992/992
f 267/992/992 315/990/990 316/991/991
f 39/993/993 80/994/994 40/996/996
f 40/996/996 80/994/994 81/995/995
f 82/997/997 41/998/998 83/1000/1000
f 83/1000/1000 41/998/998 42/999/999
f 47/1001/1001 88/1002/1002 48/1004/1004
f 48/1004/1004 88/1002/1002 89/1003/1003
f 90/1005/1005 49/1006/1006 91/1008/1008
f 91/1008/1008 49/1006/1006 50/1007/1007
f 43/1009/1009 84/1010/1010 44/1012/1012
f 44/1012/1012 84/1010/1010 85/1011/1011
f 86/1013/1013 45/1014/1014 87/1016/1016
f 87/1016/1016 45/1014/1014 46/1015/1015
f 19/1017/1017 60/1018/1018 20/1020/1020
f 20/1020/1020 60/1018/1018 61/1019/1019
f 62/1021/1021 21/1022/1022 63/1024/1024
f 63/1024/1024 21/1022/1022 22/1023/1023
f 301/1025/1025 252/1026/1026 302/1028/1028
f 302/1028/1028 252/1026/1026 253/1027/1027
f 250/1029/1029 299/1030/1030 251/1032/1032
f 251/1032/1032 299/1030/1030 300/1031/1031
# 340 vertices
# 1032 texture params
# 1032 normals
# 820 facets

# 1 groups
