# WaveFront *.obj file (generated by Autodesk ATF)

mtllib 一升瓶.mtl

g ソリッド1

v -59.795070 51.273475 -4.954761
v -59.795070 51.273475 4.954761
v -59.795070 197.500000 -4.954761
v -59.795070 197.500000 4.954761
v -59.314208 38.152790 -2.519637
v -59.198928 206.942616 2.514740
v -58.886847 38.152790 7.540756
v -58.772397 206.942616 -7.526100
v -58.164015 51.273475 -14.729129
v -58.164015 51.273475 14.729129
v -58.164015 197.500000 -14.729129
v -58.164015 197.500000 14.729129
v -58.035207 38.152790 -12.507544
v -57.922411 206.942616 12.483234
v -57.424879 25.153706 -2.439379
v -57.011132 25.153706 7.300561
v -56.976519 216.149883 2.420333
v -56.765423 38.152790 17.384216
v -56.655092 206.942616 -17.350428
v -56.566000 216.149883 -7.243560
v -56.186619 25.153706 -12.109143
v -55.747924 216.149883 12.014596
v -55.086641 38.152790 -22.135632
v -54.979577 206.942616 22.092609
v -54.957280 25.153706 16.830478
v -54.946399 51.273475 -24.101725
v -54.946399 51.273475 24.101725
v -54.946399 197.500000 -24.101725
v -54.946399 197.500000 24.101725
v -54.528184 216.149883 -16.699069
v -54.295459 12.396699 -2.306443
v -53.904257 12.396699 6.902710
v -53.334098 224.892349 2.265605
v -53.331971 25.153706 -21.430547
v -53.124676 12.396699 -11.449244
v -53.010955 38.152790 26.727562
v -52.949824 224.892349 -6.780490
v -52.915564 216.149883 21.263223
v -52.907925 206.942616 -26.675615
v -52.184043 224.892349 11.246521
v -51.962333 12.396699 15.913285
v -51.322403 25.153706 25.876212
v -51.042280 224.892349 -15.631522
v -50.921688 216.149883 -25.674176
v -50.553327 38.152790 -31.126919
v -50.455074 206.942616 31.066422
v -50.425596 12.396699 -20.262671
v -50.229988 51.273475 -32.816889
v -50.229988 51.273475 32.816889
v -50.229988 197.500000 -32.816889
v -50.229988 197.500000 32.816889
v -49.786711 0.000000 -4.613418
v -49.786711 0.000000 4.613418
v -49.532752 224.892349 19.903897
v -48.943057 25.153706 -30.135436
v -48.560920 216.149883 29.900146
v -48.525543 12.396699 24.466064
v -48.362441 232.952137 2.054411
v -48.091283 0.000000 -13.683150
v -48.091283 0.000000 13.683150
v -48.013988 232.952137 -6.148432
v -47.731462 38.152790 35.302005
v -47.666340 224.892349 -24.032865
v -47.638693 206.942616 -35.233393
v -47.319593 232.952137 10.198152
v -46.284261 232.952137 -14.174396
v -46.275859 12.396699 -28.493178
v -46.211076 25.153706 34.177535
v -45.850272 216.149883 -33.910682
v -45.456495 224.892349 27.988675
v -44.915447 232.952137 18.048512
v -44.758162 0.000000 -22.286918
v -44.758162 0.000000 22.286918
v -44.565692 38.152790 -39.222741
v -44.479074 206.942616 39.146509
v -44.143434 51.273475 -40.636892
v -44.143434 51.273475 40.636892
v -44.143434 197.500000 -40.636892
v -44.143434 197.500000 40.636892
v -43.692760 12.396699 32.314997
v -43.223019 232.952137 -21.792588
v -43.146143 25.153706 -37.973382
v -42.919130 224.892349 -31.742823
v -42.809267 216.149883 37.676895
v -42.223501 240.128345 0.000000
v -41.412191 240.128345 -8.237397
v -41.412191 240.128345 8.237397
v -41.219168 232.952137 25.379648
v -41.078820 38.152790 42.860875
v -40.998983 206.942616 -42.777572
v -40.794854 12.396699 -35.903988
v -40.072536 224.892349 35.268266
v -39.900861 0.000000 -30.131731
v -39.900861 0.000000 30.131731
v -39.770341 25.153706 41.495633
v -39.459822 216.149883 -41.171641
v -39.009430 240.128345 -16.158235
v -39.009430 240.128345 16.158235
v -38.918331 232.952137 -28.783846
v -37.603018 12.396699 39.234288
v -37.295978 38.152790 -46.190195
v -37.223489 206.942616 46.100421
v -36.937215 224.892349 -38.539600
v -36.852763 51.273475 -47.348433
v -36.852763 51.273475 47.348433
v -36.852763 197.500000 -47.348433
v -36.852763 197.500000 47.348433
v -36.337085 232.952137 31.980658
v -36.107993 25.153706 -44.718904
v -35.826068 216.149883 44.369745
v -35.216990 248.247395 -0.907065
v -35.123599 248.247395 2.718789
v -35.107560 240.128345 -23.458121
v -35.107560 240.128345 23.458121
v -34.937069 248.247395 -4.523303
v -34.657891 248.247395 6.315822
v -34.286807 248.247395 -8.091593
v -34.140253 12.396699 -42.281904
v -33.824801 248.247395 9.845906
v -33.684783 0.000000 -36.950445
v -33.684783 0.000000 36.950445
v -33.535762 224.892349 41.533256
v -33.494031 232.952137 -34.947047
v -33.273098 248.247395 -11.574111
v -33.244417 38.152790 49.186716
v -33.179803 206.942616 -49.091115
v -32.633159 248.247395 13.271621
v -32.185485 25.153706 47.619972
v -31.934187 216.149883 -47.248168
v -31.906683 248.247395 -14.933939
v -31.095598 248.247395 16.556654
v -30.431507 12.396699 45.024881
v -30.409653 232.952137 37.661643
v -30.202053 248.247395 -18.135464
v -29.892683 224.892349 -44.227662
v -29.856524 240.128345 -29.856524
v -29.856524 240.128345 29.856524
v -29.588935 257.366085 -0.762106
v -29.510469 257.366085 2.284297
v -29.353750 257.366085 -3.800431
v -29.228415 248.247395 19.666183
v -29.119186 257.366085 5.306486
v -28.953328 38.152790 -51.828842
v -28.897057 206.942616 51.728110
v -28.807406 257.366085 -6.798469
v -28.556843 51.273475 -52.768426
v -28.556843 51.273475 52.768426
v -28.556843 197.500000 -52.768426
v -28.556843 197.500000 52.768426
v -28.419235 257.366085 8.272425
v -28.177271 248.247395 -21.144750
v -28.031080 25.153706 -50.177941
v -27.955699 257.366085 -9.724443
v -27.812219 216.149883 49.786162
v -27.418029 257.366085 11.150674
v -27.106171 232.952137 -40.104885
v -27.051406 248.247395 22.567244
v -26.807652 257.366085 -12.547334
v -26.503501 12.396699 -47.443447
v -26.321609 0.000000 -42.510858
v -26.321609 0.000000 42.510858
v -26.126187 257.366085 13.910723
v -26.034226 224.892349 46.603408
v -25.853803 248.247395 -23.929894
v -25.465610 267.257175 -0.655904
v -25.398080 267.257175 1.965972
v -25.375440 257.366085 -15.237222
v -25.263197 267.257175 -3.270827
v -25.061324 267.257175 4.567008
v -24.792991 267.257175 -5.851078
v -24.587643 248.247395 25.229087
v -24.557400 257.366085 16.523315
v -24.458911 267.257175 7.119632
v -24.453630 38.152790 54.097543
v -24.406104 206.942616 -53.992400
v -24.059970 267.257175 -8.369307
v -23.674712 25.153706 52.374377
v -23.674240 257.366085 -17.765591
v -23.607388 232.952137 42.259169
v -23.597229 267.257175 9.596787
v -23.489864 216.149883 -51.965451
v -23.458121 240.128345 -35.107560
v -23.458121 240.128345 35.107560
v -23.256280 248.247395 -26.461377
v -23.071909 267.257175 -10.798819
v -22.949779 277.674122 -0.591105
v -22.888920 277.674122 1.771747
v -22.767365 277.674122 -2.947691
v -22.728300 257.366085 18.960756
v -22.585433 277.674122 4.115818
v -22.485409 267.257175 11.972214
v -22.384536 12.396699 49.520187
v -22.343609 277.674122 -5.273031
v -22.059927 288.357334 1.508940
v -22.059927 392.999992 1.508940
v -22.042534 277.674122 6.416261
v -21.988192 224.892349 -48.643379
v -21.863246 248.247395 27.623496
v -21.839280 267.257175 -13.113860
v -21.792603 394.000015 1.490655
v -21.722088 257.366085 -20.105641
v -21.683009 277.674122 -7.542475
v -21.648993 288.357334 -4.498712
v -21.648993 392.999992 -4.498712
v -21.386647 394.000015 -4.444197
v -21.265981 277.674122 8.648689
v -21.135237 267.257175 14.220731
v -21.062257 394.732056 1.440698
v -20.834777 288.357334 7.404682
v -20.834777 392.999992 7.404682
v -20.792561 277.674122 -9.731968
v -20.669909 394.732056 -4.295256
v -20.658274 257.366085 21.197207
v -20.582299 394.000015 7.314951
v -20.412233 248.247395 -28.712363
v -20.375149 267.257175 -15.289892
v -20.264001 277.674122 10.789440
v -19.938514 232.952137 -44.108977
v -19.906769 395.000000 -2.862161
v -19.906769 395.000000 2.862161
v -19.892517 394.732056 7.069802
v -19.777744 38.152790 -55.976467
v -19.739305 206.942616 55.867672
v -19.681706 277.674122 -11.818299
v -19.632452 288.357334 -10.172716
v -19.632452 392.999992 -10.172716
v -19.561028 267.257175 16.318506
v -19.539676 257.366085 -22.232563
v -19.481968 51.273475 -56.749034
v -19.481968 51.273475 56.749034
v -19.481968 197.500000 -56.749034
v -19.481968 197.500000 56.749034
v -19.394543 394.000015 -10.049442
v -19.147766 25.153706 -54.193454
v -19.047219 277.674122 12.815819
v -18.998264 216.149883 53.770323
v -18.907092 248.247395 29.725089
v -18.744566 394.732056 -9.712651
v -18.695036 267.257175 -17.303847
v -18.369263 257.366085 23.208964
v -18.362222 277.674122 -13.779353
v -18.294040 395.000000 -8.354608
v -18.294040 395.000000 8.354608
v -18.104290 12.396699 -51.240134
v -18.064408 288.357334 12.751251
v -18.064408 392.999992 12.751251
v -18.062084 0.000000 -46.623611
v -18.062084 0.000000 46.623611
v -17.845502 394.000015 12.596731
v -17.783734 224.892349 50.332866
v -17.779468 267.257175 18.243301
v -17.628531 277.674122 14.706347
v -17.351812 248.247395 -30.658989
v -17.247438 394.732056 12.174572
v -17.150139 257.366085 -24.123819
v -16.848092 277.674122 -15.594343
v -16.816752 267.257175 -19.134376
v -16.159861 288.357334 -15.092256
v -16.159861 392.999992 -15.092256
v -16.158235 240.128345 -39.009430
v -16.158235 240.128345 39.009430
v -16.125983 232.952137 45.640979
v -16.022977 277.674122 16.440985
v -15.964034 394.000015 -14.909366
v -15.885535 257.366085 24.974699
v -15.809441 267.257175 19.974711
v -15.750519 248.247395 31.511588
v -15.429025 394.732056 -14.409703
v -15.199238 395.000000 -13.170215
v -15.199238 395.000000 13.170215
v -15.155370 277.674122 -17.244029
v -14.959358 38.152790 57.452083
v -14.930284 206.942616 -57.340422
v -14.760205 267.257175 -20.762076
v -14.578806 257.366085 -25.759354
v -14.482859 25.153706 55.622067
v -14.369780 216.149883 -55.187778
v -14.247574 277.674122 18.001344
v -14.107457 248.247395 -32.280624
v -13.954285 288.357334 17.152120
v -13.954285 392.999992 17.152120
v -13.785186 394.000015 16.944269
v -13.693602 12.396699 52.590890
v -13.671829 267.257175 21.494386
v -13.451142 224.892349 -51.659708
v -13.323197 394.732056 16.376408
v -13.301996 277.674122 -18.710923
v -13.233416 257.366085 26.475697
v -12.547196 267.257175 -22.169695
v -12.426986 248.247395 32.964058
v -12.321144 277.674122 19.370885
v -12.197264 232.952137 -46.844134
v -11.852934 257.366085 -27.121832
v -11.488767 288.357334 -18.892473
v -11.488767 392.999992 -18.892473
v -11.389292 267.257175 22.786214
v -11.349545 394.000015 -18.663532
v -11.307619 277.674122 -19.979478
v -10.969183 394.732056 -18.038054
v -10.873084 395.000000 -16.918849
v -10.873084 395.000000 16.918849
v -10.713561 248.247395 -33.560076
v -10.441020 257.366085 27.696047
v -10.264107 277.674122 20.535090
v -10.201185 267.257175 -23.342307
v -10.033190 38.152790 -58.513751
v -10.013690 206.942616 58.400025
v -9.875675 51.273475 -59.181676
v -9.875675 51.273475 59.181676
v -9.875675 197.500000 -59.181676
v -9.875675 197.500000 59.181676
v -9.713604 25.153706 -56.649919
v -9.637762 216.149883 56.207609
v -9.193376 277.674122 -21.036243
v -9.187476 0.000000 -49.148655
v -9.187476 0.000000 49.148655
v -9.184252 12.396699 -53.562727
v -9.021634 224.892349 52.614341
v -9.001418 257.366085 -28.196814
v -8.986026 267.257175 23.836503
v -8.971725 248.247395 34.067099
v -8.809236 288.357334 20.280893
v -8.809236 392.999992 20.280893
v -8.702484 394.000015 20.035129
v -8.410834 394.732056 19.363682
v -8.237397 240.128345 -41.412191
v -8.237397 240.128345 41.412191
v -8.180663 232.952137 47.709780
v -8.098267 277.674122 21.481616
v -7.747038 267.257175 -24.267485
v -7.537946 257.366085 28.622808
v -7.206097 248.247395 -34.483781
v -6.981683 277.674122 -21.870022
v -6.487506 267.257175 24.634118
v -6.054485 257.366085 -28.972902
v -5.965604 288.357334 -21.291521
v -5.965604 392.999992 -21.291521
v -5.893313 394.000015 -21.033509
v -5.846584 277.674122 22.200432
v -5.695807 394.732056 -20.328603
v -5.666057 395.000000 -19.296818
v -5.666057 395.000000 19.296818
v -5.421360 248.247395 34.809020
v -5.210770 267.257175 -24.935424
v -5.034733 38.152790 59.153829
v -5.024948 206.942616 -59.038858
v -4.874362 25.153706 57.269607
v -4.836304 216.149883 -56.822457
v -4.695981 277.674122 -22.471972
v -4.608729 12.396699 54.148650
v -4.554968 257.366085 29.246163
v -4.527126 224.892349 -53.189883
v -4.105120 232.952137 -48.231673
v -3.920217 267.257175 25.170605
v -3.622247 248.247395 -35.041952
v -3.532926 277.674122 22.683918
v -3.043373 257.366085 -29.441869
v -3.010845 288.357334 21.905527
v -3.010845 392.999992 21.905527
v -2.974360 394.000015 21.640074
v -2.874679 394.732056 20.914841
v -2.619268 267.257175 -25.339041
v -2.360502 277.674122 -22.835712
v -1.813528 248.247395 35.181959
v -1.523707 257.366085 29.559503
v -1.311373 267.257175 25.440278
v -1.181818 277.674122 22.926950
v 0.000000 0.000000 -50.000000
v 0.000000 0.000000 50.000000
v 0.000000 12.396699 -54.344425
v 0.000000 25.153706 -57.476668
v 0.000000 38.152790 -59.367700
v 0.000000 51.273475 -60.000000
v 0.000000 51.273475 60.000000
v 0.000000 197.500000 -60.000000
v 0.000000 197.500000 60.000000
v 0.000000 206.942616 59.252319
v 0.000000 216.149883 57.027903
v 0.000000 224.892349 53.382196
v 0.000000 232.952137 48.406057
v 0.000000 240.128345 -42.223501
v 0.000000 240.128345 42.223501
v 0.000000 248.247395 -35.228667
v 0.000000 257.366085 -29.598746
v 0.000000 267.257175 -25.474055
v 0.000000 277.674122 -22.957389
v 0.000000 288.357334 -22.111473
v 0.000000 392.999992 -22.111473
v 0.000000 394.000015 -21.843524
v 0.000000 394.732056 -21.111474
v 0.000000 395.000000 -20.111475
v 0.000000 395.000000 20.111475
v 1.181818 277.674122 22.926950
v 1.311373 267.257175 25.440278
v 1.523707 257.366085 29.559503
v 1.813528 248.247395 35.181959
v 2.360502 277.674122 -22.835712
v 2.619268 267.257175 -25.339041
v 2.874679 394.732056 20.914841
v 2.974360 394.000015 21.640074
v 3.010845 288.357334 21.905527
v 3.010845 392.999992 21.905527
v 3.043373 257.366085 -29.441869
v 3.532926 277.674122 22.683918
v 3.622247 248.247395 -35.041952
v 3.920217 267.257175 25.170605
v 4.105120 232.952137 -48.231673
v 4.527126 224.892349 -53.189883
v 4.554968 257.366085 29.246163
v 4.608729 12.396699 54.148650
v 4.695981 277.674122 -22.471972
v 4.836304 216.149883 -56.822457
v 4.874362 25.153706 57.269607
v 5.024948 206.942616 -59.038858
v 5.034733 38.152790 59.153829
v 5.210770 267.257175 -24.935424
v 5.421360 248.247395 34.809020
v 5.666057 395.000000 -19.296818
v 5.666057 395.000000 19.296818
v 5.695807 394.732056 -20.328603
v 5.846584 277.674122 22.200432
v 5.893313 394.000015 -21.033509
v 5.965604 288.357334 -21.291521
v 5.965604 392.999992 -21.291521
v 6.054485 257.366085 -28.972902
v 6.487506 267.257175 24.634118
v 6.981683 277.674122 -21.870022
v 7.206097 248.247395 -34.483781
v 7.537946 257.366085 28.622808
v 7.747038 267.257175 -24.267485
v 8.098267 277.674122 21.481616
v 8.180663 232.952137 47.709780
v 8.237397 240.128345 -41.412191
v 8.237397 240.128345 41.412191
v 8.410834 394.732056 19.363682
v 8.702484 394.000015 20.035129
v 8.809236 288.357334 20.280893
v 8.809236 392.999992 20.280893
v 8.971725 248.247395 34.067099
v 8.986026 267.257175 23.836503
v 9.001418 257.366085 -28.196814
v 9.021634 224.892349 52.614341
v 9.184252 12.396699 -53.562727
v 9.187476 0.000000 -49.148655
v 9.187476 0.000000 49.148655
v 9.193376 277.674122 -21.036243
v 9.637762 216.149883 56.207609
v 9.713604 25.153706 -56.649919
v 9.875675 51.273475 -59.181676
v 9.875675 51.273475 59.181676
v 9.875675 197.500000 -59.181676
v 9.875675 197.500000 59.181676
v 10.013690 206.942616 58.400025
v 10.033190 38.152790 -58.513751
v 10.201185 267.257175 -23.342307
v 10.264107 277.674122 20.535090
v 10.441020 257.366085 27.696047
v 10.713561 248.247395 -33.560076
v 10.873084 395.000000 -16.918849
v 10.873084 395.000000 16.918849
v 10.969183 394.732056 -18.038054
v 11.307619 277.674122 -19.979478
v 11.349545 394.000015 -18.663532
v 11.389292 267.257175 22.786214
v 11.488767 288.357334 -18.892473
v 11.488767 392.999992 -18.892473
v 11.852934 257.366085 -27.121832
v 12.197264 232.952137 -46.844134
v 12.321144 277.674122 19.370885
v 12.426986 248.247395 32.964058
v 12.547196 267.257175 -22.169695
v 13.233416 257.366085 26.475697
v 13.301996 277.674122 -18.710923
v 13.323197 394.732056 16.376408
v 13.451142 224.892349 -51.659708
v 13.671829 267.257175 21.494386
v 13.693602 12.396699 52.590890
v 13.785186 394.000015 16.944269
v 13.954285 288.357334 17.152120
v 13.954285 392.999992 17.152120
v 14.107457 248.247395 -32.280624
v 14.247574 277.674122 18.001344
v 14.369780 216.149883 -55.187778
v 14.482859 25.153706 55.622067
v 14.578806 257.366085 -25.759354
v 14.760205 267.257175 -20.762076
v 14.930284 206.942616 -57.340422
v 14.959358 38.152790 57.452083
v 15.155370 277.674122 -17.244029
v 15.199238 395.000000 -13.170215
v 15.199238 395.000000 13.170215
v 15.429025 394.732056 -14.409703
v 15.750519 248.247395 31.511588
v 15.809441 267.257175 19.974711
v 15.885535 257.366085 24.974699
v 15.964034 394.000015 -14.909366
v 16.022977 277.674122 16.440985
v 16.125983 232.952137 45.640979
v 16.158235 240.128345 -39.009430
v 16.158235 240.128345 39.009430
v 16.159861 288.357334 -15.092256
v 16.159861 392.999992 -15.092256
v 16.816752 267.257175 -19.134376
v 16.848092 277.674122 -15.594343
v 17.150139 257.366085 -24.123819
v 17.247438 394.732056 12.174572
v 17.351812 248.247395 -30.658989
v 17.628531 277.674122 14.706347
v 17.779468 267.257175 18.243301
v 17.783734 224.892349 50.332866
v 17.845502 394.000015 12.596731
v 18.062084 0.000000 -46.623611
v 18.062084 0.000000 46.623611
v 18.064408 288.357334 12.751251
v 18.064408 392.999992 12.751251
v 18.104290 12.396699 -51.240134
v 18.294040 395.000000 -8.354608
v 18.294040 395.000000 8.354608
v 18.362222 277.674122 -13.779353
v 18.369263 257.366085 23.208964
v 18.695036 267.257175 -17.303847
v 18.744566 394.732056 -9.712651
v 18.907092 248.247395 29.725089
v 18.998264 216.149883 53.770323
v 19.047219 277.674122 12.815819
v 19.147766 25.153706 -54.193454
v 19.394543 394.000015 -10.049442
v 19.481968 51.273475 -56.749034
v 19.481968 51.273475 56.749034
v 19.481968 197.500000 -56.749034
v 19.481968 197.500000 56.749034
v 19.539676 257.366085 -22.232563
v 19.561028 267.257175 16.318506
v 19.632452 288.357334 -10.172716
v 19.632452 392.999992 -10.172716
v 19.681706 277.674122 -11.818299
v 19.739305 206.942616 55.867672
v 19.777744 38.152790 -55.976467
v 19.892517 394.732056 7.069802
v 19.906769 395.000000 -2.862161
v 19.906769 395.000000 2.862161
v 19.938514 232.952137 -44.108977
v 20.264001 277.674122 10.789440
v 20.375149 267.257175 -15.289892
v 20.412233 248.247395 -28.712363
v 20.582299 394.000015 7.314951
v 20.658274 257.366085 21.197207
v 20.669909 394.732056 -4.295256
v 20.792561 277.674122 -9.731968
v 20.834777 288.357334 7.404682
v 20.834777 392.999992 7.404682
v 21.062257 394.732056 1.440698
v 21.135237 267.257175 14.220731
v 21.265981 277.674122 8.648689
v 21.386647 394.000015 -4.444197
v 21.648993 288.357334 -4.498712
v 21.648993 392.999992 -4.498712
v 21.683009 277.674122 -7.542475
v 21.722088 257.366085 -20.105641
v 21.792603 394.000015 1.490655
v 21.839280 267.257175 -13.113860
v 21.863246 248.247395 27.623496
v 21.988192 224.892349 -48.643379
v 22.042534 277.674122 6.416261
v 22.059927 288.357334 1.508940
v 22.059927 392.999992 1.508940
v 22.343609 277.674122 -5.273031
v 22.384536 12.396699 49.520187
v 22.485409 267.257175 11.972214
v 22.585433 277.674122 4.115818
v 22.728300 257.366085 18.960756
v 22.767365 277.674122 -2.947691
v 22.888920 277.674122 1.771747
v 22.949779 277.674122 -0.591105
v 23.071909 267.257175 -10.798819
v 23.256280 248.247395 -26.461377
v 23.458121 240.128345 -35.107560
v 23.458121 240.128345 35.107560
v 23.489864 216.149883 -51.965451
v 23.597229 267.257175 9.596787
v 23.607388 232.952137 42.259169
v 23.674240 257.366085 -17.765591
v 23.674712 25.153706 52.374377
v 24.059970 267.257175 -8.369307
v 24.406104 206.942616 -53.992400
v 24.453630 38.152790 54.097543
v 24.458911 267.257175 7.119632
v 24.557400 257.366085 16.523315
v 24.587643 248.247395 25.229087
v 24.792991 267.257175 -5.851078
v 25.061324 267.257175 4.567008
v 25.263197 267.257175 -3.270827
v 25.375440 257.366085 -15.237222
v 25.398080 267.257175 1.965972
v 25.465610 267.257175 -0.655904
v 25.853803 248.247395 -23.929894
v 26.034226 224.892349 46.603408
v 26.126187 257.366085 13.910723
v 26.321609 0.000000 -42.510858
v 26.321609 0.000000 42.510858
v 26.503501 12.396699 -47.443447
v 26.807652 257.366085 -12.547334
v 27.051406 248.247395 22.567244
v 27.106171 232.952137 -40.104885
v 27.418029 257.366085 11.150674
v 27.812219 216.149883 49.786162
v 27.955699 257.366085 -9.724443
v 28.031080 25.153706 -50.177941
v 28.177271 248.247395 -21.144750
v 28.419235 257.366085 8.272425
v 28.556843 51.273475 -52.768426
v 28.556843 51.273475 52.768426
v 28.556843 197.500000 -52.768426
v 28.556843 197.500000 52.768426
v 28.807406 257.366085 -6.798469
v 28.897057 206.942616 51.728110
v 28.953328 38.152790 -51.828842
v 29.119186 257.366085 5.306486
v 29.228415 248.247395 19.666183
v 29.353750 257.366085 -3.800431
v 29.510469 257.366085 2.284297
v 29.588935 257.366085 -0.762106
v 29.856524 240.128345 -29.856524
v 29.856524 240.128345 29.856524
v 29.892683 224.892349 -44.227662
v 30.202053 248.247395 -18.135464
v 30.409653 232.952137 37.661643
v 30.431507 12.396699 45.024881
v 31.095598 248.247395 16.556654
v 31.906683 248.247395 -14.933939
v 31.934187 216.149883 -47.248168
v 32.185485 25.153706 47.619972
v 32.633159 248.247395 13.271621
v 33.179803 206.942616 -49.091115
v 33.244417 38.152790 49.186716
v 33.273098 248.247395 -11.574111
v 33.494031 232.952137 -34.947047
v 33.535762 224.892349 41.533256
v 33.684783 0.000000 -36.950445
v 33.684783 0.000000 36.950445
v 33.824801 248.247395 9.845906
v 34.140253 12.396699 -42.281904
v 34.286807 248.247395 -8.091593
v 34.657891 248.247395 6.315822
v 34.937069 248.247395 -4.523303
v 35.107560 240.128345 -23.458121
v 35.107560 240.128345 23.458121
v 35.123599 248.247395 2.718789
v 35.216990 248.247395 -0.907065
v 35.642843 63.000002 -48.265805
v 35.642843 63.000002 48.265805
v 35.642843 192.999992 -48.265805
v 35.642843 192.999992 48.265805
v 35.826068 216.149883 44.369745
v 35.939865 63.000002 -48.668017
v 35.939865 63.000002 48.668017
v 35.939865 192.999992 -48.668017
v 35.939865 192.999992 48.668017
v 36.107993 25.153706 -44.718904
v 36.337085 232.952137 31.980658
v 36.852763 51.273475 -47.348433
v 36.852763 51.273475 47.348433
v 36.852763 197.500000 -47.348433
v 36.852763 197.500000 47.348433
v 36.937215 224.892349 -38.539600
v 37.223489 206.942616 46.100421
v 37.295978 38.152790 -46.190195
v 37.603018 12.396699 39.234288
v 38.918331 232.952137 -28.783846
v 39.009430 240.128345 -16.158235
v 39.009430 240.128345 16.158235
v 39.459822 216.149883 -41.171641
v 39.770341 25.153706 41.495633
v 39.900861 0.000000 -30.131731
v 39.900861 0.000000 30.131731
v 40.072536 224.892349 35.268266
v 40.794854 12.396699 -35.903988
v 40.998983 206.942616 -42.777572
v 41.078820 38.152790 42.860875
v 41.219168 232.952137 25.379648
v 41.412191 240.128345 -8.237397
v 41.412191 240.128345 8.237397
v 42.223501 240.128345 0.000000
v 42.699957 63.000002 -42.151079
v 42.699957 63.000002 42.151079
v 42.699957 192.999992 -42.151079
v 42.699957 192.999992 42.151079
v 42.809267 216.149883 37.676895
v 42.919130 224.892349 -31.742823
v 43.055792 63.000002 -42.502337
v 43.055792 63.000002 42.502337
v 43.055792 192.999992 -42.502337
v 43.055792 192.999992 42.502337
v 43.146143 25.153706 -37.973382
v 43.223019 232.952137 -21.792588
v 43.692760 12.396699 32.314997
v 44.143434 51.273475 -40.636892
v 44.143434 51.273475 40.636892
v 44.143434 197.500000 -40.636892
v 44.143434 197.500000 40.636892
v 44.479074 206.942616 39.146509
v 44.565692 38.152790 -39.222741
v 44.758162 0.000000 -22.286918
v 44.758162 0.000000 22.286918
v 44.915447 232.952137 18.048512
v 45.456495 224.892349 27.988675
v 45.850272 216.149883 -33.910682
v 46.211076 25.153706 34.177535
v 46.275859 12.396699 -28.493178
v 46.284261 232.952137 -14.174396
v 47.319593 232.952137 10.198152
v 47.638693 206.942616 -35.233393
v 47.666340 224.892349 -24.032865
v 47.731462 38.152790 35.302005
v 48.013988 232.952137 -6.148432
v 48.091283 0.000000 -13.683150
v 48.091283 0.000000 13.683150
v 48.362441 232.952137 2.054411
v 48.525543 12.396699 24.466064
v 48.560920 216.149883 29.900146
v 48.722873 63.000002 -35.015450
v 48.722873 63.000002 35.015450
v 48.722873 192.999992 -35.015450
v 48.722873 192.999992 35.015450
v 48.943057 25.153706 -30.135436
v 49.128895 63.000002 -35.307243
v 49.128895 63.000002 35.307243
v 49.128895 192.999992 -35.307243
v 49.128895 192.999992 35.307243
v 49.532752 224.892349 19.903897
v 49.786711 0.000000 -4.613418
v 49.786711 0.000000 4.613418
v 50.229988 51.273475 -32.816889
v 50.229988 51.273475 32.816889
v 50.229988 197.500000 -32.816889
v 50.229988 197.500000 32.816889
v 50.425596 12.396699 -20.262671
v 50.455074 206.942616 31.066422
v 50.553327 38.152790 -31.126919
v 50.921688 216.149883 -25.674176
v 51.042280 224.892349 -15.631522
v 51.322403 25.153706 25.876212
v 51.962333 12.396699 15.913285
v 52.184043 224.892349 11.246521
v 52.907925 206.942616 -26.675615
v 52.915564 216.149883 21.263223
v 52.949824 224.892349 -6.780490
v 53.010955 38.152790 26.727562
v 53.124676 12.396699 -11.449244
v 53.331971 25.153706 -21.430547
v 53.334098 224.892349 2.265605
v 53.565712 63.000002 -27.031736
v 53.565712 63.000002 27.031736
v 53.565712 192.999992 -27.031736
v 53.565712 192.999992 27.031736
v 53.904257 12.396699 6.902710
v 54.012089 63.000002 -27.256999
v 54.012089 63.000002 27.256999
v 54.012089 192.999992 -27.256999
v 54.012089 192.999992 27.256999
v 54.295459 12.396699 -2.306443
v 54.528184 216.149883 -16.699069
v 54.946399 51.273475 -24.101725
v 54.946399 51.273475 24.101725
v 54.946399 197.500000 -24.101725
v 54.946399 197.500000 24.101725
v 54.957280 25.153706 16.830478
v 54.979577 206.942616 22.092609
v 55.086641 38.152790 -22.135632
v 55.747924 216.149883 12.014596
v 56.186619 25.153706 -12.109143
v 56.566000 216.149883 -7.243560
v 56.655092 206.942616 -17.350428
v 56.765423 38.152790 17.384216
v 56.976519 216.149883 2.420333
v 57.011132 25.153706 7.300561
v 57.111173 63.000002 -18.393309
v 57.111173 63.000002 18.393309
v 57.111173 192.999992 -18.393309
v 57.111173 192.999992 18.393309
v 57.424879 25.153706 -2.439379
v 57.587099 63.000002 -18.546586
v 57.587099 63.000002 18.546586
v 57.587099 192.999992 -18.546586
v 57.587099 192.999992 18.546586
v 57.922411 206.942616 12.483234
v 58.035207 38.152790 -12.507544
v 58.164015 51.273475 -14.729129
v 58.164015 51.273475 14.729129
v 58.164015 197.500000 -14.729129
v 58.164015 197.500000 14.729129
v 58.772397 206.942616 -7.526100
v 58.886847 38.152790 7.540756
v 59.198928 206.942616 2.514740
v 59.273396 63.000002 -9.309392
v 59.273396 63.000002 9.309392
v 59.273396 192.999992 -9.309392
v 59.273396 192.999992 9.309392
v 59.314208 38.152790 -2.519637
v 59.767337 63.000002 -9.386970
v 59.767337 63.000002 9.386970
v 59.767337 192.999992 -9.386970
v 59.767337 192.999992 9.386970
v 59.795070 51.273475 -4.954761
v 59.795070 51.273475 4.954761
v 59.795070 197.500000 -4.954761
v 59.795070 197.500000 4.954761
v 60.000000 63.000002 0.000000
v 60.000000 192.999992 0.000000
v 60.500002 63.000002 0.000000
v 60.500002 192.999992 0.000000
vt 0.000000 0.000000 0.000000
vt 0.050000 0.000000 0.000000
vt 0.050000 13.000000 0.000000
vt 0.000000 13.000000 0.000000
vt -0.000000 0.000000 0.000000
vt -0.000000 0.942505 0.000000
vt -0.000000 1.885010 0.000000
vt -0.000000 2.827514 0.000000
vt -0.000000 3.770019 0.000000
vt -0.000000 4.712524 0.000000
vt -0.000000 5.655029 0.000000
vt -0.000000 6.597533 0.000000
vt -0.000000 7.540038 0.000000
vt -0.000000 8.482543 0.000000
vt -0.000000 9.425048 0.000000
vt -0.000000 10.367553 0.000000
vt -0.000000 11.310058 0.000000
vt -13.000000 11.310058 0.000000
vt -13.000000 10.367553 0.000000
vt -13.000000 9.425048 0.000000
vt -13.000000 8.482543 0.000000
vt -13.000000 7.540038 0.000000
vt -13.000000 6.597533 0.000000
vt -13.000000 5.655029 0.000000
vt -13.000000 4.712524 0.000000
vt -13.000000 3.770019 0.000000
vt -13.000000 2.827514 0.000000
vt -13.000000 1.885010 0.000000
vt -13.000000 0.942505 0.000000
vt -13.000000 0.000000 0.000000
vt 0.000000 0.000000 0.000000
vt 0.050000 0.000000 0.000000
vt 0.050000 13.000000 0.000000
vt 0.000000 13.000000 0.000000
vt 4.826581 -1.242858 0.000000
vt 4.866802 -1.213156 0.000000
vt 4.250234 -0.501563 0.000000
vt 3.530724 0.105748 0.000000
vt 2.725700 0.594067 0.000000
vt 1.854659 0.951568 0.000000
vt 0.938697 1.169592 0.000000
vt 0.000000 1.242858 0.000000
vt -0.938697 1.169592 0.000000
vt -1.854659 0.951568 0.000000
vt -2.725700 0.594067 0.000000
vt -3.530724 0.105748 0.000000
vt -4.250234 -0.501563 0.000000
vt -4.866802 -1.213156 0.000000
vt -4.826581 -1.242858 0.000000
vt -4.215108 -0.537146 0.000000
vt -3.501545 0.065145 0.000000
vt -2.703174 0.549429 0.000000
vt -1.839331 0.903975 0.000000
vt -0.930939 1.120197 0.000000
vt 0.000000 1.192858 0.000000
vt 0.930939 1.120197 0.000000
vt 1.839331 0.903975 0.000000
vt 2.703174 0.549429 0.000000
vt 3.501545 0.065145 0.000000
vt 4.215108 -0.537146 0.000000
vt -4.866802 -1.213156 0.000000
vt -4.826581 -1.242858 0.000000
vt -4.215108 -0.537146 0.000000
vt -3.501545 0.065145 0.000000
vt -2.703174 0.549429 0.000000
vt -1.839331 0.903975 0.000000
vt -0.930939 1.120197 0.000000
vt -0.000000 1.192858 0.000000
vt 0.930939 1.120197 0.000000
vt 1.839331 0.903975 0.000000
vt 2.703174 0.549429 0.000000
vt 3.501545 0.065145 0.000000
vt 4.215108 -0.537146 0.000000
vt 4.826581 -1.242858 0.000000
vt 4.866802 -1.213156 0.000000
vt 4.250234 -0.501563 0.000000
vt 3.530724 0.105748 0.000000
vt 2.725700 0.594067 0.000000
vt 1.854659 0.951568 0.000000
vt 0.938697 1.169592 0.000000
vt -0.000000 1.242858 0.000000
vt -0.938697 1.169592 0.000000
vt -1.854659 0.951568 0.000000
vt -2.725700 0.594067 0.000000
vt -3.530724 0.105748 0.000000
vt -4.250234 -0.501563 0.000000
vt -0.000000 -6.762495 0.000000
vt -0.000000 -6.174451 0.000000
vt -0.000000 -5.586408 0.000000
vt -0.000000 -4.998365 0.000000
vt -0.000000 -4.410323 0.000000
vt -0.000000 -3.822279 0.000000
vt -0.000000 -3.234236 0.000000
vt -0.000000 -2.646194 0.000000
vt -0.000000 -2.058151 0.000000
vt -0.000000 -1.470107 0.000000
vt -0.000000 -0.882065 0.000000
vt -0.000000 -0.294021 0.000000
vt -0.000000 0.294021 0.000000
vt -0.000000 0.882065 0.000000
vt -0.000000 1.470107 0.000000
vt -0.000000 2.058151 0.000000
vt -0.000000 2.646194 0.000000
vt -0.000000 3.234236 0.000000
vt -0.000000 3.822279 0.000000
vt -0.000000 4.410323 0.000000
vt -0.000000 4.998365 0.000000
vt -0.000000 5.586408 0.000000
vt -0.000000 6.174451 0.000000
vt -0.314159 6.762495 0.000000
vt -0.314159 6.147722 0.000000
vt -0.314159 5.532950 0.000000
vt -0.314159 4.918178 0.000000
vt -0.314159 4.303406 0.000000
vt -0.314159 3.688633 0.000000
vt -0.314159 3.073861 0.000000
vt -0.314159 2.459089 0.000000
vt -0.314159 1.844317 0.000000
vt -0.314159 1.229544 0.000000
vt -0.314159 0.614772 0.000000
vt -0.314159 0.000000 0.000000
vt -0.314159 -0.614772 0.000000
vt -0.314159 -1.229544 0.000000
vt -0.314159 -1.844317 0.000000
vt -0.314159 -2.459089 0.000000
vt -0.314159 -3.073861 0.000000
vt -0.314159 -3.688633 0.000000
vt -0.314159 -4.303406 0.000000
vt -0.314159 -4.918178 0.000000
vt -0.314159 -5.532950 0.000000
vt -0.314159 -6.147722 0.000000
vt -0.104720 6.762495 0.000000
vt -0.209440 6.762495 0.000000
vt -0.104720 -6.174451 0.000000
vt -0.209440 -6.174451 0.000000
vt -0.104720 -5.586408 0.000000
vt -0.209440 -5.586408 0.000000
vt -0.104720 -4.998365 0.000000
vt -0.209440 -4.998365 0.000000
vt -0.104720 -4.410323 0.000000
vt -0.209440 -4.410323 0.000000
vt -0.104720 -3.822279 0.000000
vt -0.209440 -3.822279 0.000000
vt -0.104720 -3.234236 0.000000
vt -0.209440 -3.234236 0.000000
vt -0.104720 -2.646194 0.000000
vt -0.209440 -2.646194 0.000000
vt -0.104720 -2.058151 0.000000
vt -0.209440 -2.058151 0.000000
vt -0.104720 -1.470107 0.000000
vt -0.209440 -1.470107 0.000000
vt -0.104720 -0.882065 0.000000
vt -0.209440 -0.882065 0.000000
vt -0.104720 -0.294021 0.000000
vt -0.209440 -0.294021 0.000000
vt -0.104720 0.294021 0.000000
vt -0.209440 0.294021 0.000000
vt -0.104720 0.882065 0.000000
vt -0.209440 0.882065 0.000000
vt -0.104720 1.470107 0.000000
vt -0.209440 1.470107 0.000000
vt -0.104720 2.058151 0.000000
vt -0.209440 2.058151 0.000000
vt -0.104720 2.646194 0.000000
vt -0.209440 2.646194 0.000000
vt -0.104720 3.234236 0.000000
vt -0.209440 3.234236 0.000000
vt -0.104720 3.822279 0.000000
vt -0.209440 3.822279 0.000000
vt -0.104720 4.410323 0.000000
vt -0.209440 4.410323 0.000000
vt -0.104720 4.998365 0.000000
vt -0.209440 4.998365 0.000000
vt -0.104720 5.586408 0.000000
vt -0.209440 5.586408 0.000000
vt -0.104720 6.174451 0.000000
vt -0.209440 6.174451 0.000000
vt -0.104720 -6.762495 0.000000
vt -0.000000 6.762495 0.000000
vt -0.209440 7.350538 0.000000
vt -0.209440 7.350538 0.000000
vt -0.104720 -6.762495 0.000000
vt -0.314159 -6.762495 0.000000
vt 5.332133 0.000000 0.000000
vt 5.332133 0.604046 0.000000
vt 5.332133 1.208091 0.000000
vt 5.332133 1.812137 0.000000
vt 5.332133 2.416182 0.000000
vt 5.332133 3.020228 0.000000
vt 5.332133 3.624274 0.000000
vt 5.332133 4.228319 0.000000
vt 5.332133 4.832365 0.000000
vt 5.332133 5.436410 0.000000
vt 5.332133 6.040456 0.000000
vt 5.332133 6.644502 0.000000
vt 5.332133 -6.644502 0.000000
vt 5.332133 -6.040456 0.000000
vt 5.332133 -5.436410 0.000000
vt 5.332133 -4.832365 0.000000
vt 5.332133 -4.228319 0.000000
vt 5.332133 -3.624274 0.000000
vt 5.332133 -3.020228 0.000000
vt 5.332133 -2.416182 0.000000
vt 5.332133 -1.812137 0.000000
vt 5.332133 -1.208091 0.000000
vt 5.332133 -0.604046 0.000000
vt -5.132133 0.000000 0.000000
vt -5.132133 -0.604046 0.000000
vt -5.132133 -1.208091 0.000000
vt -5.132133 -1.812137 0.000000
vt -5.132133 -2.416182 0.000000
vt -5.132133 -3.020228 0.000000
vt -5.132133 -3.624274 0.000000
vt -5.132133 -4.228319 0.000000
vt -5.132133 -4.832365 0.000000
vt -5.132133 -5.436410 0.000000
vt -5.132133 -6.040456 0.000000
vt -5.132133 7.248547 0.000000
vt -5.132133 6.644502 0.000000
vt -5.132133 6.040456 0.000000
vt -5.132133 5.436410 0.000000
vt -5.132133 4.832365 0.000000
vt -5.132133 4.228319 0.000000
vt -5.132133 3.624274 0.000000
vt -5.132133 3.020228 0.000000
vt -5.132133 2.416182 0.000000
vt -5.132133 1.812137 0.000000
vt -5.132133 1.208091 0.000000
vt -5.132133 0.604046 0.000000
vt -5.132133 -6.644502 0.000000
vt -5.132133 -6.644502 0.000000
vt 5.332133 7.248547 0.000000
vt 5.332133 7.248547 0.000000
vt -2.011147 0.000000 0.000000
vt -1.929682 -0.566606 0.000000
vt -1.691885 -1.087308 0.000000
vt -1.317021 -1.519924 0.000000
vt -0.835461 -1.829404 0.000000
vt -0.286216 -1.990677 0.000000
vt 0.286216 -1.990677 0.000000
vt 0.835461 -1.829404 0.000000
vt 1.317021 -1.519924 0.000000
vt 1.691885 -1.087308 0.000000
vt 1.929682 -0.566606 0.000000
vt 2.011147 0.000000 0.000000
vt 1.929682 0.566606 0.000000
vt 1.691885 1.087308 0.000000
vt 1.317021 1.519924 0.000000
vt 0.835461 1.829404 0.000000
vt 0.286216 1.990677 0.000000
vt -0.286216 1.990677 0.000000
vt -0.835461 1.829404 0.000000
vt -1.317021 1.519924 0.000000
vt -1.691885 1.087308 0.000000
vt -1.929682 0.566606 0.000000
vt -4.741016 0.000000 0.000000
vt -4.741016 -1.087341 0.000000
vt -4.741016 -2.174683 0.000000
vt -4.741016 -3.262024 0.000000
vt -4.741016 -4.349366 0.000000
vt -4.741016 -5.436707 0.000000
vt -4.741016 -6.524048 0.000000
vt -4.741016 -7.611389 0.000000
vt -4.741016 -8.698731 0.000000
vt -4.741016 -9.786073 0.000000
vt -4.741016 -10.873413 0.000000
vt -4.741016 -11.960754 0.000000
vt -4.741016 -13.048097 0.000000
vt -4.741016 -14.135438 0.000000
vt -4.741016 -15.222778 0.000000
vt -4.741016 -16.310120 0.000000
vt -4.741016 17.397463 0.000000
vt -4.741016 16.310120 0.000000
vt -4.741016 15.222778 0.000000
vt -4.741016 14.135438 0.000000
vt -4.741016 13.048097 0.000000
vt -4.741016 11.960754 0.000000
vt -4.741016 10.873413 0.000000
vt -4.741016 9.786073 0.000000
vt -4.741016 8.698731 0.000000
vt -4.741016 7.611389 0.000000
vt -4.741016 6.524048 0.000000
vt -4.741016 5.436707 0.000000
vt -4.741016 4.349366 0.000000
vt -4.741016 3.262024 0.000000
vt -4.741016 2.174683 0.000000
vt -4.741016 1.087341 0.000000
vt -0.000000 0.000000 0.000000
vt -0.000000 0.915656 0.000000
vt -0.000000 1.831312 0.000000
vt -0.000000 2.746968 0.000000
vt -0.000000 3.662623 0.000000
vt -0.000000 4.578279 0.000000
vt -0.000000 5.493935 0.000000
vt -0.000000 6.409591 0.000000
vt -0.000000 7.325247 0.000000
vt -0.000000 8.240903 0.000000
vt -0.000000 9.156559 0.000000
vt -0.000000 10.072215 0.000000
vt -0.000000 10.987870 0.000000
vt -0.000000 11.903527 0.000000
vt -0.000000 12.819182 0.000000
vt -0.000000 13.734838 0.000000
vt -0.000000 14.650494 0.000000
vt -0.000000 15.566151 0.000000
vt -0.000000 16.481806 0.000000
vt -0.000000 -17.397463 0.000000
vt -0.000000 -16.481806 0.000000
vt -0.000000 -15.566151 0.000000
vt -0.000000 -14.650494 0.000000
vt -0.000000 -13.734838 0.000000
vt -0.000000 -12.819182 0.000000
vt -0.000000 -11.903527 0.000000
vt -0.000000 -10.987870 0.000000
vt -0.000000 -10.072215 0.000000
vt -0.000000 -9.156559 0.000000
vt -0.000000 -8.240903 0.000000
vt -0.000000 -7.325247 0.000000
vt -0.000000 -6.409591 0.000000
vt -0.000000 -5.493935 0.000000
vt -0.000000 -4.578279 0.000000
vt -0.000000 -3.662623 0.000000
vt -0.000000 -2.746968 0.000000
vt -0.000000 -1.831312 0.000000
vt -0.000000 -0.915656 0.000000
vt -3.792813 -17.397463 0.000000
vt -2.844609 -17.397463 0.000000
vt -1.896406 -17.397463 0.000000
vt -0.948203 -17.397463 0.000000
vt -3.792813 -9.874235 0.000000
vt -3.792813 -4.231815 0.000000
vt -3.792813 4.231815 0.000000
vt -3.792813 9.874235 0.000000
vt -3.792813 -0.470202 0.000000
vt -2.844609 -0.470202 0.000000
vt -1.896406 -0.470202 0.000000
vt -0.948203 -0.470202 0.000000
vt -0.948203 0.470202 0.000000
vt -1.896406 0.470202 0.000000
vt -2.844609 0.470202 0.000000
vt -3.792813 0.470202 0.000000
vt -3.792813 -1.410605 0.000000
vt -2.844609 -1.410605 0.000000
vt -1.896406 -1.410605 0.000000
vt -0.948203 -1.410605 0.000000
vt -3.792813 -2.351008 0.000000
vt -2.844609 -2.351008 0.000000
vt -1.896406 -2.351008 0.000000
vt -0.948203 -2.351008 0.000000
vt -3.792813 -3.291412 0.000000
vt -2.844609 -3.291412 0.000000
vt -1.896406 -3.291412 0.000000
vt -0.948203 -3.291412 0.000000
vt -3.792813 -5.172218 0.000000
vt -2.844609 -5.172218 0.000000
vt -1.896406 -5.172218 0.000000
vt -0.948203 -5.172218 0.000000
vt -0.948203 -4.231815 0.000000
vt -1.896406 -4.231815 0.000000
vt -2.844609 -4.231815 0.000000
vt -3.792813 -6.112622 0.000000
vt -2.844609 -6.112622 0.000000
vt -1.896406 -6.112622 0.000000
vt -0.948203 -6.112622 0.000000
vt -3.792813 -7.053025 0.000000
vt -2.844609 -7.053025 0.000000
vt -1.896406 -7.053025 0.000000
vt -0.948203 -7.053025 0.000000
vt -3.792813 -7.993429 0.000000
vt -2.844609 -7.993429 0.000000
vt -1.896406 -7.993429 0.000000
vt -0.948203 -7.993429 0.000000
vt -3.792813 -8.933831 0.000000
vt -2.844609 -8.933831 0.000000
vt -1.896406 -8.933831 0.000000
vt -0.948203 -8.933831 0.000000
vt -2.844609 -9.874235 0.000000
vt -1.896406 -9.874235 0.000000
vt -0.948203 -9.874235 0.000000
vt -3.792813 -11.755042 0.000000
vt -2.844609 -11.755042 0.000000
vt -1.896406 -11.755042 0.000000
vt -0.948203 -11.755042 0.000000
vt -0.948203 -10.814638 0.000000
vt -1.896406 -10.814638 0.000000
vt -2.844609 -10.814638 0.000000
vt -3.792813 -10.814638 0.000000
vt -3.792813 -12.695445 0.000000
vt -2.844609 -12.695445 0.000000
vt -1.896406 -12.695445 0.000000
vt -0.948203 -12.695445 0.000000
vt -3.792813 -13.635849 0.000000
vt -2.844609 -13.635849 0.000000
vt -1.896406 -13.635849 0.000000
vt -0.948203 -13.635849 0.000000
vt -3.792813 -14.576252 0.000000
vt -2.844609 -14.576252 0.000000
vt -1.896406 -14.576252 0.000000
vt -0.948203 -14.576252 0.000000
vt -3.792813 -15.516655 0.000000
vt -2.844609 -15.516655 0.000000
vt -1.896406 -15.516655 0.000000
vt -0.948203 -15.516655 0.000000
vt -3.792813 -16.457058 0.000000
vt -2.844609 -16.457058 0.000000
vt -1.896406 -16.457058 0.000000
vt -0.948203 -16.457058 0.000000
vt -3.792813 16.457058 0.000000
vt -2.844609 16.457058 0.000000
vt -1.896406 16.457058 0.000000
vt -0.948203 16.457058 0.000000
vt -3.792813 15.516655 0.000000
vt -2.844609 15.516655 0.000000
vt -1.896406 15.516655 0.000000
vt -0.948203 15.516655 0.000000
vt -3.792813 14.576252 0.000000
vt -2.844609 14.576252 0.000000
vt -1.896406 14.576252 0.000000
vt -0.948203 14.576252 0.000000
vt -3.792813 13.635849 0.000000
vt -2.844609 13.635849 0.000000
vt -1.896406 13.635849 0.000000
vt -0.948203 13.635849 0.000000
vt -3.792813 12.695445 0.000000
vt -2.844609 12.695445 0.000000
vt -1.896406 12.695445 0.000000
vt -0.948203 12.695445 0.000000
vt -3.792813 11.755042 0.000000
vt -2.844609 11.755042 0.000000
vt -1.896406 11.755042 0.000000
vt -0.948203 11.755042 0.000000
vt -3.792813 10.814638 0.000000
vt -2.844609 10.814638 0.000000
vt -1.896406 10.814638 0.000000
vt -0.948203 10.814638 0.000000
vt -3.792813 8.933831 0.000000
vt -2.844609 8.933831 0.000000
vt -1.896406 8.933831 0.000000
vt -0.948203 8.933831 0.000000
vt -0.948203 9.874235 0.000000
vt -1.896406 9.874235 0.000000
vt -2.844609 9.874235 0.000000
vt -3.792813 7.993429 0.000000
vt -2.844609 7.993429 0.000000
vt -1.896406 7.993429 0.000000
vt -0.948203 7.993429 0.000000
vt -3.792813 7.053025 0.000000
vt -2.844609 7.053025 0.000000
vt -1.896406 7.053025 0.000000
vt -0.948203 7.053025 0.000000
vt -3.792813 6.112622 0.000000
vt -2.844609 6.112622 0.000000
vt -1.896406 6.112622 0.000000
vt -0.948203 6.112622 0.000000
vt -3.792813 5.172218 0.000000
vt -2.844609 5.172218 0.000000
vt -1.896406 5.172218 0.000000
vt -0.948203 5.172218 0.000000
vt -2.844609 4.231815 0.000000
vt -1.896406 4.231815 0.000000
vt -0.948203 4.231815 0.000000
vt -3.792813 2.351008 0.000000
vt -2.844609 2.351008 0.000000
vt -1.896406 2.351008 0.000000
vt -0.948203 2.351008 0.000000
vt -0.948203 3.291412 0.000000
vt -1.896406 3.291412 0.000000
vt -2.844609 3.291412 0.000000
vt -3.792813 3.291412 0.000000
vt -3.792813 1.410605 0.000000
vt -2.844609 1.410605 0.000000
vt -1.896406 1.410605 0.000000
vt -0.948203 1.410605 0.000000
vt -0.000000 -18.313118 0.000000
vt -0.948203 17.397463 0.000000
vt -4.741016 -17.397463 0.000000
vt -4.741016 -17.397463 0.000000
vt -3.792813 17.397463 0.000000
vt -3.792813 17.397463 0.000000
vt -2.844609 -18.337866 0.000000
vt -2.844609 17.397463 0.000000
vt -1.896406 -18.337866 0.000000
vt -1.896406 17.397463 0.000000
vt -0.948203 -18.337866 0.000000
vt -21.326071 8.589400 0.000000
vt -21.326071 7.842495 0.000000
vt -21.326071 7.095591 0.000000
vt -21.326071 6.348687 0.000000
vt -21.326071 5.601782 0.000000
vt -21.326071 4.854878 0.000000
vt -21.326071 4.107974 0.000000
vt -21.326071 3.361069 0.000000
vt -21.326071 2.614165 0.000000
vt -21.326071 1.867261 0.000000
vt -21.326071 1.120356 0.000000
vt -21.326071 0.373452 0.000000
vt -21.326071 -0.373452 0.000000
vt -21.326071 -1.120356 0.000000
vt -21.326071 -1.867261 0.000000
vt -21.326071 -2.614165 0.000000
vt -21.326071 -3.361069 0.000000
vt -21.326071 -4.107974 0.000000
vt -21.326071 -4.854878 0.000000
vt -21.326071 -5.601782 0.000000
vt -21.326071 -6.348687 0.000000
vt -21.326071 -7.095591 0.000000
vt -21.326071 -7.842495 0.000000
vt -15.962164 -8.589400 0.000000
vt -15.962164 -8.052562 0.000000
vt -15.962164 -7.515725 0.000000
vt -15.962164 -6.978888 0.000000
vt -15.962164 -6.442050 0.000000
vt -15.962164 -5.905212 0.000000
vt -15.962164 -5.368375 0.000000
vt -15.962164 -4.831537 0.000000
vt -15.962164 -4.294700 0.000000
vt -15.962164 -3.757862 0.000000
vt -15.962164 -3.221025 0.000000
vt -15.962164 -2.684187 0.000000
vt -15.962164 -2.147350 0.000000
vt -15.962164 -1.610512 0.000000
vt -15.962164 -1.073675 0.000000
vt -15.962164 -0.536838 0.000000
vt -15.962164 0.000000 0.000000
vt -15.962164 0.536838 0.000000
vt -15.962164 1.073675 0.000000
vt -15.962164 1.610512 0.000000
vt -15.962164 2.147350 0.000000
vt -15.962164 2.684187 0.000000
vt -15.962164 3.221025 0.000000
vt -15.962164 3.757862 0.000000
vt -15.962164 4.294700 0.000000
vt -15.962164 4.831537 0.000000
vt -15.962164 5.368375 0.000000
vt -15.962164 5.905212 0.000000
vt -15.962164 6.442050 0.000000
vt -15.962164 6.978888 0.000000
vt -15.962164 7.515725 0.000000
vt -15.962164 8.052562 0.000000
vt -20.253290 -8.589400 0.000000
vt -19.180510 -8.589400 0.000000
vt -18.107729 -8.589400 0.000000
vt -17.034945 -8.589400 0.000000
vt -20.253290 -8.026160 0.000000
vt -20.253290 -7.462921 0.000000
vt -17.034945 -8.026160 0.000000
vt -17.034945 -7.462921 0.000000
vt -20.253290 -6.618062 0.000000
vt -17.034945 -6.899682 0.000000
vt -20.253290 -6.054822 0.000000
vt -17.034945 -6.336442 0.000000
vt -20.253290 -5.209964 0.000000
vt -17.034945 -5.773203 0.000000
vt -17.034945 -5.209964 0.000000
vt -20.253290 -4.365105 0.000000
vt -17.034945 -4.646724 0.000000
vt -20.253290 -3.801865 0.000000
vt -17.034945 -4.083485 0.000000
vt -20.253290 -2.957006 0.000000
vt -17.034945 -3.520246 0.000000
vt -20.253290 -2.112148 0.000000
vt -17.034945 -2.675387 0.000000
vt -20.253290 -1.548908 0.000000
vt -17.034945 -2.112148 0.000000
vt -17.034945 -1.548908 0.000000
vt -20.253290 -0.704049 0.000000
vt -17.034945 -0.985669 0.000000
vt -20.253290 0.140810 0.000000
vt -17.034945 -0.422429 0.000000
vt -20.253290 0.704049 0.000000
vt -17.034945 0.140810 0.000000
vt -17.034945 0.704049 0.000000
vt -20.253290 1.548908 0.000000
vt -17.034945 1.267288 0.000000
vt -20.253290 2.393767 0.000000
vt -17.034945 1.830528 0.000000
vt -20.253290 2.957006 0.000000
vt -17.034945 2.393767 0.000000
vt -20.253290 3.801865 0.000000
vt -17.034945 3.238626 0.000000
vt -17.034945 3.801865 0.000000
vt -20.253290 4.646724 0.000000
vt -17.034945 4.365105 0.000000
vt -20.253290 5.209964 0.000000
vt -17.034945 4.928344 0.000000
vt -20.253290 6.054822 0.000000
vt -17.034945 5.491583 0.000000
vt -17.034945 6.054822 0.000000
vt -20.253290 6.899682 0.000000
vt -17.034945 6.618062 0.000000
vt -20.253290 7.462921 0.000000
vt -17.034945 7.181301 0.000000
vt -20.253290 8.307780 0.000000
vt -17.034945 7.744540 0.000000
vt -19.180510 8.307780 0.000000
vt -18.107729 8.307780 0.000000
vt -17.034945 8.307780 0.000000
vt -20.253290 7.744540 0.000000
vt -19.180510 7.744540 0.000000
vt -18.107729 7.744540 0.000000
vt -17.034945 8.026160 0.000000
vt -18.107729 8.026160 0.000000
vt -19.180510 8.026160 0.000000
vt -20.253290 8.026160 0.000000
vt -19.180510 6.899682 0.000000
vt -18.107729 6.899682 0.000000
vt -17.034945 6.899682 0.000000
vt -18.107729 7.181301 0.000000
vt -19.180510 7.181301 0.000000
vt -20.253290 7.181301 0.000000
vt -20.253290 6.336442 0.000000
vt -19.180510 6.336442 0.000000
vt -18.107729 6.336442 0.000000
vt -17.034945 6.336442 0.000000
vt -18.107729 6.618062 0.000000
vt -19.180510 6.618062 0.000000
vt -20.253290 6.618062 0.000000
vt -20.253290 5.491583 0.000000
vt -19.180510 5.491583 0.000000
vt -18.107729 5.491583 0.000000
vt -17.034945 5.773203 0.000000
vt -18.107729 5.773203 0.000000
vt -19.180510 5.773203 0.000000
vt -20.253290 5.773203 0.000000
vt -19.180510 4.646724 0.000000
vt -18.107729 4.646724 0.000000
vt -17.034945 4.646724 0.000000
vt -18.107729 4.928344 0.000000
vt -19.180510 4.928344 0.000000
vt -20.253290 4.928344 0.000000
vt -20.253290 4.083485 0.000000
vt -19.180510 4.083485 0.000000
vt -18.107729 4.083485 0.000000
vt -17.034945 4.083485 0.000000
vt -18.107729 4.365105 0.000000
vt -19.180510 4.365105 0.000000
vt -20.253290 4.365105 0.000000
vt -20.253290 3.238626 0.000000
vt -19.180510 3.238626 0.000000
vt -18.107729 3.238626 0.000000
vt -17.034945 3.520246 0.000000
vt -18.107729 3.520246 0.000000
vt -19.180510 3.520246 0.000000
vt -20.253290 3.520246 0.000000
vt -19.180510 2.393767 0.000000
vt -18.107729 2.393767 0.000000
vt -17.034945 2.675387 0.000000
vt -18.107729 2.675387 0.000000
vt -19.180510 2.675387 0.000000
vt -20.253290 2.675387 0.000000
vt -20.253290 1.830528 0.000000
vt -19.180510 1.830528 0.000000
vt -18.107729 1.830528 0.000000
vt -17.034945 2.112148 0.000000
vt -18.107729 2.112148 0.000000
vt -19.180510 2.112148 0.000000
vt -20.253290 2.112148 0.000000
vt -20.253290 0.985669 0.000000
vt -19.180510 0.985669 0.000000
vt -18.107729 0.985669 0.000000
vt -17.034945 0.985669 0.000000
vt -18.107729 1.267288 0.000000
vt -19.180510 1.267288 0.000000
vt -20.253290 1.267288 0.000000
vt -19.180510 0.140810 0.000000
vt -18.107729 0.140810 0.000000
vt -17.034945 0.422429 0.000000
vt -18.107729 0.422429 0.000000
vt -19.180510 0.422429 0.000000
vt -20.253290 0.422429 0.000000
vt -20.253290 -0.422429 0.000000
vt -19.180510 -0.422429 0.000000
vt -18.107729 -0.422429 0.000000
vt -17.034945 -0.140810 0.000000
vt -18.107729 -0.140810 0.000000
vt -19.180510 -0.140810 0.000000
vt -20.253290 -0.140810 0.000000
vt -20.253290 -1.267288 0.000000
vt -19.180510 -1.267288 0.000000
vt -18.107729 -1.267288 0.000000
vt -17.034945 -1.267288 0.000000
vt -18.107729 -0.985669 0.000000
vt -19.180510 -0.985669 0.000000
vt -20.253290 -0.985669 0.000000
vt -19.180510 -2.112148 0.000000
vt -18.107729 -2.112148 0.000000
vt -17.034945 -1.830528 0.000000
vt -18.107729 -1.830528 0.000000
vt -19.180510 -1.830528 0.000000
vt -20.253290 -1.830528 0.000000
vt -20.253290 -2.675387 0.000000
vt -19.180510 -2.675387 0.000000
vt -18.107729 -2.675387 0.000000
vt -17.034945 -2.393767 0.000000
vt -18.107729 -2.393767 0.000000
vt -19.180510 -2.393767 0.000000
vt -20.253290 -2.393767 0.000000
vt -20.253290 -3.520246 0.000000
vt -19.180510 -3.520246 0.000000
vt -18.107729 -3.520246 0.000000
vt -17.034945 -3.238626 0.000000
vt -18.107729 -3.238626 0.000000
vt -19.180510 -3.238626 0.000000
vt -20.253290 -3.238626 0.000000
vt -19.180510 -4.365105 0.000000
vt -18.107729 -4.365105 0.000000
vt -17.034945 -4.365105 0.000000
vt -18.107729 -4.083485 0.000000
vt -19.180510 -4.083485 0.000000
vt -20.253290 -4.083485 0.000000
vt -20.253290 -4.928344 0.000000
vt -19.180510 -4.928344 0.000000
vt -18.107729 -4.928344 0.000000
vt -17.034945 -4.928344 0.000000
vt -18.107729 -4.646724 0.000000
vt -19.180510 -4.646724 0.000000
vt -20.253290 -4.646724 0.000000
vt -20.253290 -5.773203 0.000000
vt -19.180510 -5.773203 0.000000
vt -18.107729 -5.773203 0.000000
vt -17.034945 -5.491583 0.000000
vt -18.107729 -5.491583 0.000000
vt -19.180510 -5.491583 0.000000
vt -20.253290 -5.491583 0.000000
vt -19.180510 -6.618062 0.000000
vt -18.107729 -6.618062 0.000000
vt -17.034945 -6.618062 0.000000
vt -18.107729 -6.336442 0.000000
vt -19.180510 -6.336442 0.000000
vt -20.253290 -6.336442 0.000000
vt -20.253290 -7.181301 0.000000
vt -19.180510 -7.181301 0.000000
vt -18.107729 -7.181301 0.000000
vt -17.034945 -7.181301 0.000000
vt -18.107729 -6.899682 0.000000
vt -19.180510 -6.899682 0.000000
vt -20.253290 -6.899682 0.000000
vt -19.180510 -8.026160 0.000000
vt -18.107729 -8.026160 0.000000
vt -17.034945 -7.744540 0.000000
vt -18.107729 -7.744540 0.000000
vt -19.180510 -7.744540 0.000000
vt -20.253290 -7.744540 0.000000
vt -17.034945 -8.307780 0.000000
vt -18.107729 -8.307780 0.000000
vt -19.180510 -8.307780 0.000000
vt -20.253290 -8.307780 0.000000
vt -18.107729 -7.462921 0.000000
vt -19.180510 -7.462921 0.000000
vt -19.180510 -6.054822 0.000000
vt -18.107729 -6.054822 0.000000
vt -17.034945 -6.054822 0.000000
vt -18.107729 -5.209964 0.000000
vt -19.180510 -5.209964 0.000000
vt -19.180510 -3.801865 0.000000
vt -18.107729 -3.801865 0.000000
vt -17.034945 -3.801865 0.000000
vt -17.034945 -2.957006 0.000000
vt -18.107729 -2.957006 0.000000
vt -19.180510 -2.957006 0.000000
vt -18.107729 -1.548908 0.000000
vt -19.180510 -1.548908 0.000000
vt -19.180510 -0.704049 0.000000
vt -18.107729 -0.704049 0.000000
vt -17.034945 -0.704049 0.000000
vt -18.107729 0.704049 0.000000
vt -19.180510 0.704049 0.000000
vt -19.180510 1.548908 0.000000
vt -18.107729 1.548908 0.000000
vt -17.034945 1.548908 0.000000
vt -17.034945 2.957006 0.000000
vt -18.107729 2.957006 0.000000
vt -19.180510 2.957006 0.000000
vt -18.107729 3.801865 0.000000
vt -19.180510 3.801865 0.000000
vt -19.180510 5.209964 0.000000
vt -18.107729 5.209964 0.000000
vt -17.034945 5.209964 0.000000
vt -18.107729 6.054822 0.000000
vt -19.180510 6.054822 0.000000
vt -19.180510 7.462921 0.000000
vt -18.107729 7.462921 0.000000
vt -17.034945 7.462921 0.000000
vt -20.253290 8.589400 0.000000
vt -21.326071 -8.589400 0.000000
vt -15.962164 8.589400 0.000000
vt -21.326071 -8.589400 0.000000
vt -17.034945 -8.871019 0.000000
vt -17.034945 -8.871019 0.000000
vt -18.107729 8.589400 0.000000
vt -18.107729 -8.871019 0.000000
vt -19.180510 8.589400 0.000000
vt -19.180510 -8.871019 0.000000
vt -20.253290 8.589400 0.000000
vt -21.326071 -8.589400 0.000000
vt 0.000000 0.000000 0.000000
vt -0.085134 0.918748 0.000000
vt -0.337639 1.806208 0.000000
vt -0.748914 2.632161 0.000000
vt -1.304955 3.368478 0.000000
vt -1.986827 3.990086 0.000000
vt -2.771308 4.475816 0.000000
vt -3.631685 4.809128 0.000000
vt -4.538658 4.978671 0.000000
vt -5.461342 4.978671 0.000000
vt -6.368315 4.809128 0.000000
vt -7.228692 4.475816 0.000000
vt -8.013173 3.990086 0.000000
vt -8.695045 3.368478 0.000000
vt -9.251085 2.632161 0.000000
vt -9.662361 1.806208 0.000000
vt -9.914865 0.918748 0.000000
vt -10.000000 0.000000 0.000000
vt -9.914865 -0.918748 0.000000
vt -9.662361 -1.806208 0.000000
vt -9.251085 -2.632161 0.000000
vt -8.695045 -3.368478 0.000000
vt -8.013173 -3.990086 0.000000
vt -7.228692 -4.475816 0.000000
vt -6.368315 -4.809128 0.000000
vt -5.461342 -4.978671 0.000000
vt -4.538658 -4.978671 0.000000
vt -3.631685 -4.809128 0.000000
vt -2.771308 -4.475816 0.000000
vt -1.986827 -3.990086 0.000000
vt -1.304955 -3.368478 0.000000
vt -0.748914 -2.632161 0.000000
vt -0.337639 -1.806208 0.000000
vt -0.085134 -0.918748 0.000000
vt -0.000000 18.056828 0.000000
vt -0.000000 17.106468 0.000000
vt -0.000000 16.156109 0.000000
vt -0.000000 15.205750 0.000000
vt -0.000000 14.255391 0.000000
vt -0.000000 13.305031 0.000000
vt -0.000000 12.354672 0.000000
vt -0.000000 11.404312 0.000000
vt -0.000000 10.453953 0.000000
vt -0.000000 9.503593 0.000000
vt -0.000000 8.553234 0.000000
vt -0.000000 7.602875 0.000000
vt -0.000000 6.652515 0.000000
vt -0.000000 5.702156 0.000000
vt -0.000000 4.751797 0.000000
vt -0.000000 3.801437 0.000000
vt -0.000000 2.851078 0.000000
vt -0.000000 1.900719 0.000000
vt -0.000000 0.950359 0.000000
vt -0.000000 0.000000 0.000000
vt -0.000000 -0.950359 0.000000
vt -0.000000 -1.900719 0.000000
vt -0.000000 -2.851078 0.000000
vt -0.000000 -3.801437 0.000000
vt -0.000000 -4.751797 0.000000
vt -0.000000 -5.702156 0.000000
vt -0.000000 -6.652515 0.000000
vt -0.000000 -7.602875 0.000000
vt -0.000000 -8.553234 0.000000
vt -0.000000 -9.503593 0.000000
vt -0.000000 -10.453953 0.000000
vt -0.000000 -11.404312 0.000000
vt -0.000000 -12.354672 0.000000
vt -0.000000 -13.305031 0.000000
vt -0.000000 -14.255391 0.000000
vt -0.000000 -15.205750 0.000000
vt -0.000000 -16.156109 0.000000
vt -0.000000 -17.106468 0.000000
vt 5.256396 -18.056828 0.000000
vt 5.256396 -16.994661 0.000000
vt 5.256396 -15.932494 0.000000
vt 5.256396 -14.870329 0.000000
vt 5.256396 -13.808162 0.000000
vt 5.256396 -12.745996 0.000000
vt 5.256396 -11.683829 0.000000
vt 5.256396 -10.621663 0.000000
vt 5.256396 -9.559497 0.000000
vt 5.256396 -8.497331 0.000000
vt 5.256396 -7.435164 0.000000
vt 5.256396 -6.372998 0.000000
vt 5.256396 -5.310832 0.000000
vt 5.256396 -4.248665 0.000000
vt 5.256396 -3.186499 0.000000
vt 5.256396 -2.124333 0.000000
vt 5.256396 -1.062166 0.000000
vt 5.256396 0.000000 0.000000
vt 5.256396 1.062166 0.000000
vt 5.256396 2.124333 0.000000
vt 5.256396 3.186499 0.000000
vt 5.256396 4.248665 0.000000
vt 5.256396 5.310832 0.000000
vt 5.256396 6.372998 0.000000
vt 5.256396 7.435164 0.000000
vt 5.256396 8.497331 0.000000
vt 5.256396 9.559497 0.000000
vt 5.256396 10.621663 0.000000
vt 5.256396 11.683829 0.000000
vt 5.256396 12.745996 0.000000
vt 5.256396 13.808162 0.000000
vt 5.256396 14.870329 0.000000
vt 5.256396 15.932494 0.000000
vt 5.256396 16.994661 0.000000
vt 1.314099 -18.056828 0.000000
vt 2.628198 -18.056828 0.000000
vt 3.942297 -18.056828 0.000000
vt 3.942297 -5.368246 0.000000
vt 3.942297 5.368246 0.000000
vt 1.314099 17.080782 0.000000
vt 2.628198 17.080782 0.000000
vt 3.942297 17.080782 0.000000
vt 1.314099 16.104738 0.000000
vt 2.628198 16.104738 0.000000
vt 3.942297 16.104738 0.000000
vt 1.314099 15.128694 0.000000
vt 2.628198 15.128694 0.000000
vt 3.942297 15.128694 0.000000
vt 1.314099 14.152649 0.000000
vt 2.628198 14.152649 0.000000
vt 3.942297 14.152649 0.000000
vt 1.314099 13.176604 0.000000
vt 2.628198 13.176604 0.000000
vt 3.942297 13.176604 0.000000
vt 1.314099 12.200560 0.000000
vt 2.628198 12.200560 0.000000
vt 3.942297 12.200560 0.000000
vt 1.314099 11.224515 0.000000
vt 2.628198 11.224515 0.000000
vt 3.942297 11.224515 0.000000
vt 1.314099 10.248470 0.000000
vt 2.628198 10.248470 0.000000
vt 3.942297 10.248470 0.000000
vt 1.314099 9.272425 0.000000
vt 2.628198 9.272425 0.000000
vt 3.942297 9.272425 0.000000
vt 1.314099 8.296380 0.000000
vt 2.628198 8.296380 0.000000
vt 3.942297 8.296380 0.000000
vt 1.314099 7.320336 0.000000
vt 2.628198 7.320336 0.000000
vt 3.942297 7.320336 0.000000
vt 1.314099 6.344291 0.000000
vt 2.628198 6.344291 0.000000
vt 3.942297 6.344291 0.000000
vt 1.314099 5.368246 0.000000
vt 2.628198 5.368246 0.000000
vt 1.314099 4.392201 0.000000
vt 2.628198 4.392201 0.000000
vt 3.942297 4.392201 0.000000
vt 1.314099 3.416157 0.000000
vt 2.628198 3.416157 0.000000
vt 3.942297 3.416157 0.000000
vt 1.314099 2.440112 0.000000
vt 2.628198 2.440112 0.000000
vt 3.942297 2.440112 0.000000
vt 1.314099 1.464067 0.000000
vt 2.628198 1.464067 0.000000
vt 3.942297 1.464067 0.000000
vt 1.314099 0.488022 0.000000
vt 2.628198 0.488022 0.000000
vt 3.942297 0.488022 0.000000
vt 1.314099 -0.488022 0.000000
vt 2.628198 -0.488022 0.000000
vt 3.942297 -0.488022 0.000000
vt 1.314099 -1.464067 0.000000
vt 2.628198 -1.464067 0.000000
vt 3.942297 -1.464067 0.000000
vt 1.314099 -2.440112 0.000000
vt 2.628198 -2.440112 0.000000
vt 3.942297 -2.440112 0.000000
vt 1.314099 -3.416157 0.000000
vt 2.628198 -3.416157 0.000000
vt 3.942297 -3.416157 0.000000
vt 1.314099 -4.392201 0.000000
vt 2.628198 -4.392201 0.000000
vt 3.942297 -4.392201 0.000000
vt 1.314099 -5.368246 0.000000
vt 2.628198 -5.368246 0.000000
vt 1.314099 -6.344291 0.000000
vt 2.628198 -6.344291 0.000000
vt 3.942297 -6.344291 0.000000
vt 1.314099 -7.320336 0.000000
vt 2.628198 -7.320336 0.000000
vt 3.942297 -7.320336 0.000000
vt 1.314099 -8.296380 0.000000
vt 2.628198 -8.296380 0.000000
vt 3.942297 -8.296380 0.000000
vt 1.314099 -9.272425 0.000000
vt 2.628198 -9.272425 0.000000
vt 3.942297 -9.272425 0.000000
vt 1.314099 -10.248470 0.000000
vt 2.628198 -10.248470 0.000000
vt 3.942297 -10.248470 0.000000
vt 1.314099 -11.224515 0.000000
vt 2.628198 -11.224515 0.000000
vt 3.942297 -11.224515 0.000000
vt 1.314099 -12.200560 0.000000
vt 2.628198 -12.200560 0.000000
vt 3.942297 -12.200560 0.000000
vt 1.314099 -13.176604 0.000000
vt 2.628198 -13.176604 0.000000
vt 3.942297 -13.176604 0.000000
vt 1.314099 -14.152649 0.000000
vt 2.628198 -14.152649 0.000000
vt 3.942297 -14.152649 0.000000
vt 1.314099 -15.128694 0.000000
vt 2.628198 -15.128694 0.000000
vt 3.942297 -15.128694 0.000000
vt 1.314099 -16.104738 0.000000
vt 2.628198 -16.104738 0.000000
vt 3.942297 -16.104738 0.000000
vt 1.314099 -17.080782 0.000000
vt 2.628198 -17.080782 0.000000
vt 3.942297 -17.080782 0.000000
vt -0.000000 -18.056828 0.000000
vt 1.314099 18.056828 0.000000
vt 1.314099 18.056828 0.000000
vt 3.942297 -19.032875 0.000000
vt 3.942297 -19.032875 0.000000
vt 2.628198 18.056828 0.000000
vt 2.628198 -19.032875 0.000000
vt 1.314099 18.056828 0.000000
vt 5.256396 18.056828 0.000000
vt 6.138674 -15.033071 0.000000
vt -6.861326 -15.033071 0.000000
vt -6.861326 -14.098356 0.000000
vt -6.861326 -13.163639 0.000000
vt -6.861326 -12.228925 0.000000
vt -6.861326 -11.294209 0.000000
vt -6.861326 -10.359493 0.000000
vt -6.861326 -9.424778 0.000000
vt -6.861326 -8.490063 0.000000
vt -6.861326 -7.555347 0.000000
vt -6.861326 -6.620632 0.000000
vt -6.861326 -5.685916 0.000000
vt -6.861326 -4.751201 0.000000
vt -6.861326 -3.816485 0.000000
vt 6.138674 -3.816485 0.000000
vt 6.138674 -4.751201 0.000000
vt 6.138674 -5.685916 0.000000
vt 6.138674 -6.620632 0.000000
vt 6.138674 -7.555347 0.000000
vt 6.138674 -8.490063 0.000000
vt 6.138674 -9.424778 0.000000
vt 6.138674 -10.359493 0.000000
vt 6.138674 -11.294209 0.000000
vt 6.138674 -12.228925 0.000000
vt 6.138674 -13.163639 0.000000
vt 6.138674 -14.098356 0.000000
vt -7.311326 0.000000 0.000000
vt -7.311326 -0.992082 0.000000
vt -7.311326 -1.984164 0.000000
vt -7.311326 -2.976246 0.000000
vt -7.311326 -3.968328 0.000000
vt -7.311326 -4.960409 0.000000
vt -7.311326 -5.952491 0.000000
vt -7.311326 -6.944573 0.000000
vt -7.311326 -7.936655 0.000000
vt -7.311326 -8.928737 0.000000
vt -7.311326 -9.920818 0.000000
vt -7.311326 -10.912901 0.000000
vt -7.311326 -11.904983 0.000000
vt -7.311326 -12.897065 0.000000
vt -7.311326 -13.889147 0.000000
vt -7.311326 -14.881229 0.000000
vt -7.311326 -15.873310 0.000000
vt -7.311326 -16.865393 0.000000
vt -7.311326 -17.857473 0.000000
vt -7.311326 18.849556 0.000000
vt -7.311326 17.857473 0.000000
vt -7.311326 16.865393 0.000000
vt -7.311326 15.873310 0.000000
vt -7.311326 14.881229 0.000000
vt -7.311326 13.889147 0.000000
vt -7.311326 12.897065 0.000000
vt -7.311326 11.904983 0.000000
vt -7.311326 10.912901 0.000000
vt -7.311326 9.920818 0.000000
vt -7.311326 8.928737 0.000000
vt -7.311326 7.936655 0.000000
vt -7.311326 6.944573 0.000000
vt -7.311326 5.952491 0.000000
vt -7.311326 4.960409 0.000000
vt -7.311326 3.968328 0.000000
vt -7.311326 2.976246 0.000000
vt -7.311326 1.984164 0.000000
vt -7.311326 0.992082 0.000000
vt 7.311326 0.000000 0.000000
vt 7.311326 0.992082 0.000000
vt 7.311326 1.984164 0.000000
vt 7.311326 2.976246 0.000000
vt 7.311326 3.968328 0.000000
vt 7.311326 4.960409 0.000000
vt 7.311326 5.952491 0.000000
vt 7.311326 6.944573 0.000000
vt 7.311326 7.936655 0.000000
vt 7.311326 8.928737 0.000000
vt 7.311326 9.920818 0.000000
vt 7.311326 10.912901 0.000000
vt 7.311326 11.904983 0.000000
vt 7.311326 12.897065 0.000000
vt 7.311326 13.889147 0.000000
vt 7.311326 14.881229 0.000000
vt 7.311326 15.873310 0.000000
vt 7.311326 16.865393 0.000000
vt 7.311326 17.857473 0.000000
vt 7.311326 -18.849556 0.000000
vt 7.311326 -17.857473 0.000000
vt 7.311326 -16.865393 0.000000
vt 7.311326 -15.873310 0.000000
vt 7.311326 -14.881229 0.000000
vt 7.311326 -13.889147 0.000000
vt 7.311326 -12.897065 0.000000
vt 7.311326 -11.904983 0.000000
vt 7.311326 -10.912901 0.000000
vt 7.311326 -9.920818 0.000000
vt 7.311326 -8.928737 0.000000
vt 7.311326 -7.936655 0.000000
vt 7.311326 -6.944573 0.000000
vt 7.311326 -5.952491 0.000000
vt 7.311326 -4.960409 0.000000
vt 7.311326 -3.968328 0.000000
vt 7.311326 -2.976246 0.000000
vt 7.311326 -1.984164 0.000000
vt 7.311326 -0.992082 0.000000
vt 7.311326 18.849556 0.000000
vt -7.311326 -18.849556 0.000000
vn -0.080443 0.000000 -0.059405
vn -0.080443 0.000000 -0.059405
vn -0.080443 0.000000 -0.059405
vn -0.080443 0.000000 -0.059405
vn 0.059405 0.000000 0.080443
vn 0.071167 0.000000 0.070252
vn 0.081205 0.000000 0.058359
vn 0.089276 0.000000 0.045053
vn 0.095185 0.000000 0.030656
vn 0.098789 0.000000 0.015516
vn 0.100000 0.000000 0.000000
vn 0.098789 0.000000 -0.015516
vn 0.095185 0.000000 -0.030656
vn 0.089276 0.000000 -0.045053
vn 0.081205 0.000000 -0.058359
vn 0.071167 0.000000 -0.070252
vn 0.059405 0.000000 -0.080443
vn 0.059405 0.000000 -0.080443
vn 0.071167 0.000000 -0.070252
vn 0.081205 0.000000 -0.058359
vn 0.089276 0.000000 -0.045053
vn 0.095185 0.000000 -0.030656
vn 0.098789 0.000000 -0.015516
vn 0.100000 0.000000 0.000000
vn 0.098789 0.000000 0.015516
vn 0.095185 0.000000 0.030656
vn 0.089276 0.000000 0.045053
vn 0.081205 0.000000 0.058359
vn 0.071167 0.000000 0.070252
vn 0.059405 0.000000 0.080443
vn -0.080443 0.000000 0.059405
vn -0.080443 0.000000 0.059405
vn -0.080443 0.000000 0.059405
vn -0.080443 0.000000 0.059405
vn 0.000000 0.100000 0.000000
vn 0.000000 0.100000 0.000000
vn 0.000000 0.100000 0.000000
vn 0.000000 0.100000 0.000000
vn 0.000000 0.100000 0.000000
vn 0.000000 0.100000 0.000000
vn 0.000000 0.100000 0.000000
vn 0.000000 0.100000 0.000000
vn 0.000000 0.100000 0.000000
vn 0.000000 0.100000 0.000000
vn 0.000000 0.100000 0.000000
vn 0.000000 0.100000 0.000000
vn 0.000000 0.100000 0.000000
vn 0.000000 0.100000 0.000000
vn 0.000000 0.100000 0.000000
vn 0.000000 0.100000 0.000000
vn 0.000000 0.100000 0.000000
vn 0.000000 0.100000 0.000000
vn 0.000000 0.100000 0.000000
vn 0.000000 0.100000 0.000000
vn 0.000000 0.100000 0.000000
vn 0.000000 0.100000 0.000000
vn 0.000000 0.100000 0.000000
vn 0.000000 0.100000 0.000000
vn 0.000000 0.100000 0.000000
vn 0.000000 0.100000 0.000000
vn 0.000000 -0.100000 0.000000
vn 0.000000 -0.100000 0.000000
vn 0.000000 -0.100000 0.000000
vn 0.000000 -0.100000 0.000000
vn 0.000000 -0.100000 0.000000
vn 0.000000 -0.100000 0.000000
vn 0.000000 -0.100000 0.000000
vn 0.000000 -0.100000 0.000000
vn 0.000000 -0.100000 0.000000
vn 0.000000 -0.100000 0.000000
vn 0.000000 -0.100000 0.000000
vn 0.000000 -0.100000 0.000000
vn 0.000000 -0.100000 0.000000
vn 0.000000 -0.100000 0.000000
vn 0.000000 -0.100000 0.000000
vn 0.000000 -0.100000 0.000000
vn 0.000000 -0.100000 0.000000
vn 0.000000 -0.100000 0.000000
vn 0.000000 -0.100000 0.000000
vn 0.000000 -0.100000 0.000000
vn 0.000000 -0.100000 0.000000
vn 0.000000 -0.100000 0.000000
vn 0.000000 -0.100000 0.000000
vn 0.000000 -0.100000 0.000000
vn 0.000000 -0.100000 0.000000
vn 0.000000 -0.100000 0.000000
vn 0.000000 0.000000 -0.100000
vn -0.026980 0.000000 -0.096292
vn -0.051958 0.000000 -0.085442
vn -0.073084 0.000000 -0.068255
vn -0.088789 0.000000 -0.046007
vn -0.097908 0.000000 -0.020346
vn -0.099767 0.000000 0.006824
vn -0.094226 0.000000 0.033488
vn -0.081697 0.000000 0.057668
vn -0.063109 0.000000 0.077571
vn -0.039840 0.000000 0.091721
vn -0.013617 0.000000 0.099069
vn 0.013617 0.000000 0.099069
vn 0.039840 0.000000 0.091721
vn 0.063109 0.000000 0.077571
vn 0.081697 0.000000 0.057668
vn 0.094226 0.000000 0.033488
vn 0.099767 0.000000 0.006824
vn 0.097908 0.000000 -0.020346
vn 0.088789 0.000000 -0.046007
vn 0.073084 0.000000 -0.068255
vn 0.051958 0.000000 -0.085442
vn 0.026980 0.000000 -0.096292
vn 0.000000 0.100000 0.000000
vn 0.000000 0.100000 0.000000
vn 0.000000 0.100000 0.000000
vn 0.000000 0.100000 0.000000
vn 0.000000 0.100000 0.000000
vn 0.000000 0.100000 0.000000
vn 0.000000 0.100000 0.000000
vn 0.000000 0.100000 0.000000
vn 0.000000 0.100000 0.000000
vn 0.000000 0.100000 0.000000
vn 0.000000 0.100000 0.000000
vn 0.000000 0.100000 0.000000
vn 0.000000 0.100000 0.000000
vn 0.000000 0.100000 0.000000
vn 0.000000 0.100000 0.000000
vn 0.000000 0.100000 0.000000
vn 0.000000 0.100000 0.000000
vn 0.000000 0.100000 0.000000
vn 0.000000 0.100000 0.000000
vn 0.000000 0.100000 0.000000
vn 0.000000 0.100000 0.000000
vn 0.000000 0.100000 0.000000
vn 0.000000 0.050000 -0.086603
vn 0.000000 0.086603 -0.050000
vn -0.023365 0.050000 -0.083391
vn -0.013490 0.086603 -0.048146
vn -0.044997 0.050000 -0.073995
vn -0.025979 0.086603 -0.042721
vn -0.063292 0.050000 -0.059111
vn -0.036542 0.086603 -0.034128
vn -0.076893 0.050000 -0.039843
vn -0.044394 0.086603 -0.023003
vn -0.084791 0.050000 -0.017620
vn -0.048954 0.086603 -0.010173
vn -0.086401 0.050000 0.005910
vn -0.049883 0.086603 0.003412
vn -0.081602 0.050000 0.029001
vn -0.047113 0.086603 0.016744
vn -0.070752 0.050000 0.049942
vn -0.040848 0.086603 0.028834
vn -0.054654 0.050000 0.067179
vn -0.031554 0.086603 0.038786
vn -0.034503 0.050000 0.079433
vn -0.019920 0.086603 0.045861
vn -0.011792 0.050000 0.085796
vn -0.006808 0.086603 0.049534
vn 0.011792 0.050000 0.085796
vn 0.006808 0.086603 0.049534
vn 0.034503 0.050000 0.079433
vn 0.019920 0.086603 0.045861
vn 0.054654 0.050000 0.067179
vn 0.031554 0.086603 0.038786
vn 0.070752 0.050000 0.049942
vn 0.040848 0.086603 0.028834
vn 0.081602 0.050000 0.029001
vn 0.047113 0.086603 0.016744
vn 0.086401 0.050000 0.005910
vn 0.049883 0.086603 0.003412
vn 0.084791 0.050000 -0.017620
vn 0.048954 0.086603 -0.010173
vn 0.076893 0.050000 -0.039843
vn 0.044394 0.086603 -0.023003
vn 0.063292 0.050000 -0.059111
vn 0.036542 0.086603 -0.034128
vn 0.044997 0.050000 -0.073995
vn 0.025979 0.086603 -0.042721
vn 0.023365 0.050000 -0.083391
vn 0.013490 0.086603 -0.048146
vn 0.000000 0.050000 -0.086603
vn 0.000000 0.000000 -0.100000
vn -0.013490 0.086603 -0.048146
vn -0.013490 0.086603 -0.048146
vn 0.000000 0.050000 -0.086603
vn 0.000000 0.100000 0.000000
vn 0.000000 0.000000 -0.100000
vn -0.026980 0.000000 -0.096292
vn -0.051958 0.000000 -0.085442
vn -0.073084 0.000000 -0.068255
vn -0.088789 0.000000 -0.046007
vn -0.097908 0.000000 -0.020346
vn -0.099767 0.000000 0.006824
vn -0.094226 0.000000 0.033488
vn -0.081697 0.000000 0.057668
vn -0.063109 0.000000 0.077571
vn -0.039840 0.000000 0.091721
vn -0.013617 0.000000 0.099069
vn 0.013617 0.000000 0.099069
vn 0.039840 0.000000 0.091721
vn 0.063109 0.000000 0.077571
vn 0.081697 0.000000 0.057668
vn 0.094226 0.000000 0.033488
vn 0.099767 0.000000 0.006824
vn 0.097908 0.000000 -0.020346
vn 0.088789 0.000000 -0.046007
vn 0.073084 0.000000 -0.068255
vn 0.051958 0.000000 -0.085442
vn 0.026980 0.000000 -0.096292
vn 0.000000 0.000000 -0.100000
vn 0.026980 0.000000 -0.096292
vn 0.051958 0.000000 -0.085442
vn 0.073084 0.000000 -0.068255
vn 0.088789 0.000000 -0.046007
vn 0.097908 0.000000 -0.020346
vn 0.099767 0.000000 0.006824
vn 0.094226 0.000000 0.033488
vn 0.081697 0.000000 0.057668
vn 0.063109 0.000000 0.077571
vn 0.039840 0.000000 0.091721
vn 0.013617 0.000000 0.099069
vn -0.013617 0.000000 0.099069
vn -0.039840 0.000000 0.091721
vn -0.063109 0.000000 0.077571
vn -0.081697 0.000000 0.057668
vn -0.094226 0.000000 0.033488
vn -0.099767 0.000000 0.006824
vn -0.097908 0.000000 -0.020346
vn -0.088789 0.000000 -0.046007
vn -0.073084 0.000000 -0.068255
vn -0.051958 0.000000 -0.085442
vn -0.026980 0.000000 -0.096292
vn 0.013617 0.000000 0.099069
vn 0.013617 0.000000 0.099069
vn 0.013617 0.000000 0.099069
vn 0.013617 0.000000 0.099069
vn 0.000000 0.100000 0.000000
vn 0.000000 0.100000 0.000000
vn 0.000000 0.100000 0.000000
vn 0.000000 0.100000 0.000000
vn 0.000000 0.100000 0.000000
vn 0.000000 0.100000 0.000000
vn 0.000000 0.100000 0.000000
vn 0.000000 0.100000 0.000000
vn 0.000000 0.100000 0.000000
vn 0.000000 0.100000 0.000000
vn 0.000000 0.100000 0.000000
vn 0.000000 0.100000 0.000000
vn 0.000000 0.100000 0.000000
vn 0.000000 0.100000 0.000000
vn 0.000000 0.100000 0.000000
vn 0.000000 0.100000 0.000000
vn 0.000000 0.100000 0.000000
vn 0.000000 0.100000 0.000000
vn 0.000000 0.100000 0.000000
vn 0.000000 0.100000 0.000000
vn 0.000000 0.100000 0.000000
vn 0.000000 0.100000 0.000000
vn 0.000000 0.071047 -0.070373
vn 0.013729 0.071047 -0.069020
vn 0.026930 0.071047 -0.065016
vn 0.039097 0.071047 -0.058513
vn 0.049761 0.071047 -0.049761
vn 0.058513 0.071047 -0.039097
vn 0.065016 0.071047 -0.026930
vn 0.069020 0.071047 -0.013729
vn 0.070373 0.071047 0.000000
vn 0.069020 0.071047 0.013729
vn 0.065016 0.071047 0.026930
vn 0.058513 0.071047 0.039097
vn 0.049761 0.071047 0.049761
vn 0.039097 0.071047 0.058513
vn 0.026930 0.071047 0.065016
vn 0.013729 0.071047 0.069020
vn 0.000000 0.071047 0.070373
vn -0.013729 0.071047 0.069020
vn -0.026930 0.071047 0.065016
vn -0.039097 0.071047 0.058513
vn -0.049761 0.071047 0.049761
vn -0.058513 0.071047 0.039097
vn -0.065016 0.071047 0.026930
vn -0.069020 0.071047 0.013729
vn -0.070373 0.071047 0.000000
vn -0.069020 0.071047 -0.013729
vn -0.065016 0.071047 -0.026930
vn -0.058513 0.071047 -0.039097
vn -0.049761 0.071047 -0.049761
vn -0.039097 0.071047 -0.058513
vn -0.026930 0.071047 -0.065016
vn -0.013729 0.071047 -0.069020
vn 0.000000 0.000000 -0.100000
vn -0.016459 0.000000 -0.098636
vn -0.032470 0.000000 -0.094582
vn -0.047595 0.000000 -0.087947
vn -0.061421 0.000000 -0.078914
vn -0.073572 0.000000 -0.067728
vn -0.083717 0.000000 -0.054695
vn -0.091577 0.000000 -0.040170
vn -0.096940 0.000000 -0.024549
vn -0.099658 0.000000 -0.008258
vn -0.099658 0.000000 0.008258
vn -0.096940 0.000000 0.024549
vn -0.091577 0.000000 0.040170
vn -0.083717 0.000000 0.054695
vn -0.073572 0.000000 0.067728
vn -0.061421 0.000000 0.078914
vn -0.047595 0.000000 0.087947
vn -0.032470 0.000000 0.094582
vn -0.016459 0.000000 0.098636
vn 0.000000 0.000000 0.100000
vn 0.016459 0.000000 0.098636
vn 0.032470 0.000000 0.094582
vn 0.047595 0.000000 0.087947
vn 0.061421 0.000000 0.078914
vn 0.073572 0.000000 0.067728
vn 0.083717 0.000000 0.054695
vn 0.091577 0.000000 0.040170
vn 0.096940 0.000000 0.024549
vn 0.099658 0.000000 0.008258
vn 0.099658 0.000000 -0.008258
vn 0.096940 0.000000 -0.024549
vn 0.091577 0.000000 -0.040170
vn 0.083717 0.000000 -0.054695
vn 0.073572 0.000000 -0.067728
vn 0.061421 0.000000 -0.078914
vn 0.047595 0.000000 -0.087947
vn 0.032470 0.000000 -0.094582
vn 0.016459 0.000000 -0.098636
vn 0.000000 0.059087 0.080677
vn 0.000000 0.045654 0.088970
vn 0.000000 0.031083 0.095047
vn 0.000000 0.015738 0.098754
vn 0.078866 0.059087 0.016997
vn 0.055823 0.059087 -0.058245
vn -0.055823 0.059087 -0.058245
vn -0.078866 0.059087 0.016997
vn 0.006842 0.059087 -0.080386
vn 0.007545 0.045654 -0.088650
vn 0.008061 0.031083 -0.094704
vn 0.008375 0.015738 -0.098398
vn -0.008375 0.015738 -0.098398
vn -0.008061 0.031083 -0.094704
vn -0.007545 0.045654 -0.088650
vn -0.006842 0.059087 -0.080386
vn 0.020329 0.059087 -0.078074
vn 0.022419 0.045654 -0.086100
vn 0.023950 0.031083 -0.091980
vn 0.024884 0.015738 -0.095567
vn 0.033231 0.059087 -0.073515
vn 0.036647 0.045654 -0.081072
vn 0.039150 0.031083 -0.086609
vn 0.040677 0.015738 -0.089987
vn 0.045177 0.059087 -0.066841
vn 0.049821 0.045654 -0.073713
vn 0.053224 0.031083 -0.078747
vn 0.055300 0.015738 -0.081819
vn 0.064864 0.059087 -0.047973
vn 0.071532 0.045654 -0.052905
vn 0.076417 0.031083 -0.056518
vn 0.079398 0.015738 -0.058722
vn 0.068332 0.015738 -0.071296
vn 0.065766 0.031083 -0.068619
vn 0.061562 0.045654 -0.064233
vn 0.072038 0.059087 -0.036321
vn 0.079444 0.045654 -0.040055
vn 0.084869 0.031083 -0.042790
vn 0.088180 0.015738 -0.044459
vn 0.077140 0.059087 -0.023624
vn 0.085070 0.045654 -0.026053
vn 0.090880 0.031083 -0.027832
vn 0.094425 0.015738 -0.028917
vn 0.080023 0.059087 -0.010247
vn 0.088250 0.045654 -0.011301
vn 0.094277 0.031083 -0.012073
vn 0.097954 0.015738 -0.012543
vn 0.080604 0.059087 0.003424
vn 0.088890 0.045654 0.003776
vn 0.094961 0.031083 0.004034
vn 0.098665 0.015738 0.004191
vn 0.086973 0.045654 0.018744
vn 0.092913 0.031083 0.020024
vn 0.096537 0.015738 0.020805
vn 0.068699 0.059087 0.042299
vn 0.075761 0.045654 0.046648
vn 0.080935 0.031083 0.049834
vn 0.084092 0.015738 0.051777
vn 0.091633 0.015738 0.036821
vn 0.088193 0.031083 0.035439
vn 0.082555 0.045654 0.033173
vn 0.074859 0.059087 0.030081
vn 0.060562 0.059087 0.053301
vn 0.066788 0.045654 0.058780
vn 0.071349 0.031083 0.062795
vn 0.074132 0.015738 0.065244
vn 0.050683 0.059087 0.062769
vn 0.055893 0.045654 0.069222
vn 0.059710 0.031083 0.073950
vn 0.062039 0.015738 0.076834
vn 0.039346 0.059087 0.070432
vn 0.043390 0.045654 0.077672
vn 0.046354 0.031083 0.082977
vn 0.048162 0.015738 0.086214
vn 0.026877 0.059087 0.076068
vn 0.029640 0.045654 0.083888
vn 0.031664 0.031083 0.089617
vn 0.032899 0.015738 0.093113
vn 0.013634 0.059087 0.079516
vn 0.015036 0.045654 0.087691
vn 0.016063 0.031083 0.093679
vn 0.016689 0.015738 0.097333
vn -0.013634 0.059087 0.079516
vn -0.015036 0.045654 0.087691
vn -0.016063 0.031083 0.093679
vn -0.016689 0.015738 0.097333
vn -0.026877 0.059087 0.076068
vn -0.029640 0.045654 0.083888
vn -0.031664 0.031083 0.089617
vn -0.032899 0.015738 0.093113
vn -0.039346 0.059087 0.070432
vn -0.043390 0.045654 0.077672
vn -0.046354 0.031083 0.082977
vn -0.048162 0.015738 0.086214
vn -0.050683 0.059087 0.062769
vn -0.055893 0.045654 0.069222
vn -0.059710 0.031083 0.073950
vn -0.062039 0.015738 0.076834
vn -0.060562 0.059087 0.053301
vn -0.066788 0.045654 0.058780
vn -0.071349 0.031083 0.062795
vn -0.074132 0.015738 0.065244
vn -0.068699 0.059087 0.042299
vn -0.075761 0.045654 0.046648
vn -0.080935 0.031083 0.049834
vn -0.084092 0.015738 0.051777
vn -0.074859 0.059087 0.030081
vn -0.082555 0.045654 0.033173
vn -0.088193 0.031083 0.035439
vn -0.091633 0.015738 0.036821
vn -0.080604 0.059087 0.003424
vn -0.088890 0.045654 0.003776
vn -0.094961 0.031083 0.004034
vn -0.098665 0.015738 0.004191
vn -0.096537 0.015738 0.020805
vn -0.092913 0.031083 0.020024
vn -0.086973 0.045654 0.018744
vn -0.080023 0.059087 -0.010247
vn -0.088250 0.045654 -0.011301
vn -0.094277 0.031083 -0.012073
vn -0.097954 0.015738 -0.012543
vn -0.077140 0.059087 -0.023624
vn -0.085070 0.045654 -0.026053
vn -0.090880 0.031083 -0.027832
vn -0.094425 0.015738 -0.028917
vn -0.072038 0.059087 -0.036321
vn -0.079444 0.045654 -0.040055
vn -0.084869 0.031083 -0.042790
vn -0.088180 0.015738 -0.044459
vn -0.064864 0.059087 -0.047973
vn -0.071532 0.045654 -0.052905
vn -0.076417 0.031083 -0.056518
vn -0.079398 0.015738 -0.058722
vn -0.061562 0.045654 -0.064233
vn -0.065766 0.031083 -0.068619
vn -0.068332 0.015738 -0.071296
vn -0.033231 0.059087 -0.073515
vn -0.036647 0.045654 -0.081072
vn -0.039150 0.031083 -0.086609
vn -0.040677 0.015738 -0.089987
vn -0.055300 0.015738 -0.081819
vn -0.053224 0.031083 -0.078747
vn -0.049821 0.045654 -0.073713
vn -0.045177 0.059087 -0.066841
vn -0.020329 0.059087 -0.078074
vn -0.022419 0.045654 -0.086100
vn -0.023950 0.031083 -0.091980
vn -0.024884 0.015738 -0.095567
vn -0.016459 0.000000 0.098636
vn 0.000000 0.015738 0.098754
vn 0.000000 0.071047 0.070373
vn 0.000000 0.071047 0.070373
vn 0.000000 0.059087 0.080677
vn 0.000000 0.059087 0.080677
vn -0.015036 0.045654 0.087691
vn 0.000000 0.045654 0.088970
vn -0.016063 0.031083 0.093679
vn 0.000000 0.031083 0.095047
vn -0.016689 0.015738 0.097333
vn 0.000000 0.000000 -0.100000
vn 0.026980 0.000000 -0.096292
vn 0.051958 0.000000 -0.085442
vn 0.073084 0.000000 -0.068255
vn 0.088789 0.000000 -0.046007
vn 0.097908 0.000000 -0.020346
vn 0.099767 0.000000 0.006824
vn 0.094226 0.000000 0.033488
vn 0.081697 0.000000 0.057668
vn 0.063109 0.000000 0.077571
vn 0.039840 0.000000 0.091721
vn 0.013617 0.000000 0.099069
vn -0.013617 0.000000 0.099069
vn -0.039840 0.000000 0.091721
vn -0.063109 0.000000 0.077571
vn -0.081697 0.000000 0.057668
vn -0.094226 0.000000 0.033488
vn -0.099767 0.000000 0.006824
vn -0.097908 0.000000 -0.020346
vn -0.088789 0.000000 -0.046007
vn -0.073084 0.000000 -0.068255
vn -0.051958 0.000000 -0.085442
vn -0.026980 0.000000 -0.096292
vn 0.000000 0.071047 -0.070373
vn -0.013729 0.071047 -0.069020
vn -0.026930 0.071047 -0.065016
vn -0.039097 0.071047 -0.058513
vn -0.049761 0.071047 -0.049761
vn -0.058513 0.071047 -0.039097
vn -0.065016 0.071047 -0.026930
vn -0.069020 0.071047 -0.013729
vn -0.070373 0.071047 0.000000
vn -0.069020 0.071047 0.013729
vn -0.065016 0.071047 0.026930
vn -0.058513 0.071047 0.039097
vn -0.049761 0.071047 0.049761
vn -0.039097 0.071047 0.058513
vn -0.026930 0.071047 0.065016
vn -0.013729 0.071047 0.069020
vn 0.000000 0.071047 0.070373
vn 0.013729 0.071047 0.069020
vn 0.026930 0.071047 0.065016
vn 0.039097 0.071047 0.058513
vn 0.049761 0.071047 0.049761
vn 0.058513 0.071047 0.039097
vn 0.065016 0.071047 0.026930
vn 0.069020 0.071047 0.013729
vn 0.070373 0.071047 0.000000
vn 0.069020 0.071047 -0.013729
vn 0.065016 0.071047 -0.026930
vn 0.058513 0.071047 -0.039097
vn 0.049761 0.071047 -0.049761
vn 0.039097 0.071047 -0.058513
vn 0.026930 0.071047 -0.065016
vn 0.013729 0.071047 -0.069020
vn 0.000000 0.015738 -0.098754
vn 0.000000 0.031083 -0.095047
vn 0.000000 0.045654 -0.088970
vn 0.000000 0.059087 -0.080677
vn -0.020200 0.015738 -0.096666
vn -0.039546 0.015738 -0.090490
vn -0.016503 0.059087 -0.078971
vn -0.032307 0.059087 -0.073925
vn -0.065193 0.015738 -0.074177
vn -0.046746 0.059087 -0.065754
vn -0.078987 0.015738 -0.059273
vn -0.059207 0.059087 -0.054802
vn -0.093272 0.015738 -0.032445
vn -0.069165 0.059087 -0.041532
vn -0.076198 0.059087 -0.026506
vn -0.098721 0.015738 -0.002543
vn -0.080009 0.059087 -0.010359
vn -0.097154 0.015738 0.017705
vn -0.080436 0.059087 0.006226
vn -0.087168 0.015738 0.046412
vn -0.077462 0.059087 0.022548
vn -0.068925 0.015738 0.070723
vn -0.066936 0.059087 0.045037
vn -0.053001 0.015738 0.083326
vn -0.056308 0.059087 0.057777
vn -0.043299 0.059087 0.068073
vn -0.025150 0.015738 0.095498
vn -0.028459 0.059087 0.075491
vn 0.005084 0.015738 0.098623
vn -0.012415 0.059087 0.079716
vn 0.025150 0.015738 0.095498
vn 0.004153 0.059087 0.080570
vn 0.020546 0.059087 0.078017
vn 0.053001 0.015738 0.083326
vn 0.036070 0.059087 0.072164
vn 0.075831 0.015738 0.063261
vn 0.050069 0.059087 0.063260
vn 0.087168 0.015738 0.046412
vn 0.061950 0.059087 0.051681
vn 0.097154 0.015738 0.017705
vn 0.074733 0.059087 0.030393
vn 0.079370 0.059087 0.014464
vn 0.097936 0.015738 -0.012680
vn 0.080650 0.059087 -0.002077
vn 0.093272 0.015738 -0.032445
vn 0.078520 0.059087 -0.018530
vn 0.078987 0.015738 -0.059273
vn 0.073069 0.059087 -0.034200
vn 0.064528 0.059087 -0.048423
vn 0.057220 0.015738 -0.080487
vn 0.053259 0.059087 -0.060599
vn 0.039546 0.015738 -0.090490
vn 0.039737 0.059087 -0.070212
vn 0.010154 0.015738 -0.098230
vn 0.024535 0.059087 -0.076856
vn 0.009773 0.031083 -0.094543
vn 0.009148 0.045654 -0.088499
vn 0.008295 0.059087 -0.080249
vn 0.030033 0.015738 -0.094076
vn 0.028905 0.031083 -0.090545
vn 0.027057 0.045654 -0.084756
vn 0.016503 0.059087 -0.078971
vn 0.018199 0.045654 -0.087089
vn 0.019442 0.031083 -0.093037
vn 0.020200 0.015738 -0.096666
vn 0.055072 0.031083 -0.077466
vn 0.051551 0.045654 -0.072513
vn 0.046746 0.059087 -0.065754
vn 0.043822 0.045654 -0.077430
vn 0.046815 0.031083 -0.082718
vn 0.048641 0.015738 -0.085944
vn 0.072474 0.015738 -0.067081
vn 0.069753 0.031083 -0.064563
vn 0.065294 0.045654 -0.060435
vn 0.059207 0.059087 -0.054802
vn 0.058734 0.045654 -0.066828
vn 0.062745 0.031083 -0.071392
vn 0.065193 0.015738 -0.074177
vn 0.089442 0.015738 -0.041863
vn 0.086084 0.031083 -0.040292
vn 0.080581 0.045654 -0.037716
vn 0.069165 0.059087 -0.041532
vn 0.076276 0.045654 -0.045801
vn 0.081485 0.031083 -0.048929
vn 0.084663 0.015738 -0.050838
vn 0.094260 0.031083 -0.012204
vn 0.088234 0.045654 -0.011424
vn 0.080009 0.059087 -0.010359
vn 0.086592 0.045654 -0.020435
vn 0.092505 0.031083 -0.021831
vn 0.096114 0.015738 -0.022683
vn 0.098459 0.015738 0.007621
vn 0.094763 0.031083 0.007335
vn 0.088705 0.045654 0.006866
vn 0.080436 0.059087 0.006226
vn 0.088941 0.045654 -0.002291
vn 0.095015 0.031083 -0.002447
vn 0.098721 0.015738 -0.002543
vn 0.091478 0.015738 0.037203
vn 0.088044 0.031083 0.035807
vn 0.082415 0.045654 0.033518
vn 0.077462 0.059087 0.022548
vn 0.085425 0.045654 0.024866
vn 0.091259 0.031083 0.026564
vn 0.094819 0.015738 0.027600
vn 0.072984 0.031083 0.060886
vn 0.068319 0.045654 0.056994
vn 0.066936 0.059087 0.045037
vn 0.073817 0.045654 0.049667
vn 0.078858 0.031083 0.053059
vn 0.081934 0.015738 0.055129
vn 0.061288 0.015738 0.077435
vn 0.058987 0.031083 0.074528
vn 0.055216 0.045654 0.069763
vn 0.056308 0.059087 0.057777
vn 0.062096 0.045654 0.063716
vn 0.066337 0.031083 0.068068
vn 0.068925 0.015738 0.070723
vn 0.034836 0.015738 0.092406
vn 0.033528 0.031083 0.088937
vn 0.031384 0.045654 0.083251
vn 0.028459 0.059087 0.075491
vn 0.039778 0.045654 0.079583
vn 0.042495 0.031083 0.085018
vn 0.044152 0.015738 0.088334
vn 0.004893 0.031083 0.094920
vn 0.004580 0.045654 0.088852
vn 0.012415 0.059087 0.079716
vn 0.013692 0.045654 0.087911
vn 0.014627 0.031083 0.093914
vn 0.015197 0.015738 0.097577
vn -0.015197 0.015738 0.097577
vn -0.014627 0.031083 0.093914
vn -0.013692 0.045654 0.087911
vn -0.004153 0.059087 0.080570
vn -0.004580 0.045654 0.088852
vn -0.004893 0.031083 0.094920
vn -0.005084 0.015738 0.098623
vn -0.044152 0.015738 0.088334
vn -0.042495 0.031083 0.085018
vn -0.039778 0.045654 0.079583
vn -0.036070 0.059087 0.072164
vn -0.031384 0.045654 0.083251
vn -0.033528 0.031083 0.088937
vn -0.034836 0.015738 0.092406
vn -0.066337 0.031083 0.068068
vn -0.062096 0.045654 0.063716
vn -0.050069 0.059087 0.063260
vn -0.055216 0.045654 0.069763
vn -0.058987 0.031083 0.074528
vn -0.061288 0.015738 0.077435
vn -0.081934 0.015738 0.055129
vn -0.078858 0.031083 0.053059
vn -0.073817 0.045654 0.049667
vn -0.061950 0.059087 0.051681
vn -0.068319 0.045654 0.056994
vn -0.072984 0.031083 0.060886
vn -0.075831 0.015738 0.063261
vn -0.094819 0.015738 0.027600
vn -0.091259 0.031083 0.026564
vn -0.085425 0.045654 0.024866
vn -0.074733 0.059087 0.030393
vn -0.082415 0.045654 0.033518
vn -0.088044 0.031083 0.035807
vn -0.091478 0.015738 0.037203
vn -0.095015 0.031083 -0.002447
vn -0.088941 0.045654 -0.002291
vn -0.080650 0.059087 -0.002077
vn -0.088705 0.045654 0.006866
vn -0.094763 0.031083 0.007335
vn -0.098459 0.015738 0.007621
vn -0.096114 0.015738 -0.022683
vn -0.092505 0.031083 -0.021831
vn -0.086592 0.045654 -0.020435
vn -0.078520 0.059087 -0.018530
vn -0.088234 0.045654 -0.011424
vn -0.094260 0.031083 -0.012204
vn -0.097936 0.015738 -0.012680
vn -0.084663 0.015738 -0.050838
vn -0.081485 0.031083 -0.048929
vn -0.076276 0.045654 -0.045801
vn -0.073069 0.059087 -0.034200
vn -0.080581 0.045654 -0.037716
vn -0.086084 0.031083 -0.040292
vn -0.089442 0.015738 -0.041863
vn -0.062745 0.031083 -0.071392
vn -0.058734 0.045654 -0.066828
vn -0.053259 0.059087 -0.060599
vn -0.065294 0.045654 -0.060435
vn -0.069753 0.031083 -0.064563
vn -0.072474 0.015738 -0.067081
vn -0.048641 0.015738 -0.085944
vn -0.046815 0.031083 -0.082718
vn -0.043822 0.045654 -0.077430
vn -0.039737 0.059087 -0.070212
vn -0.051551 0.045654 -0.072513
vn -0.055072 0.031083 -0.077466
vn -0.057220 0.015738 -0.080487
vn -0.019442 0.031083 -0.093037
vn -0.018199 0.045654 -0.087089
vn -0.024535 0.059087 -0.076856
vn -0.027057 0.045654 -0.084756
vn -0.028905 0.031083 -0.090545
vn -0.030033 0.015738 -0.094076
vn -0.008295 0.059087 -0.080249
vn -0.009148 0.045654 -0.088499
vn -0.009773 0.031083 -0.094543
vn -0.010154 0.015738 -0.098230
vn -0.035629 0.045654 -0.081525
vn -0.038062 0.031083 -0.087093
vn -0.076022 0.031083 -0.057048
vn -0.071162 0.045654 -0.053401
vn -0.064528 0.059087 -0.048423
vn -0.084032 0.045654 -0.029231
vn -0.089770 0.031083 -0.031227
vn -0.093507 0.031083 0.017040
vn -0.087529 0.045654 0.015951
vn -0.079370 0.059087 0.014464
vn -0.071212 0.059087 0.037916
vn -0.078532 0.045654 0.041814
vn -0.083896 0.031083 0.044670
vn -0.047750 0.045654 0.075071
vn -0.051011 0.031083 0.080198
vn -0.024206 0.031083 0.091913
vn -0.022658 0.045654 0.086037
vn -0.020546 0.059087 0.078017
vn 0.022658 0.045654 0.086037
vn 0.024206 0.031083 0.091913
vn 0.051011 0.031083 0.080198
vn 0.047750 0.045654 0.075071
vn 0.043299 0.059087 0.068073
vn 0.071212 0.059087 0.037916
vn 0.078532 0.045654 0.041814
vn 0.083896 0.031083 0.044670
vn 0.087529 0.045654 0.015951
vn 0.093507 0.031083 0.017040
vn 0.089770 0.031083 -0.031227
vn 0.084032 0.045654 -0.029231
vn 0.076198 0.059087 -0.026506
vn 0.071162 0.045654 -0.053401
vn 0.076022 0.031083 -0.057048
vn 0.038062 0.031083 -0.087093
vn 0.035629 0.045654 -0.081525
vn 0.032307 0.059087 -0.073925
vn 0.000000 0.015738 -0.098754
vn 0.000000 0.000000 -0.100000
vn 0.000000 0.071047 -0.070373
vn 0.000000 0.000000 -0.100000
vn 0.008295 0.059087 -0.080249
vn 0.008295 0.059087 -0.080249
vn 0.000000 0.045654 -0.088970
vn 0.009148 0.045654 -0.088499
vn 0.000000 0.031083 -0.095047
vn 0.009773 0.031083 -0.094543
vn 0.000000 0.015738 -0.098754
vn 0.000000 0.000000 -0.100000
vn 0.000000 -0.100000 0.000000
vn 0.000000 -0.100000 0.000000
vn 0.000000 -0.100000 0.000000
vn 0.000000 -0.100000 0.000000
vn 0.000000 -0.100000 0.000000
vn 0.000000 -0.100000 0.000000
vn 0.000000 -0.100000 0.000000
vn 0.000000 -0.100000 0.000000
vn 0.000000 -0.100000 0.000000
vn 0.000000 -0.100000 0.000000
vn 0.000000 -0.100000 0.000000
vn 0.000000 -0.100000 0.000000
vn 0.000000 -0.100000 0.000000
vn 0.000000 -0.100000 0.000000
vn 0.000000 -0.100000 0.000000
vn 0.000000 -0.100000 0.000000
vn 0.000000 -0.100000 0.000000
vn 0.000000 -0.100000 0.000000
vn 0.000000 -0.100000 0.000000
vn 0.000000 -0.100000 0.000000
vn 0.000000 -0.100000 0.000000
vn 0.000000 -0.100000 0.000000
vn 0.000000 -0.100000 0.000000
vn 0.000000 -0.100000 0.000000
vn 0.000000 -0.100000 0.000000
vn 0.000000 -0.100000 0.000000
vn 0.000000 -0.100000 0.000000
vn 0.000000 -0.100000 0.000000
vn 0.000000 -0.100000 0.000000
vn 0.000000 -0.100000 0.000000
vn 0.000000 -0.100000 0.000000
vn 0.000000 -0.100000 0.000000
vn 0.000000 -0.100000 0.000000
vn 0.000000 -0.100000 0.000000
vn 0.000000 0.000000 -0.100000
vn 0.016459 0.000000 -0.098636
vn 0.032470 0.000000 -0.094582
vn 0.047595 0.000000 -0.087947
vn 0.061421 0.000000 -0.078914
vn 0.073572 0.000000 -0.067728
vn 0.083717 0.000000 -0.054695
vn 0.091577 0.000000 -0.040170
vn 0.096940 0.000000 -0.024549
vn 0.099658 0.000000 -0.008258
vn 0.099658 0.000000 0.008258
vn 0.096940 0.000000 0.024549
vn 0.091577 0.000000 0.040170
vn 0.083717 0.000000 0.054695
vn 0.073572 0.000000 0.067728
vn 0.061421 0.000000 0.078914
vn 0.047595 0.000000 0.087947
vn 0.032470 0.000000 0.094582
vn 0.016459 0.000000 0.098636
vn 0.000000 0.000000 0.100000
vn -0.016459 0.000000 0.098636
vn -0.032470 0.000000 0.094582
vn -0.047595 0.000000 0.087947
vn -0.061421 0.000000 0.078914
vn -0.073572 0.000000 0.067728
vn -0.083717 0.000000 0.054695
vn -0.091577 0.000000 0.040170
vn -0.096940 0.000000 0.024549
vn -0.099658 0.000000 0.008258
vn -0.099658 0.000000 -0.008258
vn -0.096940 0.000000 -0.024549
vn -0.091577 0.000000 -0.040170
vn -0.083717 0.000000 -0.054695
vn -0.073572 0.000000 -0.067728
vn -0.061421 0.000000 -0.078914
vn -0.047595 0.000000 -0.087947
vn -0.032470 0.000000 -0.094582
vn -0.016459 0.000000 -0.098636
vn 0.000000 -0.037577 -0.092671
vn -0.017028 -0.037577 -0.091093
vn -0.033477 -0.037577 -0.086413
vn -0.048785 -0.037577 -0.078791
vn -0.062432 -0.037577 -0.068485
vn -0.073953 -0.037577 -0.055847
vn -0.082956 -0.037577 -0.041307
vn -0.089134 -0.037577 -0.025361
vn -0.092276 -0.037577 -0.008551
vn -0.092276 -0.037577 0.008551
vn -0.089134 -0.037577 0.025361
vn -0.082956 -0.037577 0.041307
vn -0.073953 -0.037577 0.055847
vn -0.062432 -0.037577 0.068485
vn -0.048785 -0.037577 0.078791
vn -0.033477 -0.037577 0.086413
vn -0.017028 -0.037577 0.091093
vn 0.000000 -0.037577 0.092671
vn 0.017028 -0.037577 0.091093
vn 0.033477 -0.037577 0.086413
vn 0.048785 -0.037577 0.078791
vn 0.062432 -0.037577 0.068485
vn 0.073953 -0.037577 0.055847
vn 0.082956 -0.037577 0.041307
vn 0.089134 -0.037577 0.025361
vn 0.092276 -0.037577 0.008551
vn 0.092276 -0.037577 -0.008551
vn 0.089134 -0.037577 -0.025361
vn 0.082956 -0.037577 -0.041307
vn 0.073953 -0.037577 -0.055847
vn 0.062432 -0.037577 -0.068485
vn 0.048785 -0.037577 -0.078791
vn 0.033477 -0.037577 -0.086413
vn 0.017028 -0.037577 -0.091093
vn 0.000000 -0.009616 -0.099537
vn 0.000000 -0.019143 -0.098151
vn 0.000000 -0.028492 -0.095855
vn -0.077067 -0.028492 0.056999
vn 0.077067 -0.028492 0.056999
vn 0.016822 -0.009616 -0.098105
vn 0.016588 -0.019143 -0.096739
vn 0.016200 -0.028492 -0.094476
vn 0.033160 -0.009616 -0.093851
vn 0.032698 -0.019143 -0.092544
vn 0.031933 -0.028492 -0.090380
vn 0.048543 -0.009616 -0.086897
vn 0.047868 -0.019143 -0.085687
vn 0.046748 -0.028492 -0.083683
vn 0.062531 -0.009616 -0.077443
vn 0.061660 -0.019143 -0.076365
vn 0.060218 -0.028492 -0.074579
vn 0.074719 -0.009616 -0.065761
vn 0.073679 -0.019143 -0.064846
vn 0.071956 -0.028492 -0.063329
vn 0.084758 -0.009616 -0.052188
vn 0.083578 -0.019143 -0.051461
vn 0.081623 -0.028492 -0.050258
vn 0.092359 -0.009616 -0.037113
vn 0.091073 -0.019143 -0.036596
vn 0.088943 -0.028492 -0.035740
vn 0.097303 -0.009616 -0.020970
vn 0.095948 -0.019143 -0.020678
vn 0.093704 -0.028492 -0.020195
vn 0.099447 -0.009616 -0.004224
vn 0.098062 -0.019143 -0.004166
vn 0.095769 -0.028492 -0.004068
vn 0.098730 -0.009616 0.012643
vn 0.097356 -0.019143 0.012467
vn 0.095079 -0.028492 0.012175
vn 0.095174 -0.009616 0.029147
vn 0.093848 -0.019143 0.028741
vn 0.091654 -0.028492 0.028069
vn 0.088879 -0.009616 0.044812
vn 0.087641 -0.019143 0.044188
vn 0.085592 -0.028492 0.043154
vn 0.080027 -0.009616 0.059188
vn 0.078913 -0.019143 0.058364
vn 0.068873 -0.009616 0.071861
vn 0.067914 -0.019143 0.070860
vn 0.066326 -0.028492 0.069203
vn 0.055738 -0.009616 0.082467
vn 0.054962 -0.019143 0.081319
vn 0.053676 -0.028492 0.079417
vn 0.040999 -0.009616 0.090701
vn 0.040428 -0.019143 0.089438
vn 0.039483 -0.028492 0.087346
vn 0.025081 -0.009616 0.096325
vn 0.024732 -0.019143 0.094984
vn 0.024153 -0.028492 0.092762
vn 0.008441 -0.009616 0.099178
vn 0.008324 -0.019143 0.097797
vn 0.008129 -0.028492 0.095510
vn -0.008441 -0.009616 0.099178
vn -0.008324 -0.019143 0.097797
vn -0.008129 -0.028492 0.095510
vn -0.025081 -0.009616 0.096325
vn -0.024732 -0.019143 0.094984
vn -0.024153 -0.028492 0.092762
vn -0.040999 -0.009616 0.090701
vn -0.040428 -0.019143 0.089438
vn -0.039483 -0.028492 0.087346
vn -0.055738 -0.009616 0.082467
vn -0.054962 -0.019143 0.081319
vn -0.053676 -0.028492 0.079417
vn -0.068873 -0.009616 0.071861
vn -0.067914 -0.019143 0.070860
vn -0.066326 -0.028492 0.069203
vn -0.080027 -0.009616 0.059188
vn -0.078913 -0.019143 0.058364
vn -0.088879 -0.009616 0.044812
vn -0.087641 -0.019143 0.044188
vn -0.085592 -0.028492 0.043154
vn -0.095174 -0.009616 0.029147
vn -0.093848 -0.019143 0.028741
vn -0.091654 -0.028492 0.028069
vn -0.098730 -0.009616 0.012643
vn -0.097356 -0.019143 0.012467
vn -0.095079 -0.028492 0.012175
vn -0.099447 -0.009616 -0.004224
vn -0.098062 -0.019143 -0.004166
vn -0.095769 -0.028492 -0.004068
vn -0.097303 -0.009616 -0.020970
vn -0.095948 -0.019143 -0.020678
vn -0.093704 -0.028492 -0.020195
vn -0.092359 -0.009616 -0.037113
vn -0.091073 -0.019143 -0.036596
vn -0.088943 -0.028492 -0.035740
vn -0.084758 -0.009616 -0.052188
vn -0.083578 -0.019143 -0.051461
vn -0.081623 -0.028492 -0.050258
vn -0.074719 -0.009616 -0.065761
vn -0.073679 -0.019143 -0.064846
vn -0.071956 -0.028492 -0.063329
vn -0.062531 -0.009616 -0.077443
vn -0.061660 -0.019143 -0.076365
vn -0.060218 -0.028492 -0.074579
vn -0.048543 -0.009616 -0.086897
vn -0.047868 -0.019143 -0.085687
vn -0.046748 -0.028492 -0.083683
vn -0.033160 -0.009616 -0.093851
vn -0.032698 -0.019143 -0.092544
vn -0.031933 -0.028492 -0.090380
vn -0.016822 -0.009616 -0.098105
vn -0.016588 -0.019143 -0.096739
vn -0.016200 -0.028492 -0.094476
vn 0.000000 0.000000 -0.100000
vn 0.000000 -0.009616 -0.099537
vn 0.000000 -0.009616 -0.099537
vn 0.016200 -0.028492 -0.094476
vn 0.016200 -0.028492 -0.094476
vn 0.000000 -0.019143 -0.098151
vn 0.016588 -0.019143 -0.096739
vn 0.000000 -0.009616 -0.099537
vn 0.000000 -0.037577 -0.092671
vn 0.059405 0.000000 0.080443
vn 0.059405 0.000000 0.080443
vn 0.071167 0.000000 0.070252
vn 0.081205 0.000000 0.058359
vn 0.089276 0.000000 0.045053
vn 0.095185 0.000000 0.030656
vn 0.098789 0.000000 0.015516
vn 0.100000 0.000000 0.000000
vn 0.098789 0.000000 -0.015516
vn 0.095185 0.000000 -0.030656
vn 0.089276 0.000000 -0.045053
vn 0.081205 0.000000 -0.058359
vn 0.071167 0.000000 -0.070252
vn 0.059405 0.000000 -0.080443
vn 0.059405 0.000000 -0.080443
vn 0.071167 0.000000 -0.070252
vn 0.081205 0.000000 -0.058359
vn 0.089276 0.000000 -0.045053
vn 0.095185 0.000000 -0.030656
vn 0.098789 0.000000 -0.015516
vn 0.100000 0.000000 0.000000
vn 0.098789 0.000000 0.015516
vn 0.095185 0.000000 0.030656
vn 0.089276 0.000000 0.045053
vn 0.081205 0.000000 0.058359
vn 0.071167 0.000000 0.070252
vn 0.000000 0.000000 -0.100000
vn 0.016459 0.000000 -0.098636
vn 0.032470 0.000000 -0.094582
vn 0.047595 0.000000 -0.087947
vn 0.061421 0.000000 -0.078914
vn 0.073572 0.000000 -0.067728
vn 0.083717 0.000000 -0.054695
vn 0.091577 0.000000 -0.040170
vn 0.096940 0.000000 -0.024549
vn 0.099658 0.000000 -0.008258
vn 0.099658 0.000000 0.008258
vn 0.096940 0.000000 0.024549
vn 0.091577 0.000000 0.040170
vn 0.083717 0.000000 0.054695
vn 0.073572 0.000000 0.067728
vn 0.061421 0.000000 0.078914
vn 0.047595 0.000000 0.087947
vn 0.032470 0.000000 0.094582
vn 0.016459 0.000000 0.098636
vn 0.000000 0.000000 0.100000
vn -0.016459 0.000000 0.098636
vn -0.032470 0.000000 0.094582
vn -0.047595 0.000000 0.087947
vn -0.061421 0.000000 0.078914
vn -0.073572 0.000000 0.067728
vn -0.083717 0.000000 0.054695
vn -0.091577 0.000000 0.040170
vn -0.096940 0.000000 0.024549
vn -0.099658 0.000000 0.008258
vn -0.099658 0.000000 -0.008258
vn -0.096940 0.000000 -0.024549
vn -0.091577 0.000000 -0.040170
vn -0.083717 0.000000 -0.054695
vn -0.073572 0.000000 -0.067728
vn -0.061421 0.000000 -0.078914
vn -0.047595 0.000000 -0.087947
vn -0.032470 0.000000 -0.094582
vn -0.016459 0.000000 -0.098636
vn 0.000000 0.000000 -0.100000
vn -0.016459 0.000000 -0.098636
vn -0.032470 0.000000 -0.094582
vn -0.047595 0.000000 -0.087947
vn -0.061421 0.000000 -0.078914
vn -0.073572 0.000000 -0.067728
vn -0.083717 0.000000 -0.054695
vn -0.091577 0.000000 -0.040170
vn -0.096940 0.000000 -0.024549
vn -0.099658 0.000000 -0.008258
vn -0.099658 0.000000 0.008258
vn -0.096940 0.000000 0.024549
vn -0.091577 0.000000 0.040170
vn -0.083717 0.000000 0.054695
vn -0.073572 0.000000 0.067728
vn -0.061421 0.000000 0.078914
vn -0.047595 0.000000 0.087947
vn -0.032470 0.000000 0.094582
vn -0.016459 0.000000 0.098636
vn 0.000000 0.000000 0.100000
vn 0.016459 0.000000 0.098636
vn 0.032470 0.000000 0.094582
vn 0.047595 0.000000 0.087947
vn 0.061421 0.000000 0.078914
vn 0.073572 0.000000 0.067728
vn 0.083717 0.000000 0.054695
vn 0.091577 0.000000 0.040170
vn 0.096940 0.000000 0.024549
vn 0.099658 0.000000 0.008258
vn 0.099658 0.000000 -0.008258
vn 0.096940 0.000000 -0.024549
vn 0.091577 0.000000 -0.040170
vn 0.083717 0.000000 -0.054695
vn 0.073572 0.000000 -0.067728
vn 0.061421 0.000000 -0.078914
vn 0.047595 0.000000 -0.087947
vn 0.032470 0.000000 -0.094582
vn 0.016459 0.000000 -0.098636
vn 0.000000 0.000000 0.100000
vn 0.000000 0.000000 0.100000
usemtl 191,191,191
f 655/1/1 650/2/2 657/4/4
f 657/4/4 650/2/2 652/3/3
f 658/30/30 656/5/5 693/29/29
f 693/29/29 656/5/5 691/6/6
f 693/29/29 691/6/6 727/7/7
f 693/29/29 727/7/7 729/28/28
f 729/28/28 727/7/7 758/8/8
f 729/28/28 758/8/8 760/27/27
f 760/27/27 758/8/8 783/9/9
f 760/27/27 783/9/9 785/26/26
f 785/26/26 783/9/9 801/10/10
f 785/26/26 801/10/10 803/25/25
f 803/25/25 801/10/10 810/11/11
f 803/25/25 810/11/11 811/24/24
f 811/24/24 810/11/11 800/12/12
f 811/24/24 800/12/12 802/23/23
f 802/23/23 800/12/12 782/13/13
f 802/23/23 782/13/13 784/22/22
f 784/22/22 782/13/13 757/14/14
f 784/22/22 757/14/14 759/21/21
f 759/21/21 757/14/14 726/15/15
f 759/21/21 726/15/15 728/20/20
f 728/20/20 726/15/15 690/16/16
f 728/20/20 690/16/16 692/19/19
f 692/19/19 690/16/16 657/18/18
f 657/18/18 690/16/16 655/17/17
f 651/31/31 656/32/32 653/34/34
f 653/34/34 656/32/32 658/33/33
f 653/35/35 658/36/36 687/60/60
f 687/60/60 658/36/36 693/37/37
f 687/60/60 693/37/37 724/59/59
f 724/59/59 693/37/37 729/38/38
f 724/59/59 729/38/38 755/58/58
f 755/58/58 729/38/38 760/39/39
f 755/58/58 760/39/39 780/57/57
f 780/57/57 760/39/39 785/40/40
f 780/57/57 785/40/40 798/56/56
f 798/56/56 785/40/40 803/41/41
f 798/56/56 803/41/41 809/55/55
f 809/55/55 803/41/41 811/42/42
f 809/55/55 811/42/42 802/43/43
f 809/55/55 802/43/43 797/54/54
f 797/54/54 802/43/43 784/44/44
f 797/54/54 784/44/44 779/53/53
f 779/53/53 784/44/44 759/45/45
f 779/53/53 759/45/45 754/52/52
f 754/52/52 759/45/45 728/46/46
f 754/52/52 728/46/46 723/51/51
f 723/51/51 728/46/46 692/47/47
f 723/51/51 692/47/47 686/50/50
f 686/50/50 692/47/47 657/48/48
f 686/50/50 657/48/48 652/49/49
f 651/62/62 685/63/63 656/61/61
f 656/61/61 685/63/63 691/86/86
f 691/86/86 685/63/63 722/64/64
f 691/86/86 722/64/64 727/85/85
f 727/85/85 722/64/64 753/65/65
f 727/85/85 753/65/65 758/84/84
f 758/84/84 753/65/65 778/66/66
f 758/84/84 778/66/66 783/83/83
f 783/83/83 778/66/66 796/67/67
f 783/83/83 796/67/67 801/82/82
f 801/82/82 796/67/67 808/68/68
f 801/82/82 808/68/68 810/81/81
f 810/81/81 808/68/68 800/80/80
f 800/80/80 808/68/68 795/69/69
f 800/80/80 795/69/69 782/79/79
f 782/79/79 795/69/69 777/70/70
f 782/79/79 777/70/70 757/78/78
f 757/78/78 777/70/70 752/71/71
f 757/78/78 752/71/71 726/77/77
f 726/77/77 752/71/71 721/72/72
f 726/77/77 721/72/72 690/76/76
f 690/76/76 721/72/72 684/73/73
f 690/76/76 684/73/73 655/75/75
f 655/75/75 684/73/73 650/74/74
usemtl 96,56,56
f 337/88/88 338/134/134 388/87/87
f 388/87/87 338/134/134 389/178/178
f 388/179/179 389/132/132 424/109/109
f 424/109/109 389/132/132 422/176/176
f 424/109/109 422/176/176 466/108/108
f 466/108/108 422/176/176 463/174/174
f 466/108/108 463/174/174 502/107/107
f 502/107/107 463/174/174 496/172/172
f 502/107/107 496/172/172 535/106/106
f 535/106/106 496/172/172 527/170/170
f 535/106/106 527/170/170 557/105/105
f 557/105/105 527/170/170 555/168/168
f 557/105/105 555/168/168 566/104/104
f 566/104/104 555/168/168 560/166/166
f 566/104/104 560/166/166 551/103/103
f 551/103/103 560/166/166 546/164/164
f 551/103/103 546/164/164 515/102/102
f 515/102/102 546/164/164 511/162/162
f 515/102/102 511/162/162 480/101/101
f 480/101/101 511/162/162 478/160/160
f 480/101/101 478/160/160 438/100/100
f 438/100/100 478/160/160 436/158/158
f 438/100/100 436/158/158 402/99/99
f 402/99/99 436/158/158 400/156/156
f 402/99/99 400/156/156 359/98/98
f 359/98/98 400/156/156 360/154/154
f 359/98/98 360/154/154 323/97/97
f 323/97/97 360/154/154 324/152/152
f 323/97/97 324/152/152 281/96/96
f 281/96/96 324/152/152 282/150/150
f 281/96/96 282/150/150 246/95/95
f 246/95/95 282/150/150 249/148/148
f 246/95/95 249/148/148 210/94/94
f 210/94/94 249/148/148 214/146/146
f 210/94/94 214/146/146 195/93/93
f 195/93/93 214/146/146 200/144/144
f 195/93/93 200/144/144 204/92/92
f 204/92/92 200/144/144 205/142/142
f 204/92/92 205/142/142 226/91/91
f 226/91/91 205/142/142 233/140/140
f 226/91/91 233/140/140 259/90/90
f 259/90/90 233/140/140 264/138/138
f 259/90/90 264/138/138 295/89/89
f 295/89/89 264/138/138 297/136/136
f 295/89/89 297/136/136 337/88/88
f 337/88/88 297/136/136 338/134/134
f 418/111/111 420/177/177 391/110/110
f 391/110/110 420/177/177 390/133/133
f 391/110/110 390/133/133 340/180/180
f 340/181/181 390/133/133 389/132/132
f 340/135/135 389/182/182 338/134/134
f 420/177/177 418/111/111 461/175/175
f 461/175/175 418/111/111 459/112/112
f 461/175/175 459/112/112 492/173/173
f 492/173/173 459/112/112 490/113/113
f 492/173/173 490/113/113 522/171/171
f 522/171/171 490/113/113 517/114/114
f 522/171/171 517/114/114 548/169/169
f 548/169/169 517/114/114 540/115/115
f 548/169/169 540/115/115 552/167/167
f 552/167/167 540/115/115 541/116/116
f 552/167/167 541/116/116 539/165/165
f 539/165/165 541/116/116 518/117/117
f 539/165/165 518/117/117 506/163/163
f 506/163/163 518/117/117 491/118/118
f 506/163/163 491/118/118 474/161/161
f 474/161/161 491/118/118 460/119/119
f 474/161/161 460/119/119 435/159/159
f 435/159/159 460/119/119 419/120/120
f 435/159/159 419/120/120 399/157/157
f 399/157/157 419/120/120 392/121/121
f 399/157/157 392/121/121 361/155/155
f 361/155/155 392/121/121 342/122/122
f 361/155/155 342/122/122 325/153/153
f 325/153/153 342/122/122 301/123/123
f 325/153/153 301/123/123 286/151/151
f 286/151/151 301/123/123 270/124/124
f 286/151/151 270/124/124 254/149/149
f 254/149/149 270/124/124 243/125/125
f 254/149/149 243/125/125 221/147/147
f 221/147/147 243/125/125 220/126/126
f 221/147/147 220/126/126 208/145/145
f 208/145/145 220/126/126 219/127/127
f 208/145/145 219/127/127 212/143/143
f 212/143/143 219/127/127 242/128/128
f 212/143/143 242/128/128 238/141/141
f 238/141/141 242/128/128 269/129/129
f 238/141/141 269/129/129 268/139/139
f 268/139/139 269/129/129 300/130/130
f 268/139/139 300/130/130 299/137/137
f 299/137/137 300/130/130 341/131/131
f 299/137/137 341/131/131 340/135/135
f 340/135/135 341/131/131 391/183/183
f 389/132/132 390/133/133 422/176/176
f 422/176/176 390/133/133 420/177/177
f 422/176/176 420/177/177 463/174/174
f 463/174/174 420/177/177 461/175/175
f 463/174/174 461/175/175 496/172/172
f 496/172/172 461/175/175 492/173/173
f 496/172/172 492/173/173 527/170/170
f 527/170/170 492/173/173 522/171/171
f 527/170/170 522/171/171 555/168/168
f 555/168/168 522/171/171 548/169/169
f 555/168/168 548/169/169 560/166/166
f 560/166/166 548/169/169 552/167/167
f 560/166/166 552/167/167 546/164/164
f 546/164/164 552/167/167 539/165/165
f 546/164/164 539/165/165 511/162/162
f 511/162/162 539/165/165 506/163/163
f 511/162/162 506/163/163 478/160/160
f 478/160/160 506/163/163 474/161/161
f 478/160/160 474/161/161 436/158/158
f 436/158/158 474/161/161 435/159/159
f 436/158/158 435/159/159 400/156/156
f 400/156/156 435/159/159 399/157/157
f 400/156/156 399/157/157 360/154/154
f 360/154/154 399/157/157 361/155/155
f 360/154/154 361/155/155 324/152/152
f 324/152/152 361/155/155 325/153/153
f 324/152/152 325/153/153 282/150/150
f 282/150/150 325/153/153 286/151/151
f 282/150/150 286/151/151 249/148/148
f 249/148/148 286/151/151 254/149/149
f 249/148/148 254/149/149 214/146/146
f 214/146/146 254/149/149 221/147/147
f 214/146/146 221/147/147 200/144/144
f 200/144/144 221/147/147 208/145/145
f 200/144/144 208/145/145 205/142/142
f 205/142/142 208/145/145 212/143/143
f 205/142/142 212/143/143 233/140/140
f 233/140/140 212/143/143 238/141/141
f 233/140/140 238/141/141 264/138/138
f 264/138/138 238/141/141 268/139/139
f 264/138/138 268/139/139 297/136/136
f 297/136/136 268/139/139 299/137/137
f 297/136/136 299/137/137 338/134/134
f 338/134/134 299/137/137 340/135/135
f 336/185/185 388/207/207 387/184/184
f 387/184/184 388/207/207 424/208/208
f 387/184/184 424/208/208 423/206/206
f 423/206/206 424/208/208 466/209/209
f 423/206/206 466/209/209 465/205/205
f 465/205/205 466/209/209 502/210/210
f 465/205/205 502/210/210 501/204/204
f 501/204/204 502/210/210 535/211/211
f 501/204/204 535/211/211 534/203/203
f 534/203/203 535/211/211 557/212/212
f 534/203/203 557/212/212 556/202/202
f 556/202/202 557/212/212 566/213/213
f 556/202/202 566/213/213 565/201/201
f 565/201/201 566/213/213 551/214/214
f 565/201/201 551/214/214 550/200/200
f 550/200/200 551/214/214 515/215/215
f 550/200/200 515/215/215 514/199/199
f 514/199/199 515/215/215 480/216/216
f 514/199/199 480/216/216 479/198/198
f 479/198/198 480/216/216 438/217/217
f 479/198/198 438/217/217 437/197/197
f 437/197/197 438/217/217 402/230/230
f 437/197/197 402/231/231 401/196/196
f 401/232/232 402/218/218 359/219/219
f 401/233/233 359/219/219 358/195/195
f 358/195/195 359/219/219 323/220/220
f 358/195/195 323/220/220 322/194/194
f 322/194/194 323/220/220 281/221/221
f 322/194/194 281/221/221 280/193/193
f 280/193/193 281/221/221 246/222/222
f 280/193/193 246/222/222 245/192/192
f 245/192/192 246/222/222 210/223/223
f 245/192/192 210/223/223 209/191/191
f 209/191/191 210/223/223 195/224/224
f 209/191/191 195/224/224 194/190/190
f 194/190/190 195/224/224 204/225/225
f 194/190/190 204/225/225 203/189/189
f 203/189/189 204/225/225 226/226/226
f 203/189/189 226/226/226 225/188/188
f 225/188/188 226/226/226 259/227/227
f 225/188/188 259/227/227 258/187/187
f 258/187/187 259/227/227 295/228/228
f 258/187/187 295/228/228 294/186/186
f 294/186/186 295/228/228 337/229/229
f 294/186/186 337/229/229 336/185/185
f 336/185/185 337/229/229 388/207/207
f 341/235/235 342/244/244 391/234/234
f 391/234/234 342/244/244 392/245/245
f 391/234/234 392/245/245 418/255/255
f 418/255/255 392/245/245 419/246/246
f 418/255/255 419/246/246 459/254/254
f 459/254/254 419/246/246 460/247/247
f 459/254/254 460/247/247 490/253/253
f 490/253/253 460/247/247 491/248/248
f 490/253/253 491/248/248 517/252/252
f 517/252/252 491/248/248 518/249/249
f 517/252/252 518/249/249 540/251/251
f 540/251/251 518/249/249 541/250/250
f 342/244/244 341/235/235 301/243/243
f 301/243/243 341/235/235 300/236/236
f 301/243/243 300/236/236 270/242/242
f 270/242/242 300/236/236 269/237/237
f 270/242/242 269/237/237 243/241/241
f 243/241/241 269/237/237 242/238/238
f 243/241/241 242/238/238 220/240/240
f 220/240/240 242/238/238 219/239/239
f 433/257/257 407/334/334 381/256/256
f 381/256/256 407/334/334 353/341/341
f 381/256/256 353/341/341 326/287/287
f 326/287/287 353/341/341 292/470/470
f 326/287/287 292/470/470 260/286/286
f 260/286/286 292/470/470 218/462/462
f 260/286/286 218/462/462 182/285/285
f 182/285/285 218/462/462 156/469/469
f 182/285/285 156/469/469 123/332/332
f 123/332/332 156/469/469 135/468/468
f 123/332/332 135/468/468 103/459/459
f 103/459/459 135/468/468 129/467/467
f 103/459/459 129/467/467 96/460/460
f 96/460/460 129/467/467 126/466/466
f 96/460/460 126/466/466 90/461/461
f 90/461/461 126/466/466 106/292/292
f 90/461/461 106/292/292 78/293/293
f 407/334/334 433/257/257 468/342/342
f 468/342/342 433/257/257 499/258/258
f 468/342/342 499/258/258 542/346/346
f 542/346/346 499/258/258 577/259/259
f 542/346/346 577/259/259 604/350/350
f 604/350/350 577/259/259 637/331/331
f 604/350/350 637/331/331 665/360/360
f 665/360/360 637/331/331 689/355/355
f 665/360/360 689/355/355 707/356/356
f 707/356/356 689/355/355 740/363/363
f 707/356/356 740/363/363 745/364/364
f 745/364/364 740/363/363 773/368/368
f 745/364/364 773/368/368 765/319/319
f 765/319/319 773/368/368 790/318/318
f 790/318/318 773/368/368 792/372/372
f 790/318/318 792/372/372 806/317/317
f 806/317/317 792/372/372 794/376/376
f 806/317/317 794/376/376 807/316/316
f 807/316/316 794/376/376 786/379/379
f 807/316/316 786/379/379 791/315/315
f 791/315/315 786/379/379 768/384/384
f 791/315/315 768/384/384 766/314/314
f 766/314/314 768/384/384 738/383/383
f 766/314/314 738/383/383 736/313/313
f 736/313/313 738/383/383 701/391/391
f 736/313/313 701/391/391 700/312/312
f 700/312/312 701/391/391 666/395/395
f 700/312/312 666/395/395 664/311/311
f 664/311/311 666/395/395 616/399/399
f 664/311/311 616/399/399 614/310/310
f 614/310/310 616/399/399 537/403/403
f 614/310/310 537/403/403 531/309/309
f 531/309/309 537/403/403 453/407/407
f 531/309/309 453/407/407 452/308/308
f 452/308/308 453/407/407 377/329/329
f 452/308/308 377/329/329 376/307/307
f 376/307/307 377/329/329 311/474/474
f 311/306/306 377/475/475 307/411/411
f 311/306/306 307/411/411 232/305/305
f 232/305/305 307/411/411 223/415/415
f 232/305/305 223/415/415 149/304/304
f 149/304/304 223/415/415 144/419/419
f 149/304/304 144/419/419 107/303/303
f 107/303/303 144/419/419 102/423/423
f 107/303/303 102/423/423 79/302/302
f 79/302/302 102/423/423 75/427/427
f 79/302/302 75/427/427 51/301/301
f 51/301/301 75/427/427 46/431/431
f 51/301/301 46/431/431 29/300/300
f 29/300/300 46/431/431 24/435/435
f 29/300/300 24/435/435 12/299/299
f 12/299/299 24/435/435 14/440/440
f 12/299/299 14/440/440 4/298/298
f 4/298/298 14/440/440 6/439/439
f 4/298/298 6/439/439 3/297/297
f 3/297/297 6/439/439 8/446/446
f 3/297/297 8/446/446 11/296/296
f 11/296/296 8/446/446 19/450/450
f 11/296/296 19/450/450 28/295/295
f 28/295/295 19/450/450 39/454/454
f 28/295/295 39/454/454 50/294/294
f 50/294/294 39/454/454 64/458/458
f 50/294/294 64/458/458 78/293/293
f 78/293/293 64/458/458 90/461/461
f 577/259/259 623/260/260 637/331/331
f 637/331/331 623/260/260 669/354/354
f 637/331/331 669/354/354 689/355/355
f 689/355/355 669/354/354 713/362/362
f 689/355/355 713/362/362 740/363/363
f 740/363/363 713/362/362 762/367/367
f 740/363/363 762/367/367 773/368/368
f 773/368/368 762/367/367 792/372/372
f 623/260/260 646/261/261 669/354/354
f 669/354/354 646/261/261 695/361/361
f 669/354/354 695/361/361 713/362/362
f 713/362/362 695/361/361 741/366/366
f 713/362/362 741/366/366 762/367/367
f 762/367/367 741/366/366 772/371/371
f 762/367/367 772/371/371 792/372/372
f 792/372/372 772/371/371 794/376/376
f 646/261/261 670/262/262 695/361/361
f 695/361/361 670/262/262 710/365/365
f 695/361/361 710/365/365 741/366/366
f 741/366/366 710/365/365 747/370/370
f 741/366/366 747/370/370 772/371/371
f 772/371/371 747/370/370 775/375/375
f 772/371/371 775/375/375 794/376/376
f 794/376/376 775/375/375 786/379/379
f 670/262/262 681/263/263 710/365/365
f 710/365/365 681/263/263 715/369/369
f 710/365/365 715/369/369 747/370/370
f 747/370/370 715/369/369 751/374/374
f 747/370/370 751/374/374 775/375/375
f 775/375/375 751/374/374 770/378/378
f 775/375/375 770/378/378 786/379/379
f 786/379/379 770/378/378 768/384/384
f 681/263/263 683/264/264 715/369/369
f 715/369/369 683/264/264 718/373/373
f 715/369/369 718/373/373 751/374/374
f 751/374/374 718/373/373 744/377/377
f 751/374/374 744/377/377 770/378/378
f 770/378/378 744/377/377 746/385/385
f 770/378/378 746/385/385 768/384/384
f 768/384/384 746/385/385 738/383/383
f 683/264/264 682/265/265 718/373/373
f 718/373/373 682/265/265 711/330/330
f 718/373/373 711/330/330 744/377/377
f 744/377/377 711/330/330 730/386/386
f 744/377/377 730/386/386 746/385/385
f 746/385/385 730/386/386 720/382/382
f 746/385/385 720/382/382 738/383/383
f 738/383/383 720/382/382 701/391/391
f 682/265/265 671/266/266 711/330/330
f 711/330/330 671/266/266 705/387/387
f 711/330/330 705/387/387 730/386/386
f 730/386/386 705/387/387 706/381/381
f 730/386/386 706/381/381 720/382/382
f 720/382/382 706/381/381 688/390/390
f 720/382/382 688/390/390 701/391/391
f 701/391/391 688/390/390 666/395/395
f 705/387/387 671/266/266 680/380/380
f 680/380/380 671/266/266 647/267/267
f 680/380/380 647/267/267 660/388/388
f 660/388/388 647/267/267 624/268/268
f 660/388/388 624/268/268 627/392/392
f 627/392/392 624/268/268 578/269/269
f 627/392/392 578/269/269 581/396/396
f 581/396/396 578/269/269 500/270/270
f 581/396/396 500/270/270 498/400/400
f 498/400/400 500/270/270 434/271/271
f 498/400/400 434/271/271 432/404/404
f 432/404/404 434/271/271 382/476/476
f 432/404/404 382/477/477 380/326/326
f 380/478/478 382/272/272 328/408/408
f 380/479/479 328/408/408 318/409/409
f 318/409/409 328/408/408 250/413/413
f 318/409/409 250/413/413 236/414/414
f 236/414/414 250/413/413 154/418/418
f 236/414/414 154/418/418 144/419/419
f 144/419/419 154/418/418 102/423/423
f 382/272/272 327/273/273 328/408/408
f 328/408/408 327/273/273 262/412/412
f 328/408/408 262/412/412 250/413/413
f 250/413/413 262/412/412 163/417/417
f 250/413/413 163/417/417 154/418/418
f 154/418/418 163/417/417 110/422/422
f 154/418/418 110/422/422 102/423/423
f 102/423/423 110/422/422 75/427/427
f 327/273/273 261/274/274 262/412/412
f 262/412/412 261/274/274 179/416/416
f 262/412/412 179/416/416 163/417/417
f 163/417/417 179/416/416 122/421/421
f 163/417/417 122/421/421 110/422/422
f 110/422/422 122/421/421 84/426/426
f 110/422/422 84/426/426 75/427/427
f 75/427/427 84/426/426 46/431/431
f 261/274/274 183/275/275 179/416/416
f 179/416/416 183/275/275 133/420/420
f 179/416/416 133/420/420 122/421/421
f 122/421/421 133/420/420 92/425/425
f 122/421/421 92/425/425 84/426/426
f 84/426/426 92/425/425 56/430/430
f 84/426/426 56/430/430 46/431/431
f 46/431/431 56/430/430 24/435/435
f 183/275/275 137/276/276 133/420/420
f 133/420/420 137/276/276 108/424/424
f 133/420/420 108/424/424 92/425/425
f 92/425/425 108/424/424 70/429/429
f 92/425/425 70/429/429 56/430/430
f 56/430/430 70/429/429 38/434/434
f 56/430/430 38/434/434 24/435/435
f 24/435/435 38/434/434 14/440/440
f 137/276/276 114/277/277 108/424/424
f 108/424/424 114/277/277 88/428/428
f 108/424/424 88/428/428 70/429/429
f 70/429/429 88/428/428 54/433/433
f 70/429/429 54/433/433 38/434/434
f 38/434/434 54/433/433 22/441/441
f 38/434/434 22/441/441 14/440/440
f 14/440/440 22/441/441 6/439/439
f 114/277/277 98/278/278 88/428/428
f 88/428/428 98/278/278 71/432/432
f 88/428/428 71/432/432 54/433/433
f 54/433/433 71/432/432 40/442/442
f 54/433/433 40/442/442 22/441/441
f 22/441/441 40/442/442 17/438/438
f 22/441/441 17/438/438 6/439/439
f 6/439/439 17/438/438 8/446/446
f 71/432/432 98/278/278 65/333/333
f 65/333/333 98/278/278 87/279/279
f 65/333/333 87/279/279 58/436/436
f 58/436/436 87/279/279 85/280/280
f 58/436/436 85/280/280 61/443/443
f 61/443/443 85/280/280 86/281/281
f 61/443/443 86/281/281 66/447/447
f 66/447/447 86/281/281 97/282/282
f 66/447/447 97/282/282 81/451/451
f 81/451/451 97/282/282 113/283/283
f 81/451/451 113/283/283 99/455/455
f 99/455/455 113/283/283 136/284/284
f 99/455/455 136/284/284 123/332/332
f 123/332/332 136/284/284 182/285/285
f 310/289/289 346/338/338 375/288/288
f 375/288/288 346/338/338 414/337/337
f 375/288/288 414/337/337 451/325/325
f 451/325/325 414/337/337 487/345/345
f 451/325/325 487/345/345 530/324/324
f 530/324/324 487/345/345 585/349/349
f 530/324/324 585/349/349 613/323/323
f 613/323/323 585/349/349 634/353/353
f 613/323/323 634/353/353 663/322/322
f 663/322/322 634/353/353 678/358/358
f 663/322/322 678/358/358 699/321/321
f 699/321/321 678/358/358 712/357/357
f 699/321/321 712/357/357 735/320/320
f 735/320/320 712/357/357 745/364/364
f 735/320/320 745/364/364 765/319/319
f 346/338/338 310/289/289 273/473/473
f 273/473/473 310/289/289 231/290/290
f 273/473/473 231/290/290 175/465/465
f 175/465/465 231/290/290 148/291/291
f 175/465/465 148/291/291 126/466/466
f 126/466/466 148/291/291 106/292/292
f 380/326/326 379/327/327 432/404/404
f 432/404/404 379/327/327 442/405/405
f 432/404/404 442/405/405 498/400/400
f 498/400/400 442/405/405 510/401/401
f 498/400/400 510/401/401 581/396/396
f 581/396/396 510/401/401 597/397/397
f 581/396/396 597/397/397 627/392/392
f 627/392/392 597/397/397 638/393/393
f 627/392/392 638/393/393 660/388/388
f 660/388/388 638/393/393 676/389/389
f 660/388/388 676/389/389 680/380/380
f 680/380/380 676/389/389 706/381/381
f 680/380/380 706/381/381 705/387/387
f 379/327/327 378/328/328 442/405/405
f 442/405/405 378/328/328 447/406/406
f 442/405/405 447/406/406 510/401/401
f 510/401/401 447/406/406 524/402/402
f 510/401/401 524/402/402 597/397/397
f 597/397/397 524/402/402 606/398/398
f 597/397/397 606/398/398 638/393/393
f 638/393/393 606/398/398 654/394/394
f 638/393/393 654/394/394 676/389/389
f 676/389/389 654/394/394 688/390/390
f 676/389/389 688/390/390 706/381/381
f 380/326/326 318/480/480 379/327/327
f 379/481/481 318/409/409 313/410/410
f 379/327/327 313/482/482 378/328/328
f 378/483/483 313/410/410 307/411/411
f 378/328/328 307/484/484 377/329/329
f 378/328/328 377/329/329 447/406/406
f 447/406/406 377/329/329 453/407/407
f 447/406/406 453/407/407 524/402/402
f 524/402/402 453/407/407 537/403/403
f 524/402/402 537/403/403 606/398/398
f 606/398/398 537/403/403 616/399/399
f 606/398/398 616/399/399 654/394/394
f 654/394/394 616/399/399 666/395/395
f 654/394/394 666/395/395 688/390/390
f 407/334/334 408/335/335 353/341/341
f 353/341/341 408/335/335 352/340/340
f 353/341/341 352/340/340 292/470/470
f 292/470/470 352/340/340 285/471/471
f 292/470/470 285/471/471 218/462/462
f 218/462/462 285/471/471 197/463/463
f 218/462/462 197/463/463 156/469/469
f 156/469/469 197/463/463 135/468/468
f 408/335/335 412/336/336 352/340/340
f 352/340/340 412/336/336 348/339/339
f 352/340/340 348/339/339 285/471/471
f 285/471/471 348/339/339 277/472/472
f 285/471/471 277/472/472 197/463/463
f 197/463/463 277/472/472 181/464/464
f 197/463/463 181/464/464 135/468/468
f 135/468/468 181/464/464 129/467/467
f 408/335/335 407/334/334 475/343/343
f 475/343/343 407/334/334 468/342/342
f 475/343/343 468/342/342 563/347/347
f 563/347/347 468/342/342 542/346/346
f 563/347/347 542/346/346 625/351/351
f 625/351/351 542/346/346 604/350/350
f 625/351/351 604/350/350 665/360/360
f 412/336/336 414/337/337 348/339/339
f 348/339/339 414/337/337 346/338/338
f 348/339/339 346/338/338 277/472/472
f 277/472/472 346/338/338 273/473/473
f 277/472/472 273/473/473 181/464/464
f 181/464/464 273/473/473 175/465/465
f 181/464/464 175/465/465 129/467/467
f 129/467/467 175/465/465 126/466/466
f 412/336/336 408/335/335 483/344/344
f 483/344/344 408/335/335 475/343/343
f 483/344/344 475/343/343 579/348/348
f 579/348/348 475/343/343 563/347/347
f 579/348/348 563/347/347 631/352/352
f 631/352/352 563/347/347 625/351/351
f 631/352/352 625/351/351 672/359/359
f 672/359/359 625/351/351 665/360/360
f 672/359/359 665/360/360 707/356/356
f 414/337/337 412/336/336 487/345/345
f 487/345/345 412/336/336 483/344/344
f 487/345/345 483/344/344 585/349/349
f 585/349/349 483/344/344 579/348/348
f 585/349/349 579/348/348 634/353/353
f 634/353/353 579/348/348 631/352/352
f 634/353/353 631/352/352 678/358/358
f 678/358/358 631/352/352 672/359/359
f 678/358/358 672/359/359 712/357/357
f 712/357/357 672/359/359 707/356/356
f 712/357/357 707/356/356 745/364/364
f 223/415/415 307/411/411 313/410/410
f 223/415/415 313/410/410 236/414/414
f 236/414/414 313/410/410 318/409/409
f 144/419/419 223/415/415 236/414/414
f 58/436/436 33/437/437 65/333/333
f 65/333/333 33/437/437 40/442/442
f 65/333/333 40/442/442 71/432/432
f 40/442/442 33/437/437 17/438/438
f 17/438/438 33/437/437 20/445/445
f 17/438/438 20/445/445 8/446/446
f 8/446/446 20/445/445 19/450/450
f 33/437/437 58/436/436 37/444/444
f 37/444/444 58/436/436 61/443/443
f 37/444/444 61/443/443 43/448/448
f 43/448/448 61/443/443 66/447/447
f 43/448/448 66/447/447 63/452/452
f 63/452/452 66/447/447 81/451/451
f 63/452/452 81/451/451 83/456/456
f 83/456/456 81/451/451 99/455/455
f 83/456/456 99/455/455 103/459/459
f 103/459/459 99/455/455 123/332/332
f 33/437/437 37/444/444 20/445/445
f 20/445/445 37/444/444 30/449/449
f 20/445/445 30/449/449 19/450/450
f 19/450/450 30/449/449 39/454/454
f 30/449/449 37/444/444 43/448/448
f 30/449/449 43/448/448 44/453/453
f 44/453/453 43/448/448 63/452/452
f 44/453/453 63/452/452 69/457/457
f 69/457/457 63/452/452 83/456/456
f 69/457/457 83/456/456 96/460/460
f 96/460/460 83/456/456 103/459/459
f 64/458/458 39/454/454 44/453/453
f 44/453/453 39/454/454 30/449/449
f 64/458/458 44/453/453 69/457/457
f 90/461/461 64/458/458 69/457/457
f 90/461/461 69/457/457 96/460/460
f 423/486/486 397/593/593 387/485/485
f 387/485/485 397/593/593 386/784/784
f 387/785/785 386/540/540 363/747/747
f 363/747/747 386/540/540 385/541/541
f 363/747/747 385/541/541 362/746/746
f 362/746/746 385/541/541 384/542/542
f 362/746/746 384/542/542 357/745/745
f 357/745/745 384/542/542 383/543/543
f 357/745/745 383/543/543 355/744/744
f 355/744/744 383/543/543 381/508/508
f 355/744/744 381/508/508 326/509/509
f 465/487/487 427/598/598 423/486/486
f 423/486/486 427/598/598 411/604/604
f 423/486/486 411/604/604 397/593/593
f 397/593/593 411/604/604 416/603/603
f 397/593/593 416/603/603 398/595/595
f 398/595/595 416/603/603 425/602/602
f 398/595/595 425/602/602 403/596/596
f 403/596/596 425/602/602 428/601/601
f 403/596/596 428/601/601 405/597/597
f 405/597/597 428/601/601 433/539/539
f 405/597/597 433/539/539 381/786/786
f 501/488/488 473/589/589 465/487/487
f 465/487/487 473/589/589 462/610/610
f 465/487/487 462/610/610 446/591/591
f 446/591/591 462/610/610 471/609/609
f 446/591/591 471/609/609 455/781/781
f 455/781/781 471/609/609 485/608/608
f 455/781/781 485/608/608 467/782/782
f 467/782/782 485/608/608 507/592/592
f 467/782/782 507/592/592 481/783/783
f 481/783/783 507/592/592 499/538/538
f 481/783/783 499/538/538 458/594/594
f 458/594/594 499/538/538 433/539/539
f 458/594/594 433/539/539 428/601/601
f 534/489/489 504/611/611 501/488/488
f 501/488/488 504/611/611 489/617/617
f 501/488/488 489/617/617 473/589/589
f 473/589/589 489/617/617 503/616/616
f 473/589/589 503/616/616 486/605/605
f 486/605/605 503/616/616 532/615/615
f 486/605/605 532/615/615 505/606/606
f 505/606/606 532/615/615 576/590/590
f 505/606/606 576/590/590 545/607/607
f 545/607/607 576/590/590 577/537/537
f 545/607/607 577/537/537 507/592/592
f 507/592/592 577/537/537 499/538/538
f 556/490/490 549/618/618 534/489/489
f 534/489/489 549/618/618 536/624/624
f 534/489/489 536/624/624 519/586/586
f 519/586/586 536/624/624 561/623/623
f 519/586/586 561/623/623 544/780/780
f 544/780/780 561/623/623 593/622/622
f 544/780/780 593/622/622 582/779/779
f 582/779/779 593/622/622 626/621/621
f 582/779/779 626/621/621 609/588/588
f 609/588/588 626/621/621 646/535/535
f 609/588/588 646/535/535 623/536/536
f 565/491/491 572/582/582 556/490/490
f 556/490/490 572/582/582 567/630/630
f 556/490/490 567/630/630 558/584/584
f 558/584/584 567/630/630 590/629/629
f 558/584/584 590/629/629 584/776/776
f 584/776/776 590/629/629 615/628/628
f 584/776/776 615/628/628 607/777/777
f 607/777/777 615/628/628 643/585/585
f 607/777/777 643/585/585 636/778/778
f 636/778/778 643/585/585 670/534/534
f 636/778/778 670/534/534 630/587/587
f 630/587/587 670/534/534 646/535/535
f 630/587/587 646/535/535 626/621/621
f 550/492/492 573/631/631 565/491/491
f 565/491/491 573/631/631 574/637/637
f 565/491/491 574/637/637 572/582/582
f 572/582/582 574/637/637 595/636/636
f 572/582/582 595/636/636 592/625/625
f 592/625/625 595/636/636 622/635/635
f 592/625/625 622/635/635 620/626/626
f 620/626/626 622/635/635 649/583/583
f 620/626/626 649/583/583 645/627/627
f 645/627/627 649/583/583 681/533/533
f 645/627/627 681/533/533 643/585/585
f 643/585/585 681/533/533 670/534/534
f 514/493/493 554/638/638 550/492/492
f 550/492/492 554/638/638 564/644/644
f 550/492/492 564/644/644 570/579/579
f 570/579/579 564/644/644 587/643/643
f 570/579/579 587/643/643 591/775/775
f 591/775/775 587/643/643 610/642/642
f 591/775/775 610/642/642 618/774/774
f 618/774/774 610/642/642 641/641/641
f 618/774/774 641/641/641 644/581/581
f 644/581/581 641/641/641 682/531/531
f 644/581/581 682/531/531 683/532/532
f 479/494/494 508/575/575 514/493/493
f 514/493/493 508/575/575 525/650/650
f 514/493/493 525/650/650 543/577/577
f 543/577/577 525/650/650 553/649/649
f 543/577/577 553/649/649 569/773/773
f 569/773/773 553/649/649 588/648/648
f 569/773/773 588/648/648 598/772/772
f 598/772/772 588/648/648 619/647/647
f 598/772/772 619/647/647 629/771/771
f 629/771/771 619/647/647 647/529/529
f 629/771/771 647/529/529 671/530/530
f 437/495/495 482/651/651 479/494/494
f 479/494/494 482/651/651 497/657/657
f 479/494/494 497/657/657 508/575/575
f 508/575/575 497/657/657 509/656/656
f 508/575/575 509/656/656 533/645/645
f 533/645/645 509/656/656 547/655/655
f 533/645/645 547/655/655 571/646/646
f 571/646/646 547/655/655 589/654/654
f 571/646/646 589/654/654 603/578/578
f 603/578/578 589/654/654 624/528/528
f 603/578/578 624/528/528 647/529/529
f 401/496/496 431/658/658 437/495/495
f 437/495/495 431/658/658 456/664/664
f 437/495/495 456/664/664 469/573/573
f 469/573/573 456/664/664 464/663/663
f 469/573/573 464/663/663 476/768/768
f 476/768/768 464/663/663 472/662/662
f 476/768/768 472/662/662 495/769/769
f 495/769/769 472/662/662 493/574/574
f 495/769/769 493/574/574 523/770/770
f 523/770/770 493/574/574 578/527/527
f 523/770/770 578/527/527 562/576/576
f 562/576/576 578/527/527 624/528/528
f 562/576/576 624/528/528 589/654/654
f 358/497/497 393/568/568 401/496/496
f 401/496/496 393/568/568 404/670/670
f 401/496/496 404/670/670 421/570/570
f 421/570/570 404/670/670 406/669/669
f 421/570/570 406/669/669 426/767/767
f 426/767/767 406/669/669 409/668/668
f 426/767/767 409/668/668 429/766/766
f 429/766/766 409/668/668 417/667/667
f 429/766/766 417/667/667 439/572/572
f 439/572/572 417/667/667 434/525/525
f 439/572/572 434/525/525 500/526/526
f 322/498/498 356/671/671 358/497/497
f 358/497/497 356/671/671 367/677/677
f 358/497/497 367/677/677 393/568/568
f 393/568/568 367/677/677 366/676/676
f 393/568/568 366/676/676 394/665/665
f 394/665/665 366/676/676 365/675/675
f 394/665/665 365/675/675 395/666/666
f 395/666/666 365/675/675 364/674/674
f 395/666/666 364/674/674 396/571/571
f 396/571/571 364/674/674 382/524/524
f 396/571/571 382/524/524 434/525/525
f 280/499/499 304/678/678 322/498/498
f 322/498/498 304/678/678 329/684/684
f 322/498/498 329/684/684 339/566/566
f 339/566/566 329/684/684 320/683/683
f 339/566/566 320/683/683 334/763/763
f 334/763/763 320/683/683 303/682/682
f 334/763/763 303/682/682 331/764/764
f 331/764/764 303/682/682 290/567/567
f 331/764/764 290/567/567 321/765/765
f 321/765/765 290/567/567 327/523/523
f 321/765/765 327/523/523 343/569/569
f 343/569/569 327/523/523 382/524/524
f 343/569/569 382/524/524 364/674/674
f 245/500/500 263/561/561 280/499/499
f 280/499/499 263/561/561 278/690/690
f 280/499/499 278/690/690 291/563/563
f 291/563/563 278/690/690 266/689/689
f 291/563/563 266/689/689 284/762/762
f 284/762/762 266/689/689 240/688/688
f 284/762/762 240/688/688 265/761/761
f 265/761/761 240/688/688 198/687/687
f 265/761/761 198/687/687 237/565/565
f 237/565/565 198/687/687 183/521/521
f 237/565/565 183/521/521 261/522/522
f 209/501/501 235/691/691 245/500/500
f 245/500/500 235/691/691 252/697/697
f 245/500/500 252/697/697 263/561/561
f 263/561/561 252/697/697 227/696/696
f 263/561/561 227/696/696 251/685/685
f 251/685/685 227/696/696 189/695/695
f 251/685/685 189/695/695 213/686/686
f 213/686/686 189/695/695 157/694/694
f 213/686/686 157/694/694 171/564/564
f 171/564/564 157/694/694 137/520/520
f 171/564/564 137/520/520 183/521/521
f 194/502/502 196/698/698 209/501/501
f 209/501/501 196/698/698 206/704/704
f 209/501/501 206/704/704 217/559/559
f 217/559/559 206/704/704 180/703/703
f 217/559/559 180/703/703 191/760/760
f 191/760/760 180/703/703 155/702/702
f 191/760/760 155/702/702 162/759/759
f 162/759/759 155/702/702 127/701/701
f 162/759/759 127/701/701 131/758/758
f 131/758/758 127/701/701 98/518/518
f 131/758/758 98/518/518 114/519/519
f 203/503/503 186/555/555 194/502/502
f 194/502/502 186/555/555 187/710/710
f 194/502/502 187/710/710 190/557/557
f 190/557/557 187/710/710 166/709/709
f 190/557/557 166/709/709 169/755/755
f 169/755/755 166/709/709 139/708/708
f 169/755/755 139/708/708 142/756/756
f 142/756/756 139/708/708 112/558/558
f 142/756/756 112/558/558 116/757/757
f 116/757/757 112/558/558 87/517/517
f 116/757/757 87/517/517 119/560/560
f 119/560/560 87/517/517 98/518/518
f 119/560/560 98/518/518 127/701/701
f 225/504/504 193/711/711 203/503/503
f 203/503/503 193/711/711 188/717/717
f 203/503/503 188/717/717 186/555/555
f 186/555/555 188/717/717 168/716/716
f 186/555/555 168/716/716 165/705/705
f 165/705/705 168/716/716 140/715/715
f 165/705/705 140/715/715 138/706/706
f 138/706/706 140/715/715 115/556/556
f 138/706/706 115/556/556 111/707/707
f 111/707/707 115/556/556 85/516/516
f 111/707/707 85/516/516 112/558/558
f 112/558/558 85/516/516 87/517/517
f 258/505/505 224/718/718 225/504/504
f 225/504/504 224/718/718 211/724/724
f 225/504/504 211/724/724 202/552/552
f 202/552/552 211/724/724 185/723/723
f 202/552/552 185/723/723 176/754/754
f 176/754/754 185/723/723 158/722/722
f 176/754/754 158/722/722 153/753/753
f 153/753/753 158/722/722 130/721/721
f 153/753/753 130/721/721 124/554/554
f 124/554/554 130/721/721 97/514/514
f 124/554/554 97/514/514 86/515/515
f 294/506/506 271/548/548 258/505/505
f 258/505/505 271/548/548 256/730/730
f 258/505/505 256/730/730 241/550/550
f 241/550/550 256/730/730 239/729/729
f 241/550/550 239/729/729 216/750/750
f 216/750/750 239/729/729 201/728/728
f 216/750/750 201/728/728 178/751/751
f 178/751/751 201/728/728 164/551/551
f 178/751/751 164/551/551 151/752/752
f 151/752/752 164/551/551 113/513/513
f 151/752/752 113/513/513 134/553/553
f 134/553/553 113/513/513 97/514/514
f 134/553/553 97/514/514 130/721/721
f 336/507/507 298/731/731 294/506/506
f 294/506/506 298/731/731 287/737/737
f 294/506/506 287/737/737 271/548/548
f 271/548/548 287/737/737 274/736/736
f 271/548/548 274/736/736 257/725/725
f 257/725/725 274/736/736 255/735/735
f 257/725/725 255/735/735 228/726/726
f 228/726/726 255/735/735 215/549/549
f 228/726/726 215/549/549 184/727/727
f 184/727/727 215/549/549 136/512/512
f 184/727/727 136/512/512 164/551/551
f 164/551/551 136/512/512 113/513/513
f 387/787/787 349/544/544 336/507/507
f 336/507/507 349/544/544 333/743/743
f 336/507/507 333/743/743 314/545/545
f 314/545/545 333/743/743 330/742/742
f 314/545/545 330/742/742 305/749/749
f 305/749/749 330/742/742 319/741/741
f 305/749/749 319/741/741 293/748/748
f 293/748/748 319/741/741 302/740/740
f 293/748/748 302/740/740 279/547/547
f 279/547/547 302/740/740 260/510/510
f 279/547/547 260/510/510 182/511/511
f 355/744/744 326/509/509 332/546/546
f 332/546/546 326/509/509 260/510/510
f 332/546/546 260/510/510 302/740/740
f 136/512/512 215/549/549 182/511/511
f 182/511/511 215/549/549 253/734/734
f 182/511/511 253/734/734 279/547/547
f 279/547/547 253/734/734 275/733/733
f 279/547/547 275/733/733 293/748/748
f 293/748/748 275/733/733 289/732/732
f 293/748/748 289/732/732 305/749/749
f 305/749/749 289/732/732 298/731/731
f 305/749/749 298/731/731 314/545/545
f 314/545/545 298/731/731 336/507/507
f 85/516/516 115/556/556 86/515/515
f 86/515/515 115/556/556 117/714/714
f 86/515/515 117/714/714 124/554/554
f 124/554/554 117/714/714 145/713/713
f 124/554/554 145/713/713 153/753/753
f 153/753/753 145/713/713 170/712/712
f 153/753/753 170/712/712 176/754/754
f 176/754/754 170/712/712 193/711/711
f 176/754/754 193/711/711 202/552/552
f 202/552/552 193/711/711 225/504/504
f 131/758/758 114/519/519 141/562/562
f 141/562/562 114/519/519 137/520/520
f 141/562/562 137/520/520 157/694/694
f 327/523/523 290/567/567 261/522/522
f 261/522/522 290/567/567 267/681/681
f 261/522/522 267/681/681 237/565/565
f 237/565/565 267/681/681 288/680/680
f 237/565/565 288/680/680 265/761/761
f 265/761/761 288/680/680 296/679/679
f 265/761/761 296/679/679 284/762/762
f 284/762/762 296/679/679 304/678/678
f 284/762/762 304/678/678 291/563/563
f 291/563/563 304/678/678 280/499/499
f 578/527/527 493/574/574 500/526/526
f 500/526/526 493/574/574 470/661/661
f 500/526/526 470/661/661 439/572/572
f 439/572/572 470/661/661 457/660/660
f 439/572/572 457/660/660 429/766/766
f 429/766/766 457/660/660 440/659/659
f 429/766/766 440/659/659 426/767/767
f 426/767/767 440/659/659 431/658/658
f 426/767/767 431/658/658 421/570/570
f 421/570/570 431/658/658 401/496/496
f 629/771/771 671/530/530 633/580/580
f 633/580/580 671/530/530 682/531/531
f 633/580/580 682/531/531 641/641/641
f 681/533/533 649/583/583 683/532/532
f 683/532/532 649/583/583 648/634/634
f 683/532/532 648/634/634 644/581/581
f 644/581/581 648/634/634 621/633/633
f 644/581/581 621/633/633 618/774/774
f 618/774/774 621/633/633 594/632/632
f 618/774/774 594/632/632 591/775/775
f 591/775/775 594/632/632 573/631/631
f 591/775/775 573/631/631 570/579/579
f 570/579/579 573/631/631 550/492/492
f 577/537/537 576/590/590 623/536/536
f 623/536/536 576/590/590 596/614/614
f 623/536/536 596/614/614 609/588/588
f 609/588/588 596/614/614 559/613/613
f 609/588/588 559/613/613 582/779/779
f 582/779/779 559/613/613 521/612/612
f 582/779/779 521/612/612 544/780/780
f 544/780/780 521/612/612 504/611/611
f 544/780/780 504/611/611 519/586/586
f 519/586/586 504/611/611 534/489/489
f 381/508/508 383/543/543 405/788/788
f 405/789/789 383/543/543 384/542/542
f 405/597/597 384/790/790 403/596/596
f 403/791/791 384/542/542 385/541/541
f 403/596/596 385/792/792 398/595/595
f 398/793/793 385/541/541 386/540/540
f 398/595/595 386/794/794 397/593/593
f 349/544/544 387/795/795 363/747/747
f 224/718/718 258/505/505 241/550/550
f 196/698/698 194/502/502 190/557/557
f 235/691/691 209/501/501 217/559/559
f 183/521/521 198/687/687 171/564/564
f 171/564/564 198/687/687 240/688/688
f 171/564/564 240/688/688 213/686/686
f 213/686/686 240/688/688 266/689/689
f 213/686/686 266/689/689 251/685/685
f 251/685/685 266/689/689 278/690/690
f 251/685/685 278/690/690 263/561/561
f 356/671/671 322/498/498 339/566/566
f 434/525/525 417/667/667 396/571/571
f 396/571/571 417/667/667 409/668/668
f 396/571/571 409/668/668 395/666/666
f 395/666/666 409/668/668 406/669/669
f 395/666/666 406/669/669 394/665/665
f 394/665/665 406/669/669 404/670/670
f 394/665/665 404/670/670 393/568/568
f 482/651/651 437/495/495 469/573/573
f 554/638/638 514/493/493 543/577/577
f 647/529/529 619/647/647 603/578/578
f 603/578/578 619/647/647 588/648/648
f 603/578/578 588/648/648 571/646/646
f 571/646/646 588/648/648 553/649/649
f 571/646/646 553/649/649 533/645/645
f 533/645/645 553/649/649 525/650/650
f 533/645/645 525/650/650 508/575/575
f 549/618/618 556/490/490 558/584/584
f 427/598/598 465/487/487 446/591/591
f 416/603/603 411/604/604 430/599/599
f 430/599/599 411/604/604 427/598/598
f 430/599/599 427/598/598 455/781/781
f 455/781/781 427/598/598 446/591/591
f 425/602/602 416/603/603 441/600/600
f 441/600/600 416/603/603 430/599/599
f 441/600/600 430/599/599 467/782/782
f 467/782/782 430/599/599 455/781/781
f 428/601/601 425/602/602 458/594/594
f 458/594/594 425/602/602 441/600/600
f 458/594/594 441/600/600 481/783/783
f 481/783/783 441/600/600 467/782/782
f 471/609/609 462/610/610 486/605/605
f 486/605/605 462/610/610 473/589/589
f 485/608/608 471/609/609 505/606/606
f 505/606/606 471/609/609 486/605/605
f 507/592/592 485/608/608 545/607/607
f 545/607/607 485/608/608 505/606/606
f 503/616/616 489/617/617 521/612/612
f 521/612/612 489/617/617 504/611/611
f 532/615/615 503/616/616 559/613/613
f 559/613/613 503/616/616 521/612/612
f 576/590/590 532/615/615 596/614/614
f 596/614/614 532/615/615 559/613/613
f 561/623/623 536/624/624 575/619/619
f 575/619/619 536/624/624 549/618/618
f 575/619/619 549/618/618 584/776/776
f 584/776/776 549/618/618 558/584/584
f 593/622/622 561/623/623 602/620/620
f 602/620/620 561/623/623 575/619/619
f 602/620/620 575/619/619 607/777/777
f 607/777/777 575/619/619 584/776/776
f 626/621/621 593/622/622 630/587/587
f 630/587/587 593/622/622 602/620/620
f 630/587/587 602/620/620 636/778/778
f 636/778/778 602/620/620 607/777/777
f 590/629/629 567/630/630 592/625/625
f 592/625/625 567/630/630 572/582/582
f 615/628/628 590/629/629 620/626/626
f 620/626/626 590/629/629 592/625/625
f 643/585/585 615/628/628 645/627/627
f 645/627/627 615/628/628 620/626/626
f 595/636/636 574/637/637 594/632/632
f 594/632/632 574/637/637 573/631/631
f 622/635/635 595/636/636 621/633/633
f 621/633/633 595/636/636 594/632/632
f 649/583/583 622/635/635 648/634/634
f 648/634/634 622/635/635 621/633/633
f 587/643/643 564/644/644 580/639/639
f 580/639/639 564/644/644 554/638/638
f 580/639/639 554/638/638 569/773/773
f 569/773/773 554/638/638 543/577/577
f 610/642/642 587/643/643 605/640/640
f 605/640/640 587/643/643 580/639/639
f 605/640/640 580/639/639 598/772/772
f 598/772/772 580/639/639 569/773/773
f 641/641/641 610/642/642 633/580/580
f 633/580/580 610/642/642 605/640/640
f 633/580/580 605/640/640 629/771/771
f 629/771/771 605/640/640 598/772/772
f 509/656/656 497/657/657 494/652/652
f 494/652/652 497/657/657 482/651/651
f 494/652/652 482/651/651 476/768/768
f 476/768/768 482/651/651 469/573/573
f 547/655/655 509/656/656 520/653/653
f 520/653/653 509/656/656 494/652/652
f 520/653/653 494/652/652 495/769/769
f 495/769/769 494/652/652 476/768/768
f 589/654/654 547/655/655 562/576/576
f 562/576/576 547/655/655 520/653/653
f 562/576/576 520/653/653 523/770/770
f 523/770/770 520/653/653 495/769/769
f 464/663/663 456/664/664 440/659/659
f 440/659/659 456/664/664 431/658/658
f 472/662/662 464/663/663 457/660/660
f 457/660/660 464/663/663 440/659/659
f 493/574/574 472/662/662 470/661/661
f 470/661/661 472/662/662 457/660/660
f 366/676/676 367/677/677 354/672/672
f 354/672/672 367/677/677 356/671/671
f 354/672/672 356/671/671 334/763/763
f 334/763/763 356/671/671 339/566/566
f 365/675/675 366/676/676 351/673/673
f 351/673/673 366/676/676 354/672/672
f 351/673/673 354/672/672 331/764/764
f 331/764/764 354/672/672 334/763/763
f 364/674/674 365/675/675 343/569/569
f 343/569/569 365/675/675 351/673/673
f 343/569/569 351/673/673 321/765/765
f 321/765/765 351/673/673 331/764/764
f 320/683/683 329/684/684 296/679/679
f 296/679/679 329/684/684 304/678/678
f 303/682/682 320/683/683 288/680/680
f 288/680/680 320/683/683 296/679/679
f 290/567/567 303/682/682 267/681/681
f 267/681/681 303/682/682 288/680/680
f 227/696/696 252/697/697 207/692/692
f 207/692/692 252/697/697 235/691/691
f 207/692/692 235/691/691 191/760/760
f 191/760/760 235/691/691 217/559/559
f 189/695/695 227/696/696 172/693/693
f 172/693/693 227/696/696 207/692/692
f 172/693/693 207/692/692 162/759/759
f 162/759/759 207/692/692 191/760/760
f 157/694/694 189/695/695 141/562/562
f 141/562/562 189/695/695 172/693/693
f 141/562/562 172/693/693 131/758/758
f 131/758/758 172/693/693 162/759/759
f 180/703/703 206/704/704 173/699/699
f 173/699/699 206/704/704 196/698/698
f 173/699/699 196/698/698 169/755/755
f 169/755/755 196/698/698 190/557/557
f 155/702/702 180/703/703 150/700/700
f 150/700/700 180/703/703 173/699/699
f 150/700/700 173/699/699 142/756/756
f 142/756/756 173/699/699 169/755/755
f 127/701/701 155/702/702 119/560/560
f 119/560/560 155/702/702 150/700/700
f 119/560/560 150/700/700 116/757/757
f 116/757/757 150/700/700 142/756/756
f 166/709/709 187/710/710 165/705/705
f 165/705/705 187/710/710 186/555/555
f 139/708/708 166/709/709 138/706/706
f 138/706/706 166/709/709 165/705/705
f 112/558/558 139/708/708 111/707/707
f 111/707/707 139/708/708 138/706/706
f 168/716/716 188/717/717 170/712/712
f 170/712/712 188/717/717 193/711/711
f 140/715/715 168/716/716 145/713/713
f 145/713/713 168/716/716 170/712/712
f 115/556/556 140/715/715 117/714/714
f 117/714/714 140/715/715 145/713/713
f 185/723/723 211/724/724 199/719/719
f 199/719/719 211/724/724 224/718/718
f 199/719/719 224/718/718 216/750/750
f 216/750/750 224/718/718 241/550/550
f 158/722/722 185/723/723 167/720/720
f 167/720/720 185/723/723 199/719/719
f 167/720/720 199/719/719 178/751/751
f 178/751/751 199/719/719 216/750/750
f 130/721/721 158/722/722 134/553/553
f 134/553/553 158/722/722 167/720/720
f 134/553/553 167/720/720 151/752/752
f 151/752/752 167/720/720 178/751/751
f 239/729/729 256/730/730 257/725/725
f 257/725/725 256/730/730 271/548/548
f 201/728/728 239/729/729 228/726/726
f 228/726/726 239/729/729 257/725/725
f 164/551/551 201/728/728 184/727/727
f 184/727/727 201/728/728 228/726/726
f 274/736/736 287/737/737 289/732/732
f 289/732/732 287/737/737 298/731/731
f 255/735/735 274/736/736 275/733/733
f 275/733/733 274/736/736 289/732/732
f 215/549/549 255/735/735 253/734/734
f 253/734/734 255/735/735 275/733/733
f 330/742/742 333/743/743 344/738/738
f 344/738/738 333/743/743 349/544/544
f 344/738/738 349/544/544 362/746/746
f 362/746/746 349/544/544 363/747/747
f 319/741/741 330/742/742 335/739/739
f 335/739/739 330/742/742 344/738/738
f 335/739/739 344/738/738 357/745/745
f 357/745/745 344/738/738 362/746/746
f 302/740/740 319/741/741 332/546/546
f 332/546/546 319/741/741 335/739/739
f 332/546/546 335/739/739 355/744/744
f 355/744/744 335/739/739 357/745/745
f 444/797/797 445/812/812 368/796/796
f 368/796/796 445/812/812 369/813/813
f 368/796/796 369/813/813 315/829/829
f 315/829/829 369/813/813 316/814/814
f 315/829/829 316/814/814 247/828/828
f 247/828/828 316/814/814 248/815/815
f 247/828/828 248/815/815 160/827/827
f 160/827/827 248/815/815 161/816/816
f 160/827/827 161/816/816 120/826/826
f 120/826/826 161/816/816 121/817/817
f 120/826/826 121/817/817 93/825/825
f 93/825/825 121/817/817 94/818/818
f 93/825/825 94/818/818 72/824/824
f 72/824/824 94/818/818 73/819/819
f 72/824/824 73/819/819 59/823/823
f 59/823/823 73/819/819 60/820/820
f 59/823/823 60/820/820 52/822/822
f 52/822/822 60/820/820 53/821/821
f 445/812/812 444/797/797 513/811/811
f 513/811/811 444/797/797 512/798/798
f 513/811/811 512/798/798 600/810/810
f 600/810/810 512/798/798 599/799/799
f 600/810/810 599/799/799 640/809/809
f 640/809/809 599/799/799 639/800/800
f 640/809/809 639/800/800 675/808/808
f 675/808/808 639/800/800 674/801/801
f 675/808/808 674/801/801 704/807/807
f 704/807/807 674/801/801 703/802/802
f 704/807/807 703/802/802 717/806/806
f 717/806/806 703/802/802 716/803/803
f 717/806/806 716/803/803 732/805/805
f 732/805/805 716/803/803 731/804/804
f 308/867/867 373/1013/1013 372/902/902
f 372/1014/1014 373/830/830 449/831/831
f 372/1015/1015 449/831/831 454/907/907
f 454/907/907 449/831/831 528/832/832
f 454/907/907 528/832/832 538/910/910
f 538/910/910 528/832/832 611/833/833
f 538/910/910 611/833/833 617/913/913
f 617/913/913 611/833/833 661/834/834
f 617/913/913 661/834/834 667/916/916
f 667/916/916 661/834/834 697/835/835
f 667/916/916 697/835/835 702/919/919
f 702/919/919 697/835/835 733/836/836
f 702/919/919 733/836/836 739/922/922
f 739/922/922 733/836/836 763/837/837
f 739/922/922 763/837/837 769/925/925
f 769/925/925 763/837/837 788/838/838
f 769/925/925 788/838/838 787/928/928
f 787/928/928 788/838/838 804/839/839
f 787/928/928 804/839/839 799/931/931
f 799/931/931 804/839/839 805/840/840
f 799/931/931 805/840/840 793/934/934
f 793/934/934 805/840/840 789/841/841
f 793/934/934 789/841/841 774/937/937
f 774/937/937 789/841/841 764/842/842
f 774/937/937 764/842/842 748/940/940
f 748/940/940 764/842/842 734/843/843
f 748/940/940 734/843/843 714/943/943
f 714/943/943 734/843/843 698/844/844
f 714/943/943 698/844/844 679/945/945
f 679/945/945 698/844/844 662/845/845
f 679/945/945 662/845/845 635/948/948
f 635/948/948 662/845/845 612/846/846
f 635/948/948 612/846/846 586/951/951
f 586/951/951 612/846/846 529/847/847
f 586/951/951 529/847/847 488/954/954
f 488/954/954 529/847/847 450/848/848
f 488/954/954 450/848/848 415/957/957
f 415/957/957 450/848/848 374/849/849
f 415/957/957 374/849/849 345/960/960
f 345/960/960 374/849/849 309/850/850
f 345/960/960 309/850/850 272/963/963
f 272/963/963 309/850/850 230/851/851
f 272/963/963 230/851/851 174/966/966
f 174/966/966 230/851/851 147/852/852
f 174/966/966 147/852/852 125/969/969
f 125/969/969 147/852/852 105/853/853
f 125/969/969 105/853/853 89/972/972
f 89/972/972 105/853/853 77/854/854
f 89/972/972 77/854/854 62/975/975
f 62/975/975 77/854/854 49/855/855
f 62/975/975 49/855/855 36/977/977
f 36/977/977 49/855/855 27/856/856
f 36/977/977 27/856/856 18/980/980
f 18/980/980 27/856/856 10/857/857
f 18/980/980 10/857/857 7/983/983
f 7/983/983 10/857/857 2/858/858
f 7/983/983 2/858/858 5/986/986
f 5/986/986 2/858/858 1/859/859
f 5/986/986 1/859/859 13/989/989
f 13/989/989 1/859/859 9/860/860
f 13/989/989 9/860/860 23/992/992
f 23/992/992 9/860/860 26/861/861
f 23/992/992 26/861/861 45/995/995
f 45/995/995 26/861/861 48/862/862
f 45/995/995 48/862/862 74/998/998
f 74/998/998 48/862/862 76/863/863
f 74/998/998 76/863/863 101/1001/1001
f 101/1001/1001 76/863/863 104/864/864
f 101/1001/1001 104/864/864 143/1004/1004
f 143/1004/1004 104/864/864 146/865/865
f 143/1004/1004 146/865/865 222/1007/1007
f 222/1007/1007 146/865/865 229/866/866
f 222/1007/1007 229/866/866 306/1010/1010
f 306/1010/1010 229/866/866 308/867/867
f 306/1010/1010 308/867/867 372/902/902
f 315/869/869 317/1012/1012 368/868/868
f 368/868/868 317/1012/1012 370/904/904
f 368/868/868 370/904/904 443/1016/1016
f 443/1017/1017 370/904/904 371/903/903
f 443/909/909 371/1018/1018 448/908/908
f 448/1019/1019 371/903/903 372/902/902
f 448/908/908 372/1020/1020 454/907/907
f 317/1012/1012 315/869/869 244/1009/1009
f 244/1009/1009 315/869/869 247/870/870
f 244/1009/1009 247/870/870 159/1006/1006
f 159/1006/1006 247/870/870 160/871/871
f 159/1006/1006 160/871/871 118/1003/1003
f 118/1003/1003 160/871/871 120/872/872
f 118/1003/1003 120/872/872 91/1000/1000
f 91/1000/1000 120/872/872 93/873/873
f 91/1000/1000 93/873/873 67/997/997
f 67/997/997 93/873/873 72/874/874
f 67/997/997 72/874/874 47/994/994
f 47/994/994 72/874/874 59/875/875
f 47/994/994 59/875/875 35/991/991
f 35/991/991 59/875/875 52/876/876
f 35/991/991 52/876/876 31/988/988
f 31/988/988 52/876/876 53/877/877
f 31/988/988 53/877/877 32/985/985
f 32/985/985 53/877/877 60/878/878
f 32/985/985 60/878/878 41/982/982
f 41/982/982 60/878/878 73/879/879
f 41/982/982 73/879/879 57/979/979
f 57/979/979 73/879/879 80/905/905
f 57/979/979 80/905/905 68/976/976
f 68/976/976 80/905/905 95/973/973
f 68/976/976 95/973/973 89/972/972
f 89/972/972 95/973/973 125/969/969
f 73/879/879 94/880/880 80/905/905
f 80/905/905 94/880/880 100/974/974
f 80/905/905 100/974/974 95/973/973
f 95/973/973 100/974/974 128/970/970
f 95/973/973 128/970/970 125/969/969
f 125/969/969 128/970/970 174/966/966
f 94/880/880 121/881/881 100/974/974
f 100/974/974 121/881/881 132/971/971
f 100/974/974 132/971/971 128/970/970
f 128/970/970 132/971/971 177/967/967
f 128/970/970 177/967/967 174/966/966
f 174/966/966 177/967/967 272/963/963
f 121/881/881 161/882/882 132/971/971
f 132/971/971 161/882/882 192/968/968
f 132/971/971 192/968/968 177/967/967
f 177/967/967 192/968/968 276/964/964
f 177/967/967 276/964/964 272/963/963
f 272/963/963 276/964/964 345/960/960
f 161/882/882 248/883/883 192/968/968
f 192/968/968 248/883/883 283/965/965
f 192/968/968 283/965/965 276/964/964
f 276/964/964 283/965/965 347/961/961
f 276/964/964 347/961/961 345/960/960
f 345/960/960 347/961/961 415/957/957
f 248/883/883 316/884/884 283/965/965
f 283/965/965 316/884/884 350/962/962
f 283/965/965 350/962/962 347/961/961
f 347/961/961 350/962/962 413/958/958
f 347/961/961 413/958/958 415/957/957
f 415/957/957 413/958/958 488/954/954
f 316/884/884 369/885/885 350/962/962
f 350/962/962 369/885/885 410/959/959
f 350/962/962 410/959/959 413/958/958
f 413/958/958 410/959/959 484/955/955
f 413/958/958 484/955/955 488/954/954
f 488/954/954 484/955/955 586/951/951
f 369/885/885 445/886/886 410/959/959
f 410/959/959 445/886/886 477/956/956
f 410/959/959 477/956/956 484/955/955
f 484/955/955 477/956/956 583/952/952
f 484/955/955 583/952/952 586/951/951
f 586/951/951 583/952/952 635/948/948
f 445/886/886 513/887/887 477/956/956
f 477/956/956 513/887/887 568/953/953
f 477/956/956 568/953/953 583/952/952
f 583/952/952 568/953/953 632/949/949
f 583/952/952 632/949/949 635/948/948
f 635/948/948 632/949/949 679/945/945
f 513/887/887 600/888/888 568/953/953
f 568/953/953 600/888/888 628/950/950
f 568/953/953 628/950/950 632/949/949
f 632/949/949 628/950/950 673/946/946
f 632/949/949 673/946/946 679/945/945
f 679/945/945 673/946/946 714/943/943
f 600/888/888 640/889/889 628/950/950
f 628/950/950 640/889/889 668/947/947
f 628/950/950 668/947/947 673/946/946
f 673/946/946 668/947/947 708/944/944
f 673/946/946 708/944/944 714/943/943
f 714/943/943 708/944/944 748/940/940
f 640/889/889 675/890/890 668/947/947
f 668/947/947 675/890/890 696/906/906
f 668/947/947 696/906/906 708/944/944
f 708/944/944 696/906/906 742/941/941
f 708/944/944 742/941/941 748/940/940
f 748/940/940 742/941/941 774/937/937
f 675/890/890 704/891/891 696/906/906
f 696/906/906 704/891/891 719/942/942
f 696/906/906 719/942/942 742/941/941
f 742/941/941 719/942/942 767/938/938
f 742/941/941 767/938/938 774/937/937
f 774/937/937 767/938/938 793/934/934
f 719/942/942 704/891/891 743/939/939
f 743/939/939 704/891/891 717/892/892
f 743/939/939 717/892/892 756/936/936
f 756/936/936 717/892/892 732/893/893
f 756/936/936 732/893/893 761/933/933
f 761/933/933 732/893/893 731/894/894
f 761/933/933 731/894/894 749/930/930
f 749/930/930 731/894/894 716/895/895
f 749/930/930 716/895/895 737/927/927
f 737/927/927 716/895/895 703/896/896
f 737/927/927 703/896/896 709/924/924
f 709/924/924 703/896/896 674/897/897
f 709/924/924 674/897/897 677/921/921
f 677/921/921 674/897/897 639/898/898
f 677/921/921 639/898/898 642/918/918
f 642/918/918 639/898/898 599/899/899
f 642/918/918 599/899/899 601/915/915
f 601/915/915 599/899/899 512/900/900
f 601/915/915 512/900/900 516/912/912
f 516/912/912 512/900/900 444/901/901
f 516/912/912 444/901/901 443/909/909
f 443/909/909 444/901/901 368/1021/1021
f 372/902/902 371/903/903 306/1010/1010
f 306/1010/1010 371/903/903 312/1011/1011
f 306/1010/1010 312/1011/1011 222/1007/1007
f 222/1007/1007 312/1011/1011 234/1008/1008
f 222/1007/1007 234/1008/1008 143/1004/1004
f 143/1004/1004 234/1008/1008 152/1005/1005
f 143/1004/1004 152/1005/1005 101/1001/1001
f 101/1001/1001 152/1005/1005 109/1002/1002
f 101/1001/1001 109/1002/1002 74/998/998
f 74/998/998 109/1002/1002 82/999/999
f 74/998/998 82/999/999 45/995/995
f 45/995/995 82/999/999 55/996/996
f 45/995/995 55/996/996 23/992/992
f 23/992/992 55/996/996 34/993/993
f 23/992/992 34/993/993 13/989/989
f 13/989/989 34/993/993 21/990/990
f 13/989/989 21/990/990 5/986/986
f 5/986/986 21/990/990 15/987/987
f 5/986/986 15/987/987 7/983/983
f 7/983/983 15/987/987 16/984/984
f 7/983/983 16/984/984 18/980/980
f 18/980/980 16/984/984 25/981/981
f 18/980/980 25/981/981 36/977/977
f 36/977/977 25/981/981 42/978/978
f 36/977/977 42/978/978 62/975/975
f 62/975/975 42/978/978 68/976/976
f 62/975/975 68/976/976 89/972/972
f 371/903/903 370/904/904 312/1011/1011
f 312/1011/1011 370/904/904 317/1012/1012
f 312/1011/1011 317/1012/1012 234/1008/1008
f 234/1008/1008 317/1012/1012 244/1009/1009
f 234/1008/1008 244/1009/1009 152/1005/1005
f 152/1005/1005 244/1009/1009 159/1006/1006
f 152/1005/1005 159/1006/1006 109/1002/1002
f 109/1002/1002 159/1006/1006 118/1003/1003
f 109/1002/1002 118/1003/1003 82/999/999
f 82/999/999 118/1003/1003 91/1000/1000
f 82/999/999 91/1000/1000 55/996/996
f 55/996/996 91/1000/1000 67/997/997
f 55/996/996 67/997/997 34/993/993
f 34/993/993 67/997/997 47/994/994
f 34/993/993 47/994/994 21/990/990
f 21/990/990 47/994/994 35/991/991
f 21/990/990 35/991/991 15/987/987
f 15/987/987 35/991/991 31/988/988
f 15/987/987 31/988/988 16/984/984
f 16/984/984 31/988/988 32/985/985
f 16/984/984 32/985/985 25/981/981
f 25/981/981 32/985/985 41/982/982
f 25/981/981 41/982/982 42/978/978
f 42/978/978 41/982/982 57/979/979
f 42/978/978 57/979/979 68/976/976
f 516/912/912 443/909/909 448/908/908
f 448/908/908 454/907/907 526/911/911
f 526/911/911 454/907/907 538/910/910
f 526/911/911 538/910/910 608/914/914
f 608/914/914 538/910/910 617/913/913
f 608/914/914 617/913/913 659/917/917
f 659/917/917 617/913/913 667/916/916
f 659/917/917 667/916/916 694/920/920
f 694/920/920 667/916/916 702/919/919
f 694/920/920 702/919/919 725/923/923
f 725/923/923 702/919/919 739/922/922
f 725/923/923 739/922/922 750/926/926
f 750/926/926 739/922/922 769/925/925
f 750/926/926 769/925/925 771/929/929
f 771/929/929 769/925/925 787/928/928
f 771/929/929 787/928/928 781/932/932
f 781/932/932 787/928/928 799/931/931
f 781/932/932 799/931/931 776/935/935
f 776/935/935 799/931/931 793/934/934
f 776/935/935 793/934/934 767/938/938
f 601/915/915 516/912/912 526/911/911
f 526/911/911 516/912/912 448/908/908
f 601/915/915 526/911/911 608/914/914
f 642/918/918 601/915/915 608/914/914
f 642/918/918 608/914/914 659/917/917
f 677/921/921 642/918/918 659/917/917
f 677/921/921 659/917/917 694/920/920
f 709/924/924 677/921/921 694/920/920
f 709/924/924 694/920/920 725/923/923
f 737/927/927 709/924/924 725/923/923
f 737/927/927 725/923/923 750/926/926
f 749/930/930 737/927/927 750/926/926
f 749/930/930 750/926/926 771/929/929
f 761/933/933 749/930/930 771/929/929
f 761/933/933 771/929/929 781/932/932
f 756/936/936 761/933/933 781/932/932
f 756/936/936 781/932/932 776/935/935
f 743/939/939 756/936/936 776/935/935
f 743/939/939 776/935/935 767/938/938
f 719/942/942 743/939/939 767/938/938
f 653/1023/1023 614/1064/1064 651/1022/1022
f 651/1022/1022 614/1064/1064 612/1108/1108
f 651/1022/1022 612/1108/1108 662/1109/1109
f 614/1064/1064 653/1023/1023 664/1063/1063
f 664/1063/1063 653/1023/1023 687/1024/1024
f 664/1063/1063 687/1024/1024 700/1062/1062
f 700/1062/1062 687/1024/1024 724/1025/1025
f 700/1062/1062 724/1025/1025 736/1061/1061
f 736/1061/1061 724/1025/1025 755/1026/1026
f 736/1061/1061 755/1026/1026 766/1060/1060
f 766/1060/1060 755/1026/1026 780/1027/1027
f 766/1060/1060 780/1027/1027 791/1059/1059
f 791/1059/1059 780/1027/1027 798/1028/1028
f 791/1059/1059 798/1028/1028 807/1058/1058
f 807/1058/1058 798/1028/1028 809/1029/1029
f 807/1058/1058 809/1029/1029 806/1057/1057
f 806/1057/1057 809/1029/1029 797/1030/1030
f 806/1057/1057 797/1030/1030 790/1056/1056
f 790/1056/1056 797/1030/1030 779/1031/1031
f 790/1056/1056 779/1031/1031 765/1055/1055
f 765/1055/1055 779/1031/1031 754/1032/1032
f 765/1055/1055 754/1032/1032 735/1054/1054
f 735/1054/1054 754/1032/1032 723/1033/1033
f 735/1054/1054 723/1033/1033 699/1053/1053
f 699/1053/1053 723/1033/1033 686/1034/1034
f 699/1053/1053 686/1034/1034 663/1052/1052
f 663/1052/1052 686/1034/1034 652/1035/1035
f 663/1052/1052 652/1035/1035 613/1051/1051
f 613/1051/1051 652/1035/1035 650/1036/1036
f 613/1051/1051 650/1036/1036 611/1121/1121
f 611/1121/1121 650/1036/1036 661/1120/1120
f 661/1120/1120 650/1036/1036 684/1037/1037
f 661/1120/1120 684/1037/1037 697/1119/1119
f 697/1119/1119 684/1037/1037 721/1038/1038
f 697/1119/1119 721/1038/1038 733/1118/1118
f 733/1118/1118 721/1038/1038 752/1039/1039
f 733/1118/1118 752/1039/1039 763/1117/1117
f 763/1117/1117 752/1039/1039 777/1040/1040
f 763/1117/1117 777/1040/1040 788/1116/1116
f 788/1116/1116 777/1040/1040 795/1041/1041
f 788/1116/1116 795/1041/1041 804/1115/1115
f 804/1115/1115 795/1041/1041 808/1042/1042
f 804/1115/1115 808/1042/1042 805/1114/1114
f 805/1114/1114 808/1042/1042 796/1043/1043
f 805/1114/1114 796/1043/1043 789/1113/1113
f 789/1113/1113 796/1043/1043 778/1044/1044
f 789/1113/1113 778/1044/1044 764/1112/1112
f 764/1112/1112 778/1044/1044 753/1045/1045
f 764/1112/1112 753/1045/1045 734/1111/1111
f 734/1111/1111 753/1045/1045 722/1046/1046
f 734/1111/1111 722/1046/1046 698/1110/1110
f 698/1110/1110 722/1046/1046 685/1047/1047
f 698/1110/1110 685/1047/1047 662/1109/1109
f 662/1109/1109 685/1047/1047 651/1022/1022
f 451/1049/1049 373/1086/1086 375/1048/1048
f 375/1048/1048 373/1086/1086 308/1087/1087
f 375/1048/1048 308/1087/1087 310/1085/1085
f 310/1085/1085 308/1087/1087 229/1088/1088
f 310/1085/1085 229/1088/1088 231/1084/1084
f 231/1084/1084 229/1088/1088 146/1089/1089
f 231/1084/1084 146/1089/1089 148/1083/1083
f 148/1083/1083 146/1089/1089 104/1090/1090
f 148/1083/1083 104/1090/1090 106/1082/1082
f 106/1082/1082 104/1090/1090 76/1091/1091
f 106/1082/1082 76/1091/1091 78/1081/1081
f 78/1081/1081 76/1091/1091 48/1092/1092
f 78/1081/1081 48/1092/1092 50/1080/1080
f 50/1080/1080 48/1092/1092 26/1093/1093
f 50/1080/1080 26/1093/1093 28/1079/1079
f 28/1079/1079 26/1093/1093 9/1094/1094
f 28/1079/1079 9/1094/1094 11/1078/1078
f 11/1078/1078 9/1094/1094 1/1095/1095
f 11/1078/1078 1/1095/1095 3/1077/1077
f 3/1077/1077 1/1095/1095 2/1096/1096
f 3/1077/1077 2/1096/1096 4/1076/1076
f 4/1076/1076 2/1096/1096 10/1097/1097
f 4/1076/1076 10/1097/1097 12/1075/1075
f 12/1075/1075 10/1097/1097 27/1098/1098
f 12/1075/1075 27/1098/1098 29/1074/1074
f 29/1074/1074 27/1098/1098 49/1099/1099
f 29/1074/1074 49/1099/1099 51/1073/1073
f 51/1073/1073 49/1099/1099 77/1100/1100
f 51/1073/1073 77/1100/1100 79/1072/1072
f 79/1072/1072 77/1100/1100 105/1101/1101
f 79/1072/1072 105/1101/1101 107/1071/1071
f 107/1071/1071 105/1101/1101 147/1102/1102
f 107/1071/1071 147/1102/1102 149/1070/1070
f 149/1070/1070 147/1102/1102 230/1103/1103
f 149/1070/1070 230/1103/1103 232/1069/1069
f 232/1069/1069 230/1103/1103 309/1104/1104
f 232/1069/1069 309/1104/1104 311/1068/1068
f 311/1068/1068 309/1104/1104 376/1067/1067
f 376/1067/1067 309/1104/1104 374/1124/1124
f 376/1125/1125 374/1105/1105 452/1066/1066
f 452/1066/1066 374/1105/1105 450/1106/1106
f 452/1066/1066 450/1106/1106 529/1107/1107
f 373/1086/1086 451/1049/1049 449/1123/1123
f 449/1123/1123 451/1049/1049 530/1050/1050
f 449/1123/1123 530/1050/1050 528/1122/1122
f 528/1122/1122 530/1050/1050 613/1051/1051
f 528/1122/1122 613/1051/1051 611/1121/1121
f 614/1064/1064 531/1065/1065 612/1108/1108
f 612/1108/1108 531/1065/1065 529/1107/1107
f 529/1107/1107 531/1065/1065 452/1066/1066
# 811 vertices
# 1125 texture params
# 1125 normals
# 1618 facets

# 1 groups
