# WaveFront *.obj file (generated by Autodesk ATF)

mtllib 棗.mtl

g ソリッド1

v -31.500001 3.000000 0.000000
v -31.500001 49.946985 0.000000
v -31.500001 50.946984 0.000000
v -31.500001 71.999998 0.000000
v -31.366026 50.446982 0.000000
v -31.271639 1.851950 0.000000
v -31.271639 73.148050 0.000000
v -31.270330 3.000000 -3.796905
v -31.270330 3.000000 3.796905
v -31.270330 49.946985 -3.796905
v -31.270330 49.946985 3.796905
v -31.270330 50.946984 -3.796905
v -31.270330 50.946984 3.796905
v -31.270330 71.999998 -3.796905
v -31.270330 71.999998 3.796905
v -31.137333 50.446982 -3.780757
v -31.137333 50.446982 3.780757
v -31.043632 1.851950 -3.769380
v -31.043632 1.851950 3.769380
v -31.043632 73.148050 -3.769380
v -31.043632 73.148050 3.769380
v -30.999999 50.080957 0.000000
v -30.773976 50.080957 -3.736637
v -30.773976 50.080957 3.736637
v -30.621321 0.878680 0.000000
v -30.621321 74.121323 0.000000
v -30.584667 3.000000 -7.538443
v -30.584667 3.000000 7.538443
v -30.584667 49.946985 -7.538443
v -30.584667 49.946985 7.538443
v -30.584667 50.946984 -7.538443
v -30.584667 50.946984 7.538443
v -30.584667 71.999998 -7.538443
v -30.584667 71.999998 7.538443
v -30.485535 49.946985 0.939249
v -30.454586 50.446982 -7.506381
v -30.454586 50.446982 7.506381
v -30.398057 0.878680 -3.690992
v -30.398057 0.878680 3.690992
v -30.398057 74.121323 -3.690992
v -30.398057 74.121323 3.690992
v -30.369892 49.946985 -2.814185
v -30.362942 1.851950 -7.483793
v -30.362942 1.851950 7.483793
v -30.362942 73.148050 -7.483793
v -30.362942 73.148050 7.483793
v -30.139046 49.946985 4.678445
v -30.099196 50.080957 -7.418786
v -30.099196 50.080957 7.418786
v -29.793873 49.946985 -6.524959
v -29.731522 0.878680 -7.328162
v -29.731522 0.878680 7.328162
v -29.731522 74.121323 -7.328162
v -29.731522 74.121323 7.328162
v -29.648051 0.228361 0.000000
v -29.648051 74.771638 0.000000
v -29.453011 3.000000 -11.170053
v -29.453011 3.000000 11.170053
v -29.453011 49.946985 -11.170053
v -29.453011 49.946985 11.170053
v -29.453011 50.946984 -11.170053
v -29.453011 50.946984 11.170053
v -29.453011 71.999998 -11.170053
v -29.453011 71.999998 11.170053
v -29.431882 0.228361 -3.573678
v -29.431882 0.228361 3.573678
v -29.431882 74.771638 -3.573678
v -29.431882 74.771638 3.573678
v -29.335682 49.946985 8.346721
v -29.327743 50.446982 -11.122546
v -29.327743 50.446982 11.122546
v -29.239490 1.851950 -11.089076
v -29.239490 1.851950 11.089076
v -29.239490 73.148050 -11.089076
v -29.239490 73.148050 11.089076
v -28.985503 50.080957 -10.992751
v -28.985503 50.080957 10.992751
v -28.786533 0.228361 -7.095243
v -28.786533 0.228361 7.095243
v -28.786533 74.771638 -7.095243
v -28.786533 74.771638 7.095243
v -28.766210 49.946985 -10.136821
v -28.631432 0.878680 -10.858470
v -28.631432 0.878680 10.858470
v -28.631432 74.121323 -10.858470
v -28.631432 74.121323 10.858470
v -28.443761 0.000000 -1.789530
v -28.443761 0.000000 1.789530
v -28.443761 75.000000 -1.789530
v -28.443761 75.000000 1.789530
v -28.087618 49.946985 11.888469
v -27.995186 0.000000 -5.340368
v -27.995186 0.000000 5.340368
v -27.995186 75.000000 -5.340368
v -27.995186 75.000000 5.340368
v -27.891865 3.000000 -14.638780
v -27.891865 3.000000 14.638780
v -27.891865 49.946985 -14.638780
v -27.891865 49.946985 14.638780
v -27.891865 50.946984 -14.638780
v -27.891865 50.946984 14.638780
v -27.891865 71.999998 -14.638780
v -27.891865 71.999998 14.638780
v -27.773237 50.446982 -14.576519
v -27.773237 50.446982 14.576519
v -27.721407 0.228361 -10.513344
v -27.721407 0.228361 10.513344
v -27.721407 74.771638 -10.513344
v -27.721407 74.771638 10.513344
v -27.689662 1.851950 -14.532655
v -27.689662 1.851950 14.532655
v -27.689662 73.148050 -14.532655
v -27.689662 73.148050 14.532655
v -27.449136 50.080957 -14.406419
v -27.449136 50.080957 14.406419
v -27.302480 49.946985 -13.595020
v -27.113833 0.878680 -14.230437
v -27.113833 0.878680 14.230437
v -27.113833 74.121323 -14.230437
v -27.113833 74.121323 14.230437
v -27.105110 0.000000 -8.806984
v -27.105110 0.000000 8.806984
v -27.105110 75.000000 -8.806984
v -27.105110 75.000000 8.806984
v -26.413774 49.946985 15.250000
v -26.252046 0.228361 -13.778136
v -26.252046 0.228361 13.778136
v -26.252046 74.771638 -13.778136
v -26.252046 74.771638 13.778136
v -25.923991 3.000000 -17.894039
v -25.923991 3.000000 17.894039
v -25.923991 49.946985 -17.894039
v -25.923991 49.946985 17.894039
v -25.923991 50.946984 -17.894039
v -25.923991 50.946984 17.894039
v -25.923991 71.999998 -17.894039
v -25.923991 71.999998 17.894039
v -25.813732 50.446982 -17.817934
v -25.813732 50.446982 17.817934
v -25.787570 0.000000 -12.134709
v -25.787570 0.000000 12.134709
v -25.787570 75.000000 -12.134709
v -25.787570 75.000000 12.134709
v -25.736053 1.851950 -17.764316
v -25.736053 1.851950 17.764316
v -25.736053 73.148050 -17.764316
v -25.736053 73.148050 17.764316
v -25.512500 50.080957 -17.610008
v -25.512500 50.080957 17.610008
v -25.424874 49.946985 -16.847131
v -25.200853 0.878680 -17.394893
v -25.200853 0.878680 17.394893
v -25.200853 74.121323 -17.394893
v -25.200853 74.121323 17.394893
v -24.399867 0.228361 -16.842012
v -24.399867 0.228361 16.842012
v -24.399867 74.771638 -16.842012
v -24.399867 74.771638 16.842012
v -24.339526 49.946985 18.380356
v -24.063346 0.000000 -15.271064
v -24.063346 0.000000 15.271064
v -24.063346 75.000000 -15.271064
v -24.063346 75.000000 15.271064
v -23.578088 3.000000 -20.888364
v -23.578088 3.000000 20.888364
v -23.578088 49.946985 -20.888364
v -23.578088 49.946985 20.888364
v -23.578088 50.946984 -20.888364
v -23.578088 50.946984 20.888364
v -23.578088 71.999998 -20.888364
v -23.578088 71.999998 20.888364
v -23.477807 50.446982 -20.799522
v -23.477807 50.446982 20.799522
v -23.407156 1.851950 -20.736933
v -23.407156 1.851950 20.736933
v -23.407156 73.148050 -20.736933
v -23.407156 73.148050 20.736933
v -23.203833 50.080957 -20.556803
v -23.203833 50.080957 20.556803
v -23.161850 49.946985 -19.843858
v -22.920387 0.878680 -20.305691
v -22.920387 0.878680 20.305691
v -22.920387 74.121323 -20.305691
v -22.920387 74.121323 20.305691
v -22.191885 0.228361 -19.660294
v -22.191885 0.228361 19.660294
v -22.191885 74.771638 -19.660294
v -22.191885 74.771638 19.660294
v -21.959627 0.000000 -18.166584
v -21.959627 0.000000 18.166584
v -21.959627 75.000000 -18.166584
v -21.959627 75.000000 18.166584
v -21.896315 49.946985 21.232085
v -20.888364 3.000000 -23.578088
v -20.888364 3.000000 23.578088
v -20.888364 49.946985 -23.578088
v -20.888364 49.946985 23.578088
v -20.888364 50.946984 -23.578088
v -20.888364 50.946984 23.578088
v -20.888364 71.999998 -23.578088
v -20.888364 71.999998 23.578088
v -20.799522 50.446982 -23.477807
v -20.799522 50.446982 23.477807
v -20.736933 1.851950 -23.407156
v -20.736933 1.851950 23.407156
v -20.736933 73.148050 -23.407156
v -20.736933 73.148050 23.407156
v -20.556803 50.080957 -23.203833
v -20.556803 50.080957 23.203833
v -20.547717 49.946985 -22.539773
v -20.305691 0.878680 -22.920387
v -20.305691 0.878680 22.920387
v -20.305691 74.121323 -22.920387
v -20.305691 74.121323 22.920387
v -19.660294 0.228361 -22.191885
v -19.660294 0.228361 22.191885
v -19.660294 74.771638 -22.191885
v -19.660294 74.771638 22.191885
v -19.509592 0.000000 -20.775607
v -19.509592 0.000000 20.775607
v -19.509592 75.000000 -20.775607
v -19.509592 75.000000 20.775607
v -19.121176 49.946985 23.761957
v -17.894039 3.000000 -25.923991
v -17.894039 3.000000 25.923991
v -17.894039 49.946985 -25.923991
v -17.894039 49.946985 25.923991
v -17.894039 50.946984 -25.923991
v -17.894039 50.946984 25.923991
v -17.894039 71.999998 -25.923991
v -17.894039 71.999998 25.923991
v -17.817934 50.446982 -25.813732
v -17.817934 50.446982 25.813732
v -17.764316 1.851950 -25.736053
v -17.764316 1.851950 25.736053
v -17.764316 73.148050 -25.736053
v -17.764316 73.148050 25.736053
v -17.622101 49.946985 -24.894006
v -17.610008 50.080957 -25.512500
v -17.610008 50.080957 25.512500
v -17.394893 0.878680 -25.200853
v -17.394893 0.878680 25.200853
v -17.394893 74.121323 -25.200853
v -17.394893 74.121323 25.200853
v -16.842012 0.228361 -24.399867
v -16.842012 0.228361 24.399867
v -16.842012 74.771638 -24.399867
v -16.842012 74.771638 24.399867
v -16.751879 0.000000 -23.056984
v -16.751879 0.000000 23.056984
v -16.751879 75.000000 -23.056984
v -16.751879 75.000000 23.056984
v -16.056181 49.946985 25.931623
v -14.638780 3.000000 -27.891865
v -14.638780 3.000000 27.891865
v -14.638780 49.946985 -27.891865
v -14.638780 49.946985 27.891865
v -14.638780 50.946984 -27.891865
v -14.638780 50.946984 27.891865
v -14.638780 71.999998 -27.891865
v -14.638780 71.999998 27.891865
v -14.576519 50.446982 -27.773237
v -14.576519 50.446982 27.773237
v -14.532655 1.851950 -27.689662
v -14.532655 1.851950 27.689662
v -14.532655 73.148050 -27.689662
v -14.532655 73.148050 27.689662
v -14.429353 49.946985 -26.870873
v -14.406419 50.080957 -27.449136
v -14.406419 50.080957 27.449136
v -14.230437 0.878680 -27.113833
v -14.230437 0.878680 27.113833
v -14.230437 74.121323 -27.113833
v -14.230437 74.121323 27.113833
v -13.778136 0.228361 -26.252046
v -13.778136 0.228361 26.252046
v -13.778136 74.771638 -26.252046
v -13.778136 74.771638 26.252046
v -13.729980 0.000000 -24.974740
v -13.729980 0.000000 24.974740
v -13.729980 75.000000 -24.974740
v -13.729980 75.000000 24.974740
v -12.747791 49.946985 27.708192
v -11.170053 3.000000 -29.453011
v -11.170053 3.000000 29.453011
v -11.170053 49.946985 -29.453011
v -11.170053 49.946985 29.453011
v -11.170053 50.946984 -29.453011
v -11.170053 50.946984 29.453011
v -11.170053 71.999998 -29.453011
v -11.170053 71.999998 29.453011
v -11.122546 50.446982 -29.327743
v -11.122546 50.446982 29.327743
v -11.089076 1.851950 -29.239490
v -11.089076 1.851950 29.239490
v -11.089076 73.148050 -29.239490
v -11.089076 73.148050 29.239490
v -11.017871 49.946985 -28.440404
v -10.992751 50.080957 -28.985503
v -10.992751 50.080957 28.985503
v -10.858470 0.878680 -28.631432
v -10.858470 0.878680 28.631432
v -10.858470 74.121323 -28.631432
v -10.858470 74.121323 28.631432
v -10.513344 0.228361 -27.721407
v -10.513344 0.228361 27.721407
v -10.513344 74.771638 -27.721407
v -10.513344 74.771638 27.721407
v -10.491550 0.000000 -26.498630
v -10.491550 0.000000 26.498630
v -10.491550 75.000000 -26.498630
v -10.491550 75.000000 26.498630
v -9.246157 49.946985 29.064732
v -7.538443 3.000000 -30.584667
v -7.538443 3.000000 30.584667
v -7.538443 49.946985 -30.584667
v -7.538443 49.946985 30.584667
v -7.538443 50.946984 -30.584667
v -7.538443 50.946984 30.584667
v -7.538443 71.999998 -30.584667
v -7.538443 71.999998 30.584667
v -7.506381 50.446982 -30.454586
v -7.506381 50.446982 30.454586
v -7.483793 1.851950 -30.362942
v -7.483793 1.851950 30.362942
v -7.483793 73.148050 -30.362942
v -7.483793 73.148050 30.362942
v -7.439368 49.946985 -29.578807
v -7.418786 50.080957 -30.099196
v -7.418786 50.080957 30.099196
v -7.328162 0.878680 -29.731522
v -7.328162 0.878680 29.731522
v -7.328162 74.121323 -29.731522
v -7.328162 74.121323 29.731522
v -7.095243 0.228361 -28.786533
v -7.095243 0.228361 28.786533
v -7.095243 74.771638 -28.786533
v -7.095243 74.771638 28.786533
v -7.087662 0.000000 -27.604620
v -7.087662 0.000000 27.604620
v -7.087662 75.000000 -27.604620
v -7.087662 75.000000 27.604620
v -5.604360 49.946985 29.980679
v -3.796905 3.000000 -31.270330
v -3.796905 3.000000 31.270330
v -3.796905 49.946985 -31.270330
v -3.796905 49.946985 31.270330
v -3.796905 50.946984 -31.270330
v -3.796905 50.946984 31.270330
v -3.796905 71.999998 -31.270330
v -3.796905 71.999998 31.270330
v -3.780757 50.446982 -31.137333
v -3.780757 50.446982 31.137333
v -3.769380 1.851950 -31.043632
v -3.769380 1.851950 31.043632
v -3.769380 73.148050 -31.043632
v -3.769380 73.148050 31.043632
v -3.748093 49.946985 -30.268826
v -3.736637 50.080957 -30.773976
v -3.736637 50.080957 30.773976
v -3.690992 0.878680 -30.398057
v -3.690992 0.878680 30.398057
v -3.690992 74.121323 -30.398057
v -3.690992 74.121323 30.398057
v -3.573678 0.228361 -29.431882
v -3.573678 0.228361 29.431882
v -3.573678 74.771638 -29.431882
v -3.573678 74.771638 29.431882
v -3.571997 0.000000 -28.275268
v -3.571997 0.000000 28.275268
v -3.571997 75.000000 -28.275268
v -3.571997 75.000000 28.275268
v -1.877608 49.946985 30.442152
v 0.000000 0.000000 -28.499999
v 0.000000 0.000000 28.499999
v 0.000000 0.228361 -29.648051
v 0.000000 0.228361 29.648051
v 0.000000 0.878680 -30.621321
v 0.000000 0.878680 30.621321
v 0.000000 1.851950 -31.271639
v 0.000000 1.851950 31.271639
v 0.000000 3.000000 -31.500001
v 0.000000 3.000000 31.500001
v 0.000000 49.946985 -31.500001
v 0.000000 49.946985 -30.500000
v 0.000000 49.946985 31.500001
v 0.000000 50.080957 -30.999999
v 0.000000 50.080957 30.999999
v 0.000000 50.446982 -31.366026
v 0.000000 50.446982 31.366026
v 0.000000 50.946984 -31.500001
v 0.000000 50.946984 31.500001
v 0.000000 71.999998 -31.500001
v 0.000000 71.999998 31.500001
v 0.000000 73.148050 -31.271639
v 0.000000 73.148050 31.271639
v 0.000000 74.121323 -30.621321
v 0.000000 74.121323 30.621321
v 0.000000 74.771638 -29.648051
v 0.000000 74.771638 29.648051
v 0.000000 75.000000 -28.499999
v 0.000000 75.000000 28.499999
v 1.877608 49.946985 30.442152
v 3.571997 0.000000 -28.275268
v 3.571997 0.000000 28.275268
v 3.571997 75.000000 -28.275268
v 3.571997 75.000000 28.275268
v 3.573678 0.228361 -29.431882
v 3.573678 0.228361 29.431882
v 3.573678 74.771638 -29.431882
v 3.573678 74.771638 29.431882
v 3.690992 0.878680 -30.398057
v 3.690992 0.878680 30.398057
v 3.690992 74.121323 -30.398057
v 3.690992 74.121323 30.398057
v 3.736637 50.080957 -30.773976
v 3.736637 50.080957 30.773976
v 3.748093 49.946985 -30.268826
v 3.769380 1.851950 -31.043632
v 3.769380 1.851950 31.043632
v 3.769380 73.148050 -31.043632
v 3.769380 73.148050 31.043632
v 3.780757 50.446982 -31.137333
v 3.780757 50.446982 31.137333
v 3.796905 3.000000 -31.270330
v 3.796905 3.000000 31.270330
v 3.796905 49.946985 -31.270330
v 3.796905 49.946985 31.270330
v 3.796905 50.946984 -31.270330
v 3.796905 50.946984 31.270330
v 3.796905 71.999998 -31.270330
v 3.796905 71.999998 31.270330
v 5.604360 49.946985 29.980679
v 7.087662 0.000000 -27.604620
v 7.087662 0.000000 27.604620
v 7.087662 75.000000 -27.604620
v 7.087662 75.000000 27.604620
v 7.095243 0.228361 -28.786533
v 7.095243 0.228361 28.786533
v 7.095243 74.771638 -28.786533
v 7.095243 74.771638 28.786533
v 7.328162 0.878680 -29.731522
v 7.328162 0.878680 29.731522
v 7.328162 74.121323 -29.731522
v 7.328162 74.121323 29.731522
v 7.418786 50.080957 -30.099196
v 7.418786 50.080957 30.099196
v 7.439368 49.946985 -29.578807
v 7.483793 1.851950 -30.362942
v 7.483793 1.851950 30.362942
v 7.483793 73.148050 -30.362942
v 7.483793 73.148050 30.362942
v 7.506381 50.446982 -30.454586
v 7.506381 50.446982 30.454586
v 7.538443 3.000000 -30.584667
v 7.538443 3.000000 30.584667
v 7.538443 49.946985 -30.584667
v 7.538443 49.946985 30.584667
v 7.538443 50.946984 -30.584667
v 7.538443 50.946984 30.584667
v 7.538443 71.999998 -30.584667
v 7.538443 71.999998 30.584667
v 9.246157 49.946985 29.064732
v 10.491550 0.000000 -26.498630
v 10.491550 0.000000 26.498630
v 10.491550 75.000000 -26.498630
v 10.491550 75.000000 26.498630
v 10.513344 0.228361 -27.721407
v 10.513344 0.228361 27.721407
v 10.513344 74.771638 -27.721407
v 10.513344 74.771638 27.721407
v 10.858470 0.878680 -28.631432
v 10.858470 0.878680 28.631432
v 10.858470 74.121323 -28.631432
v 10.858470 74.121323 28.631432
v 10.992751 50.080957 -28.985503
v 10.992751 50.080957 28.985503
v 11.017871 49.946985 -28.440404
v 11.089076 1.851950 -29.239490
v 11.089076 1.851950 29.239490
v 11.089076 73.148050 -29.239490
v 11.089076 73.148050 29.239490
v 11.122546 50.446982 -29.327743
v 11.122546 50.446982 29.327743
v 11.170053 3.000000 -29.453011
v 11.170053 3.000000 29.453011
v 11.170053 49.946985 -29.453011
v 11.170053 49.946985 29.453011
v 11.170053 50.946984 -29.453011
v 11.170053 50.946984 29.453011
v 11.170053 71.999998 -29.453011
v 11.170053 71.999998 29.453011
v 12.747791 49.946985 27.708192
v 13.729980 0.000000 -24.974740
v 13.729980 0.000000 24.974740
v 13.729980 75.000000 -24.974740
v 13.729980 75.000000 24.974740
v 13.778136 0.228361 -26.252046
v 13.778136 0.228361 26.252046
v 13.778136 74.771638 -26.252046
v 13.778136 74.771638 26.252046
v 14.230437 0.878680 -27.113833
v 14.230437 0.878680 27.113833
v 14.230437 74.121323 -27.113833
v 14.230437 74.121323 27.113833
v 14.406419 50.080957 -27.449136
v 14.406419 50.080957 27.449136
v 14.429353 49.946985 -26.870873
v 14.532655 1.851950 -27.689662
v 14.532655 1.851950 27.689662
v 14.532655 73.148050 -27.689662
v 14.532655 73.148050 27.689662
v 14.576519 50.446982 -27.773237
v 14.576519 50.446982 27.773237
v 14.638780 3.000000 -27.891865
v 14.638780 3.000000 27.891865
v 14.638780 49.946985 -27.891865
v 14.638780 49.946985 27.891865
v 14.638780 50.946984 -27.891865
v 14.638780 50.946984 27.891865
v 14.638780 71.999998 -27.891865
v 14.638780 71.999998 27.891865
v 16.056181 49.946985 25.931623
v 16.751879 0.000000 -23.056984
v 16.751879 0.000000 23.056984
v 16.751879 75.000000 -23.056984
v 16.751879 75.000000 23.056984
v 16.842012 0.228361 -24.399867
v 16.842012 0.228361 24.399867
v 16.842012 74.771638 -24.399867
v 16.842012 74.771638 24.399867
v 17.394893 0.878680 -25.200853
v 17.394893 0.878680 25.200853
v 17.394893 74.121323 -25.200853
v 17.394893 74.121323 25.200853
v 17.610008 50.080957 -25.512500
v 17.610008 50.080957 25.512500
v 17.622101 49.946985 -24.894006
v 17.764316 1.851950 -25.736053
v 17.764316 1.851950 25.736053
v 17.764316 73.148050 -25.736053
v 17.764316 73.148050 25.736053
v 17.817934 50.446982 -25.813732
v 17.817934 50.446982 25.813732
v 17.894039 3.000000 -25.923991
v 17.894039 3.000000 25.923991
v 17.894039 49.946985 -25.923991
v 17.894039 49.946985 25.923991
v 17.894039 50.946984 -25.923991
v 17.894039 50.946984 25.923991
v 17.894039 71.999998 -25.923991
v 17.894039 71.999998 25.923991
v 19.121176 49.946985 23.761957
v 19.509592 0.000000 -20.775607
v 19.509592 0.000000 20.775607
v 19.509592 75.000000 -20.775607
v 19.509592 75.000000 20.775607
v 19.660294 0.228361 -22.191885
v 19.660294 0.228361 22.191885
v 19.660294 74.771638 -22.191885
v 19.660294 74.771638 22.191885
v 20.305691 0.878680 -22.920387
v 20.305691 0.878680 22.920387
v 20.305691 74.121323 -22.920387
v 20.305691 74.121323 22.920387
v 20.547717 49.946985 -22.539773
v 20.556803 50.080957 -23.203833
v 20.556803 50.080957 23.203833
v 20.736933 1.851950 -23.407156
v 20.736933 1.851950 23.407156
v 20.736933 73.148050 -23.407156
v 20.736933 73.148050 23.407156
v 20.799522 50.446982 -23.477807
v 20.799522 50.446982 23.477807
v 20.888364 3.000000 -23.578088
v 20.888364 3.000000 23.578088
v 20.888364 49.946985 -23.578088
v 20.888364 49.946985 23.578088
v 20.888364 50.946984 -23.578088
v 20.888364 50.946984 23.578088
v 20.888364 71.999998 -23.578088
v 20.888364 71.999998 23.578088
v 21.896315 49.946985 21.232085
v 21.959627 0.000000 -18.166584
v 21.959627 0.000000 18.166584
v 21.959627 75.000000 -18.166584
v 21.959627 75.000000 18.166584
v 22.191885 0.228361 -19.660294
v 22.191885 0.228361 19.660294
v 22.191885 74.771638 -19.660294
v 22.191885 74.771638 19.660294
v 22.920387 0.878680 -20.305691
v 22.920387 0.878680 20.305691
v 22.920387 74.121323 -20.305691
v 22.920387 74.121323 20.305691
v 23.161850 49.946985 -19.843858
v 23.203833 50.080957 -20.556803
v 23.203833 50.080957 20.556803
v 23.407156 1.851950 -20.736933
v 23.407156 1.851950 20.736933
v 23.407156 73.148050 -20.736933
v 23.407156 73.148050 20.736933
v 23.477807 50.446982 -20.799522
v 23.477807 50.446982 20.799522
v 23.578088 3.000000 -20.888364
v 23.578088 3.000000 20.888364
v 23.578088 49.946985 -20.888364
v 23.578088 49.946985 20.888364
v 23.578088 50.946984 -20.888364
v 23.578088 50.946984 20.888364
v 23.578088 71.999998 -20.888364
v 23.578088 71.999998 20.888364
v 24.063346 0.000000 -15.271064
v 24.063346 0.000000 15.271064
v 24.063346 75.000000 -15.271064
v 24.063346 75.000000 15.271064
v 24.339526 49.946985 18.380356
v 24.399867 0.228361 -16.842012
v 24.399867 0.228361 16.842012
v 24.399867 74.771638 -16.842012
v 24.399867 74.771638 16.842012
v 25.200853 0.878680 -17.394893
v 25.200853 0.878680 17.394893
v 25.200853 74.121323 -17.394893
v 25.200853 74.121323 17.394893
v 25.424874 49.946985 -16.847131
v 25.512500 50.080957 -17.610008
v 25.512500 50.080957 17.610008
v 25.736053 1.851950 -17.764316
v 25.736053 1.851950 17.764316
v 25.736053 73.148050 -17.764316
v 25.736053 73.148050 17.764316
v 25.787570 0.000000 -12.134709
v 25.787570 0.000000 12.134709
v 25.787570 75.000000 -12.134709
v 25.787570 75.000000 12.134709
v 25.813732 50.446982 -17.817934
v 25.813732 50.446982 17.817934
v 25.923991 3.000000 -17.894039
v 25.923991 3.000000 17.894039
v 25.923991 49.946985 -17.894039
v 25.923991 49.946985 17.894039
v 25.923991 50.946984 -17.894039
v 25.923991 50.946984 17.894039
v 25.923991 71.999998 -17.894039
v 25.923991 71.999998 17.894039
v 26.252046 0.228361 -13.778136
v 26.252046 0.228361 13.778136
v 26.252046 74.771638 -13.778136
v 26.252046 74.771638 13.778136
v 26.413774 49.946985 15.250000
v 27.105110 0.000000 -8.806984
v 27.105110 0.000000 8.806984
v 27.105110 75.000000 -8.806984
v 27.105110 75.000000 8.806984
v 27.113833 0.878680 -14.230437
v 27.113833 0.878680 14.230437
v 27.113833 74.121323 -14.230437
v 27.113833 74.121323 14.230437
v 27.302480 49.946985 -13.595020
v 27.449136 50.080957 -14.406419
v 27.449136 50.080957 14.406419
v 27.689662 1.851950 -14.532655
v 27.689662 1.851950 14.532655
v 27.689662 73.148050 -14.532655
v 27.689662 73.148050 14.532655
v 27.721407 0.228361 -10.513344
v 27.721407 0.228361 10.513344
v 27.721407 74.771638 -10.513344
v 27.721407 74.771638 10.513344
v 27.773237 50.446982 -14.576519
v 27.773237 50.446982 14.576519
v 27.891865 3.000000 -14.638780
v 27.891865 3.000000 14.638780
v 27.891865 49.946985 -14.638780
v 27.891865 49.946985 14.638780
v 27.891865 50.946984 -14.638780
v 27.891865 50.946984 14.638780
v 27.891865 71.999998 -14.638780
v 27.891865 71.999998 14.638780
v 27.995186 0.000000 -5.340368
v 27.995186 0.000000 5.340368
v 27.995186 75.000000 -5.340368
v 27.995186 75.000000 5.340368
v 28.087618 49.946985 11.888469
v 28.443761 0.000000 -1.789530
v 28.443761 0.000000 1.789530
v 28.443761 75.000000 -1.789530
v 28.443761 75.000000 1.789530
v 28.631432 0.878680 -10.858470
v 28.631432 0.878680 10.858470
v 28.631432 74.121323 -10.858470
v 28.631432 74.121323 10.858470
v 28.766210 49.946985 -10.136821
v 28.786533 0.228361 -7.095243
v 28.786533 0.228361 7.095243
v 28.786533 74.771638 -7.095243
v 28.786533 74.771638 7.095243
v 28.985503 50.080957 -10.992751
v 28.985503 50.080957 10.992751
v 29.239490 1.851950 -11.089076
v 29.239490 1.851950 11.089076
v 29.239490 73.148050 -11.089076
v 29.239490 73.148050 11.089076
v 29.327743 50.446982 -11.122546
v 29.327743 50.446982 11.122546
v 29.335682 49.946985 8.346721
v 29.431882 0.228361 -3.573678
v 29.431882 0.228361 3.573678
v 29.431882 74.771638 -3.573678
v 29.431882 74.771638 3.573678
v 29.453011 3.000000 -11.170053
v 29.453011 3.000000 11.170053
v 29.453011 49.946985 -11.170053
v 29.453011 49.946985 11.170053
v 29.453011 50.946984 -11.170053
v 29.453011 50.946984 11.170053
v 29.453011 71.999998 -11.170053
v 29.453011 71.999998 11.170053
v 29.648051 0.228361 0.000000
v 29.648051 74.771638 0.000000
v 29.731522 0.878680 -7.328162
v 29.731522 0.878680 7.328162
v 29.731522 74.121323 -7.328162
v 29.731522 74.121323 7.328162
v 29.793873 49.946985 -6.524959
v 30.099196 50.080957 -7.418786
v 30.099196 50.080957 7.418786
v 30.139046 49.946985 4.678445
v 30.362942 1.851950 -7.483793
v 30.362942 1.851950 7.483793
v 30.362942 73.148050 -7.483793
v 30.362942 73.148050 7.483793
v 30.369892 49.946985 -2.814185
v 30.398057 0.878680 -3.690992
v 30.398057 0.878680 3.690992
v 30.398057 74.121323 -3.690992
v 30.398057 74.121323 3.690992
v 30.454586 50.446982 -7.506381
v 30.454586 50.446982 7.506381
v 30.485535 49.946985 0.939249
v 30.584667 3.000000 -7.538443
v 30.584667 3.000000 7.538443
v 30.584667 49.946985 -7.538443
v 30.584667 49.946985 7.538443
v 30.584667 50.946984 -7.538443
v 30.584667 50.946984 7.538443
v 30.584667 71.999998 -7.538443
v 30.584667 71.999998 7.538443
v 30.621321 0.878680 0.000000
v 30.621321 74.121323 0.000000
v 30.773976 50.080957 -3.736637
v 30.773976 50.080957 3.736637
v 30.999999 50.080957 0.000000
v 31.043632 1.851950 -3.769380
v 31.043632 1.851950 3.769380
v 31.043632 73.148050 -3.769380
v 31.043632 73.148050 3.769380
v 31.137333 50.446982 -3.780757
v 31.137333 50.446982 3.780757
v 31.270330 3.000000 -3.796905
v 31.270330 3.000000 3.796905
v 31.270330 49.946985 -3.796905
v 31.270330 49.946985 3.796905
v 31.270330 50.946984 -3.796905
v 31.270330 50.946984 3.796905
v 31.270330 71.999998 -3.796905
v 31.270330 71.999998 3.796905
v 31.271639 1.851950 0.000000
v 31.271639 73.148050 0.000000
v 31.366026 50.446982 0.000000
v 31.500001 3.000000 0.000000
v 31.500001 49.946985 0.000000
v 31.500001 50.946984 0.000000
v 31.500001 71.999998 0.000000
vt -0.471239 9.619972 0.000000
vt -0.471239 9.235173 0.000000
vt -0.471239 8.850374 0.000000
vt -0.471239 8.465575 0.000000
vt -0.471239 8.080776 0.000000
vt -0.471239 7.695978 0.000000
vt -0.471239 7.311179 0.000000
vt -0.471239 6.926380 0.000000
vt -0.471239 6.541581 0.000000
vt -0.471239 6.156782 0.000000
vt -0.471239 5.771983 0.000000
vt -0.471239 5.387184 0.000000
vt -0.471239 5.002385 0.000000
vt -0.471239 4.617587 0.000000
vt -0.471239 4.232788 0.000000
vt -0.471239 3.847989 0.000000
vt -0.471239 3.463190 0.000000
vt -0.471239 3.078391 0.000000
vt -0.471239 2.693592 0.000000
vt -0.471239 2.308793 0.000000
vt -0.471239 1.923994 0.000000
vt -0.471239 1.539196 0.000000
vt -0.471239 1.154397 0.000000
vt -0.471239 0.769598 0.000000
vt -0.471239 0.384799 0.000000
vt -0.471239 0.000000 0.000000
vt -0.471239 -0.384799 0.000000
vt -0.471239 -0.769598 0.000000
vt -0.471239 -1.154397 0.000000
vt -0.471239 -1.539196 0.000000
vt -0.471239 -1.923994 0.000000
vt -0.471239 -2.308793 0.000000
vt -0.471239 -2.693592 0.000000
vt -0.471239 -3.078391 0.000000
vt -0.471239 -3.463190 0.000000
vt -0.471239 -3.847989 0.000000
vt -0.471239 -4.232788 0.000000
vt -0.471239 -4.617587 0.000000
vt -0.471239 -5.002385 0.000000
vt -0.471239 -5.387184 0.000000
vt -0.471239 -5.771983 0.000000
vt -0.471239 -6.156782 0.000000
vt -0.471239 -6.541581 0.000000
vt -0.471239 -6.926380 0.000000
vt -0.471239 -7.311179 0.000000
vt -0.471239 -7.695978 0.000000
vt -0.471239 -8.080776 0.000000
vt -0.471239 -8.465575 0.000000
vt -0.471239 -8.850374 0.000000
vt -0.471239 -9.235173 0.000000
vt -0.000000 -9.619972 0.000000
vt -0.000000 -9.249973 0.000000
vt -0.000000 -8.879974 0.000000
vt -0.000000 -8.509974 0.000000
vt -0.000000 -8.139976 0.000000
vt -0.000000 -7.769978 0.000000
vt -0.000000 -7.399978 0.000000
vt -0.000000 -7.029979 0.000000
vt -0.000000 -6.659980 0.000000
vt -0.000000 -6.289981 0.000000
vt -0.000000 -5.919982 0.000000
vt -0.000000 -5.549984 0.000000
vt -0.000000 -5.179985 0.000000
vt -0.000000 -4.809986 0.000000
vt -0.000000 -4.439987 0.000000
vt -0.000000 -4.069988 0.000000
vt -0.000000 -3.699989 0.000000
vt -0.000000 -3.329990 0.000000
vt -0.000000 -2.959991 0.000000
vt -0.000000 -2.589992 0.000000
vt -0.000000 -2.219994 0.000000
vt -0.000000 -1.849995 0.000000
vt -0.000000 -1.479996 0.000000
vt -0.000000 -1.109997 0.000000
vt -0.000000 -0.739998 0.000000
vt -0.000000 -0.369999 0.000000
vt -0.000000 0.000000 0.000000
vt -0.000000 0.369999 0.000000
vt -0.000000 0.739998 0.000000
vt -0.000000 1.109997 0.000000
vt -0.000000 1.479996 0.000000
vt -0.000000 1.849995 0.000000
vt -0.000000 2.219994 0.000000
vt -0.000000 2.589992 0.000000
vt -0.000000 2.959991 0.000000
vt -0.000000 3.329990 0.000000
vt -0.000000 3.699989 0.000000
vt -0.000000 4.069988 0.000000
vt -0.000000 4.439987 0.000000
vt -0.000000 4.809986 0.000000
vt -0.000000 5.179985 0.000000
vt -0.000000 5.549984 0.000000
vt -0.000000 5.919982 0.000000
vt -0.000000 6.289981 0.000000
vt -0.000000 6.659980 0.000000
vt -0.000000 7.029979 0.000000
vt -0.000000 7.399978 0.000000
vt -0.000000 7.769978 0.000000
vt -0.000000 8.139976 0.000000
vt -0.000000 8.509974 0.000000
vt -0.000000 8.879974 0.000000
vt -0.000000 9.249973 0.000000
vt -0.353429 -9.619972 0.000000
vt -0.235619 -9.619972 0.000000
vt -0.117810 -9.619972 0.000000
vt -0.353429 9.249973 0.000000
vt -0.235619 9.249973 0.000000
vt -0.117810 9.249973 0.000000
vt -0.353429 8.879974 0.000000
vt -0.235619 8.879974 0.000000
vt -0.117810 8.879974 0.000000
vt -0.353429 8.509974 0.000000
vt -0.235619 8.509974 0.000000
vt -0.117810 8.509974 0.000000
vt -0.353429 8.139976 0.000000
vt -0.235619 8.139976 0.000000
vt -0.117810 8.139976 0.000000
vt -0.353429 7.769978 0.000000
vt -0.235619 7.769978 0.000000
vt -0.117810 7.769978 0.000000
vt -0.353429 7.399978 0.000000
vt -0.235619 7.399978 0.000000
vt -0.117810 7.399978 0.000000
vt -0.353429 7.029979 0.000000
vt -0.235619 7.029979 0.000000
vt -0.117810 7.029979 0.000000
vt -0.353429 6.659980 0.000000
vt -0.235619 6.659980 0.000000
vt -0.117810 6.659980 0.000000
vt -0.353429 6.289981 0.000000
vt -0.235619 6.289981 0.000000
vt -0.117810 6.289981 0.000000
vt -0.353429 5.919982 0.000000
vt -0.235619 5.919982 0.000000
vt -0.117810 5.919982 0.000000
vt -0.353429 5.549984 0.000000
vt -0.235619 5.549984 0.000000
vt -0.117810 5.549984 0.000000
vt -0.353429 5.179985 0.000000
vt -0.235619 5.179985 0.000000
vt -0.117810 5.179985 0.000000
vt -0.353429 4.809986 0.000000
vt -0.235619 4.809986 0.000000
vt -0.117810 4.809986 0.000000
vt -0.353429 4.439987 0.000000
vt -0.235619 4.439987 0.000000
vt -0.117810 4.439987 0.000000
vt -0.353429 4.069988 0.000000
vt -0.235619 4.069988 0.000000
vt -0.117810 4.069988 0.000000
vt -0.353429 3.699989 0.000000
vt -0.235619 3.699989 0.000000
vt -0.117810 3.699989 0.000000
vt -0.353429 3.329990 0.000000
vt -0.235619 3.329990 0.000000
vt -0.117810 3.329990 0.000000
vt -0.353429 2.959991 0.000000
vt -0.235619 2.959991 0.000000
vt -0.117810 2.959991 0.000000
vt -0.353429 2.589992 0.000000
vt -0.235619 2.589992 0.000000
vt -0.117810 2.589992 0.000000
vt -0.353429 2.219994 0.000000
vt -0.235619 2.219994 0.000000
vt -0.117810 2.219994 0.000000
vt -0.353429 1.849995 0.000000
vt -0.235619 1.849995 0.000000
vt -0.117810 1.849995 0.000000
vt -0.353429 1.479996 0.000000
vt -0.235619 1.479996 0.000000
vt -0.117810 1.479996 0.000000
vt -0.353429 1.109997 0.000000
vt -0.235619 1.109997 0.000000
vt -0.117810 1.109997 0.000000
vt -0.353429 0.739998 0.000000
vt -0.235619 0.739998 0.000000
vt -0.117810 0.739998 0.000000
vt -0.353429 0.369999 0.000000
vt -0.235619 0.369999 0.000000
vt -0.117810 0.369999 0.000000
vt -0.353429 -0.369999 0.000000
vt -0.235619 -0.369999 0.000000
vt -0.117810 -0.369999 0.000000
vt -0.117810 0.000000 0.000000
vt -0.235619 0.000000 0.000000
vt -0.353429 0.000000 0.000000
vt -0.353429 -0.739998 0.000000
vt -0.235619 -0.739998 0.000000
vt -0.117810 -0.739998 0.000000
vt -0.353429 -1.109997 0.000000
vt -0.235619 -1.109997 0.000000
vt -0.117810 -1.109997 0.000000
vt -0.353429 -1.479996 0.000000
vt -0.235619 -1.479996 0.000000
vt -0.117810 -1.479996 0.000000
vt -0.353429 -1.849995 0.000000
vt -0.235619 -1.849995 0.000000
vt -0.117810 -1.849995 0.000000
vt -0.353429 -2.219994 0.000000
vt -0.235619 -2.219994 0.000000
vt -0.117810 -2.219994 0.000000
vt -0.353429 -2.589992 0.000000
vt -0.235619 -2.589992 0.000000
vt -0.117810 -2.589992 0.000000
vt -0.353429 -2.959991 0.000000
vt -0.235619 -2.959991 0.000000
vt -0.117810 -2.959991 0.000000
vt -0.353429 -3.329990 0.000000
vt -0.235619 -3.329990 0.000000
vt -0.117810 -3.329990 0.000000
vt -0.353429 -3.699989 0.000000
vt -0.235619 -3.699989 0.000000
vt -0.117810 -3.699989 0.000000
vt -0.353429 -4.069988 0.000000
vt -0.235619 -4.069988 0.000000
vt -0.117810 -4.069988 0.000000
vt -0.353429 -4.439987 0.000000
vt -0.235619 -4.439987 0.000000
vt -0.117810 -4.439987 0.000000
vt -0.353429 -4.809986 0.000000
vt -0.235619 -4.809986 0.000000
vt -0.117810 -4.809986 0.000000
vt -0.353429 -5.179985 0.000000
vt -0.235619 -5.179985 0.000000
vt -0.117810 -5.179985 0.000000
vt -0.353429 -5.549984 0.000000
vt -0.235619 -5.549984 0.000000
vt -0.117810 -5.549984 0.000000
vt -0.353429 -5.919982 0.000000
vt -0.235619 -5.919982 0.000000
vt -0.117810 -5.919982 0.000000
vt -0.353429 -6.289981 0.000000
vt -0.235619 -6.289981 0.000000
vt -0.117810 -6.289981 0.000000
vt -0.353429 -6.659980 0.000000
vt -0.235619 -6.659980 0.000000
vt -0.117810 -6.659980 0.000000
vt -0.353429 -7.029979 0.000000
vt -0.235619 -7.029979 0.000000
vt -0.117810 -7.029979 0.000000
vt -0.353429 -7.399978 0.000000
vt -0.235619 -7.399978 0.000000
vt -0.117810 -7.399978 0.000000
vt -0.353429 -7.769978 0.000000
vt -0.235619 -7.769978 0.000000
vt -0.117810 -7.769978 0.000000
vt -0.353429 -8.139976 0.000000
vt -0.235619 -8.139976 0.000000
vt -0.117810 -8.139976 0.000000
vt -0.353429 -8.509974 0.000000
vt -0.235619 -8.509974 0.000000
vt -0.117810 -8.509974 0.000000
vt -0.353429 -8.879974 0.000000
vt -0.235619 -8.879974 0.000000
vt -0.117810 -8.879974 0.000000
vt -0.353429 -9.249973 0.000000
vt -0.235619 -9.249973 0.000000
vt -0.117810 -9.249973 0.000000
vt -0.353429 9.619972 0.000000
vt -0.471239 -9.619972 0.000000
vt -0.471239 -9.619972 0.000000
vt -0.353429 9.619972 0.000000
vt -0.235619 9.619972 0.000000
vt -0.235619 -9.989971 0.000000
vt -0.117810 9.619972 0.000000
vt -0.117810 -9.989971 0.000000
vt -0.000000 -9.989971 0.000000
vt -2.850000 0.000000 0.000000
vt -2.827527 -0.357200 0.000000
vt -2.760462 -0.708766 0.000000
vt -2.649863 -1.049155 0.000000
vt -2.497474 -1.372998 0.000000
vt -2.305698 -1.675188 0.000000
vt -2.077561 -1.950959 0.000000
vt -1.816658 -2.195963 0.000000
vt -1.527106 -2.406335 0.000000
vt -1.213471 -2.578757 0.000000
vt -0.880698 -2.710511 0.000000
vt -0.534037 -2.799519 0.000000
vt -0.178953 -2.844376 0.000000
vt 0.178953 -2.844376 0.000000
vt 0.534037 -2.799519 0.000000
vt 0.880698 -2.710511 0.000000
vt 1.213471 -2.578757 0.000000
vt 1.527106 -2.406335 0.000000
vt 1.816658 -2.195963 0.000000
vt 2.077561 -1.950959 0.000000
vt 2.305698 -1.675188 0.000000
vt 2.497474 -1.372998 0.000000
vt 2.649863 -1.049155 0.000000
vt 2.760462 -0.708766 0.000000
vt 2.827527 -0.357200 0.000000
vt 2.850000 0.000000 0.000000
vt 2.827527 0.357200 0.000000
vt 2.760462 0.708766 0.000000
vt 2.649863 1.049155 0.000000
vt 2.497474 1.372998 0.000000
vt 2.305698 1.675188 0.000000
vt 2.077561 1.950959 0.000000
vt 1.816658 2.195963 0.000000
vt 1.527106 2.406335 0.000000
vt 1.213471 2.578757 0.000000
vt 0.880698 2.710511 0.000000
vt 0.534037 2.799519 0.000000
vt 0.178953 2.844376 0.000000
vt -0.178953 2.844376 0.000000
vt -0.534037 2.799519 0.000000
vt -0.880698 2.710511 0.000000
vt -1.213471 2.578757 0.000000
vt -1.527106 2.406335 0.000000
vt -1.816658 2.195963 0.000000
vt -2.077561 1.950959 0.000000
vt -2.305698 1.675188 0.000000
vt -2.497474 1.372998 0.000000
vt -2.649863 1.049155 0.000000
vt -2.760462 0.708766 0.000000
vt -2.827527 0.357200 0.000000
vt 0.000000 0.000000 0.000000
vt -0.022473 0.357200 0.000000
vt -0.089538 0.708766 0.000000
vt -0.200137 1.049155 0.000000
vt -0.352526 1.372998 0.000000
vt -0.544302 1.675188 0.000000
vt -0.772439 1.950959 0.000000
vt -1.033342 2.195963 0.000000
vt -1.322894 2.406335 0.000000
vt -1.636529 2.578757 0.000000
vt -1.969302 2.710511 0.000000
vt -2.315963 2.799519 0.000000
vt -2.671047 2.844376 0.000000
vt -3.028953 2.844376 0.000000
vt -3.384037 2.799519 0.000000
vt -3.730698 2.710511 0.000000
vt -4.063471 2.578757 0.000000
vt -4.377106 2.406335 0.000000
vt -4.666658 2.195963 0.000000
vt -4.927561 1.950959 0.000000
vt -5.155698 1.675188 0.000000
vt -5.347474 1.372998 0.000000
vt -5.499863 1.049155 0.000000
vt -5.610462 0.708766 0.000000
vt -5.677527 0.357200 0.000000
vt -5.700000 0.000000 0.000000
vt -5.677527 -0.357200 0.000000
vt -5.610462 -0.708766 0.000000
vt -5.499863 -1.049155 0.000000
vt -5.347474 -1.372998 0.000000
vt -5.155698 -1.675188 0.000000
vt -4.927561 -1.950959 0.000000
vt -4.666658 -2.195963 0.000000
vt -4.377106 -2.406335 0.000000
vt -4.063471 -2.578757 0.000000
vt -3.730698 -2.710511 0.000000
vt -3.384037 -2.799519 0.000000
vt -3.028953 -2.844376 0.000000
vt -2.671047 -2.844376 0.000000
vt -2.315963 -2.799519 0.000000
vt -1.969302 -2.710511 0.000000
vt -1.636529 -2.578757 0.000000
vt -1.322894 -2.406335 0.000000
vt -1.033342 -2.195963 0.000000
vt -0.772439 -1.950959 0.000000
vt -0.544302 -1.675188 0.000000
vt -0.352526 -1.372998 0.000000
vt -0.200137 -1.049155 0.000000
vt -0.089538 -0.708766 0.000000
vt -0.022473 -0.357200 0.000000
vt -0.000000 9.619972 0.000000
vt -0.000000 9.249973 0.000000
vt -0.000000 8.879974 0.000000
vt -0.000000 8.509974 0.000000
vt -0.000000 8.139976 0.000000
vt -0.000000 7.769978 0.000000
vt -0.000000 7.399978 0.000000
vt -0.000000 7.029979 0.000000
vt -0.000000 6.659980 0.000000
vt -0.000000 6.289981 0.000000
vt -0.000000 5.919982 0.000000
vt -0.000000 5.549984 0.000000
vt -0.000000 5.179985 0.000000
vt -0.000000 4.809986 0.000000
vt -0.000000 4.439987 0.000000
vt -0.000000 4.069988 0.000000
vt -0.000000 3.699989 0.000000
vt -0.000000 3.329990 0.000000
vt -0.000000 2.959991 0.000000
vt -0.000000 2.589992 0.000000
vt -0.000000 2.219994 0.000000
vt -0.000000 1.849995 0.000000
vt -0.000000 1.479996 0.000000
vt -0.000000 1.109997 0.000000
vt -0.000000 0.739998 0.000000
vt -0.000000 0.369999 0.000000
vt -0.000000 0.000000 0.000000
vt -0.000000 -0.369999 0.000000
vt -0.000000 -0.739998 0.000000
vt -0.000000 -1.109997 0.000000
vt -0.000000 -1.479996 0.000000
vt -0.000000 -1.849995 0.000000
vt -0.000000 -2.219994 0.000000
vt -0.000000 -2.589992 0.000000
vt -0.000000 -2.959991 0.000000
vt -0.000000 -3.329990 0.000000
vt -0.000000 -3.699989 0.000000
vt -0.000000 -4.069988 0.000000
vt -0.000000 -4.439987 0.000000
vt -0.000000 -4.809986 0.000000
vt -0.000000 -5.179985 0.000000
vt -0.000000 -5.549984 0.000000
vt -0.000000 -5.919982 0.000000
vt -0.000000 -6.289981 0.000000
vt -0.000000 -6.659980 0.000000
vt -0.000000 -7.029979 0.000000
vt -0.000000 -7.399978 0.000000
vt -0.000000 -7.769978 0.000000
vt -0.000000 -8.139976 0.000000
vt -0.000000 -8.509974 0.000000
vt -0.000000 -8.879974 0.000000
vt -0.000000 -9.249973 0.000000
vt 0.471239 -9.619972 0.000000
vt 0.471239 -9.235173 0.000000
vt 0.471239 -8.850374 0.000000
vt 0.471239 -8.465575 0.000000
vt 0.471239 -8.080776 0.000000
vt 0.471239 -7.695978 0.000000
vt 0.471239 -7.311179 0.000000
vt 0.471239 -6.926380 0.000000
vt 0.471239 -6.541581 0.000000
vt 0.471239 -6.156782 0.000000
vt 0.471239 -5.771983 0.000000
vt 0.471239 -5.387184 0.000000
vt 0.471239 -5.002385 0.000000
vt 0.471239 -4.617587 0.000000
vt 0.471239 -4.232788 0.000000
vt 0.471239 -3.847989 0.000000
vt 0.471239 -3.463190 0.000000
vt 0.471239 -3.078391 0.000000
vt 0.471239 -2.693592 0.000000
vt 0.471239 -2.308793 0.000000
vt 0.471239 -1.923994 0.000000
vt 0.471239 -1.539196 0.000000
vt 0.471239 -1.154397 0.000000
vt 0.471239 -0.769598 0.000000
vt 0.471239 -0.384799 0.000000
vt 0.471239 0.000000 0.000000
vt 0.471239 0.384799 0.000000
vt 0.471239 0.769598 0.000000
vt 0.471239 1.154397 0.000000
vt 0.471239 1.539196 0.000000
vt 0.471239 1.923994 0.000000
vt 0.471239 2.308793 0.000000
vt 0.471239 2.693592 0.000000
vt 0.471239 3.078391 0.000000
vt 0.471239 3.463190 0.000000
vt 0.471239 3.847989 0.000000
vt 0.471239 4.232788 0.000000
vt 0.471239 4.617587 0.000000
vt 0.471239 5.002385 0.000000
vt 0.471239 5.387184 0.000000
vt 0.471239 5.771983 0.000000
vt 0.471239 6.156782 0.000000
vt 0.471239 6.541581 0.000000
vt 0.471239 6.926380 0.000000
vt 0.471239 7.311179 0.000000
vt 0.471239 7.695978 0.000000
vt 0.471239 8.080776 0.000000
vt 0.471239 8.465575 0.000000
vt 0.471239 8.850374 0.000000
vt 0.471239 9.235173 0.000000
vt 0.117810 -9.619972 0.000000
vt 0.235619 -9.619972 0.000000
vt 0.353429 -9.619972 0.000000
vt 0.117810 9.249973 0.000000
vt 0.235619 9.249973 0.000000
vt 0.353429 9.249973 0.000000
vt 0.117810 8.879974 0.000000
vt 0.235619 8.879974 0.000000
vt 0.353429 8.879974 0.000000
vt 0.117810 8.509974 0.000000
vt 0.235619 8.509974 0.000000
vt 0.353429 8.509974 0.000000
vt 0.117810 8.139976 0.000000
vt 0.235619 8.139976 0.000000
vt 0.353429 8.139976 0.000000
vt 0.117810 7.769978 0.000000
vt 0.235619 7.769978 0.000000
vt 0.353429 7.769978 0.000000
vt 0.117810 7.399978 0.000000
vt 0.235619 7.399978 0.000000
vt 0.353429 7.399978 0.000000
vt 0.117810 7.029979 0.000000
vt 0.235619 7.029979 0.000000
vt 0.353429 7.029979 0.000000
vt 0.117810 6.659980 0.000000
vt 0.235619 6.659980 0.000000
vt 0.353429 6.659980 0.000000
vt 0.117810 6.289981 0.000000
vt 0.235619 6.289981 0.000000
vt 0.353429 6.289981 0.000000
vt 0.117810 5.919982 0.000000
vt 0.235619 5.919982 0.000000
vt 0.353429 5.919982 0.000000
vt 0.117810 5.549984 0.000000
vt 0.235619 5.549984 0.000000
vt 0.353429 5.549984 0.000000
vt 0.117810 5.179985 0.000000
vt 0.235619 5.179985 0.000000
vt 0.353429 5.179985 0.000000
vt 0.117810 4.809986 0.000000
vt 0.235619 4.809986 0.000000
vt 0.353429 4.809986 0.000000
vt 0.117810 4.439987 0.000000
vt 0.235619 4.439987 0.000000
vt 0.353429 4.439987 0.000000
vt 0.117810 4.069988 0.000000
vt 0.235619 4.069988 0.000000
vt 0.353429 4.069988 0.000000
vt 0.117810 3.699989 0.000000
vt 0.235619 3.699989 0.000000
vt 0.353429 3.699989 0.000000
vt 0.117810 3.329990 0.000000
vt 0.235619 3.329990 0.000000
vt 0.353429 3.329990 0.000000
vt 0.117810 2.959991 0.000000
vt 0.235619 2.959991 0.000000
vt 0.353429 2.959991 0.000000
vt 0.117810 2.589992 0.000000
vt 0.235619 2.589992 0.000000
vt 0.353429 2.589992 0.000000
vt 0.117810 2.219994 0.000000
vt 0.235619 2.219994 0.000000
vt 0.353429 2.219994 0.000000
vt 0.117810 1.849995 0.000000
vt 0.235619 1.849995 0.000000
vt 0.353429 1.849995 0.000000
vt 0.117810 1.479996 0.000000
vt 0.235619 1.479996 0.000000
vt 0.353429 1.479996 0.000000
vt 0.117810 1.109997 0.000000
vt 0.235619 1.109997 0.000000
vt 0.353429 1.109997 0.000000
vt 0.117810 0.739998 0.000000
vt 0.235619 0.739998 0.000000
vt 0.353429 0.739998 0.000000
vt 0.117810 0.369999 0.000000
vt 0.235619 0.369999 0.000000
vt 0.353429 0.369999 0.000000
vt 0.117810 0.000000 0.000000
vt 0.235619 0.000000 0.000000
vt 0.353429 0.000000 0.000000
vt 0.117810 -0.369999 0.000000
vt 0.235619 -0.369999 0.000000
vt 0.353429 -0.369999 0.000000
vt 0.117810 -0.739998 0.000000
vt 0.235619 -0.739998 0.000000
vt 0.353429 -0.739998 0.000000
vt 0.117810 -1.109997 0.000000
vt 0.235619 -1.109997 0.000000
vt 0.353429 -1.109997 0.000000
vt 0.117810 -1.479996 0.000000
vt 0.235619 -1.479996 0.000000
vt 0.353429 -1.479996 0.000000
vt 0.117810 -1.849995 0.000000
vt 0.235619 -1.849995 0.000000
vt 0.353429 -1.849995 0.000000
vt 0.117810 -2.219994 0.000000
vt 0.235619 -2.219994 0.000000
vt 0.353429 -2.219994 0.000000
vt 0.117810 -2.589992 0.000000
vt 0.235619 -2.589992 0.000000
vt 0.353429 -2.589992 0.000000
vt 0.117810 -2.959991 0.000000
vt 0.235619 -2.959991 0.000000
vt 0.353429 -2.959991 0.000000
vt 0.117810 -3.329990 0.000000
vt 0.235619 -3.329990 0.000000
vt 0.353429 -3.329990 0.000000
vt 0.117810 -3.699989 0.000000
vt 0.235619 -3.699989 0.000000
vt 0.353429 -3.699989 0.000000
vt 0.117810 -4.069988 0.000000
vt 0.235619 -4.069988 0.000000
vt 0.353429 -4.069988 0.000000
vt 0.117810 -4.439987 0.000000
vt 0.235619 -4.439987 0.000000
vt 0.353429 -4.439987 0.000000
vt 0.117810 -4.809986 0.000000
vt 0.235619 -4.809986 0.000000
vt 0.353429 -4.809986 0.000000
vt 0.117810 -5.179985 0.000000
vt 0.235619 -5.179985 0.000000
vt 0.353429 -5.179985 0.000000
vt 0.117810 -5.549984 0.000000
vt 0.235619 -5.549984 0.000000
vt 0.353429 -5.549984 0.000000
vt 0.117810 -5.919982 0.000000
vt 0.235619 -5.919982 0.000000
vt 0.353429 -5.919982 0.000000
vt 0.117810 -6.289981 0.000000
vt 0.235619 -6.289981 0.000000
vt 0.353429 -6.289981 0.000000
vt 0.117810 -6.659980 0.000000
vt 0.235619 -6.659980 0.000000
vt 0.353429 -6.659980 0.000000
vt 0.117810 -7.029979 0.000000
vt 0.235619 -7.029979 0.000000
vt 0.353429 -7.029979 0.000000
vt 0.117810 -7.399978 0.000000
vt 0.235619 -7.399978 0.000000
vt 0.353429 -7.399978 0.000000
vt 0.117810 -7.769978 0.000000
vt 0.235619 -7.769978 0.000000
vt 0.353429 -7.769978 0.000000
vt 0.117810 -8.139976 0.000000
vt 0.235619 -8.139976 0.000000
vt 0.353429 -8.139976 0.000000
vt 0.117810 -8.509974 0.000000
vt 0.235619 -8.509974 0.000000
vt 0.353429 -8.509974 0.000000
vt 0.117810 -8.879974 0.000000
vt 0.235619 -8.879974 0.000000
vt 0.353429 -8.879974 0.000000
vt 0.117810 -9.249973 0.000000
vt 0.235619 -9.249973 0.000000
vt 0.353429 -9.249973 0.000000
vt 0.117810 9.619972 0.000000
vt -0.000000 -9.619972 0.000000
vt 0.353429 -9.989971 0.000000
vt 0.353429 -9.989971 0.000000
vt 0.235619 9.619972 0.000000
vt 0.235619 -9.989971 0.000000
vt 0.117810 9.619972 0.000000
vt 0.471239 9.619972 0.000000
vt -2.347349 0.000000 0.000000
vt -2.347349 -0.380616 0.000000
vt -2.347349 -0.761232 0.000000
vt -2.347349 -1.141848 0.000000
vt -2.347349 -1.522464 0.000000
vt -2.347349 -1.903080 0.000000
vt -2.347349 -2.283696 0.000000
vt -2.347349 -2.664312 0.000000
vt -2.347349 -3.044928 0.000000
vt -2.347349 -3.425544 0.000000
vt -2.347349 -3.806160 0.000000
vt -2.347349 -4.186776 0.000000
vt -2.347349 -4.567392 0.000000
vt -2.347349 -4.948009 0.000000
vt -2.347349 -5.328625 0.000000
vt -2.347349 -5.709241 0.000000
vt -2.347349 -6.089857 0.000000
vt -2.347349 -6.470472 0.000000
vt -2.347349 -6.851089 0.000000
vt -2.347349 -7.231705 0.000000
vt -2.347349 -7.612321 0.000000
vt -2.347349 -7.992937 0.000000
vt -2.347349 -8.373552 0.000000
vt -2.347349 -8.754169 0.000000
vt -2.347349 -9.134785 0.000000
vt -2.347349 -9.515401 0.000000
vt -2.347349 9.896017 0.000000
vt -2.347349 9.515401 0.000000
vt -2.347349 9.134785 0.000000
vt -2.347349 8.754169 0.000000
vt -2.347349 8.373552 0.000000
vt -2.347349 7.992937 0.000000
vt -2.347349 7.612321 0.000000
vt -2.347349 7.231705 0.000000
vt -2.347349 6.851089 0.000000
vt -2.347349 6.470472 0.000000
vt -2.347349 6.089857 0.000000
vt -2.347349 5.709241 0.000000
vt -2.347349 5.328625 0.000000
vt -2.347349 4.948009 0.000000
vt -2.347349 4.567392 0.000000
vt -2.347349 4.186776 0.000000
vt -2.347349 3.806160 0.000000
vt -2.347349 3.425544 0.000000
vt -2.347349 3.044928 0.000000
vt -2.347349 2.664312 0.000000
vt -2.347349 2.283696 0.000000
vt -2.347349 1.903080 0.000000
vt -2.347349 1.522464 0.000000
vt -2.347349 1.141848 0.000000
vt -2.347349 0.761232 0.000000
vt -2.347349 0.380616 0.000000
vt 2.347349 0.000000 0.000000
vt 2.347349 0.380616 0.000000
vt 2.347349 0.761232 0.000000
vt 2.347349 1.141848 0.000000
vt 2.347349 1.522464 0.000000
vt 2.347349 1.903080 0.000000
vt 2.347349 2.283696 0.000000
vt 2.347349 2.664312 0.000000
vt 2.347349 3.044928 0.000000
vt 2.347349 3.425544 0.000000
vt 2.347349 3.806160 0.000000
vt 2.347349 4.186776 0.000000
vt 2.347349 4.567392 0.000000
vt 2.347349 4.948009 0.000000
vt 2.347349 5.328625 0.000000
vt 2.347349 5.709241 0.000000
vt 2.347349 6.089857 0.000000
vt 2.347349 6.470472 0.000000
vt 2.347349 6.851089 0.000000
vt 2.347349 7.231705 0.000000
vt 2.347349 7.612321 0.000000
vt 2.347349 7.992937 0.000000
vt 2.347349 8.373552 0.000000
vt 2.347349 8.754169 0.000000
vt 2.347349 9.134785 0.000000
vt 2.347349 9.515401 0.000000
vt 2.347349 -9.896017 0.000000
vt 2.347349 -9.515401 0.000000
vt 2.347349 -9.134785 0.000000
vt 2.347349 -8.754169 0.000000
vt 2.347349 -8.373552 0.000000
vt 2.347349 -7.992937 0.000000
vt 2.347349 -7.612321 0.000000
vt 2.347349 -7.231705 0.000000
vt 2.347349 -6.851089 0.000000
vt 2.347349 -6.470472 0.000000
vt 2.347349 -6.089857 0.000000
vt 2.347349 -5.709241 0.000000
vt 2.347349 -5.328625 0.000000
vt 2.347349 -4.948009 0.000000
vt 2.347349 -4.567392 0.000000
vt 2.347349 -4.186776 0.000000
vt 2.347349 -3.806160 0.000000
vt 2.347349 -3.425544 0.000000
vt 2.347349 -3.044928 0.000000
vt 2.347349 -2.664312 0.000000
vt 2.347349 -2.283696 0.000000
vt 2.347349 -1.903080 0.000000
vt 2.347349 -1.522464 0.000000
vt 2.347349 -1.141848 0.000000
vt 2.347349 -0.761232 0.000000
vt 2.347349 -0.380616 0.000000
vt 2.347349 9.896017 0.000000
vt -2.347349 -9.896017 0.000000
vt 0.000000 0.000000 0.000000
vt 0.023117 0.374809 0.000000
vt 0.092119 0.743937 0.000000
vt 0.205960 1.101787 0.000000
vt 0.362913 1.442935 0.000000
vt 0.560599 1.762210 0.000000
vt 0.796023 2.054772 0.000000
vt 1.065614 2.316185 0.000000
vt 1.365287 2.542487 0.000000
vt 1.690498 2.730248 0.000000
vt 2.036318 2.876621 0.000000
vt 2.397504 2.979387 0.000000
vt 2.768581 3.036989 0.000000
vt 3.143925 3.048553 0.000000
vt 3.517844 3.013905 0.000000
vt 3.884672 2.933568 0.000000
vt 4.238847 2.808762 0.000000
vt 4.575000 2.641377 0.000000
vt 4.888036 2.433953 0.000000
vt 5.173209 2.189631 0.000000
vt 5.426196 1.912118 0.000000
vt 5.643162 1.605618 0.000000
vt 5.820819 1.274779 0.000000
vt 5.956473 0.924616 0.000000
vt 6.048068 0.560436 0.000000
vt 6.094215 0.187761 0.000000
vt 6.094215 -0.187761 0.000000
vt 6.048068 -0.560436 0.000000
vt 5.956473 -0.924616 0.000000
vt 5.820819 -1.274779 0.000000
vt 5.643162 -1.605618 0.000000
vt 5.426196 -1.912118 0.000000
vt 5.173209 -2.189631 0.000000
vt 4.888036 -2.433953 0.000000
vt 4.575000 -2.641377 0.000000
vt 4.238847 -2.808762 0.000000
vt 3.884672 -2.933568 0.000000
vt 3.517844 -3.013905 0.000000
vt 3.143925 -3.048553 0.000000
vt 2.768581 -3.036989 0.000000
vt 2.397504 -2.979387 0.000000
vt 2.036318 -2.876621 0.000000
vt 1.690498 -2.730248 0.000000
vt 1.365287 -2.542487 0.000000
vt 1.065614 -2.316185 0.000000
vt 0.796023 -2.054772 0.000000
vt 0.560599 -1.762210 0.000000
vt 0.362913 -1.442935 0.000000
vt 0.205960 -1.101787 0.000000
vt 0.092119 -0.743937 0.000000
vt 0.023117 -0.374809 0.000000
vt -0.100000 0.000000 0.000000
vt -0.077033 -0.379691 0.000000
vt -0.008467 -0.753844 0.000000
vt 0.104699 -1.117005 0.000000
vt 0.260814 -1.463878 0.000000
vt 0.457601 -1.789404 0.000000
vt 0.692191 -2.088836 0.000000
vt 0.961164 -2.357809 0.000000
vt 1.260596 -2.592399 0.000000
vt 1.586122 -2.789186 0.000000
vt 1.932995 -2.945301 0.000000
vt 2.296156 -3.058467 0.000000
vt 2.670310 -3.127033 0.000000
vt 3.050000 -3.150000 0.000000
vt 3.429691 -3.127033 0.000000
vt 3.803844 -3.058467 0.000000
vt 4.167006 -2.945301 0.000000
vt 4.513878 -2.789186 0.000000
vt 4.839404 -2.592399 0.000000
vt 5.138836 -2.357809 0.000000
vt 5.407809 -2.088836 0.000000
vt 5.642399 -1.789404 0.000000
vt 5.839187 -1.463878 0.000000
vt 5.995301 -1.117005 0.000000
vt 6.108467 -0.753844 0.000000
vt 6.177033 -0.379691 0.000000
vt 6.200000 0.000000 0.000000
vt 6.177033 0.379691 0.000000
vt 6.108467 0.753844 0.000000
vt 5.995301 1.117005 0.000000
vt 5.839187 1.463878 0.000000
vt 5.642399 1.789404 0.000000
vt 5.407809 2.088836 0.000000
vt 5.138836 2.357809 0.000000
vt 4.839404 2.592399 0.000000
vt 4.513878 2.789186 0.000000
vt 4.167006 2.945301 0.000000
vt 3.803844 3.058467 0.000000
vt 3.429691 3.127033 0.000000
vt 3.050000 3.150000 0.000000
vt 2.670310 3.127033 0.000000
vt 2.296156 3.058467 0.000000
vt 1.932995 2.945301 0.000000
vt 1.586122 2.789186 0.000000
vt 1.260596 2.592399 0.000000
vt 0.961164 2.357809 0.000000
vt 0.692191 2.088836 0.000000
vt 0.457601 1.789404 0.000000
vt 0.260814 1.463878 0.000000
vt 0.104699 1.117005 0.000000
vt -0.008467 0.753844 0.000000
vt -0.077033 0.379691 0.000000
vt -0.000000 9.804002 0.000000
vt -0.000000 9.426925 0.000000
vt -0.000000 9.049848 0.000000
vt -0.000000 8.672771 0.000000
vt -0.000000 8.295693 0.000000
vt -0.000000 7.918617 0.000000
vt -0.000000 7.541540 0.000000
vt -0.000000 7.164463 0.000000
vt -0.000000 6.787385 0.000000
vt -0.000000 6.410308 0.000000
vt -0.000000 6.033232 0.000000
vt -0.000000 5.656155 0.000000
vt -0.000000 5.279078 0.000000
vt -0.000000 4.902001 0.000000
vt -0.000000 4.524924 0.000000
vt -0.000000 4.147847 0.000000
vt -0.000000 3.770770 0.000000
vt -0.000000 3.393693 0.000000
vt -0.000000 3.016616 0.000000
vt -0.000000 2.639539 0.000000
vt -0.000000 2.262462 0.000000
vt -0.000000 1.885385 0.000000
vt -0.000000 1.508308 0.000000
vt -0.000000 1.131231 0.000000
vt -0.000000 0.754154 0.000000
vt -0.000000 0.377077 0.000000
vt -0.000000 0.000000 0.000000
vt -0.000000 -0.377077 0.000000
vt -0.000000 -0.754154 0.000000
vt -0.000000 -1.131231 0.000000
vt -0.000000 -1.508308 0.000000
vt -0.000000 -1.885385 0.000000
vt -0.000000 -2.262462 0.000000
vt -0.000000 -2.639539 0.000000
vt -0.000000 -3.016616 0.000000
vt -0.000000 -3.393693 0.000000
vt -0.000000 -3.770770 0.000000
vt -0.000000 -4.147847 0.000000
vt -0.000000 -4.524924 0.000000
vt -0.000000 -4.902001 0.000000
vt -0.000000 -5.279078 0.000000
vt -0.000000 -5.656155 0.000000
vt -0.000000 -6.033232 0.000000
vt -0.000000 -6.410308 0.000000
vt -0.000000 -6.787385 0.000000
vt -0.000000 -7.164463 0.000000
vt -0.000000 -7.541540 0.000000
vt -0.000000 -7.918617 0.000000
vt -0.000000 -8.295693 0.000000
vt -0.000000 -8.672771 0.000000
vt -0.000000 -9.049848 0.000000
vt -0.000000 -9.426925 0.000000
vt 0.157080 -9.804002 0.000000
vt 0.157080 -9.419531 0.000000
vt 0.157080 -9.035061 0.000000
vt 0.157080 -8.650589 0.000000
vt 0.157080 -8.266119 0.000000
vt 0.157080 -7.881648 0.000000
vt 0.157080 -7.497178 0.000000
vt 0.157080 -7.112707 0.000000
vt 0.157080 -6.728236 0.000000
vt 0.157080 -6.343766 0.000000
vt 0.157080 -5.959295 0.000000
vt 0.157080 -5.574824 0.000000
vt 0.157080 -5.190354 0.000000
vt 0.157080 -4.805883 0.000000
vt 0.157080 -4.421412 0.000000
vt 0.157080 -4.036942 0.000000
vt 0.157080 -3.652471 0.000000
vt 0.157080 -3.268001 0.000000
vt 0.157080 -2.883530 0.000000
vt 0.157080 -2.499059 0.000000
vt 0.157080 -2.114588 0.000000
vt 0.157080 -1.730118 0.000000
vt 0.157080 -1.345647 0.000000
vt 0.157080 -0.961177 0.000000
vt 0.157080 -0.576706 0.000000
vt 0.157080 -0.192235 0.000000
vt 0.157080 0.192235 0.000000
vt 0.157080 0.576706 0.000000
vt 0.157080 0.961177 0.000000
vt 0.157080 1.345647 0.000000
vt 0.157080 1.730118 0.000000
vt 0.157080 2.114588 0.000000
vt 0.157080 2.499059 0.000000
vt 0.157080 2.883530 0.000000
vt 0.157080 3.268001 0.000000
vt 0.157080 3.652471 0.000000
vt 0.157080 4.036942 0.000000
vt 0.157080 4.421412 0.000000
vt 0.157080 4.805883 0.000000
vt 0.157080 5.190354 0.000000
vt 0.157080 5.574824 0.000000
vt 0.157080 5.959295 0.000000
vt 0.157080 6.343766 0.000000
vt 0.157080 6.728236 0.000000
vt 0.157080 7.112707 0.000000
vt 0.157080 7.497178 0.000000
vt 0.157080 7.881648 0.000000
vt 0.157080 8.266119 0.000000
vt 0.157080 8.650589 0.000000
vt 0.157080 9.035061 0.000000
vt 0.157080 9.419531 0.000000
vt 0.052360 -9.804002 0.000000
vt 0.104720 -9.804002 0.000000
vt 0.052360 9.426925 0.000000
vt 0.104720 9.426925 0.000000
vt 0.052360 9.049848 0.000000
vt 0.104720 9.049848 0.000000
vt 0.052360 8.672771 0.000000
vt 0.104720 8.672771 0.000000
vt 0.052360 8.295693 0.000000
vt 0.104720 8.295693 0.000000
vt 0.052360 7.918617 0.000000
vt 0.104720 7.918617 0.000000
vt 0.052360 7.541540 0.000000
vt 0.104720 7.541540 0.000000
vt 0.052360 7.164463 0.000000
vt 0.104720 7.164463 0.000000
vt 0.052360 6.787385 0.000000
vt 0.104720 6.787385 0.000000
vt 0.052360 6.410308 0.000000
vt 0.104720 6.410308 0.000000
vt 0.052360 6.033232 0.000000
vt 0.104720 6.033232 0.000000
vt 0.052360 5.656155 0.000000
vt 0.104720 5.656155 0.000000
vt 0.052360 5.279078 0.000000
vt 0.104720 5.279078 0.000000
vt 0.052360 4.902001 0.000000
vt 0.104720 4.902001 0.000000
vt 0.052360 4.524924 0.000000
vt 0.104720 4.524924 0.000000
vt 0.052360 4.147847 0.000000
vt 0.104720 4.147847 0.000000
vt 0.052360 3.770770 0.000000
vt 0.104720 3.770770 0.000000
vt 0.052360 3.393693 0.000000
vt 0.104720 3.393693 0.000000
vt 0.052360 3.016616 0.000000
vt 0.104720 3.016616 0.000000
vt 0.052360 2.639539 0.000000
vt 0.104720 2.639539 0.000000
vt 0.052360 2.262462 0.000000
vt 0.104720 2.262462 0.000000
vt 0.052360 1.885385 0.000000
vt 0.104720 1.885385 0.000000
vt 0.052360 1.508308 0.000000
vt 0.104720 1.508308 0.000000
vt 0.052360 1.131231 0.000000
vt 0.104720 1.131231 0.000000
vt 0.052360 0.754154 0.000000
vt 0.104720 0.754154 0.000000
vt 0.052360 0.377077 0.000000
vt 0.104720 0.377077 0.000000
vt 0.052360 0.000000 0.000000
vt 0.104720 0.000000 0.000000
vt 0.052360 -0.377077 0.000000
vt 0.104720 -0.377077 0.000000
vt 0.052360 -0.754154 0.000000
vt 0.104720 -0.754154 0.000000
vt 0.052360 -1.131231 0.000000
vt 0.104720 -1.131231 0.000000
vt 0.052360 -1.508308 0.000000
vt 0.104720 -1.508308 0.000000
vt 0.052360 -1.885385 0.000000
vt 0.104720 -1.885385 0.000000
vt 0.052360 -2.262462 0.000000
vt 0.104720 -2.262462 0.000000
vt 0.052360 -2.639539 0.000000
vt 0.104720 -2.639539 0.000000
vt 0.052360 -3.016616 0.000000
vt 0.104720 -3.016616 0.000000
vt 0.052360 -3.393693 0.000000
vt 0.104720 -3.393693 0.000000
vt 0.052360 -3.770770 0.000000
vt 0.104720 -3.770770 0.000000
vt 0.052360 -4.147847 0.000000
vt 0.104720 -4.147847 0.000000
vt 0.052360 -4.524924 0.000000
vt 0.104720 -4.524924 0.000000
vt 0.052360 -4.902001 0.000000
vt 0.104720 -4.902001 0.000000
vt 0.052360 -5.279078 0.000000
vt 0.104720 -5.279078 0.000000
vt 0.052360 -5.656155 0.000000
vt 0.104720 -5.656155 0.000000
vt 0.052360 -6.033232 0.000000
vt 0.104720 -6.033232 0.000000
vt 0.052360 -6.410308 0.000000
vt 0.104720 -6.410308 0.000000
vt 0.052360 -6.787385 0.000000
vt 0.104720 -6.787385 0.000000
vt 0.052360 -7.164463 0.000000
vt 0.104720 -7.164463 0.000000
vt 0.052360 -7.541540 0.000000
vt 0.104720 -7.541540 0.000000
vt 0.052360 -7.918617 0.000000
vt 0.104720 -7.918617 0.000000
vt 0.052360 -8.295693 0.000000
vt 0.104720 -8.295693 0.000000
vt 0.052360 -8.672771 0.000000
vt 0.104720 -8.672771 0.000000
vt 0.052360 -9.049848 0.000000
vt 0.104720 -9.049848 0.000000
vt 0.052360 -9.426925 0.000000
vt 0.104720 -9.426925 0.000000
vt 0.052360 9.804002 0.000000
vt -0.000000 -9.804002 0.000000
vt 0.104720 -10.181079 0.000000
vt 0.104720 -10.181079 0.000000
vt 0.052360 9.804002 0.000000
vt 0.157080 9.804002 0.000000
vt -1.052651 0.000000 0.000000
vt -1.052651 -0.380616 0.000000
vt -1.052651 -0.761232 0.000000
vt -1.052651 -1.141848 0.000000
vt -1.052651 -1.522464 0.000000
vt -1.052651 -1.903080 0.000000
vt -1.052651 -2.283696 0.000000
vt -1.052651 -2.664312 0.000000
vt -1.052651 -3.044928 0.000000
vt -1.052651 -3.425544 0.000000
vt -1.052651 -3.806160 0.000000
vt -1.052651 -4.186776 0.000000
vt -1.052651 -4.567392 0.000000
vt -1.052651 -4.948009 0.000000
vt -1.052651 -5.328625 0.000000
vt -1.052651 -5.709241 0.000000
vt -1.052651 -6.089857 0.000000
vt -1.052651 -6.470472 0.000000
vt -1.052651 -6.851089 0.000000
vt -1.052651 -7.231705 0.000000
vt -1.052651 -7.612321 0.000000
vt -1.052651 -7.992937 0.000000
vt -1.052651 -8.373552 0.000000
vt -1.052651 -8.754169 0.000000
vt -1.052651 -9.134785 0.000000
vt -1.052651 -9.515401 0.000000
vt -1.052651 9.896017 0.000000
vt -1.052651 9.515401 0.000000
vt -1.052651 9.134785 0.000000
vt -1.052651 8.754169 0.000000
vt -1.052651 8.373552 0.000000
vt -1.052651 7.992937 0.000000
vt -1.052651 7.612321 0.000000
vt -1.052651 7.231705 0.000000
vt -1.052651 6.851089 0.000000
vt -1.052651 6.470472 0.000000
vt -1.052651 6.089857 0.000000
vt -1.052651 5.709241 0.000000
vt -1.052651 5.328625 0.000000
vt -1.052651 4.948009 0.000000
vt -1.052651 4.567392 0.000000
vt -1.052651 4.186776 0.000000
vt -1.052651 3.806160 0.000000
vt -1.052651 3.425544 0.000000
vt -1.052651 3.044928 0.000000
vt -1.052651 2.664312 0.000000
vt -1.052651 2.283696 0.000000
vt -1.052651 1.903080 0.000000
vt -1.052651 1.522464 0.000000
vt -1.052651 1.141848 0.000000
vt -1.052651 0.761232 0.000000
vt -1.052651 0.380616 0.000000
vt 1.052651 0.000000 0.000000
vt 1.052651 0.380616 0.000000
vt 1.052651 0.761232 0.000000
vt 1.052651 1.141848 0.000000
vt 1.052651 1.522464 0.000000
vt 1.052651 1.903080 0.000000
vt 1.052651 2.283696 0.000000
vt 1.052651 2.664312 0.000000
vt 1.052651 3.044928 0.000000
vt 1.052651 3.425544 0.000000
vt 1.052651 3.806160 0.000000
vt 1.052651 4.186776 0.000000
vt 1.052651 4.567392 0.000000
vt 1.052651 4.948009 0.000000
vt 1.052651 5.328625 0.000000
vt 1.052651 5.709241 0.000000
vt 1.052651 6.089857 0.000000
vt 1.052651 6.470472 0.000000
vt 1.052651 6.851089 0.000000
vt 1.052651 7.231705 0.000000
vt 1.052651 7.612321 0.000000
vt 1.052651 7.992937 0.000000
vt 1.052651 8.373552 0.000000
vt 1.052651 8.754169 0.000000
vt 1.052651 9.134785 0.000000
vt 1.052651 9.515401 0.000000
vt 1.052651 -9.896017 0.000000
vt 1.052651 -9.515401 0.000000
vt 1.052651 -9.134785 0.000000
vt 1.052651 -8.754169 0.000000
vt 1.052651 -8.373552 0.000000
vt 1.052651 -7.992937 0.000000
vt 1.052651 -7.612321 0.000000
vt 1.052651 -7.231705 0.000000
vt 1.052651 -6.851089 0.000000
vt 1.052651 -6.470472 0.000000
vt 1.052651 -6.089857 0.000000
vt 1.052651 -5.709241 0.000000
vt 1.052651 -5.328625 0.000000
vt 1.052651 -4.948009 0.000000
vt 1.052651 -4.567392 0.000000
vt 1.052651 -4.186776 0.000000
vt 1.052651 -3.806160 0.000000
vt 1.052651 -3.425544 0.000000
vt 1.052651 -3.044928 0.000000
vt 1.052651 -2.664312 0.000000
vt 1.052651 -2.283696 0.000000
vt 1.052651 -1.903080 0.000000
vt 1.052651 -1.522464 0.000000
vt 1.052651 -1.141848 0.000000
vt 1.052651 -0.761232 0.000000
vt 1.052651 -0.380616 0.000000
vt 1.052651 9.896017 0.000000
vt -1.052651 -9.896017 0.000000
vn 0.000000 0.100000 0.000000
vn 0.000000 0.100000 0.000000
vn 0.000000 0.100000 0.000000
vn 0.000000 0.100000 0.000000
vn 0.000000 0.100000 0.000000
vn 0.000000 0.100000 0.000000
vn 0.000000 0.100000 0.000000
vn 0.000000 0.100000 0.000000
vn 0.000000 0.100000 0.000000
vn 0.000000 0.100000 0.000000
vn 0.000000 0.100000 0.000000
vn 0.000000 0.100000 0.000000
vn 0.000000 0.100000 0.000000
vn 0.000000 0.100000 0.000000
vn 0.000000 0.100000 0.000000
vn 0.000000 0.100000 0.000000
vn 0.000000 0.100000 0.000000
vn 0.000000 0.100000 0.000000
vn 0.000000 0.100000 0.000000
vn 0.000000 0.100000 0.000000
vn 0.000000 0.100000 0.000000
vn 0.000000 0.100000 0.000000
vn 0.000000 0.100000 0.000000
vn 0.000000 0.100000 0.000000
vn 0.000000 0.100000 0.000000
vn 0.000000 0.100000 0.000000
vn 0.000000 0.100000 0.000000
vn 0.000000 0.100000 0.000000
vn 0.000000 0.100000 0.000000
vn 0.000000 0.100000 0.000000
vn 0.000000 0.100000 0.000000
vn 0.000000 0.100000 0.000000
vn 0.000000 0.100000 0.000000
vn 0.000000 0.100000 0.000000
vn 0.000000 0.100000 0.000000
vn 0.000000 0.100000 0.000000
vn 0.000000 0.100000 0.000000
vn 0.000000 0.100000 0.000000
vn 0.000000 0.100000 0.000000
vn 0.000000 0.100000 0.000000
vn 0.000000 0.100000 0.000000
vn 0.000000 0.100000 0.000000
vn 0.000000 0.100000 0.000000
vn 0.000000 0.100000 0.000000
vn 0.000000 0.100000 0.000000
vn 0.000000 0.100000 0.000000
vn 0.000000 0.100000 0.000000
vn 0.000000 0.100000 0.000000
vn 0.000000 0.100000 0.000000
vn 0.000000 0.100000 0.000000
vn 0.000000 0.000000 -0.100000
vn -0.012054 0.000000 -0.099271
vn -0.023932 0.000000 -0.097094
vn -0.035460 0.000000 -0.093502
vn -0.046472 0.000000 -0.088546
vn -0.056806 0.000000 -0.082298
vn -0.066312 0.000000 -0.074851
vn -0.074851 0.000000 -0.066312
vn -0.082298 0.000000 -0.056806
vn -0.088546 0.000000 -0.046472
vn -0.093502 0.000000 -0.035460
vn -0.097094 0.000000 -0.023932
vn -0.099271 0.000000 -0.012054
vn -0.100000 0.000000 0.000000
vn -0.099271 0.000000 0.012054
vn -0.097094 0.000000 0.023932
vn -0.093502 0.000000 0.035460
vn -0.088546 0.000000 0.046472
vn -0.082298 0.000000 0.056806
vn -0.074851 0.000000 0.066312
vn -0.066312 0.000000 0.074851
vn -0.056806 0.000000 0.082298
vn -0.046472 0.000000 0.088546
vn -0.035460 0.000000 0.093502
vn -0.023932 0.000000 0.097094
vn -0.012054 0.000000 0.099271
vn 0.000000 0.000000 0.100000
vn 0.012054 0.000000 0.099271
vn 0.023932 0.000000 0.097094
vn 0.035460 0.000000 0.093502
vn 0.046472 0.000000 0.088546
vn 0.056806 0.000000 0.082298
vn 0.066312 0.000000 0.074851
vn 0.074851 0.000000 0.066312
vn 0.082298 0.000000 0.056806
vn 0.088546 0.000000 0.046472
vn 0.093502 0.000000 0.035460
vn 0.097094 0.000000 0.023932
vn 0.099271 0.000000 0.012054
vn 0.100000 0.000000 0.000000
vn 0.099271 0.000000 -0.012054
vn 0.097094 0.000000 -0.023932
vn 0.093502 0.000000 -0.035460
vn 0.088546 0.000000 -0.046472
vn 0.082298 0.000000 -0.056806
vn 0.074851 0.000000 -0.066312
vn 0.066312 0.000000 -0.074851
vn 0.056806 0.000000 -0.082298
vn 0.046472 0.000000 -0.088546
vn 0.035460 0.000000 -0.093502
vn 0.023932 0.000000 -0.097094
vn 0.012054 0.000000 -0.099271
vn 0.000000 0.092388 -0.038268
vn 0.000000 0.070711 -0.070711
vn 0.000000 0.038268 -0.092388
vn 0.004613 0.092388 -0.037989
vn 0.008523 0.070711 -0.070195
vn 0.011136 0.038268 -0.091714
vn 0.009158 0.092388 -0.037156
vn 0.016922 0.070711 -0.068656
vn 0.022110 0.038268 -0.089703
vn 0.013570 0.092388 -0.035782
vn 0.025074 0.070711 -0.066116
vn 0.032761 0.038268 -0.086384
vn 0.017784 0.092388 -0.033885
vn 0.032861 0.070711 -0.062611
vn 0.042935 0.038268 -0.081805
vn 0.021739 0.092388 -0.031494
vn 0.040168 0.070711 -0.058194
vn 0.052482 0.038268 -0.076034
vn 0.025377 0.092388 -0.028644
vn 0.046890 0.070711 -0.052928
vn 0.061265 0.038268 -0.069153
vn 0.028644 0.092388 -0.025377
vn 0.052928 0.070711 -0.046890
vn 0.069153 0.038268 -0.061265
vn 0.031494 0.092388 -0.021739
vn 0.058194 0.070711 -0.040168
vn 0.076034 0.038268 -0.052482
vn 0.033885 0.092388 -0.017784
vn 0.062611 0.070711 -0.032861
vn 0.081805 0.038268 -0.042935
vn 0.035782 0.092388 -0.013570
vn 0.066116 0.070711 -0.025074
vn 0.086384 0.038268 -0.032761
vn 0.037156 0.092388 -0.009158
vn 0.068656 0.070711 -0.016922
vn 0.089703 0.038268 -0.022110
vn 0.037989 0.092388 -0.004613
vn 0.070195 0.070711 -0.008523
vn 0.091714 0.038268 -0.011136
vn 0.038268 0.092388 0.000000
vn 0.070711 0.070711 0.000000
vn 0.092388 0.038268 0.000000
vn 0.037989 0.092388 0.004613
vn 0.070195 0.070711 0.008523
vn 0.091714 0.038268 0.011136
vn 0.037156 0.092388 0.009158
vn 0.068656 0.070711 0.016922
vn 0.089703 0.038268 0.022110
vn 0.035782 0.092388 0.013570
vn 0.066116 0.070711 0.025074
vn 0.086384 0.038268 0.032761
vn 0.033885 0.092388 0.017784
vn 0.062611 0.070711 0.032861
vn 0.081805 0.038268 0.042935
vn 0.031494 0.092388 0.021739
vn 0.058194 0.070711 0.040168
vn 0.076034 0.038268 0.052482
vn 0.028644 0.092388 0.025377
vn 0.052928 0.070711 0.046890
vn 0.069153 0.038268 0.061265
vn 0.025377 0.092388 0.028644
vn 0.046890 0.070711 0.052928
vn 0.061265 0.038268 0.069153
vn 0.021739 0.092388 0.031494
vn 0.040168 0.070711 0.058194
vn 0.052482 0.038268 0.076034
vn 0.017784 0.092388 0.033885
vn 0.032861 0.070711 0.062611
vn 0.042935 0.038268 0.081805
vn 0.013570 0.092388 0.035782
vn 0.025074 0.070711 0.066116
vn 0.032761 0.038268 0.086384
vn 0.009158 0.092388 0.037156
vn 0.016922 0.070711 0.068656
vn 0.022110 0.038268 0.089703
vn 0.004613 0.092388 0.037989
vn 0.008523 0.070711 0.070195
vn 0.011136 0.038268 0.091714
vn -0.004613 0.092388 0.037989
vn -0.008523 0.070711 0.070195
vn -0.011136 0.038268 0.091714
vn 0.000000 0.038268 0.092388
vn 0.000000 0.070711 0.070711
vn 0.000000 0.092388 0.038268
vn -0.009158 0.092388 0.037156
vn -0.016922 0.070711 0.068656
vn -0.022110 0.038268 0.089703
vn -0.013570 0.092388 0.035782
vn -0.025074 0.070711 0.066116
vn -0.032761 0.038268 0.086384
vn -0.017784 0.092388 0.033885
vn -0.032861 0.070711 0.062611
vn -0.042935 0.038268 0.081805
vn -0.021739 0.092388 0.031494
vn -0.040168 0.070711 0.058194
vn -0.052482 0.038268 0.076034
vn -0.025377 0.092388 0.028644
vn -0.046890 0.070711 0.052928
vn -0.061265 0.038268 0.069153
vn -0.028644 0.092388 0.025377
vn -0.052928 0.070711 0.046890
vn -0.069153 0.038268 0.061265
vn -0.031494 0.092388 0.021739
vn -0.058194 0.070711 0.040168
vn -0.076034 0.038268 0.052482
vn -0.033885 0.092388 0.017784
vn -0.062611 0.070711 0.032861
vn -0.081805 0.038268 0.042935
vn -0.035782 0.092388 0.013570
vn -0.066116 0.070711 0.025074
vn -0.086384 0.038268 0.032761
vn -0.037156 0.092388 0.009158
vn -0.068656 0.070711 0.016922
vn -0.089703 0.038268 0.022110
vn -0.037989 0.092388 0.004613
vn -0.070195 0.070711 0.008523
vn -0.091714 0.038268 0.011136
vn -0.038268 0.092388 0.000000
vn -0.070711 0.070711 0.000000
vn -0.092388 0.038268 0.000000
vn -0.037989 0.092388 -0.004613
vn -0.070195 0.070711 -0.008523
vn -0.091714 0.038268 -0.011136
vn -0.037156 0.092388 -0.009158
vn -0.068656 0.070711 -0.016922
vn -0.089703 0.038268 -0.022110
vn -0.035782 0.092388 -0.013570
vn -0.066116 0.070711 -0.025074
vn -0.086384 0.038268 -0.032761
vn -0.033885 0.092388 -0.017784
vn -0.062611 0.070711 -0.032861
vn -0.081805 0.038268 -0.042935
vn -0.031494 0.092388 -0.021739
vn -0.058194 0.070711 -0.040168
vn -0.076034 0.038268 -0.052482
vn -0.028644 0.092388 -0.025377
vn -0.052928 0.070711 -0.046890
vn -0.069153 0.038268 -0.061265
vn -0.025377 0.092388 -0.028644
vn -0.046890 0.070711 -0.052928
vn -0.061265 0.038268 -0.069153
vn -0.021739 0.092388 -0.031494
vn -0.040168 0.070711 -0.058194
vn -0.052482 0.038268 -0.076034
vn -0.017784 0.092388 -0.033885
vn -0.032861 0.070711 -0.062611
vn -0.042935 0.038268 -0.081805
vn -0.013570 0.092388 -0.035782
vn -0.025074 0.070711 -0.066116
vn -0.032761 0.038268 -0.086384
vn -0.009158 0.092388 -0.037156
vn -0.016922 0.070711 -0.068656
vn -0.022110 0.038268 -0.089703
vn -0.004613 0.092388 -0.037989
vn -0.008523 0.070711 -0.070195
vn -0.011136 0.038268 -0.091714
vn 0.000000 0.092388 -0.038268
vn 0.000000 0.100000 0.000000
vn 0.000000 0.100000 0.000000
vn 0.000000 0.092388 -0.038268
vn 0.000000 0.070711 -0.070711
vn 0.008523 0.070711 -0.070195
vn 0.000000 0.038268 -0.092388
vn 0.011136 0.038268 -0.091714
vn 0.012054 0.000000 -0.099271
vn 0.000000 0.100000 0.000000
vn 0.000000 0.100000 0.000000
vn 0.000000 0.100000 0.000000
vn 0.000000 0.100000 0.000000
vn 0.000000 0.100000 0.000000
vn 0.000000 0.100000 0.000000
vn 0.000000 0.100000 0.000000
vn 0.000000 0.100000 0.000000
vn 0.000000 0.100000 0.000000
vn 0.000000 0.100000 0.000000
vn 0.000000 0.100000 0.000000
vn 0.000000 0.100000 0.000000
vn 0.000000 0.100000 0.000000
vn 0.000000 0.100000 0.000000
vn 0.000000 0.100000 0.000000
vn 0.000000 0.100000 0.000000
vn 0.000000 0.100000 0.000000
vn 0.000000 0.100000 0.000000
vn 0.000000 0.100000 0.000000
vn 0.000000 0.100000 0.000000
vn 0.000000 0.100000 0.000000
vn 0.000000 0.100000 0.000000
vn 0.000000 0.100000 0.000000
vn 0.000000 0.100000 0.000000
vn 0.000000 0.100000 0.000000
vn 0.000000 0.100000 0.000000
vn 0.000000 0.100000 0.000000
vn 0.000000 0.100000 0.000000
vn 0.000000 0.100000 0.000000
vn 0.000000 0.100000 0.000000
vn 0.000000 0.100000 0.000000
vn 0.000000 0.100000 0.000000
vn 0.000000 0.100000 0.000000
vn 0.000000 0.100000 0.000000
vn 0.000000 0.100000 0.000000
vn 0.000000 0.100000 0.000000
vn 0.000000 0.100000 0.000000
vn 0.000000 0.100000 0.000000
vn 0.000000 0.100000 0.000000
vn 0.000000 0.100000 0.000000
vn 0.000000 0.100000 0.000000
vn 0.000000 0.100000 0.000000
vn 0.000000 0.100000 0.000000
vn 0.000000 0.100000 0.000000
vn 0.000000 0.100000 0.000000
vn 0.000000 0.100000 0.000000
vn 0.000000 0.100000 0.000000
vn 0.000000 0.100000 0.000000
vn 0.000000 0.100000 0.000000
vn 0.000000 0.100000 0.000000
vn 0.000000 -0.100000 0.000000
vn 0.000000 -0.100000 0.000000
vn 0.000000 -0.100000 0.000000
vn 0.000000 -0.100000 0.000000
vn 0.000000 -0.100000 0.000000
vn 0.000000 -0.100000 0.000000
vn 0.000000 -0.100000 0.000000
vn 0.000000 -0.100000 0.000000
vn 0.000000 -0.100000 0.000000
vn 0.000000 -0.100000 0.000000
vn 0.000000 -0.100000 0.000000
vn 0.000000 -0.100000 0.000000
vn 0.000000 -0.100000 0.000000
vn 0.000000 -0.100000 0.000000
vn 0.000000 -0.100000 0.000000
vn 0.000000 -0.100000 0.000000
vn 0.000000 -0.100000 0.000000
vn 0.000000 -0.100000 0.000000
vn 0.000000 -0.100000 0.000000
vn 0.000000 -0.100000 0.000000
vn 0.000000 -0.100000 0.000000
vn 0.000000 -0.100000 0.000000
vn 0.000000 -0.100000 0.000000
vn 0.000000 -0.100000 0.000000
vn 0.000000 -0.100000 0.000000
vn 0.000000 -0.100000 0.000000
vn 0.000000 -0.100000 0.000000
vn 0.000000 -0.100000 0.000000
vn 0.000000 -0.100000 0.000000
vn 0.000000 -0.100000 0.000000
vn 0.000000 -0.100000 0.000000
vn 0.000000 -0.100000 0.000000
vn 0.000000 -0.100000 0.000000
vn 0.000000 -0.100000 0.000000
vn 0.000000 -0.100000 0.000000
vn 0.000000 -0.100000 0.000000
vn 0.000000 -0.100000 0.000000
vn 0.000000 -0.100000 0.000000
vn 0.000000 -0.100000 0.000000
vn 0.000000 -0.100000 0.000000
vn 0.000000 -0.100000 0.000000
vn 0.000000 -0.100000 0.000000
vn 0.000000 -0.100000 0.000000
vn 0.000000 -0.100000 0.000000
vn 0.000000 -0.100000 0.000000
vn 0.000000 -0.100000 0.000000
vn 0.000000 -0.100000 0.000000
vn 0.000000 -0.100000 0.000000
vn 0.000000 -0.100000 0.000000
vn 0.000000 -0.100000 0.000000
vn 0.000000 0.000000 -0.100000
vn 0.012054 0.000000 -0.099271
vn 0.023932 0.000000 -0.097094
vn 0.035460 0.000000 -0.093502
vn 0.046472 0.000000 -0.088546
vn 0.056806 0.000000 -0.082298
vn 0.066312 0.000000 -0.074851
vn 0.074851 0.000000 -0.066312
vn 0.082298 0.000000 -0.056806
vn 0.088546 0.000000 -0.046472
vn 0.093502 0.000000 -0.035460
vn 0.097094 0.000000 -0.023932
vn 0.099271 0.000000 -0.012054
vn 0.100000 0.000000 0.000000
vn 0.099271 0.000000 0.012054
vn 0.097094 0.000000 0.023932
vn 0.093502 0.000000 0.035460
vn 0.088546 0.000000 0.046472
vn 0.082298 0.000000 0.056806
vn 0.074851 0.000000 0.066312
vn 0.066312 0.000000 0.074851
vn 0.056806 0.000000 0.082298
vn 0.046472 0.000000 0.088546
vn 0.035460 0.000000 0.093502
vn 0.023932 0.000000 0.097094
vn 0.012054 0.000000 0.099271
vn 0.000000 0.000000 0.100000
vn -0.012054 0.000000 0.099271
vn -0.023932 0.000000 0.097094
vn -0.035460 0.000000 0.093502
vn -0.046472 0.000000 0.088546
vn -0.056806 0.000000 0.082298
vn -0.066312 0.000000 0.074851
vn -0.074851 0.000000 0.066312
vn -0.082298 0.000000 0.056806
vn -0.088546 0.000000 0.046472
vn -0.093502 0.000000 0.035460
vn -0.097094 0.000000 0.023932
vn -0.099271 0.000000 0.012054
vn -0.100000 0.000000 0.000000
vn -0.099271 0.000000 -0.012054
vn -0.097094 0.000000 -0.023932
vn -0.093502 0.000000 -0.035460
vn -0.088546 0.000000 -0.046472
vn -0.082298 0.000000 -0.056806
vn -0.074851 0.000000 -0.066312
vn -0.066312 0.000000 -0.074851
vn -0.056806 0.000000 -0.082298
vn -0.046472 0.000000 -0.088546
vn -0.035460 0.000000 -0.093502
vn -0.023932 0.000000 -0.097094
vn -0.012054 0.000000 -0.099271
vn 0.000000 -0.100000 0.000000
vn 0.000000 -0.100000 0.000000
vn 0.000000 -0.100000 0.000000
vn 0.000000 -0.100000 0.000000
vn 0.000000 -0.100000 0.000000
vn 0.000000 -0.100000 0.000000
vn 0.000000 -0.100000 0.000000
vn 0.000000 -0.100000 0.000000
vn 0.000000 -0.100000 0.000000
vn 0.000000 -0.100000 0.000000
vn 0.000000 -0.100000 0.000000
vn 0.000000 -0.100000 0.000000
vn 0.000000 -0.100000 0.000000
vn 0.000000 -0.100000 0.000000
vn 0.000000 -0.100000 0.000000
vn 0.000000 -0.100000 0.000000
vn 0.000000 -0.100000 0.000000
vn 0.000000 -0.100000 0.000000
vn 0.000000 -0.100000 0.000000
vn 0.000000 -0.100000 0.000000
vn 0.000000 -0.100000 0.000000
vn 0.000000 -0.100000 0.000000
vn 0.000000 -0.100000 0.000000
vn 0.000000 -0.100000 0.000000
vn 0.000000 -0.100000 0.000000
vn 0.000000 -0.100000 0.000000
vn 0.000000 -0.100000 0.000000
vn 0.000000 -0.100000 0.000000
vn 0.000000 -0.100000 0.000000
vn 0.000000 -0.100000 0.000000
vn 0.000000 -0.100000 0.000000
vn 0.000000 -0.100000 0.000000
vn 0.000000 -0.100000 0.000000
vn 0.000000 -0.100000 0.000000
vn 0.000000 -0.100000 0.000000
vn 0.000000 -0.100000 0.000000
vn 0.000000 -0.100000 0.000000
vn 0.000000 -0.100000 0.000000
vn 0.000000 -0.100000 0.000000
vn 0.000000 -0.100000 0.000000
vn 0.000000 -0.100000 0.000000
vn 0.000000 -0.100000 0.000000
vn 0.000000 -0.100000 0.000000
vn 0.000000 -0.100000 0.000000
vn 0.000000 -0.100000 0.000000
vn 0.000000 -0.100000 0.000000
vn 0.000000 -0.100000 0.000000
vn 0.000000 -0.100000 0.000000
vn 0.000000 -0.100000 0.000000
vn 0.000000 -0.100000 0.000000
vn 0.000000 -0.038268 -0.092388
vn 0.000000 -0.070711 -0.070711
vn 0.000000 -0.092388 -0.038268
vn 0.011136 -0.038268 -0.091714
vn 0.008523 -0.070711 -0.070195
vn 0.004613 -0.092388 -0.037989
vn 0.022110 -0.038268 -0.089703
vn 0.016922 -0.070711 -0.068656
vn 0.009158 -0.092388 -0.037156
vn 0.032761 -0.038268 -0.086384
vn 0.025074 -0.070711 -0.066116
vn 0.013570 -0.092388 -0.035782
vn 0.042935 -0.038268 -0.081805
vn 0.032861 -0.070711 -0.062611
vn 0.017784 -0.092388 -0.033885
vn 0.052482 -0.038268 -0.076034
vn 0.040168 -0.070711 -0.058194
vn 0.021739 -0.092388 -0.031494
vn 0.061265 -0.038268 -0.069153
vn 0.046890 -0.070711 -0.052928
vn 0.025377 -0.092388 -0.028644
vn 0.069153 -0.038268 -0.061265
vn 0.052928 -0.070711 -0.046890
vn 0.028644 -0.092388 -0.025377
vn 0.076034 -0.038268 -0.052482
vn 0.058194 -0.070711 -0.040168
vn 0.031494 -0.092388 -0.021739
vn 0.081805 -0.038268 -0.042935
vn 0.062611 -0.070711 -0.032861
vn 0.033885 -0.092388 -0.017784
vn 0.086384 -0.038268 -0.032761
vn 0.066116 -0.070711 -0.025074
vn 0.035782 -0.092388 -0.013570
vn 0.089703 -0.038268 -0.022110
vn 0.068656 -0.070711 -0.016922
vn 0.037156 -0.092388 -0.009158
vn 0.091714 -0.038268 -0.011136
vn 0.070195 -0.070711 -0.008523
vn 0.037989 -0.092388 -0.004613
vn 0.092388 -0.038268 0.000000
vn 0.070711 -0.070711 0.000000
vn 0.038268 -0.092388 0.000000
vn 0.091714 -0.038268 0.011136
vn 0.070195 -0.070711 0.008523
vn 0.037989 -0.092388 0.004613
vn 0.089703 -0.038268 0.022110
vn 0.068656 -0.070711 0.016922
vn 0.037156 -0.092388 0.009158
vn 0.086384 -0.038268 0.032761
vn 0.066116 -0.070711 0.025074
vn 0.035782 -0.092388 0.013570
vn 0.081805 -0.038268 0.042935
vn 0.062611 -0.070711 0.032861
vn 0.033885 -0.092388 0.017784
vn 0.076034 -0.038268 0.052482
vn 0.058194 -0.070711 0.040168
vn 0.031494 -0.092388 0.021739
vn 0.069153 -0.038268 0.061265
vn 0.052928 -0.070711 0.046890
vn 0.028644 -0.092388 0.025377
vn 0.061265 -0.038268 0.069153
vn 0.046890 -0.070711 0.052928
vn 0.025377 -0.092388 0.028644
vn 0.052482 -0.038268 0.076034
vn 0.040168 -0.070711 0.058194
vn 0.021739 -0.092388 0.031494
vn 0.042935 -0.038268 0.081805
vn 0.032861 -0.070711 0.062611
vn 0.017784 -0.092388 0.033885
vn 0.032761 -0.038268 0.086384
vn 0.025074 -0.070711 0.066116
vn 0.013570 -0.092388 0.035782
vn 0.022110 -0.038268 0.089703
vn 0.016922 -0.070711 0.068656
vn 0.009158 -0.092388 0.037156
vn 0.011136 -0.038268 0.091714
vn 0.008523 -0.070711 0.070195
vn 0.004613 -0.092388 0.037989
vn 0.000000 -0.038268 0.092388
vn 0.000000 -0.070711 0.070711
vn 0.000000 -0.092388 0.038268
vn -0.011136 -0.038268 0.091714
vn -0.008523 -0.070711 0.070195
vn -0.004613 -0.092388 0.037989
vn -0.022110 -0.038268 0.089703
vn -0.016922 -0.070711 0.068656
vn -0.009158 -0.092388 0.037156
vn -0.032761 -0.038268 0.086384
vn -0.025074 -0.070711 0.066116
vn -0.013570 -0.092388 0.035782
vn -0.042935 -0.038268 0.081805
vn -0.032861 -0.070711 0.062611
vn -0.017784 -0.092388 0.033885
vn -0.052482 -0.038268 0.076034
vn -0.040168 -0.070711 0.058194
vn -0.021739 -0.092388 0.031494
vn -0.061265 -0.038268 0.069153
vn -0.046890 -0.070711 0.052928
vn -0.025377 -0.092388 0.028644
vn -0.069153 -0.038268 0.061265
vn -0.052928 -0.070711 0.046890
vn -0.028644 -0.092388 0.025377
vn -0.076034 -0.038268 0.052482
vn -0.058194 -0.070711 0.040168
vn -0.031494 -0.092388 0.021739
vn -0.081805 -0.038268 0.042935
vn -0.062611 -0.070711 0.032861
vn -0.033885 -0.092388 0.017784
vn -0.086384 -0.038268 0.032761
vn -0.066116 -0.070711 0.025074
vn -0.035782 -0.092388 0.013570
vn -0.089703 -0.038268 0.022110
vn -0.068656 -0.070711 0.016922
vn -0.037156 -0.092388 0.009158
vn -0.091714 -0.038268 0.011136
vn -0.070195 -0.070711 0.008523
vn -0.037989 -0.092388 0.004613
vn -0.092388 -0.038268 0.000000
vn -0.070711 -0.070711 0.000000
vn -0.038268 -0.092388 0.000000
vn -0.091714 -0.038268 -0.011136
vn -0.070195 -0.070711 -0.008523
vn -0.037989 -0.092388 -0.004613
vn -0.089703 -0.038268 -0.022110
vn -0.068656 -0.070711 -0.016922
vn -0.037156 -0.092388 -0.009158
vn -0.086384 -0.038268 -0.032761
vn -0.066116 -0.070711 -0.025074
vn -0.035782 -0.092388 -0.013570
vn -0.081805 -0.038268 -0.042935
vn -0.062611 -0.070711 -0.032861
vn -0.033885 -0.092388 -0.017784
vn -0.076034 -0.038268 -0.052482
vn -0.058194 -0.070711 -0.040168
vn -0.031494 -0.092388 -0.021739
vn -0.069153 -0.038268 -0.061265
vn -0.052928 -0.070711 -0.046890
vn -0.028644 -0.092388 -0.025377
vn -0.061265 -0.038268 -0.069153
vn -0.046890 -0.070711 -0.052928
vn -0.025377 -0.092388 -0.028644
vn -0.052482 -0.038268 -0.076034
vn -0.040168 -0.070711 -0.058194
vn -0.021739 -0.092388 -0.031494
vn -0.042935 -0.038268 -0.081805
vn -0.032861 -0.070711 -0.062611
vn -0.017784 -0.092388 -0.033885
vn -0.032761 -0.038268 -0.086384
vn -0.025074 -0.070711 -0.066116
vn -0.013570 -0.092388 -0.035782
vn -0.022110 -0.038268 -0.089703
vn -0.016922 -0.070711 -0.068656
vn -0.009158 -0.092388 -0.037156
vn -0.011136 -0.038268 -0.091714
vn -0.008523 -0.070711 -0.070195
vn -0.004613 -0.092388 -0.037989
vn 0.000000 -0.038268 -0.092388
vn 0.000000 0.000000 -0.100000
vn 0.004613 -0.092388 -0.037989
vn 0.004613 -0.092388 -0.037989
vn 0.000000 -0.070711 -0.070711
vn 0.008523 -0.070711 -0.070195
vn 0.000000 -0.038268 -0.092388
vn 0.000000 -0.100000 0.000000
vn 0.000000 0.000000 -0.100000
vn 0.012054 0.000000 -0.099271
vn 0.023932 0.000000 -0.097094
vn 0.035460 0.000000 -0.093502
vn 0.046472 0.000000 -0.088546
vn 0.056806 0.000000 -0.082298
vn 0.066312 0.000000 -0.074851
vn 0.074851 0.000000 -0.066312
vn 0.082298 0.000000 -0.056806
vn 0.088546 0.000000 -0.046472
vn 0.093502 0.000000 -0.035460
vn 0.097094 0.000000 -0.023932
vn 0.099271 0.000000 -0.012054
vn 0.100000 0.000000 0.000000
vn 0.099271 0.000000 0.012054
vn 0.097094 0.000000 0.023932
vn 0.093502 0.000000 0.035460
vn 0.088546 0.000000 0.046472
vn 0.082298 0.000000 0.056806
vn 0.074851 0.000000 0.066312
vn 0.066312 0.000000 0.074851
vn 0.056806 0.000000 0.082298
vn 0.046472 0.000000 0.088546
vn 0.035460 0.000000 0.093502
vn 0.023932 0.000000 0.097094
vn 0.012054 0.000000 0.099271
vn 0.000000 0.000000 0.100000
vn -0.012054 0.000000 0.099271
vn -0.023932 0.000000 0.097094
vn -0.035460 0.000000 0.093502
vn -0.046472 0.000000 0.088546
vn -0.056806 0.000000 0.082298
vn -0.066312 0.000000 0.074851
vn -0.074851 0.000000 0.066312
vn -0.082298 0.000000 0.056806
vn -0.088546 0.000000 0.046472
vn -0.093502 0.000000 0.035460
vn -0.097094 0.000000 0.023932
vn -0.099271 0.000000 0.012054
vn -0.100000 0.000000 0.000000
vn -0.099271 0.000000 -0.012054
vn -0.097094 0.000000 -0.023932
vn -0.093502 0.000000 -0.035460
vn -0.088546 0.000000 -0.046472
vn -0.082298 0.000000 -0.056806
vn -0.074851 0.000000 -0.066312
vn -0.066312 0.000000 -0.074851
vn -0.056806 0.000000 -0.082298
vn -0.046472 0.000000 -0.088546
vn -0.035460 0.000000 -0.093502
vn -0.023932 0.000000 -0.097094
vn -0.012054 0.000000 -0.099271
vn 0.000000 0.000000 -0.100000
vn -0.012054 0.000000 -0.099271
vn -0.023932 0.000000 -0.097094
vn -0.035460 0.000000 -0.093502
vn -0.046472 0.000000 -0.088546
vn -0.056806 0.000000 -0.082298
vn -0.066312 0.000000 -0.074851
vn -0.074851 0.000000 -0.066312
vn -0.082298 0.000000 -0.056806
vn -0.088546 0.000000 -0.046472
vn -0.093502 0.000000 -0.035460
vn -0.097094 0.000000 -0.023932
vn -0.099271 0.000000 -0.012054
vn -0.100000 0.000000 0.000000
vn -0.099271 0.000000 0.012054
vn -0.097094 0.000000 0.023932
vn -0.093502 0.000000 0.035460
vn -0.088546 0.000000 0.046472
vn -0.082298 0.000000 0.056806
vn -0.074851 0.000000 0.066312
vn -0.066312 0.000000 0.074851
vn -0.056806 0.000000 0.082298
vn -0.046472 0.000000 0.088546
vn -0.035460 0.000000 0.093502
vn -0.023932 0.000000 0.097094
vn -0.012054 0.000000 0.099271
vn 0.000000 0.000000 0.100000
vn 0.012054 0.000000 0.099271
vn 0.023932 0.000000 0.097094
vn 0.035460 0.000000 0.093502
vn 0.046472 0.000000 0.088546
vn 0.056806 0.000000 0.082298
vn 0.066312 0.000000 0.074851
vn 0.074851 0.000000 0.066312
vn 0.082298 0.000000 0.056806
vn 0.088546 0.000000 0.046472
vn 0.093502 0.000000 0.035460
vn 0.097094 0.000000 0.023932
vn 0.099271 0.000000 0.012054
vn 0.100000 0.000000 0.000000
vn 0.099271 0.000000 -0.012054
vn 0.097094 0.000000 -0.023932
vn 0.093502 0.000000 -0.035460
vn 0.088546 0.000000 -0.046472
vn 0.082298 0.000000 -0.056806
vn 0.074851 0.000000 -0.066312
vn 0.066312 0.000000 -0.074851
vn 0.056806 0.000000 -0.082298
vn 0.046472 0.000000 -0.088546
vn 0.035460 0.000000 -0.093502
vn 0.023932 0.000000 -0.097094
vn 0.012054 0.000000 -0.099271
vn 0.000000 0.000000 0.100000
vn 0.000000 0.000000 0.100000
vn 0.000000 0.100000 0.000000
vn 0.000000 0.100000 0.000000
vn 0.000000 0.100000 0.000000
vn 0.000000 0.100000 0.000000
vn 0.000000 0.100000 0.000000
vn 0.000000 0.100000 0.000000
vn 0.000000 0.100000 0.000000
vn 0.000000 0.100000 0.000000
vn 0.000000 0.100000 0.000000
vn 0.000000 0.100000 0.000000
vn 0.000000 0.100000 0.000000
vn 0.000000 0.100000 0.000000
vn 0.000000 0.100000 0.000000
vn 0.000000 0.100000 0.000000
vn 0.000000 0.100000 0.000000
vn 0.000000 0.100000 0.000000
vn 0.000000 0.100000 0.000000
vn 0.000000 0.100000 0.000000
vn 0.000000 0.100000 0.000000
vn 0.000000 0.100000 0.000000
vn 0.000000 0.100000 0.000000
vn 0.000000 0.100000 0.000000
vn 0.000000 0.100000 0.000000
vn 0.000000 0.100000 0.000000
vn 0.000000 0.100000 0.000000
vn 0.000000 0.100000 0.000000
vn 0.000000 0.100000 0.000000
vn 0.000000 0.100000 0.000000
vn 0.000000 0.100000 0.000000
vn 0.000000 0.100000 0.000000
vn 0.000000 0.100000 0.000000
vn 0.000000 0.100000 0.000000
vn 0.000000 0.100000 0.000000
vn 0.000000 0.100000 0.000000
vn 0.000000 0.100000 0.000000
vn 0.000000 0.100000 0.000000
vn 0.000000 0.100000 0.000000
vn 0.000000 0.100000 0.000000
vn 0.000000 0.100000 0.000000
vn 0.000000 0.100000 0.000000
vn 0.000000 0.100000 0.000000
vn 0.000000 0.100000 0.000000
vn 0.000000 0.100000 0.000000
vn 0.000000 0.100000 0.000000
vn 0.000000 0.100000 0.000000
vn 0.000000 0.100000 0.000000
vn 0.000000 0.100000 0.000000
vn 0.000000 0.100000 0.000000
vn 0.000000 0.100000 0.000000
vn 0.000000 0.100000 0.000000
vn 0.000000 0.100000 0.000000
vn 0.000000 0.100000 0.000000
vn 0.000000 0.100000 0.000000
vn 0.000000 0.100000 0.000000
vn 0.000000 0.100000 0.000000
vn 0.000000 0.100000 0.000000
vn 0.000000 0.100000 0.000000
vn 0.000000 0.100000 0.000000
vn 0.000000 0.100000 0.000000
vn 0.000000 0.100000 0.000000
vn 0.000000 0.100000 0.000000
vn 0.000000 0.100000 0.000000
vn 0.000000 0.100000 0.000000
vn 0.000000 0.100000 0.000000
vn 0.000000 0.100000 0.000000
vn 0.000000 0.100000 0.000000
vn 0.000000 0.100000 0.000000
vn 0.000000 0.100000 0.000000
vn 0.000000 0.100000 0.000000
vn 0.000000 0.100000 0.000000
vn 0.000000 0.100000 0.000000
vn 0.000000 0.100000 0.000000
vn 0.000000 0.100000 0.000000
vn 0.000000 0.100000 0.000000
vn 0.000000 0.100000 0.000000
vn 0.000000 0.100000 0.000000
vn 0.000000 0.100000 0.000000
vn 0.000000 0.100000 0.000000
vn 0.000000 0.100000 0.000000
vn 0.000000 0.100000 0.000000
vn 0.000000 0.100000 0.000000
vn 0.000000 0.100000 0.000000
vn 0.000000 0.100000 0.000000
vn 0.000000 0.100000 0.000000
vn 0.000000 0.100000 0.000000
vn 0.000000 0.100000 0.000000
vn 0.000000 0.100000 0.000000
vn 0.000000 0.100000 0.000000
vn 0.000000 0.100000 0.000000
vn 0.000000 0.100000 0.000000
vn 0.000000 0.100000 0.000000
vn 0.000000 0.100000 0.000000
vn 0.000000 0.100000 0.000000
vn 0.000000 0.100000 0.000000
vn 0.000000 0.100000 0.000000
vn 0.000000 0.100000 0.000000
vn 0.000000 0.100000 0.000000
vn 0.000000 0.100000 0.000000
vn 0.000000 0.100000 0.000000
vn 0.000000 0.100000 0.000000
vn 0.000000 0.100000 0.000000
vn 0.000000 0.100000 0.000000
vn 0.000000 0.100000 0.000000
vn 0.000000 0.000000 -0.100000
vn 0.012054 0.000000 -0.099271
vn 0.023932 0.000000 -0.097094
vn 0.035460 0.000000 -0.093502
vn 0.046472 0.000000 -0.088546
vn 0.056806 0.000000 -0.082298
vn 0.066312 0.000000 -0.074851
vn 0.074851 0.000000 -0.066312
vn 0.082298 0.000000 -0.056806
vn 0.088546 0.000000 -0.046472
vn 0.093502 0.000000 -0.035460
vn 0.097094 0.000000 -0.023932
vn 0.099271 0.000000 -0.012054
vn 0.100000 0.000000 0.000000
vn 0.099271 0.000000 0.012054
vn 0.097094 0.000000 0.023932
vn 0.093502 0.000000 0.035460
vn 0.088546 0.000000 0.046472
vn 0.082298 0.000000 0.056806
vn 0.074851 0.000000 0.066312
vn 0.066312 0.000000 0.074851
vn 0.056806 0.000000 0.082298
vn 0.046472 0.000000 0.088546
vn 0.035460 0.000000 0.093502
vn 0.023932 0.000000 0.097094
vn 0.012054 0.000000 0.099271
vn 0.000000 0.000000 0.100000
vn -0.012054 0.000000 0.099271
vn -0.023932 0.000000 0.097094
vn -0.035460 0.000000 0.093502
vn -0.046472 0.000000 0.088546
vn -0.056806 0.000000 0.082298
vn -0.066312 0.000000 0.074851
vn -0.074851 0.000000 0.066312
vn -0.082298 0.000000 0.056806
vn -0.088546 0.000000 0.046472
vn -0.093502 0.000000 0.035460
vn -0.097094 0.000000 0.023932
vn -0.099271 0.000000 0.012054
vn -0.100000 0.000000 0.000000
vn -0.099271 0.000000 -0.012054
vn -0.097094 0.000000 -0.023932
vn -0.093502 0.000000 -0.035460
vn -0.088546 0.000000 -0.046472
vn -0.082298 0.000000 -0.056806
vn -0.074851 0.000000 -0.066312
vn -0.066312 0.000000 -0.074851
vn -0.056806 0.000000 -0.082298
vn -0.046472 0.000000 -0.088546
vn -0.035460 0.000000 -0.093502
vn -0.023932 0.000000 -0.097094
vn -0.012054 0.000000 -0.099271
vn 0.000000 -0.100000 0.000000
vn 0.000000 -0.100000 0.000000
vn 0.000000 -0.100000 0.000000
vn 0.000000 -0.100000 0.000000
vn 0.000000 -0.100000 0.000000
vn 0.000000 -0.100000 0.000000
vn 0.000000 -0.100000 0.000000
vn 0.000000 -0.100000 0.000000
vn 0.000000 -0.100000 0.000000
vn 0.000000 -0.100000 0.000000
vn 0.000000 -0.100000 0.000000
vn 0.000000 -0.100000 0.000000
vn 0.000000 -0.100000 0.000000
vn 0.000000 -0.100000 0.000000
vn 0.000000 -0.100000 0.000000
vn 0.000000 -0.100000 0.000000
vn 0.000000 -0.100000 0.000000
vn 0.000000 -0.100000 0.000000
vn 0.000000 -0.100000 0.000000
vn 0.000000 -0.100000 0.000000
vn 0.000000 -0.100000 0.000000
vn 0.000000 -0.100000 0.000000
vn 0.000000 -0.100000 0.000000
vn 0.000000 -0.100000 0.000000
vn 0.000000 -0.100000 0.000000
vn 0.000000 -0.100000 0.000000
vn 0.000000 -0.100000 0.000000
vn 0.000000 -0.100000 0.000000
vn 0.000000 -0.100000 0.000000
vn 0.000000 -0.100000 0.000000
vn 0.000000 -0.100000 0.000000
vn 0.000000 -0.100000 0.000000
vn 0.000000 -0.100000 0.000000
vn 0.000000 -0.100000 0.000000
vn 0.000000 -0.100000 0.000000
vn 0.000000 -0.100000 0.000000
vn 0.000000 -0.100000 0.000000
vn 0.000000 -0.100000 0.000000
vn 0.000000 -0.100000 0.000000
vn 0.000000 -0.100000 0.000000
vn 0.000000 -0.100000 0.000000
vn 0.000000 -0.100000 0.000000
vn 0.000000 -0.100000 0.000000
vn 0.000000 -0.100000 0.000000
vn 0.000000 -0.100000 0.000000
vn 0.000000 -0.100000 0.000000
vn 0.000000 -0.100000 0.000000
vn 0.000000 -0.100000 0.000000
vn 0.000000 -0.100000 0.000000
vn 0.000000 -0.100000 0.000000
vn 0.000000 -0.100000 0.000000
vn 0.000000 -0.050000 -0.086603
vn 0.000000 -0.086603 -0.050000
vn 0.010439 -0.050000 -0.085971
vn 0.006027 -0.086603 -0.049635
vn 0.020725 -0.050000 -0.084086
vn 0.011966 -0.086603 -0.048547
vn 0.030710 -0.050000 -0.080975
vn 0.017730 -0.086603 -0.046751
vn 0.040246 -0.050000 -0.076683
vn 0.023236 -0.086603 -0.044273
vn 0.049196 -0.050000 -0.071272
vn 0.028403 -0.086603 -0.041149
vn 0.057428 -0.050000 -0.064823
vn 0.033156 -0.086603 -0.037426
vn 0.064823 -0.050000 -0.057428
vn 0.037426 -0.086603 -0.033156
vn 0.071272 -0.050000 -0.049196
vn 0.041149 -0.086603 -0.028403
vn 0.076683 -0.050000 -0.040246
vn 0.044273 -0.086603 -0.023236
vn 0.080975 -0.050000 -0.030710
vn 0.046751 -0.086603 -0.017730
vn 0.084086 -0.050000 -0.020725
vn 0.048547 -0.086603 -0.011966
vn 0.085971 -0.050000 -0.010439
vn 0.049635 -0.086603 -0.006027
vn 0.086603 -0.050000 0.000000
vn 0.050000 -0.086603 0.000000
vn 0.085971 -0.050000 0.010439
vn 0.049635 -0.086603 0.006027
vn 0.084086 -0.050000 0.020725
vn 0.048547 -0.086603 0.011966
vn 0.080975 -0.050000 0.030710
vn 0.046751 -0.086603 0.017730
vn 0.076683 -0.050000 0.040246
vn 0.044273 -0.086603 0.023236
vn 0.071272 -0.050000 0.049196
vn 0.041149 -0.086603 0.028403
vn 0.064823 -0.050000 0.057428
vn 0.037426 -0.086603 0.033156
vn 0.057428 -0.050000 0.064823
vn 0.033156 -0.086603 0.037426
vn 0.049196 -0.050000 0.071272
vn 0.028403 -0.086603 0.041149
vn 0.040246 -0.050000 0.076683
vn 0.023236 -0.086603 0.044273
vn 0.030710 -0.050000 0.080975
vn 0.017730 -0.086603 0.046751
vn 0.020725 -0.050000 0.084086
vn 0.011966 -0.086603 0.048547
vn 0.010439 -0.050000 0.085971
vn 0.006027 -0.086603 0.049635
vn 0.000000 -0.050000 0.086603
vn 0.000000 -0.086603 0.050000
vn -0.010439 -0.050000 0.085971
vn -0.006027 -0.086603 0.049635
vn -0.020725 -0.050000 0.084086
vn -0.011966 -0.086603 0.048547
vn -0.030710 -0.050000 0.080975
vn -0.017730 -0.086603 0.046751
vn -0.040246 -0.050000 0.076683
vn -0.023236 -0.086603 0.044273
vn -0.049196 -0.050000 0.071272
vn -0.028403 -0.086603 0.041149
vn -0.057428 -0.050000 0.064823
vn -0.033156 -0.086603 0.037426
vn -0.064823 -0.050000 0.057428
vn -0.037426 -0.086603 0.033156
vn -0.071272 -0.050000 0.049196
vn -0.041149 -0.086603 0.028403
vn -0.076683 -0.050000 0.040246
vn -0.044273 -0.086603 0.023236
vn -0.080975 -0.050000 0.030710
vn -0.046751 -0.086603 0.017730
vn -0.084086 -0.050000 0.020725
vn -0.048547 -0.086603 0.011966
vn -0.085971 -0.050000 0.010439
vn -0.049635 -0.086603 0.006027
vn -0.086603 -0.050000 0.000000
vn -0.050000 -0.086603 0.000000
vn -0.085971 -0.050000 -0.010439
vn -0.049635 -0.086603 -0.006027
vn -0.084086 -0.050000 -0.020725
vn -0.048547 -0.086603 -0.011966
vn -0.080975 -0.050000 -0.030710
vn -0.046751 -0.086603 -0.017730
vn -0.076683 -0.050000 -0.040246
vn -0.044273 -0.086603 -0.023236
vn -0.071272 -0.050000 -0.049196
vn -0.041149 -0.086603 -0.028403
vn -0.064823 -0.050000 -0.057428
vn -0.037426 -0.086603 -0.033156
vn -0.057428 -0.050000 -0.064823
vn -0.033156 -0.086603 -0.037426
vn -0.049196 -0.050000 -0.071272
vn -0.028403 -0.086603 -0.041149
vn -0.040246 -0.050000 -0.076683
vn -0.023236 -0.086603 -0.044273
vn -0.030710 -0.050000 -0.080975
vn -0.017730 -0.086603 -0.046751
vn -0.020725 -0.050000 -0.084086
vn -0.011966 -0.086603 -0.048547
vn -0.010439 -0.050000 -0.085971
vn -0.006027 -0.086603 -0.049635
vn 0.000000 -0.050000 -0.086603
vn 0.000000 0.000000 -0.100000
vn 0.006027 -0.086603 -0.049635
vn 0.006027 -0.086603 -0.049635
vn 0.000000 -0.050000 -0.086603
vn 0.000000 -0.100000 0.000000
vn 0.000000 0.000000 -0.100000
vn 0.012054 0.000000 -0.099271
vn 0.023932 0.000000 -0.097094
vn 0.035460 0.000000 -0.093502
vn 0.046472 0.000000 -0.088546
vn 0.056806 0.000000 -0.082298
vn 0.066312 0.000000 -0.074851
vn 0.074851 0.000000 -0.066312
vn 0.082298 0.000000 -0.056806
vn 0.088546 0.000000 -0.046472
vn 0.093502 0.000000 -0.035460
vn 0.097094 0.000000 -0.023932
vn 0.099271 0.000000 -0.012054
vn 0.100000 0.000000 0.000000
vn 0.099271 0.000000 0.012054
vn 0.097094 0.000000 0.023932
vn 0.093502 0.000000 0.035460
vn 0.088546 0.000000 0.046472
vn 0.082298 0.000000 0.056806
vn 0.074851 0.000000 0.066312
vn 0.066312 0.000000 0.074851
vn 0.056806 0.000000 0.082298
vn 0.046472 0.000000 0.088546
vn 0.035460 0.000000 0.093502
vn 0.023932 0.000000 0.097094
vn 0.012054 0.000000 0.099271
vn 0.000000 0.000000 0.100000
vn -0.012054 0.000000 0.099271
vn -0.023932 0.000000 0.097094
vn -0.035460 0.000000 0.093502
vn -0.046472 0.000000 0.088546
vn -0.056806 0.000000 0.082298
vn -0.066312 0.000000 0.074851
vn -0.074851 0.000000 0.066312
vn -0.082298 0.000000 0.056806
vn -0.088546 0.000000 0.046472
vn -0.093502 0.000000 0.035460
vn -0.097094 0.000000 0.023932
vn -0.099271 0.000000 0.012054
vn -0.100000 0.000000 0.000000
vn -0.099271 0.000000 -0.012054
vn -0.097094 0.000000 -0.023932
vn -0.093502 0.000000 -0.035460
vn -0.088546 0.000000 -0.046472
vn -0.082298 0.000000 -0.056806
vn -0.074851 0.000000 -0.066312
vn -0.066312 0.000000 -0.074851
vn -0.056806 0.000000 -0.082298
vn -0.046472 0.000000 -0.088546
vn -0.035460 0.000000 -0.093502
vn -0.023932 0.000000 -0.097094
vn -0.012054 0.000000 -0.099271
vn 0.000000 0.000000 -0.100000
vn -0.012054 0.000000 -0.099271
vn -0.023932 0.000000 -0.097094
vn -0.035460 0.000000 -0.093502
vn -0.046472 0.000000 -0.088546
vn -0.056806 0.000000 -0.082298
vn -0.066312 0.000000 -0.074851
vn -0.074851 0.000000 -0.066312
vn -0.082298 0.000000 -0.056806
vn -0.088546 0.000000 -0.046472
vn -0.093502 0.000000 -0.035460
vn -0.097094 0.000000 -0.023932
vn -0.099271 0.000000 -0.012054
vn -0.100000 0.000000 0.000000
vn -0.099271 0.000000 0.012054
vn -0.097094 0.000000 0.023932
vn -0.093502 0.000000 0.035460
vn -0.088546 0.000000 0.046472
vn -0.082298 0.000000 0.056806
vn -0.074851 0.000000 0.066312
vn -0.066312 0.000000 0.074851
vn -0.056806 0.000000 0.082298
vn -0.046472 0.000000 0.088546
vn -0.035460 0.000000 0.093502
vn -0.023932 0.000000 0.097094
vn -0.012054 0.000000 0.099271
vn 0.000000 0.000000 0.100000
vn 0.012054 0.000000 0.099271
vn 0.023932 0.000000 0.097094
vn 0.035460 0.000000 0.093502
vn 0.046472 0.000000 0.088546
vn 0.056806 0.000000 0.082298
vn 0.066312 0.000000 0.074851
vn 0.074851 0.000000 0.066312
vn 0.082298 0.000000 0.056806
vn 0.088546 0.000000 0.046472
vn 0.093502 0.000000 0.035460
vn 0.097094 0.000000 0.023932
vn 0.099271 0.000000 0.012054
vn 0.100000 0.000000 0.000000
vn 0.099271 0.000000 -0.012054
vn 0.097094 0.000000 -0.023932
vn 0.093502 0.000000 -0.035460
vn 0.088546 0.000000 -0.046472
vn 0.082298 0.000000 -0.056806
vn 0.074851 0.000000 -0.066312
vn 0.066312 0.000000 -0.074851
vn 0.056806 0.000000 -0.082298
vn 0.046472 0.000000 -0.088546
vn 0.035460 0.000000 -0.093502
vn 0.023932 0.000000 -0.097094
vn 0.012054 0.000000 -0.099271
vn 0.000000 0.000000 0.100000
vn 0.000000 0.000000 0.100000
usemtl 182,18,12
f 406/2/2 410/106/106 401/1/1
f 401/1/1 410/106/106 399/259/259
f 401/260/260 399/103/103 367/256/256
f 367/256/256 399/103/103 397/104/104
f 367/256/256 397/104/104 363/257/257
f 363/257/257 397/104/104 395/105/105
f 363/257/257 395/105/105 356/258/258
f 356/258/258 395/105/105 393/51/51
f 356/258/258 393/51/51 350/52/52
f 410/106/106 406/2/2 440/109/109
f 440/109/109 406/2/2 436/3/3
f 440/109/109 436/3/3 470/112/112
f 470/112/112 436/3/3 466/4/4
f 470/112/112 466/4/4 500/115/115
f 500/115/115 466/4/4 496/5/5
f 500/115/115 496/5/5 530/118/118
f 530/118/118 496/5/5 526/6/6
f 530/118/118 526/6/6 560/121/121
f 560/121/121 526/6/6 556/7/7
f 560/121/121 556/7/7 590/124/124
f 590/124/124 556/7/7 586/8/8
f 590/124/124 586/8/8 620/127/127
f 620/127/127 586/8/8 615/9/9
f 620/127/127 615/9/9 649/130/130
f 649/130/130 615/9/9 635/10/10
f 649/130/130 635/10/10 669/133/133
f 669/133/133 635/10/10 654/11/11
f 669/133/133 654/11/11 697/136/136
f 697/136/136 654/11/11 683/12/12
f 697/136/136 683/12/12 710/139/139
f 710/139/139 683/12/12 688/13/13
f 710/139/139 688/13/13 721/142/142
f 721/142/142 688/13/13 689/14/14
f 721/142/142 689/14/14 711/145/145
f 711/145/145 689/14/14 684/15/15
f 711/145/145 684/15/15 698/148/148
f 698/148/148 684/15/15 655/16/16
f 698/148/148 655/16/16 670/151/151
f 670/151/151 655/16/16 636/17/17
f 670/151/151 636/17/17 650/154/154
f 650/154/154 636/17/17 616/18/18
f 650/154/154 616/18/18 621/157/157
f 621/157/157 616/18/18 587/19/19
f 621/157/157 587/19/19 591/160/160
f 591/160/160 587/19/19 557/20/20
f 591/160/160 557/20/20 561/163/163
f 561/163/163 557/20/20 527/21/21
f 561/163/163 527/21/21 531/166/166
f 531/166/166 527/21/21 497/22/22
f 531/166/166 497/22/22 501/169/169
f 501/169/169 497/22/22 467/23/23
f 501/169/169 467/23/23 471/172/172
f 471/172/172 467/23/23 437/24/24
f 471/172/172 437/24/24 441/175/175
f 441/175/175 437/24/24 407/25/25
f 441/175/175 407/25/25 411/178/178
f 411/178/178 407/25/25 402/26/26
f 411/178/178 402/26/26 400/186/186
f 400/186/186 402/26/26 368/181/181
f 400/186/186 368/181/181 364/182/182
f 364/182/182 368/181/181 334/188/188
f 364/182/182 334/188/188 327/189/189
f 327/189/189 334/188/188 297/192/192
f 327/189/189 297/192/192 291/74/74
f 291/74/74 297/192/192 261/73/73
f 261/73/73 297/192/192 267/195/195
f 261/73/73 267/195/195 231/72/72
f 231/72/72 267/195/195 237/198/198
f 231/72/72 237/198/198 201/71/71
f 201/71/71 237/198/198 207/201/201
f 201/71/71 207/201/201 171/70/70
f 171/70/70 207/201/201 177/204/204
f 171/70/70 177/204/204 137/69/69
f 137/69/69 177/204/204 147/207/207
f 137/69/69 147/207/207 103/68/68
f 103/68/68 147/207/207 113/210/210
f 103/68/68 113/210/210 64/67/67
f 64/67/67 113/210/210 75/213/213
f 64/67/67 75/213/213 34/66/66
f 34/66/66 75/213/213 46/216/216
f 34/66/66 46/216/216 15/65/65
f 15/65/65 46/216/216 21/219/219
f 15/65/65 21/219/219 4/64/64
f 4/64/64 21/219/219 7/222/222
f 4/64/64 7/222/222 14/63/63
f 14/63/63 7/222/222 20/225/225
f 14/63/63 20/225/225 33/62/62
f 33/62/62 20/225/225 45/228/228
f 33/62/62 45/228/228 63/61/61
f 63/61/61 45/228/228 74/231/231
f 63/61/61 74/231/231 102/60/60
f 102/60/60 74/231/231 112/234/234
f 102/60/60 112/234/234 136/59/59
f 136/59/59 112/234/234 146/237/237
f 136/59/59 146/237/237 170/58/58
f 170/58/58 146/237/237 176/240/240
f 170/58/58 176/240/240 200/57/57
f 200/57/57 176/240/240 206/243/243
f 200/57/57 206/243/243 230/56/56
f 230/56/56 206/243/243 236/246/246
f 230/56/56 236/246/246 260/55/55
f 260/55/55 236/246/246 266/249/249
f 260/55/55 266/249/249 290/54/54
f 290/54/54 266/249/249 296/252/252
f 290/54/54 296/252/252 320/53/53
f 320/53/53 296/252/252 326/255/255
f 320/53/53 326/255/255 350/52/52
f 350/52/52 326/255/255 356/258/258
f 402/26/26 372/27/27 368/181/181
f 368/181/181 372/27/27 338/187/187
f 368/181/181 338/187/187 334/188/188
f 334/188/188 338/187/187 304/191/191
f 334/188/188 304/191/191 297/192/192
f 297/192/192 304/191/191 267/195/195
f 372/27/27 342/28/28 338/187/187
f 338/187/187 342/28/28 308/190/190
f 338/187/187 308/190/190 304/191/191
f 304/191/191 308/190/190 274/194/194
f 304/191/191 274/194/194 267/195/195
f 267/195/195 274/194/194 237/198/198
f 342/28/28 312/29/29 308/190/190
f 308/190/190 312/29/29 278/193/193
f 308/190/190 278/193/193 274/194/194
f 274/194/194 278/193/193 244/197/197
f 274/194/194 244/197/197 237/198/198
f 237/198/198 244/197/197 207/201/201
f 312/29/29 282/30/30 278/193/193
f 278/193/193 282/30/30 248/196/196
f 278/193/193 248/196/196 244/197/197
f 244/197/197 248/196/196 214/200/200
f 244/197/197 214/200/200 207/201/201
f 207/201/201 214/200/200 177/204/204
f 282/30/30 252/31/31 248/196/196
f 248/196/196 252/31/31 218/199/199
f 248/196/196 218/199/199 214/200/200
f 214/200/200 218/199/199 184/203/203
f 214/200/200 184/203/203 177/204/204
f 177/204/204 184/203/203 147/207/207
f 252/31/31 222/32/32 218/199/199
f 218/199/199 222/32/32 188/202/202
f 218/199/199 188/202/202 184/203/203
f 184/203/203 188/202/202 154/206/206
f 184/203/203 154/206/206 147/207/207
f 147/207/207 154/206/206 113/210/210
f 222/32/32 192/33/33 188/202/202
f 188/202/202 192/33/33 158/205/205
f 188/202/202 158/205/205 154/206/206
f 154/206/206 158/205/205 120/209/209
f 154/206/206 120/209/209 113/210/210
f 113/210/210 120/209/209 75/213/213
f 192/33/33 163/34/34 158/205/205
f 158/205/205 163/34/34 129/208/208
f 158/205/205 129/208/208 120/209/209
f 120/209/209 129/208/208 86/212/212
f 120/209/209 86/212/212 75/213/213
f 75/213/213 86/212/212 46/216/216
f 163/34/34 143/35/35 129/208/208
f 129/208/208 143/35/35 109/211/211
f 129/208/208 109/211/211 86/212/212
f 86/212/212 109/211/211 54/215/215
f 86/212/212 54/215/215 46/216/216
f 46/216/216 54/215/215 21/219/219
f 143/35/35 124/36/36 109/211/211
f 109/211/211 124/36/36 81/214/214
f 109/211/211 81/214/214 54/215/215
f 54/215/215 81/214/214 41/218/218
f 54/215/215 41/218/218 21/219/219
f 21/219/219 41/218/218 7/222/222
f 124/36/36 95/37/37 81/214/214
f 81/214/214 95/37/37 68/217/217
f 81/214/214 68/217/217 41/218/218
f 41/218/218 68/217/217 26/221/221
f 41/218/218 26/221/221 7/222/222
f 7/222/222 26/221/221 20/225/225
f 95/37/37 90/38/38 68/217/217
f 68/217/217 90/38/38 56/220/220
f 68/217/217 56/220/220 26/221/221
f 26/221/221 56/220/220 40/224/224
f 26/221/221 40/224/224 20/225/225
f 20/225/225 40/224/224 45/228/228
f 90/38/38 89/39/39 56/220/220
f 56/220/220 89/39/39 67/223/223
f 56/220/220 67/223/223 40/224/224
f 40/224/224 67/223/223 53/227/227
f 40/224/224 53/227/227 45/228/228
f 45/228/228 53/227/227 74/231/231
f 89/39/39 94/40/40 67/223/223
f 67/223/223 94/40/40 80/226/226
f 67/223/223 80/226/226 53/227/227
f 53/227/227 80/226/226 85/230/230
f 53/227/227 85/230/230 74/231/231
f 74/231/231 85/230/230 112/234/234
f 94/40/40 123/41/41 80/226/226
f 80/226/226 123/41/41 108/229/229
f 80/226/226 108/229/229 85/230/230
f 85/230/230 108/229/229 119/233/233
f 85/230/230 119/233/233 112/234/234
f 112/234/234 119/233/233 146/237/237
f 123/41/41 142/42/42 108/229/229
f 108/229/229 142/42/42 128/232/232
f 108/229/229 128/232/232 119/233/233
f 119/233/233 128/232/232 153/236/236
f 119/233/233 153/236/236 146/237/237
f 146/237/237 153/236/236 176/240/240
f 142/42/42 162/43/43 128/232/232
f 128/232/232 162/43/43 157/235/235
f 128/232/232 157/235/235 153/236/236
f 153/236/236 157/235/235 183/239/239
f 153/236/236 183/239/239 176/240/240
f 176/240/240 183/239/239 206/243/243
f 162/43/43 191/44/44 157/235/235
f 157/235/235 191/44/44 187/238/238
f 157/235/235 187/238/238 183/239/239
f 183/239/239 187/238/238 213/242/242
f 183/239/239 213/242/242 206/243/243
f 206/243/243 213/242/242 236/246/246
f 191/44/44 221/45/45 187/238/238
f 187/238/238 221/45/45 217/241/241
f 187/238/238 217/241/241 213/242/242
f 213/242/242 217/241/241 243/245/245
f 213/242/242 243/245/245 236/246/246
f 236/246/246 243/245/245 266/249/249
f 221/45/45 251/46/46 217/241/241
f 217/241/241 251/46/46 247/244/244
f 217/241/241 247/244/244 243/245/245
f 243/245/245 247/244/244 273/248/248
f 243/245/245 273/248/248 266/249/249
f 266/249/249 273/248/248 296/252/252
f 251/46/46 281/47/47 247/244/244
f 247/244/244 281/47/47 277/247/247
f 247/244/244 277/247/247 273/248/248
f 273/248/248 277/247/247 303/251/251
f 273/248/248 303/251/251 296/252/252
f 296/252/252 303/251/251 326/255/255
f 281/47/47 311/48/48 277/247/247
f 277/247/247 311/48/48 307/250/250
f 277/247/247 307/250/250 303/251/251
f 303/251/251 307/250/250 333/254/254
f 303/251/251 333/254/254 326/255/255
f 326/255/255 333/254/254 356/258/258
f 311/48/48 341/49/49 307/250/250
f 307/250/250 341/49/49 337/253/253
f 307/250/250 337/253/253 333/254/254
f 333/254/254 337/253/253 363/257/257
f 333/254/254 363/257/257 356/258/258
f 341/49/49 371/50/50 337/253/253
f 337/253/253 371/50/50 367/256/256
f 337/253/253 367/256/256 363/257/257
f 371/50/50 401/261/261 367/256/256
f 291/74/74 321/75/75 327/189/189
f 327/189/189 321/75/75 357/183/183
f 327/189/189 357/183/183 364/182/182
f 364/182/182 357/183/183 398/185/185
f 364/182/182 398/185/185 400/186/186
f 400/186/186 398/185/185 411/178/178
f 321/75/75 351/76/76 357/183/183
f 357/183/183 351/76/76 396/184/184
f 357/183/183 396/184/184 398/185/185
f 398/185/185 396/184/184 415/179/179
f 398/185/185 415/179/179 411/178/178
f 411/178/178 415/179/179 441/175/175
f 351/76/76 394/77/77 396/184/184
f 396/184/184 394/77/77 422/180/180
f 396/184/184 422/180/180 415/179/179
f 415/179/179 422/180/180 445/176/176
f 415/179/179 445/176/176 441/175/175
f 441/175/175 445/176/176 471/172/172
f 394/77/77 432/78/78 422/180/180
f 422/180/180 432/78/78 452/177/177
f 422/180/180 452/177/177 445/176/176
f 445/176/176 452/177/177 475/173/173
f 445/176/176 475/173/173 471/172/172
f 471/172/172 475/173/173 501/169/169
f 432/78/78 462/79/79 452/177/177
f 452/177/177 462/79/79 482/174/174
f 452/177/177 482/174/174 475/173/173
f 475/173/173 482/174/174 505/170/170
f 475/173/173 505/170/170 501/169/169
f 501/169/169 505/170/170 531/166/166
f 462/79/79 492/80/80 482/174/174
f 482/174/174 492/80/80 512/171/171
f 482/174/174 512/171/171 505/170/170
f 505/170/170 512/171/171 535/167/167
f 505/170/170 535/167/167 531/166/166
f 531/166/166 535/167/167 561/163/163
f 492/80/80 522/81/81 512/171/171
f 512/171/171 522/81/81 542/168/168
f 512/171/171 542/168/168 535/167/167
f 535/167/167 542/168/168 565/164/164
f 535/167/167 565/164/164 561/163/163
f 561/163/163 565/164/164 591/160/160
f 522/81/81 552/82/82 542/168/168
f 542/168/168 552/82/82 572/165/165
f 542/168/168 572/165/165 565/164/164
f 565/164/164 572/165/165 595/161/161
f 565/164/164 595/161/161 591/160/160
f 591/160/160 595/161/161 621/157/157
f 552/82/82 582/83/83 572/165/165
f 572/165/165 582/83/83 602/162/162
f 572/165/165 602/162/162 595/161/161
f 595/161/161 602/162/162 625/158/158
f 595/161/161 625/158/158 621/157/157
f 621/157/157 625/158/158 650/154/154
f 582/83/83 612/84/84 602/162/162
f 602/162/162 612/84/84 632/159/159
f 602/162/162 632/159/159 625/158/158
f 625/158/158 632/159/159 659/155/155
f 625/158/158 659/155/155 650/154/154
f 650/154/154 659/155/155 670/151/151
f 612/84/84 646/85/85 632/159/159
f 632/159/159 646/85/85 666/156/156
f 632/159/159 666/156/156 659/155/155
f 659/155/155 666/156/156 693/152/152
f 659/155/155 693/152/152 670/151/151
f 670/151/151 693/152/152 698/148/148
f 646/85/85 680/86/86 666/156/156
f 666/156/156 680/86/86 704/153/153
f 666/156/156 704/153/153 693/152/152
f 693/152/152 704/153/153 725/149/149
f 693/152/152 725/149/149 698/148/148
f 698/148/148 725/149/149 711/145/145
f 680/86/86 719/87/87 704/153/153
f 704/153/153 719/87/87 733/150/150
f 704/153/153 733/150/150 725/149/149
f 725/149/149 733/150/150 738/146/146
f 725/149/149 738/146/146 711/145/145
f 711/145/145 738/146/146 721/142/142
f 719/87/87 749/88/88 733/150/150
f 733/150/150 749/88/88 758/147/147
f 733/150/150 758/147/147 738/146/146
f 738/146/146 758/147/147 751/143/143
f 738/146/146 751/143/143 721/142/142
f 721/142/142 751/143/143 710/139/139
f 749/88/88 768/89/89 758/147/147
f 758/147/147 768/89/89 770/144/144
f 758/147/147 770/144/144 751/143/143
f 751/143/143 770/144/144 737/140/140
f 751/143/143 737/140/140 710/139/139
f 710/139/139 737/140/140 697/136/136
f 768/89/89 775/90/90 770/144/144
f 770/144/144 775/90/90 757/141/141
f 770/144/144 757/141/141 737/140/140
f 737/140/140 757/141/141 724/137/137
f 737/140/140 724/137/137 697/136/136
f 697/136/136 724/137/137 669/133/133
f 775/90/90 767/91/91 757/141/141
f 757/141/141 767/91/91 732/138/138
f 757/141/141 732/138/138 724/137/137
f 724/137/137 732/138/138 692/134/134
f 724/137/137 692/134/134 669/133/133
f 669/133/133 692/134/134 649/130/130
f 767/91/91 748/92/92 732/138/138
f 732/138/138 748/92/92 703/135/135
f 732/138/138 703/135/135 692/134/134
f 692/134/134 703/135/135 658/131/131
f 692/134/134 658/131/131 649/130/130
f 649/130/130 658/131/131 620/127/127
f 748/92/92 718/93/93 703/135/135
f 703/135/135 718/93/93 665/132/132
f 703/135/135 665/132/132 658/131/131
f 658/131/131 665/132/132 624/128/128
f 658/131/131 624/128/128 620/127/127
f 620/127/127 624/128/128 590/124/124
f 718/93/93 679/94/94 665/132/132
f 665/132/132 679/94/94 631/129/129
f 665/132/132 631/129/129 624/128/128
f 624/128/128 631/129/129 594/125/125
f 624/128/128 594/125/125 590/124/124
f 590/124/124 594/125/125 560/121/121
f 679/94/94 645/95/95 631/129/129
f 631/129/129 645/95/95 601/126/126
f 631/129/129 601/126/126 594/125/125
f 594/125/125 601/126/126 564/122/122
f 594/125/125 564/122/122 560/121/121
f 560/121/121 564/122/122 530/118/118
f 645/95/95 611/96/96 601/126/126
f 601/126/126 611/96/96 571/123/123
f 601/126/126 571/123/123 564/122/122
f 564/122/122 571/123/123 534/119/119
f 564/122/122 534/119/119 530/118/118
f 530/118/118 534/119/119 500/115/115
f 611/96/96 581/97/97 571/123/123
f 571/123/123 581/97/97 541/120/120
f 571/123/123 541/120/120 534/119/119
f 534/119/119 541/120/120 504/116/116
f 534/119/119 504/116/116 500/115/115
f 500/115/115 504/116/116 470/112/112
f 581/97/97 551/98/98 541/120/120
f 541/120/120 551/98/98 511/117/117
f 541/120/120 511/117/117 504/116/116
f 504/116/116 511/117/117 474/113/113
f 504/116/116 474/113/113 470/112/112
f 470/112/112 474/113/113 440/109/109
f 551/98/98 521/99/99 511/117/117
f 511/117/117 521/99/99 481/114/114
f 511/117/117 481/114/114 474/113/113
f 474/113/113 481/114/114 444/110/110
f 474/113/113 444/110/110 440/109/109
f 440/109/109 444/110/110 410/106/106
f 521/99/99 491/100/100 481/114/114
f 481/114/114 491/100/100 451/111/111
f 481/114/114 451/111/111 444/110/110
f 444/110/110 451/111/111 414/107/107
f 444/110/110 414/107/107 410/106/106
f 410/106/106 414/107/107 399/262/262
f 491/100/100 461/101/101 451/111/111
f 451/111/111 461/101/101 421/108/108
f 451/111/111 421/108/108 414/107/107
f 414/107/107 421/108/108 397/263/263
f 414/264/264 397/104/104 399/103/103
f 461/101/101 431/102/102 421/108/108
f 421/108/108 431/102/102 395/265/265
f 421/266/266 395/105/105 397/104/104
f 431/267/267 393/51/51 395/105/105
f 371/269/269 372/292/292 401/268/268
f 401/268/268 372/292/292 402/293/293
f 401/268/268 402/293/293 406/317/317
f 406/317/317 402/293/293 407/294/294
f 406/317/317 407/294/294 436/316/316
f 436/316/316 407/294/294 437/295/295
f 436/316/316 437/295/295 466/315/315
f 466/315/315 437/295/295 467/296/296
f 466/315/315 467/296/296 496/314/314
f 496/314/314 467/296/296 497/297/297
f 496/314/314 497/297/297 526/313/313
f 526/313/313 497/297/297 527/298/298
f 526/313/313 527/298/298 556/312/312
f 556/312/312 527/298/298 557/299/299
f 556/312/312 557/299/299 586/311/311
f 586/311/311 557/299/299 587/300/300
f 586/311/311 587/300/300 615/310/310
f 615/310/310 587/300/300 616/301/301
f 615/310/310 616/301/301 635/309/309
f 635/309/309 616/301/301 636/302/302
f 635/309/309 636/302/302 654/308/308
f 654/308/308 636/302/302 655/303/303
f 654/308/308 655/303/303 683/307/307
f 683/307/307 655/303/303 684/304/304
f 683/307/307 684/304/304 688/306/306
f 688/306/306 684/304/304 689/305/305
f 372/292/292 371/269/269 342/291/291
f 342/291/291 371/269/269 341/270/270
f 342/291/291 341/270/270 312/290/290
f 312/290/290 341/270/270 311/271/271
f 312/290/290 311/271/271 282/289/289
f 282/289/289 311/271/271 281/272/272
f 282/289/289 281/272/272 252/288/288
f 252/288/288 281/272/272 251/273/273
f 252/288/288 251/273/273 222/287/287
f 222/287/287 251/273/273 221/274/274
f 222/287/287 221/274/274 192/286/286
f 192/286/286 221/274/274 191/275/275
f 192/286/286 191/275/275 163/285/285
f 163/285/285 191/275/275 162/276/276
f 163/285/285 162/276/276 143/284/284
f 143/284/284 162/276/276 142/277/277
f 143/284/284 142/277/277 124/283/283
f 124/283/283 142/277/277 123/278/278
f 124/283/283 123/278/278 95/282/282
f 95/282/282 123/278/278 94/279/279
f 95/282/282 94/279/279 90/281/281
f 90/281/281 94/279/279 89/280/280
f 404/319/319 405/342/342 374/318/318
f 374/318/318 405/342/342 375/343/343
f 374/318/318 375/343/343 369/367/367
f 369/367/367 375/343/343 370/344/344
f 369/367/367 370/344/344 339/366/366
f 339/366/366 370/344/344 340/345/345
f 339/366/366 340/345/345 309/365/365
f 309/365/365 340/345/345 310/346/346
f 309/365/365 310/346/346 279/364/364
f 279/364/364 310/346/346 280/347/347
f 279/364/364 280/347/347 249/363/363
f 249/363/363 280/347/347 250/348/348
f 249/363/363 250/348/348 219/362/362
f 219/362/362 250/348/348 220/349/349
f 219/362/362 220/349/349 189/361/361
f 189/361/361 220/349/349 190/350/350
f 189/361/361 190/350/350 160/360/360
f 160/360/360 190/350/350 161/351/351
f 160/360/360 161/351/351 140/359/359
f 140/359/359 161/351/351 141/352/352
f 140/359/359 141/352/352 121/358/358
f 121/358/358 141/352/352 122/353/353
f 121/358/358 122/353/353 92/357/357
f 92/357/357 122/353/353 93/354/354
f 92/357/357 93/354/354 87/356/356
f 87/356/356 93/354/354 88/355/355
f 405/342/342 404/319/319 435/341/341
f 435/341/341 404/319/319 434/320/320
f 435/341/341 434/320/320 465/340/340
f 465/340/340 434/320/320 464/321/321
f 465/340/340 464/321/321 495/339/339
f 495/339/339 464/321/321 494/322/322
f 495/339/339 494/322/322 525/338/338
f 525/338/338 494/322/322 524/323/323
f 525/338/338 524/323/323 555/337/337
f 555/337/337 524/323/323 554/324/324
f 555/337/337 554/324/324 585/336/336
f 585/336/336 554/324/324 584/325/325
f 585/336/336 584/325/325 614/335/335
f 614/335/335 584/325/325 613/326/326
f 614/335/335 613/326/326 634/334/334
f 634/334/334 613/326/326 633/327/327
f 634/334/334 633/327/327 653/333/333
f 653/333/333 633/327/327 652/328/328
f 653/333/333 652/328/328 682/332/332
f 682/332/332 652/328/328 681/329/329
f 682/332/332 681/329/329 687/331/331
f 687/331/331 681/329/329 686/330/330
f 425/369/369 419/473/473 382/368/368
f 382/368/368 419/473/473 380/626/626
f 382/627/627 380/470/470 344/419/419
f 344/419/419 380/470/470 354/623/623
f 344/419/419 354/623/623 314/418/418
f 314/418/418 354/623/623 324/620/620
f 314/418/418 324/620/620 284/417/417
f 284/417/417 324/620/620 294/617/617
f 284/417/417 294/617/617 254/416/416
f 254/416/416 294/617/617 264/614/614
f 254/416/416 264/614/614 224/415/415
f 224/415/415 264/614/614 234/611/611
f 224/415/415 234/611/611 194/414/414
f 194/414/414 234/611/611 204/608/608
f 194/414/414 204/608/608 164/413/413
f 164/413/413 204/608/608 174/605/605
f 164/413/413 174/605/605 130/412/412
f 130/412/412 174/605/605 144/602/602
f 130/412/412 144/602/602 96/411/411
f 96/411/411 144/602/602 110/599/599
f 96/411/411 110/599/599 57/410/410
f 57/410/410 110/599/599 72/596/596
f 57/410/410 72/596/596 27/409/409
f 27/409/409 72/596/596 43/593/593
f 27/409/409 43/593/593 8/408/408
f 8/408/408 43/593/593 18/590/590
f 8/408/408 18/590/590 1/407/407
f 1/407/407 18/590/590 6/587/587
f 1/407/407 6/587/587 9/406/406
f 9/406/406 6/587/587 19/584/584
f 9/406/406 19/584/584 28/405/405
f 28/405/405 19/584/584 44/581/581
f 28/405/405 44/581/581 58/404/404
f 58/404/404 44/581/581 73/578/578
f 58/404/404 73/578/578 97/403/403
f 97/403/403 73/578/578 111/575/575
f 97/403/403 111/575/575 131/402/402
f 131/402/402 111/575/575 145/572/572
f 131/402/402 145/572/572 165/401/401
f 165/401/401 145/572/572 175/569/569
f 165/401/401 175/569/569 195/400/400
f 195/400/400 175/569/569 205/566/566
f 195/400/400 205/566/566 225/399/399
f 225/399/399 205/566/566 235/563/563
f 225/399/399 235/563/563 255/398/398
f 255/398/398 235/563/563 265/560/560
f 255/398/398 265/560/560 285/397/397
f 285/397/397 265/560/560 295/557/557
f 285/397/397 295/557/557 315/396/396
f 315/396/396 295/557/557 325/554/554
f 315/396/396 325/554/554 345/395/395
f 345/395/395 325/554/554 355/551/551
f 345/395/395 355/551/551 383/394/394
f 383/394/394 355/551/551 381/548/548
f 383/394/394 381/548/548 426/393/393
f 426/393/393 381/548/548 420/545/545
f 426/393/393 420/545/545 456/392/392
f 456/392/392 420/545/545 450/542/542
f 456/392/392 450/542/542 486/391/391
f 486/391/391 450/542/542 480/539/539
f 486/391/391 480/539/539 516/390/390
f 516/390/390 480/539/539 510/536/536
f 516/390/390 510/536/536 546/389/389
f 546/389/389 510/536/536 540/533/533
f 546/389/389 540/533/533 576/388/388
f 576/388/388 540/533/533 570/530/530
f 576/388/388 570/530/530 606/387/387
f 606/387/387 570/530/530 600/527/527
f 606/387/387 600/527/527 640/386/386
f 640/386/386 600/527/527 630/524/524
f 640/386/386 630/524/524 674/385/385
f 674/385/385 630/524/524 664/521/521
f 674/385/385 664/521/521 713/384/384
f 713/384/384 664/521/521 702/518/518
f 713/384/384 702/518/518 743/383/383
f 743/383/383 702/518/518 731/515/515
f 743/383/383 731/515/515 762/382/382
f 762/382/382 731/515/515 756/512/512
f 762/382/382 756/512/512 772/381/381
f 772/381/381 756/512/512 769/509/509
f 772/381/381 769/509/509 761/380/380
f 761/380/380 769/509/509 755/506/506
f 761/380/380 755/506/506 742/379/379
f 742/379/379 755/506/506 730/503/503
f 742/379/379 730/503/503 712/378/378
f 712/378/378 730/503/503 701/500/500
f 712/378/378 701/500/500 673/377/377
f 673/377/377 701/500/500 663/497/497
f 673/377/377 663/497/497 639/376/376
f 639/376/376 663/497/497 629/494/494
f 639/376/376 629/494/494 605/375/375
f 605/375/375 629/494/494 599/491/491
f 605/375/375 599/491/491 575/374/374
f 575/374/374 599/491/491 569/488/488
f 575/374/374 569/488/488 545/373/373
f 545/373/373 569/488/488 539/485/485
f 545/373/373 539/485/485 515/372/372
f 515/372/372 539/485/485 509/482/482
f 515/372/372 509/482/482 485/371/371
f 485/371/371 509/482/482 479/479/479
f 485/371/371 479/479/479 455/370/370
f 455/370/370 479/479/479 449/476/476
f 455/370/370 449/476/476 425/369/369
f 425/369/369 449/476/476 419/473/473
f 369/421/421 365/625/625 374/420/420
f 374/420/420 365/625/625 376/472/472
f 374/420/420 376/472/472 408/628/628
f 408/629/629 376/472/472 378/471/471
f 408/475/475 378/630/630 412/474/474
f 412/631/631 378/471/471 380/470/470
f 412/474/474 380/632/632 419/473/473
f 365/625/625 369/421/421 335/622/622
f 335/622/622 369/421/421 339/422/422
f 335/622/622 339/422/422 305/619/619
f 305/619/619 339/422/422 309/423/423
f 305/619/619 309/423/423 275/616/616
f 275/616/616 309/423/423 279/424/424
f 275/616/616 279/424/424 245/613/613
f 245/613/613 279/424/424 249/425/425
f 245/613/613 249/425/425 215/610/610
f 215/610/610 249/425/425 219/426/426
f 215/610/610 219/426/426 185/607/607
f 185/607/607 219/426/426 189/427/427
f 185/607/607 189/427/427 155/604/604
f 155/604/604 189/427/427 160/428/428
f 155/604/604 160/428/428 126/601/601
f 126/601/601 160/428/428 140/429/429
f 126/601/601 140/429/429 106/598/598
f 106/598/598 140/429/429 121/430/430
f 106/598/598 121/430/430 78/595/595
f 78/595/595 121/430/430 92/431/431
f 78/595/595 92/431/431 65/592/592
f 65/592/592 92/431/431 87/432/432
f 65/592/592 87/432/432 55/589/589
f 55/589/589 87/432/432 88/433/433
f 55/589/589 88/433/433 66/586/586
f 66/586/586 88/433/433 93/434/434
f 66/586/586 93/434/434 79/583/583
f 79/583/583 93/434/434 122/435/435
f 79/583/583 122/435/435 107/580/580
f 107/580/580 122/435/435 141/436/436
f 107/580/580 141/436/436 127/577/577
f 127/577/577 141/436/436 161/437/437
f 127/577/577 161/437/437 156/574/574
f 156/574/574 161/437/437 190/438/438
f 156/574/574 190/438/438 186/571/571
f 186/571/571 190/438/438 220/439/439
f 186/571/571 220/439/439 216/568/568
f 216/568/568 220/439/439 250/440/440
f 216/568/568 250/440/440 246/565/565
f 246/565/565 250/440/440 280/441/441
f 246/565/565 280/441/441 276/562/562
f 276/562/562 280/441/441 310/442/442
f 276/562/562 310/442/442 306/559/559
f 306/559/559 310/442/442 340/443/443
f 306/559/559 340/443/443 336/556/556
f 336/556/556 340/443/443 370/444/444
f 336/556/556 370/444/444 366/553/553
f 366/553/553 370/444/444 375/445/445
f 366/553/553 375/445/445 377/550/550
f 377/550/550 375/445/445 409/547/547
f 377/550/550 409/547/547 413/546/546
f 413/546/546 409/547/547 443/543/543
f 413/546/546 443/543/543 450/542/542
f 450/542/542 443/543/543 480/539/539
f 375/445/445 405/446/446 409/547/547
f 409/547/547 405/446/446 439/544/544
f 409/547/547 439/544/544 443/543/543
f 443/543/543 439/544/544 473/540/540
f 443/543/543 473/540/540 480/539/539
f 480/539/539 473/540/540 510/536/536
f 405/446/446 435/447/447 439/544/544
f 439/544/544 435/447/447 469/541/541
f 439/544/544 469/541/541 473/540/540
f 473/540/540 469/541/541 503/537/537
f 473/540/540 503/537/537 510/536/536
f 510/536/536 503/537/537 540/533/533
f 435/447/447 465/448/448 469/541/541
f 469/541/541 465/448/448 499/538/538
f 469/541/541 499/538/538 503/537/537
f 503/537/537 499/538/538 533/534/534
f 503/537/537 533/534/534 540/533/533
f 540/533/533 533/534/534 570/530/530
f 465/448/448 495/449/449 499/538/538
f 499/538/538 495/449/449 529/535/535
f 499/538/538 529/535/535 533/534/534
f 533/534/534 529/535/535 563/531/531
f 533/534/534 563/531/531 570/530/530
f 570/530/530 563/531/531 600/527/527
f 495/449/449 525/450/450 529/535/535
f 529/535/535 525/450/450 559/532/532
f 529/535/535 559/532/532 563/531/531
f 563/531/531 559/532/532 593/528/528
f 563/531/531 593/528/528 600/527/527
f 600/527/527 593/528/528 630/524/524
f 525/450/450 555/451/451 559/532/532
f 559/532/532 555/451/451 589/529/529
f 559/532/532 589/529/529 593/528/528
f 593/528/528 589/529/529 623/525/525
f 593/528/528 623/525/525 630/524/524
f 630/524/524 623/525/525 664/521/521
f 555/451/451 585/452/452 589/529/529
f 589/529/529 585/452/452 619/526/526
f 589/529/529 619/526/526 623/525/525
f 623/525/525 619/526/526 657/522/522
f 623/525/525 657/522/522 664/521/521
f 664/521/521 657/522/522 702/518/518
f 585/452/452 614/453/453 619/526/526
f 619/526/526 614/453/453 648/523/523
f 619/526/526 648/523/523 657/522/522
f 657/522/522 648/523/523 691/519/519
f 657/522/522 691/519/519 702/518/518
f 702/518/518 691/519/519 731/515/515
f 614/453/453 634/454/454 648/523/523
f 648/523/523 634/454/454 668/520/520
f 648/523/523 668/520/520 691/519/519
f 691/519/519 668/520/520 723/516/516
f 691/519/519 723/516/516 731/515/515
f 731/515/515 723/516/516 756/512/512
f 634/454/454 653/455/455 668/520/520
f 668/520/520 653/455/455 696/517/517
f 668/520/520 696/517/517 723/516/516
f 723/516/516 696/517/517 736/513/513
f 723/516/516 736/513/513 756/512/512
f 756/512/512 736/513/513 769/509/509
f 653/455/455 682/456/456 696/517/517
f 696/517/517 682/456/456 709/514/514
f 696/517/517 709/514/514 736/513/513
f 736/513/513 709/514/514 750/510/510
f 736/513/513 750/510/510 769/509/509
f 769/509/509 750/510/510 755/506/506
f 682/456/456 687/457/457 709/514/514
f 709/514/514 687/457/457 720/511/511
f 709/514/514 720/511/511 750/510/510
f 750/510/510 720/511/511 735/507/507
f 750/510/510 735/507/507 755/506/506
f 755/506/506 735/507/507 730/503/503
f 687/457/457 686/458/458 720/511/511
f 720/511/511 686/458/458 708/508/508
f 720/511/511 708/508/508 735/507/507
f 735/507/507 708/508/508 722/504/504
f 735/507/507 722/504/504 730/503/503
f 730/503/503 722/504/504 701/500/500
f 686/458/458 681/459/459 708/508/508
f 708/508/508 681/459/459 695/505/505
f 708/508/508 695/505/505 722/504/504
f 722/504/504 695/505/505 690/501/501
f 722/504/504 690/501/501 701/500/500
f 701/500/500 690/501/501 663/497/497
f 681/459/459 652/460/460 695/505/505
f 695/505/505 652/460/460 667/502/502
f 695/505/505 667/502/502 690/501/501
f 690/501/501 667/502/502 656/498/498
f 690/501/501 656/498/498 663/497/497
f 663/497/497 656/498/498 629/494/494
f 652/460/460 633/461/461 667/502/502
f 667/502/502 633/461/461 647/499/499
f 667/502/502 647/499/499 656/498/498
f 656/498/498 647/499/499 622/495/495
f 656/498/498 622/495/495 629/494/494
f 629/494/494 622/495/495 599/491/491
f 633/461/461 613/462/462 647/499/499
f 647/499/499 613/462/462 618/496/496
f 647/499/499 618/496/496 622/495/495
f 622/495/495 618/496/496 592/492/492
f 622/495/495 592/492/492 599/491/491
f 599/491/491 592/492/492 569/488/488
f 613/462/462 584/463/463 618/496/496
f 618/496/496 584/463/463 588/493/493
f 618/496/496 588/493/493 592/492/492
f 592/492/492 588/493/493 562/489/489
f 592/492/492 562/489/489 569/488/488
f 569/488/488 562/489/489 539/485/485
f 584/463/463 554/464/464 588/493/493
f 588/493/493 554/464/464 558/490/490
f 588/493/493 558/490/490 562/489/489
f 562/489/489 558/490/490 532/486/486
f 562/489/489 532/486/486 539/485/485
f 539/485/485 532/486/486 509/482/482
f 554/464/464 524/465/465 558/490/490
f 558/490/490 524/465/465 528/487/487
f 558/490/490 528/487/487 532/486/486
f 532/486/486 528/487/487 502/483/483
f 532/486/486 502/483/483 509/482/482
f 509/482/482 502/483/483 479/479/479
f 524/465/465 494/466/466 528/487/487
f 528/487/487 494/466/466 498/484/484
f 528/487/487 498/484/484 502/483/483
f 502/483/483 498/484/484 472/480/480
f 502/483/483 472/480/480 479/479/479
f 479/479/479 472/480/480 449/476/476
f 494/466/466 464/467/467 498/484/484
f 498/484/484 464/467/467 468/481/481
f 498/484/484 468/481/481 472/480/480
f 472/480/480 468/481/481 442/477/477
f 472/480/480 442/477/477 449/476/476
f 449/476/476 442/477/477 419/473/473
f 464/467/467 434/468/468 468/481/481
f 468/481/481 434/468/468 438/478/478
f 468/481/481 438/478/478 442/477/477
f 442/477/477 438/478/478 412/474/474
f 442/477/477 412/474/474 419/473/473
f 434/468/468 404/469/469 438/478/478
f 438/478/478 404/469/469 408/475/475
f 438/478/478 408/475/475 412/474/474
f 404/469/469 374/633/633 408/475/475
f 380/470/470 378/471/471 354/623/623
f 354/623/623 378/471/471 361/624/624
f 354/623/623 361/624/624 324/620/620
f 324/620/620 361/624/624 331/621/621
f 324/620/620 331/621/621 294/617/617
f 294/617/617 331/621/621 301/618/618
f 294/617/617 301/618/618 264/614/614
f 264/614/614 301/618/618 271/615/615
f 264/614/614 271/615/615 234/611/611
f 234/611/611 271/615/615 241/612/612
f 234/611/611 241/612/612 204/608/608
f 204/608/608 241/612/612 211/609/609
f 204/608/608 211/609/609 174/605/605
f 174/605/605 211/609/609 181/606/606
f 174/605/605 181/606/606 144/602/602
f 144/602/602 181/606/606 151/603/603
f 144/602/602 151/603/603 110/599/599
f 110/599/599 151/603/603 117/600/600
f 110/599/599 117/600/600 72/596/596
f 72/596/596 117/600/600 83/597/597
f 72/596/596 83/597/597 43/593/593
f 43/593/593 83/597/597 51/594/594
f 43/593/593 51/594/594 18/590/590
f 18/590/590 51/594/594 38/591/591
f 18/590/590 38/591/591 6/587/587
f 6/587/587 38/591/591 25/588/588
f 6/587/587 25/588/588 19/584/584
f 19/584/584 25/588/588 39/585/585
f 19/584/584 39/585/585 44/581/581
f 44/581/581 39/585/585 52/582/582
f 44/581/581 52/582/582 73/578/578
f 73/578/578 52/582/582 84/579/579
f 73/578/578 84/579/579 111/575/575
f 111/575/575 84/579/579 118/576/576
f 111/575/575 118/576/576 145/572/572
f 145/572/572 118/576/576 152/573/573
f 145/572/572 152/573/573 175/569/569
f 175/569/569 152/573/573 182/570/570
f 175/569/569 182/570/570 205/566/566
f 205/566/566 182/570/570 212/567/567
f 205/566/566 212/567/567 235/563/563
f 235/563/563 212/567/567 242/564/564
f 235/563/563 242/564/564 265/560/560
f 265/560/560 242/564/564 272/561/561
f 265/560/560 272/561/561 295/557/557
f 295/557/557 272/561/561 302/558/558
f 295/557/557 302/558/558 325/554/554
f 325/554/554 302/558/558 332/555/555
f 325/554/554 332/555/555 355/551/551
f 355/551/551 332/555/555 362/552/552
f 355/551/551 362/552/552 381/548/548
f 381/548/548 362/552/552 379/549/549
f 381/548/548 379/549/549 420/545/545
f 420/545/545 379/549/549 413/546/546
f 420/545/545 413/546/546 450/542/542
f 378/471/471 376/472/472 361/624/624
f 361/624/624 376/472/472 365/625/625
f 361/624/624 365/625/625 331/621/621
f 331/621/621 365/625/625 335/622/622
f 331/621/621 335/622/622 301/618/618
f 301/618/618 335/622/622 305/619/619
f 301/618/618 305/619/619 271/615/615
f 271/615/615 305/619/619 275/616/616
f 271/615/615 275/616/616 241/612/612
f 241/612/612 275/616/616 245/613/613
f 241/612/612 245/613/613 211/609/609
f 211/609/609 245/613/613 215/610/610
f 211/609/609 215/610/610 181/606/606
f 181/606/606 215/610/610 185/607/607
f 181/606/606 185/607/607 151/603/603
f 151/603/603 185/607/607 155/604/604
f 151/603/603 155/604/604 117/600/600
f 117/600/600 155/604/604 126/601/601
f 117/600/600 126/601/601 83/597/597
f 83/597/597 126/601/601 106/598/598
f 83/597/597 106/598/598 51/594/594
f 51/594/594 106/598/598 78/595/595
f 51/594/594 78/595/595 38/591/591
f 38/591/591 78/595/595 65/592/592
f 38/591/591 65/592/592 25/588/588
f 25/588/588 65/592/592 55/589/589
f 25/588/588 55/589/589 39/585/585
f 39/585/585 55/589/589 66/586/586
f 39/585/585 66/586/586 52/582/582
f 52/582/582 66/586/586 79/583/583
f 52/582/582 79/583/583 84/579/579
f 84/579/579 79/583/583 107/580/580
f 84/579/579 107/580/580 118/576/576
f 118/576/576 107/580/580 127/577/577
f 118/576/576 127/577/577 152/573/573
f 152/573/573 127/577/577 156/574/574
f 152/573/573 156/574/574 182/570/570
f 182/570/570 156/574/574 186/571/571
f 182/570/570 186/571/571 212/567/567
f 212/567/567 186/571/571 216/568/568
f 212/567/567 216/568/568 242/564/564
f 242/564/564 216/568/568 246/565/565
f 242/564/564 246/565/565 272/561/561
f 272/561/561 246/565/565 276/562/562
f 272/561/561 276/562/562 302/558/558
f 302/558/558 276/562/562 306/559/559
f 302/558/558 306/559/559 332/555/555
f 332/555/555 306/559/559 336/556/556
f 332/555/555 336/556/556 362/552/552
f 362/552/552 336/556/556 366/553/553
f 362/552/552 366/553/553 379/549/549
f 379/549/549 366/553/553 377/550/550
f 379/549/549 377/550/550 413/546/546
f 427/635/635 425/737/737 384/634/634
f 384/634/634 425/737/737 382/686/686
f 384/634/634 382/686/686 346/685/685
f 346/685/685 382/686/686 344/687/687
f 346/685/685 344/687/687 316/684/684
f 316/684/684 344/687/687 314/688/688
f 316/684/684 314/688/688 286/683/683
f 286/683/683 314/688/688 284/689/689
f 286/683/683 284/689/689 256/682/682
f 256/682/682 284/689/689 254/690/690
f 256/682/682 254/690/690 226/681/681
f 226/681/681 254/690/690 224/691/691
f 226/681/681 224/691/691 196/680/680
f 196/680/680 224/691/691 194/692/692
f 196/680/680 194/692/692 166/679/679
f 166/679/679 194/692/692 164/693/693
f 166/679/679 164/693/693 132/678/678
f 132/678/678 164/693/693 130/694/694
f 132/678/678 130/694/694 98/677/677
f 98/677/677 130/694/694 96/695/695
f 98/677/677 96/695/695 59/676/676
f 59/676/676 96/695/695 57/696/696
f 59/676/676 57/696/696 29/675/675
f 29/675/675 57/696/696 27/697/697
f 29/675/675 27/697/697 10/674/674
f 10/674/674 27/697/697 8/698/698
f 10/674/674 8/698/698 2/673/673
f 2/673/673 8/698/698 1/699/699
f 2/673/673 1/699/699 11/672/672
f 11/672/672 1/699/699 9/700/700
f 11/672/672 9/700/700 30/671/671
f 30/671/671 9/700/700 28/701/701
f 30/671/671 28/701/701 60/670/670
f 60/670/670 28/701/701 58/702/702
f 60/670/670 58/702/702 99/669/669
f 99/669/669 58/702/702 97/703/703
f 99/669/669 97/703/703 133/668/668
f 133/668/668 97/703/703 131/704/704
f 133/668/668 131/704/704 167/667/667
f 167/667/667 131/704/704 165/705/705
f 167/667/667 165/705/705 197/666/666
f 197/666/666 165/705/705 195/706/706
f 197/666/666 195/706/706 227/665/665
f 227/665/665 195/706/706 225/707/707
f 227/665/665 225/707/707 257/664/664
f 257/664/664 225/707/707 255/708/708
f 257/664/664 255/708/708 287/663/663
f 287/663/663 255/708/708 285/709/709
f 287/663/663 285/709/709 317/662/662
f 317/662/662 285/709/709 315/710/710
f 317/662/662 315/710/710 347/661/661
f 347/661/661 315/710/710 345/711/711
f 347/661/661 345/711/711 386/660/660
f 386/660/660 345/711/711 383/738/738
f 386/739/739 383/712/712 428/659/659
f 428/659/659 383/712/712 426/713/713
f 428/659/659 426/713/713 458/658/658
f 458/658/658 426/713/713 456/714/714
f 458/658/658 456/714/714 488/657/657
f 488/657/657 456/714/714 486/715/715
f 488/657/657 486/715/715 518/656/656
f 518/656/656 486/715/715 516/716/716
f 518/656/656 516/716/716 548/655/655
f 548/655/655 516/716/716 546/717/717
f 548/655/655 546/717/717 578/654/654
f 578/654/654 546/717/717 576/718/718
f 578/654/654 576/718/718 608/653/653
f 608/653/653 576/718/718 606/719/719
f 608/653/653 606/719/719 642/652/652
f 642/652/652 606/719/719 640/720/720
f 642/652/652 640/720/720 676/651/651
f 676/651/651 640/720/720 674/721/721
f 676/651/651 674/721/721 715/650/650
f 715/650/650 674/721/721 713/722/722
f 715/650/650 713/722/722 745/649/649
f 745/649/649 713/722/722 743/723/723
f 745/649/649 743/723/723 764/648/648
f 764/648/648 743/723/723 762/724/724
f 764/648/648 762/724/724 773/647/647
f 773/647/647 762/724/724 772/725/725
f 773/647/647 772/725/725 763/646/646
f 763/646/646 772/725/725 761/726/726
f 763/646/646 761/726/726 744/645/645
f 744/645/645 761/726/726 742/727/727
f 744/645/645 742/727/727 714/644/644
f 714/644/644 742/727/727 712/728/728
f 714/644/644 712/728/728 675/643/643
f 675/643/643 712/728/728 673/729/729
f 675/643/643 673/729/729 641/642/642
f 641/642/642 673/729/729 639/730/730
f 641/642/642 639/730/730 607/641/641
f 607/641/641 639/730/730 605/731/731
f 607/641/641 605/731/731 577/640/640
f 577/640/640 605/731/731 575/732/732
f 577/640/640 575/732/732 547/639/639
f 547/639/639 575/732/732 545/733/733
f 547/639/639 545/733/733 517/638/638
f 517/638/638 545/733/733 515/734/734
f 517/638/638 515/734/734 487/637/637
f 487/637/637 515/734/734 485/735/735
f 487/637/637 485/735/735 457/636/636
f 457/636/636 485/735/735 455/736/736
f 457/636/636 455/736/736 427/635/635
f 427/635/635 455/736/736 425/737/737
f 418/741/741 427/842/842 385/740/740
f 385/740/740 427/842/842 384/791/791
f 385/740/740 384/791/791 346/792/792
f 427/842/842 418/741/741 457/841/841
f 457/841/841 418/741/741 448/742/742
f 457/841/841 448/742/742 487/840/840
f 487/840/840 448/742/742 478/743/743
f 487/840/840 478/743/743 517/839/839
f 517/839/839 478/743/743 508/744/744
f 517/839/839 508/744/744 547/838/838
f 547/838/838 508/744/744 538/745/745
f 547/838/838 538/745/745 577/837/837
f 577/837/837 538/745/745 566/746/746
f 577/837/837 566/746/746 607/836/836
f 607/836/836 566/746/746 596/747/747
f 607/836/836 596/747/747 641/835/835
f 641/835/835 596/747/747 626/748/748
f 641/835/835 626/748/748 675/834/834
f 675/834/834 626/748/748 660/749/749
f 675/834/834 660/749/749 714/833/833
f 714/833/833 660/749/749 694/750/750
f 714/833/833 694/750/750 744/832/832
f 744/832/832 694/750/750 726/751/751
f 744/832/832 726/751/751 763/831/831
f 763/831/831 726/751/751 734/752/752
f 763/831/831 734/752/752 773/830/830
f 773/830/830 734/752/752 741/753/753
f 773/830/830 741/753/753 764/829/829
f 764/829/829 741/753/753 729/754/754
f 764/829/829 729/754/754 745/828/828
f 745/828/828 729/754/754 707/755/755
f 745/828/828 707/755/755 715/827/827
f 715/827/827 707/755/755 685/756/756
f 715/827/827 685/756/756 676/826/826
f 676/826/826 685/756/756 651/757/757
f 676/826/826 651/757/757 642/825/825
f 642/825/825 651/757/757 617/758/758
f 642/825/825 617/758/758 608/824/824
f 608/824/824 617/758/758 583/759/759
f 608/824/824 583/759/759 578/823/823
f 578/823/823 583/759/759 553/760/760
f 578/823/823 553/760/760 548/822/822
f 548/822/822 553/760/760 523/761/761
f 548/822/822 523/761/761 518/821/821
f 518/821/821 523/761/761 493/762/762
f 518/821/821 493/762/762 488/820/820
f 488/820/820 493/762/762 463/763/763
f 488/820/820 463/763/763 458/819/819
f 458/819/819 463/763/763 433/764/764
f 458/819/819 433/764/764 428/818/818
f 428/818/818 433/764/764 403/765/765
f 428/818/818 403/765/765 386/817/817
f 386/817/817 403/765/765 373/766/766
f 386/817/817 373/766/766 347/816/816
f 347/816/816 373/766/766 343/767/767
f 347/816/816 343/767/767 317/815/815
f 317/815/815 343/767/767 313/768/768
f 317/815/815 313/768/768 287/814/814
f 287/814/814 313/768/768 283/769/769
f 287/814/814 283/769/769 257/813/813
f 257/813/813 283/769/769 253/770/770
f 257/813/813 253/770/770 227/812/812
f 227/812/812 253/770/770 223/771/771
f 227/812/812 223/771/771 197/811/811
f 197/811/811 223/771/771 193/772/772
f 197/811/811 193/772/772 167/810/810
f 167/810/810 193/772/772 159/773/773
f 167/810/810 159/773/773 133/809/809
f 133/809/809 159/773/773 125/774/774
f 133/809/809 125/774/774 99/808/808
f 99/808/808 125/774/774 91/775/775
f 99/808/808 91/775/775 60/807/807
f 60/807/807 91/775/775 69/776/776
f 60/807/807 69/776/776 30/806/806
f 30/806/806 69/776/776 47/777/777
f 30/806/806 47/777/777 11/805/805
f 11/805/805 47/777/777 35/778/778
f 11/805/805 35/778/778 2/804/804
f 2/804/804 35/778/778 42/779/779
f 2/804/804 42/779/779 10/803/803
f 10/803/803 42/779/779 50/780/780
f 10/803/803 50/780/780 29/802/802
f 29/802/802 50/780/780 82/781/781
f 29/802/802 82/781/781 59/801/801
f 59/801/801 82/781/781 116/782/782
f 59/801/801 116/782/782 98/800/800
f 98/800/800 116/782/782 150/783/783
f 98/800/800 150/783/783 132/799/799
f 132/799/799 150/783/783 180/784/784
f 132/799/799 180/784/784 166/798/798
f 166/798/798 180/784/784 210/785/785
f 166/798/798 210/785/785 196/797/797
f 196/797/797 210/785/785 238/786/786
f 196/797/797 238/786/786 226/796/796
f 226/796/796 238/786/786 268/787/787
f 226/796/796 268/787/787 256/795/795
f 256/795/795 268/787/787 298/788/788
f 256/795/795 298/788/788 286/794/794
f 286/794/794 298/788/788 328/789/789
f 286/794/794 328/789/789 316/793/793
f 316/793/793 328/789/789 358/790/790
f 316/793/793 358/790/790 346/792/792
f 346/792/792 358/790/790 385/740/740
f 429/844/844 423/948/948 391/843/843
f 391/843/843 423/948/948 389/1050/1050
f 391/1051/1051 389/946/946 348/894/894
f 348/894/894 389/946/946 352/1048/1048
f 348/894/894 352/1048/1048 318/893/893
f 318/893/893 352/1048/1048 322/1046/1046
f 318/893/893 322/1046/1046 288/892/892
f 288/892/892 322/1046/1046 292/1044/1044
f 288/892/892 292/1044/1044 258/891/891
f 258/891/891 292/1044/1044 262/1042/1042
f 258/891/891 262/1042/1042 228/890/890
f 228/890/890 262/1042/1042 232/1040/1040
f 228/890/890 232/1040/1040 198/889/889
f 198/889/889 232/1040/1040 202/1038/1038
f 198/889/889 202/1038/1038 168/888/888
f 168/888/888 202/1038/1038 172/1036/1036
f 168/888/888 172/1036/1036 134/887/887
f 134/887/887 172/1036/1036 138/1034/1034
f 134/887/887 138/1034/1034 100/886/886
f 100/886/886 138/1034/1034 104/1032/1032
f 100/886/886 104/1032/1032 61/885/885
f 61/885/885 104/1032/1032 70/1030/1030
f 61/885/885 70/1030/1030 31/884/884
f 31/884/884 70/1030/1030 36/1028/1028
f 31/884/884 36/1028/1028 12/883/883
f 12/883/883 36/1028/1028 16/1026/1026
f 12/883/883 16/1026/1026 3/882/882
f 3/882/882 16/1026/1026 5/1024/1024
f 3/882/882 5/1024/1024 13/881/881
f 13/881/881 5/1024/1024 17/1022/1022
f 13/881/881 17/1022/1022 32/880/880
f 32/880/880 17/1022/1022 37/1020/1020
f 32/880/880 37/1020/1020 62/879/879
f 62/879/879 37/1020/1020 71/1018/1018
f 62/879/879 71/1018/1018 101/878/878
f 101/878/878 71/1018/1018 105/1016/1016
f 101/878/878 105/1016/1016 135/877/877
f 135/877/877 105/1016/1016 139/1014/1014
f 135/877/877 139/1014/1014 169/876/876
f 169/876/876 139/1014/1014 173/1012/1012
f 169/876/876 173/1012/1012 199/875/875
f 199/875/875 173/1012/1012 203/1010/1010
f 199/875/875 203/1010/1010 229/874/874
f 229/874/874 203/1010/1010 233/1008/1008
f 229/874/874 233/1008/1008 259/873/873
f 259/873/873 233/1008/1008 263/1006/1006
f 259/873/873 263/1006/1006 289/872/872
f 289/872/872 263/1006/1006 293/1004/1004
f 289/872/872 293/1004/1004 319/871/871
f 319/871/871 293/1004/1004 323/1002/1002
f 319/871/871 323/1002/1002 349/870/870
f 349/870/870 323/1002/1002 353/1000/1000
f 349/870/870 353/1000/1000 392/869/869
f 392/869/869 353/1000/1000 390/998/998
f 392/869/869 390/998/998 430/868/868
f 430/868/868 390/998/998 424/996/996
f 430/868/868 424/996/996 460/867/867
f 460/867/867 424/996/996 454/994/994
f 460/867/867 454/994/994 490/866/866
f 490/866/866 454/994/994 484/992/992
f 490/866/866 484/992/992 520/865/865
f 520/865/865 484/992/992 514/990/990
f 520/865/865 514/990/990 550/864/864
f 550/864/864 514/990/990 544/988/988
f 550/864/864 544/988/988 580/863/863
f 580/863/863 544/988/988 574/986/986
f 580/863/863 574/986/986 610/862/862
f 610/862/862 574/986/986 604/984/984
f 610/862/862 604/984/984 644/861/861
f 644/861/861 604/984/984 638/982/982
f 644/861/861 638/982/982 678/860/860
f 678/860/860 638/982/982 672/980/980
f 678/860/860 672/980/980 717/859/859
f 717/859/859 672/980/980 706/978/978
f 717/859/859 706/978/978 747/858/858
f 747/858/858 706/978/978 740/976/976
f 747/858/858 740/976/976 766/857/857
f 766/857/857 740/976/976 760/974/974
f 766/857/857 760/974/974 774/856/856
f 774/856/856 760/974/974 771/972/972
f 774/856/856 771/972/972 765/855/855
f 765/855/855 771/972/972 759/970/970
f 765/855/855 759/970/970 746/854/854
f 746/854/854 759/970/970 739/968/968
f 746/854/854 739/968/968 716/853/853
f 716/853/853 739/968/968 705/966/966
f 716/853/853 705/966/966 677/852/852
f 677/852/852 705/966/966 671/964/964
f 677/852/852 671/964/964 643/851/851
f 643/851/851 671/964/964 637/962/962
f 643/851/851 637/962/962 609/850/850
f 609/850/850 637/962/962 603/960/960
f 609/850/850 603/960/960 579/849/849
f 579/849/849 603/960/960 573/958/958
f 579/849/849 573/958/958 549/848/848
f 549/848/848 573/958/958 543/956/956
f 549/848/848 543/956/956 519/847/847
f 519/847/847 543/956/956 513/954/954
f 519/847/847 513/954/954 489/846/846
f 489/846/846 513/954/954 483/952/952
f 489/846/846 483/952/952 459/845/845
f 459/845/845 483/952/952 453/950/950
f 459/845/845 453/950/950 429/844/844
f 429/844/844 453/950/950 423/948/948
f 358/896/896 359/1049/1049 385/895/895
f 385/895/895 359/1049/1049 387/947/947
f 385/895/895 387/947/947 416/1052/1052
f 416/1053/1053 387/947/947 389/946/946
f 416/949/949 389/1054/1054 423/948/948
f 359/1049/1049 358/896/896 329/1047/1047
f 329/1047/1047 358/896/896 328/897/897
f 329/1047/1047 328/897/897 299/1045/1045
f 299/1045/1045 328/897/897 298/898/898
f 299/1045/1045 298/898/898 269/1043/1043
f 269/1043/1043 298/898/898 268/899/899
f 269/1043/1043 268/899/899 239/1041/1041
f 239/1041/1041 268/899/899 238/900/900
f 239/1041/1041 238/900/900 208/1039/1039
f 208/1039/1039 238/900/900 210/901/901
f 208/1039/1039 210/901/901 178/1037/1037
f 178/1037/1037 210/901/901 180/902/902
f 178/1037/1037 180/902/902 148/1035/1035
f 148/1035/1035 180/902/902 150/903/903
f 148/1035/1035 150/903/903 114/1033/1033
f 114/1033/1033 150/903/903 116/904/904
f 114/1033/1033 116/904/904 76/1031/1031
f 76/1031/1031 116/904/904 82/905/905
f 76/1031/1031 82/905/905 48/1029/1029
f 48/1029/1029 82/905/905 50/906/906
f 48/1029/1029 50/906/906 23/1027/1027
f 23/1027/1027 50/906/906 42/907/907
f 23/1027/1027 42/907/907 22/1025/1025
f 22/1025/1025 42/907/907 35/908/908
f 22/1025/1025 35/908/908 24/1023/1023
f 24/1023/1023 35/908/908 47/909/909
f 24/1023/1023 47/909/909 49/1021/1021
f 49/1021/1021 47/909/909 69/910/910
f 49/1021/1021 69/910/910 77/1019/1019
f 77/1019/1019 69/910/910 91/911/911
f 77/1019/1019 91/911/911 115/1017/1017
f 115/1017/1017 91/911/911 125/912/912
f 115/1017/1017 125/912/912 149/1015/1015
f 149/1015/1015 125/912/912 159/913/913
f 149/1015/1015 159/913/913 179/1013/1013
f 179/1013/1013 159/913/913 193/914/914
f 179/1013/1013 193/914/914 209/1011/1011
f 209/1011/1011 193/914/914 223/915/915
f 209/1011/1011 223/915/915 240/1009/1009
f 240/1009/1009 223/915/915 253/916/916
f 240/1009/1009 253/916/916 270/1007/1007
f 270/1007/1007 253/916/916 283/917/917
f 270/1007/1007 283/917/917 300/1005/1005
f 300/1005/1005 283/917/917 313/918/918
f 300/1005/1005 313/918/918 330/1003/1003
f 330/1003/1003 313/918/918 343/919/919
f 330/1003/1003 343/919/919 360/1001/1001
f 360/1001/1001 343/919/919 373/920/920
f 360/1001/1001 373/920/920 388/999/999
f 388/999/999 373/920/920 403/921/921
f 388/999/999 403/921/921 417/997/997
f 417/997/997 403/921/921 433/922/922
f 417/997/997 433/922/922 447/995/995
f 447/995/995 433/922/922 463/923/923
f 447/995/995 463/923/923 477/993/993
f 477/993/993 463/923/923 493/924/924
f 477/993/993 493/924/924 507/991/991
f 507/991/991 493/924/924 523/925/925
f 507/991/991 523/925/925 537/989/989
f 537/989/989 523/925/925 553/926/926
f 537/989/989 553/926/926 568/987/987
f 568/987/987 553/926/926 583/927/927
f 568/987/987 583/927/927 598/985/985
f 598/985/985 583/927/927 617/928/928
f 598/985/985 617/928/928 628/983/983
f 628/983/983 617/928/928 651/929/929
f 628/983/983 651/929/929 662/981/981
f 662/981/981 651/929/929 685/930/930
f 662/981/981 685/930/930 700/979/979
f 700/979/979 685/930/930 707/931/931
f 700/979/979 707/931/931 728/977/977
f 728/977/977 707/931/931 729/932/932
f 728/977/977 729/932/932 753/975/975
f 753/975/975 729/932/932 741/933/933
f 753/975/975 741/933/933 754/973/973
f 754/973/973 741/933/933 734/934/934
f 754/973/973 734/934/934 752/971/971
f 752/971/971 734/934/934 726/935/935
f 752/971/971 726/935/935 727/969/969
f 727/969/969 726/935/935 694/936/936
f 727/969/969 694/936/936 699/967/967
f 699/967/967 694/936/936 660/937/937
f 699/967/967 660/937/937 661/965/965
f 661/965/965 660/937/937 626/938/938
f 661/965/965 626/938/938 627/963/963
f 627/963/963 626/938/938 596/939/939
f 627/963/963 596/939/939 597/961/961
f 597/961/961 596/939/939 566/940/940
f 597/961/961 566/940/940 567/959/959
f 567/959/959 566/940/940 538/941/941
f 567/959/959 538/941/941 536/957/957
f 536/957/957 538/941/941 508/942/942
f 536/957/957 508/942/942 506/955/955
f 506/955/955 508/942/942 478/943/943
f 506/955/955 478/943/943 476/953/953
f 476/953/953 478/943/943 448/944/944
f 476/953/953 448/944/944 446/951/951
f 446/951/951 448/944/944 418/945/945
f 446/951/951 418/945/945 416/949/949
f 416/949/949 418/945/945 385/1055/1055
f 389/946/946 387/947/947 352/1048/1048
f 352/1048/1048 387/947/947 359/1049/1049
f 352/1048/1048 359/1049/1049 322/1046/1046
f 322/1046/1046 359/1049/1049 329/1047/1047
f 322/1046/1046 329/1047/1047 292/1044/1044
f 292/1044/1044 329/1047/1047 299/1045/1045
f 292/1044/1044 299/1045/1045 262/1042/1042
f 262/1042/1042 299/1045/1045 269/1043/1043
f 262/1042/1042 269/1043/1043 232/1040/1040
f 232/1040/1040 269/1043/1043 239/1041/1041
f 232/1040/1040 239/1041/1041 202/1038/1038
f 202/1038/1038 239/1041/1041 208/1039/1039
f 202/1038/1038 208/1039/1039 172/1036/1036
f 172/1036/1036 208/1039/1039 178/1037/1037
f 172/1036/1036 178/1037/1037 138/1034/1034
f 138/1034/1034 178/1037/1037 148/1035/1035
f 138/1034/1034 148/1035/1035 104/1032/1032
f 104/1032/1032 148/1035/1035 114/1033/1033
f 104/1032/1032 114/1033/1033 70/1030/1030
f 70/1030/1030 114/1033/1033 76/1031/1031
f 70/1030/1030 76/1031/1031 36/1028/1028
f 36/1028/1028 76/1031/1031 48/1029/1029
f 36/1028/1028 48/1029/1029 16/1026/1026
f 16/1026/1026 48/1029/1029 23/1027/1027
f 16/1026/1026 23/1027/1027 5/1024/1024
f 5/1024/1024 23/1027/1027 22/1025/1025
f 5/1024/1024 22/1025/1025 17/1022/1022
f 17/1022/1022 22/1025/1025 24/1023/1023
f 17/1022/1022 24/1023/1023 37/1020/1020
f 37/1020/1020 24/1023/1023 49/1021/1021
f 37/1020/1020 49/1021/1021 71/1018/1018
f 71/1018/1018 49/1021/1021 77/1019/1019
f 71/1018/1018 77/1019/1019 105/1016/1016
f 105/1016/1016 77/1019/1019 115/1017/1017
f 105/1016/1016 115/1017/1017 139/1014/1014
f 139/1014/1014 115/1017/1017 149/1015/1015
f 139/1014/1014 149/1015/1015 173/1012/1012
f 173/1012/1012 149/1015/1015 179/1013/1013
f 173/1012/1012 179/1013/1013 203/1010/1010
f 203/1010/1010 179/1013/1013 209/1011/1011
f 203/1010/1010 209/1011/1011 233/1008/1008
f 233/1008/1008 209/1011/1011 240/1009/1009
f 233/1008/1008 240/1009/1009 263/1006/1006
f 263/1006/1006 240/1009/1009 270/1007/1007
f 263/1006/1006 270/1007/1007 293/1004/1004
f 293/1004/1004 270/1007/1007 300/1005/1005
f 293/1004/1004 300/1005/1005 323/1002/1002
f 323/1002/1002 300/1005/1005 330/1003/1003
f 323/1002/1002 330/1003/1003 353/1000/1000
f 353/1000/1000 330/1003/1003 360/1001/1001
f 353/1000/1000 360/1001/1001 390/998/998
f 390/998/998 360/1001/1001 388/999/999
f 390/998/998 388/999/999 424/996/996
f 424/996/996 388/999/999 417/997/997
f 424/996/996 417/997/997 454/994/994
f 454/994/994 417/997/997 447/995/995
f 454/994/994 447/995/995 484/992/992
f 484/992/992 447/995/995 477/993/993
f 484/992/992 477/993/993 514/990/990
f 514/990/990 477/993/993 507/991/991
f 514/990/990 507/991/991 544/988/988
f 544/988/988 507/991/991 537/989/989
f 544/988/988 537/989/989 574/986/986
f 574/986/986 537/989/989 568/987/987
f 574/986/986 568/987/987 604/984/984
f 604/984/984 568/987/987 598/985/985
f 604/984/984 598/985/985 638/982/982
f 638/982/982 598/985/985 628/983/983
f 638/982/982 628/983/983 672/980/980
f 672/980/980 628/983/983 662/981/981
f 672/980/980 662/981/981 706/978/978
f 706/978/978 662/981/981 700/979/979
f 706/978/978 700/979/979 740/976/976
f 740/976/976 700/979/979 728/977/977
f 740/976/976 728/977/977 760/974/974
f 760/974/974 728/977/977 753/975/975
f 760/974/974 753/975/975 771/972/972
f 771/972/972 753/975/975 754/973/973
f 771/972/972 754/973/973 759/970/970
f 759/970/970 754/973/973 752/971/971
f 759/970/970 752/971/971 739/968/968
f 739/968/968 752/971/971 727/969/969
f 739/968/968 727/969/969 705/966/966
f 705/966/966 727/969/969 699/967/967
f 705/966/966 699/967/967 671/964/964
f 671/964/964 699/967/967 661/965/965
f 671/964/964 661/965/965 637/962/962
f 637/962/962 661/965/965 627/963/963
f 637/962/962 627/963/963 603/960/960
f 603/960/960 627/963/963 597/961/961
f 603/960/960 597/961/961 573/958/958
f 573/958/958 597/961/961 567/959/959
f 573/958/958 567/959/959 543/956/956
f 543/956/956 567/959/959 536/957/957
f 543/956/956 536/957/957 513/954/954
f 513/954/954 536/957/957 506/955/955
f 513/954/954 506/955/955 483/952/952
f 483/952/952 506/955/955 476/953/953
f 483/952/952 476/953/953 453/950/950
f 453/950/950 476/953/953 446/951/951
f 453/950/950 446/951/951 423/948/948
f 423/948/948 446/951/951 416/949/949
f 431/1057/1057 429/1159/1159 393/1056/1056
f 393/1056/1056 429/1159/1159 391/1108/1108
f 393/1056/1056 391/1108/1108 350/1107/1107
f 350/1107/1107 391/1108/1108 348/1109/1109
f 350/1107/1107 348/1109/1109 320/1106/1106
f 320/1106/1106 348/1109/1109 318/1110/1110
f 320/1106/1106 318/1110/1110 290/1105/1105
f 290/1105/1105 318/1110/1110 288/1111/1111
f 290/1105/1105 288/1111/1111 260/1104/1104
f 260/1104/1104 288/1111/1111 258/1112/1112
f 260/1104/1104 258/1112/1112 230/1103/1103
f 230/1103/1103 258/1112/1112 228/1113/1113
f 230/1103/1103 228/1113/1113 200/1102/1102
f 200/1102/1102 228/1113/1113 198/1114/1114
f 200/1102/1102 198/1114/1114 170/1101/1101
f 170/1101/1101 198/1114/1114 168/1115/1115
f 170/1101/1101 168/1115/1115 136/1100/1100
f 136/1100/1100 168/1115/1115 134/1116/1116
f 136/1100/1100 134/1116/1116 102/1099/1099
f 102/1099/1099 134/1116/1116 100/1117/1117
f 102/1099/1099 100/1117/1117 63/1098/1098
f 63/1098/1098 100/1117/1117 61/1118/1118
f 63/1098/1098 61/1118/1118 33/1097/1097
f 33/1097/1097 61/1118/1118 31/1119/1119
f 33/1097/1097 31/1119/1119 14/1096/1096
f 14/1096/1096 31/1119/1119 12/1120/1120
f 14/1096/1096 12/1120/1120 4/1095/1095
f 4/1095/1095 12/1120/1120 3/1121/1121
f 4/1095/1095 3/1121/1121 15/1094/1094
f 15/1094/1094 3/1121/1121 13/1122/1122
f 15/1094/1094 13/1122/1122 34/1093/1093
f 34/1093/1093 13/1122/1122 32/1123/1123
f 34/1093/1093 32/1123/1123 64/1092/1092
f 64/1092/1092 32/1123/1123 62/1124/1124
f 64/1092/1092 62/1124/1124 103/1091/1091
f 103/1091/1091 62/1124/1124 101/1125/1125
f 103/1091/1091 101/1125/1125 137/1090/1090
f 137/1090/1090 101/1125/1125 135/1126/1126
f 137/1090/1090 135/1126/1126 171/1089/1089
f 171/1089/1089 135/1126/1126 169/1127/1127
f 171/1089/1089 169/1127/1127 201/1088/1088
f 201/1088/1088 169/1127/1127 199/1128/1128
f 201/1088/1088 199/1128/1128 231/1087/1087
f 231/1087/1087 199/1128/1128 229/1129/1129
f 231/1087/1087 229/1129/1129 261/1086/1086
f 261/1086/1086 229/1129/1129 259/1130/1130
f 261/1086/1086 259/1130/1130 291/1085/1085
f 291/1085/1085 259/1130/1130 289/1131/1131
f 291/1085/1085 289/1131/1131 321/1084/1084
f 321/1084/1084 289/1131/1131 319/1132/1132
f 321/1084/1084 319/1132/1132 351/1083/1083
f 351/1083/1083 319/1132/1132 349/1133/1133
f 351/1083/1083 349/1133/1133 394/1082/1082
f 394/1082/1082 349/1133/1133 392/1160/1160
f 394/1161/1161 392/1134/1134 432/1081/1081
f 432/1081/1081 392/1134/1134 430/1135/1135
f 432/1081/1081 430/1135/1135 462/1080/1080
f 462/1080/1080 430/1135/1135 460/1136/1136
f 462/1080/1080 460/1136/1136 492/1079/1079
f 492/1079/1079 460/1136/1136 490/1137/1137
f 492/1079/1079 490/1137/1137 522/1078/1078
f 522/1078/1078 490/1137/1137 520/1138/1138
f 522/1078/1078 520/1138/1138 552/1077/1077
f 552/1077/1077 520/1138/1138 550/1139/1139
f 552/1077/1077 550/1139/1139 582/1076/1076
f 582/1076/1076 550/1139/1139 580/1140/1140
f 582/1076/1076 580/1140/1140 612/1075/1075
f 612/1075/1075 580/1140/1140 610/1141/1141
f 612/1075/1075 610/1141/1141 646/1074/1074
f 646/1074/1074 610/1141/1141 644/1142/1142
f 646/1074/1074 644/1142/1142 680/1073/1073
f 680/1073/1073 644/1142/1142 678/1143/1143
f 680/1073/1073 678/1143/1143 719/1072/1072
f 719/1072/1072 678/1143/1143 717/1144/1144
f 719/1072/1072 717/1144/1144 749/1071/1071
f 749/1071/1071 717/1144/1144 747/1145/1145
f 749/1071/1071 747/1145/1145 768/1070/1070
f 768/1070/1070 747/1145/1145 766/1146/1146
f 768/1070/1070 766/1146/1146 775/1069/1069
f 775/1069/1069 766/1146/1146 774/1147/1147
f 775/1069/1069 774/1147/1147 767/1068/1068
f 767/1068/1068 774/1147/1147 765/1148/1148
f 767/1068/1068 765/1148/1148 748/1067/1067
f 748/1067/1067 765/1148/1148 746/1149/1149
f 748/1067/1067 746/1149/1149 718/1066/1066
f 718/1066/1066 746/1149/1149 716/1150/1150
f 718/1066/1066 716/1150/1150 679/1065/1065
f 679/1065/1065 716/1150/1150 677/1151/1151
f 679/1065/1065 677/1151/1151 645/1064/1064
f 645/1064/1064 677/1151/1151 643/1152/1152
f 645/1064/1064 643/1152/1152 611/1063/1063
f 611/1063/1063 643/1152/1152 609/1153/1153
f 611/1063/1063 609/1153/1153 581/1062/1062
f 581/1062/1062 609/1153/1153 579/1154/1154
f 581/1062/1062 579/1154/1154 551/1061/1061
f 551/1061/1061 579/1154/1154 549/1155/1155
f 551/1061/1061 549/1155/1155 521/1060/1060
f 521/1060/1060 549/1155/1155 519/1156/1156
f 521/1060/1060 519/1156/1156 491/1059/1059
f 491/1059/1059 519/1156/1156 489/1157/1157
f 491/1059/1059 489/1157/1157 461/1058/1058
f 461/1058/1058 489/1157/1157 459/1158/1158
f 461/1058/1058 459/1158/1158 431/1057/1057
f 431/1057/1057 459/1158/1158 429/1159/1159
# 775 vertices
# 1161 texture params
# 1161 normals
# 1546 facets

# 1 groups
