# WaveFront *.obj file (generated by Autodesk ATF)

mtllib 野点傘と台.mtl

g ソリッド1

v -842.542419 2058.523254 -2.499839
v -842.542419 2058.523254 2.500161
v -835.000000 2040.000000 -2.499839
v -835.000000 2040.000000 0.000161
v -835.000000 2040.000000 2.500161
v -833.212204 2040.000000 -54.611454
v -833.212204 2040.000000 54.611773
v -827.856445 2040.000000 -108.989210
v -827.856445 2040.000000 108.989534
v -826.840897 2058.523254 -161.919746
v -826.840897 2058.523254 161.920071
v -825.865479 2058.523254 -166.823673
v -825.865479 2058.523254 166.823997
v -819.443436 2040.000000 -160.448303
v -819.443436 2040.000000 160.448608
v -818.955688 2040.000000 -162.900257
v -818.955688 2040.000000 162.900581
v -818.468018 2040.000000 -165.352230
v -818.468018 2040.000000 165.352535
v -806.548080 2040.000000 -216.113739
v -806.548080 2040.000000 216.114063
v -790.686646 2040.000000 -268.401794
v -790.686646 2040.000000 268.402119
v -779.364395 2058.523254 -320.117149
v -779.364395 2058.523254 320.117493
v -777.451019 2058.523254 -324.736557
v -777.451019 2058.523254 324.736900
v -772.396088 2040.000000 -317.230797
v -772.396088 2040.000000 317.231121
v -771.439438 2040.000000 -319.540501
v -771.439438 2040.000000 319.540825
v -770.482712 2040.000000 -321.850204
v -770.482712 2040.000000 321.850510
v -748.888702 2040.000000 -369.310913
v -748.888702 2040.000000 369.311218
v -723.131180 2040.000000 -417.499847
v -723.131180 2040.000000 417.500153
v -701.937332 2058.523254 -466.012650
v -701.937332 2058.523254 466.012955
v -699.159470 2058.523254 -470.169983
v -699.159470 2058.523254 470.170326
v -695.666046 2040.000000 -461.822319
v -695.666046 2040.000000 461.822624
v -694.277115 2040.000000 -463.900986
v -694.277115 2040.000000 463.901291
v -692.888184 2040.000000 -465.979652
v -692.888184 2040.000000 465.979996
v -662.450027 2040.000000 -508.315620
v -662.450027 2040.000000 508.315964
v -627.786255 2040.000000 -550.553589
v -627.786255 2040.000000 550.553932
v -597.535210 2058.523254 -593.999519
v -597.535210 2058.523254 593.999863
v -593.999672 2058.523254 -597.535057
v -593.999672 2058.523254 597.535400
v -592.201920 2040.000000 -588.666229
v -592.201920 2040.000000 588.666573
v -590.434151 2040.000000 -590.433998
v -590.434151 2040.000000 590.434341
v -588.666382 2040.000000 -592.201767
v -588.666382 2040.000000 592.202072
v -553.986168 2153.333282 -54.562712
v -553.986168 2153.333282 54.563036
v -550.553741 2040.000000 -627.786064
v -550.553741 2040.000000 627.786407
v -532.696800 2153.333282 -161.591644
v -532.696800 2153.333282 161.591969
v -508.315811 2040.000000 -662.449875
v -508.315811 2040.000000 662.450180
v -490.936165 2153.333282 -262.410698
v -490.936165 2153.333282 262.411003
v -470.170174 2058.523254 -699.159317
v -470.170174 2058.523254 699.159622
v -466.012802 2058.523254 -701.937180
v -466.012802 2058.523254 701.937485
v -465.979805 2040.000000 -692.888031
v -465.979805 2040.000000 692.888336
v -463.901138 2040.000000 -694.276962
v -463.901138 2040.000000 694.277267
v -461.822472 2040.000000 -695.665894
v -461.822472 2040.000000 695.666199
v -430.309143 2153.333282 -353.145447
v -430.309143 2153.333282 353.145752
v -424.161263 2079.281464 -26.685805
v -424.161263 2079.281464 26.686127
v -417.500000 2040.000000 -723.131027
v -417.500000 2040.000000 723.131409
v -417.472000 2079.281464 -79.636884
v -417.472000 2079.281464 79.637203
v -404.198952 2079.281464 -131.332035
v -404.198952 2079.281464 131.332359
v -384.551430 2079.281464 -180.956001
v -384.551430 2079.281464 180.956326
v -369.311066 2040.000000 -748.888550
v -369.311066 2040.000000 748.888931
v -358.839302 2079.281464 -227.726192
v -358.839302 2079.281464 227.726498
v -353.145599 2153.333282 -430.308990
v -353.145599 2153.333282 430.309296
v -327.468071 2079.281464 -270.904980
v -327.468071 2079.281464 270.905304
v -324.736710 2058.523254 -777.450790
v -324.736710 2058.523254 777.451172
v -321.850357 2040.000000 -770.482559
v -321.850357 2040.000000 770.482864
v -320.117340 2058.523254 -779.364243
v -320.117340 2058.523254 779.364548
v -319.540672 2040.000000 -771.439285
v -319.540672 2040.000000 771.439590
v -317.230968 2040.000000 -772.395935
v -317.230968 2040.000000 772.396317
v -290.932465 2079.281464 -309.811440
v -290.932465 2079.281464 309.811764
v -278.358631 -80.000000 -30.273325
v -278.358631 -80.000000 30.273325
v -276.993084 2266.666718 -27.281277
v -276.993084 2266.666718 27.281599
v -268.401947 2040.000000 -790.686493
v -268.401947 2040.000000 790.686798
v -266.348400 2266.666718 -80.795736
v -266.348400 2266.666718 80.796061
v -265.342884 -80.000000 -89.404430
v -265.342884 -80.000000 89.404430
v -262.410851 2153.333282 -490.936012
v -262.410851 2153.333282 490.936317
v -249.808693 2079.281464 -343.831978
v -249.808693 2079.281464 343.832321
v -245.468082 2266.666718 -131.205263
v -245.468082 2266.666718 131.205587
v -239.920006 -80.000000 -144.355078
v -239.920006 -80.000000 144.355078
v -216.113911 2040.000000 -806.547928
v -216.113911 2040.000000 806.548233
v -215.154572 2266.666718 -176.572628
v -215.154572 2266.666718 176.572952
v -204.745274 2079.281464 -372.430115
v -204.745274 2079.281464 372.430420
v -203.278732 -80.000000 -192.555847
v -203.278732 -80.000000 192.555847
v -176.572800 2266.666718 -215.154419
v -176.572800 2266.666718 215.154743
v -166.823826 2058.523254 -825.865326
v -166.823826 2058.523254 825.865631
v -165.352383 2040.000000 -818.467789
v -165.352383 2040.000000 818.468170
v -162.900410 2040.000000 -818.955536
v -162.900410 2040.000000 818.955841
v -161.919899 2058.523254 -826.840744
v -161.919899 2058.523254 826.841049
v -161.591797 2153.333282 -532.696609
v -161.591797 2153.333282 532.696953
v -160.448456 2040.000000 -819.443283
v -160.448456 2040.000000 819.443588
v -157.132378 -80.000000 -231.752911
v -157.132378 -80.000000 231.752911
v -156.452904 2079.281464 -395.154762
v -156.452904 2079.281464 395.155106
v -151.499996 -40.000000 0.000000
v -147.958012 -40.000000 -32.568021
v -147.958012 -40.000000 32.568021
v -137.497673 -40.000000 -63.613200
v -137.497673 -40.000000 63.613200
v -131.205425 2266.666718 -245.467930
v -131.205425 2266.666718 245.468254
v -120.608101 -40.000000 -91.683893
v -120.608101 -40.000000 91.683893
v -108.989372 2040.000000 -827.856293
v -108.989372 2040.000000 827.856598
v -105.693178 2079.281464 -411.647606
v -105.693178 2079.281464 411.647911
v -103.638687 -80.000000 -260.113487
v -103.638687 -80.000000 260.113487
v -98.079023 -40.000000 -115.467548
v -98.079023 -40.000000 115.467548
v -80.795898 2266.666718 -266.348228
v -80.795898 2266.666718 266.348553
v -70.963879 -40.000000 -133.852072
v -70.963879 -40.000000 133.852072
v -54.611611 2040.000000 -833.212051
v -54.611611 2040.000000 833.212357
v -54.562874 2153.333282 -553.986015
v -54.562874 2153.333282 553.986320
v -53.266616 2079.281464 -421.648521
v -53.266616 2079.281464 421.648827
v -45.298958 -80.000000 -276.311436
v -45.298958 -80.000000 276.311436
v -40.530543 -40.000000 -145.977821
v -40.530543 -40.000000 145.977821
v -27.281437 2266.666718 -276.992912
v -27.281437 2266.666718 276.993237
v -25.382926 2369.664459 -2.499839
v -25.382926 2369.664459 2.500161
v -25.382926 2391.258850 -2.499839
v -25.382926 2391.258850 2.500161
v -24.407475 2369.664459 -7.403765
v -24.407475 2369.664459 7.404088
v -24.407475 2391.258850 -7.403765
v -24.407475 2391.258850 7.404088
v -22.494056 2369.664459 -12.023163
v -22.494056 2369.664459 12.023486
v -22.494056 2391.258850 -12.023163
v -22.494056 2391.258850 12.023486
v -21.612930 0.000000 -7.866463
v -21.612930 0.000000 7.866463
v -19.716206 2369.664459 -16.180511
v -19.716206 2369.664459 16.180834
v -19.716206 2391.258850 -16.180511
v -19.716206 2391.258850 16.180834
v -16.180673 2369.664459 -19.716045
v -16.180673 2369.664459 19.716368
v -16.180673 2391.258850 -19.716045
v -16.180673 2391.258850 19.716368
v -15.000000 0.000000 0.000000
v -15.000000 2118.562927 0.000000
v -13.858193 2118.562927 -5.740252
v -13.858193 2118.562927 5.740252
v -12.814578 2396.376495 0.000161
v -12.814578 2396.476746 0.000161
v -12.568349 2396.376495 -2.499839
v -12.568349 2396.376495 2.500161
v -12.568349 2396.476746 -2.499839
v -12.568349 2396.476746 2.500161
v -12.023324 2369.664459 -22.493896
v -12.023324 2369.664459 22.494218
v -12.023324 2391.258850 -22.493896
v -12.023324 2391.258850 22.494218
v -11.839125 2396.376495 -4.903765
v -11.839125 2396.376495 4.904088
v -11.839125 2396.476746 -4.903765
v -11.839125 2396.476746 4.904088
v -11.500000 0.000000 -19.918585
v -11.500000 0.000000 19.918585
v -11.490667 0.000000 -9.641814
v -11.490667 0.000000 9.641814
v -10.654931 2396.376495 -7.119237
v -10.654931 2396.376495 7.119559
v -10.654931 2396.476746 -7.119237
v -10.654931 2396.476746 7.119559
v -10.606601 2118.562927 -10.606601
v -10.606601 2118.562927 10.606601
v -9.061275 2396.376495 -9.061113
v -9.061275 2396.376495 9.061435
v -9.061275 2396.476746 -9.061113
v -9.061275 2396.476746 9.061435
v -8.570765 2398.104553 -0.843985
v -8.570765 2398.104553 0.844308
v -8.570765 2398.238678 -0.843985
v -8.570765 2398.238678 0.844308
v -8.241395 2398.104553 -2.499839
v -8.241395 2398.104553 2.500161
v -8.241395 2398.238678 -2.499839
v -8.241395 2398.238678 2.500161
v -8.202044 -40.000000 -151.277809
v -8.202044 -40.000000 151.277809
v -7.924991 2398.523254 -0.576497
v -7.924991 2398.523254 0.576819
v -7.909132 2398.481140 -0.569928
v -7.909132 2398.481140 0.570251
v -7.885215 2398.523254 -0.980350
v -7.885215 2398.523254 0.980672
v -7.868380 2398.481140 -0.983699
v -7.868380 2398.481140 0.984021
v -7.843849 2398.523254 -0.772390
v -7.843849 2398.523254 0.772713
v -7.799518 2398.418579 -0.768024
v -7.799518 2398.418579 0.768347
v -7.690179 2398.523254 0.000161
v -7.668812 2398.471832 0.000161
v -7.660214 2398.523254 -2.111506
v -7.660214 2398.523254 2.111828
v -7.645942 2398.481140 -2.101969
v -7.645942 2398.481140 2.102292
v -7.595314 2398.104553 -4.059618
v -7.595314 2398.104553 4.059941
v -7.595314 2398.238678 -4.059618
v -7.595314 2398.238678 4.059941
v -7.542414 2398.523254 -2.499839
v -7.542414 2398.523254 -2.287805
v -7.542414 2398.523254 -1.500118
v -7.542414 2398.523254 -0.742702
v -7.542414 2398.523254 0.743024
v -7.542414 2398.523254 1.500441
v -7.542414 2398.523254 2.288128
v -7.542414 2398.523254 2.500161
v -7.525250 2398.481140 -2.499839
v -7.525250 2398.481140 2.500161
v -7.521458 2398.471832 -1.495950
v -7.521458 2398.471832 1.496272
v -7.499787 2398.418579 -2.274874
v -7.499787 2398.418579 2.275197
v -7.403926 2369.664459 -24.407313
v -7.403926 2369.664459 24.407635
v -7.403926 2391.258850 -24.407313
v -7.403926 2391.258850 24.407635
v -7.252564 2398.523254 -2.199880
v -7.252564 2398.523254 2.200202
v -7.119398 2396.376495 -10.654770
v -7.119398 2396.376495 10.655093
v -7.119398 2396.476746 -10.654770
v -7.119398 2396.476746 10.655093
v -7.104799 2398.523254 -2.942743
v -7.104799 2398.523254 2.943065
v -7.101060 2398.523254 -3.565364
v -7.101060 2398.523254 3.565687
v -7.088922 2398.481140 -3.553227
v -7.088922 2398.481140 3.553549
v -7.085058 2398.471832 -2.934566
v -7.085058 2398.471832 2.934888
v -6.951129 2398.523254 -3.715295
v -6.951129 2398.523254 3.715617
v -6.911843 2398.418579 -3.694296
v -6.911843 2398.418579 3.694618
v -6.909763 2398.523254 -3.923254
v -6.909763 2398.523254 3.923576
v -6.892928 2398.481140 -3.919905
v -6.892928 2398.481140 3.920228
v -6.684001 2398.523254 -3.572512
v -6.684001 2398.523254 3.572834
v -6.657348 2398.104553 -5.463383
v -6.657348 2398.104553 5.463706
v -6.657348 2398.238678 -5.463383
v -6.657348 2398.238678 5.463706
v -6.394150 2398.523254 -4.272273
v -6.394150 2398.523254 4.272596
v -6.376384 2398.471832 -4.260402
v -6.376384 2398.471832 4.260725
v -6.269015 2398.523254 -4.882202
v -6.269015 2398.523254 4.882524
v -6.259478 2398.481140 -4.867930
v -6.259478 2398.481140 4.868252
v -6.092715 2398.523254 -5.000001
v -6.092715 2398.523254 5.000324
v -6.058281 2398.418579 -4.971741
v -6.058281 2398.418579 4.972064
v -6.011574 2398.523254 -5.195895
v -6.011574 2398.523254 5.196217
v -5.995715 2398.481140 -5.189326
v -5.995715 2398.481140 5.189648
v -5.858576 2398.523254 -4.807848
v -5.858576 2398.523254 4.808170
v -5.740252 2118.562927 -13.858193
v -5.740252 2118.562927 13.858193
v -5.463544 2398.104553 -6.657187
v -5.463544 2398.104553 6.657509
v -5.463544 2398.238678 -6.657187
v -5.463544 2398.238678 6.657509
v -5.437778 2398.523254 -5.437617
v -5.437778 2398.523254 5.437939
v -5.422669 2398.471832 -5.422508
v -5.422669 2398.471832 5.422830
v -5.196056 2398.523254 -6.011412
v -5.196056 2398.523254 6.011735
v -5.189487 2398.481140 -5.995554
v -5.189487 2398.481140 5.995877
v -5.000162 2398.523254 -6.092554
v -5.000162 2398.523254 6.092877
v -4.971903 2398.418579 -6.058120
v -4.971903 2398.418579 6.058442
v -4.903926 2396.376495 -11.838964
v -4.903926 2396.376495 11.839287
v -4.903926 2396.476746 -11.838964
v -4.903926 2396.476746 11.839287
v -4.882363 2398.523254 -6.268854
v -4.882363 2398.523254 6.269176
v -4.868091 2398.481140 -6.259317
v -4.868091 2398.481140 6.259640
v -4.808009 2398.523254 -5.858415
v -4.808009 2398.523254 5.858737
v -4.272434 2398.523254 -6.393989
v -4.272434 2398.523254 6.394311
v -4.260564 2398.471832 -6.376222
v -4.260564 2398.471832 6.376545
v -4.059780 2398.104553 -7.595152
v -4.059780 2398.104553 7.595475
v -4.059780 2398.238678 -7.595152
v -4.059780 2398.238678 7.595475
v -3.923415 2398.523254 -6.909602
v -3.923415 2398.523254 6.909924
v -3.920067 2398.481140 -6.892767
v -3.920067 2398.481140 6.893089
v -3.715456 2398.523254 -6.950967
v -3.715456 2398.523254 6.951290
v -3.694457 2398.418579 -6.911682
v -3.694457 2398.418579 6.912004
v -3.572673 2398.523254 -6.683840
v -3.572673 2398.523254 6.684162
v -3.565525 2398.523254 -7.100898
v -3.565525 2398.523254 7.101220
v -3.553388 2398.481140 -7.088761
v -3.553388 2398.481140 7.089083
v -2.942904 2398.523254 -7.104638
v -2.942904 2398.523254 7.104960
v -2.934727 2398.471832 -7.084897
v -2.934727 2398.471832 7.085220
v -2.604723 0.000000 -14.772116
v -2.604723 0.000000 14.772116
v -2.500000 2040.000000 -834.999847
v -2.500000 2040.000000 835.000153
v -2.500000 2058.523254 -842.542267
v -2.500000 2058.523254 842.542572
v -2.500000 2369.664459 -25.382764
v -2.500000 2369.664459 25.383086
v -2.500000 2391.258850 -25.382764
v -2.500000 2391.258850 25.383086
v -2.500000 2396.376495 -12.568188
v -2.500000 2396.376495 12.568510
v -2.500000 2396.476746 -12.568188
v -2.500000 2396.476746 12.568510
v -2.500000 2398.104553 -8.241234
v -2.500000 2398.104553 8.241557
v -2.500000 2398.238678 -8.241234
v -2.500000 2398.238678 8.241557
v -2.500000 2398.481140 -7.525088
v -2.500000 2398.481140 7.525411
v -2.500000 2398.523254 -7.542253
v -2.500000 2398.523254 7.542576
v -2.287966 2398.523254 -7.542253
v -2.287966 2398.523254 7.542576
v -2.275035 2398.418579 -7.499625
v -2.275035 2398.418579 7.499948
v -2.200041 2398.523254 -7.252402
v -2.200041 2398.523254 7.252725
v -2.111667 2398.523254 -7.660053
v -2.111667 2398.523254 7.660375
v -2.102131 2398.481140 -7.645780
v -2.102131 2398.481140 7.646103
v -1.500279 2398.523254 -7.542253
v -1.500279 2398.523254 7.542576
v -1.496111 2398.471832 -7.521296
v -1.496111 2398.471832 7.521619
v -0.983860 2398.481140 -7.868218
v -0.983860 2398.481140 7.868541
v -0.980511 2398.523254 -7.885054
v -0.980511 2398.523254 7.885376
v -0.844147 2398.104553 -8.570604
v -0.844147 2398.104553 8.570926
v -0.844147 2398.238678 -8.570604
v -0.844147 2398.238678 8.570926
v -0.772552 2398.523254 -7.843688
v -0.772552 2398.523254 7.844011
v -0.768185 2398.418579 -7.799357
v -0.768185 2398.418579 7.799679
v -0.742863 2398.523254 -7.542253
v -0.742863 2398.523254 7.542576
v -0.576658 2398.523254 -7.924830
v -0.576658 2398.523254 7.925152
v -0.570089 2398.481140 -7.908971
v -0.570089 2398.481140 7.909294
v 0.000000 2040.000000 -834.999847
v 0.000000 2040.000000 835.000153
v 0.000000 2079.281464 -424.999771
v 0.000000 2079.281464 425.000076
v 0.000000 2118.562927 -15.000000
v 0.000000 2118.562927 15.000000
v 0.000000 2380.000000 0.000161
v 0.000000 2396.376495 -12.814416
v 0.000000 2396.376495 12.814739
v 0.000000 2396.476746 -12.814416
v 0.000000 2396.476746 12.814739
v 0.000000 2398.471832 -7.668650
v 0.000000 2398.471832 7.668973
v 0.000000 2398.523254 -7.690018
v 0.000000 2398.523254 7.690340
v 0.570089 2398.481140 -7.908971
v 0.570089 2398.481140 7.909294
v 0.576658 2398.523254 -7.924830
v 0.576658 2398.523254 7.925152
v 0.742863 2398.523254 -7.542253
v 0.742863 2398.523254 7.542576
v 0.768185 2398.418579 -7.799357
v 0.768185 2398.418579 7.799679
v 0.772552 2398.523254 -7.843688
v 0.772552 2398.523254 7.844011
v 0.844147 2398.104553 -8.570604
v 0.844147 2398.104553 8.570926
v 0.844147 2398.238678 -8.570604
v 0.844147 2398.238678 8.570926
v 0.980511 2398.523254 -7.885054
v 0.980511 2398.523254 7.885376
v 0.983860 2398.481140 -7.868218
v 0.983860 2398.481140 7.868541
v 1.496111 2398.471832 -7.521296
v 1.496111 2398.471832 7.521619
v 1.500279 2398.523254 -7.542253
v 1.500279 2398.523254 7.542576
v 2.102131 2398.481140 -7.645780
v 2.102131 2398.481140 7.646103
v 2.111667 2398.523254 -7.660053
v 2.111667 2398.523254 7.660375
v 2.200041 2398.523254 -7.252402
v 2.200041 2398.523254 7.252725
v 2.275035 2398.418579 -7.499625
v 2.275035 2398.418579 7.499948
v 2.287966 2398.523254 -7.542253
v 2.287966 2398.523254 7.542576
v 2.500000 2040.000000 -834.999847
v 2.500000 2040.000000 835.000153
v 2.500000 2058.523254 -842.542267
v 2.500000 2058.523254 842.542572
v 2.500000 2369.664459 -25.382764
v 2.500000 2369.664459 25.383086
v 2.500000 2391.258850 -25.382764
v 2.500000 2391.258850 25.383086
v 2.500000 2396.376495 -12.568188
v 2.500000 2396.376495 12.568510
v 2.500000 2396.476746 -12.568188
v 2.500000 2396.476746 12.568510
v 2.500000 2398.104553 -8.241234
v 2.500000 2398.104553 8.241557
v 2.500000 2398.238678 -8.241234
v 2.500000 2398.238678 8.241557
v 2.500000 2398.481140 -7.525088
v 2.500000 2398.481140 7.525411
v 2.500000 2398.523254 -7.542253
v 2.500000 2398.523254 7.542576
v 2.934727 2398.471832 -7.084897
v 2.934727 2398.471832 7.085220
v 2.942904 2398.523254 -7.104638
v 2.942904 2398.523254 7.104960
v 3.553388 2398.481140 -7.088761
v 3.553388 2398.481140 7.089083
v 3.565525 2398.523254 -7.100898
v 3.565525 2398.523254 7.101220
v 3.572673 2398.523254 -6.683840
v 3.572673 2398.523254 6.684162
v 3.694457 2398.418579 -6.911682
v 3.694457 2398.418579 6.912004
v 3.715456 2398.523254 -6.950967
v 3.715456 2398.523254 6.951290
v 3.920067 2398.481140 -6.892767
v 3.920067 2398.481140 6.893089
v 3.923415 2398.523254 -6.909602
v 3.923415 2398.523254 6.909924
v 3.993908 0.000000 -22.650578
v 3.993908 0.000000 22.650578
v 4.059780 2398.104553 -7.595152
v 4.059780 2398.104553 7.595475
v 4.059780 2398.238678 -7.595152
v 4.059780 2398.238678 7.595475
v 4.260564 2398.471832 -6.376222
v 4.260564 2398.471832 6.376545
v 4.272434 2398.523254 -6.393989
v 4.272434 2398.523254 6.394311
v 4.808009 2398.523254 -5.858415
v 4.808009 2398.523254 5.858737
v 4.868091 2398.481140 -6.259317
v 4.868091 2398.481140 6.259640
v 4.882363 2398.523254 -6.268854
v 4.882363 2398.523254 6.269176
v 4.903926 2396.376495 -11.838964
v 4.903926 2396.376495 11.839287
v 4.903926 2396.476746 -11.838964
v 4.903926 2396.476746 11.839287
v 4.971903 2398.418579 -6.058120
v 4.971903 2398.418579 6.058442
v 5.000162 2398.523254 -6.092554
v 5.000162 2398.523254 6.092877
v 5.189487 2398.481140 -5.995554
v 5.189487 2398.481140 5.995877
v 5.196056 2398.523254 -6.011412
v 5.196056 2398.523254 6.011735
v 5.422669 2398.471832 -5.422508
v 5.422669 2398.471832 5.422830
v 5.437778 2398.523254 -5.437617
v 5.437778 2398.523254 5.437939
v 5.463544 2398.104553 -6.657187
v 5.463544 2398.104553 6.657509
v 5.463544 2398.238678 -6.657187
v 5.463544 2398.238678 6.657509
v 5.740252 2118.562927 -13.858193
v 5.740252 2118.562927 13.858193
v 5.858576 2398.523254 -4.807848
v 5.858576 2398.523254 4.808170
v 5.995715 2398.481140 -5.189326
v 5.995715 2398.481140 5.189648
v 6.011574 2398.523254 -5.195895
v 6.011574 2398.523254 5.196217
v 6.058281 2398.418579 -4.971741
v 6.058281 2398.418579 4.972064
v 6.092715 2398.523254 -5.000001
v 6.092715 2398.523254 5.000324
v 6.259478 2398.481140 -4.867930
v 6.259478 2398.481140 4.868252
v 6.269015 2398.523254 -4.882202
v 6.269015 2398.523254 4.882524
v 6.376384 2398.471832 -4.260402
v 6.376384 2398.471832 4.260725
v 6.394150 2398.523254 -4.272273
v 6.394150 2398.523254 4.272596
v 6.657348 2398.104553 -5.463383
v 6.657348 2398.104553 5.463706
v 6.657348 2398.238678 -5.463383
v 6.657348 2398.238678 5.463706
v 6.684001 2398.523254 -3.572512
v 6.684001 2398.523254 3.572834
v 6.892928 2398.481140 -3.919905
v 6.892928 2398.481140 3.920228
v 6.909763 2398.523254 -3.923254
v 6.909763 2398.523254 3.923576
v 6.911843 2398.418579 -3.694296
v 6.911843 2398.418579 3.694618
v 6.951129 2398.523254 -3.715295
v 6.951129 2398.523254 3.715617
v 7.085058 2398.471832 -2.934566
v 7.085058 2398.471832 2.934888
v 7.088922 2398.481140 -3.553227
v 7.088922 2398.481140 3.553549
v 7.101060 2398.523254 -3.565364
v 7.101060 2398.523254 3.565687
v 7.104799 2398.523254 -2.942743
v 7.104799 2398.523254 2.943065
v 7.119398 2396.376495 -10.654770
v 7.119398 2396.376495 10.655093
v 7.119398 2396.476746 -10.654770
v 7.119398 2396.476746 10.655093
v 7.252564 2398.523254 -2.199880
v 7.252564 2398.523254 2.200202
v 7.403926 2369.664459 -24.407313
v 7.403926 2369.664459 24.407635
v 7.403926 2391.258850 -24.407313
v 7.403926 2391.258850 24.407635
v 7.500000 0.000000 -12.990381
v 7.500000 0.000000 12.990381
v 7.499787 2398.418579 -2.274874
v 7.499787 2398.418579 2.275197
v 7.521458 2398.471832 -1.495950
v 7.521458 2398.471832 1.496272
v 7.525250 2398.481140 -2.499839
v 7.525250 2398.481140 2.500161
v 7.542414 2398.523254 -2.499839
v 7.542414 2398.523254 -2.287805
v 7.542414 2398.523254 -1.500118
v 7.542414 2398.523254 -0.742702
v 7.542414 2398.523254 0.743024
v 7.542414 2398.523254 1.500441
v 7.542414 2398.523254 2.288128
v 7.542414 2398.523254 2.500161
v 7.595314 2398.104553 -4.059618
v 7.595314 2398.104553 4.059941
v 7.595314 2398.238678 -4.059618
v 7.595314 2398.238678 4.059941
v 7.645942 2398.481140 -2.101969
v 7.645942 2398.481140 2.102292
v 7.660214 2398.523254 -2.111506
v 7.660214 2398.523254 2.111828
v 7.668812 2398.471832 0.000161
v 7.690179 2398.523254 0.000161
v 7.799518 2398.418579 -0.768024
v 7.799518 2398.418579 0.768347
v 7.843849 2398.523254 -0.772390
v 7.843849 2398.523254 0.772713
v 7.868380 2398.481140 -0.983699
v 7.868380 2398.481140 0.984021
v 7.885215 2398.523254 -0.980350
v 7.885215 2398.523254 0.980672
v 7.909132 2398.481140 -0.569928
v 7.909132 2398.481140 0.570251
v 7.924991 2398.523254 -0.576497
v 7.924991 2398.523254 0.576819
v 8.241395 2398.104553 -2.499839
v 8.241395 2398.104553 2.500161
v 8.241395 2398.238678 -2.499839
v 8.241395 2398.238678 2.500161
v 8.570765 2398.104553 -0.843985
v 8.570765 2398.104553 0.844308
v 8.570765 2398.238678 -0.843985
v 8.570765 2398.238678 0.844308
v 9.061275 2396.376495 -9.061113
v 9.061275 2396.376495 9.061435
v 9.061275 2396.476746 -9.061113
v 9.061275 2396.476746 9.061435
v 10.606601 2118.562927 -10.606601
v 10.606601 2118.562927 10.606601
v 10.654931 2396.376495 -7.119237
v 10.654931 2396.376495 7.119559
v 10.654931 2396.476746 -7.119237
v 10.654931 2396.476746 7.119559
v 11.839125 2396.376495 -4.903765
v 11.839125 2396.376495 4.904088
v 11.839125 2396.476746 -4.903765
v 11.839125 2396.476746 4.904088
v 12.023324 2369.664459 -22.493896
v 12.023324 2369.664459 22.494218
v 12.023324 2391.258850 -22.493896
v 12.023324 2391.258850 22.494218
v 12.568349 2396.376495 -2.499839
v 12.568349 2396.376495 2.500161
v 12.568349 2396.476746 -2.499839
v 12.568349 2396.476746 2.500161
v 12.814578 2396.376495 0.000161
v 12.814578 2396.476746 0.000161
v 13.858193 2118.562927 -5.740252
v 13.858193 2118.562927 5.740252
v 14.095390 0.000000 -5.130302
v 14.095390 0.000000 5.130302
v 15.000000 2118.562927 0.000000
v 15.158894 -80.000000 -279.589348
v 15.158894 -80.000000 279.589348
v 16.180673 2369.664459 -19.716045
v 16.180673 2369.664459 19.716368
v 16.180673 2391.258850 -19.716045
v 16.180673 2391.258850 19.716368
v 17.619022 0.000000 -14.784116
v 17.619022 0.000000 14.784116
v 19.716206 2369.664459 -16.180511
v 19.716206 2369.664459 16.180834
v 19.716206 2391.258850 -16.180511
v 19.716206 2391.258850 16.180834
v 22.494056 2369.664459 -12.023163
v 22.494056 2369.664459 12.023486
v 22.494056 2391.258850 -12.023163
v 22.494056 2391.258850 12.023486
v 23.000000 0.000000 0.000000
v 24.407475 2369.664459 -7.403765
v 24.407475 2369.664459 7.404088
v 24.407475 2391.258850 -7.403765
v 24.407475 2391.258850 7.404088
v 24.509974 -40.000000 -149.504223
v 24.509974 -40.000000 149.504223
v 25.382926 2369.664459 -2.499839
v 25.382926 2369.664459 2.500161
v 25.382926 2391.258850 -2.499839
v 25.382926 2391.258850 2.500161
v 27.281437 2266.666718 -276.992912
v 27.281437 2266.666718 276.993237
v 53.266616 2079.281464 -421.648521
v 53.266616 2079.281464 421.648827
v 54.562874 2153.333282 -553.986015
v 54.562874 2153.333282 553.986320
v 54.611611 2040.000000 -833.212051
v 54.611611 2040.000000 833.212357
v 56.075931 -40.000000 -140.739975
v 56.075931 -40.000000 140.739975
v 74.907937 -80.000000 -269.794006
v 74.907937 -80.000000 269.794006
v 80.795898 2266.666718 -266.348228
v 80.795898 2266.666718 266.348553
v 85.019836 -40.000000 -125.394888
v 85.019836 -40.000000 125.394888
v 105.693178 2079.281464 -411.647606
v 105.693178 2079.281464 411.647911
v 108.989372 2040.000000 -827.856293
v 108.989372 2040.000000 827.856598
v 109.988317 -40.000000 -104.186468
v 109.988317 -40.000000 104.186468
v 129.813862 -40.000000 -78.106408
v 129.813862 -40.000000 78.106408
v 131.154366 -80.000000 -247.383366
v 131.154366 -80.000000 247.383366
v 131.205425 2266.666718 -245.467930
v 131.205425 2266.666718 245.468254
v 143.569460 -40.000000 -48.374181
v 143.569460 -40.000000 48.374181
v 150.611897 -40.000000 -16.380031
v 150.611897 -40.000000 16.380031
v 156.452904 2079.281464 -395.154762
v 156.452904 2079.281464 395.155106
v 160.448456 2040.000000 -819.443283
v 160.448456 2040.000000 819.443588
v 161.591797 2153.333282 -532.696609
v 161.591797 2153.333282 532.696953
v 161.919899 2058.523254 -826.840744
v 161.919899 2058.523254 826.841049
v 162.900410 2040.000000 -818.955536
v 162.900410 2040.000000 818.955841
v 165.352383 2040.000000 -818.467789
v 165.352383 2040.000000 818.468170
v 166.823826 2058.523254 -825.865326
v 166.823826 2058.523254 825.865631
v 176.572800 2266.666718 -215.154419
v 176.572800 2266.666718 215.154743
v 181.268158 -80.000000 -213.405380
v 181.268158 -80.000000 213.405380
v 204.745274 2079.281464 -372.430115
v 204.745274 2079.281464 372.430420
v 215.154572 2266.666718 -176.572628
v 215.154572 2266.666718 176.572952
v 216.113911 2040.000000 -806.547928
v 216.113911 2040.000000 806.548233
v 222.906055 -80.000000 -169.448776
v 222.906055 -80.000000 169.448776
v 245.468082 2266.666718 -131.205263
v 245.468082 2266.666718 131.205587
v 249.808693 2079.281464 -343.831978
v 249.808693 2079.281464 343.832321
v 254.121113 -80.000000 -117.568951
v 254.121113 -80.000000 117.568951
v 262.410851 2153.333282 -490.936012
v 262.410851 2153.333282 490.936317
v 266.348400 2266.666718 -80.795736
v 266.348400 2266.666718 80.796061
v 268.401947 2040.000000 -790.686493
v 268.401947 2040.000000 790.686798
v 273.453751 -80.000000 -60.191722
v 273.453751 -80.000000 60.191722
v 276.993084 2266.666718 -27.281277
v 276.993084 2266.666718 27.281599
v 280.000000 -80.000000 0.000000
v 290.932465 2079.281464 -309.811440
v 290.932465 2079.281464 309.811764
v 317.230968 2040.000000 -772.395935
v 317.230968 2040.000000 772.396317
v 319.540672 2040.000000 -771.439285
v 319.540672 2040.000000 771.439590
v 320.117340 2058.523254 -779.364243
v 320.117340 2058.523254 779.364548
v 321.850357 2040.000000 -770.482559
v 321.850357 2040.000000 770.482864
v 324.736710 2058.523254 -777.450790
v 324.736710 2058.523254 777.451172
v 327.468071 2079.281464 -270.904980
v 327.468071 2079.281464 270.905304
v 353.145599 2153.333282 -430.308990
v 353.145599 2153.333282 430.309296
v 358.839302 2079.281464 -227.726192
v 358.839302 2079.281464 227.726498
v 369.311066 2040.000000 -748.888550
v 369.311066 2040.000000 748.888931
v 384.551430 2079.281464 -180.956001
v 384.551430 2079.281464 180.956326
v 404.198952 2079.281464 -131.332035
v 404.198952 2079.281464 131.332359
v 417.472000 2079.281464 -79.636884
v 417.472000 2079.281464 79.637203
v 417.500000 2040.000000 -723.131027
v 417.500000 2040.000000 723.131409
v 424.161263 2079.281464 -26.685805
v 424.161263 2079.281464 26.686127
v 430.309143 2153.333282 -353.145447
v 430.309143 2153.333282 353.145752
v 461.822472 2040.000000 -695.665894
v 461.822472 2040.000000 695.666199
v 463.901138 2040.000000 -694.276962
v 463.901138 2040.000000 694.277267
v 465.979805 2040.000000 -692.888031
v 465.979805 2040.000000 692.888336
v 466.012802 2058.523254 -701.937180
v 466.012802 2058.523254 701.937485
v 470.170174 2058.523254 -699.159317
v 470.170174 2058.523254 699.159622
v 490.936165 2153.333282 -262.410698
v 490.936165 2153.333282 262.411003
v 508.315811 2040.000000 -662.449875
v 508.315811 2040.000000 662.450180
v 532.696800 2153.333282 -161.591644
v 532.696800 2153.333282 161.591969
v 550.553741 2040.000000 -627.786064
v 550.553741 2040.000000 627.786407
v 553.986168 2153.333282 -54.562712
v 553.986168 2153.333282 54.563036
v 588.666382 2040.000000 -592.201767
v 588.666382 2040.000000 592.202072
v 590.434151 2040.000000 -590.433998
v 590.434151 2040.000000 590.434341
v 592.201920 2040.000000 -588.666229
v 592.201920 2040.000000 588.666573
v 593.999672 2058.523254 -597.535057
v 593.999672 2058.523254 597.535400
v 597.535210 2058.523254 -593.999519
v 597.535210 2058.523254 593.999863
v 627.786255 2040.000000 -550.553589
v 627.786255 2040.000000 550.553932
v 662.450027 2040.000000 -508.315620
v 662.450027 2040.000000 508.315964
v 692.888184 2040.000000 -465.979652
v 692.888184 2040.000000 465.979996
v 694.277115 2040.000000 -463.900986
v 694.277115 2040.000000 463.901291
v 695.666046 2040.000000 -461.822319
v 695.666046 2040.000000 461.822624
v 699.159470 2058.523254 -470.169983
v 699.159470 2058.523254 470.170326
v 701.937332 2058.523254 -466.012650
v 701.937332 2058.523254 466.012955
v 723.131180 2040.000000 -417.499847
v 723.131180 2040.000000 417.500153
v 748.888702 2040.000000 -369.310913
v 748.888702 2040.000000 369.311218
v 770.482712 2040.000000 -321.850204
v 770.482712 2040.000000 321.850510
v 771.439438 2040.000000 -319.540501
v 771.439438 2040.000000 319.540825
v 772.396088 2040.000000 -317.230797
v 772.396088 2040.000000 317.231121
v 777.451019 2058.523254 -324.736557
v 777.451019 2058.523254 324.736900
v 779.364395 2058.523254 -320.117149
v 779.364395 2058.523254 320.117493
v 790.686646 2040.000000 -268.401794
v 790.686646 2040.000000 268.402119
v 806.548080 2040.000000 -216.113739
v 806.548080 2040.000000 216.114063
v 818.468018 2040.000000 -165.352230
v 818.468018 2040.000000 165.352535
v 818.955688 2040.000000 -162.900257
v 818.955688 2040.000000 162.900581
v 819.443436 2040.000000 -160.448303
v 819.443436 2040.000000 160.448608
v 825.865479 2058.523254 -166.823673
v 825.865479 2058.523254 166.823997
v 826.840897 2058.523254 -161.919746
v 826.840897 2058.523254 161.920071
v 827.856445 2040.000000 -108.989210
v 827.856445 2040.000000 108.989534
v 833.212204 2040.000000 -54.611454
v 833.212204 2040.000000 54.611773
v 835.000000 2040.000000 -2.499839
v 835.000000 2040.000000 0.000161
v 835.000000 2040.000000 2.500161
v 842.542419 2058.523254 -2.499839
v 842.542419 2058.523254 2.500161
vt 90.156807 0.000000 0.000000
vt 0.000000 0.000000 0.000000
vt 2.740651 -0.250000 0.000000
vt 90.156807 -0.250000 0.000000
vt 90.156807 0.000000 0.000000
vt 0.000000 0.000000 0.000000
vt 2.740651 -0.250000 0.000000
vt 90.156807 -0.250000 0.000000
vt 90.156807 0.000000 0.000000
vt 0.000000 0.000000 0.000000
vt 2.740651 -0.250000 0.000000
vt 90.156807 -0.250000 0.000000
vt 90.156807 0.000000 0.000000
vt 0.000000 0.000000 0.000000
vt 2.740651 -0.250000 0.000000
vt 90.156807 -0.250000 0.000000
vt 90.156807 0.000000 0.000000
vt 0.000000 0.000000 0.000000
vt 2.740651 -0.250000 0.000000
vt 90.156807 -0.250000 0.000000
vt 90.156807 0.000000 0.000000
vt 0.000000 0.000000 0.000000
vt 2.740651 -0.250000 0.000000
vt 90.156807 -0.250000 0.000000
vt 90.156807 0.000000 0.000000
vt 0.000000 0.000000 0.000000
vt 2.740651 -0.250000 0.000000
vt 90.156807 -0.250000 0.000000
vt 90.156807 0.000000 0.000000
vt 0.000000 0.000000 0.000000
vt 2.740651 -0.250000 0.000000
vt 90.156807 -0.250000 0.000000
vt 90.156807 0.000000 0.000000
vt 0.000000 0.000000 0.000000
vt 2.740651 -0.250000 0.000000
vt 90.156807 -0.250000 0.000000
vt 90.156807 0.000000 0.000000
vt 0.000000 0.000000 0.000000
vt 2.740651 -0.250000 0.000000
vt 90.156807 -0.250000 0.000000
vt 90.156807 0.000000 0.000000
vt 0.000000 0.000000 0.000000
vt 2.740651 -0.250000 0.000000
vt 90.156807 -0.250000 0.000000
vt 90.156807 0.000000 0.000000
vt 0.000000 0.000000 0.000000
vt 2.740651 -0.250000 0.000000
vt 90.156807 -0.250000 0.000000
vt 90.156807 0.000000 0.000000
vt 0.000000 0.000000 0.000000
vt 2.740651 -0.250000 0.000000
vt 90.156807 -0.250000 0.000000
vt 90.156807 0.000000 0.000000
vt 0.000000 0.000000 0.000000
vt 2.740651 -0.250000 0.000000
vt 90.156807 -0.250000 0.000000
vt 90.156807 0.000000 0.000000
vt 0.000000 0.000000 0.000000
vt 2.740651 -0.250000 0.000000
vt 90.156807 -0.250000 0.000000
vt 90.156807 0.000000 0.000000
vt 0.000000 0.000000 0.000000
vt 2.740651 -0.250000 0.000000
vt 90.156807 -0.250000 0.000000
vt 90.156807 0.000000 0.000000
vt 0.000000 0.000000 0.000000
vt 2.740651 -0.250000 0.000000
vt 90.156807 -0.250000 0.000000
vt 90.156807 0.000000 0.000000
vt 0.000000 0.000000 0.000000
vt 2.740651 -0.250000 0.000000
vt 90.156807 -0.250000 0.000000
vt 90.156807 0.000000 0.000000
vt 0.000000 0.000000 0.000000
vt 2.740651 -0.250000 0.000000
vt 90.156807 -0.250000 0.000000
vt 90.156807 0.000000 0.000000
vt 0.000000 0.000000 0.000000
vt 2.740651 -0.250000 0.000000
vt 90.156807 -0.250000 0.000000
vt 90.156807 0.000000 0.000000
vt 0.000000 0.000000 0.000000
vt 2.740651 -0.250000 0.000000
vt 90.156807 -0.250000 0.000000
vt 90.156807 0.000000 0.000000
vt 0.000000 0.000000 0.000000
vt 2.740651 -0.250000 0.000000
vt 90.156807 -0.250000 0.000000
vt 90.145630 -0.210213 0.000000
vt 90.156807 -0.228797 0.000000
vt 90.156807 -0.150028 0.000000
vt 89.614143 -0.250000 0.000000
vt 90.081337 -0.250000 0.000000
vt 90.156807 -0.228797 0.000000
vt 90.081337 -0.250000 0.000000
vt 90.156807 -0.250000 0.000000
vt 0.000000 -0.228797 0.000000
vt 0.011303 -0.227504 0.000000
vt 0.000000 -0.150028 0.000000
vt 0.004552 -0.250000 0.000000
vt 0.000000 -0.228797 0.000000
vt 0.000000 -0.250000 0.000000
vt 41.302982 17.884291 0.000000
vt 41.302982 17.897703 0.000000
vt 40.870285 17.721516 0.000000
vt 90.156807 0.000000 0.000000
vt 0.000000 0.000000 0.000000
vt 2.740651 -0.250000 0.000000
vt 90.156807 -0.250000 0.000000
vt 90.156807 0.000000 0.000000
vt 0.000000 0.000000 0.000000
vt 2.740651 -0.250000 0.000000
vt 90.156807 -0.250000 0.000000
vt 90.156807 0.000000 0.000000
vt 0.000000 0.000000 0.000000
vt 2.740651 -0.250000 0.000000
vt 90.156807 -0.250000 0.000000
vt 90.156807 0.000000 0.000000
vt 0.000000 0.000000 0.000000
vt 2.740651 -0.250000 0.000000
vt 90.156807 -0.250000 0.000000
vt 90.156807 0.000000 0.000000
vt 0.000000 0.000000 0.000000
vt 2.740651 -0.250000 0.000000
vt 90.156807 -0.250000 0.000000
vt 90.156807 -0.150028 0.000000
vt 89.614143 -0.250000 0.000000
vt 90.081337 -0.250000 0.000000
vt 90.145630 -0.210213 0.000000
vt 90.156807 -0.228797 0.000000
vt 89.614143 -0.250000 0.000000
vt 90.045776 -0.084415 0.000000
vt 88.230530 -0.250000 0.000000
vt 90.129051 -0.076819 0.000000
vt 90.156807 -0.150028 0.000000
vt 90.156807 -0.074286 0.000000
vt 90.156807 0.000000 0.000000
vt 0.000000 0.000000 0.000000
vt 2.740651 -0.250000 0.000000
vt 90.156807 -0.250000 0.000000
vt 0.000000 -0.150028 0.000000
vt 0.005557 -0.149611 0.000000
vt 0.000000 -0.074286 0.000000
vt 40.870285 17.711489 0.000000
vt 40.870285 17.721516 0.000000
vt 39.588829 17.199724 0.000000
vt 90.156807 0.000000 0.000000
vt 0.000000 0.000000 0.000000
vt 2.740651 -0.250000 0.000000
vt 90.156807 -0.250000 0.000000
vt 90.143158 0.000000 0.000000
vt 90.156807 -0.074286 0.000000
vt 90.156807 0.074286 0.000000
vt 88.230530 -0.250000 0.000000
vt 89.587563 0.000000 0.000000
vt 88.230530 0.250000 0.000000
vt 0.000000 0.250000 0.000000
vt 0.000000 -0.250000 0.000000
vt 90.045776 -0.084415 0.000000
vt 88.230530 -0.250000 0.000000
vt 89.614143 -0.250000 0.000000
vt 39.588829 17.199724 0.000000
vt 40.870285 17.711489 0.000000
vt 40.870285 17.721516 0.000000
vt 39.588829 15.040279 0.000000
vt 39.588829 17.199724 0.000000
vt -42.127121 -16.073835 0.000000
vt -41.372879 -17.926165 0.000000
vt 0.000000 0.000000 0.000000
vt 90.156807 0.000000 0.000000
vt 90.156807 0.250000 0.000000
vt 2.740651 0.250000 0.000000
vt 0.000000 -0.074286 0.000000
vt 2.000000 0.000000 0.000000
vt 0.000000 0.074286 0.000000
vt 90.156807 0.000000 0.000000
vt 0.000000 0.000000 0.000000
vt 2.740651 -0.250000 0.000000
vt 90.156807 -0.250000 0.000000
vt 2.000000 0.000000 0.000000
vt 0.000000 0.074286 0.000000
vt 0.000000 -0.074286 0.000000
vt -39.588829 17.199724 0.000000
vt -39.588829 15.040279 0.000000
vt 41.372879 -17.926165 0.000000
vt 42.127121 -16.073835 0.000000
vt -40.870285 17.711489 0.000000
vt -39.588829 17.199724 0.000000
vt -40.870285 17.721516 0.000000
vt 90.156807 0.074286 0.000000
vt 90.143158 0.000000 0.000000
vt 90.156807 -0.074286 0.000000
vt 88.230530 0.250000 0.000000
vt 90.045776 0.084415 0.000000
vt 89.614143 0.250000 0.000000
vt 0.000000 0.150028 0.000000
vt 0.011303 0.227504 0.000000
vt 0.000000 0.228797 0.000000
vt 0.005557 0.149611 0.000000
vt 0.000000 0.150028 0.000000
vt 0.000000 0.074286 0.000000
vt -41.302982 17.884291 0.000000
vt -40.870285 17.721516 0.000000
vt -41.302982 17.897703 0.000000
vt 90.045776 0.084415 0.000000
vt 89.614143 0.250000 0.000000
vt 88.230530 0.250000 0.000000
vt 90.156807 0.150028 0.000000
vt 90.129051 0.076819 0.000000
vt 90.156807 0.074286 0.000000
vt 0.000000 0.228797 0.000000
vt 0.004552 0.250000 0.000000
vt 0.000000 0.250000 0.000000
vt 0.011303 0.227504 0.000000
vt 0.000000 0.228797 0.000000
vt 0.000000 0.150028 0.000000
vt -41.374596 17.921949 0.000000
vt -41.302982 17.897703 0.000000
vt -41.372879 17.926165 0.000000
vt 90.081337 0.250000 0.000000
vt 90.156807 0.228797 0.000000
vt 90.156807 0.250000 0.000000
vt 90.156807 0.228797 0.000000
vt 90.145630 0.210213 0.000000
vt 90.081337 0.250000 0.000000
vt 89.614143 0.250000 0.000000
vt 90.156807 0.150028 0.000000
vt 0.005557 0.149611 0.000000
vt 0.000000 0.150028 0.000000
vt 0.000000 0.074286 0.000000
vt 0.011303 0.227504 0.000000
vt 0.000000 0.228797 0.000000
vt 0.000000 0.150028 0.000000
vt 0.000000 -0.228797 0.000000
vt 0.011303 -0.227504 0.000000
vt 0.000000 -0.150028 0.000000
vt 0.005557 -0.149611 0.000000
vt 0.000000 -0.074286 0.000000
vt 0.000000 -0.150028 0.000000
vt 0.004552 -0.250000 0.000000
vt 0.000000 -0.228797 0.000000
vt 0.000000 -0.250000 0.000000
vt 90.045776 0.084415 0.000000
vt 89.614143 0.250000 0.000000
vt 88.230530 0.250000 0.000000
vt 90.156807 0.150028 0.000000
vt 90.129051 0.076819 0.000000
vt 90.156807 0.074286 0.000000
vt 90.156807 -0.074286 0.000000
vt 90.129051 -0.076819 0.000000
vt 90.156807 -0.150028 0.000000
vt 90.156807 -0.228797 0.000000
vt 90.081337 -0.250000 0.000000
vt 90.156807 -0.250000 0.000000
vt 90.081337 -0.250000 0.000000
vt 90.145630 -0.210213 0.000000
vt 90.156807 -0.228797 0.000000
vt 90.156807 -0.150028 0.000000
vt 89.614143 -0.250000 0.000000
vt 90.081337 0.250000 0.000000
vt 90.156807 0.228797 0.000000
vt 90.156807 0.250000 0.000000
vt 90.156807 0.228797 0.000000
vt 90.145630 0.210213 0.000000
vt 90.081337 0.250000 0.000000
vt 89.614143 0.250000 0.000000
vt 90.156807 0.150028 0.000000
vt 41.302982 17.884291 0.000000
vt 41.302982 17.897703 0.000000
vt 40.870285 17.721516 0.000000
vt -41.302982 17.897703 0.000000
vt -41.302982 17.884291 0.000000
vt -40.870285 17.721516 0.000000
vt -40.870285 17.721516 0.000000
vt -40.870285 17.711489 0.000000
vt -39.588829 17.199724 0.000000
vt -39.588829 17.199724 0.000000
vt -39.588829 15.040279 0.000000
vt 41.372879 -17.926165 0.000000
vt 42.127121 -16.073835 0.000000
vt -41.374596 17.921949 0.000000
vt -41.302982 17.897703 0.000000
vt -41.372879 17.926165 0.000000
vt 41.302982 17.897703 0.000000
vt 41.374596 17.921949 0.000000
vt 41.372879 17.926165 0.000000
vt 2.000000 -0.250000 0.000000
vt 2.000000 0.250000 0.000000
vt 0.000000 0.250000 0.000000
vt 0.000000 0.000000 0.000000
vt 0.000000 -0.250000 0.000000
vt 0.000000 0.000000 0.000000
vt 2.740651 -0.250000 0.000000
vt 90.156807 -0.250000 0.000000
vt 90.156807 0.000000 0.000000
vt 0.000000 0.228797 0.000000
vt 0.004552 0.250000 0.000000
vt 0.000000 0.250000 0.000000
vt 0.000000 -0.228797 0.000000
vt 0.011303 -0.227504 0.000000
vt 0.000000 -0.150028 0.000000
vt 0.004552 -0.250000 0.000000
vt 0.000000 -0.228797 0.000000
vt 0.000000 -0.250000 0.000000
vt 90.145630 -0.210213 0.000000
vt 90.156807 -0.228797 0.000000
vt 90.156807 -0.150028 0.000000
vt 89.614143 -0.250000 0.000000
vt 90.081337 -0.250000 0.000000
vt 90.156807 -0.228797 0.000000
vt 90.081337 -0.250000 0.000000
vt 90.156807 -0.250000 0.000000
vt 41.302982 17.884291 0.000000
vt 41.302982 17.897703 0.000000
vt 40.870285 17.721516 0.000000
vt 89.614143 -0.250000 0.000000
vt 90.045776 -0.084415 0.000000
vt 88.230530 -0.250000 0.000000
vt 90.129051 -0.076819 0.000000
vt 90.156807 -0.150028 0.000000
vt 90.156807 -0.074286 0.000000
vt -40.870285 17.721516 0.000000
vt -40.870285 17.711489 0.000000
vt -39.588829 17.199724 0.000000
vt -41.374596 17.921949 0.000000
vt -41.302982 17.897703 0.000000
vt -41.372879 17.926165 0.000000
vt 89.614143 0.250000 0.000000
vt 90.156807 0.150028 0.000000
vt 90.156807 0.228797 0.000000
vt 90.145630 0.210213 0.000000
vt 90.081337 0.250000 0.000000
vt 90.081337 0.250000 0.000000
vt 90.156807 0.228797 0.000000
vt 90.156807 0.250000 0.000000
vt 0.000000 -0.150028 0.000000
vt 0.005557 -0.149611 0.000000
vt 0.000000 -0.074286 0.000000
vt 41.302982 17.897703 0.000000
vt 41.374596 17.921949 0.000000
vt 41.372879 17.926165 0.000000
vt 90.143158 0.000000 0.000000
vt 90.156807 -0.074286 0.000000
vt 90.156807 0.074286 0.000000
vt 88.230530 -0.250000 0.000000
vt 89.587563 0.000000 0.000000
vt 88.230530 0.250000 0.000000
vt 0.000000 0.250000 0.000000
vt 0.000000 -0.250000 0.000000
vt 0.000000 -0.074286 0.000000
vt 2.000000 0.000000 0.000000
vt 0.000000 0.074286 0.000000
vt 0.011303 -0.227504 0.000000
vt 0.000000 -0.150028 0.000000
vt 0.000000 -0.228797 0.000000
vt -41.302982 17.884291 0.000000
vt -40.870285 17.721516 0.000000
vt -41.302982 17.897703 0.000000
vt 89.614143 0.250000 0.000000
vt 90.156807 0.150028 0.000000
vt 90.156807 0.228797 0.000000
vt 90.145630 0.210213 0.000000
vt 90.081337 0.250000 0.000000
vt 90.129051 0.076819 0.000000
vt 90.156807 0.074286 0.000000
vt 90.156807 0.150028 0.000000
vt 89.587563 0.000000 0.000000
vt 88.230530 0.250000 0.000000
vt 0.000000 0.250000 0.000000
vt 0.000000 -0.250000 0.000000
vt 88.230530 -0.250000 0.000000
vt 0.000000 0.074286 0.000000
vt 0.005557 0.149611 0.000000
vt 0.000000 0.150028 0.000000
vt 39.588829 15.040279 0.000000
vt 39.588829 17.199724 0.000000
vt -42.127121 -16.073835 0.000000
vt -41.372879 -17.926165 0.000000
vt 0.000000 0.000000 0.000000
vt 90.156807 0.000000 0.000000
vt 90.156807 0.250000 0.000000
vt 2.740651 0.250000 0.000000
vt 0.005557 0.149611 0.000000
vt 0.000000 0.150028 0.000000
vt 0.000000 0.074286 0.000000
vt 0.004552 -0.250000 0.000000
vt 0.000000 -0.228797 0.000000
vt 0.000000 -0.250000 0.000000
vt 0.011303 0.227504 0.000000
vt 0.000000 0.228797 0.000000
vt 0.000000 0.150028 0.000000
vt 90.045776 0.084415 0.000000
vt 89.614143 0.250000 0.000000
vt 88.230530 0.250000 0.000000
vt 90.156807 0.150028 0.000000
vt 90.129051 0.076819 0.000000
vt 90.156807 0.074286 0.000000
vt 90.156807 -0.228797 0.000000
vt 90.081337 -0.250000 0.000000
vt 90.156807 -0.250000 0.000000
vt 90.081337 0.250000 0.000000
vt 90.156807 0.228797 0.000000
vt 90.156807 0.250000 0.000000
vt 90.156807 0.228797 0.000000
vt 90.145630 0.210213 0.000000
vt 90.081337 0.250000 0.000000
vt 89.614143 0.250000 0.000000
vt 90.156807 0.150028 0.000000
vt 40.870285 17.721516 0.000000
vt 41.302982 17.884291 0.000000
vt 41.302982 17.897703 0.000000
vt -41.302982 17.897703 0.000000
vt -41.302982 17.884291 0.000000
vt -40.870285 17.721516 0.000000
vt -40.870285 17.721516 0.000000
vt -40.870285 17.711489 0.000000
vt -39.588829 17.199724 0.000000
vt -39.588829 17.199724 0.000000
vt -39.588829 15.040279 0.000000
vt 41.372879 -17.926165 0.000000
vt 42.127121 -16.073835 0.000000
vt -41.374596 17.921949 0.000000
vt -41.302982 17.897703 0.000000
vt -41.372879 17.926165 0.000000
vt 41.302982 17.897703 0.000000
vt 41.374596 17.921949 0.000000
vt 41.372879 17.926165 0.000000
vt 2.000000 -0.250000 0.000000
vt 2.000000 0.250000 0.000000
vt 0.000000 0.250000 0.000000
vt 0.000000 0.000000 0.000000
vt 0.000000 -0.250000 0.000000
vt 0.000000 0.000000 0.000000
vt 90.156807 0.000000 0.000000
vt 90.156807 0.250000 0.000000
vt 2.740651 0.250000 0.000000
vt 0.000000 0.228797 0.000000
vt 0.004552 0.250000 0.000000
vt 0.000000 0.250000 0.000000
vt 0.000000 -0.228797 0.000000
vt 0.011303 -0.227504 0.000000
vt 0.000000 -0.150028 0.000000
vt 0.004552 -0.250000 0.000000
vt 0.000000 -0.228797 0.000000
vt 0.000000 -0.250000 0.000000
vt 90.145630 -0.210213 0.000000
vt 90.156807 -0.228797 0.000000
vt 90.156807 -0.150028 0.000000
vt 89.614143 -0.250000 0.000000
vt 90.081337 -0.250000 0.000000
vt 90.156807 -0.228797 0.000000
vt 90.081337 -0.250000 0.000000
vt 90.156807 -0.250000 0.000000
vt 41.302982 17.884291 0.000000
vt 41.302982 17.897703 0.000000
vt 40.870285 17.721516 0.000000
vt 89.614143 -0.250000 0.000000
vt 90.045776 -0.084415 0.000000
vt 88.230530 -0.250000 0.000000
vt 90.129051 -0.076819 0.000000
vt 90.156807 -0.150028 0.000000
vt 90.156807 -0.074286 0.000000
vt 0.000000 -0.150028 0.000000
vt 0.005557 -0.149611 0.000000
vt 0.000000 -0.074286 0.000000
vt 41.302982 17.897703 0.000000
vt 41.374596 17.921949 0.000000
vt 41.372879 17.926165 0.000000
vt 88.230530 -0.250000 0.000000
vt 89.587563 0.000000 0.000000
vt 88.230530 0.250000 0.000000
vt 0.000000 0.250000 0.000000
vt 0.000000 -0.250000 0.000000
vt 90.143158 0.000000 0.000000
vt 90.156807 -0.074286 0.000000
vt 90.156807 0.074286 0.000000
vt 0.000000 -0.074286 0.000000
vt 2.000000 0.000000 0.000000
vt 0.000000 0.074286 0.000000
vt 90.081337 0.250000 0.000000
vt 90.156807 0.228797 0.000000
vt 90.156807 0.250000 0.000000
vt -41.374596 17.921949 0.000000
vt -41.302982 17.897703 0.000000
vt -41.372879 17.926165 0.000000
vt 0.000000 0.150028 0.000000
vt 0.011303 0.227504 0.000000
vt 0.000000 0.228797 0.000000
vt 39.588829 15.040279 0.000000
vt 39.588829 17.199724 0.000000
vt -42.127121 -16.073835 0.000000
vt -41.372879 -17.926165 0.000000
vt 90.045776 0.084415 0.000000
vt 89.614143 0.250000 0.000000
vt 88.230530 0.250000 0.000000
vt 90.156807 0.150028 0.000000
vt 90.129051 0.076819 0.000000
vt 90.156807 0.074286 0.000000
vt 90.081337 0.250000 0.000000
vt 90.156807 0.228797 0.000000
vt 90.156807 0.250000 0.000000
vt 90.156807 0.228797 0.000000
vt 90.145630 0.210213 0.000000
vt 90.081337 0.250000 0.000000
vt 89.614143 0.250000 0.000000
vt 90.156807 0.150028 0.000000
vt 0.005557 0.149611 0.000000
vt 0.000000 0.150028 0.000000
vt 0.000000 0.074286 0.000000
vt 0.011303 0.227504 0.000000
vt 0.000000 0.228797 0.000000
vt 0.000000 0.150028 0.000000
vt -41.302982 17.897703 0.000000
vt -41.302982 17.884291 0.000000
vt -40.870285 17.721516 0.000000
vt -40.870285 17.721516 0.000000
vt -40.870285 17.711489 0.000000
vt -39.588829 17.199724 0.000000
vt -39.588829 17.199724 0.000000
vt -39.588829 15.040279 0.000000
vt 41.372879 -17.926165 0.000000
vt 42.127121 -16.073835 0.000000
vt -41.374596 17.921949 0.000000
vt -41.302982 17.897703 0.000000
vt -41.372879 17.926165 0.000000
vt 40.870285 17.711489 0.000000
vt 40.870285 17.721516 0.000000
vt 39.588829 17.199724 0.000000
vt 2.000000 -0.250000 0.000000
vt 2.000000 0.250000 0.000000
vt 0.000000 0.250000 0.000000
vt 0.000000 0.000000 0.000000
vt 0.000000 -0.250000 0.000000
vt 0.000000 0.000000 0.000000
vt 90.156807 0.000000 0.000000
vt 90.156807 0.250000 0.000000
vt 2.740651 0.250000 0.000000
vt 0.000000 0.228797 0.000000
vt 0.004552 0.250000 0.000000
vt 0.000000 0.250000 0.000000
vt 0.000000 -0.228797 0.000000
vt 0.011303 -0.227504 0.000000
vt 0.000000 -0.150028 0.000000
vt 0.004552 -0.250000 0.000000
vt 0.000000 -0.228797 0.000000
vt 0.000000 -0.250000 0.000000
vt 90.145630 -0.210213 0.000000
vt 90.156807 -0.228797 0.000000
vt 90.156807 -0.150028 0.000000
vt 89.614143 -0.250000 0.000000
vt 90.081337 -0.250000 0.000000
vt 90.156807 -0.228797 0.000000
vt 90.081337 -0.250000 0.000000
vt 90.156807 -0.250000 0.000000
vt 41.302982 17.884291 0.000000
vt 41.302982 17.897703 0.000000
vt 40.870285 17.721516 0.000000
vt 89.614143 -0.250000 0.000000
vt 90.045776 -0.084415 0.000000
vt 88.230530 -0.250000 0.000000
vt 90.129051 -0.076819 0.000000
vt 90.156807 -0.150028 0.000000
vt 90.156807 -0.074286 0.000000
vt 0.000000 -0.150028 0.000000
vt 0.005557 -0.149611 0.000000
vt 0.000000 -0.074286 0.000000
vt 41.302982 17.897703 0.000000
vt 41.374596 17.921949 0.000000
vt 41.372879 17.926165 0.000000
vt 88.230530 -0.250000 0.000000
vt 89.587563 0.000000 0.000000
vt 88.230530 0.250000 0.000000
vt 0.000000 0.250000 0.000000
vt 0.000000 -0.250000 0.000000
vt 90.143158 0.000000 0.000000
vt 90.156807 -0.074286 0.000000
vt 90.156807 0.074286 0.000000
vt 0.000000 -0.074286 0.000000
vt 2.000000 0.000000 0.000000
vt 0.000000 0.074286 0.000000
vt 39.588829 15.040279 0.000000
vt 39.588829 17.199724 0.000000
vt -42.127121 -16.073835 0.000000
vt -41.372879 -17.926165 0.000000
vt 90.045776 0.084415 0.000000
vt 89.614143 0.250000 0.000000
vt 88.230530 0.250000 0.000000
vt 90.156807 0.150028 0.000000
vt 90.129051 0.076819 0.000000
vt 90.156807 0.074286 0.000000
vt 90.081337 0.250000 0.000000
vt 90.156807 0.228797 0.000000
vt 90.156807 0.250000 0.000000
vt 90.156807 0.228797 0.000000
vt 90.145630 0.210213 0.000000
vt 90.081337 0.250000 0.000000
vt 89.614143 0.250000 0.000000
vt 90.156807 0.150028 0.000000
vt 0.005557 0.149611 0.000000
vt 0.000000 0.150028 0.000000
vt 0.000000 0.074286 0.000000
vt 0.011303 0.227504 0.000000
vt 0.000000 0.228797 0.000000
vt 0.000000 0.150028 0.000000
vt -41.302982 17.897703 0.000000
vt -41.302982 17.884291 0.000000
vt -40.870285 17.721516 0.000000
vt -40.870285 17.721516 0.000000
vt -40.870285 17.711489 0.000000
vt -39.588829 17.199724 0.000000
vt -39.588829 17.199724 0.000000
vt -39.588829 15.040279 0.000000
vt 41.372879 -17.926165 0.000000
vt 42.127121 -16.073835 0.000000
vt -41.374596 17.921949 0.000000
vt -41.302982 17.897703 0.000000
vt -41.372879 17.926165 0.000000
vt 40.870285 17.711489 0.000000
vt 40.870285 17.721516 0.000000
vt 39.588829 17.199724 0.000000
vt 2.000000 -0.250000 0.000000
vt 2.000000 0.250000 0.000000
vt 0.000000 0.250000 0.000000
vt 0.000000 0.000000 0.000000
vt 0.000000 -0.250000 0.000000
vt 0.000000 0.000000 0.000000
vt 90.156807 0.000000 0.000000
vt 90.156807 0.250000 0.000000
vt 2.740651 0.250000 0.000000
vt 0.000000 0.228797 0.000000
vt 0.004552 0.250000 0.000000
vt 0.000000 0.250000 0.000000
vt 0.000000 -0.228797 0.000000
vt 0.011303 -0.227504 0.000000
vt 0.000000 -0.150028 0.000000
vt 0.004552 -0.250000 0.000000
vt 0.000000 -0.228797 0.000000
vt 0.000000 -0.250000 0.000000
vt 90.145630 -0.210213 0.000000
vt 90.156807 -0.228797 0.000000
vt 90.156807 -0.150028 0.000000
vt 89.614143 -0.250000 0.000000
vt 90.081337 -0.250000 0.000000
vt 90.156807 -0.228797 0.000000
vt 90.081337 -0.250000 0.000000
vt 90.156807 -0.250000 0.000000
vt 41.302982 17.884291 0.000000
vt 41.302982 17.897703 0.000000
vt 40.870285 17.721516 0.000000
vt 89.614143 -0.250000 0.000000
vt 90.045776 -0.084415 0.000000
vt 88.230530 -0.250000 0.000000
vt 90.129051 -0.076819 0.000000
vt 90.156807 -0.150028 0.000000
vt 90.156807 -0.074286 0.000000
vt 0.000000 -0.150028 0.000000
vt 0.005557 -0.149611 0.000000
vt 0.000000 -0.074286 0.000000
vt 41.302982 17.897703 0.000000
vt 41.374596 17.921949 0.000000
vt 41.372879 17.926165 0.000000
vt 88.230530 -0.250000 0.000000
vt 89.587563 0.000000 0.000000
vt 88.230530 0.250000 0.000000
vt 0.000000 0.250000 0.000000
vt 0.000000 -0.250000 0.000000
vt 90.143158 0.000000 0.000000
vt 90.156807 -0.074286 0.000000
vt 90.156807 0.074286 0.000000
vt 0.000000 -0.074286 0.000000
vt 2.000000 0.000000 0.000000
vt 0.000000 0.074286 0.000000
vt 39.588829 15.040279 0.000000
vt 39.588829 17.199724 0.000000
vt -42.127121 -16.073835 0.000000
vt -41.372879 -17.926165 0.000000
vt 90.045776 0.084415 0.000000
vt 89.614143 0.250000 0.000000
vt 88.230530 0.250000 0.000000
vt 90.156807 0.150028 0.000000
vt 90.129051 0.076819 0.000000
vt 90.156807 0.074286 0.000000
vt 90.081337 0.250000 0.000000
vt 90.156807 0.228797 0.000000
vt 90.156807 0.250000 0.000000
vt 90.156807 0.228797 0.000000
vt 90.145630 0.210213 0.000000
vt 90.081337 0.250000 0.000000
vt 89.614143 0.250000 0.000000
vt 90.156807 0.150028 0.000000
vt 0.005557 0.149611 0.000000
vt 0.000000 0.150028 0.000000
vt 0.000000 0.074286 0.000000
vt 0.011303 0.227504 0.000000
vt 0.000000 0.228797 0.000000
vt 0.000000 0.150028 0.000000
vt -41.302982 17.897703 0.000000
vt -41.302982 17.884291 0.000000
vt -40.870285 17.721516 0.000000
vt -40.870285 17.721516 0.000000
vt -40.870285 17.711489 0.000000
vt -39.588829 17.199724 0.000000
vt -39.588829 17.199724 0.000000
vt -39.588829 15.040279 0.000000
vt 41.372879 -17.926165 0.000000
vt 42.127121 -16.073835 0.000000
vt -41.374596 17.921949 0.000000
vt -41.302982 17.897703 0.000000
vt -41.372879 17.926165 0.000000
vt 40.870285 17.711489 0.000000
vt 40.870285 17.721516 0.000000
vt 39.588829 17.199724 0.000000
vt 2.000000 -0.250000 0.000000
vt 2.000000 0.250000 0.000000
vt 0.000000 0.250000 0.000000
vt 0.000000 0.000000 0.000000
vt 0.000000 -0.250000 0.000000
vt 0.000000 0.000000 0.000000
vt 90.156807 0.000000 0.000000
vt 90.156807 0.250000 0.000000
vt 2.740651 0.250000 0.000000
vt 0.000000 0.228797 0.000000
vt 0.004552 0.250000 0.000000
vt 0.000000 0.250000 0.000000
vt 0.000000 -0.228797 0.000000
vt 0.011303 -0.227504 0.000000
vt 0.000000 -0.150028 0.000000
vt 0.004552 -0.250000 0.000000
vt 0.000000 -0.228797 0.000000
vt 0.000000 -0.250000 0.000000
vt 90.145630 -0.210213 0.000000
vt 90.156807 -0.228797 0.000000
vt 90.156807 -0.150028 0.000000
vt 89.614143 -0.250000 0.000000
vt 90.081337 -0.250000 0.000000
vt 90.156807 -0.228797 0.000000
vt 90.081337 -0.250000 0.000000
vt 90.156807 -0.250000 0.000000
vt 41.302982 17.884291 0.000000
vt 41.302982 17.897703 0.000000
vt 40.870285 17.721516 0.000000
vt 89.614143 -0.250000 0.000000
vt 90.045776 -0.084415 0.000000
vt 88.230530 -0.250000 0.000000
vt 90.129051 -0.076819 0.000000
vt 90.156807 -0.150028 0.000000
vt 90.156807 -0.074286 0.000000
vt 0.000000 -0.150028 0.000000
vt 0.005557 -0.149611 0.000000
vt 0.000000 -0.074286 0.000000
vt 41.302982 17.897703 0.000000
vt 41.374596 17.921949 0.000000
vt 41.372879 17.926165 0.000000
vt 88.230530 -0.250000 0.000000
vt 89.587563 0.000000 0.000000
vt 88.230530 0.250000 0.000000
vt 0.000000 0.250000 0.000000
vt 0.000000 -0.250000 0.000000
vt 90.143158 0.000000 0.000000
vt 90.156807 -0.074286 0.000000
vt 90.156807 0.074286 0.000000
vt 0.000000 -0.074286 0.000000
vt 2.000000 0.000000 0.000000
vt 0.000000 0.074286 0.000000
vt 39.588829 15.040279 0.000000
vt 39.588829 17.199724 0.000000
vt -42.127121 -16.073835 0.000000
vt -41.372879 -17.926165 0.000000
vt 90.045776 0.084415 0.000000
vt 89.614143 0.250000 0.000000
vt 88.230530 0.250000 0.000000
vt 90.156807 0.150028 0.000000
vt 90.129051 0.076819 0.000000
vt 90.156807 0.074286 0.000000
vt 90.081337 0.250000 0.000000
vt 90.156807 0.228797 0.000000
vt 90.156807 0.250000 0.000000
vt 90.156807 0.228797 0.000000
vt 90.145630 0.210213 0.000000
vt 90.081337 0.250000 0.000000
vt 89.614143 0.250000 0.000000
vt 90.156807 0.150028 0.000000
vt 0.005557 0.149611 0.000000
vt 0.000000 0.150028 0.000000
vt 0.000000 0.074286 0.000000
vt 0.011303 0.227504 0.000000
vt 0.000000 0.228797 0.000000
vt 0.000000 0.150028 0.000000
vt -41.302982 17.897703 0.000000
vt -41.302982 17.884291 0.000000
vt -40.870285 17.721516 0.000000
vt -40.870285 17.721516 0.000000
vt -40.870285 17.711489 0.000000
vt -39.588829 17.199724 0.000000
vt -39.588829 17.199724 0.000000
vt -39.588829 15.040279 0.000000
vt 41.372879 -17.926165 0.000000
vt 42.127121 -16.073835 0.000000
vt -41.374596 17.921949 0.000000
vt -41.302982 17.897703 0.000000
vt -41.372879 17.926165 0.000000
vt 40.870285 17.711489 0.000000
vt 40.870285 17.721516 0.000000
vt 39.588829 17.199724 0.000000
vt 2.000000 -0.250000 0.000000
vt 2.000000 0.250000 0.000000
vt 0.000000 0.250000 0.000000
vt 0.000000 0.000000 0.000000
vt 0.000000 -0.250000 0.000000
vt 0.000000 0.000000 0.000000
vt 90.156807 0.000000 0.000000
vt 90.156807 0.250000 0.000000
vt 2.740651 0.250000 0.000000
vt 0.000000 0.228797 0.000000
vt 0.004552 0.250000 0.000000
vt 0.000000 0.250000 0.000000
vt 0.000000 -0.228797 0.000000
vt 0.011303 -0.227504 0.000000
vt 0.000000 -0.150028 0.000000
vt 0.004552 -0.250000 0.000000
vt 0.000000 -0.228797 0.000000
vt 0.000000 -0.250000 0.000000
vt 90.145630 -0.210213 0.000000
vt 90.156807 -0.228797 0.000000
vt 90.156807 -0.150028 0.000000
vt 89.614143 -0.250000 0.000000
vt 90.081337 -0.250000 0.000000
vt 90.156807 -0.228797 0.000000
vt 90.081337 -0.250000 0.000000
vt 90.156807 -0.250000 0.000000
vt 41.302982 17.884291 0.000000
vt 41.302982 17.897703 0.000000
vt 40.870285 17.721516 0.000000
vt 89.614143 -0.250000 0.000000
vt 90.045776 -0.084415 0.000000
vt 88.230530 -0.250000 0.000000
vt 90.129051 -0.076819 0.000000
vt 90.156807 -0.150028 0.000000
vt 90.156807 -0.074286 0.000000
vt 0.000000 -0.150028 0.000000
vt 0.005557 -0.149611 0.000000
vt 0.000000 -0.074286 0.000000
vt 41.302982 17.897703 0.000000
vt 41.374596 17.921949 0.000000
vt 41.372879 17.926165 0.000000
vt 88.230530 -0.250000 0.000000
vt 89.587563 0.000000 0.000000
vt 88.230530 0.250000 0.000000
vt 0.000000 0.250000 0.000000
vt 0.000000 -0.250000 0.000000
vt 90.143158 0.000000 0.000000
vt 90.156807 -0.074286 0.000000
vt 90.156807 0.074286 0.000000
vt 0.000000 -0.074286 0.000000
vt 2.000000 0.000000 0.000000
vt 0.000000 0.074286 0.000000
vt 39.588829 15.040279 0.000000
vt 39.588829 17.199724 0.000000
vt -42.127121 -16.073835 0.000000
vt -41.372879 -17.926165 0.000000
vt 90.045776 0.084415 0.000000
vt 89.614143 0.250000 0.000000
vt 88.230530 0.250000 0.000000
vt 90.156807 0.150028 0.000000
vt 90.129051 0.076819 0.000000
vt 90.156807 0.074286 0.000000
vt 90.081337 0.250000 0.000000
vt 90.156807 0.228797 0.000000
vt 90.156807 0.250000 0.000000
vt 90.156807 0.228797 0.000000
vt 90.145630 0.210213 0.000000
vt 90.081337 0.250000 0.000000
vt 89.614143 0.250000 0.000000
vt 90.156807 0.150028 0.000000
vt 0.005557 0.149611 0.000000
vt 0.000000 0.150028 0.000000
vt 0.000000 0.074286 0.000000
vt 0.011303 0.227504 0.000000
vt 0.000000 0.228797 0.000000
vt 0.000000 0.150028 0.000000
vt -41.302982 17.897703 0.000000
vt -41.302982 17.884291 0.000000
vt -40.870285 17.721516 0.000000
vt -40.870285 17.721516 0.000000
vt -40.870285 17.711489 0.000000
vt -39.588829 17.199724 0.000000
vt -39.588829 17.199724 0.000000
vt -39.588829 15.040279 0.000000
vt 41.372879 -17.926165 0.000000
vt 42.127121 -16.073835 0.000000
vt -41.374596 17.921949 0.000000
vt -41.302982 17.897703 0.000000
vt -41.372879 17.926165 0.000000
vt 40.870285 17.711489 0.000000
vt 40.870285 17.721516 0.000000
vt 39.588829 17.199724 0.000000
vt 2.000000 -0.250000 0.000000
vt 2.000000 0.250000 0.000000
vt 0.000000 0.250000 0.000000
vt 0.000000 0.000000 0.000000
vt 0.000000 -0.250000 0.000000
vt 0.000000 0.000000 0.000000
vt 90.156807 0.000000 0.000000
vt 90.156807 0.250000 0.000000
vt 2.740651 0.250000 0.000000
vt 0.000000 0.228797 0.000000
vt 0.004552 0.250000 0.000000
vt 0.000000 0.250000 0.000000
vt 0.000000 -0.228797 0.000000
vt 0.011303 -0.227504 0.000000
vt 0.000000 -0.150028 0.000000
vt 0.004552 -0.250000 0.000000
vt 0.000000 -0.228797 0.000000
vt 0.000000 -0.250000 0.000000
vt 90.145630 -0.210213 0.000000
vt 90.156807 -0.228797 0.000000
vt 90.156807 -0.150028 0.000000
vt 89.614143 -0.250000 0.000000
vt 90.081337 -0.250000 0.000000
vt 90.156807 -0.228797 0.000000
vt 90.081337 -0.250000 0.000000
vt 90.156807 -0.250000 0.000000
vt 41.302982 17.884291 0.000000
vt 41.302982 17.897703 0.000000
vt 40.870285 17.721516 0.000000
vt 89.614143 -0.250000 0.000000
vt 90.045776 -0.084415 0.000000
vt 88.230530 -0.250000 0.000000
vt 90.129051 -0.076819 0.000000
vt 90.156807 -0.150028 0.000000
vt 90.156807 -0.074286 0.000000
vt 0.000000 -0.150028 0.000000
vt 0.005557 -0.149611 0.000000
vt 0.000000 -0.074286 0.000000
vt 41.302982 17.897703 0.000000
vt 41.374596 17.921949 0.000000
vt 41.372879 17.926165 0.000000
vt 88.230530 -0.250000 0.000000
vt 89.587563 0.000000 0.000000
vt 88.230530 0.250000 0.000000
vt 0.000000 0.250000 0.000000
vt 0.000000 -0.250000 0.000000
vt 90.143158 0.000000 0.000000
vt 90.156807 -0.074286 0.000000
vt 90.156807 0.074286 0.000000
vt 0.000000 -0.074286 0.000000
vt 2.000000 0.000000 0.000000
vt 0.000000 0.074286 0.000000
vt 39.588829 15.040279 0.000000
vt 39.588829 17.199724 0.000000
vt -42.127121 -16.073835 0.000000
vt -41.372879 -17.926165 0.000000
vt 90.045776 0.084415 0.000000
vt 89.614143 0.250000 0.000000
vt 88.230530 0.250000 0.000000
vt 90.156807 0.150028 0.000000
vt 90.129051 0.076819 0.000000
vt 90.156807 0.074286 0.000000
vt 90.081337 0.250000 0.000000
vt 90.156807 0.228797 0.000000
vt 90.156807 0.250000 0.000000
vt 90.156807 0.228797 0.000000
vt 90.145630 0.210213 0.000000
vt 90.081337 0.250000 0.000000
vt 89.614143 0.250000 0.000000
vt 90.156807 0.150028 0.000000
vt 0.005557 0.149611 0.000000
vt 0.000000 0.150028 0.000000
vt 0.000000 0.074286 0.000000
vt 0.011303 0.227504 0.000000
vt 0.000000 0.228797 0.000000
vt 0.000000 0.150028 0.000000
vt -41.302982 17.897703 0.000000
vt -41.302982 17.884291 0.000000
vt -40.870285 17.721516 0.000000
vt -40.870285 17.721516 0.000000
vt -40.870285 17.711489 0.000000
vt -39.588829 17.199724 0.000000
vt -39.588829 17.199724 0.000000
vt -39.588829 15.040279 0.000000
vt 41.372879 -17.926165 0.000000
vt 42.127121 -16.073835 0.000000
vt -41.374596 17.921949 0.000000
vt -41.302982 17.897703 0.000000
vt -41.372879 17.926165 0.000000
vt 40.870285 17.711489 0.000000
vt 40.870285 17.721516 0.000000
vt 39.588829 17.199724 0.000000
vt 2.000000 -0.250000 0.000000
vt 2.000000 0.250000 0.000000
vt 0.000000 0.250000 0.000000
vt 0.000000 0.000000 0.000000
vt 0.000000 -0.250000 0.000000
vt 0.000000 0.000000 0.000000
vt 90.156807 0.000000 0.000000
vt 90.156807 0.250000 0.000000
vt 2.740651 0.250000 0.000000
vt 0.000000 0.228797 0.000000
vt 0.004552 0.250000 0.000000
vt 0.000000 0.250000 0.000000
vt 0.000000 -0.228797 0.000000
vt 0.011303 -0.227504 0.000000
vt 0.000000 -0.150028 0.000000
vt 0.004552 -0.250000 0.000000
vt 0.000000 -0.228797 0.000000
vt 0.000000 -0.250000 0.000000
vt 90.145630 -0.210213 0.000000
vt 90.156807 -0.228797 0.000000
vt 90.156807 -0.150028 0.000000
vt 89.614143 -0.250000 0.000000
vt 90.081337 -0.250000 0.000000
vt 90.156807 -0.228797 0.000000
vt 90.081337 -0.250000 0.000000
vt 90.156807 -0.250000 0.000000
vt 41.302982 17.884291 0.000000
vt 41.302982 17.897703 0.000000
vt 40.870285 17.721516 0.000000
vt 89.614143 -0.250000 0.000000
vt 90.045776 -0.084415 0.000000
vt 88.230530 -0.250000 0.000000
vt 90.129051 -0.076819 0.000000
vt 90.156807 -0.150028 0.000000
vt 90.156807 -0.074286 0.000000
vt 0.000000 -0.150028 0.000000
vt 0.005557 -0.149611 0.000000
vt 0.000000 -0.074286 0.000000
vt 41.302982 17.897703 0.000000
vt 41.374596 17.921949 0.000000
vt 41.372879 17.926165 0.000000
vt 88.230530 -0.250000 0.000000
vt 89.587563 0.000000 0.000000
vt 88.230530 0.250000 0.000000
vt 0.000000 0.250000 0.000000
vt 0.000000 -0.250000 0.000000
vt 90.143158 0.000000 0.000000
vt 90.156807 -0.074286 0.000000
vt 90.156807 0.074286 0.000000
vt 0.000000 -0.074286 0.000000
vt 2.000000 0.000000 0.000000
vt 0.000000 0.074286 0.000000
vt 39.588829 15.040279 0.000000
vt 39.588829 17.199724 0.000000
vt -42.127121 -16.073835 0.000000
vt -41.372879 -17.926165 0.000000
vt 90.045776 0.084415 0.000000
vt 89.614143 0.250000 0.000000
vt 88.230530 0.250000 0.000000
vt 90.156807 0.150028 0.000000
vt 90.129051 0.076819 0.000000
vt 90.156807 0.074286 0.000000
vt 90.081337 0.250000 0.000000
vt 90.156807 0.228797 0.000000
vt 90.156807 0.250000 0.000000
vt 90.156807 0.228797 0.000000
vt 90.145630 0.210213 0.000000
vt 90.081337 0.250000 0.000000
vt 89.614143 0.250000 0.000000
vt 90.156807 0.150028 0.000000
vt 0.005557 0.149611 0.000000
vt 0.000000 0.150028 0.000000
vt 0.000000 0.074286 0.000000
vt 0.011303 0.227504 0.000000
vt 0.000000 0.228797 0.000000
vt 0.000000 0.150028 0.000000
vt -41.302982 17.897703 0.000000
vt -41.302982 17.884291 0.000000
vt -40.870285 17.721516 0.000000
vt -40.870285 17.721516 0.000000
vt -40.870285 17.711489 0.000000
vt -39.588829 17.199724 0.000000
vt -39.588829 17.199724 0.000000
vt -39.588829 15.040279 0.000000
vt 41.372879 -17.926165 0.000000
vt 42.127121 -16.073835 0.000000
vt -41.374596 17.921949 0.000000
vt -41.302982 17.897703 0.000000
vt -41.372879 17.926165 0.000000
vt 40.870285 17.711489 0.000000
vt 40.870285 17.721516 0.000000
vt 39.588829 17.199724 0.000000
vt 2.000000 -0.250000 0.000000
vt 2.000000 0.250000 0.000000
vt 0.000000 0.250000 0.000000
vt 0.000000 0.000000 0.000000
vt 0.000000 -0.250000 0.000000
vt 0.000000 0.000000 0.000000
vt 90.156807 0.000000 0.000000
vt 90.156807 0.250000 0.000000
vt 2.740651 0.250000 0.000000
vt 0.000000 0.228797 0.000000
vt 0.004552 0.250000 0.000000
vt 0.000000 0.250000 0.000000
vt 0.000000 -0.228797 0.000000
vt 0.011303 -0.227504 0.000000
vt 0.000000 -0.150028 0.000000
vt 0.004552 -0.250000 0.000000
vt 0.000000 -0.228797 0.000000
vt 0.000000 -0.250000 0.000000
vt 90.145630 -0.210213 0.000000
vt 90.156807 -0.228797 0.000000
vt 90.156807 -0.150028 0.000000
vt 89.614143 -0.250000 0.000000
vt 90.081337 -0.250000 0.000000
vt 90.156807 -0.228797 0.000000
vt 90.081337 -0.250000 0.000000
vt 90.156807 -0.250000 0.000000
vt 41.302982 17.884291 0.000000
vt 41.302982 17.897703 0.000000
vt 40.870285 17.721516 0.000000
vt 89.614143 -0.250000 0.000000
vt 90.045776 -0.084415 0.000000
vt 88.230530 -0.250000 0.000000
vt 90.129051 -0.076819 0.000000
vt 90.156807 -0.150028 0.000000
vt 90.156807 -0.074286 0.000000
vt 0.000000 -0.150028 0.000000
vt 0.005557 -0.149611 0.000000
vt 0.000000 -0.074286 0.000000
vt 41.302982 17.897703 0.000000
vt 41.374596 17.921949 0.000000
vt 41.372879 17.926165 0.000000
vt 88.230530 -0.250000 0.000000
vt 89.587563 0.000000 0.000000
vt 88.230530 0.250000 0.000000
vt 0.000000 0.250000 0.000000
vt 0.000000 -0.250000 0.000000
vt 90.143158 0.000000 0.000000
vt 90.156807 -0.074286 0.000000
vt 90.156807 0.074286 0.000000
vt 0.000000 -0.074286 0.000000
vt 2.000000 0.000000 0.000000
vt 0.000000 0.074286 0.000000
vt 39.588829 15.040279 0.000000
vt 39.588829 17.199724 0.000000
vt -42.127121 -16.073835 0.000000
vt -41.372879 -17.926165 0.000000
vt 90.045776 0.084415 0.000000
vt 89.614143 0.250000 0.000000
vt 88.230530 0.250000 0.000000
vt 90.156807 0.150028 0.000000
vt 90.129051 0.076819 0.000000
vt 90.156807 0.074286 0.000000
vt 90.081337 0.250000 0.000000
vt 90.156807 0.228797 0.000000
vt 90.156807 0.250000 0.000000
vt 90.156807 0.228797 0.000000
vt 90.145630 0.210213 0.000000
vt 90.081337 0.250000 0.000000
vt 89.614143 0.250000 0.000000
vt 90.156807 0.150028 0.000000
vt 0.005557 0.149611 0.000000
vt 0.000000 0.150028 0.000000
vt 0.000000 0.074286 0.000000
vt 0.011303 0.227504 0.000000
vt 0.000000 0.228797 0.000000
vt 0.000000 0.150028 0.000000
vt -41.302982 17.897703 0.000000
vt -41.302982 17.884291 0.000000
vt -40.870285 17.721516 0.000000
vt -40.870285 17.721516 0.000000
vt -40.870285 17.711489 0.000000
vt -39.588829 17.199724 0.000000
vt -39.588829 17.199724 0.000000
vt -39.588829 15.040279 0.000000
vt 41.372879 -17.926165 0.000000
vt 42.127121 -16.073835 0.000000
vt -41.374596 17.921949 0.000000
vt -41.302982 17.897703 0.000000
vt -41.372879 17.926165 0.000000
vt 40.870285 17.711489 0.000000
vt 40.870285 17.721516 0.000000
vt 39.588829 17.199724 0.000000
vt 2.000000 -0.250000 0.000000
vt 2.000000 0.250000 0.000000
vt 0.000000 0.250000 0.000000
vt 0.000000 0.000000 0.000000
vt 0.000000 -0.250000 0.000000
vt 0.000000 0.000000 0.000000
vt 90.156807 0.000000 0.000000
vt 90.156807 0.250000 0.000000
vt 2.740651 0.250000 0.000000
vt 0.000000 0.228797 0.000000
vt 0.004552 0.250000 0.000000
vt 0.000000 0.250000 0.000000
vt 0.000000 -0.228797 0.000000
vt 0.011303 -0.227504 0.000000
vt 0.000000 -0.150028 0.000000
vt 0.004552 -0.250000 0.000000
vt 0.000000 -0.228797 0.000000
vt 0.000000 -0.250000 0.000000
vt 90.145630 -0.210213 0.000000
vt 90.156807 -0.228797 0.000000
vt 90.156807 -0.150028 0.000000
vt 89.614143 -0.250000 0.000000
vt 90.081337 -0.250000 0.000000
vt 90.156807 -0.228797 0.000000
vt 90.081337 -0.250000 0.000000
vt 90.156807 -0.250000 0.000000
vt 41.302982 17.884291 0.000000
vt 41.302982 17.897703 0.000000
vt 40.870285 17.721516 0.000000
vt 89.614143 -0.250000 0.000000
vt 90.045776 -0.084415 0.000000
vt 88.230530 -0.250000 0.000000
vt 90.129051 -0.076819 0.000000
vt 90.156807 -0.150028 0.000000
vt 90.156807 -0.074286 0.000000
vt 0.000000 -0.150028 0.000000
vt 0.005557 -0.149611 0.000000
vt 0.000000 -0.074286 0.000000
vt 41.302982 17.897703 0.000000
vt 41.374596 17.921949 0.000000
vt 41.372879 17.926165 0.000000
vt 88.230530 -0.250000 0.000000
vt 89.587563 0.000000 0.000000
vt 88.230530 0.250000 0.000000
vt 0.000000 0.250000 0.000000
vt 0.000000 -0.250000 0.000000
vt 90.143158 0.000000 0.000000
vt 90.156807 -0.074286 0.000000
vt 90.156807 0.074286 0.000000
vt 0.000000 -0.074286 0.000000
vt 2.000000 0.000000 0.000000
vt 0.000000 0.074286 0.000000
vt 39.588829 15.040279 0.000000
vt 39.588829 17.199724 0.000000
vt -42.127121 -16.073835 0.000000
vt -41.372879 -17.926165 0.000000
vt 90.045776 0.084415 0.000000
vt 89.614143 0.250000 0.000000
vt 88.230530 0.250000 0.000000
vt 90.156807 0.150028 0.000000
vt 90.129051 0.076819 0.000000
vt 90.156807 0.074286 0.000000
vt 90.081337 0.250000 0.000000
vt 90.156807 0.228797 0.000000
vt 90.156807 0.250000 0.000000
vt 90.156807 0.228797 0.000000
vt 90.145630 0.210213 0.000000
vt 90.081337 0.250000 0.000000
vt 89.614143 0.250000 0.000000
vt 90.156807 0.150028 0.000000
vt 0.005557 0.149611 0.000000
vt 0.000000 0.150028 0.000000
vt 0.000000 0.074286 0.000000
vt 0.011303 0.227504 0.000000
vt 0.000000 0.228797 0.000000
vt 0.000000 0.150028 0.000000
vt -41.302982 17.897703 0.000000
vt -41.302982 17.884291 0.000000
vt -40.870285 17.721516 0.000000
vt -40.870285 17.721516 0.000000
vt -40.870285 17.711489 0.000000
vt -39.588829 17.199724 0.000000
vt -39.588829 17.199724 0.000000
vt -39.588829 15.040279 0.000000
vt 41.372879 -17.926165 0.000000
vt 42.127121 -16.073835 0.000000
vt -41.374596 17.921949 0.000000
vt -41.302982 17.897703 0.000000
vt -41.372879 17.926165 0.000000
vt 40.870285 17.711489 0.000000
vt 40.870285 17.721516 0.000000
vt 39.588829 17.199724 0.000000
vt 2.000000 -0.250000 0.000000
vt 2.000000 0.250000 0.000000
vt 0.000000 0.250000 0.000000
vt 0.000000 0.000000 0.000000
vt 0.000000 -0.250000 0.000000
vt 0.000000 0.000000 0.000000
vt 90.156807 0.000000 0.000000
vt 90.156807 0.250000 0.000000
vt 2.740651 0.250000 0.000000
vt 0.000000 0.228797 0.000000
vt 0.004552 0.250000 0.000000
vt 0.000000 0.250000 0.000000
vt 0.000000 -0.228797 0.000000
vt 0.011303 -0.227504 0.000000
vt 0.000000 -0.150028 0.000000
vt 0.004552 -0.250000 0.000000
vt 0.000000 -0.228797 0.000000
vt 0.000000 -0.250000 0.000000
vt 90.145630 -0.210213 0.000000
vt 90.156807 -0.228797 0.000000
vt 90.156807 -0.150028 0.000000
vt 89.614143 -0.250000 0.000000
vt 90.081337 -0.250000 0.000000
vt 90.156807 -0.228797 0.000000
vt 90.081337 -0.250000 0.000000
vt 90.156807 -0.250000 0.000000
vt 41.302982 17.884291 0.000000
vt 41.302982 17.897703 0.000000
vt 40.870285 17.721516 0.000000
vt 89.614143 -0.250000 0.000000
vt 90.045776 -0.084415 0.000000
vt 88.230530 -0.250000 0.000000
vt 90.129051 -0.076819 0.000000
vt 90.156807 -0.150028 0.000000
vt 90.156807 -0.074286 0.000000
vt 0.000000 -0.150028 0.000000
vt 0.005557 -0.149611 0.000000
vt 0.000000 -0.074286 0.000000
vt 41.302982 17.897703 0.000000
vt 41.374596 17.921949 0.000000
vt 41.372879 17.926165 0.000000
vt 88.230530 -0.250000 0.000000
vt 89.587563 0.000000 0.000000
vt 88.230530 0.250000 0.000000
vt 0.000000 0.250000 0.000000
vt 0.000000 -0.250000 0.000000
vt 90.143158 0.000000 0.000000
vt 90.156807 -0.074286 0.000000
vt 90.156807 0.074286 0.000000
vt 0.000000 -0.074286 0.000000
vt 2.000000 0.000000 0.000000
vt 0.000000 0.074286 0.000000
vt 39.588829 15.040279 0.000000
vt 39.588829 17.199724 0.000000
vt -42.127121 -16.073835 0.000000
vt -41.372879 -17.926165 0.000000
vt 90.045776 0.084415 0.000000
vt 89.614143 0.250000 0.000000
vt 88.230530 0.250000 0.000000
vt 90.156807 0.150028 0.000000
vt 90.129051 0.076819 0.000000
vt 90.156807 0.074286 0.000000
vt 90.081337 0.250000 0.000000
vt 90.156807 0.228797 0.000000
vt 90.156807 0.250000 0.000000
vt 90.156807 0.228797 0.000000
vt 90.145630 0.210213 0.000000
vt 90.081337 0.250000 0.000000
vt 89.614143 0.250000 0.000000
vt 90.156807 0.150028 0.000000
vt 0.005557 0.149611 0.000000
vt 0.000000 0.150028 0.000000
vt 0.000000 0.074286 0.000000
vt 0.011303 0.227504 0.000000
vt 0.000000 0.228797 0.000000
vt 0.000000 0.150028 0.000000
vt -41.302982 17.897703 0.000000
vt -41.302982 17.884291 0.000000
vt -40.870285 17.721516 0.000000
vt -40.870285 17.721516 0.000000
vt -40.870285 17.711489 0.000000
vt -39.588829 17.199724 0.000000
vt -39.588829 17.199724 0.000000
vt -39.588829 15.040279 0.000000
vt 41.372879 -17.926165 0.000000
vt 42.127121 -16.073835 0.000000
vt -41.374596 17.921949 0.000000
vt -41.302982 17.897703 0.000000
vt -41.372879 17.926165 0.000000
vt 40.870285 17.711489 0.000000
vt 40.870285 17.721516 0.000000
vt 39.588829 17.199724 0.000000
vt 2.000000 -0.250000 0.000000
vt 2.000000 0.250000 0.000000
vt 0.000000 0.250000 0.000000
vt 0.000000 0.000000 0.000000
vt 0.000000 -0.250000 0.000000
vt 0.000000 0.000000 0.000000
vt 90.156807 0.000000 0.000000
vt 90.156807 0.250000 0.000000
vt 2.740651 0.250000 0.000000
vt 0.000000 0.228797 0.000000
vt 0.004552 0.250000 0.000000
vt 0.000000 0.250000 0.000000
vt 0.000000 -0.228797 0.000000
vt 0.011303 -0.227504 0.000000
vt 0.000000 -0.150028 0.000000
vt 0.004552 -0.250000 0.000000
vt 0.000000 -0.228797 0.000000
vt 0.000000 -0.250000 0.000000
vt 90.145630 -0.210213 0.000000
vt 90.156807 -0.228797 0.000000
vt 90.156807 -0.150028 0.000000
vt 89.614143 -0.250000 0.000000
vt 90.081337 -0.250000 0.000000
vt 90.156807 -0.228797 0.000000
vt 90.081337 -0.250000 0.000000
vt 90.156807 -0.250000 0.000000
vt 41.302982 17.884291 0.000000
vt 41.302982 17.897703 0.000000
vt 40.870285 17.721516 0.000000
vt 89.614143 -0.250000 0.000000
vt 90.045776 -0.084415 0.000000
vt 88.230530 -0.250000 0.000000
vt 90.129051 -0.076819 0.000000
vt 90.156807 -0.150028 0.000000
vt 90.156807 -0.074286 0.000000
vt 0.000000 -0.150028 0.000000
vt 0.005557 -0.149611 0.000000
vt 0.000000 -0.074286 0.000000
vt 41.302982 17.897703 0.000000
vt 41.374596 17.921949 0.000000
vt 41.372879 17.926165 0.000000
vt 88.230530 -0.250000 0.000000
vt 89.587563 0.000000 0.000000
vt 88.230530 0.250000 0.000000
vt 0.000000 0.250000 0.000000
vt 0.000000 -0.250000 0.000000
vt 90.143158 0.000000 0.000000
vt 90.156807 -0.074286 0.000000
vt 90.156807 0.074286 0.000000
vt 0.000000 -0.074286 0.000000
vt 2.000000 0.000000 0.000000
vt 0.000000 0.074286 0.000000
vt 39.588829 15.040279 0.000000
vt 39.588829 17.199724 0.000000
vt -42.127121 -16.073835 0.000000
vt -41.372879 -17.926165 0.000000
vt 90.045776 0.084415 0.000000
vt 89.614143 0.250000 0.000000
vt 88.230530 0.250000 0.000000
vt 90.156807 0.150028 0.000000
vt 90.129051 0.076819 0.000000
vt 90.156807 0.074286 0.000000
vt 90.081337 0.250000 0.000000
vt 90.156807 0.228797 0.000000
vt 90.156807 0.250000 0.000000
vt 90.156807 0.228797 0.000000
vt 90.145630 0.210213 0.000000
vt 90.081337 0.250000 0.000000
vt 89.614143 0.250000 0.000000
vt 90.156807 0.150028 0.000000
vt 0.005557 0.149611 0.000000
vt 0.000000 0.150028 0.000000
vt 0.000000 0.074286 0.000000
vt 0.011303 0.227504 0.000000
vt 0.000000 0.228797 0.000000
vt 0.000000 0.150028 0.000000
vt -41.302982 17.897703 0.000000
vt -41.302982 17.884291 0.000000
vt -40.870285 17.721516 0.000000
vt -40.870285 17.721516 0.000000
vt -40.870285 17.711489 0.000000
vt -39.588829 17.199724 0.000000
vt -39.588829 17.199724 0.000000
vt -39.588829 15.040279 0.000000
vt 41.372879 -17.926165 0.000000
vt 42.127121 -16.073835 0.000000
vt -41.374596 17.921949 0.000000
vt -41.302982 17.897703 0.000000
vt -41.372879 17.926165 0.000000
vt 40.870285 17.711489 0.000000
vt 40.870285 17.721516 0.000000
vt 39.588829 17.199724 0.000000
vt 2.000000 -0.250000 0.000000
vt 2.000000 0.250000 0.000000
vt 0.000000 0.250000 0.000000
vt 0.000000 0.000000 0.000000
vt 0.000000 -0.250000 0.000000
vt 0.000000 0.000000 0.000000
vt 90.156807 0.000000 0.000000
vt 90.156807 0.250000 0.000000
vt 2.740651 0.250000 0.000000
vt 0.000000 0.228797 0.000000
vt 0.004552 0.250000 0.000000
vt 0.000000 0.250000 0.000000
vt 0.000000 -0.228797 0.000000
vt 0.011303 -0.227504 0.000000
vt 0.000000 -0.150028 0.000000
vt 0.004552 -0.250000 0.000000
vt 0.000000 -0.228797 0.000000
vt 0.000000 -0.250000 0.000000
vt 90.145630 -0.210213 0.000000
vt 90.156807 -0.228797 0.000000
vt 90.156807 -0.150028 0.000000
vt 89.614143 -0.250000 0.000000
vt 90.081337 -0.250000 0.000000
vt 90.156807 -0.228797 0.000000
vt 90.081337 -0.250000 0.000000
vt 90.156807 -0.250000 0.000000
vt 41.302982 17.884291 0.000000
vt 41.302982 17.897703 0.000000
vt 40.870285 17.721516 0.000000
vt 89.614143 -0.250000 0.000000
vt 90.045776 -0.084415 0.000000
vt 88.230530 -0.250000 0.000000
vt 90.129051 -0.076819 0.000000
vt 90.156807 -0.150028 0.000000
vt 90.156807 -0.074286 0.000000
vt 0.000000 -0.150028 0.000000
vt 0.005557 -0.149611 0.000000
vt 0.000000 -0.074286 0.000000
vt 41.302982 17.897703 0.000000
vt 41.374596 17.921949 0.000000
vt 41.372879 17.926165 0.000000
vt 88.230530 -0.250000 0.000000
vt 89.587563 0.000000 0.000000
vt 88.230530 0.250000 0.000000
vt 0.000000 0.250000 0.000000
vt 0.000000 -0.250000 0.000000
vt 90.143158 0.000000 0.000000
vt 90.156807 -0.074286 0.000000
vt 90.156807 0.074286 0.000000
vt 0.000000 -0.074286 0.000000
vt 2.000000 0.000000 0.000000
vt 0.000000 0.074286 0.000000
vt 39.588829 15.040279 0.000000
vt 39.588829 17.199724 0.000000
vt -42.127121 -16.073835 0.000000
vt -41.372879 -17.926165 0.000000
vt 90.045776 0.084415 0.000000
vt 89.614143 0.250000 0.000000
vt 88.230530 0.250000 0.000000
vt 90.156807 0.150028 0.000000
vt 90.129051 0.076819 0.000000
vt 90.156807 0.074286 0.000000
vt 90.081337 0.250000 0.000000
vt 90.156807 0.228797 0.000000
vt 90.156807 0.250000 0.000000
vt 90.156807 0.228797 0.000000
vt 90.145630 0.210213 0.000000
vt 90.081337 0.250000 0.000000
vt 89.614143 0.250000 0.000000
vt 90.156807 0.150028 0.000000
vt 0.005557 0.149611 0.000000
vt 0.000000 0.150028 0.000000
vt 0.000000 0.074286 0.000000
vt 0.011303 0.227504 0.000000
vt 0.000000 0.228797 0.000000
vt 0.000000 0.150028 0.000000
vt -41.302982 17.897703 0.000000
vt -41.302982 17.884291 0.000000
vt -40.870285 17.721516 0.000000
vt -40.870285 17.721516 0.000000
vt -40.870285 17.711489 0.000000
vt -39.588829 17.199724 0.000000
vt -39.588829 17.199724 0.000000
vt -39.588829 15.040279 0.000000
vt 41.372879 -17.926165 0.000000
vt 42.127121 -16.073835 0.000000
vt -41.374596 17.921949 0.000000
vt -41.302982 17.897703 0.000000
vt -41.372879 17.926165 0.000000
vt 40.870285 17.711489 0.000000
vt 40.870285 17.721516 0.000000
vt 39.588829 17.199724 0.000000
vt 2.000000 -0.250000 0.000000
vt 2.000000 0.250000 0.000000
vt 0.000000 0.250000 0.000000
vt 0.000000 0.000000 0.000000
vt 0.000000 -0.250000 0.000000
vt 0.000000 0.000000 0.000000
vt 90.156807 0.000000 0.000000
vt 90.156807 0.250000 0.000000
vt 2.740651 0.250000 0.000000
vt 0.000000 0.228797 0.000000
vt 0.004552 0.250000 0.000000
vt 0.000000 0.250000 0.000000
vt 0.000000 -0.228797 0.000000
vt 0.011303 -0.227504 0.000000
vt 0.000000 -0.150028 0.000000
vt 0.004552 -0.250000 0.000000
vt 0.000000 -0.228797 0.000000
vt 0.000000 -0.250000 0.000000
vt 90.145630 -0.210213 0.000000
vt 90.156807 -0.228797 0.000000
vt 90.156807 -0.150028 0.000000
vt 89.614143 -0.250000 0.000000
vt 90.081337 -0.250000 0.000000
vt 90.156807 -0.228797 0.000000
vt 90.081337 -0.250000 0.000000
vt 90.156807 -0.250000 0.000000
vt 41.302982 17.884291 0.000000
vt 41.302982 17.897703 0.000000
vt 40.870285 17.721516 0.000000
vt 89.614143 -0.250000 0.000000
vt 90.045776 -0.084415 0.000000
vt 88.230530 -0.250000 0.000000
vt 90.129051 -0.076819 0.000000
vt 90.156807 -0.150028 0.000000
vt 90.156807 -0.074286 0.000000
vt 0.000000 -0.150028 0.000000
vt 0.005557 -0.149611 0.000000
vt 0.000000 -0.074286 0.000000
vt 41.302982 17.897703 0.000000
vt 41.374596 17.921949 0.000000
vt 41.372879 17.926165 0.000000
vt 88.230530 -0.250000 0.000000
vt 89.587563 0.000000 0.000000
vt 88.230530 0.250000 0.000000
vt 0.000000 0.250000 0.000000
vt 0.000000 -0.250000 0.000000
vt 90.143158 0.000000 0.000000
vt 90.156807 -0.074286 0.000000
vt 90.156807 0.074286 0.000000
vt 0.000000 -0.074286 0.000000
vt 2.000000 0.000000 0.000000
vt 0.000000 0.074286 0.000000
vt 39.588829 15.040279 0.000000
vt 39.588829 17.199724 0.000000
vt -42.127121 -16.073835 0.000000
vt -41.372879 -17.926165 0.000000
vt 90.045776 0.084415 0.000000
vt 89.614143 0.250000 0.000000
vt 88.230530 0.250000 0.000000
vt 90.156807 0.150028 0.000000
vt 90.129051 0.076819 0.000000
vt 90.156807 0.074286 0.000000
vt 90.081337 0.250000 0.000000
vt 90.156807 0.228797 0.000000
vt 90.156807 0.250000 0.000000
vt 90.156807 0.228797 0.000000
vt 90.145630 0.210213 0.000000
vt 90.081337 0.250000 0.000000
vt 89.614143 0.250000 0.000000
vt 90.156807 0.150028 0.000000
vt 0.005557 0.149611 0.000000
vt 0.000000 0.150028 0.000000
vt 0.000000 0.074286 0.000000
vt 0.011303 0.227504 0.000000
vt 0.000000 0.228797 0.000000
vt 0.000000 0.150028 0.000000
vt -41.302982 17.897703 0.000000
vt -41.302982 17.884291 0.000000
vt -40.870285 17.721516 0.000000
vt -40.870285 17.721516 0.000000
vt -40.870285 17.711489 0.000000
vt -39.588829 17.199724 0.000000
vt -39.588829 17.199724 0.000000
vt -39.588829 15.040279 0.000000
vt 41.372879 -17.926165 0.000000
vt 42.127121 -16.073835 0.000000
vt -41.374596 17.921949 0.000000
vt -41.302982 17.897703 0.000000
vt -41.372879 17.926165 0.000000
vt 0.000000 0.000000 0.000000
vt 90.156807 0.000000 0.000000
vt 90.156807 0.250000 0.000000
vt 2.740651 0.250000 0.000000
vt 40.870285 17.711489 0.000000
vt 40.870285 17.721516 0.000000
vt 39.588829 17.199724 0.000000
vt 2.000000 -0.250000 0.000000
vt 2.000000 0.250000 0.000000
vt 0.000000 0.250000 0.000000
vt 0.000000 0.000000 0.000000
vt 0.000000 -0.250000 0.000000
vt 0.000000 0.228797 0.000000
vt 0.004552 0.250000 0.000000
vt 0.000000 0.250000 0.000000
vt 0.000000 -0.228797 0.000000
vt 0.011303 -0.227504 0.000000
vt 0.000000 -0.150028 0.000000
vt 0.004552 -0.250000 0.000000
vt 0.000000 -0.228797 0.000000
vt 0.000000 -0.250000 0.000000
vt 90.145630 -0.210213 0.000000
vt 90.156807 -0.228797 0.000000
vt 90.156807 -0.150028 0.000000
vt 89.614143 -0.250000 0.000000
vt 90.081337 -0.250000 0.000000
vt 90.156807 -0.228797 0.000000
vt 90.081337 -0.250000 0.000000
vt 90.156807 -0.250000 0.000000
vt 41.302982 17.884291 0.000000
vt 41.302982 17.897703 0.000000
vt 40.870285 17.721516 0.000000
vt 89.614143 -0.250000 0.000000
vt 90.045776 -0.084415 0.000000
vt 88.230530 -0.250000 0.000000
vt 90.129051 -0.076819 0.000000
vt 90.156807 -0.150028 0.000000
vt 90.156807 -0.074286 0.000000
vt 0.000000 -0.150028 0.000000
vt 0.005557 -0.149611 0.000000
vt 0.000000 -0.074286 0.000000
vt 41.302982 17.897703 0.000000
vt 41.374596 17.921949 0.000000
vt 41.372879 17.926165 0.000000
vt 88.230530 -0.250000 0.000000
vt 89.587563 0.000000 0.000000
vt 88.230530 0.250000 0.000000
vt 0.000000 0.250000 0.000000
vt 0.000000 -0.250000 0.000000
vt 90.143158 0.000000 0.000000
vt 90.156807 -0.074286 0.000000
vt 90.156807 0.074286 0.000000
vt 0.000000 -0.074286 0.000000
vt 2.000000 0.000000 0.000000
vt 0.000000 0.074286 0.000000
vt 39.588829 15.040279 0.000000
vt 39.588829 17.199724 0.000000
vt -42.127121 -16.073835 0.000000
vt -41.372879 -17.926165 0.000000
vt 90.045776 0.084415 0.000000
vt 89.614143 0.250000 0.000000
vt 88.230530 0.250000 0.000000
vt 90.156807 0.150028 0.000000
vt 90.129051 0.076819 0.000000
vt 90.156807 0.074286 0.000000
vt 90.145630 0.210213 0.000000
vt 90.081337 0.250000 0.000000
vt 89.614143 0.250000 0.000000
vt 90.156807 0.150028 0.000000
vt 90.156807 0.228797 0.000000
vt 90.081337 0.250000 0.000000
vt 90.156807 0.228797 0.000000
vt 90.156807 0.250000 0.000000
vt -41.302982 17.897703 0.000000
vt -41.302982 17.884291 0.000000
vt -40.870285 17.721516 0.000000
vt -40.870285 17.721516 0.000000
vt -40.870285 17.711489 0.000000
vt -39.588829 17.199724 0.000000
vt -39.588829 17.199724 0.000000
vt -39.588829 15.040279 0.000000
vt 41.372879 -17.926165 0.000000
vt 42.127121 -16.073835 0.000000
vt -41.374596 17.921949 0.000000
vt -41.302982 17.897703 0.000000
vt -41.372879 17.926165 0.000000
vt 0.005557 0.149611 0.000000
vt 0.000000 0.150028 0.000000
vt 0.000000 0.074286 0.000000
vt 0.011303 0.227504 0.000000
vt 0.000000 0.228797 0.000000
vt 0.000000 0.150028 0.000000
vt 0.000000 0.000000 0.000000
vt 90.156807 0.000000 0.000000
vt 90.156807 0.250000 0.000000
vt 2.740651 0.250000 0.000000
vt 40.870285 17.711489 0.000000
vt 40.870285 17.721516 0.000000
vt 39.588829 17.199724 0.000000
vt 2.000000 -0.250000 0.000000
vt 2.000000 0.250000 0.000000
vt 0.000000 0.250000 0.000000
vt 0.000000 0.000000 0.000000
vt 0.000000 -0.250000 0.000000
vt 0.000000 0.228797 0.000000
vt 0.004552 0.250000 0.000000
vt 0.000000 0.250000 0.000000
vt 41.302982 17.884291 0.000000
vt 41.302982 17.897703 0.000000
vt 40.870285 17.721516 0.000000
vt 90.156807 -0.228797 0.000000
vt 90.081337 -0.250000 0.000000
vt 90.156807 -0.250000 0.000000
vt 90.081337 -0.250000 0.000000
vt 90.145630 -0.210213 0.000000
vt 90.156807 -0.228797 0.000000
vt 90.156807 -0.150028 0.000000
vt 89.614143 -0.250000 0.000000
vt 0.000000 -0.228797 0.000000
vt 0.011303 -0.227504 0.000000
vt 0.000000 -0.150028 0.000000
vt 0.004552 -0.250000 0.000000
vt 0.000000 -0.228797 0.000000
vt 0.000000 -0.250000 0.000000
vt 90.129051 -0.076819 0.000000
vt 90.156807 -0.150028 0.000000
vt 90.156807 -0.074286 0.000000
vt 41.302982 17.897703 0.000000
vt 41.374596 17.921949 0.000000
vt 41.372879 17.926165 0.000000
vt 0.000000 -0.150028 0.000000
vt 0.005557 -0.149611 0.000000
vt 0.000000 -0.074286 0.000000
vt 90.143158 0.000000 0.000000
vt 90.156807 -0.074286 0.000000
vt 90.156807 0.074286 0.000000
vt 88.230530 -0.250000 0.000000
vt 89.587563 0.000000 0.000000
vt 88.230530 0.250000 0.000000
vt 0.000000 0.250000 0.000000
vt 0.000000 -0.250000 0.000000
vt 39.588829 15.040279 0.000000
vt 39.588829 17.199724 0.000000
vt -42.127121 -16.073835 0.000000
vt -41.372879 -17.926165 0.000000
vt 0.000000 -0.074286 0.000000
vt 2.000000 0.000000 0.000000
vt 0.000000 0.074286 0.000000
vt 90.045776 0.084415 0.000000
vt 89.614143 0.250000 0.000000
vt 88.230530 0.250000 0.000000
vt 90.156807 0.150028 0.000000
vt 90.129051 0.076819 0.000000
vt 90.156807 0.074286 0.000000
vt 90.145630 0.210213 0.000000
vt 90.081337 0.250000 0.000000
vt 89.614143 0.250000 0.000000
vt 90.156807 0.150028 0.000000
vt 90.156807 0.228797 0.000000
vt 90.081337 0.250000 0.000000
vt 90.156807 0.228797 0.000000
vt 90.156807 0.250000 0.000000
vt -41.302982 17.897703 0.000000
vt -41.302982 17.884291 0.000000
vt -40.870285 17.721516 0.000000
vt -40.870285 17.721516 0.000000
vt -40.870285 17.711489 0.000000
vt -39.588829 17.199724 0.000000
vt -39.588829 17.199724 0.000000
vt -39.588829 15.040279 0.000000
vt 41.372879 -17.926165 0.000000
vt 42.127121 -16.073835 0.000000
vt -41.374596 17.921949 0.000000
vt -41.302982 17.897703 0.000000
vt -41.372879 17.926165 0.000000
vt 0.005557 0.149611 0.000000
vt 0.000000 0.150028 0.000000
vt 0.000000 0.074286 0.000000
vt 0.011303 0.227504 0.000000
vt 0.000000 0.228797 0.000000
vt 0.000000 0.150028 0.000000
vt 0.000000 0.000000 0.000000
vt 90.156807 0.000000 0.000000
vt 90.156807 0.250000 0.000000
vt 2.740651 0.250000 0.000000
vt 40.870285 17.711489 0.000000
vt 40.870285 17.721516 0.000000
vt 39.588829 17.199724 0.000000
vt 2.000000 -0.250000 0.000000
vt 2.000000 0.250000 0.000000
vt 0.000000 0.250000 0.000000
vt 0.000000 0.000000 0.000000
vt 0.000000 -0.250000 0.000000
vt 0.000000 0.228797 0.000000
vt 0.004552 0.250000 0.000000
vt 0.000000 0.250000 0.000000
vt 41.302982 17.884291 0.000000
vt 41.302982 17.897703 0.000000
vt 40.870285 17.721516 0.000000
vt 90.156807 -0.228797 0.000000
vt 90.081337 -0.250000 0.000000
vt 90.156807 -0.250000 0.000000
vt 90.081337 -0.250000 0.000000
vt 90.145630 -0.210213 0.000000
vt 90.156807 -0.228797 0.000000
vt 90.156807 -0.150028 0.000000
vt 89.614143 -0.250000 0.000000
vt 0.000000 -0.228797 0.000000
vt 0.011303 -0.227504 0.000000
vt 0.000000 -0.150028 0.000000
vt 0.004552 -0.250000 0.000000
vt 0.000000 -0.228797 0.000000
vt 0.000000 -0.250000 0.000000
vt 90.129051 -0.076819 0.000000
vt 90.156807 -0.150028 0.000000
vt 90.156807 -0.074286 0.000000
vt 41.302982 17.897703 0.000000
vt 41.374596 17.921949 0.000000
vt 41.372879 17.926165 0.000000
vt 0.000000 -0.150028 0.000000
vt 0.005557 -0.149611 0.000000
vt 0.000000 -0.074286 0.000000
vt 90.143158 0.000000 0.000000
vt 90.156807 -0.074286 0.000000
vt 90.156807 0.074286 0.000000
vt 88.230530 -0.250000 0.000000
vt 89.587563 0.000000 0.000000
vt 88.230530 0.250000 0.000000
vt 0.000000 0.250000 0.000000
vt 0.000000 -0.250000 0.000000
vt 89.614143 -0.250000 0.000000
vt 90.045776 -0.084415 0.000000
vt 88.230530 -0.250000 0.000000
vt 39.588829 15.040279 0.000000
vt 39.588829 17.199724 0.000000
vt -42.127121 -16.073835 0.000000
vt -41.372879 -17.926165 0.000000
vt 0.000000 -0.074286 0.000000
vt 2.000000 0.000000 0.000000
vt 0.000000 0.074286 0.000000
vt 90.045776 0.084415 0.000000
vt 89.614143 0.250000 0.000000
vt 88.230530 0.250000 0.000000
vt 90.156807 0.150028 0.000000
vt 90.129051 0.076819 0.000000
vt 90.156807 0.074286 0.000000
vt 90.145630 0.210213 0.000000
vt 90.081337 0.250000 0.000000
vt 89.614143 0.250000 0.000000
vt 90.156807 0.150028 0.000000
vt 90.156807 0.228797 0.000000
vt 90.081337 0.250000 0.000000
vt 90.156807 0.228797 0.000000
vt 90.156807 0.250000 0.000000
vt -41.302982 17.897703 0.000000
vt -41.302982 17.884291 0.000000
vt -40.870285 17.721516 0.000000
vt -40.870285 17.721516 0.000000
vt -40.870285 17.711489 0.000000
vt -39.588829 17.199724 0.000000
vt -39.588829 17.199724 0.000000
vt -39.588829 15.040279 0.000000
vt 41.372879 -17.926165 0.000000
vt 42.127121 -16.073835 0.000000
vt -41.374596 17.921949 0.000000
vt -41.302982 17.897703 0.000000
vt -41.372879 17.926165 0.000000
vt 0.005557 0.149611 0.000000
vt 0.000000 0.150028 0.000000
vt 0.000000 0.074286 0.000000
vt 0.011303 0.227504 0.000000
vt 0.000000 0.228797 0.000000
vt 0.000000 0.150028 0.000000
vt 0.000000 0.000000 0.000000
vt 90.156807 0.000000 0.000000
vt 90.156807 0.250000 0.000000
vt 2.740651 0.250000 0.000000
vt 40.870285 17.711489 0.000000
vt 40.870285 17.721516 0.000000
vt 39.588829 17.199724 0.000000
vt 2.000000 -0.250000 0.000000
vt 2.000000 0.250000 0.000000
vt 0.000000 0.250000 0.000000
vt 0.000000 0.000000 0.000000
vt 0.000000 -0.250000 0.000000
vt 0.000000 0.228797 0.000000
vt 0.004552 0.250000 0.000000
vt 0.000000 0.250000 0.000000
vt 41.302982 17.884291 0.000000
vt 41.302982 17.897703 0.000000
vt 40.870285 17.721516 0.000000
vt 90.156807 -0.228797 0.000000
vt 90.081337 -0.250000 0.000000
vt 90.156807 -0.250000 0.000000
vt 90.081337 -0.250000 0.000000
vt 90.145630 -0.210213 0.000000
vt 90.156807 -0.228797 0.000000
vt 90.156807 -0.150028 0.000000
vt 89.614143 -0.250000 0.000000
vt 0.000000 -0.228797 0.000000
vt 0.011303 -0.227504 0.000000
vt 0.000000 -0.150028 0.000000
vt 0.004552 -0.250000 0.000000
vt 0.000000 -0.228797 0.000000
vt 0.000000 -0.250000 0.000000
vt 90.129051 -0.076819 0.000000
vt 90.156807 -0.150028 0.000000
vt 90.156807 -0.074286 0.000000
vt 41.302982 17.897703 0.000000
vt 41.374596 17.921949 0.000000
vt 41.372879 17.926165 0.000000
vt 0.000000 -0.150028 0.000000
vt 0.005557 -0.149611 0.000000
vt 0.000000 -0.074286 0.000000
vt 90.143158 0.000000 0.000000
vt 90.156807 -0.074286 0.000000
vt 90.156807 0.074286 0.000000
vt 88.230530 -0.250000 0.000000
vt 89.587563 0.000000 0.000000
vt 88.230530 0.250000 0.000000
vt 0.000000 0.250000 0.000000
vt 0.000000 -0.250000 0.000000
vt 89.614143 -0.250000 0.000000
vt 90.045776 -0.084415 0.000000
vt 88.230530 -0.250000 0.000000
vt 39.588829 15.040279 0.000000
vt 39.588829 17.199724 0.000000
vt -42.127121 -16.073835 0.000000
vt -41.372879 -17.926165 0.000000
vt 0.000000 -0.074286 0.000000
vt 2.000000 0.000000 0.000000
vt 0.000000 0.074286 0.000000
vt 90.045776 0.084415 0.000000
vt 89.614143 0.250000 0.000000
vt 88.230530 0.250000 0.000000
vt 90.156807 0.150028 0.000000
vt 90.129051 0.076819 0.000000
vt 90.156807 0.074286 0.000000
vt 90.145630 0.210213 0.000000
vt 90.081337 0.250000 0.000000
vt 89.614143 0.250000 0.000000
vt 90.156807 0.150028 0.000000
vt 90.156807 0.228797 0.000000
vt 90.081337 0.250000 0.000000
vt 90.156807 0.228797 0.000000
vt 90.156807 0.250000 0.000000
vt -41.302982 17.897703 0.000000
vt -41.302982 17.884291 0.000000
vt -40.870285 17.721516 0.000000
vt -40.870285 17.721516 0.000000
vt -40.870285 17.711489 0.000000
vt -39.588829 17.199724 0.000000
vt -39.588829 17.199724 0.000000
vt -39.588829 15.040279 0.000000
vt 41.372879 -17.926165 0.000000
vt 42.127121 -16.073835 0.000000
vt -41.374596 17.921949 0.000000
vt -41.302982 17.897703 0.000000
vt -41.372879 17.926165 0.000000
vt 0.005557 0.149611 0.000000
vt 0.000000 0.150028 0.000000
vt 0.000000 0.074286 0.000000
vt 0.011303 0.227504 0.000000
vt 0.000000 0.228797 0.000000
vt 0.000000 0.150028 0.000000
vt 0.000000 0.000000 0.000000
vt 90.156807 0.000000 0.000000
vt 90.156807 0.250000 0.000000
vt 2.740651 0.250000 0.000000
vt 40.870285 17.711489 0.000000
vt 40.870285 17.721516 0.000000
vt 39.588829 17.199724 0.000000
vt 2.000000 -0.250000 0.000000
vt 2.000000 0.250000 0.000000
vt 0.000000 0.250000 0.000000
vt 0.000000 0.000000 0.000000
vt 0.000000 -0.250000 0.000000
vt 0.000000 0.228797 0.000000
vt 0.004552 0.250000 0.000000
vt 0.000000 0.250000 0.000000
vt 41.302982 17.884291 0.000000
vt 41.302982 17.897703 0.000000
vt 40.870285 17.721516 0.000000
vt 90.156807 -0.228797 0.000000
vt 90.081337 -0.250000 0.000000
vt 90.156807 -0.250000 0.000000
vt 90.081337 -0.250000 0.000000
vt 90.145630 -0.210213 0.000000
vt 90.156807 -0.228797 0.000000
vt 90.156807 -0.150028 0.000000
vt 89.614143 -0.250000 0.000000
vt 0.000000 -0.228797 0.000000
vt 0.011303 -0.227504 0.000000
vt 0.000000 -0.150028 0.000000
vt 0.004552 -0.250000 0.000000
vt 0.000000 -0.228797 0.000000
vt 0.000000 -0.250000 0.000000
vt 90.129051 -0.076819 0.000000
vt 90.156807 -0.150028 0.000000
vt 90.156807 -0.074286 0.000000
vt 41.302982 17.897703 0.000000
vt 41.374596 17.921949 0.000000
vt 41.372879 17.926165 0.000000
vt 0.000000 -0.150028 0.000000
vt 0.005557 -0.149611 0.000000
vt 0.000000 -0.074286 0.000000
vt 90.143158 0.000000 0.000000
vt 90.156807 -0.074286 0.000000
vt 90.156807 0.074286 0.000000
vt 88.230530 -0.250000 0.000000
vt 89.587563 0.000000 0.000000
vt 88.230530 0.250000 0.000000
vt 0.000000 0.250000 0.000000
vt 0.000000 -0.250000 0.000000
vt 89.614143 -0.250000 0.000000
vt 90.045776 -0.084415 0.000000
vt 88.230530 -0.250000 0.000000
vt 39.588829 15.040279 0.000000
vt 39.588829 17.199724 0.000000
vt -42.127121 -16.073835 0.000000
vt -41.372879 -17.926165 0.000000
vt 0.000000 -0.074286 0.000000
vt 2.000000 0.000000 0.000000
vt 0.000000 0.074286 0.000000
vt 90.045776 0.084415 0.000000
vt 89.614143 0.250000 0.000000
vt 88.230530 0.250000 0.000000
vt 90.156807 0.150028 0.000000
vt 90.129051 0.076819 0.000000
vt 90.156807 0.074286 0.000000
vt 90.145630 0.210213 0.000000
vt 90.081337 0.250000 0.000000
vt 89.614143 0.250000 0.000000
vt 90.156807 0.150028 0.000000
vt 90.156807 0.228797 0.000000
vt 90.081337 0.250000 0.000000
vt 90.156807 0.228797 0.000000
vt 90.156807 0.250000 0.000000
vt -41.302982 17.897703 0.000000
vt -41.302982 17.884291 0.000000
vt -40.870285 17.721516 0.000000
vt -40.870285 17.721516 0.000000
vt -40.870285 17.711489 0.000000
vt -39.588829 17.199724 0.000000
vt -39.588829 17.199724 0.000000
vt -39.588829 15.040279 0.000000
vt 41.372879 -17.926165 0.000000
vt 42.127121 -16.073835 0.000000
vt -41.374596 17.921949 0.000000
vt -41.302982 17.897703 0.000000
vt -41.372879 17.926165 0.000000
vt 0.005557 0.149611 0.000000
vt 0.000000 0.150028 0.000000
vt 0.000000 0.074286 0.000000
vt 0.011303 0.227504 0.000000
vt 0.000000 0.228797 0.000000
vt 0.000000 0.150028 0.000000
vt 0.000000 0.000000 0.000000
vt 90.156807 0.000000 0.000000
vt 90.156807 0.250000 0.000000
vt 2.740651 0.250000 0.000000
vt 40.870285 17.711489 0.000000
vt 40.870285 17.721516 0.000000
vt 39.588829 17.199724 0.000000
vt 2.000000 -0.250000 0.000000
vt 2.000000 0.250000 0.000000
vt 0.000000 0.250000 0.000000
vt 0.000000 0.000000 0.000000
vt 0.000000 -0.250000 0.000000
vt 0.000000 0.228797 0.000000
vt 0.004552 0.250000 0.000000
vt 0.000000 0.250000 0.000000
vt 41.302982 17.884291 0.000000
vt 41.302982 17.897703 0.000000
vt 40.870285 17.721516 0.000000
vt 90.156807 -0.228797 0.000000
vt 90.081337 -0.250000 0.000000
vt 90.156807 -0.250000 0.000000
vt 90.081337 -0.250000 0.000000
vt 90.145630 -0.210213 0.000000
vt 90.156807 -0.228797 0.000000
vt 90.156807 -0.150028 0.000000
vt 89.614143 -0.250000 0.000000
vt 0.000000 -0.228797 0.000000
vt 0.011303 -0.227504 0.000000
vt 0.000000 -0.150028 0.000000
vt 0.004552 -0.250000 0.000000
vt 0.000000 -0.228797 0.000000
vt 0.000000 -0.250000 0.000000
vt 90.129051 -0.076819 0.000000
vt 90.156807 -0.150028 0.000000
vt 90.156807 -0.074286 0.000000
vt 41.302982 17.897703 0.000000
vt 41.374596 17.921949 0.000000
vt 41.372879 17.926165 0.000000
vt 0.000000 -0.150028 0.000000
vt 0.005557 -0.149611 0.000000
vt 0.000000 -0.074286 0.000000
vt 90.143158 0.000000 0.000000
vt 90.156807 -0.074286 0.000000
vt 90.156807 0.074286 0.000000
vt 88.230530 -0.250000 0.000000
vt 89.587563 0.000000 0.000000
vt 88.230530 0.250000 0.000000
vt 0.000000 0.250000 0.000000
vt 0.000000 -0.250000 0.000000
vt 89.614143 -0.250000 0.000000
vt 90.045776 -0.084415 0.000000
vt 88.230530 -0.250000 0.000000
vt 39.588829 15.040279 0.000000
vt 39.588829 17.199724 0.000000
vt -42.127121 -16.073835 0.000000
vt -41.372879 -17.926165 0.000000
vt 0.000000 -0.074286 0.000000
vt 2.000000 0.000000 0.000000
vt 0.000000 0.074286 0.000000
vt 90.045776 0.084415 0.000000
vt 89.614143 0.250000 0.000000
vt 88.230530 0.250000 0.000000
vt 90.156807 0.150028 0.000000
vt 90.129051 0.076819 0.000000
vt 90.156807 0.074286 0.000000
vt 90.145630 0.210213 0.000000
vt 90.081337 0.250000 0.000000
vt 89.614143 0.250000 0.000000
vt 90.156807 0.150028 0.000000
vt 90.156807 0.228797 0.000000
vt 90.081337 0.250000 0.000000
vt 90.156807 0.228797 0.000000
vt 90.156807 0.250000 0.000000
vt -41.302982 17.897703 0.000000
vt -41.302982 17.884291 0.000000
vt -40.870285 17.721516 0.000000
vt -40.870285 17.721516 0.000000
vt -40.870285 17.711489 0.000000
vt -39.588829 17.199724 0.000000
vt -39.588829 17.199724 0.000000
vt -39.588829 15.040279 0.000000
vt 41.372879 -17.926165 0.000000
vt 42.127121 -16.073835 0.000000
vt -41.374596 17.921949 0.000000
vt -41.302982 17.897703 0.000000
vt -41.372879 17.926165 0.000000
vt 0.005557 0.149611 0.000000
vt 0.000000 0.150028 0.000000
vt 0.000000 0.074286 0.000000
vt 0.011303 0.227504 0.000000
vt 0.000000 0.228797 0.000000
vt 0.000000 0.150028 0.000000
vt 0.000000 0.000000 0.000000
vt 90.156807 0.000000 0.000000
vt 90.156807 0.250000 0.000000
vt 2.740651 0.250000 0.000000
vt 40.870285 17.711489 0.000000
vt 40.870285 17.721516 0.000000
vt 39.588829 17.199724 0.000000
vt 2.000000 -0.250000 0.000000
vt 2.000000 0.250000 0.000000
vt 0.000000 0.250000 0.000000
vt 0.000000 0.000000 0.000000
vt 0.000000 -0.250000 0.000000
vt 0.000000 0.228797 0.000000
vt 0.004552 0.250000 0.000000
vt 0.000000 0.250000 0.000000
vt 41.302982 17.884291 0.000000
vt 41.302982 17.897703 0.000000
vt 40.870285 17.721516 0.000000
vt 90.156807 -0.228797 0.000000
vt 90.081337 -0.250000 0.000000
vt 90.156807 -0.250000 0.000000
vt 90.081337 -0.250000 0.000000
vt 90.145630 -0.210213 0.000000
vt 90.156807 -0.228797 0.000000
vt 90.156807 -0.150028 0.000000
vt 89.614143 -0.250000 0.000000
vt 0.000000 -0.228797 0.000000
vt 0.011303 -0.227504 0.000000
vt 0.000000 -0.150028 0.000000
vt 0.004552 -0.250000 0.000000
vt 0.000000 -0.228797 0.000000
vt 0.000000 -0.250000 0.000000
vt 90.129051 -0.076819 0.000000
vt 90.156807 -0.150028 0.000000
vt 90.156807 -0.074286 0.000000
vt 41.302982 17.897703 0.000000
vt 41.374596 17.921949 0.000000
vt 41.372879 17.926165 0.000000
vt 0.000000 -0.150028 0.000000
vt 0.005557 -0.149611 0.000000
vt 0.000000 -0.074286 0.000000
vt 90.143158 0.000000 0.000000
vt 90.156807 -0.074286 0.000000
vt 90.156807 0.074286 0.000000
vt 88.230530 -0.250000 0.000000
vt 89.587563 0.000000 0.000000
vt 88.230530 0.250000 0.000000
vt 0.000000 0.250000 0.000000
vt 0.000000 -0.250000 0.000000
vt 89.614143 -0.250000 0.000000
vt 90.045776 -0.084415 0.000000
vt 88.230530 -0.250000 0.000000
vt 39.588829 15.040279 0.000000
vt 39.588829 17.199724 0.000000
vt -42.127121 -16.073835 0.000000
vt -41.372879 -17.926165 0.000000
vt 0.000000 -0.074286 0.000000
vt 2.000000 0.000000 0.000000
vt 0.000000 0.074286 0.000000
vt 90.045776 0.084415 0.000000
vt 89.614143 0.250000 0.000000
vt 88.230530 0.250000 0.000000
vt 90.156807 0.150028 0.000000
vt 90.129051 0.076819 0.000000
vt 90.156807 0.074286 0.000000
vt 90.145630 0.210213 0.000000
vt 90.081337 0.250000 0.000000
vt 89.614143 0.250000 0.000000
vt 90.156807 0.150028 0.000000
vt 90.156807 0.228797 0.000000
vt 90.081337 0.250000 0.000000
vt 90.156807 0.228797 0.000000
vt 90.156807 0.250000 0.000000
vt -41.302982 17.897703 0.000000
vt -41.302982 17.884291 0.000000
vt -40.870285 17.721516 0.000000
vt -40.870285 17.721516 0.000000
vt -40.870285 17.711489 0.000000
vt -39.588829 17.199724 0.000000
vt -39.588829 17.199724 0.000000
vt -39.588829 15.040279 0.000000
vt 41.372879 -17.926165 0.000000
vt 42.127121 -16.073835 0.000000
vt -41.374596 17.921949 0.000000
vt -41.302982 17.897703 0.000000
vt -41.372879 17.926165 0.000000
vt 0.005557 0.149611 0.000000
vt 0.000000 0.150028 0.000000
vt 0.000000 0.074286 0.000000
vt 0.011303 0.227504 0.000000
vt 0.000000 0.228797 0.000000
vt 0.000000 0.150028 0.000000
vt 0.000000 0.000000 0.000000
vt 90.156807 0.000000 0.000000
vt 90.156807 0.250000 0.000000
vt 2.740651 0.250000 0.000000
vt 40.870285 17.711489 0.000000
vt 40.870285 17.721516 0.000000
vt 39.588829 17.199724 0.000000
vt 2.000000 -0.250000 0.000000
vt 2.000000 0.250000 0.000000
vt 0.000000 0.250000 0.000000
vt 0.000000 0.000000 0.000000
vt 0.000000 -0.250000 0.000000
vt 0.000000 0.228797 0.000000
vt 0.004552 0.250000 0.000000
vt 0.000000 0.250000 0.000000
vt 41.302982 17.884291 0.000000
vt 41.302982 17.897703 0.000000
vt 40.870285 17.721516 0.000000
vt 90.156807 -0.228797 0.000000
vt 90.081337 -0.250000 0.000000
vt 90.156807 -0.250000 0.000000
vt 90.081337 -0.250000 0.000000
vt 90.145630 -0.210213 0.000000
vt 90.156807 -0.228797 0.000000
vt 90.156807 -0.150028 0.000000
vt 89.614143 -0.250000 0.000000
vt 0.000000 -0.228797 0.000000
vt 0.011303 -0.227504 0.000000
vt 0.000000 -0.150028 0.000000
vt 0.004552 -0.250000 0.000000
vt 0.000000 -0.228797 0.000000
vt 0.000000 -0.250000 0.000000
vt 90.129051 -0.076819 0.000000
vt 90.156807 -0.150028 0.000000
vt 90.156807 -0.074286 0.000000
vt 41.302982 17.897703 0.000000
vt 41.374596 17.921949 0.000000
vt 41.372879 17.926165 0.000000
vt 0.000000 -0.150028 0.000000
vt 0.005557 -0.149611 0.000000
vt 0.000000 -0.074286 0.000000
vt 90.143158 0.000000 0.000000
vt 90.156807 -0.074286 0.000000
vt 90.156807 0.074286 0.000000
vt 88.230530 -0.250000 0.000000
vt 89.587563 0.000000 0.000000
vt 88.230530 0.250000 0.000000
vt 0.000000 0.250000 0.000000
vt 0.000000 -0.250000 0.000000
vt 89.614143 -0.250000 0.000000
vt 90.045776 -0.084415 0.000000
vt 88.230530 -0.250000 0.000000
vt 39.588829 15.040279 0.000000
vt 39.588829 17.199724 0.000000
vt -42.127121 -16.073835 0.000000
vt -41.372879 -17.926165 0.000000
vt 0.000000 -0.074286 0.000000
vt 2.000000 0.000000 0.000000
vt 0.000000 0.074286 0.000000
vt 90.045776 0.084415 0.000000
vt 89.614143 0.250000 0.000000
vt 88.230530 0.250000 0.000000
vt 90.156807 0.150028 0.000000
vt 90.129051 0.076819 0.000000
vt 90.156807 0.074286 0.000000
vt 90.145630 0.210213 0.000000
vt 90.081337 0.250000 0.000000
vt 89.614143 0.250000 0.000000
vt 90.156807 0.150028 0.000000
vt 90.156807 0.228797 0.000000
vt 90.081337 0.250000 0.000000
vt 90.156807 0.228797 0.000000
vt 90.156807 0.250000 0.000000
vt -41.302982 17.897703 0.000000
vt -41.302982 17.884291 0.000000
vt -40.870285 17.721516 0.000000
vt -40.870285 17.721516 0.000000
vt -40.870285 17.711489 0.000000
vt -39.588829 17.199724 0.000000
vt -39.588829 17.199724 0.000000
vt -39.588829 15.040279 0.000000
vt 41.372879 -17.926165 0.000000
vt 42.127121 -16.073835 0.000000
vt -41.374596 17.921949 0.000000
vt -41.302982 17.897703 0.000000
vt -41.372879 17.926165 0.000000
vt 0.005557 0.149611 0.000000
vt 0.000000 0.150028 0.000000
vt 0.000000 0.074286 0.000000
vt 0.011303 0.227504 0.000000
vt 0.000000 0.228797 0.000000
vt 0.000000 0.150028 0.000000
vt 0.000000 0.000000 0.000000
vt 90.156807 0.000000 0.000000
vt 90.156807 0.250000 0.000000
vt 2.740651 0.250000 0.000000
vt 40.870285 17.711489 0.000000
vt 40.870285 17.721516 0.000000
vt 39.588829 17.199724 0.000000
vt 2.000000 -0.250000 0.000000
vt 2.000000 0.250000 0.000000
vt 0.000000 0.250000 0.000000
vt 0.000000 0.000000 0.000000
vt 0.000000 -0.250000 0.000000
vt 0.000000 0.228797 0.000000
vt 0.004552 0.250000 0.000000
vt 0.000000 0.250000 0.000000
vt 41.302982 17.884291 0.000000
vt 41.302982 17.897703 0.000000
vt 40.870285 17.721516 0.000000
vt 90.156807 -0.228797 0.000000
vt 90.081337 -0.250000 0.000000
vt 90.156807 -0.250000 0.000000
vt 90.081337 -0.250000 0.000000
vt 90.145630 -0.210213 0.000000
vt 90.156807 -0.228797 0.000000
vt 90.156807 -0.150028 0.000000
vt 89.614143 -0.250000 0.000000
vt 0.000000 -0.228797 0.000000
vt 0.011303 -0.227504 0.000000
vt 0.000000 -0.150028 0.000000
vt 0.004552 -0.250000 0.000000
vt 0.000000 -0.228797 0.000000
vt 0.000000 -0.250000 0.000000
vt 90.129051 -0.076819 0.000000
vt 90.156807 -0.150028 0.000000
vt 90.156807 -0.074286 0.000000
vt 41.302982 17.897703 0.000000
vt 41.374596 17.921949 0.000000
vt 41.372879 17.926165 0.000000
vt 0.000000 -0.150028 0.000000
vt 0.005557 -0.149611 0.000000
vt 0.000000 -0.074286 0.000000
vt 90.143158 0.000000 0.000000
vt 90.156807 -0.074286 0.000000
vt 90.156807 0.074286 0.000000
vt 88.230530 -0.250000 0.000000
vt 89.587563 0.000000 0.000000
vt 88.230530 0.250000 0.000000
vt 0.000000 0.250000 0.000000
vt 0.000000 -0.250000 0.000000
vt 89.614143 -0.250000 0.000000
vt 90.045776 -0.084415 0.000000
vt 88.230530 -0.250000 0.000000
vt 39.588829 15.040279 0.000000
vt 39.588829 17.199724 0.000000
vt -42.127121 -16.073835 0.000000
vt -41.372879 -17.926165 0.000000
vt 0.000000 -0.074286 0.000000
vt 2.000000 0.000000 0.000000
vt 0.000000 0.074286 0.000000
vt 90.045776 0.084415 0.000000
vt 89.614143 0.250000 0.000000
vt 88.230530 0.250000 0.000000
vt 90.156807 0.150028 0.000000
vt 90.129051 0.076819 0.000000
vt 90.156807 0.074286 0.000000
vt 90.145630 0.210213 0.000000
vt 90.081337 0.250000 0.000000
vt 89.614143 0.250000 0.000000
vt 90.156807 0.150028 0.000000
vt 90.156807 0.228797 0.000000
vt 90.081337 0.250000 0.000000
vt 90.156807 0.228797 0.000000
vt 90.156807 0.250000 0.000000
vt -41.302982 17.897703 0.000000
vt -41.302982 17.884291 0.000000
vt -40.870285 17.721516 0.000000
vt -40.870285 17.721516 0.000000
vt -40.870285 17.711489 0.000000
vt -39.588829 17.199724 0.000000
vt -39.588829 17.199724 0.000000
vt -39.588829 15.040279 0.000000
vt 41.372879 -17.926165 0.000000
vt 42.127121 -16.073835 0.000000
vt -41.374596 17.921949 0.000000
vt -41.302982 17.897703 0.000000
vt -41.372879 17.926165 0.000000
vt 0.005557 0.149611 0.000000
vt 0.000000 0.150028 0.000000
vt 0.000000 0.074286 0.000000
vt 0.011303 0.227504 0.000000
vt 0.000000 0.228797 0.000000
vt 0.000000 0.150028 0.000000
vt 0.000000 0.000000 0.000000
vt 90.156807 0.000000 0.000000
vt 90.156807 0.250000 0.000000
vt 2.740651 0.250000 0.000000
vt 40.870285 17.711489 0.000000
vt 40.870285 17.721516 0.000000
vt 39.588829 17.199724 0.000000
vt 2.000000 -0.250000 0.000000
vt 2.000000 0.250000 0.000000
vt 0.000000 0.250000 0.000000
vt 0.000000 0.000000 0.000000
vt 0.000000 -0.250000 0.000000
vt 0.000000 0.228797 0.000000
vt 0.004552 0.250000 0.000000
vt 0.000000 0.250000 0.000000
vt 41.302982 17.884291 0.000000
vt 41.302982 17.897703 0.000000
vt 40.870285 17.721516 0.000000
vt 90.156807 -0.228797 0.000000
vt 90.081337 -0.250000 0.000000
vt 90.156807 -0.250000 0.000000
vt 90.081337 -0.250000 0.000000
vt 90.145630 -0.210213 0.000000
vt 90.156807 -0.228797 0.000000
vt 90.156807 -0.150028 0.000000
vt 89.614143 -0.250000 0.000000
vt 0.000000 -0.228797 0.000000
vt 0.011303 -0.227504 0.000000
vt 0.000000 -0.150028 0.000000
vt 0.004552 -0.250000 0.000000
vt 0.000000 -0.228797 0.000000
vt 0.000000 -0.250000 0.000000
vt 90.129051 -0.076819 0.000000
vt 90.156807 -0.150028 0.000000
vt 90.156807 -0.074286 0.000000
vt 41.302982 17.897703 0.000000
vt 41.374596 17.921949 0.000000
vt 41.372879 17.926165 0.000000
vt 0.000000 -0.150028 0.000000
vt 0.005557 -0.149611 0.000000
vt 0.000000 -0.074286 0.000000
vt 90.143158 0.000000 0.000000
vt 90.156807 -0.074286 0.000000
vt 90.156807 0.074286 0.000000
vt 88.230530 -0.250000 0.000000
vt 89.587563 0.000000 0.000000
vt 88.230530 0.250000 0.000000
vt 0.000000 0.250000 0.000000
vt 0.000000 -0.250000 0.000000
vt 89.614143 -0.250000 0.000000
vt 90.045776 -0.084415 0.000000
vt 88.230530 -0.250000 0.000000
vt 39.588829 15.040279 0.000000
vt 39.588829 17.199724 0.000000
vt -42.127121 -16.073835 0.000000
vt -41.372879 -17.926165 0.000000
vt 0.000000 -0.074286 0.000000
vt 2.000000 0.000000 0.000000
vt 0.000000 0.074286 0.000000
vt 90.045776 0.084415 0.000000
vt 89.614143 0.250000 0.000000
vt 88.230530 0.250000 0.000000
vt 90.156807 0.150028 0.000000
vt 90.129051 0.076819 0.000000
vt 90.156807 0.074286 0.000000
vt 90.145630 0.210213 0.000000
vt 90.081337 0.250000 0.000000
vt 89.614143 0.250000 0.000000
vt 90.156807 0.150028 0.000000
vt 90.156807 0.228797 0.000000
vt 90.081337 0.250000 0.000000
vt 90.156807 0.228797 0.000000
vt 90.156807 0.250000 0.000000
vt -41.302982 17.897703 0.000000
vt -41.302982 17.884291 0.000000
vt -40.870285 17.721516 0.000000
vt -40.870285 17.721516 0.000000
vt -40.870285 17.711489 0.000000
vt -39.588829 17.199724 0.000000
vt -39.588829 17.199724 0.000000
vt -39.588829 15.040279 0.000000
vt 41.372879 -17.926165 0.000000
vt 42.127121 -16.073835 0.000000
vt -41.374596 17.921949 0.000000
vt -41.302982 17.897703 0.000000
vt -41.372879 17.926165 0.000000
vt 0.005557 0.149611 0.000000
vt 0.000000 0.150028 0.000000
vt 0.000000 0.074286 0.000000
vt 0.011303 0.227504 0.000000
vt 0.000000 0.228797 0.000000
vt 0.000000 0.150028 0.000000
vt 0.000000 0.000000 0.000000
vt 90.156807 0.000000 0.000000
vt 90.156807 0.250000 0.000000
vt 2.740651 0.250000 0.000000
vt 40.870285 17.711489 0.000000
vt 40.870285 17.721516 0.000000
vt 39.588829 17.199724 0.000000
vt 2.000000 -0.250000 0.000000
vt 2.000000 0.250000 0.000000
vt 0.000000 0.250000 0.000000
vt 0.000000 0.000000 0.000000
vt 0.000000 -0.250000 0.000000
vt 0.000000 0.228797 0.000000
vt 0.004552 0.250000 0.000000
vt 0.000000 0.250000 0.000000
vt 41.302982 17.884291 0.000000
vt 41.302982 17.897703 0.000000
vt 40.870285 17.721516 0.000000
vt 90.156807 -0.228797 0.000000
vt 90.081337 -0.250000 0.000000
vt 90.156807 -0.250000 0.000000
vt 90.081337 -0.250000 0.000000
vt 90.145630 -0.210213 0.000000
vt 90.156807 -0.228797 0.000000
vt 90.156807 -0.150028 0.000000
vt 89.614143 -0.250000 0.000000
vt 0.000000 -0.228797 0.000000
vt 0.011303 -0.227504 0.000000
vt 0.000000 -0.150028 0.000000
vt 0.004552 -0.250000 0.000000
vt 0.000000 -0.228797 0.000000
vt 0.000000 -0.250000 0.000000
vt 90.129051 -0.076819 0.000000
vt 90.156807 -0.150028 0.000000
vt 90.156807 -0.074286 0.000000
vt 41.302982 17.897703 0.000000
vt 41.374596 17.921949 0.000000
vt 41.372879 17.926165 0.000000
vt 0.000000 -0.150028 0.000000
vt 0.005557 -0.149611 0.000000
vt 0.000000 -0.074286 0.000000
vt 90.143158 0.000000 0.000000
vt 90.156807 -0.074286 0.000000
vt 90.156807 0.074286 0.000000
vt 88.230530 -0.250000 0.000000
vt 89.587563 0.000000 0.000000
vt 88.230530 0.250000 0.000000
vt 0.000000 0.250000 0.000000
vt 0.000000 -0.250000 0.000000
vt 89.614143 -0.250000 0.000000
vt 90.045776 -0.084415 0.000000
vt 88.230530 -0.250000 0.000000
vt 39.588829 15.040279 0.000000
vt 39.588829 17.199724 0.000000
vt -42.127121 -16.073835 0.000000
vt -41.372879 -17.926165 0.000000
vt 0.000000 -0.074286 0.000000
vt 2.000000 0.000000 0.000000
vt 0.000000 0.074286 0.000000
vt 90.045776 0.084415 0.000000
vt 89.614143 0.250000 0.000000
vt 88.230530 0.250000 0.000000
vt 90.156807 0.150028 0.000000
vt 90.129051 0.076819 0.000000
vt 90.156807 0.074286 0.000000
vt 90.145630 0.210213 0.000000
vt 90.081337 0.250000 0.000000
vt 89.614143 0.250000 0.000000
vt 90.156807 0.150028 0.000000
vt 90.156807 0.228797 0.000000
vt 90.081337 0.250000 0.000000
vt 90.156807 0.228797 0.000000
vt 90.156807 0.250000 0.000000
vt -41.302982 17.897703 0.000000
vt -41.302982 17.884291 0.000000
vt -40.870285 17.721516 0.000000
vt -40.870285 17.721516 0.000000
vt -40.870285 17.711489 0.000000
vt -39.588829 17.199724 0.000000
vt -39.588829 17.199724 0.000000
vt -39.588829 15.040279 0.000000
vt 41.372879 -17.926165 0.000000
vt 42.127121 -16.073835 0.000000
vt -41.374596 17.921949 0.000000
vt -41.302982 17.897703 0.000000
vt -41.372879 17.926165 0.000000
vt 0.005557 0.149611 0.000000
vt 0.000000 0.150028 0.000000
vt 0.000000 0.074286 0.000000
vt 0.011303 0.227504 0.000000
vt 0.000000 0.228797 0.000000
vt 0.000000 0.150028 0.000000
vt 0.000000 0.000000 0.000000
vt 90.156807 0.000000 0.000000
vt 90.156807 0.250000 0.000000
vt 2.740651 0.250000 0.000000
vt 40.870285 17.711489 0.000000
vt 40.870285 17.721516 0.000000
vt 39.588829 17.199724 0.000000
vt 2.000000 -0.250000 0.000000
vt 2.000000 0.250000 0.000000
vt 0.000000 0.250000 0.000000
vt 0.000000 0.000000 0.000000
vt 0.000000 -0.250000 0.000000
vt 0.000000 0.228797 0.000000
vt 0.004552 0.250000 0.000000
vt 0.000000 0.250000 0.000000
vt 41.302982 17.884291 0.000000
vt 41.302982 17.897703 0.000000
vt 40.870285 17.721516 0.000000
vt 90.156807 -0.228797 0.000000
vt 90.081337 -0.250000 0.000000
vt 90.156807 -0.250000 0.000000
vt 90.081337 -0.250000 0.000000
vt 90.145630 -0.210213 0.000000
vt 90.156807 -0.228797 0.000000
vt 90.156807 -0.150028 0.000000
vt 89.614143 -0.250000 0.000000
vt 0.000000 -0.228797 0.000000
vt 0.011303 -0.227504 0.000000
vt 0.000000 -0.150028 0.000000
vt 0.004552 -0.250000 0.000000
vt 0.000000 -0.228797 0.000000
vt 0.000000 -0.250000 0.000000
vt 90.129051 -0.076819 0.000000
vt 90.156807 -0.150028 0.000000
vt 90.156807 -0.074286 0.000000
vt 41.302982 17.897703 0.000000
vt 41.374596 17.921949 0.000000
vt 41.372879 17.926165 0.000000
vt 0.000000 -0.150028 0.000000
vt 0.005557 -0.149611 0.000000
vt 0.000000 -0.074286 0.000000
vt 90.143158 0.000000 0.000000
vt 90.156807 -0.074286 0.000000
vt 90.156807 0.074286 0.000000
vt 88.230530 -0.250000 0.000000
vt 89.587563 0.000000 0.000000
vt 88.230530 0.250000 0.000000
vt 0.000000 0.250000 0.000000
vt 0.000000 -0.250000 0.000000
vt 89.614143 -0.250000 0.000000
vt 90.045776 -0.084415 0.000000
vt 88.230530 -0.250000 0.000000
vt 39.588829 15.040279 0.000000
vt 39.588829 17.199724 0.000000
vt -42.127121 -16.073835 0.000000
vt -41.372879 -17.926165 0.000000
vt 0.000000 -0.074286 0.000000
vt 2.000000 0.000000 0.000000
vt 0.000000 0.074286 0.000000
vt 90.045776 0.084415 0.000000
vt 89.614143 0.250000 0.000000
vt 88.230530 0.250000 0.000000
vt 90.156807 0.150028 0.000000
vt 90.129051 0.076819 0.000000
vt 90.156807 0.074286 0.000000
vt 90.145630 0.210213 0.000000
vt 90.081337 0.250000 0.000000
vt 89.614143 0.250000 0.000000
vt 90.156807 0.150028 0.000000
vt 90.156807 0.228797 0.000000
vt 90.081337 0.250000 0.000000
vt 90.156807 0.228797 0.000000
vt 90.156807 0.250000 0.000000
vt -41.302982 17.897703 0.000000
vt -41.302982 17.884291 0.000000
vt -40.870285 17.721516 0.000000
vt -40.870285 17.721516 0.000000
vt -40.870285 17.711489 0.000000
vt -39.588829 17.199724 0.000000
vt -39.588829 17.199724 0.000000
vt -39.588829 15.040279 0.000000
vt 41.372879 -17.926165 0.000000
vt 42.127121 -16.073835 0.000000
vt -41.374596 17.921949 0.000000
vt -41.302982 17.897703 0.000000
vt -41.372879 17.926165 0.000000
vt 0.005557 0.149611 0.000000
vt 0.000000 0.150028 0.000000
vt 0.000000 0.074286 0.000000
vt 0.011303 0.227504 0.000000
vt 0.000000 0.228797 0.000000
vt 0.000000 0.150028 0.000000
vt 0.000000 0.000000 0.000000
vt 90.156807 0.000000 0.000000
vt 90.156807 0.250000 0.000000
vt 2.740651 0.250000 0.000000
vt 40.870285 17.711489 0.000000
vt 40.870285 17.721516 0.000000
vt 39.588829 17.199724 0.000000
vt 2.000000 -0.250000 0.000000
vt 2.000000 0.250000 0.000000
vt 0.000000 0.250000 0.000000
vt 0.000000 0.000000 0.000000
vt 0.000000 -0.250000 0.000000
vt 0.000000 0.228797 0.000000
vt 0.004552 0.250000 0.000000
vt 0.000000 0.250000 0.000000
vt 41.302982 17.884291 0.000000
vt 41.302982 17.897703 0.000000
vt 40.870285 17.721516 0.000000
vt 90.156807 -0.228797 0.000000
vt 90.081337 -0.250000 0.000000
vt 90.156807 -0.250000 0.000000
vt 90.081337 -0.250000 0.000000
vt 90.145630 -0.210213 0.000000
vt 90.156807 -0.228797 0.000000
vt 90.156807 -0.150028 0.000000
vt 89.614143 -0.250000 0.000000
vt 0.000000 -0.228797 0.000000
vt 0.011303 -0.227504 0.000000
vt 0.000000 -0.150028 0.000000
vt 0.004552 -0.250000 0.000000
vt 0.000000 -0.228797 0.000000
vt 0.000000 -0.250000 0.000000
vt 90.129051 -0.076819 0.000000
vt 90.156807 -0.150028 0.000000
vt 90.156807 -0.074286 0.000000
vt 41.302982 17.897703 0.000000
vt 41.374596 17.921949 0.000000
vt 41.372879 17.926165 0.000000
vt 0.000000 -0.150028 0.000000
vt 0.005557 -0.149611 0.000000
vt 0.000000 -0.074286 0.000000
vt 90.143158 0.000000 0.000000
vt 90.156807 -0.074286 0.000000
vt 90.156807 0.074286 0.000000
vt 88.230530 -0.250000 0.000000
vt 89.587563 0.000000 0.000000
vt 88.230530 0.250000 0.000000
vt 0.000000 0.250000 0.000000
vt 0.000000 -0.250000 0.000000
vt 89.614143 -0.250000 0.000000
vt 90.045776 -0.084415 0.000000
vt 88.230530 -0.250000 0.000000
vt 39.588829 15.040279 0.000000
vt 39.588829 17.199724 0.000000
vt -42.127121 -16.073835 0.000000
vt -41.372879 -17.926165 0.000000
vt 0.000000 -0.074286 0.000000
vt 2.000000 0.000000 0.000000
vt 0.000000 0.074286 0.000000
vt 90.045776 0.084415 0.000000
vt 89.614143 0.250000 0.000000
vt 88.230530 0.250000 0.000000
vt 90.156807 0.150028 0.000000
vt 90.129051 0.076819 0.000000
vt 90.156807 0.074286 0.000000
vt 90.145630 0.210213 0.000000
vt 90.081337 0.250000 0.000000
vt 89.614143 0.250000 0.000000
vt 90.156807 0.150028 0.000000
vt 90.156807 0.228797 0.000000
vt 90.081337 0.250000 0.000000
vt 90.156807 0.228797 0.000000
vt 90.156807 0.250000 0.000000
vt -41.302982 17.897703 0.000000
vt -41.302982 17.884291 0.000000
vt -40.870285 17.721516 0.000000
vt -40.870285 17.721516 0.000000
vt -40.870285 17.711489 0.000000
vt -39.588829 17.199724 0.000000
vt -39.588829 17.199724 0.000000
vt -39.588829 15.040279 0.000000
vt 41.372879 -17.926165 0.000000
vt 42.127121 -16.073835 0.000000
vt -41.374596 17.921949 0.000000
vt -41.302982 17.897703 0.000000
vt -41.372879 17.926165 0.000000
vt 0.005557 0.149611 0.000000
vt 0.000000 0.150028 0.000000
vt 0.000000 0.074286 0.000000
vt 0.011303 0.227504 0.000000
vt 0.000000 0.228797 0.000000
vt 0.000000 0.150028 0.000000
vt 0.000000 0.000000 0.000000
vt 90.156807 0.000000 0.000000
vt 90.156807 0.250000 0.000000
vt 2.740651 0.250000 0.000000
vt 40.870285 17.711489 0.000000
vt 40.870285 17.721516 0.000000
vt 39.588829 17.199724 0.000000
vt 2.000000 -0.250000 0.000000
vt 2.000000 0.250000 0.000000
vt 0.000000 0.250000 0.000000
vt 0.000000 0.000000 0.000000
vt 0.000000 -0.250000 0.000000
vt 0.000000 0.228797 0.000000
vt 0.004552 0.250000 0.000000
vt 0.000000 0.250000 0.000000
vt 41.302982 17.884291 0.000000
vt 41.302982 17.897703 0.000000
vt 40.870285 17.721516 0.000000
vt 90.156807 -0.228797 0.000000
vt 90.081337 -0.250000 0.000000
vt 90.156807 -0.250000 0.000000
vt 90.081337 -0.250000 0.000000
vt 90.145630 -0.210213 0.000000
vt 90.156807 -0.228797 0.000000
vt 90.156807 -0.150028 0.000000
vt 89.614143 -0.250000 0.000000
vt 0.000000 -0.228797 0.000000
vt 0.011303 -0.227504 0.000000
vt 0.000000 -0.150028 0.000000
vt 0.004552 -0.250000 0.000000
vt 0.000000 -0.228797 0.000000
vt 0.000000 -0.250000 0.000000
vt 90.129051 -0.076819 0.000000
vt 90.156807 -0.150028 0.000000
vt 90.156807 -0.074286 0.000000
vt 41.302982 17.897703 0.000000
vt 41.374596 17.921949 0.000000
vt 41.372879 17.926165 0.000000
vt 0.000000 -0.150028 0.000000
vt 0.005557 -0.149611 0.000000
vt 0.000000 -0.074286 0.000000
vt 90.143158 0.000000 0.000000
vt 90.156807 -0.074286 0.000000
vt 90.156807 0.074286 0.000000
vt 88.230530 -0.250000 0.000000
vt 89.587563 0.000000 0.000000
vt 88.230530 0.250000 0.000000
vt 0.000000 0.250000 0.000000
vt 0.000000 -0.250000 0.000000
vt 89.614143 -0.250000 0.000000
vt 90.045776 -0.084415 0.000000
vt 88.230530 -0.250000 0.000000
vt 39.588829 15.040279 0.000000
vt 39.588829 17.199724 0.000000
vt -42.127121 -16.073835 0.000000
vt -41.372879 -17.926165 0.000000
vt 0.000000 -0.074286 0.000000
vt 2.000000 0.000000 0.000000
vt 0.000000 0.074286 0.000000
vt 0.000000 0.000000 0.000000
vt 90.156807 0.000000 0.000000
vt 90.156807 0.250000 0.000000
vt 2.740651 0.250000 0.000000
vt 90.129051 0.076819 0.000000
vt 90.156807 0.074286 0.000000
vt 90.156807 0.150028 0.000000
vt 88.230530 0.250000 0.000000
vt 90.045776 0.084415 0.000000
vt 89.614143 0.250000 0.000000
vt -41.302982 17.897703 0.000000
vt -41.302982 17.884291 0.000000
vt -40.870285 17.721516 0.000000
vt -40.870285 17.711489 0.000000
vt -39.588829 17.199724 0.000000
vt -40.870285 17.721516 0.000000
vt 0.000000 0.074286 0.000000
vt 0.005557 0.149611 0.000000
vt 0.000000 0.150028 0.000000
vt 40.870285 17.711489 0.000000
vt 40.870285 17.721516 0.000000
vt 39.588829 17.199724 0.000000
vt 2.000000 -0.250000 0.000000
vt 2.000000 0.250000 0.000000
vt 0.000000 0.250000 0.000000
vt 0.000000 0.000000 0.000000
vt 0.000000 -0.250000 0.000000
vt -39.588829 17.199724 0.000000
vt -39.588829 15.040279 0.000000
vt 41.372879 -17.926165 0.000000
vt 42.127121 -16.073835 0.000000
vt 40.870285 17.711489 0.000000
vt 40.870285 17.721516 0.000000
vt 39.588829 17.199724 0.000000
vt 39.588829 15.040279 0.000000
vt 39.588829 17.199724 0.000000
vt -42.127121 -16.073835 0.000000
vt -41.372879 -17.926165 0.000000
vt 40.870285 17.711489 0.000000
vt 40.870285 17.721516 0.000000
vt 39.588829 17.199724 0.000000
vt 90.143158 0.000000 0.000000
vt 90.156807 -0.074286 0.000000
vt 90.156807 0.074286 0.000000
vt 88.230530 -0.250000 0.000000
vt 89.587563 0.000000 0.000000
vt 88.230530 0.250000 0.000000
vt 0.000000 0.250000 0.000000
vt 0.000000 -0.250000 0.000000
vt 90.129051 -0.076819 0.000000
vt 90.156807 -0.150028 0.000000
vt 90.156807 -0.074286 0.000000
vt 89.614143 -0.250000 0.000000
vt 90.045776 -0.084415 0.000000
vt 88.230530 -0.250000 0.000000
vt 89.614143 -0.250000 0.000000
vt 90.045776 -0.084415 0.000000
vt 88.230530 -0.250000 0.000000
vt -39.588829 17.199724 0.000000
vt -39.588829 15.040279 0.000000
vt 41.372879 -17.926165 0.000000
vt 42.127121 -16.073835 0.000000
vt 0.000000 -0.074286 0.000000
vt 2.000000 0.000000 0.000000
vt 0.000000 0.074286 0.000000
vt 0.000000 0.000000 0.000000
vt 90.156807 0.000000 0.000000
vt 90.156807 0.250000 0.000000
vt 2.740651 0.250000 0.000000
vt 2.000000 -0.250000 0.000000
vt 2.000000 0.250000 0.000000
vt 0.000000 0.250000 0.000000
vt 0.000000 0.000000 0.000000
vt 0.000000 -0.250000 0.000000
vt 0.000000 0.228797 0.000000
vt 0.004552 0.250000 0.000000
vt 0.000000 0.250000 0.000000
vt 39.588829 15.040279 0.000000
vt 39.588829 17.199724 0.000000
vt -42.127121 -16.073835 0.000000
vt -41.372879 -17.926165 0.000000
vt 0.000000 0.228797 0.000000
vt 0.004552 0.250000 0.000000
vt 0.000000 0.250000 0.000000
vt 0.000000 -0.150028 0.000000
vt 0.005557 -0.149611 0.000000
vt 0.000000 -0.074286 0.000000
vt 41.302982 17.897703 0.000000
vt 41.374596 17.921949 0.000000
vt 41.372879 17.926165 0.000000
vt 2.000000 -0.250000 0.000000
vt 2.000000 0.250000 0.000000
vt 0.000000 0.250000 0.000000
vt 0.000000 0.000000 0.000000
vt 0.000000 -0.250000 0.000000
vt 2.740651 0.250000 0.000000
vt 0.000000 0.000000 0.000000
vt 90.156807 0.000000 0.000000
vt 90.156807 0.250000 0.000000
vt -41.302982 17.897703 0.000000
vt -41.302982 17.884291 0.000000
vt -40.870285 17.721516 0.000000
vt -40.870285 17.721516 0.000000
vt -40.870285 17.711489 0.000000
vt -39.588829 17.199724 0.000000
vt -39.588829 17.199724 0.000000
vt -39.588829 15.040279 0.000000
vt 41.372879 -17.926165 0.000000
vt 42.127121 -16.073835 0.000000
vt -41.374596 17.921949 0.000000
vt -41.302982 17.897703 0.000000
vt -41.372879 17.926165 0.000000
vt 45.078392 8.197594 0.000000
vt -45.078415 0.000000 0.000000
vt 45.078392 0.000000 0.000000
vt 45.078392 2.732531 0.000000
vt 45.078392 5.465062 0.000000
vt -45.078415 8.197594 0.000000
vt -45.078415 4.098797 0.000000
vt -15.026144 4.098797 0.000000
vt 15.026126 4.098797 0.000000
vt -45.078415 -8.197594 0.000000
vt 45.078392 -8.197594 0.000000
vt 45.078392 -5.465062 0.000000
vt 45.078392 -2.732531 0.000000
vt 45.078392 0.000000 0.000000
vt -45.078415 0.000000 0.000000
vt -45.078415 -4.098797 0.000000
vt 15.026126 -4.098797 0.000000
vt -15.026144 -4.098797 0.000000
vt -45.078415 -16.395187 0.000000
vt 45.078392 -16.395187 0.000000
vt 45.078392 -13.662655 0.000000
vt 45.078392 -10.930124 0.000000
vt 45.078392 -8.197594 0.000000
vt -45.078415 -8.197594 0.000000
vt -45.078415 -12.296390 0.000000
vt 15.026126 -12.296390 0.000000
vt -15.026144 -12.296390 0.000000
vt 45.078392 16.395187 0.000000
vt -45.078415 8.197594 0.000000
vt 45.078392 8.197594 0.000000
vt 45.078392 10.930124 0.000000
vt 45.078392 13.662655 0.000000
vt -45.078415 16.395187 0.000000
vt -45.078415 12.296390 0.000000
vt -15.026144 12.296390 0.000000
vt 15.026126 12.296390 0.000000
vt 45.078392 24.592779 0.000000
vt -45.078415 16.395187 0.000000
vt 45.078392 16.395187 0.000000
vt 45.078392 19.127718 0.000000
vt 45.078392 21.860249 0.000000
vt -45.078415 24.592779 0.000000
vt -45.078415 20.493982 0.000000
vt -15.026144 20.493982 0.000000
vt 15.026126 20.493982 0.000000
vt -45.078415 -24.592779 0.000000
vt 45.078392 -24.592779 0.000000
vt 45.078392 -21.860249 0.000000
vt 45.078392 -19.127718 0.000000
vt 45.078392 -16.395187 0.000000
vt -45.078415 -16.395187 0.000000
vt -45.078415 -20.493982 0.000000
vt 15.026126 -20.493982 0.000000
vt -15.026144 -20.493982 0.000000
vt -45.078415 -32.790375 0.000000
vt 45.078392 -32.790375 0.000000
vt 45.078392 -30.057840 0.000000
vt 45.078392 -27.325310 0.000000
vt 45.078392 -24.592779 0.000000
vt -45.078415 -24.592779 0.000000
vt -45.078415 -28.691576 0.000000
vt 15.026126 -28.691576 0.000000
vt -15.026144 -28.691576 0.000000
vt 45.078392 32.790375 0.000000
vt -45.078415 24.592779 0.000000
vt 45.078392 24.592779 0.000000
vt 45.078392 27.325310 0.000000
vt 45.078392 30.057840 0.000000
vt -45.078415 32.790375 0.000000
vt -45.078415 28.691576 0.000000
vt -15.026144 28.691576 0.000000
vt 15.026126 28.691576 0.000000
vt 45.078392 40.987965 0.000000
vt -45.078415 32.790375 0.000000
vt 45.078392 32.790375 0.000000
vt 45.078392 35.522903 0.000000
vt 45.078392 38.255436 0.000000
vt -45.078415 40.987965 0.000000
vt -45.078415 36.889172 0.000000
vt -15.026144 36.889172 0.000000
vt 15.026126 36.889172 0.000000
vt -45.078415 -40.987965 0.000000
vt 45.078392 -40.987965 0.000000
vt 45.078392 -38.255436 0.000000
vt 45.078392 -35.522903 0.000000
vt 45.078392 -32.790375 0.000000
vt -45.078415 -32.790375 0.000000
vt -45.078415 -36.889172 0.000000
vt 15.026126 -36.889172 0.000000
vt -15.026144 -36.889172 0.000000
vt -45.078415 -49.185558 0.000000
vt 45.078392 -49.185558 0.000000
vt 45.078392 -46.453030 0.000000
vt 45.078392 -43.720497 0.000000
vt 45.078392 -40.987965 0.000000
vt -45.078415 -40.987965 0.000000
vt -45.078415 -45.086761 0.000000
vt 15.026126 -45.086761 0.000000
vt -15.026144 -45.086761 0.000000
vt 45.078392 49.185558 0.000000
vt -45.078415 40.987965 0.000000
vt 45.078392 40.987965 0.000000
vt 45.078392 43.720497 0.000000
vt 45.078392 46.453030 0.000000
vt -45.078415 49.185558 0.000000
vt -45.078415 45.086761 0.000000
vt -15.026144 45.086761 0.000000
vt 15.026126 45.086761 0.000000
vt 45.078392 57.383152 0.000000
vt -45.078415 49.185558 0.000000
vt 45.078392 49.185558 0.000000
vt 45.078392 51.918091 0.000000
vt 45.078392 54.650620 0.000000
vt -45.078415 57.383152 0.000000
vt -45.078415 53.284359 0.000000
vt -15.026144 53.284359 0.000000
vt 15.026126 53.284359 0.000000
vt -45.078415 -57.383152 0.000000
vt 45.078392 -57.383152 0.000000
vt 45.078392 -54.650620 0.000000
vt 45.078392 -51.918091 0.000000
vt 45.078392 -49.185558 0.000000
vt -45.078415 -49.185558 0.000000
vt -45.078415 -53.284359 0.000000
vt 15.026126 -53.284359 0.000000
vt -15.026144 -53.284359 0.000000
vt -45.078415 -65.580750 0.000000
vt 45.078392 -65.580750 0.000000
vt 45.078392 -62.848217 0.000000
vt 45.078392 -60.115681 0.000000
vt 45.078392 -57.383152 0.000000
vt -45.078415 -57.383152 0.000000
vt -45.078415 -61.481949 0.000000
vt 15.026126 -61.481949 0.000000
vt -15.026144 -61.481949 0.000000
vt 45.078392 65.580750 0.000000
vt -45.078415 57.383152 0.000000
vt 45.078392 57.383152 0.000000
vt 45.078392 60.115681 0.000000
vt 45.078392 62.848217 0.000000
vt -45.078415 65.580750 0.000000
vt -45.078415 61.481949 0.000000
vt -15.026144 61.481949 0.000000
vt 15.026126 61.481949 0.000000
vt 45.078392 73.778343 0.000000
vt -45.078415 65.580750 0.000000
vt 45.078392 65.580750 0.000000
vt 45.078392 68.313278 0.000000
vt 45.078392 71.045807 0.000000
vt -45.078415 73.778343 0.000000
vt -45.078415 69.679543 0.000000
vt -15.026144 69.679543 0.000000
vt 15.026126 69.679543 0.000000
vt -45.078415 -73.778343 0.000000
vt 45.078392 -73.778343 0.000000
vt 45.078392 -71.045807 0.000000
vt 45.078392 -68.313278 0.000000
vt 45.078392 -65.580750 0.000000
vt -45.078415 -65.580750 0.000000
vt -45.078415 -69.679543 0.000000
vt 15.026126 -69.679543 0.000000
vt -15.026144 -69.679543 0.000000
vt -45.078415 -81.975929 0.000000
vt 45.078392 -81.975929 0.000000
vt 45.078392 -79.243401 0.000000
vt 45.078392 -76.510872 0.000000
vt 45.078392 -73.778343 0.000000
vt -45.078415 -73.778343 0.000000
vt -45.078415 -77.877136 0.000000
vt 15.026126 -77.877136 0.000000
vt -15.026144 -77.877136 0.000000
vt 45.078392 81.975929 0.000000
vt -45.078415 73.778343 0.000000
vt 45.078392 73.778343 0.000000
vt 45.078392 76.510872 0.000000
vt 45.078392 79.243401 0.000000
vt -45.078415 81.975929 0.000000
vt -45.078415 77.877136 0.000000
vt -15.026144 77.877136 0.000000
vt 15.026126 77.877136 0.000000
vt 45.078392 90.173523 0.000000
vt -45.078415 81.975929 0.000000
vt 45.078392 81.975929 0.000000
vt 45.078392 84.708466 0.000000
vt 45.078392 87.440994 0.000000
vt -45.078415 90.173523 0.000000
vt -45.078415 86.074722 0.000000
vt -15.026144 86.074722 0.000000
vt 15.026126 86.074722 0.000000
vt -45.078415 -90.173523 0.000000
vt 45.078392 -90.173523 0.000000
vt 45.078392 -87.440994 0.000000
vt 45.078392 -84.708466 0.000000
vt 45.078392 -81.975929 0.000000
vt -45.078415 -81.975929 0.000000
vt -45.078415 -86.074722 0.000000
vt 15.026126 -86.074722 0.000000
vt -15.026144 -86.074722 0.000000
vt -45.078415 -98.371117 0.000000
vt 45.078392 -98.371117 0.000000
vt 45.078392 -95.638588 0.000000
vt 45.078392 -92.906059 0.000000
vt 45.078392 -90.173523 0.000000
vt -45.078415 -90.173523 0.000000
vt -45.078415 -94.272324 0.000000
vt 15.026126 -94.272324 0.000000
vt -15.026144 -94.272324 0.000000
vt 45.078392 98.371117 0.000000
vt -45.078415 90.173523 0.000000
vt 45.078392 90.173523 0.000000
vt 45.078392 92.906059 0.000000
vt 45.078392 95.638588 0.000000
vt -45.078415 98.371117 0.000000
vt -45.078415 94.272324 0.000000
vt -15.026144 94.272324 0.000000
vt 15.026126 94.272324 0.000000
vt 45.078392 106.568718 0.000000
vt -45.078415 98.371117 0.000000
vt 45.078392 98.371117 0.000000
vt 45.078392 101.103653 0.000000
vt 45.078392 103.836182 0.000000
vt -45.078415 106.568718 0.000000
vt -45.078415 102.469917 0.000000
vt -15.026144 102.469917 0.000000
vt 15.026126 102.469917 0.000000
vt -45.078415 -106.568718 0.000000
vt 45.078392 -106.568718 0.000000
vt 45.078392 -103.836182 0.000000
vt 45.078392 -101.103653 0.000000
vt 45.078392 -98.371117 0.000000
vt -45.078415 -98.371117 0.000000
vt -45.078415 -102.469917 0.000000
vt 15.026126 -102.469917 0.000000
vt -15.026144 -102.469917 0.000000
vt -45.078415 -114.766304 0.000000
vt 45.078392 -114.766304 0.000000
vt 45.078392 -112.033775 0.000000
vt 45.078392 -109.301239 0.000000
vt 45.078392 -106.568718 0.000000
vt -45.078415 -106.568718 0.000000
vt -45.078415 -110.667503 0.000000
vt 15.026126 -110.667503 0.000000
vt -15.026144 -110.667503 0.000000
vt 45.078392 114.766304 0.000000
vt -45.078415 106.568718 0.000000
vt 45.078392 106.568718 0.000000
vt 45.078392 109.301239 0.000000
vt 45.078392 112.033775 0.000000
vt -45.078415 114.766304 0.000000
vt -45.078415 110.667503 0.000000
vt -15.026144 110.667503 0.000000
vt 15.026126 110.667503 0.000000
vt 45.078392 122.963898 0.000000
vt -45.078415 114.766304 0.000000
vt 45.078392 114.766304 0.000000
vt 45.078392 117.498840 0.000000
vt 45.078392 120.231361 0.000000
vt -45.078415 122.963898 0.000000
vt -45.078415 118.865105 0.000000
vt -15.026144 118.865105 0.000000
vt 15.026126 118.865105 0.000000
vt -45.078415 -122.963898 0.000000
vt 45.078392 -122.963898 0.000000
vt 45.078392 -120.231361 0.000000
vt 45.078392 -117.498840 0.000000
vt 45.078392 -114.766304 0.000000
vt -45.078415 -114.766304 0.000000
vt -45.078415 -118.865105 0.000000
vt 15.026126 -118.865105 0.000000
vt -15.026144 -118.865105 0.000000
vt 45.078392 131.161499 0.000000
vt -45.078415 122.963898 0.000000
vt 45.078392 122.963898 0.000000
vt 45.078392 125.696434 0.000000
vt 45.078392 128.428955 0.000000
vt -45.078415 131.161499 0.000000
vt -45.078415 127.062698 0.000000
vt -15.026144 127.062698 0.000000
vt 15.026126 127.062698 0.000000
vt 0.000000 0.000000 0.000000
vt 2.740651 -0.250000 0.000000
vt 90.156807 -0.250000 0.000000
vt 90.156807 0.000000 0.000000
vt 0.004552 -0.250000 0.000000
vt 0.000000 -0.228797 0.000000
vt 0.000000 -0.250000 0.000000
vt 0.011303 -0.227504 0.000000
vt 0.000000 -0.150028 0.000000
vt 0.000000 -0.228797 0.000000
vt 0.005557 -0.149611 0.000000
vt 0.000000 -0.074286 0.000000
vt 0.000000 -0.150028 0.000000
vt 2.000000 0.000000 0.000000
vt 0.000000 0.074286 0.000000
vt 0.000000 -0.074286 0.000000
vt 0.005557 0.149611 0.000000
vt 0.000000 0.150028 0.000000
vt 0.000000 0.074286 0.000000
vt 0.011303 0.227504 0.000000
vt 0.000000 0.228797 0.000000
vt 0.000000 0.150028 0.000000
vt 90.156807 -0.228797 0.000000
vt 90.081337 -0.250000 0.000000
vt 90.156807 -0.250000 0.000000
vt 90.045776 -0.084415 0.000000
vt 88.230530 -0.250000 0.000000
vt 89.614143 -0.250000 0.000000
vt 89.587563 0.000000 0.000000
vt 88.230530 0.250000 0.000000
vt 0.000000 0.250000 0.000000
vt 0.000000 -0.250000 0.000000
vt 88.230530 -0.250000 0.000000
vt 90.045776 0.084415 0.000000
vt 89.614143 0.250000 0.000000
vt 88.230530 0.250000 0.000000
vt 90.156807 0.150028 0.000000
vt 90.129051 0.076819 0.000000
vt 90.156807 0.074286 0.000000
vt 90.156807 0.074286 0.000000
vt 90.143158 0.000000 0.000000
vt 90.156807 -0.074286 0.000000
vt 90.156807 -0.074286 0.000000
vt 90.129051 -0.076819 0.000000
vt 90.156807 -0.150028 0.000000
vt 90.156807 -0.150028 0.000000
vt 89.614143 -0.250000 0.000000
vt 90.081337 -0.250000 0.000000
vt 90.145630 -0.210213 0.000000
vt 90.156807 -0.228797 0.000000
vt 90.081337 0.250000 0.000000
vt 90.156807 0.228797 0.000000
vt 90.156807 0.250000 0.000000
vt 90.156807 0.228797 0.000000
vt 90.145630 0.210213 0.000000
vt 90.081337 0.250000 0.000000
vt 89.614143 0.250000 0.000000
vt 90.156807 0.150028 0.000000
vt 39.588829 17.199724 0.000000
vt 40.870285 17.711489 0.000000
vt 40.870285 17.721516 0.000000
vt 40.870285 17.721516 0.000000
vt 41.302982 17.884291 0.000000
vt 41.302982 17.897703 0.000000
vt 41.302982 17.897703 0.000000
vt 41.374596 17.921949 0.000000
vt 41.372879 17.926165 0.000000
vt 39.588829 15.040279 0.000000
vt 39.588829 17.199724 0.000000
vt -42.127121 -16.073835 0.000000
vt -41.372879 -17.926165 0.000000
vt 2.000000 -0.250000 0.000000
vt 2.000000 0.250000 0.000000
vt 0.000000 0.250000 0.000000
vt 0.000000 0.000000 0.000000
vt 0.000000 -0.250000 0.000000
vt 0.000000 0.228797 0.000000
vt 0.004552 0.250000 0.000000
vt 0.000000 0.250000 0.000000
vt -0.000000 0.000000 0.000000
vt -0.000000 1.047198 0.000000
vt -0.000000 2.094395 0.000000
vt -0.000000 3.141593 0.000000
vt -0.000000 -5.235988 0.000000
vt -0.000000 -4.188790 0.000000
vt -0.000000 -3.141593 0.000000
vt -0.000000 -2.094395 0.000000
vt -0.000000 -1.047198 0.000000
vt -211.856293 0.000000 0.000000
vt -211.856277 -0.589049 0.000000
vt -211.856277 -1.178097 0.000000
vt -211.856277 -1.767146 0.000000
vt -211.856277 -2.356194 0.000000
vt -211.856277 -2.945243 0.000000
vt -211.856277 -3.534292 0.000000
vt -211.856277 -4.123340 0.000000
vt -211.856293 4.712389 0.000000
vt -211.856293 4.123340 0.000000
vt -211.856293 3.534292 0.000000
vt -211.856293 2.945243 0.000000
vt -211.856293 2.356194 0.000000
vt -211.856293 1.767146 0.000000
vt -211.856293 1.178097 0.000000
vt -211.856293 0.589049 0.000000
vt -0.000000 4.188790 0.000000
vt -0.000000 4.188790 0.000000
vt -0.000000 4.188790 0.000000
vt -211.856293 -4.712389 0.000000
vt -211.856293 -4.712389 0.000000
vt 13.458176 0.000000 0.000000
vt 13.458176 10.576694 0.000000
vt 13.458176 21.153389 0.000000
vt 13.458176 31.730085 0.000000
vt 13.458176 -52.883476 0.000000
vt 13.458176 -42.306778 0.000000
vt 13.458176 -31.730085 0.000000
vt 13.458176 -21.153389 0.000000
vt 13.458176 -10.576694 0.000000
vt -13.458176 0.000000 0.000000
vt -13.458176 -3.282423 0.000000
vt -13.458176 -6.564845 0.000000
vt -13.458176 -9.847267 0.000000
vt -13.458176 -13.129690 0.000000
vt -13.458176 -16.412113 0.000000
vt -13.458176 -19.694534 0.000000
vt -13.458176 -22.976957 0.000000
vt -13.458176 -26.259380 0.000000
vt -13.458176 -29.541803 0.000000
vt -13.458176 -32.824226 0.000000
vt -13.458176 -36.106647 0.000000
vt -13.458176 -39.389069 0.000000
vt -13.458176 -42.671494 0.000000
vt -13.458176 49.236340 0.000000
vt -13.458176 45.953915 0.000000
vt -13.458176 42.671494 0.000000
vt -13.458176 39.389069 0.000000
vt -13.458176 36.106647 0.000000
vt -13.458176 32.824226 0.000000
vt -13.458176 29.541803 0.000000
vt -13.458176 26.259380 0.000000
vt -13.458176 22.976957 0.000000
vt -13.458176 19.694534 0.000000
vt -13.458176 16.412113 0.000000
vt -13.458176 13.129690 0.000000
vt -13.458176 9.847267 0.000000
vt -13.458176 6.564845 0.000000
vt -13.458176 3.282423 0.000000
vt -0.000000 -47.595127 0.000000
vt -0.000000 -37.747860 0.000000
vt -0.000000 -24.618170 0.000000
vt -0.000000 -14.770902 0.000000
vt -0.000000 -4.923634 0.000000
vt -0.000000 4.923634 0.000000
vt -0.000000 14.770902 0.000000
vt -0.000000 27.900593 0.000000
vt -0.000000 37.747860 0.000000
vt -0.000000 1.641211 0.000000
vt -0.000000 -1.641211 0.000000
vt -0.000000 11.488479 0.000000
vt -0.000000 8.206057 0.000000
vt -0.000000 21.335747 0.000000
vt -0.000000 18.053324 0.000000
vt -0.000000 34.465439 0.000000
vt -0.000000 31.183014 0.000000
vt -0.000000 44.312706 0.000000
vt -0.000000 41.030285 0.000000
vt -0.000000 -41.030285 0.000000
vt -0.000000 -44.312706 0.000000
vt -0.000000 -31.183014 0.000000
vt -0.000000 -34.465439 0.000000
vt -0.000000 -18.053324 0.000000
vt -0.000000 -21.335747 0.000000
vt -0.000000 -8.206057 0.000000
vt -0.000000 -11.488479 0.000000
vt -0.000000 -27.900593 0.000000
vt -0.000000 24.618170 0.000000
vt 13.458176 42.306782 0.000000
vt -0.000000 -50.877552 0.000000
vt 13.458176 42.306782 0.000000
vt -13.458176 -45.953918 0.000000
vt -13.458176 -45.953918 0.000000
vt -0.000000 47.595127 0.000000
vt -0.000000 47.595127 0.000000
vt 13.458176 42.306782 0.000000
vt 40.434319 66.758369 0.000000
vt 40.434322 83.448120 0.000000
vt 40.434330 100.137924 0.000000
vt 40.434334 116.827782 0.000000
vt 40.434334 -133.517670 0.000000
vt 40.434334 -116.827782 0.000000
vt 40.434330 -100.137924 0.000000
vt 40.434322 -83.448120 0.000000
vt 40.434319 -66.758369 0.000000
vt 40.434311 -50.068703 0.000000
vt 40.434307 -33.379093 0.000000
vt 40.434303 -16.689533 0.000000
vt 40.434299 0.000000 0.000000
vt 40.434303 16.689533 0.000000
vt 40.434307 33.379093 0.000000
vt 40.434311 50.068703 0.000000
vt -41.941170 8.344854 0.000000
vt -41.941170 5.563236 0.000000
vt -41.941170 2.781618 0.000000
vt -41.941170 0.000000 0.000000
vt -41.941170 -2.781618 0.000000
vt -41.941170 -5.563236 0.000000
vt -41.941170 -8.344854 0.000000
vt -41.941170 -11.126472 0.000000
vt -41.941170 -13.908090 0.000000
vt -41.941170 -16.689709 0.000000
vt -41.941170 -19.471327 0.000000
vt -41.941170 -22.252945 0.000000
vt -41.941170 -25.034561 0.000000
vt -41.941170 -27.816179 0.000000
vt -41.941170 -30.597797 0.000000
vt -41.941170 -33.379417 0.000000
vt -41.941170 -36.161034 0.000000
vt -41.941170 -38.942654 0.000000
vt -41.941170 -41.724270 0.000000
vt -41.941170 -44.505890 0.000000
vt -41.941170 -47.287506 0.000000
vt -41.941170 -50.069122 0.000000
vt -41.941170 -52.850742 0.000000
vt -41.941170 -55.632359 0.000000
vt -41.941170 -58.413975 0.000000
vt -41.941170 -61.195595 0.000000
vt -41.941170 -63.977215 0.000000
vt -41.941170 -66.758835 0.000000
vt -41.941170 -69.540451 0.000000
vt -41.941170 -72.322067 0.000000
vt -41.941170 -75.103683 0.000000
vt -41.941170 -77.885307 0.000000
vt -41.941170 -80.666924 0.000000
vt -41.941170 -83.448540 0.000000
vt -41.941170 -86.230156 0.000000
vt -41.941170 -89.011780 0.000000
vt -41.941170 -91.793388 0.000000
vt -41.941170 -94.575012 0.000000
vt -41.941170 -97.356628 0.000000
vt -41.941170 -100.138245 0.000000
vt -41.941170 -102.919868 0.000000
vt -41.941170 -105.701485 0.000000
vt -41.941170 -108.483109 0.000000
vt -41.941170 -111.264717 0.000000
vt -41.941170 -114.046341 0.000000
vt -41.941170 -116.827950 0.000000
vt -41.941170 -119.609573 0.000000
vt -41.941170 -122.391190 0.000000
vt -41.941170 -125.172813 0.000000
vt -41.941170 -127.954430 0.000000
vt -41.941170 -130.736038 0.000000
vt -41.941170 133.517670 0.000000
vt -41.941170 130.736038 0.000000
vt -41.941170 127.954430 0.000000
vt -41.941170 125.172813 0.000000
vt -41.941170 122.391190 0.000000
vt -41.941170 119.609573 0.000000
vt -41.941170 116.827950 0.000000
vt -41.941170 114.046341 0.000000
vt -41.941170 111.264717 0.000000
vt -41.941170 108.483109 0.000000
vt -41.941170 105.701485 0.000000
vt -41.941170 102.919868 0.000000
vt -41.941170 100.138245 0.000000
vt -41.941170 97.356628 0.000000
vt -41.941170 94.575012 0.000000
vt -41.941170 91.793388 0.000000
vt -41.941170 89.011780 0.000000
vt -41.941170 86.230156 0.000000
vt -41.941170 83.448540 0.000000
vt -41.941170 80.666924 0.000000
vt -41.941170 77.885307 0.000000
vt -41.941170 75.103683 0.000000
vt -41.941170 72.322067 0.000000
vt -41.941170 69.540451 0.000000
vt -41.941170 66.758835 0.000000
vt -41.941170 63.977215 0.000000
vt -41.941170 61.195595 0.000000
vt -41.941170 58.413975 0.000000
vt -41.941170 55.632359 0.000000
vt -41.941170 52.850742 0.000000
vt -41.941170 50.069122 0.000000
vt -41.941170 47.287506 0.000000
vt -41.941170 44.505890 0.000000
vt -41.941170 41.724270 0.000000
vt -41.941170 38.942654 0.000000
vt -41.941170 36.161034 0.000000
vt -41.941170 33.379417 0.000000
vt -41.941170 30.597797 0.000000
vt -41.941170 27.816179 0.000000
vt -41.941170 25.034561 0.000000
vt -41.941170 22.252945 0.000000
vt -41.941170 19.471327 0.000000
vt -41.941170 16.689709 0.000000
vt -41.941170 13.908090 0.000000
vt -41.941170 11.126472 0.000000
vt -0.753418 133.517670 0.000000
vt -0.753418 -122.836250 0.000000
vt -0.753418 -106.814133 0.000000
vt -0.753418 -90.792007 0.000000
vt -0.753418 -74.769890 0.000000
vt -0.753418 -58.747772 0.000000
vt -0.753418 -42.725655 0.000000
vt -0.753418 -26.703533 0.000000
vt -0.753418 -10.681414 0.000000
vt -0.753418 10.681414 0.000000
vt -0.753418 26.703533 0.000000
vt -0.753418 42.725655 0.000000
vt -0.753418 58.747772 0.000000
vt -0.753418 74.769890 0.000000
vt -0.753418 90.792007 0.000000
vt -0.753418 106.814133 0.000000
vt -0.753418 122.836250 0.000000
vt -0.753418 69.429184 0.000000
vt -0.753418 64.088478 0.000000
vt -0.753418 85.451309 0.000000
vt -0.753418 80.110603 0.000000
vt -0.753418 101.473427 0.000000
vt -0.753418 96.132713 0.000000
vt -0.753418 117.495544 0.000000
vt -0.753418 112.154831 0.000000
vt -0.753418 -128.176956 0.000000
vt -0.753418 -112.154831 0.000000
vt -0.753418 -117.495544 0.000000
vt -0.753418 -96.132713 0.000000
vt -0.753418 -101.473427 0.000000
vt -0.753418 -80.110603 0.000000
vt -0.753418 -85.451309 0.000000
vt -0.753418 -64.088478 0.000000
vt -0.753418 -69.429184 0.000000
vt -0.753418 -48.066357 0.000000
vt -0.753418 -53.407066 0.000000
vt -0.753418 -32.044239 0.000000
vt -0.753418 -37.384945 0.000000
vt -0.753418 -16.022120 0.000000
vt -0.753418 -21.362827 0.000000
vt -0.753418 0.000000 0.000000
vt -0.753418 5.340707 0.000000
vt -0.753418 21.362827 0.000000
vt -0.753418 16.022120 0.000000
vt -0.753418 37.384945 0.000000
vt -0.753418 32.044239 0.000000
vt -0.753418 53.407066 0.000000
vt -0.753418 48.066357 0.000000
vt -0.753418 -5.340707 0.000000
vt -0.753418 128.176956 0.000000
vt 40.434334 133.517670 0.000000
vt -0.753418 -133.517670 0.000000
vt -0.753418 -133.517670 0.000000
vt -41.941170 136.299286 0.000000
vt 40.434334 133.517670 0.000000
vt 40.434334 133.517670 0.000000
vt -45.078415 -131.161499 0.000000
vt 45.078392 -131.161499 0.000000
vt 45.078392 -128.428955 0.000000
vt 45.078392 -125.696434 0.000000
vt 45.078392 -122.963898 0.000000
vt -45.078415 -122.963898 0.000000
vt -45.078415 -127.062698 0.000000
vt 15.026126 -127.062698 0.000000
vt -15.026144 -127.062698 0.000000
vt 0.000000 28.000000 0.000000
vt -6.019172 27.345375 0.000000
vt -11.756895 25.412111 0.000000
vt -16.944878 22.290606 0.000000
vt -21.340538 18.126816 0.000000
vt -24.738337 13.115437 0.000000
vt -26.979401 7.490794 0.000000
vt -27.958935 1.515889 0.000000
vt -27.631144 -4.529896 0.000000
vt -26.011349 -10.363869 0.000000
vt -23.175291 -15.713238 0.000000
vt -19.255585 -20.327873 0.000000
vt -14.435508 -23.992001 0.000000
vt -8.940443 -26.534288 0.000000
vt -3.027333 -27.835863 0.000000
vt 3.027333 -27.835863 0.000000
vt 8.940443 -26.534288 0.000000
vt 14.435508 -23.992001 0.000000
vt 19.255585 -20.327873 0.000000
vt 23.175291 -15.713238 0.000000
vt 26.011349 -10.363869 0.000000
vt 27.631144 -4.529896 0.000000
vt 27.958935 1.515889 0.000000
vt 26.979401 7.490794 0.000000
vt 24.738337 13.115437 0.000000
vt 21.340538 18.126816 0.000000
vt 16.944878 22.290606 0.000000
vt 11.756895 25.412111 0.000000
vt 6.019172 27.345375 0.000000
vt 0.000000 0.000000 0.000000
vt -1.478412 -0.538098 0.000000
vt -2.265058 -1.900609 0.000000
vt -1.991858 -3.450000 0.000000
vt -0.786646 -4.461293 0.000000
vt 0.786646 -4.461293 0.000000
vt 1.991858 -3.450000 0.000000
vt 2.265058 -1.900609 0.000000
vt 1.478412 -0.538098 0.000000
vt 0.000000 -3.800000 0.000000
vt -0.964181 -3.449067 0.000000
vt -1.477212 -2.560472 0.000000
vt -1.299038 -1.550000 0.000000
vt -0.513030 -0.890461 0.000000
vt 0.513030 -0.890461 0.000000
vt 1.299038 -1.550000 0.000000
vt 1.477212 -2.560472 0.000000
vt 0.964181 -3.449067 0.000000
vn 0.000000 -0.092616 -0.037712
vn 0.000000 -0.092616 -0.037712
vn 0.000000 -0.092616 -0.037712
vn 0.000000 -0.092616 -0.037712
vn 0.007357 -0.092616 -0.036987
vn 0.007357 -0.092616 -0.036987
vn 0.007357 -0.092616 -0.036987
vn 0.007357 -0.092616 -0.036987
vn -0.007357 -0.092616 -0.036987
vn -0.007357 -0.092616 -0.036987
vn -0.007357 -0.092616 -0.036987
vn -0.007357 -0.092616 -0.036987
vn 0.014432 -0.092616 -0.034841
vn 0.014432 -0.092616 -0.034841
vn 0.014432 -0.092616 -0.034841
vn 0.014432 -0.092616 -0.034841
vn -0.014432 -0.092616 -0.034841
vn -0.014432 -0.092616 -0.034841
vn -0.014432 -0.092616 -0.034841
vn -0.014432 -0.092616 -0.034841
vn 0.020952 -0.092616 -0.031356
vn 0.020952 -0.092616 -0.031356
vn 0.020952 -0.092616 -0.031356
vn 0.020952 -0.092616 -0.031356
vn -0.020952 -0.092616 -0.031356
vn -0.020952 -0.092616 -0.031356
vn -0.020952 -0.092616 -0.031356
vn -0.020952 -0.092616 -0.031356
vn 0.026666 -0.092616 -0.026666
vn 0.026666 -0.092616 -0.026666
vn 0.026666 -0.092616 -0.026666
vn 0.026666 -0.092616 -0.026666
vn -0.026666 -0.092616 -0.026666
vn -0.026666 -0.092616 -0.026666
vn -0.026666 -0.092616 -0.026666
vn -0.026666 -0.092616 -0.026666
vn 0.031356 -0.092616 -0.020952
vn 0.031356 -0.092616 -0.020952
vn 0.031356 -0.092616 -0.020952
vn 0.031356 -0.092616 -0.020952
vn -0.031356 -0.092616 -0.020952
vn -0.031356 -0.092616 -0.020952
vn -0.031356 -0.092616 -0.020952
vn -0.031356 -0.092616 -0.020952
vn 0.034841 -0.092616 -0.014432
vn 0.034841 -0.092616 -0.014432
vn 0.034841 -0.092616 -0.014432
vn 0.034841 -0.092616 -0.014432
vn -0.034841 -0.092616 -0.014432
vn -0.034841 -0.092616 -0.014432
vn -0.034841 -0.092616 -0.014432
vn -0.034841 -0.092616 -0.014432
vn 0.036987 -0.092616 -0.007357
vn 0.036987 -0.092616 -0.007357
vn 0.036987 -0.092616 -0.007357
vn 0.036987 -0.092616 -0.007357
vn -0.036987 -0.092616 -0.007357
vn -0.036987 -0.092616 -0.007357
vn -0.036987 -0.092616 -0.007357
vn -0.036987 -0.092616 -0.007357
vn 0.037712 -0.092616 0.000000
vn 0.037712 -0.092616 0.000000
vn 0.037712 -0.092616 0.000000
vn 0.037712 -0.092616 0.000000
vn -0.037712 -0.092616 0.000000
vn -0.037712 -0.092616 0.000000
vn -0.037712 -0.092616 0.000000
vn -0.037712 -0.092616 0.000000
vn 0.036987 -0.092616 0.007357
vn 0.036987 -0.092616 0.007357
vn 0.036987 -0.092616 0.007357
vn 0.036987 -0.092616 0.007357
vn -0.036987 -0.092616 0.007357
vn -0.036987 -0.092616 0.007357
vn -0.036987 -0.092616 0.007357
vn -0.036987 -0.092616 0.007357
vn 0.034841 -0.092616 0.014432
vn 0.034841 -0.092616 0.014432
vn 0.034841 -0.092616 0.014432
vn 0.034841 -0.092616 0.014432
vn -0.034841 -0.092616 0.014432
vn -0.034841 -0.092616 0.014432
vn -0.034841 -0.092616 0.014432
vn -0.034841 -0.092616 0.014432
vn 0.031356 -0.092616 0.020952
vn 0.031356 -0.092616 0.020952
vn 0.031356 -0.092616 0.020952
vn 0.031356 -0.092616 0.020952
vn 0.020952 0.092616 -0.031356
vn 0.020952 0.092616 -0.031356
vn 0.020952 0.092616 -0.031356
vn 0.020952 0.092616 -0.031356
vn 0.020952 0.092616 -0.031356
vn 0.020952 0.092616 -0.031356
vn 0.020952 0.092616 -0.031356
vn 0.020952 0.092616 -0.031356
vn -0.051455 0.037712 0.077008
vn -0.051455 0.037712 0.077008
vn -0.051455 0.037712 0.077008
vn -0.051455 0.037712 0.077008
vn -0.051455 0.037712 0.077008
vn -0.051455 0.037712 0.077008
vn -0.083147 0.000000 -0.055557
vn -0.083147 0.000000 -0.055557
vn -0.083147 0.000000 -0.055557
vn -0.031356 -0.092616 0.020952
vn -0.031356 -0.092616 0.020952
vn -0.031356 -0.092616 0.020952
vn -0.031356 -0.092616 0.020952
vn 0.026666 -0.092616 0.026666
vn 0.026666 -0.092616 0.026666
vn 0.026666 -0.092616 0.026666
vn 0.026666 -0.092616 0.026666
vn -0.026666 -0.092616 0.026666
vn -0.026666 -0.092616 0.026666
vn -0.026666 -0.092616 0.026666
vn -0.026666 -0.092616 0.026666
vn 0.020952 -0.092616 0.031356
vn 0.020952 -0.092616 0.031356
vn 0.020952 -0.092616 0.031356
vn 0.020952 -0.092616 0.031356
vn -0.020952 -0.092616 0.031356
vn -0.020952 -0.092616 0.031356
vn -0.020952 -0.092616 0.031356
vn -0.020952 -0.092616 0.031356
vn 0.014432 0.092616 -0.034841
vn 0.014432 0.092616 -0.034841
vn 0.014432 0.092616 -0.034841
vn 0.014432 0.092616 -0.034841
vn 0.014432 0.092616 -0.034841
vn 0.014432 0.092616 -0.034841
vn 0.014432 0.092616 -0.034841
vn 0.014432 0.092616 -0.034841
vn 0.014432 0.092616 -0.034841
vn 0.014432 0.092616 -0.034841
vn 0.014432 0.092616 -0.034841
vn 0.014432 -0.092616 0.034841
vn 0.014432 -0.092616 0.034841
vn 0.014432 -0.092616 0.034841
vn 0.014432 -0.092616 0.034841
vn -0.035443 0.037712 0.085566
vn -0.035443 0.037712 0.085566
vn -0.035443 0.037712 0.085566
vn -0.092388 0.000000 -0.038268
vn -0.092388 0.000000 -0.038268
vn -0.092388 0.000000 -0.038268
vn -0.014432 -0.092616 0.034841
vn -0.014432 -0.092616 0.034841
vn -0.014432 -0.092616 0.034841
vn -0.014432 -0.092616 0.034841
vn 0.007357 0.092616 -0.036987
vn 0.007357 0.092616 -0.036987
vn 0.007357 0.092616 -0.036987
vn 0.007357 0.092616 -0.036987
vn 0.007357 0.092616 -0.036987
vn 0.007357 0.092616 -0.036987
vn 0.007357 0.092616 -0.036987
vn 0.007357 0.092616 -0.036987
vn 0.007357 0.092616 -0.036987
vn 0.007357 0.092616 -0.036987
vn 0.007357 0.092616 -0.036987
vn -0.098079 0.000000 -0.019509
vn -0.098079 0.000000 -0.019509
vn -0.098079 0.000000 -0.019509
vn -0.098079 0.000000 -0.019509
vn -0.098079 0.000000 -0.019509
vn -0.098079 0.000000 -0.019509
vn -0.098079 0.000000 -0.019509
vn -0.007357 -0.092616 0.036987
vn -0.007357 -0.092616 0.036987
vn -0.007357 -0.092616 0.036987
vn -0.007357 -0.092616 0.036987
vn -0.018069 0.037712 0.090837
vn -0.018069 0.037712 0.090837
vn -0.018069 0.037712 0.090837
vn 0.007357 -0.092616 0.036987
vn 0.007357 -0.092616 0.036987
vn 0.007357 -0.092616 0.036987
vn 0.007357 -0.092616 0.036987
vn 0.018069 0.037712 0.090837
vn 0.018069 0.037712 0.090837
vn 0.018069 0.037712 0.090837
vn 0.098079 0.000000 -0.019509
vn 0.098079 0.000000 -0.019509
vn 0.098079 0.000000 -0.019509
vn 0.098079 0.000000 -0.019509
vn 0.098079 0.000000 -0.019509
vn 0.098079 0.000000 -0.019509
vn 0.098079 0.000000 -0.019509
vn -0.007357 0.092616 -0.036987
vn -0.007357 0.092616 -0.036987
vn -0.007357 0.092616 -0.036987
vn -0.007357 0.092616 -0.036987
vn -0.007357 0.092616 -0.036987
vn -0.007357 0.092616 -0.036987
vn 0.035443 0.037712 0.085566
vn 0.035443 0.037712 0.085566
vn 0.035443 0.037712 0.085566
vn 0.035443 0.037712 0.085566
vn 0.035443 0.037712 0.085566
vn 0.035443 0.037712 0.085566
vn 0.092388 0.000000 -0.038268
vn 0.092388 0.000000 -0.038268
vn 0.092388 0.000000 -0.038268
vn -0.014432 0.092616 -0.034841
vn -0.014432 0.092616 -0.034841
vn -0.014432 0.092616 -0.034841
vn -0.014432 0.092616 -0.034841
vn -0.014432 0.092616 -0.034841
vn -0.014432 0.092616 -0.034841
vn 0.051455 0.037712 0.077008
vn 0.051455 0.037712 0.077008
vn 0.051455 0.037712 0.077008
vn 0.051455 0.037712 0.077008
vn 0.051455 0.037712 0.077008
vn 0.051455 0.037712 0.077008
vn 0.083147 0.000000 -0.055557
vn 0.083147 0.000000 -0.055557
vn 0.083147 0.000000 -0.055557
vn -0.020952 0.092616 -0.031356
vn -0.020952 0.092616 -0.031356
vn -0.020952 0.092616 -0.031356
vn -0.020952 0.092616 -0.031356
vn -0.020952 0.092616 -0.031356
vn -0.020952 0.092616 -0.031356
vn -0.020952 0.092616 -0.031356
vn -0.020952 0.092616 -0.031356
vn -0.018069 0.037712 0.090837
vn -0.018069 0.037712 0.090837
vn -0.018069 0.037712 0.090837
vn -0.018069 0.037712 0.090837
vn -0.018069 0.037712 0.090837
vn -0.018069 0.037712 0.090837
vn -0.018069 0.037712 0.090837
vn -0.018069 0.037712 0.090837
vn -0.018069 0.037712 0.090837
vn -0.018069 0.037712 0.090837
vn -0.018069 0.037712 0.090837
vn -0.018069 0.037712 0.090837
vn -0.018069 0.037712 0.090837
vn -0.018069 0.037712 0.090837
vn -0.018069 0.037712 0.090837
vn 0.007357 0.092616 -0.036987
vn 0.007357 0.092616 -0.036987
vn 0.007357 0.092616 -0.036987
vn 0.007357 0.092616 -0.036987
vn 0.007357 0.092616 -0.036987
vn 0.007357 0.092616 -0.036987
vn 0.007357 0.092616 -0.036987
vn 0.007357 0.092616 -0.036987
vn 0.007357 0.092616 -0.036987
vn 0.007357 0.092616 -0.036987
vn 0.007357 0.092616 -0.036987
vn 0.007357 0.092616 -0.036987
vn 0.007357 0.092616 -0.036987
vn 0.007357 0.092616 -0.036987
vn 0.007357 0.092616 -0.036987
vn 0.007357 0.092616 -0.036987
vn 0.007357 0.092616 -0.036987
vn 0.007357 0.092616 -0.036987
vn 0.007357 0.092616 -0.036987
vn 0.007357 0.092616 -0.036987
vn 0.007357 0.092616 -0.036987
vn 0.007357 0.092616 -0.036987
vn 0.007357 0.092616 -0.036987
vn 0.007357 0.092616 -0.036987
vn 0.007357 0.092616 -0.036987
vn -0.098079 0.000000 -0.019509
vn -0.098079 0.000000 -0.019509
vn -0.098079 0.000000 -0.019509
vn 0.098079 0.000000 0.019509
vn 0.098079 0.000000 0.019509
vn 0.098079 0.000000 0.019509
vn 0.098079 0.000000 0.019509
vn 0.098079 0.000000 0.019509
vn 0.098079 0.000000 0.019509
vn 0.098079 0.000000 0.019509
vn 0.098079 0.000000 0.019509
vn 0.098079 0.000000 0.019509
vn 0.098079 0.000000 0.019509
vn 0.098079 0.000000 0.019509
vn 0.098079 0.000000 0.019509
vn 0.098079 0.000000 0.019509
vn -0.098079 0.000000 -0.019509
vn -0.098079 0.000000 -0.019509
vn -0.098079 0.000000 -0.019509
vn 0.018069 -0.037712 -0.090837
vn 0.018069 -0.037712 -0.090837
vn 0.018069 -0.037712 -0.090837
vn 0.018069 -0.037712 -0.090837
vn 0.018069 -0.037712 -0.090837
vn -0.007357 -0.092616 0.036987
vn -0.007357 -0.092616 0.036987
vn -0.007357 -0.092616 0.036987
vn -0.007357 -0.092616 0.036987
vn -0.018069 0.037712 0.090837
vn -0.018069 0.037712 0.090837
vn -0.018069 0.037712 0.090837
vn -0.065490 0.037712 0.065490
vn -0.065490 0.037712 0.065490
vn -0.065490 0.037712 0.065490
vn -0.065490 0.037712 0.065490
vn -0.065490 0.037712 0.065490
vn -0.065490 0.037712 0.065490
vn 0.026666 0.092616 -0.026666
vn 0.026666 0.092616 -0.026666
vn 0.026666 0.092616 -0.026666
vn 0.026666 0.092616 -0.026666
vn 0.026666 0.092616 -0.026666
vn 0.026666 0.092616 -0.026666
vn 0.026666 0.092616 -0.026666
vn 0.026666 0.092616 -0.026666
vn -0.070711 0.000000 -0.070711
vn -0.070711 0.000000 -0.070711
vn -0.070711 0.000000 -0.070711
vn 0.020952 0.092616 -0.031356
vn 0.020952 0.092616 -0.031356
vn 0.020952 0.092616 -0.031356
vn 0.020952 0.092616 -0.031356
vn 0.020952 0.092616 -0.031356
vn 0.020952 0.092616 -0.031356
vn 0.092388 0.000000 -0.038268
vn 0.092388 0.000000 -0.038268
vn 0.092388 0.000000 -0.038268
vn 0.092388 0.000000 -0.038268
vn 0.092388 0.000000 -0.038268
vn 0.092388 0.000000 -0.038268
vn -0.014432 0.092616 -0.034841
vn -0.014432 0.092616 -0.034841
vn -0.014432 0.092616 -0.034841
vn -0.014432 0.092616 -0.034841
vn -0.014432 0.092616 -0.034841
vn -0.014432 0.092616 -0.034841
vn -0.014432 0.092616 -0.034841
vn -0.014432 0.092616 -0.034841
vn -0.051455 0.037712 0.077008
vn -0.051455 0.037712 0.077008
vn -0.051455 0.037712 0.077008
vn -0.083147 0.000000 -0.055557
vn -0.083147 0.000000 -0.055557
vn -0.083147 0.000000 -0.055557
vn 0.014432 0.092616 -0.034841
vn 0.014432 0.092616 -0.034841
vn 0.014432 0.092616 -0.034841
vn 0.014432 0.092616 -0.034841
vn 0.014432 0.092616 -0.034841
vn 0.014432 0.092616 -0.034841
vn 0.014432 0.092616 -0.034841
vn 0.014432 0.092616 -0.034841
vn -0.035443 0.037712 0.085566
vn -0.035443 0.037712 0.085566
vn -0.035443 0.037712 0.085566
vn -0.035443 0.037712 0.085566
vn -0.035443 0.037712 0.085566
vn -0.035443 0.037712 0.085566
vn 0.098079 0.000000 -0.019509
vn 0.098079 0.000000 -0.019509
vn 0.098079 0.000000 -0.019509
vn -0.007357 0.092616 -0.036987
vn -0.007357 0.092616 -0.036987
vn -0.007357 0.092616 -0.036987
vn -0.007357 0.092616 -0.036987
vn -0.007357 0.092616 -0.036987
vn -0.007357 0.092616 -0.036987
vn -0.007357 0.092616 -0.036987
vn -0.007357 0.092616 -0.036987
vn -0.007357 0.092616 -0.036987
vn -0.007357 0.092616 -0.036987
vn -0.007357 0.092616 -0.036987
vn -0.007357 0.092616 -0.036987
vn -0.007357 0.092616 -0.036987
vn 0.018069 0.037712 0.090837
vn 0.018069 0.037712 0.090837
vn 0.018069 0.037712 0.090837
vn -0.092388 0.000000 -0.038268
vn -0.092388 0.000000 -0.038268
vn -0.092388 0.000000 -0.038268
vn -0.092388 0.000000 -0.038268
vn 0.007357 -0.092616 0.036987
vn 0.007357 -0.092616 0.036987
vn 0.007357 -0.092616 0.036987
vn 0.007357 -0.092616 0.036987
vn -0.035443 0.037712 0.085566
vn -0.035443 0.037712 0.085566
vn -0.035443 0.037712 0.085566
vn -0.035443 0.037712 0.085566
vn -0.035443 0.037712 0.085566
vn -0.035443 0.037712 0.085566
vn -0.035443 0.037712 0.085566
vn -0.035443 0.037712 0.085566
vn -0.035443 0.037712 0.085566
vn 0.014432 0.092616 -0.034841
vn 0.014432 0.092616 -0.034841
vn 0.014432 0.092616 -0.034841
vn 0.014432 0.092616 -0.034841
vn 0.014432 0.092616 -0.034841
vn 0.014432 0.092616 -0.034841
vn 0.014432 0.092616 -0.034841
vn 0.014432 0.092616 -0.034841
vn 0.014432 0.092616 -0.034841
vn 0.014432 0.092616 -0.034841
vn 0.014432 0.092616 -0.034841
vn 0.014432 0.092616 -0.034841
vn 0.014432 0.092616 -0.034841
vn 0.014432 0.092616 -0.034841
vn 0.014432 0.092616 -0.034841
vn 0.014432 0.092616 -0.034841
vn 0.014432 0.092616 -0.034841
vn -0.092388 0.000000 -0.038268
vn -0.092388 0.000000 -0.038268
vn -0.092388 0.000000 -0.038268
vn 0.092388 0.000000 0.038268
vn 0.092388 0.000000 0.038268
vn 0.092388 0.000000 0.038268
vn 0.092388 0.000000 0.038268
vn 0.092388 0.000000 0.038268
vn 0.092388 0.000000 0.038268
vn 0.092388 0.000000 0.038268
vn 0.092388 0.000000 0.038268
vn 0.092388 0.000000 0.038268
vn 0.092388 0.000000 0.038268
vn 0.092388 0.000000 0.038268
vn 0.092388 0.000000 0.038268
vn 0.092388 0.000000 0.038268
vn -0.092388 0.000000 -0.038268
vn -0.092388 0.000000 -0.038268
vn -0.092388 0.000000 -0.038268
vn 0.035443 -0.037712 -0.085566
vn 0.035443 -0.037712 -0.085566
vn 0.035443 -0.037712 -0.085566
vn 0.035443 -0.037712 -0.085566
vn 0.035443 -0.037712 -0.085566
vn -0.014432 -0.092616 0.034841
vn -0.014432 -0.092616 0.034841
vn -0.014432 -0.092616 0.034841
vn -0.014432 -0.092616 0.034841
vn -0.035443 0.037712 0.085566
vn -0.035443 0.037712 0.085566
vn -0.035443 0.037712 0.085566
vn -0.077008 0.037712 0.051455
vn -0.077008 0.037712 0.051455
vn -0.077008 0.037712 0.051455
vn -0.077008 0.037712 0.051455
vn -0.077008 0.037712 0.051455
vn -0.077008 0.037712 0.051455
vn 0.031356 0.092616 -0.020952
vn 0.031356 0.092616 -0.020952
vn 0.031356 0.092616 -0.020952
vn 0.031356 0.092616 -0.020952
vn 0.031356 0.092616 -0.020952
vn 0.031356 0.092616 -0.020952
vn 0.031356 0.092616 -0.020952
vn 0.031356 0.092616 -0.020952
vn -0.055557 0.000000 -0.083147
vn -0.055557 0.000000 -0.083147
vn -0.055557 0.000000 -0.083147
vn 0.026666 0.092616 -0.026666
vn 0.026666 0.092616 -0.026666
vn 0.026666 0.092616 -0.026666
vn 0.026666 0.092616 -0.026666
vn 0.026666 0.092616 -0.026666
vn 0.026666 0.092616 -0.026666
vn -0.065490 0.037712 0.065490
vn -0.065490 0.037712 0.065490
vn -0.065490 0.037712 0.065490
vn -0.070711 0.000000 -0.070711
vn -0.070711 0.000000 -0.070711
vn -0.070711 0.000000 -0.070711
vn 0.020952 0.092616 -0.031356
vn 0.020952 0.092616 -0.031356
vn 0.020952 0.092616 -0.031356
vn 0.020952 0.092616 -0.031356
vn 0.020952 0.092616 -0.031356
vn 0.020952 0.092616 -0.031356
vn 0.020952 0.092616 -0.031356
vn 0.020952 0.092616 -0.031356
vn -0.051455 0.037712 0.077008
vn -0.051455 0.037712 0.077008
vn -0.051455 0.037712 0.077008
vn -0.007357 0.092616 -0.036987
vn -0.007357 0.092616 -0.036987
vn -0.007357 0.092616 -0.036987
vn 0.098079 0.000000 -0.019509
vn 0.098079 0.000000 -0.019509
vn 0.098079 0.000000 -0.019509
vn 0.018069 0.037712 0.090837
vn 0.018069 0.037712 0.090837
vn 0.018069 0.037712 0.090837
vn -0.083147 0.000000 -0.055557
vn -0.083147 0.000000 -0.055557
vn -0.083147 0.000000 -0.055557
vn -0.083147 0.000000 -0.055557
vn 0.020952 0.092616 -0.031356
vn 0.020952 0.092616 -0.031356
vn 0.020952 0.092616 -0.031356
vn 0.020952 0.092616 -0.031356
vn 0.020952 0.092616 -0.031356
vn 0.020952 0.092616 -0.031356
vn 0.020952 0.092616 -0.031356
vn 0.020952 0.092616 -0.031356
vn 0.020952 0.092616 -0.031356
vn 0.020952 0.092616 -0.031356
vn 0.020952 0.092616 -0.031356
vn 0.020952 0.092616 -0.031356
vn 0.020952 0.092616 -0.031356
vn 0.020952 0.092616 -0.031356
vn -0.051455 0.037712 0.077008
vn -0.051455 0.037712 0.077008
vn -0.051455 0.037712 0.077008
vn -0.051455 0.037712 0.077008
vn -0.051455 0.037712 0.077008
vn -0.051455 0.037712 0.077008
vn 0.083147 0.000000 0.055557
vn 0.083147 0.000000 0.055557
vn 0.083147 0.000000 0.055557
vn 0.083147 0.000000 0.055557
vn 0.083147 0.000000 0.055557
vn 0.083147 0.000000 0.055557
vn 0.083147 0.000000 0.055557
vn 0.083147 0.000000 0.055557
vn 0.083147 0.000000 0.055557
vn 0.083147 0.000000 0.055557
vn 0.083147 0.000000 0.055557
vn 0.083147 0.000000 0.055557
vn 0.083147 0.000000 0.055557
vn -0.083147 0.000000 -0.055557
vn -0.083147 0.000000 -0.055557
vn -0.083147 0.000000 -0.055557
vn 0.051455 -0.037712 -0.077008
vn 0.051455 -0.037712 -0.077008
vn 0.051455 -0.037712 -0.077008
vn 0.051455 -0.037712 -0.077008
vn 0.051455 -0.037712 -0.077008
vn -0.020952 -0.092616 0.031356
vn -0.020952 -0.092616 0.031356
vn -0.020952 -0.092616 0.031356
vn -0.020952 -0.092616 0.031356
vn -0.051455 0.037712 0.077008
vn -0.051455 0.037712 0.077008
vn -0.051455 0.037712 0.077008
vn -0.085566 0.037712 0.035443
vn -0.085566 0.037712 0.035443
vn -0.085566 0.037712 0.035443
vn -0.085566 0.037712 0.035443
vn -0.085566 0.037712 0.035443
vn -0.085566 0.037712 0.035443
vn 0.034841 0.092616 -0.014432
vn 0.034841 0.092616 -0.014432
vn 0.034841 0.092616 -0.014432
vn 0.034841 0.092616 -0.014432
vn 0.034841 0.092616 -0.014432
vn 0.034841 0.092616 -0.014432
vn 0.034841 0.092616 -0.014432
vn 0.034841 0.092616 -0.014432
vn -0.038268 0.000000 -0.092388
vn -0.038268 0.000000 -0.092388
vn -0.038268 0.000000 -0.092388
vn 0.031356 0.092616 -0.020952
vn 0.031356 0.092616 -0.020952
vn 0.031356 0.092616 -0.020952
vn 0.031356 0.092616 -0.020952
vn 0.031356 0.092616 -0.020952
vn 0.031356 0.092616 -0.020952
vn -0.077008 0.037712 0.051455
vn -0.077008 0.037712 0.051455
vn -0.077008 0.037712 0.051455
vn -0.055557 0.000000 -0.083147
vn -0.055557 0.000000 -0.083147
vn -0.055557 0.000000 -0.083147
vn 0.026666 0.092616 -0.026666
vn 0.026666 0.092616 -0.026666
vn 0.026666 0.092616 -0.026666
vn 0.026666 0.092616 -0.026666
vn 0.026666 0.092616 -0.026666
vn 0.026666 0.092616 -0.026666
vn 0.026666 0.092616 -0.026666
vn 0.026666 0.092616 -0.026666
vn -0.065490 0.037712 0.065490
vn -0.065490 0.037712 0.065490
vn -0.065490 0.037712 0.065490
vn -0.070711 0.000000 -0.070711
vn -0.070711 0.000000 -0.070711
vn -0.070711 0.000000 -0.070711
vn -0.070711 0.000000 -0.070711
vn 0.026666 0.092616 -0.026666
vn 0.026666 0.092616 -0.026666
vn 0.026666 0.092616 -0.026666
vn 0.026666 0.092616 -0.026666
vn 0.026666 0.092616 -0.026666
vn 0.026666 0.092616 -0.026666
vn 0.026666 0.092616 -0.026666
vn 0.026666 0.092616 -0.026666
vn 0.026666 0.092616 -0.026666
vn 0.026666 0.092616 -0.026666
vn 0.026666 0.092616 -0.026666
vn 0.026666 0.092616 -0.026666
vn 0.026666 0.092616 -0.026666
vn 0.026666 0.092616 -0.026666
vn -0.065490 0.037712 0.065490
vn -0.065490 0.037712 0.065490
vn -0.065490 0.037712 0.065490
vn -0.065490 0.037712 0.065490
vn -0.065490 0.037712 0.065490
vn -0.065490 0.037712 0.065490
vn 0.070711 0.000000 0.070711
vn 0.070711 0.000000 0.070711
vn 0.070711 0.000000 0.070711
vn 0.070711 0.000000 0.070711
vn 0.070711 0.000000 0.070711
vn 0.070711 0.000000 0.070711
vn 0.070711 0.000000 0.070711
vn 0.070711 0.000000 0.070711
vn 0.070711 0.000000 0.070711
vn 0.070711 0.000000 0.070711
vn 0.070711 0.000000 0.070711
vn 0.070711 0.000000 0.070711
vn 0.070711 0.000000 0.070711
vn -0.070711 0.000000 -0.070711
vn -0.070711 0.000000 -0.070711
vn -0.070711 0.000000 -0.070711
vn 0.065490 -0.037712 -0.065490
vn 0.065490 -0.037712 -0.065490
vn 0.065490 -0.037712 -0.065490
vn 0.065490 -0.037712 -0.065490
vn 0.065490 -0.037712 -0.065490
vn -0.026666 -0.092616 0.026666
vn -0.026666 -0.092616 0.026666
vn -0.026666 -0.092616 0.026666
vn -0.026666 -0.092616 0.026666
vn -0.065490 0.037712 0.065490
vn -0.065490 0.037712 0.065490
vn -0.065490 0.037712 0.065490
vn -0.090837 0.037712 0.018069
vn -0.090837 0.037712 0.018069
vn -0.090837 0.037712 0.018069
vn -0.090837 0.037712 0.018069
vn -0.090837 0.037712 0.018069
vn -0.090837 0.037712 0.018069
vn 0.036987 0.092616 -0.007357
vn 0.036987 0.092616 -0.007357
vn 0.036987 0.092616 -0.007357
vn 0.036987 0.092616 -0.007357
vn 0.036987 0.092616 -0.007357
vn 0.036987 0.092616 -0.007357
vn 0.036987 0.092616 -0.007357
vn 0.036987 0.092616 -0.007357
vn -0.019509 0.000000 -0.098079
vn -0.019509 0.000000 -0.098079
vn -0.019509 0.000000 -0.098079
vn 0.034841 0.092616 -0.014432
vn 0.034841 0.092616 -0.014432
vn 0.034841 0.092616 -0.014432
vn 0.034841 0.092616 -0.014432
vn 0.034841 0.092616 -0.014432
vn 0.034841 0.092616 -0.014432
vn -0.085566 0.037712 0.035443
vn -0.085566 0.037712 0.035443
vn -0.085566 0.037712 0.035443
vn -0.038268 0.000000 -0.092388
vn -0.038268 0.000000 -0.092388
vn -0.038268 0.000000 -0.092388
vn 0.031356 0.092616 -0.020952
vn 0.031356 0.092616 -0.020952
vn 0.031356 0.092616 -0.020952
vn 0.031356 0.092616 -0.020952
vn 0.031356 0.092616 -0.020952
vn 0.031356 0.092616 -0.020952
vn 0.031356 0.092616 -0.020952
vn 0.031356 0.092616 -0.020952
vn -0.077008 0.037712 0.051455
vn -0.077008 0.037712 0.051455
vn -0.077008 0.037712 0.051455
vn -0.055557 0.000000 -0.083147
vn -0.055557 0.000000 -0.083147
vn -0.055557 0.000000 -0.083147
vn -0.055557 0.000000 -0.083147
vn 0.031356 0.092616 -0.020952
vn 0.031356 0.092616 -0.020952
vn 0.031356 0.092616 -0.020952
vn 0.031356 0.092616 -0.020952
vn 0.031356 0.092616 -0.020952
vn 0.031356 0.092616 -0.020952
vn 0.031356 0.092616 -0.020952
vn 0.031356 0.092616 -0.020952
vn 0.031356 0.092616 -0.020952
vn 0.031356 0.092616 -0.020952
vn 0.031356 0.092616 -0.020952
vn 0.031356 0.092616 -0.020952
vn 0.031356 0.092616 -0.020952
vn 0.031356 0.092616 -0.020952
vn -0.077008 0.037712 0.051455
vn -0.077008 0.037712 0.051455
vn -0.077008 0.037712 0.051455
vn -0.077008 0.037712 0.051455
vn -0.077008 0.037712 0.051455
vn -0.077008 0.037712 0.051455
vn 0.055557 0.000000 0.083147
vn 0.055557 0.000000 0.083147
vn 0.055557 0.000000 0.083147
vn 0.055557 0.000000 0.083147
vn 0.055557 0.000000 0.083147
vn 0.055557 0.000000 0.083147
vn 0.055557 0.000000 0.083147
vn 0.055557 0.000000 0.083147
vn 0.055557 0.000000 0.083147
vn 0.055557 0.000000 0.083147
vn 0.055557 0.000000 0.083147
vn 0.055557 0.000000 0.083147
vn 0.055557 0.000000 0.083147
vn -0.055557 0.000000 -0.083147
vn -0.055557 0.000000 -0.083147
vn -0.055557 0.000000 -0.083147
vn 0.077008 -0.037712 -0.051455
vn 0.077008 -0.037712 -0.051455
vn 0.077008 -0.037712 -0.051455
vn 0.077008 -0.037712 -0.051455
vn 0.077008 -0.037712 -0.051455
vn -0.031356 -0.092616 0.020952
vn -0.031356 -0.092616 0.020952
vn -0.031356 -0.092616 0.020952
vn -0.031356 -0.092616 0.020952
vn -0.077008 0.037712 0.051455
vn -0.077008 0.037712 0.051455
vn -0.077008 0.037712 0.051455
vn -0.092616 0.037712 0.000000
vn -0.092616 0.037712 0.000000
vn -0.092616 0.037712 0.000000
vn -0.092616 0.037712 0.000000
vn -0.092616 0.037712 0.000000
vn -0.092616 0.037712 0.000000
vn 0.037712 0.092616 0.000000
vn 0.037712 0.092616 0.000000
vn 0.037712 0.092616 0.000000
vn 0.037712 0.092616 0.000000
vn 0.037712 0.092616 0.000000
vn 0.037712 0.092616 0.000000
vn 0.037712 0.092616 0.000000
vn 0.037712 0.092616 0.000000
vn 0.000000 0.000000 -0.100000
vn 0.000000 0.000000 -0.100000
vn 0.000000 0.000000 -0.100000
vn 0.036987 0.092616 -0.007357
vn 0.036987 0.092616 -0.007357
vn 0.036987 0.092616 -0.007357
vn 0.036987 0.092616 -0.007357
vn 0.036987 0.092616 -0.007357
vn 0.036987 0.092616 -0.007357
vn -0.090837 0.037712 0.018069
vn -0.090837 0.037712 0.018069
vn -0.090837 0.037712 0.018069
vn -0.019509 0.000000 -0.098079
vn -0.019509 0.000000 -0.098079
vn -0.019509 0.000000 -0.098079
vn 0.034841 0.092616 -0.014432
vn 0.034841 0.092616 -0.014432
vn 0.034841 0.092616 -0.014432
vn 0.034841 0.092616 -0.014432
vn 0.034841 0.092616 -0.014432
vn 0.034841 0.092616 -0.014432
vn 0.034841 0.092616 -0.014432
vn 0.034841 0.092616 -0.014432
vn -0.085566 0.037712 0.035443
vn -0.085566 0.037712 0.035443
vn -0.085566 0.037712 0.035443
vn -0.038268 0.000000 -0.092388
vn -0.038268 0.000000 -0.092388
vn -0.038268 0.000000 -0.092388
vn -0.038268 0.000000 -0.092388
vn 0.034841 0.092616 -0.014432
vn 0.034841 0.092616 -0.014432
vn 0.034841 0.092616 -0.014432
vn 0.034841 0.092616 -0.014432
vn 0.034841 0.092616 -0.014432
vn 0.034841 0.092616 -0.014432
vn 0.034841 0.092616 -0.014432
vn 0.034841 0.092616 -0.014432
vn 0.034841 0.092616 -0.014432
vn 0.034841 0.092616 -0.014432
vn 0.034841 0.092616 -0.014432
vn 0.034841 0.092616 -0.014432
vn 0.034841 0.092616 -0.014432
vn 0.034841 0.092616 -0.014432
vn -0.085566 0.037712 0.035443
vn -0.085566 0.037712 0.035443
vn -0.085566 0.037712 0.035443
vn -0.085566 0.037712 0.035443
vn -0.085566 0.037712 0.035443
vn -0.085566 0.037712 0.035443
vn 0.038268 0.000000 0.092388
vn 0.038268 0.000000 0.092388
vn 0.038268 0.000000 0.092388
vn 0.038268 0.000000 0.092388
vn 0.038268 0.000000 0.092388
vn 0.038268 0.000000 0.092388
vn 0.038268 0.000000 0.092388
vn 0.038268 0.000000 0.092388
vn 0.038268 0.000000 0.092388
vn 0.038268 0.000000 0.092388
vn 0.038268 0.000000 0.092388
vn 0.038268 0.000000 0.092388
vn 0.038268 0.000000 0.092388
vn -0.038268 0.000000 -0.092388
vn -0.038268 0.000000 -0.092388
vn -0.038268 0.000000 -0.092388
vn 0.085566 -0.037712 -0.035443
vn 0.085566 -0.037712 -0.035443
vn 0.085566 -0.037712 -0.035443
vn 0.085566 -0.037712 -0.035443
vn 0.085566 -0.037712 -0.035443
vn -0.034841 -0.092616 0.014432
vn -0.034841 -0.092616 0.014432
vn -0.034841 -0.092616 0.014432
vn -0.034841 -0.092616 0.014432
vn -0.085566 0.037712 0.035443
vn -0.085566 0.037712 0.035443
vn -0.085566 0.037712 0.035443
vn -0.090837 0.037712 -0.018069
vn -0.090837 0.037712 -0.018069
vn -0.090837 0.037712 -0.018069
vn -0.090837 0.037712 -0.018069
vn -0.090837 0.037712 -0.018069
vn -0.090837 0.037712 -0.018069
vn 0.036987 0.092616 0.007357
vn 0.036987 0.092616 0.007357
vn 0.036987 0.092616 0.007357
vn 0.036987 0.092616 0.007357
vn 0.036987 0.092616 0.007357
vn 0.036987 0.092616 0.007357
vn 0.036987 0.092616 0.007357
vn 0.036987 0.092616 0.007357
vn 0.019509 0.000000 -0.098079
vn 0.019509 0.000000 -0.098079
vn 0.019509 0.000000 -0.098079
vn 0.037712 0.092616 0.000000
vn 0.037712 0.092616 0.000000
vn 0.037712 0.092616 0.000000
vn 0.037712 0.092616 0.000000
vn 0.037712 0.092616 0.000000
vn 0.037712 0.092616 0.000000
vn -0.092616 0.037712 0.000000
vn -0.092616 0.037712 0.000000
vn -0.092616 0.037712 0.000000
vn 0.000000 0.000000 -0.100000
vn 0.000000 0.000000 -0.100000
vn 0.000000 0.000000 -0.100000
vn 0.036987 0.092616 -0.007357
vn 0.036987 0.092616 -0.007357
vn 0.036987 0.092616 -0.007357
vn 0.036987 0.092616 -0.007357
vn 0.036987 0.092616 -0.007357
vn 0.036987 0.092616 -0.007357
vn 0.036987 0.092616 -0.007357
vn 0.036987 0.092616 -0.007357
vn -0.090837 0.037712 0.018069
vn -0.090837 0.037712 0.018069
vn -0.090837 0.037712 0.018069
vn -0.019509 0.000000 -0.098079
vn -0.019509 0.000000 -0.098079
vn -0.019509 0.000000 -0.098079
vn -0.019509 0.000000 -0.098079
vn 0.036987 0.092616 -0.007357
vn 0.036987 0.092616 -0.007357
vn 0.036987 0.092616 -0.007357
vn 0.036987 0.092616 -0.007357
vn 0.036987 0.092616 -0.007357
vn 0.036987 0.092616 -0.007357
vn 0.036987 0.092616 -0.007357
vn 0.036987 0.092616 -0.007357
vn 0.036987 0.092616 -0.007357
vn 0.036987 0.092616 -0.007357
vn 0.036987 0.092616 -0.007357
vn 0.036987 0.092616 -0.007357
vn 0.036987 0.092616 -0.007357
vn 0.036987 0.092616 -0.007357
vn -0.090837 0.037712 0.018069
vn -0.090837 0.037712 0.018069
vn -0.090837 0.037712 0.018069
vn -0.090837 0.037712 0.018069
vn -0.090837 0.037712 0.018069
vn -0.090837 0.037712 0.018069
vn 0.019509 0.000000 0.098079
vn 0.019509 0.000000 0.098079
vn 0.019509 0.000000 0.098079
vn 0.019509 0.000000 0.098079
vn 0.019509 0.000000 0.098079
vn 0.019509 0.000000 0.098079
vn 0.019509 0.000000 0.098079
vn 0.019509 0.000000 0.098079
vn 0.019509 0.000000 0.098079
vn 0.019509 0.000000 0.098079
vn 0.019509 0.000000 0.098079
vn 0.019509 0.000000 0.098079
vn 0.019509 0.000000 0.098079
vn -0.019509 0.000000 -0.098079
vn -0.019509 0.000000 -0.098079
vn -0.019509 0.000000 -0.098079
vn 0.090837 -0.037712 -0.018069
vn 0.090837 -0.037712 -0.018069
vn 0.090837 -0.037712 -0.018069
vn 0.090837 -0.037712 -0.018069
vn 0.090837 -0.037712 -0.018069
vn -0.036987 -0.092616 0.007357
vn -0.036987 -0.092616 0.007357
vn -0.036987 -0.092616 0.007357
vn -0.036987 -0.092616 0.007357
vn -0.090837 0.037712 0.018069
vn -0.090837 0.037712 0.018069
vn -0.090837 0.037712 0.018069
vn -0.085566 0.037712 -0.035443
vn -0.085566 0.037712 -0.035443
vn -0.085566 0.037712 -0.035443
vn -0.085566 0.037712 -0.035443
vn -0.085566 0.037712 -0.035443
vn -0.085566 0.037712 -0.035443
vn 0.034841 0.092616 0.014432
vn 0.034841 0.092616 0.014432
vn 0.034841 0.092616 0.014432
vn 0.034841 0.092616 0.014432
vn 0.034841 0.092616 0.014432
vn 0.034841 0.092616 0.014432
vn 0.034841 0.092616 0.014432
vn 0.034841 0.092616 0.014432
vn 0.038268 0.000000 -0.092388
vn 0.038268 0.000000 -0.092388
vn 0.038268 0.000000 -0.092388
vn 0.036987 0.092616 0.007357
vn 0.036987 0.092616 0.007357
vn 0.036987 0.092616 0.007357
vn 0.036987 0.092616 0.007357
vn 0.036987 0.092616 0.007357
vn 0.036987 0.092616 0.007357
vn -0.090837 0.037712 -0.018069
vn -0.090837 0.037712 -0.018069
vn -0.090837 0.037712 -0.018069
vn 0.019509 0.000000 -0.098079
vn 0.019509 0.000000 -0.098079
vn 0.019509 0.000000 -0.098079
vn 0.037712 0.092616 0.000000
vn 0.037712 0.092616 0.000000
vn 0.037712 0.092616 0.000000
vn 0.037712 0.092616 0.000000
vn 0.037712 0.092616 0.000000
vn 0.037712 0.092616 0.000000
vn 0.037712 0.092616 0.000000
vn 0.037712 0.092616 0.000000
vn -0.092616 0.037712 0.000000
vn -0.092616 0.037712 0.000000
vn -0.092616 0.037712 0.000000
vn 0.000000 0.000000 -0.100000
vn 0.000000 0.000000 -0.100000
vn 0.000000 0.000000 -0.100000
vn 0.000000 0.000000 -0.100000
vn 0.037712 0.092616 0.000000
vn 0.037712 0.092616 0.000000
vn 0.037712 0.092616 0.000000
vn 0.037712 0.092616 0.000000
vn 0.037712 0.092616 0.000000
vn 0.037712 0.092616 0.000000
vn 0.037712 0.092616 0.000000
vn 0.037712 0.092616 0.000000
vn 0.037712 0.092616 0.000000
vn 0.037712 0.092616 0.000000
vn 0.037712 0.092616 0.000000
vn 0.037712 0.092616 0.000000
vn 0.037712 0.092616 0.000000
vn 0.037712 0.092616 0.000000
vn -0.092616 0.037712 0.000000
vn -0.092616 0.037712 0.000000
vn -0.092616 0.037712 0.000000
vn -0.092616 0.037712 0.000000
vn -0.092616 0.037712 0.000000
vn -0.092616 0.037712 0.000000
vn 0.000000 0.000000 0.100000
vn 0.000000 0.000000 0.100000
vn 0.000000 0.000000 0.100000
vn 0.000000 0.000000 0.100000
vn 0.000000 0.000000 0.100000
vn 0.000000 0.000000 0.100000
vn 0.000000 0.000000 0.100000
vn 0.000000 0.000000 0.100000
vn 0.000000 0.000000 0.100000
vn 0.000000 0.000000 0.100000
vn 0.000000 0.000000 0.100000
vn 0.000000 0.000000 0.100000
vn 0.000000 0.000000 0.100000
vn 0.000000 0.000000 -0.100000
vn 0.000000 0.000000 -0.100000
vn 0.000000 0.000000 -0.100000
vn 0.092616 -0.037712 0.000000
vn 0.092616 -0.037712 0.000000
vn 0.092616 -0.037712 0.000000
vn 0.092616 -0.037712 0.000000
vn 0.092616 -0.037712 0.000000
vn -0.037712 -0.092616 0.000000
vn -0.037712 -0.092616 0.000000
vn -0.037712 -0.092616 0.000000
vn -0.037712 -0.092616 0.000000
vn -0.092616 0.037712 0.000000
vn -0.092616 0.037712 0.000000
vn -0.092616 0.037712 0.000000
vn -0.077008 0.037712 -0.051455
vn -0.077008 0.037712 -0.051455
vn -0.077008 0.037712 -0.051455
vn -0.077008 0.037712 -0.051455
vn -0.077008 0.037712 -0.051455
vn -0.077008 0.037712 -0.051455
vn 0.031356 0.092616 0.020952
vn 0.031356 0.092616 0.020952
vn 0.031356 0.092616 0.020952
vn 0.031356 0.092616 0.020952
vn 0.031356 0.092616 0.020952
vn 0.031356 0.092616 0.020952
vn 0.031356 0.092616 0.020952
vn 0.031356 0.092616 0.020952
vn 0.055557 0.000000 -0.083147
vn 0.055557 0.000000 -0.083147
vn 0.055557 0.000000 -0.083147
vn 0.034841 0.092616 0.014432
vn 0.034841 0.092616 0.014432
vn 0.034841 0.092616 0.014432
vn 0.034841 0.092616 0.014432
vn 0.034841 0.092616 0.014432
vn 0.034841 0.092616 0.014432
vn -0.085566 0.037712 -0.035443
vn -0.085566 0.037712 -0.035443
vn -0.085566 0.037712 -0.035443
vn 0.038268 0.000000 -0.092388
vn 0.038268 0.000000 -0.092388
vn 0.038268 0.000000 -0.092388
vn 0.036987 0.092616 0.007357
vn 0.036987 0.092616 0.007357
vn 0.036987 0.092616 0.007357
vn 0.036987 0.092616 0.007357
vn 0.036987 0.092616 0.007357
vn 0.036987 0.092616 0.007357
vn 0.036987 0.092616 0.007357
vn 0.036987 0.092616 0.007357
vn -0.090837 0.037712 -0.018069
vn -0.090837 0.037712 -0.018069
vn -0.090837 0.037712 -0.018069
vn 0.019509 0.000000 -0.098079
vn 0.019509 0.000000 -0.098079
vn 0.019509 0.000000 -0.098079
vn 0.019509 0.000000 -0.098079
vn 0.036987 0.092616 0.007357
vn 0.036987 0.092616 0.007357
vn 0.036987 0.092616 0.007357
vn 0.036987 0.092616 0.007357
vn 0.036987 0.092616 0.007357
vn 0.036987 0.092616 0.007357
vn 0.036987 0.092616 0.007357
vn 0.036987 0.092616 0.007357
vn 0.036987 0.092616 0.007357
vn 0.036987 0.092616 0.007357
vn 0.036987 0.092616 0.007357
vn 0.036987 0.092616 0.007357
vn 0.036987 0.092616 0.007357
vn 0.036987 0.092616 0.007357
vn -0.090837 0.037712 -0.018069
vn -0.090837 0.037712 -0.018069
vn -0.090837 0.037712 -0.018069
vn -0.090837 0.037712 -0.018069
vn -0.090837 0.037712 -0.018069
vn -0.090837 0.037712 -0.018069
vn -0.019509 0.000000 0.098079
vn -0.019509 0.000000 0.098079
vn -0.019509 0.000000 0.098079
vn -0.019509 0.000000 0.098079
vn -0.019509 0.000000 0.098079
vn -0.019509 0.000000 0.098079
vn -0.019509 0.000000 0.098079
vn -0.019509 0.000000 0.098079
vn -0.019509 0.000000 0.098079
vn -0.019509 0.000000 0.098079
vn -0.019509 0.000000 0.098079
vn -0.019509 0.000000 0.098079
vn -0.019509 0.000000 0.098079
vn 0.019509 0.000000 -0.098079
vn 0.019509 0.000000 -0.098079
vn 0.019509 0.000000 -0.098079
vn 0.090837 -0.037712 0.018069
vn 0.090837 -0.037712 0.018069
vn 0.090837 -0.037712 0.018069
vn 0.090837 -0.037712 0.018069
vn 0.090837 -0.037712 0.018069
vn -0.036987 -0.092616 -0.007357
vn -0.036987 -0.092616 -0.007357
vn -0.036987 -0.092616 -0.007357
vn -0.036987 -0.092616 -0.007357
vn -0.090837 0.037712 -0.018069
vn -0.090837 0.037712 -0.018069
vn -0.090837 0.037712 -0.018069
vn -0.065490 0.037712 -0.065490
vn -0.065490 0.037712 -0.065490
vn -0.065490 0.037712 -0.065490
vn -0.065490 0.037712 -0.065490
vn -0.065490 0.037712 -0.065490
vn -0.065490 0.037712 -0.065490
vn 0.026666 0.092616 0.026666
vn 0.026666 0.092616 0.026666
vn 0.026666 0.092616 0.026666
vn 0.026666 0.092616 0.026666
vn 0.026666 0.092616 0.026666
vn 0.026666 0.092616 0.026666
vn 0.026666 0.092616 0.026666
vn 0.026666 0.092616 0.026666
vn 0.070711 0.000000 -0.070711
vn 0.070711 0.000000 -0.070711
vn 0.070711 0.000000 -0.070711
vn 0.031356 0.092616 0.020952
vn 0.031356 0.092616 0.020952
vn 0.031356 0.092616 0.020952
vn 0.031356 0.092616 0.020952
vn 0.031356 0.092616 0.020952
vn 0.031356 0.092616 0.020952
vn -0.077008 0.037712 -0.051455
vn -0.077008 0.037712 -0.051455
vn -0.077008 0.037712 -0.051455
vn 0.055557 0.000000 -0.083147
vn 0.055557 0.000000 -0.083147
vn 0.055557 0.000000 -0.083147
vn 0.034841 0.092616 0.014432
vn 0.034841 0.092616 0.014432
vn 0.034841 0.092616 0.014432
vn 0.034841 0.092616 0.014432
vn 0.034841 0.092616 0.014432
vn 0.034841 0.092616 0.014432
vn 0.034841 0.092616 0.014432
vn 0.034841 0.092616 0.014432
vn -0.085566 0.037712 -0.035443
vn -0.085566 0.037712 -0.035443
vn -0.085566 0.037712 -0.035443
vn 0.038268 0.000000 -0.092388
vn 0.038268 0.000000 -0.092388
vn 0.038268 0.000000 -0.092388
vn 0.038268 0.000000 -0.092388
vn 0.034841 0.092616 0.014432
vn 0.034841 0.092616 0.014432
vn 0.034841 0.092616 0.014432
vn 0.034841 0.092616 0.014432
vn 0.034841 0.092616 0.014432
vn 0.034841 0.092616 0.014432
vn 0.034841 0.092616 0.014432
vn 0.034841 0.092616 0.014432
vn 0.034841 0.092616 0.014432
vn 0.034841 0.092616 0.014432
vn 0.034841 0.092616 0.014432
vn 0.034841 0.092616 0.014432
vn 0.034841 0.092616 0.014432
vn 0.034841 0.092616 0.014432
vn -0.085566 0.037712 -0.035443
vn -0.085566 0.037712 -0.035443
vn -0.085566 0.037712 -0.035443
vn -0.085566 0.037712 -0.035443
vn -0.085566 0.037712 -0.035443
vn -0.085566 0.037712 -0.035443
vn -0.038268 0.000000 0.092388
vn -0.038268 0.000000 0.092388
vn -0.038268 0.000000 0.092388
vn -0.038268 0.000000 0.092388
vn -0.038268 0.000000 0.092388
vn -0.038268 0.000000 0.092388
vn -0.038268 0.000000 0.092388
vn -0.038268 0.000000 0.092388
vn -0.038268 0.000000 0.092388
vn -0.038268 0.000000 0.092388
vn -0.038268 0.000000 0.092388
vn -0.038268 0.000000 0.092388
vn -0.038268 0.000000 0.092388
vn 0.038268 0.000000 -0.092388
vn 0.038268 0.000000 -0.092388
vn 0.038268 0.000000 -0.092388
vn 0.085566 -0.037712 0.035443
vn 0.085566 -0.037712 0.035443
vn 0.085566 -0.037712 0.035443
vn 0.085566 -0.037712 0.035443
vn 0.085566 -0.037712 0.035443
vn -0.034841 -0.092616 -0.014432
vn -0.034841 -0.092616 -0.014432
vn -0.034841 -0.092616 -0.014432
vn -0.034841 -0.092616 -0.014432
vn -0.085566 0.037712 -0.035443
vn -0.085566 0.037712 -0.035443
vn -0.085566 0.037712 -0.035443
vn -0.051455 0.037712 -0.077008
vn -0.051455 0.037712 -0.077008
vn -0.051455 0.037712 -0.077008
vn -0.051455 0.037712 -0.077008
vn -0.051455 0.037712 -0.077008
vn -0.051455 0.037712 -0.077008
vn 0.020952 0.092616 0.031356
vn 0.020952 0.092616 0.031356
vn 0.020952 0.092616 0.031356
vn 0.020952 0.092616 0.031356
vn 0.020952 0.092616 0.031356
vn 0.020952 0.092616 0.031356
vn 0.020952 0.092616 0.031356
vn 0.020952 0.092616 0.031356
vn 0.083147 0.000000 -0.055557
vn 0.083147 0.000000 -0.055557
vn 0.083147 0.000000 -0.055557
vn 0.026666 0.092616 0.026666
vn 0.026666 0.092616 0.026666
vn 0.026666 0.092616 0.026666
vn 0.026666 0.092616 0.026666
vn 0.026666 0.092616 0.026666
vn 0.026666 0.092616 0.026666
vn -0.065490 0.037712 -0.065490
vn -0.065490 0.037712 -0.065490
vn -0.065490 0.037712 -0.065490
vn 0.070711 0.000000 -0.070711
vn 0.070711 0.000000 -0.070711
vn 0.070711 0.000000 -0.070711
vn 0.031356 0.092616 0.020952
vn 0.031356 0.092616 0.020952
vn 0.031356 0.092616 0.020952
vn 0.031356 0.092616 0.020952
vn 0.031356 0.092616 0.020952
vn 0.031356 0.092616 0.020952
vn 0.031356 0.092616 0.020952
vn 0.031356 0.092616 0.020952
vn -0.077008 0.037712 -0.051455
vn -0.077008 0.037712 -0.051455
vn -0.077008 0.037712 -0.051455
vn 0.055557 0.000000 -0.083147
vn 0.055557 0.000000 -0.083147
vn 0.055557 0.000000 -0.083147
vn 0.055557 0.000000 -0.083147
vn 0.031356 0.092616 0.020952
vn 0.031356 0.092616 0.020952
vn 0.031356 0.092616 0.020952
vn 0.031356 0.092616 0.020952
vn 0.031356 0.092616 0.020952
vn 0.031356 0.092616 0.020952
vn 0.031356 0.092616 0.020952
vn 0.031356 0.092616 0.020952
vn 0.031356 0.092616 0.020952
vn 0.031356 0.092616 0.020952
vn 0.031356 0.092616 0.020952
vn 0.031356 0.092616 0.020952
vn 0.031356 0.092616 0.020952
vn 0.031356 0.092616 0.020952
vn -0.077008 0.037712 -0.051455
vn -0.077008 0.037712 -0.051455
vn -0.077008 0.037712 -0.051455
vn -0.077008 0.037712 -0.051455
vn -0.077008 0.037712 -0.051455
vn -0.077008 0.037712 -0.051455
vn -0.055557 0.000000 0.083147
vn -0.055557 0.000000 0.083147
vn -0.055557 0.000000 0.083147
vn -0.055557 0.000000 0.083147
vn -0.055557 0.000000 0.083147
vn -0.055557 0.000000 0.083147
vn -0.055557 0.000000 0.083147
vn -0.055557 0.000000 0.083147
vn -0.055557 0.000000 0.083147
vn -0.055557 0.000000 0.083147
vn -0.055557 0.000000 0.083147
vn -0.055557 0.000000 0.083147
vn -0.055557 0.000000 0.083147
vn 0.055557 0.000000 -0.083147
vn 0.055557 0.000000 -0.083147
vn 0.055557 0.000000 -0.083147
vn 0.077008 -0.037712 0.051455
vn 0.077008 -0.037712 0.051455
vn 0.077008 -0.037712 0.051455
vn 0.077008 -0.037712 0.051455
vn 0.077008 -0.037712 0.051455
vn -0.031356 -0.092616 -0.020952
vn -0.031356 -0.092616 -0.020952
vn -0.031356 -0.092616 -0.020952
vn -0.031356 -0.092616 -0.020952
vn -0.077008 0.037712 -0.051455
vn -0.077008 0.037712 -0.051455
vn -0.077008 0.037712 -0.051455
vn -0.035443 0.037712 -0.085566
vn -0.035443 0.037712 -0.085566
vn -0.035443 0.037712 -0.085566
vn -0.035443 0.037712 -0.085566
vn -0.035443 0.037712 -0.085566
vn -0.035443 0.037712 -0.085566
vn 0.014432 0.092616 0.034841
vn 0.014432 0.092616 0.034841
vn 0.014432 0.092616 0.034841
vn 0.014432 0.092616 0.034841
vn 0.014432 0.092616 0.034841
vn 0.014432 0.092616 0.034841
vn 0.014432 0.092616 0.034841
vn 0.014432 0.092616 0.034841
vn 0.092388 0.000000 -0.038268
vn 0.092388 0.000000 -0.038268
vn 0.092388 0.000000 -0.038268
vn 0.020952 0.092616 0.031356
vn 0.020952 0.092616 0.031356
vn 0.020952 0.092616 0.031356
vn 0.020952 0.092616 0.031356
vn 0.020952 0.092616 0.031356
vn 0.020952 0.092616 0.031356
vn -0.051455 0.037712 -0.077008
vn -0.051455 0.037712 -0.077008
vn -0.051455 0.037712 -0.077008
vn 0.083147 0.000000 -0.055557
vn 0.083147 0.000000 -0.055557
vn 0.083147 0.000000 -0.055557
vn 0.026666 0.092616 0.026666
vn 0.026666 0.092616 0.026666
vn 0.026666 0.092616 0.026666
vn 0.026666 0.092616 0.026666
vn 0.026666 0.092616 0.026666
vn 0.026666 0.092616 0.026666
vn 0.026666 0.092616 0.026666
vn 0.026666 0.092616 0.026666
vn -0.065490 0.037712 -0.065490
vn -0.065490 0.037712 -0.065490
vn -0.065490 0.037712 -0.065490
vn 0.070711 0.000000 -0.070711
vn 0.070711 0.000000 -0.070711
vn 0.070711 0.000000 -0.070711
vn 0.070711 0.000000 -0.070711
vn 0.026666 0.092616 0.026666
vn 0.026666 0.092616 0.026666
vn 0.026666 0.092616 0.026666
vn 0.026666 0.092616 0.026666
vn 0.026666 0.092616 0.026666
vn 0.026666 0.092616 0.026666
vn 0.026666 0.092616 0.026666
vn 0.026666 0.092616 0.026666
vn 0.026666 0.092616 0.026666
vn 0.026666 0.092616 0.026666
vn 0.026666 0.092616 0.026666
vn 0.026666 0.092616 0.026666
vn 0.026666 0.092616 0.026666
vn 0.026666 0.092616 0.026666
vn -0.065490 0.037712 -0.065490
vn -0.065490 0.037712 -0.065490
vn -0.065490 0.037712 -0.065490
vn -0.065490 0.037712 -0.065490
vn -0.065490 0.037712 -0.065490
vn -0.065490 0.037712 -0.065490
vn -0.070711 0.000000 0.070711
vn -0.070711 0.000000 0.070711
vn -0.070711 0.000000 0.070711
vn -0.070711 0.000000 0.070711
vn -0.070711 0.000000 0.070711
vn -0.070711 0.000000 0.070711
vn -0.070711 0.000000 0.070711
vn -0.070711 0.000000 0.070711
vn -0.070711 0.000000 0.070711
vn -0.070711 0.000000 0.070711
vn -0.070711 0.000000 0.070711
vn -0.070711 0.000000 0.070711
vn -0.070711 0.000000 0.070711
vn 0.070711 0.000000 -0.070711
vn 0.070711 0.000000 -0.070711
vn 0.070711 0.000000 -0.070711
vn 0.065490 -0.037712 0.065490
vn 0.065490 -0.037712 0.065490
vn 0.065490 -0.037712 0.065490
vn 0.065490 -0.037712 0.065490
vn 0.065490 -0.037712 0.065490
vn -0.026666 -0.092616 -0.026666
vn -0.026666 -0.092616 -0.026666
vn -0.026666 -0.092616 -0.026666
vn -0.026666 -0.092616 -0.026666
vn -0.065490 0.037712 -0.065490
vn -0.065490 0.037712 -0.065490
vn -0.065490 0.037712 -0.065490
vn -0.018069 0.037712 -0.090837
vn -0.018069 0.037712 -0.090837
vn -0.018069 0.037712 -0.090837
vn -0.018069 0.037712 -0.090837
vn -0.018069 0.037712 -0.090837
vn -0.018069 0.037712 -0.090837
vn 0.007357 0.092616 0.036987
vn 0.007357 0.092616 0.036987
vn 0.007357 0.092616 0.036987
vn 0.007357 0.092616 0.036987
vn 0.007357 0.092616 0.036987
vn 0.007357 0.092616 0.036987
vn 0.007357 0.092616 0.036987
vn 0.007357 0.092616 0.036987
vn 0.098079 0.000000 -0.019509
vn 0.098079 0.000000 -0.019509
vn 0.098079 0.000000 -0.019509
vn 0.014432 0.092616 0.034841
vn 0.014432 0.092616 0.034841
vn 0.014432 0.092616 0.034841
vn 0.014432 0.092616 0.034841
vn 0.014432 0.092616 0.034841
vn 0.014432 0.092616 0.034841
vn -0.035443 0.037712 -0.085566
vn -0.035443 0.037712 -0.085566
vn -0.035443 0.037712 -0.085566
vn 0.092388 0.000000 -0.038268
vn 0.092388 0.000000 -0.038268
vn 0.092388 0.000000 -0.038268
vn 0.020952 0.092616 0.031356
vn 0.020952 0.092616 0.031356
vn 0.020952 0.092616 0.031356
vn 0.020952 0.092616 0.031356
vn 0.020952 0.092616 0.031356
vn 0.020952 0.092616 0.031356
vn 0.020952 0.092616 0.031356
vn 0.020952 0.092616 0.031356
vn -0.051455 0.037712 -0.077008
vn -0.051455 0.037712 -0.077008
vn -0.051455 0.037712 -0.077008
vn 0.083147 0.000000 -0.055557
vn 0.083147 0.000000 -0.055557
vn 0.083147 0.000000 -0.055557
vn 0.083147 0.000000 -0.055557
vn 0.020952 0.092616 0.031356
vn 0.020952 0.092616 0.031356
vn 0.020952 0.092616 0.031356
vn 0.020952 0.092616 0.031356
vn 0.020952 0.092616 0.031356
vn 0.020952 0.092616 0.031356
vn 0.020952 0.092616 0.031356
vn 0.020952 0.092616 0.031356
vn 0.020952 0.092616 0.031356
vn 0.020952 0.092616 0.031356
vn 0.020952 0.092616 0.031356
vn 0.020952 0.092616 0.031356
vn 0.020952 0.092616 0.031356
vn 0.020952 0.092616 0.031356
vn -0.051455 0.037712 -0.077008
vn -0.051455 0.037712 -0.077008
vn -0.051455 0.037712 -0.077008
vn -0.051455 0.037712 -0.077008
vn -0.051455 0.037712 -0.077008
vn -0.051455 0.037712 -0.077008
vn -0.083147 0.000000 0.055557
vn -0.083147 0.000000 0.055557
vn -0.083147 0.000000 0.055557
vn -0.083147 0.000000 0.055557
vn -0.083147 0.000000 0.055557
vn -0.083147 0.000000 0.055557
vn -0.083147 0.000000 0.055557
vn -0.083147 0.000000 0.055557
vn -0.083147 0.000000 0.055557
vn -0.083147 0.000000 0.055557
vn -0.083147 0.000000 0.055557
vn -0.083147 0.000000 0.055557
vn -0.083147 0.000000 0.055557
vn 0.083147 0.000000 -0.055557
vn 0.083147 0.000000 -0.055557
vn 0.083147 0.000000 -0.055557
vn 0.051455 -0.037712 0.077008
vn 0.051455 -0.037712 0.077008
vn 0.051455 -0.037712 0.077008
vn 0.051455 -0.037712 0.077008
vn 0.051455 -0.037712 0.077008
vn -0.020952 -0.092616 -0.031356
vn -0.020952 -0.092616 -0.031356
vn -0.020952 -0.092616 -0.031356
vn -0.020952 -0.092616 -0.031356
vn -0.051455 0.037712 -0.077008
vn -0.051455 0.037712 -0.077008
vn -0.051455 0.037712 -0.077008
vn 0.000000 0.037712 -0.092616
vn 0.000000 0.037712 -0.092616
vn 0.000000 0.037712 -0.092616
vn 0.000000 0.037712 -0.092616
vn 0.000000 0.037712 -0.092616
vn 0.000000 0.037712 -0.092616
vn 0.000000 0.092616 0.037712
vn 0.000000 0.092616 0.037712
vn 0.000000 0.092616 0.037712
vn 0.000000 0.092616 0.037712
vn 0.000000 0.092616 0.037712
vn 0.000000 0.092616 0.037712
vn 0.000000 0.092616 0.037712
vn 0.000000 0.092616 0.037712
vn 0.100000 0.000000 0.000000
vn 0.100000 0.000000 0.000000
vn 0.100000 0.000000 0.000000
vn 0.007357 0.092616 0.036987
vn 0.007357 0.092616 0.036987
vn 0.007357 0.092616 0.036987
vn 0.007357 0.092616 0.036987
vn 0.007357 0.092616 0.036987
vn 0.007357 0.092616 0.036987
vn -0.018069 0.037712 -0.090837
vn -0.018069 0.037712 -0.090837
vn -0.018069 0.037712 -0.090837
vn 0.098079 0.000000 -0.019509
vn 0.098079 0.000000 -0.019509
vn 0.098079 0.000000 -0.019509
vn 0.014432 0.092616 0.034841
vn 0.014432 0.092616 0.034841
vn 0.014432 0.092616 0.034841
vn 0.014432 0.092616 0.034841
vn 0.014432 0.092616 0.034841
vn 0.014432 0.092616 0.034841
vn 0.014432 0.092616 0.034841
vn 0.014432 0.092616 0.034841
vn -0.035443 0.037712 -0.085566
vn -0.035443 0.037712 -0.085566
vn -0.035443 0.037712 -0.085566
vn 0.092388 0.000000 -0.038268
vn 0.092388 0.000000 -0.038268
vn 0.092388 0.000000 -0.038268
vn 0.092388 0.000000 -0.038268
vn 0.014432 0.092616 0.034841
vn 0.014432 0.092616 0.034841
vn 0.014432 0.092616 0.034841
vn 0.014432 0.092616 0.034841
vn 0.014432 0.092616 0.034841
vn 0.014432 0.092616 0.034841
vn 0.014432 0.092616 0.034841
vn 0.014432 0.092616 0.034841
vn 0.014432 0.092616 0.034841
vn 0.014432 0.092616 0.034841
vn 0.014432 0.092616 0.034841
vn 0.014432 0.092616 0.034841
vn 0.014432 0.092616 0.034841
vn 0.014432 0.092616 0.034841
vn -0.035443 0.037712 -0.085566
vn -0.035443 0.037712 -0.085566
vn -0.035443 0.037712 -0.085566
vn -0.035443 0.037712 -0.085566
vn -0.035443 0.037712 -0.085566
vn -0.035443 0.037712 -0.085566
vn -0.092388 0.000000 0.038268
vn -0.092388 0.000000 0.038268
vn -0.092388 0.000000 0.038268
vn -0.092388 0.000000 0.038268
vn -0.092388 0.000000 0.038268
vn -0.092388 0.000000 0.038268
vn -0.092388 0.000000 0.038268
vn -0.092388 0.000000 0.038268
vn -0.092388 0.000000 0.038268
vn -0.092388 0.000000 0.038268
vn -0.092388 0.000000 0.038268
vn -0.092388 0.000000 0.038268
vn -0.092388 0.000000 0.038268
vn 0.092388 0.000000 -0.038268
vn 0.092388 0.000000 -0.038268
vn 0.092388 0.000000 -0.038268
vn 0.035443 -0.037712 0.085566
vn 0.035443 -0.037712 0.085566
vn 0.035443 -0.037712 0.085566
vn 0.035443 -0.037712 0.085566
vn 0.035443 -0.037712 0.085566
vn -0.014432 -0.092616 -0.034841
vn -0.014432 -0.092616 -0.034841
vn -0.014432 -0.092616 -0.034841
vn -0.014432 -0.092616 -0.034841
vn -0.035443 0.037712 -0.085566
vn -0.035443 0.037712 -0.085566
vn -0.035443 0.037712 -0.085566
vn 0.018069 0.037712 -0.090837
vn 0.018069 0.037712 -0.090837
vn 0.018069 0.037712 -0.090837
vn 0.018069 0.037712 -0.090837
vn 0.018069 0.037712 -0.090837
vn 0.018069 0.037712 -0.090837
vn -0.007357 0.092616 0.036987
vn -0.007357 0.092616 0.036987
vn -0.007357 0.092616 0.036987
vn -0.007357 0.092616 0.036987
vn -0.007357 0.092616 0.036987
vn -0.007357 0.092616 0.036987
vn -0.007357 0.092616 0.036987
vn -0.007357 0.092616 0.036987
vn 0.098079 0.000000 0.019509
vn 0.098079 0.000000 0.019509
vn 0.098079 0.000000 0.019509
vn 0.000000 0.092616 0.037712
vn 0.000000 0.092616 0.037712
vn 0.000000 0.092616 0.037712
vn 0.000000 0.092616 0.037712
vn 0.000000 0.092616 0.037712
vn 0.000000 0.092616 0.037712
vn 0.000000 0.037712 -0.092616
vn 0.000000 0.037712 -0.092616
vn 0.000000 0.037712 -0.092616
vn 0.100000 0.000000 0.000000
vn 0.100000 0.000000 0.000000
vn 0.100000 0.000000 0.000000
vn 0.007357 0.092616 0.036987
vn 0.007357 0.092616 0.036987
vn 0.007357 0.092616 0.036987
vn 0.007357 0.092616 0.036987
vn 0.007357 0.092616 0.036987
vn 0.007357 0.092616 0.036987
vn 0.007357 0.092616 0.036987
vn 0.007357 0.092616 0.036987
vn -0.018069 0.037712 -0.090837
vn -0.018069 0.037712 -0.090837
vn -0.018069 0.037712 -0.090837
vn 0.098079 0.000000 -0.019509
vn 0.098079 0.000000 -0.019509
vn 0.098079 0.000000 -0.019509
vn 0.098079 0.000000 -0.019509
vn 0.007357 0.092616 0.036987
vn 0.007357 0.092616 0.036987
vn 0.007357 0.092616 0.036987
vn 0.007357 0.092616 0.036987
vn 0.007357 0.092616 0.036987
vn 0.007357 0.092616 0.036987
vn 0.007357 0.092616 0.036987
vn 0.007357 0.092616 0.036987
vn 0.007357 0.092616 0.036987
vn 0.007357 0.092616 0.036987
vn 0.007357 0.092616 0.036987
vn 0.007357 0.092616 0.036987
vn 0.007357 0.092616 0.036987
vn 0.007357 0.092616 0.036987
vn -0.018069 0.037712 -0.090837
vn -0.018069 0.037712 -0.090837
vn -0.018069 0.037712 -0.090837
vn -0.018069 0.037712 -0.090837
vn -0.018069 0.037712 -0.090837
vn -0.018069 0.037712 -0.090837
vn -0.098079 0.000000 0.019509
vn -0.098079 0.000000 0.019509
vn -0.098079 0.000000 0.019509
vn -0.098079 0.000000 0.019509
vn -0.098079 0.000000 0.019509
vn -0.098079 0.000000 0.019509
vn -0.098079 0.000000 0.019509
vn -0.098079 0.000000 0.019509
vn -0.098079 0.000000 0.019509
vn -0.098079 0.000000 0.019509
vn -0.098079 0.000000 0.019509
vn -0.098079 0.000000 0.019509
vn -0.098079 0.000000 0.019509
vn -0.007357 -0.092616 -0.036987
vn -0.007357 -0.092616 -0.036987
vn -0.007357 -0.092616 -0.036987
vn -0.007357 -0.092616 -0.036987
vn 0.098079 0.000000 -0.019509
vn 0.098079 0.000000 -0.019509
vn 0.098079 0.000000 -0.019509
vn 0.018069 -0.037712 0.090837
vn 0.018069 -0.037712 0.090837
vn 0.018069 -0.037712 0.090837
vn 0.018069 -0.037712 0.090837
vn 0.018069 -0.037712 0.090837
vn -0.018069 0.037712 -0.090837
vn -0.018069 0.037712 -0.090837
vn -0.018069 0.037712 -0.090837
vn 0.035443 0.037712 -0.085566
vn 0.035443 0.037712 -0.085566
vn 0.035443 0.037712 -0.085566
vn 0.035443 0.037712 -0.085566
vn 0.035443 0.037712 -0.085566
vn 0.035443 0.037712 -0.085566
vn -0.014432 0.092616 0.034841
vn -0.014432 0.092616 0.034841
vn -0.014432 0.092616 0.034841
vn -0.014432 0.092616 0.034841
vn -0.014432 0.092616 0.034841
vn -0.014432 0.092616 0.034841
vn -0.014432 0.092616 0.034841
vn -0.014432 0.092616 0.034841
vn 0.092388 0.000000 0.038268
vn 0.092388 0.000000 0.038268
vn 0.092388 0.000000 0.038268
vn -0.007357 0.092616 0.036987
vn -0.007357 0.092616 0.036987
vn -0.007357 0.092616 0.036987
vn -0.007357 0.092616 0.036987
vn -0.007357 0.092616 0.036987
vn -0.007357 0.092616 0.036987
vn 0.018069 0.037712 -0.090837
vn 0.018069 0.037712 -0.090837
vn 0.018069 0.037712 -0.090837
vn 0.098079 0.000000 0.019509
vn 0.098079 0.000000 0.019509
vn 0.098079 0.000000 0.019509
vn 0.000000 0.092616 0.037712
vn 0.000000 0.092616 0.037712
vn 0.000000 0.092616 0.037712
vn 0.000000 0.092616 0.037712
vn 0.000000 0.092616 0.037712
vn 0.000000 0.092616 0.037712
vn 0.000000 0.092616 0.037712
vn 0.000000 0.092616 0.037712
vn 0.000000 0.037712 -0.092616
vn 0.000000 0.037712 -0.092616
vn 0.000000 0.037712 -0.092616
vn 0.100000 0.000000 0.000000
vn 0.100000 0.000000 0.000000
vn 0.100000 0.000000 0.000000
vn 0.100000 0.000000 0.000000
vn 0.000000 0.092616 0.037712
vn 0.000000 0.092616 0.037712
vn 0.000000 0.092616 0.037712
vn 0.000000 0.092616 0.037712
vn 0.000000 0.092616 0.037712
vn 0.000000 0.092616 0.037712
vn 0.000000 0.092616 0.037712
vn 0.000000 0.092616 0.037712
vn 0.000000 0.092616 0.037712
vn 0.000000 0.092616 0.037712
vn 0.000000 0.092616 0.037712
vn 0.000000 0.092616 0.037712
vn 0.000000 0.092616 0.037712
vn 0.000000 0.092616 0.037712
vn -0.100000 0.000000 0.000000
vn -0.100000 0.000000 0.000000
vn -0.100000 0.000000 0.000000
vn -0.100000 0.000000 0.000000
vn -0.100000 0.000000 0.000000
vn -0.100000 0.000000 0.000000
vn -0.100000 0.000000 0.000000
vn -0.100000 0.000000 0.000000
vn -0.100000 0.000000 0.000000
vn -0.100000 0.000000 0.000000
vn -0.100000 0.000000 0.000000
vn -0.100000 0.000000 0.000000
vn -0.100000 0.000000 0.000000
vn 0.000000 0.037712 -0.092616
vn 0.000000 0.037712 -0.092616
vn 0.000000 0.037712 -0.092616
vn 0.000000 0.037712 -0.092616
vn 0.000000 0.037712 -0.092616
vn 0.000000 0.037712 -0.092616
vn 0.000000 -0.092616 -0.037712
vn 0.000000 -0.092616 -0.037712
vn 0.000000 -0.092616 -0.037712
vn 0.000000 -0.092616 -0.037712
vn 0.100000 0.000000 0.000000
vn 0.100000 0.000000 0.000000
vn 0.100000 0.000000 0.000000
vn 0.000000 -0.037712 0.092616
vn 0.000000 -0.037712 0.092616
vn 0.000000 -0.037712 0.092616
vn 0.000000 -0.037712 0.092616
vn 0.000000 -0.037712 0.092616
vn 0.000000 0.037712 -0.092616
vn 0.000000 0.037712 -0.092616
vn 0.000000 0.037712 -0.092616
vn 0.083147 0.000000 0.055557
vn 0.083147 0.000000 0.055557
vn 0.083147 0.000000 0.055557
vn -0.020952 0.092616 0.031356
vn -0.020952 0.092616 0.031356
vn -0.020952 0.092616 0.031356
vn -0.020952 0.092616 0.031356
vn -0.020952 0.092616 0.031356
vn -0.020952 0.092616 0.031356
vn -0.020952 0.092616 0.031356
vn -0.020952 0.092616 0.031356
vn 0.051455 0.037712 -0.077008
vn 0.051455 0.037712 -0.077008
vn 0.051455 0.037712 -0.077008
vn 0.051455 0.037712 -0.077008
vn 0.051455 0.037712 -0.077008
vn 0.051455 0.037712 -0.077008
vn -0.014432 0.092616 0.034841
vn -0.014432 0.092616 0.034841
vn -0.014432 0.092616 0.034841
vn 0.092388 0.000000 0.038268
vn 0.092388 0.000000 0.038268
vn 0.092388 0.000000 0.038268
vn 0.035443 0.037712 -0.085566
vn 0.035443 0.037712 -0.085566
vn 0.035443 0.037712 -0.085566
vn -0.007357 0.092616 0.036987
vn -0.007357 0.092616 0.036987
vn -0.007357 0.092616 0.036987
vn -0.007357 0.092616 0.036987
vn -0.007357 0.092616 0.036987
vn -0.007357 0.092616 0.036987
vn -0.007357 0.092616 0.036987
vn -0.007357 0.092616 0.036987
vn 0.098079 0.000000 0.019509
vn 0.098079 0.000000 0.019509
vn 0.098079 0.000000 0.019509
vn 0.098079 0.000000 0.019509
vn 0.018069 0.037712 -0.090837
vn 0.018069 0.037712 -0.090837
vn 0.018069 0.037712 -0.090837
vn -0.007357 0.092616 0.036987
vn -0.007357 0.092616 0.036987
vn -0.007357 0.092616 0.036987
vn -0.007357 0.092616 0.036987
vn -0.007357 0.092616 0.036987
vn -0.007357 0.092616 0.036987
vn -0.007357 0.092616 0.036987
vn -0.007357 0.092616 0.036987
vn -0.007357 0.092616 0.036987
vn -0.007357 0.092616 0.036987
vn -0.007357 0.092616 0.036987
vn -0.007357 0.092616 0.036987
vn -0.007357 0.092616 0.036987
vn -0.007357 0.092616 0.036987
vn -0.098079 0.000000 -0.019509
vn -0.098079 0.000000 -0.019509
vn -0.098079 0.000000 -0.019509
vn -0.098079 0.000000 -0.019509
vn -0.098079 0.000000 -0.019509
vn -0.098079 0.000000 -0.019509
vn -0.098079 0.000000 -0.019509
vn -0.098079 0.000000 -0.019509
vn -0.098079 0.000000 -0.019509
vn -0.098079 0.000000 -0.019509
vn -0.098079 0.000000 -0.019509
vn -0.098079 0.000000 -0.019509
vn -0.098079 0.000000 -0.019509
vn 0.018069 0.037712 -0.090837
vn 0.018069 0.037712 -0.090837
vn 0.018069 0.037712 -0.090837
vn 0.018069 0.037712 -0.090837
vn 0.018069 0.037712 -0.090837
vn 0.018069 0.037712 -0.090837
vn 0.007357 -0.092616 -0.036987
vn 0.007357 -0.092616 -0.036987
vn 0.007357 -0.092616 -0.036987
vn 0.007357 -0.092616 -0.036987
vn 0.098079 0.000000 0.019509
vn 0.098079 0.000000 0.019509
vn 0.098079 0.000000 0.019509
vn -0.018069 -0.037712 0.090837
vn -0.018069 -0.037712 0.090837
vn -0.018069 -0.037712 0.090837
vn -0.018069 -0.037712 0.090837
vn -0.018069 -0.037712 0.090837
vn 0.018069 0.037712 -0.090837
vn 0.018069 0.037712 -0.090837
vn 0.018069 0.037712 -0.090837
vn 0.070711 0.000000 0.070711
vn 0.070711 0.000000 0.070711
vn 0.070711 0.000000 0.070711
vn -0.026666 0.092616 0.026666
vn -0.026666 0.092616 0.026666
vn -0.026666 0.092616 0.026666
vn -0.026666 0.092616 0.026666
vn -0.026666 0.092616 0.026666
vn -0.026666 0.092616 0.026666
vn -0.026666 0.092616 0.026666
vn -0.026666 0.092616 0.026666
vn 0.065490 0.037712 -0.065490
vn 0.065490 0.037712 -0.065490
vn 0.065490 0.037712 -0.065490
vn 0.065490 0.037712 -0.065490
vn 0.065490 0.037712 -0.065490
vn 0.065490 0.037712 -0.065490
vn -0.020952 0.092616 0.031356
vn -0.020952 0.092616 0.031356
vn -0.020952 0.092616 0.031356
vn 0.083147 0.000000 0.055557
vn 0.083147 0.000000 0.055557
vn 0.083147 0.000000 0.055557
vn 0.051455 0.037712 -0.077008
vn 0.051455 0.037712 -0.077008
vn 0.051455 0.037712 -0.077008
vn -0.014432 0.092616 0.034841
vn -0.014432 0.092616 0.034841
vn -0.014432 0.092616 0.034841
vn -0.014432 0.092616 0.034841
vn -0.014432 0.092616 0.034841
vn -0.014432 0.092616 0.034841
vn -0.014432 0.092616 0.034841
vn -0.014432 0.092616 0.034841
vn -0.014432 0.092616 0.034841
vn -0.014432 0.092616 0.034841
vn -0.014432 0.092616 0.034841
vn 0.092388 0.000000 0.038268
vn 0.092388 0.000000 0.038268
vn 0.092388 0.000000 0.038268
vn 0.092388 0.000000 0.038268
vn 0.035443 0.037712 -0.085566
vn 0.035443 0.037712 -0.085566
vn 0.035443 0.037712 -0.085566
vn -0.014432 0.092616 0.034841
vn -0.014432 0.092616 0.034841
vn -0.014432 0.092616 0.034841
vn -0.014432 0.092616 0.034841
vn -0.014432 0.092616 0.034841
vn -0.014432 0.092616 0.034841
vn -0.014432 0.092616 0.034841
vn -0.014432 0.092616 0.034841
vn -0.014432 0.092616 0.034841
vn -0.014432 0.092616 0.034841
vn -0.014432 0.092616 0.034841
vn -0.014432 0.092616 0.034841
vn -0.014432 0.092616 0.034841
vn -0.014432 0.092616 0.034841
vn -0.092388 0.000000 -0.038268
vn -0.092388 0.000000 -0.038268
vn -0.092388 0.000000 -0.038268
vn -0.092388 0.000000 -0.038268
vn -0.092388 0.000000 -0.038268
vn -0.092388 0.000000 -0.038268
vn -0.092388 0.000000 -0.038268
vn -0.092388 0.000000 -0.038268
vn -0.092388 0.000000 -0.038268
vn -0.092388 0.000000 -0.038268
vn -0.092388 0.000000 -0.038268
vn -0.092388 0.000000 -0.038268
vn -0.092388 0.000000 -0.038268
vn 0.035443 0.037712 -0.085566
vn 0.035443 0.037712 -0.085566
vn 0.035443 0.037712 -0.085566
vn 0.035443 0.037712 -0.085566
vn 0.035443 0.037712 -0.085566
vn 0.035443 0.037712 -0.085566
vn 0.014432 -0.092616 -0.034841
vn 0.014432 -0.092616 -0.034841
vn 0.014432 -0.092616 -0.034841
vn 0.014432 -0.092616 -0.034841
vn 0.092388 0.000000 0.038268
vn 0.092388 0.000000 0.038268
vn 0.092388 0.000000 0.038268
vn -0.035443 -0.037712 0.085566
vn -0.035443 -0.037712 0.085566
vn -0.035443 -0.037712 0.085566
vn -0.035443 -0.037712 0.085566
vn -0.035443 -0.037712 0.085566
vn 0.035443 0.037712 -0.085566
vn 0.035443 0.037712 -0.085566
vn 0.035443 0.037712 -0.085566
vn 0.055557 0.000000 0.083147
vn 0.055557 0.000000 0.083147
vn 0.055557 0.000000 0.083147
vn -0.031356 0.092616 0.020952
vn -0.031356 0.092616 0.020952
vn -0.031356 0.092616 0.020952
vn -0.031356 0.092616 0.020952
vn -0.031356 0.092616 0.020952
vn -0.031356 0.092616 0.020952
vn -0.031356 0.092616 0.020952
vn -0.031356 0.092616 0.020952
vn 0.077008 0.037712 -0.051455
vn 0.077008 0.037712 -0.051455
vn 0.077008 0.037712 -0.051455
vn 0.077008 0.037712 -0.051455
vn 0.077008 0.037712 -0.051455
vn 0.077008 0.037712 -0.051455
vn -0.026666 0.092616 0.026666
vn -0.026666 0.092616 0.026666
vn -0.026666 0.092616 0.026666
vn 0.070711 0.000000 0.070711
vn 0.070711 0.000000 0.070711
vn 0.070711 0.000000 0.070711
vn 0.065490 0.037712 -0.065490
vn 0.065490 0.037712 -0.065490
vn 0.065490 0.037712 -0.065490
vn -0.020952 0.092616 0.031356
vn -0.020952 0.092616 0.031356
vn -0.020952 0.092616 0.031356
vn -0.020952 0.092616 0.031356
vn -0.020952 0.092616 0.031356
vn -0.020952 0.092616 0.031356
vn -0.020952 0.092616 0.031356
vn -0.020952 0.092616 0.031356
vn -0.020952 0.092616 0.031356
vn -0.020952 0.092616 0.031356
vn -0.020952 0.092616 0.031356
vn 0.083147 0.000000 0.055557
vn 0.083147 0.000000 0.055557
vn 0.083147 0.000000 0.055557
vn 0.083147 0.000000 0.055557
vn 0.051455 0.037712 -0.077008
vn 0.051455 0.037712 -0.077008
vn 0.051455 0.037712 -0.077008
vn -0.020952 0.092616 0.031356
vn -0.020952 0.092616 0.031356
vn -0.020952 0.092616 0.031356
vn -0.020952 0.092616 0.031356
vn -0.020952 0.092616 0.031356
vn -0.020952 0.092616 0.031356
vn -0.020952 0.092616 0.031356
vn -0.020952 0.092616 0.031356
vn -0.020952 0.092616 0.031356
vn -0.020952 0.092616 0.031356
vn -0.020952 0.092616 0.031356
vn -0.020952 0.092616 0.031356
vn -0.020952 0.092616 0.031356
vn -0.020952 0.092616 0.031356
vn -0.083147 0.000000 -0.055557
vn -0.083147 0.000000 -0.055557
vn -0.083147 0.000000 -0.055557
vn -0.083147 0.000000 -0.055557
vn -0.083147 0.000000 -0.055557
vn -0.083147 0.000000 -0.055557
vn -0.083147 0.000000 -0.055557
vn -0.083147 0.000000 -0.055557
vn -0.083147 0.000000 -0.055557
vn -0.083147 0.000000 -0.055557
vn -0.083147 0.000000 -0.055557
vn -0.083147 0.000000 -0.055557
vn -0.083147 0.000000 -0.055557
vn 0.051455 0.037712 -0.077008
vn 0.051455 0.037712 -0.077008
vn 0.051455 0.037712 -0.077008
vn 0.051455 0.037712 -0.077008
vn 0.051455 0.037712 -0.077008
vn 0.051455 0.037712 -0.077008
vn 0.020952 -0.092616 -0.031356
vn 0.020952 -0.092616 -0.031356
vn 0.020952 -0.092616 -0.031356
vn 0.020952 -0.092616 -0.031356
vn 0.083147 0.000000 0.055557
vn 0.083147 0.000000 0.055557
vn 0.083147 0.000000 0.055557
vn -0.051455 -0.037712 0.077008
vn -0.051455 -0.037712 0.077008
vn -0.051455 -0.037712 0.077008
vn -0.051455 -0.037712 0.077008
vn -0.051455 -0.037712 0.077008
vn 0.051455 0.037712 -0.077008
vn 0.051455 0.037712 -0.077008
vn 0.051455 0.037712 -0.077008
vn 0.038268 0.000000 0.092388
vn 0.038268 0.000000 0.092388
vn 0.038268 0.000000 0.092388
vn -0.034841 0.092616 0.014432
vn -0.034841 0.092616 0.014432
vn -0.034841 0.092616 0.014432
vn -0.034841 0.092616 0.014432
vn -0.034841 0.092616 0.014432
vn -0.034841 0.092616 0.014432
vn -0.034841 0.092616 0.014432
vn -0.034841 0.092616 0.014432
vn 0.085566 0.037712 -0.035443
vn 0.085566 0.037712 -0.035443
vn 0.085566 0.037712 -0.035443
vn 0.085566 0.037712 -0.035443
vn 0.085566 0.037712 -0.035443
vn 0.085566 0.037712 -0.035443
vn -0.031356 0.092616 0.020952
vn -0.031356 0.092616 0.020952
vn -0.031356 0.092616 0.020952
vn 0.055557 0.000000 0.083147
vn 0.055557 0.000000 0.083147
vn 0.055557 0.000000 0.083147
vn 0.077008 0.037712 -0.051455
vn 0.077008 0.037712 -0.051455
vn 0.077008 0.037712 -0.051455
vn -0.026666 0.092616 0.026666
vn -0.026666 0.092616 0.026666
vn -0.026666 0.092616 0.026666
vn -0.026666 0.092616 0.026666
vn -0.026666 0.092616 0.026666
vn -0.026666 0.092616 0.026666
vn -0.026666 0.092616 0.026666
vn -0.026666 0.092616 0.026666
vn -0.026666 0.092616 0.026666
vn -0.026666 0.092616 0.026666
vn -0.026666 0.092616 0.026666
vn 0.070711 0.000000 0.070711
vn 0.070711 0.000000 0.070711
vn 0.070711 0.000000 0.070711
vn 0.070711 0.000000 0.070711
vn 0.065490 0.037712 -0.065490
vn 0.065490 0.037712 -0.065490
vn 0.065490 0.037712 -0.065490
vn -0.026666 0.092616 0.026666
vn -0.026666 0.092616 0.026666
vn -0.026666 0.092616 0.026666
vn -0.026666 0.092616 0.026666
vn -0.026666 0.092616 0.026666
vn -0.026666 0.092616 0.026666
vn -0.026666 0.092616 0.026666
vn -0.026666 0.092616 0.026666
vn -0.026666 0.092616 0.026666
vn -0.026666 0.092616 0.026666
vn -0.026666 0.092616 0.026666
vn -0.026666 0.092616 0.026666
vn -0.026666 0.092616 0.026666
vn -0.026666 0.092616 0.026666
vn -0.070711 0.000000 -0.070711
vn -0.070711 0.000000 -0.070711
vn -0.070711 0.000000 -0.070711
vn -0.070711 0.000000 -0.070711
vn -0.070711 0.000000 -0.070711
vn -0.070711 0.000000 -0.070711
vn -0.070711 0.000000 -0.070711
vn -0.070711 0.000000 -0.070711
vn -0.070711 0.000000 -0.070711
vn -0.070711 0.000000 -0.070711
vn -0.070711 0.000000 -0.070711
vn -0.070711 0.000000 -0.070711
vn -0.070711 0.000000 -0.070711
vn 0.065490 0.037712 -0.065490
vn 0.065490 0.037712 -0.065490
vn 0.065490 0.037712 -0.065490
vn 0.065490 0.037712 -0.065490
vn 0.065490 0.037712 -0.065490
vn 0.065490 0.037712 -0.065490
vn 0.026666 -0.092616 -0.026666
vn 0.026666 -0.092616 -0.026666
vn 0.026666 -0.092616 -0.026666
vn 0.026666 -0.092616 -0.026666
vn 0.070711 0.000000 0.070711
vn 0.070711 0.000000 0.070711
vn 0.070711 0.000000 0.070711
vn -0.065490 -0.037712 0.065490
vn -0.065490 -0.037712 0.065490
vn -0.065490 -0.037712 0.065490
vn -0.065490 -0.037712 0.065490
vn -0.065490 -0.037712 0.065490
vn 0.065490 0.037712 -0.065490
vn 0.065490 0.037712 -0.065490
vn 0.065490 0.037712 -0.065490
vn 0.019509 0.000000 0.098079
vn 0.019509 0.000000 0.098079
vn 0.019509 0.000000 0.098079
vn -0.036987 0.092616 0.007357
vn -0.036987 0.092616 0.007357
vn -0.036987 0.092616 0.007357
vn -0.036987 0.092616 0.007357
vn -0.036987 0.092616 0.007357
vn -0.036987 0.092616 0.007357
vn -0.036987 0.092616 0.007357
vn -0.036987 0.092616 0.007357
vn 0.090837 0.037712 -0.018069
vn 0.090837 0.037712 -0.018069
vn 0.090837 0.037712 -0.018069
vn 0.090837 0.037712 -0.018069
vn 0.090837 0.037712 -0.018069
vn 0.090837 0.037712 -0.018069
vn -0.034841 0.092616 0.014432
vn -0.034841 0.092616 0.014432
vn -0.034841 0.092616 0.014432
vn 0.038268 0.000000 0.092388
vn 0.038268 0.000000 0.092388
vn 0.038268 0.000000 0.092388
vn 0.085566 0.037712 -0.035443
vn 0.085566 0.037712 -0.035443
vn 0.085566 0.037712 -0.035443
vn -0.031356 0.092616 0.020952
vn -0.031356 0.092616 0.020952
vn -0.031356 0.092616 0.020952
vn -0.031356 0.092616 0.020952
vn -0.031356 0.092616 0.020952
vn -0.031356 0.092616 0.020952
vn -0.031356 0.092616 0.020952
vn -0.031356 0.092616 0.020952
vn -0.031356 0.092616 0.020952
vn -0.031356 0.092616 0.020952
vn -0.031356 0.092616 0.020952
vn 0.055557 0.000000 0.083147
vn 0.055557 0.000000 0.083147
vn 0.055557 0.000000 0.083147
vn 0.055557 0.000000 0.083147
vn 0.077008 0.037712 -0.051455
vn 0.077008 0.037712 -0.051455
vn 0.077008 0.037712 -0.051455
vn -0.031356 0.092616 0.020952
vn -0.031356 0.092616 0.020952
vn -0.031356 0.092616 0.020952
vn -0.031356 0.092616 0.020952
vn -0.031356 0.092616 0.020952
vn -0.031356 0.092616 0.020952
vn -0.031356 0.092616 0.020952
vn -0.031356 0.092616 0.020952
vn -0.031356 0.092616 0.020952
vn -0.031356 0.092616 0.020952
vn -0.031356 0.092616 0.020952
vn -0.031356 0.092616 0.020952
vn -0.031356 0.092616 0.020952
vn -0.031356 0.092616 0.020952
vn -0.055557 0.000000 -0.083147
vn -0.055557 0.000000 -0.083147
vn -0.055557 0.000000 -0.083147
vn -0.055557 0.000000 -0.083147
vn -0.055557 0.000000 -0.083147
vn -0.055557 0.000000 -0.083147
vn -0.055557 0.000000 -0.083147
vn -0.055557 0.000000 -0.083147
vn -0.055557 0.000000 -0.083147
vn -0.055557 0.000000 -0.083147
vn -0.055557 0.000000 -0.083147
vn -0.055557 0.000000 -0.083147
vn -0.055557 0.000000 -0.083147
vn 0.077008 0.037712 -0.051455
vn 0.077008 0.037712 -0.051455
vn 0.077008 0.037712 -0.051455
vn 0.077008 0.037712 -0.051455
vn 0.077008 0.037712 -0.051455
vn 0.077008 0.037712 -0.051455
vn 0.031356 -0.092616 -0.020952
vn 0.031356 -0.092616 -0.020952
vn 0.031356 -0.092616 -0.020952
vn 0.031356 -0.092616 -0.020952
vn 0.055557 0.000000 0.083147
vn 0.055557 0.000000 0.083147
vn 0.055557 0.000000 0.083147
vn -0.077008 -0.037712 0.051455
vn -0.077008 -0.037712 0.051455
vn -0.077008 -0.037712 0.051455
vn -0.077008 -0.037712 0.051455
vn -0.077008 -0.037712 0.051455
vn 0.077008 0.037712 -0.051455
vn 0.077008 0.037712 -0.051455
vn 0.077008 0.037712 -0.051455
vn 0.000000 0.000000 0.100000
vn 0.000000 0.000000 0.100000
vn 0.000000 0.000000 0.100000
vn -0.037712 0.092616 0.000000
vn -0.037712 0.092616 0.000000
vn -0.037712 0.092616 0.000000
vn -0.037712 0.092616 0.000000
vn -0.037712 0.092616 0.000000
vn -0.037712 0.092616 0.000000
vn -0.037712 0.092616 0.000000
vn -0.037712 0.092616 0.000000
vn 0.092616 0.037712 0.000000
vn 0.092616 0.037712 0.000000
vn 0.092616 0.037712 0.000000
vn 0.092616 0.037712 0.000000
vn 0.092616 0.037712 0.000000
vn 0.092616 0.037712 0.000000
vn -0.036987 0.092616 0.007357
vn -0.036987 0.092616 0.007357
vn -0.036987 0.092616 0.007357
vn 0.019509 0.000000 0.098079
vn 0.019509 0.000000 0.098079
vn 0.019509 0.000000 0.098079
vn 0.090837 0.037712 -0.018069
vn 0.090837 0.037712 -0.018069
vn 0.090837 0.037712 -0.018069
vn -0.034841 0.092616 0.014432
vn -0.034841 0.092616 0.014432
vn -0.034841 0.092616 0.014432
vn -0.034841 0.092616 0.014432
vn -0.034841 0.092616 0.014432
vn -0.034841 0.092616 0.014432
vn -0.034841 0.092616 0.014432
vn -0.034841 0.092616 0.014432
vn -0.034841 0.092616 0.014432
vn -0.034841 0.092616 0.014432
vn -0.034841 0.092616 0.014432
vn 0.038268 0.000000 0.092388
vn 0.038268 0.000000 0.092388
vn 0.038268 0.000000 0.092388
vn 0.038268 0.000000 0.092388
vn 0.085566 0.037712 -0.035443
vn 0.085566 0.037712 -0.035443
vn 0.085566 0.037712 -0.035443
vn -0.034841 0.092616 0.014432
vn -0.034841 0.092616 0.014432
vn -0.034841 0.092616 0.014432
vn -0.034841 0.092616 0.014432
vn -0.034841 0.092616 0.014432
vn -0.034841 0.092616 0.014432
vn -0.034841 0.092616 0.014432
vn -0.034841 0.092616 0.014432
vn -0.034841 0.092616 0.014432
vn -0.034841 0.092616 0.014432
vn -0.034841 0.092616 0.014432
vn -0.034841 0.092616 0.014432
vn -0.034841 0.092616 0.014432
vn -0.034841 0.092616 0.014432
vn -0.038268 0.000000 -0.092388
vn -0.038268 0.000000 -0.092388
vn -0.038268 0.000000 -0.092388
vn -0.038268 0.000000 -0.092388
vn -0.038268 0.000000 -0.092388
vn -0.038268 0.000000 -0.092388
vn -0.038268 0.000000 -0.092388
vn -0.038268 0.000000 -0.092388
vn -0.038268 0.000000 -0.092388
vn -0.038268 0.000000 -0.092388
vn -0.038268 0.000000 -0.092388
vn -0.038268 0.000000 -0.092388
vn -0.038268 0.000000 -0.092388
vn 0.085566 0.037712 -0.035443
vn 0.085566 0.037712 -0.035443
vn 0.085566 0.037712 -0.035443
vn 0.085566 0.037712 -0.035443
vn 0.085566 0.037712 -0.035443
vn 0.085566 0.037712 -0.035443
vn 0.034841 -0.092616 -0.014432
vn 0.034841 -0.092616 -0.014432
vn 0.034841 -0.092616 -0.014432
vn 0.034841 -0.092616 -0.014432
vn 0.038268 0.000000 0.092388
vn 0.038268 0.000000 0.092388
vn 0.038268 0.000000 0.092388
vn -0.085566 -0.037712 0.035443
vn -0.085566 -0.037712 0.035443
vn -0.085566 -0.037712 0.035443
vn -0.085566 -0.037712 0.035443
vn -0.085566 -0.037712 0.035443
vn 0.085566 0.037712 -0.035443
vn 0.085566 0.037712 -0.035443
vn 0.085566 0.037712 -0.035443
vn -0.019509 0.000000 0.098079
vn -0.019509 0.000000 0.098079
vn -0.019509 0.000000 0.098079
vn -0.036987 0.092616 -0.007357
vn -0.036987 0.092616 -0.007357
vn -0.036987 0.092616 -0.007357
vn -0.036987 0.092616 -0.007357
vn -0.036987 0.092616 -0.007357
vn -0.036987 0.092616 -0.007357
vn -0.036987 0.092616 -0.007357
vn -0.036987 0.092616 -0.007357
vn 0.090837 0.037712 0.018069
vn 0.090837 0.037712 0.018069
vn 0.090837 0.037712 0.018069
vn 0.090837 0.037712 0.018069
vn 0.090837 0.037712 0.018069
vn 0.090837 0.037712 0.018069
vn -0.037712 0.092616 0.000000
vn -0.037712 0.092616 0.000000
vn -0.037712 0.092616 0.000000
vn 0.000000 0.000000 0.100000
vn 0.000000 0.000000 0.100000
vn 0.000000 0.000000 0.100000
vn 0.092616 0.037712 0.000000
vn 0.092616 0.037712 0.000000
vn 0.092616 0.037712 0.000000
vn -0.036987 0.092616 0.007357
vn -0.036987 0.092616 0.007357
vn -0.036987 0.092616 0.007357
vn -0.036987 0.092616 0.007357
vn -0.036987 0.092616 0.007357
vn -0.036987 0.092616 0.007357
vn -0.036987 0.092616 0.007357
vn -0.036987 0.092616 0.007357
vn -0.036987 0.092616 0.007357
vn -0.036987 0.092616 0.007357
vn -0.036987 0.092616 0.007357
vn 0.019509 0.000000 0.098079
vn 0.019509 0.000000 0.098079
vn 0.019509 0.000000 0.098079
vn 0.019509 0.000000 0.098079
vn 0.090837 0.037712 -0.018069
vn 0.090837 0.037712 -0.018069
vn 0.090837 0.037712 -0.018069
vn -0.036987 0.092616 0.007357
vn -0.036987 0.092616 0.007357
vn -0.036987 0.092616 0.007357
vn -0.036987 0.092616 0.007357
vn -0.036987 0.092616 0.007357
vn -0.036987 0.092616 0.007357
vn -0.036987 0.092616 0.007357
vn -0.036987 0.092616 0.007357
vn -0.036987 0.092616 0.007357
vn -0.036987 0.092616 0.007357
vn -0.036987 0.092616 0.007357
vn -0.036987 0.092616 0.007357
vn -0.036987 0.092616 0.007357
vn -0.036987 0.092616 0.007357
vn -0.019509 0.000000 -0.098079
vn -0.019509 0.000000 -0.098079
vn -0.019509 0.000000 -0.098079
vn -0.019509 0.000000 -0.098079
vn -0.019509 0.000000 -0.098079
vn -0.019509 0.000000 -0.098079
vn -0.019509 0.000000 -0.098079
vn -0.019509 0.000000 -0.098079
vn -0.019509 0.000000 -0.098079
vn -0.019509 0.000000 -0.098079
vn -0.019509 0.000000 -0.098079
vn -0.019509 0.000000 -0.098079
vn -0.019509 0.000000 -0.098079
vn 0.090837 0.037712 -0.018069
vn 0.090837 0.037712 -0.018069
vn 0.090837 0.037712 -0.018069
vn 0.090837 0.037712 -0.018069
vn 0.090837 0.037712 -0.018069
vn 0.090837 0.037712 -0.018069
vn 0.036987 -0.092616 -0.007357
vn 0.036987 -0.092616 -0.007357
vn 0.036987 -0.092616 -0.007357
vn 0.036987 -0.092616 -0.007357
vn 0.019509 0.000000 0.098079
vn 0.019509 0.000000 0.098079
vn 0.019509 0.000000 0.098079
vn -0.090837 -0.037712 0.018069
vn -0.090837 -0.037712 0.018069
vn -0.090837 -0.037712 0.018069
vn -0.090837 -0.037712 0.018069
vn -0.090837 -0.037712 0.018069
vn 0.090837 0.037712 -0.018069
vn 0.090837 0.037712 -0.018069
vn 0.090837 0.037712 -0.018069
vn -0.038268 0.000000 0.092388
vn -0.038268 0.000000 0.092388
vn -0.038268 0.000000 0.092388
vn -0.034841 0.092616 -0.014432
vn -0.034841 0.092616 -0.014432
vn -0.034841 0.092616 -0.014432
vn -0.034841 0.092616 -0.014432
vn -0.034841 0.092616 -0.014432
vn -0.034841 0.092616 -0.014432
vn -0.034841 0.092616 -0.014432
vn -0.034841 0.092616 -0.014432
vn 0.085566 0.037712 0.035443
vn 0.085566 0.037712 0.035443
vn 0.085566 0.037712 0.035443
vn 0.085566 0.037712 0.035443
vn 0.085566 0.037712 0.035443
vn 0.085566 0.037712 0.035443
vn -0.036987 0.092616 -0.007357
vn -0.036987 0.092616 -0.007357
vn -0.036987 0.092616 -0.007357
vn -0.019509 0.000000 0.098079
vn -0.019509 0.000000 0.098079
vn -0.019509 0.000000 0.098079
vn 0.090837 0.037712 0.018069
vn 0.090837 0.037712 0.018069
vn 0.090837 0.037712 0.018069
vn -0.037712 0.092616 0.000000
vn -0.037712 0.092616 0.000000
vn -0.037712 0.092616 0.000000
vn -0.037712 0.092616 0.000000
vn -0.037712 0.092616 0.000000
vn -0.037712 0.092616 0.000000
vn -0.037712 0.092616 0.000000
vn -0.037712 0.092616 0.000000
vn -0.037712 0.092616 0.000000
vn -0.037712 0.092616 0.000000
vn -0.037712 0.092616 0.000000
vn 0.000000 0.000000 0.100000
vn 0.000000 0.000000 0.100000
vn 0.000000 0.000000 0.100000
vn 0.000000 0.000000 0.100000
vn 0.092616 0.037712 0.000000
vn 0.092616 0.037712 0.000000
vn 0.092616 0.037712 0.000000
vn -0.037712 0.092616 0.000000
vn -0.037712 0.092616 0.000000
vn -0.037712 0.092616 0.000000
vn -0.037712 0.092616 0.000000
vn -0.037712 0.092616 0.000000
vn -0.037712 0.092616 0.000000
vn -0.037712 0.092616 0.000000
vn -0.037712 0.092616 0.000000
vn -0.037712 0.092616 0.000000
vn -0.037712 0.092616 0.000000
vn -0.037712 0.092616 0.000000
vn -0.037712 0.092616 0.000000
vn -0.037712 0.092616 0.000000
vn -0.037712 0.092616 0.000000
vn 0.000000 0.000000 -0.100000
vn 0.000000 0.000000 -0.100000
vn 0.000000 0.000000 -0.100000
vn 0.000000 0.000000 -0.100000
vn 0.000000 0.000000 -0.100000
vn 0.000000 0.000000 -0.100000
vn 0.000000 0.000000 -0.100000
vn 0.000000 0.000000 -0.100000
vn 0.000000 0.000000 -0.100000
vn 0.000000 0.000000 -0.100000
vn 0.000000 0.000000 -0.100000
vn 0.000000 0.000000 -0.100000
vn 0.000000 0.000000 -0.100000
vn 0.092616 0.037712 0.000000
vn 0.092616 0.037712 0.000000
vn 0.092616 0.037712 0.000000
vn 0.092616 0.037712 0.000000
vn 0.092616 0.037712 0.000000
vn 0.092616 0.037712 0.000000
vn 0.037712 -0.092616 0.000000
vn 0.037712 -0.092616 0.000000
vn 0.037712 -0.092616 0.000000
vn 0.037712 -0.092616 0.000000
vn 0.000000 0.000000 0.100000
vn 0.000000 0.000000 0.100000
vn 0.000000 0.000000 0.100000
vn -0.092616 -0.037712 0.000000
vn -0.092616 -0.037712 0.000000
vn -0.092616 -0.037712 0.000000
vn -0.092616 -0.037712 0.000000
vn -0.092616 -0.037712 0.000000
vn 0.092616 0.037712 0.000000
vn 0.092616 0.037712 0.000000
vn 0.092616 0.037712 0.000000
vn -0.055557 0.000000 0.083147
vn -0.055557 0.000000 0.083147
vn -0.055557 0.000000 0.083147
vn -0.031356 0.092616 -0.020952
vn -0.031356 0.092616 -0.020952
vn -0.031356 0.092616 -0.020952
vn -0.031356 0.092616 -0.020952
vn -0.031356 0.092616 -0.020952
vn -0.031356 0.092616 -0.020952
vn -0.031356 0.092616 -0.020952
vn -0.031356 0.092616 -0.020952
vn 0.077008 0.037712 0.051455
vn 0.077008 0.037712 0.051455
vn 0.077008 0.037712 0.051455
vn 0.077008 0.037712 0.051455
vn 0.077008 0.037712 0.051455
vn 0.077008 0.037712 0.051455
vn -0.034841 0.092616 -0.014432
vn -0.034841 0.092616 -0.014432
vn -0.034841 0.092616 -0.014432
vn -0.038268 0.000000 0.092388
vn -0.038268 0.000000 0.092388
vn -0.038268 0.000000 0.092388
vn 0.085566 0.037712 0.035443
vn 0.085566 0.037712 0.035443
vn 0.085566 0.037712 0.035443
vn -0.036987 0.092616 -0.007357
vn -0.036987 0.092616 -0.007357
vn -0.036987 0.092616 -0.007357
vn -0.036987 0.092616 -0.007357
vn -0.036987 0.092616 -0.007357
vn -0.036987 0.092616 -0.007357
vn -0.036987 0.092616 -0.007357
vn -0.036987 0.092616 -0.007357
vn -0.036987 0.092616 -0.007357
vn -0.036987 0.092616 -0.007357
vn -0.036987 0.092616 -0.007357
vn -0.019509 0.000000 0.098079
vn -0.019509 0.000000 0.098079
vn -0.019509 0.000000 0.098079
vn -0.019509 0.000000 0.098079
vn 0.090837 0.037712 0.018069
vn 0.090837 0.037712 0.018069
vn 0.090837 0.037712 0.018069
vn -0.036987 0.092616 -0.007357
vn -0.036987 0.092616 -0.007357
vn -0.036987 0.092616 -0.007357
vn -0.036987 0.092616 -0.007357
vn -0.036987 0.092616 -0.007357
vn -0.036987 0.092616 -0.007357
vn -0.036987 0.092616 -0.007357
vn -0.036987 0.092616 -0.007357
vn -0.036987 0.092616 -0.007357
vn -0.036987 0.092616 -0.007357
vn -0.036987 0.092616 -0.007357
vn -0.036987 0.092616 -0.007357
vn -0.036987 0.092616 -0.007357
vn -0.036987 0.092616 -0.007357
vn 0.019509 0.000000 -0.098079
vn 0.019509 0.000000 -0.098079
vn 0.019509 0.000000 -0.098079
vn 0.019509 0.000000 -0.098079
vn 0.019509 0.000000 -0.098079
vn 0.019509 0.000000 -0.098079
vn 0.019509 0.000000 -0.098079
vn 0.019509 0.000000 -0.098079
vn 0.019509 0.000000 -0.098079
vn 0.019509 0.000000 -0.098079
vn 0.019509 0.000000 -0.098079
vn 0.019509 0.000000 -0.098079
vn 0.019509 0.000000 -0.098079
vn 0.090837 0.037712 0.018069
vn 0.090837 0.037712 0.018069
vn 0.090837 0.037712 0.018069
vn 0.090837 0.037712 0.018069
vn 0.090837 0.037712 0.018069
vn 0.090837 0.037712 0.018069
vn 0.036987 -0.092616 0.007357
vn 0.036987 -0.092616 0.007357
vn 0.036987 -0.092616 0.007357
vn 0.036987 -0.092616 0.007357
vn -0.019509 0.000000 0.098079
vn -0.019509 0.000000 0.098079
vn -0.019509 0.000000 0.098079
vn -0.090837 -0.037712 -0.018069
vn -0.090837 -0.037712 -0.018069
vn -0.090837 -0.037712 -0.018069
vn -0.090837 -0.037712 -0.018069
vn -0.090837 -0.037712 -0.018069
vn 0.090837 0.037712 0.018069
vn 0.090837 0.037712 0.018069
vn 0.090837 0.037712 0.018069
vn -0.070711 0.000000 0.070711
vn -0.070711 0.000000 0.070711
vn -0.070711 0.000000 0.070711
vn -0.026666 0.092616 -0.026666
vn -0.026666 0.092616 -0.026666
vn -0.026666 0.092616 -0.026666
vn -0.026666 0.092616 -0.026666
vn -0.026666 0.092616 -0.026666
vn -0.026666 0.092616 -0.026666
vn -0.026666 0.092616 -0.026666
vn -0.026666 0.092616 -0.026666
vn 0.065490 0.037712 0.065490
vn 0.065490 0.037712 0.065490
vn 0.065490 0.037712 0.065490
vn 0.065490 0.037712 0.065490
vn 0.065490 0.037712 0.065490
vn 0.065490 0.037712 0.065490
vn -0.031356 0.092616 -0.020952
vn -0.031356 0.092616 -0.020952
vn -0.031356 0.092616 -0.020952
vn -0.055557 0.000000 0.083147
vn -0.055557 0.000000 0.083147
vn -0.055557 0.000000 0.083147
vn 0.077008 0.037712 0.051455
vn 0.077008 0.037712 0.051455
vn 0.077008 0.037712 0.051455
vn -0.034841 0.092616 -0.014432
vn -0.034841 0.092616 -0.014432
vn -0.034841 0.092616 -0.014432
vn -0.034841 0.092616 -0.014432
vn -0.034841 0.092616 -0.014432
vn -0.034841 0.092616 -0.014432
vn -0.034841 0.092616 -0.014432
vn -0.034841 0.092616 -0.014432
vn -0.034841 0.092616 -0.014432
vn -0.034841 0.092616 -0.014432
vn -0.034841 0.092616 -0.014432
vn -0.038268 0.000000 0.092388
vn -0.038268 0.000000 0.092388
vn -0.038268 0.000000 0.092388
vn -0.038268 0.000000 0.092388
vn 0.085566 0.037712 0.035443
vn 0.085566 0.037712 0.035443
vn 0.085566 0.037712 0.035443
vn -0.034841 0.092616 -0.014432
vn -0.034841 0.092616 -0.014432
vn -0.034841 0.092616 -0.014432
vn -0.034841 0.092616 -0.014432
vn -0.034841 0.092616 -0.014432
vn -0.034841 0.092616 -0.014432
vn -0.034841 0.092616 -0.014432
vn -0.034841 0.092616 -0.014432
vn -0.034841 0.092616 -0.014432
vn -0.034841 0.092616 -0.014432
vn -0.034841 0.092616 -0.014432
vn -0.034841 0.092616 -0.014432
vn -0.034841 0.092616 -0.014432
vn -0.034841 0.092616 -0.014432
vn 0.038268 0.000000 -0.092388
vn 0.038268 0.000000 -0.092388
vn 0.038268 0.000000 -0.092388
vn 0.038268 0.000000 -0.092388
vn 0.038268 0.000000 -0.092388
vn 0.038268 0.000000 -0.092388
vn 0.038268 0.000000 -0.092388
vn 0.038268 0.000000 -0.092388
vn 0.038268 0.000000 -0.092388
vn 0.038268 0.000000 -0.092388
vn 0.038268 0.000000 -0.092388
vn 0.038268 0.000000 -0.092388
vn 0.038268 0.000000 -0.092388
vn 0.085566 0.037712 0.035443
vn 0.085566 0.037712 0.035443
vn 0.085566 0.037712 0.035443
vn 0.085566 0.037712 0.035443
vn 0.085566 0.037712 0.035443
vn 0.085566 0.037712 0.035443
vn 0.034841 -0.092616 0.014432
vn 0.034841 -0.092616 0.014432
vn 0.034841 -0.092616 0.014432
vn 0.034841 -0.092616 0.014432
vn -0.038268 0.000000 0.092388
vn -0.038268 0.000000 0.092388
vn -0.038268 0.000000 0.092388
vn -0.085566 -0.037712 -0.035443
vn -0.085566 -0.037712 -0.035443
vn -0.085566 -0.037712 -0.035443
vn -0.085566 -0.037712 -0.035443
vn -0.085566 -0.037712 -0.035443
vn 0.085566 0.037712 0.035443
vn 0.085566 0.037712 0.035443
vn 0.085566 0.037712 0.035443
vn -0.083147 0.000000 0.055557
vn -0.083147 0.000000 0.055557
vn -0.083147 0.000000 0.055557
vn -0.020952 0.092616 -0.031356
vn -0.020952 0.092616 -0.031356
vn -0.020952 0.092616 -0.031356
vn -0.020952 0.092616 -0.031356
vn -0.020952 0.092616 -0.031356
vn -0.020952 0.092616 -0.031356
vn -0.020952 0.092616 -0.031356
vn -0.020952 0.092616 -0.031356
vn 0.051455 0.037712 0.077008
vn 0.051455 0.037712 0.077008
vn 0.051455 0.037712 0.077008
vn 0.051455 0.037712 0.077008
vn 0.051455 0.037712 0.077008
vn 0.051455 0.037712 0.077008
vn -0.026666 0.092616 -0.026666
vn -0.026666 0.092616 -0.026666
vn -0.026666 0.092616 -0.026666
vn -0.070711 0.000000 0.070711
vn -0.070711 0.000000 0.070711
vn -0.070711 0.000000 0.070711
vn 0.065490 0.037712 0.065490
vn 0.065490 0.037712 0.065490
vn 0.065490 0.037712 0.065490
vn -0.031356 0.092616 -0.020952
vn -0.031356 0.092616 -0.020952
vn -0.031356 0.092616 -0.020952
vn -0.031356 0.092616 -0.020952
vn -0.031356 0.092616 -0.020952
vn -0.031356 0.092616 -0.020952
vn -0.031356 0.092616 -0.020952
vn -0.031356 0.092616 -0.020952
vn -0.031356 0.092616 -0.020952
vn -0.031356 0.092616 -0.020952
vn -0.031356 0.092616 -0.020952
vn -0.055557 0.000000 0.083147
vn -0.055557 0.000000 0.083147
vn -0.055557 0.000000 0.083147
vn -0.055557 0.000000 0.083147
vn 0.077008 0.037712 0.051455
vn 0.077008 0.037712 0.051455
vn 0.077008 0.037712 0.051455
vn -0.031356 0.092616 -0.020952
vn -0.031356 0.092616 -0.020952
vn -0.031356 0.092616 -0.020952
vn -0.031356 0.092616 -0.020952
vn -0.031356 0.092616 -0.020952
vn -0.031356 0.092616 -0.020952
vn -0.031356 0.092616 -0.020952
vn -0.031356 0.092616 -0.020952
vn -0.031356 0.092616 -0.020952
vn -0.031356 0.092616 -0.020952
vn -0.031356 0.092616 -0.020952
vn -0.031356 0.092616 -0.020952
vn -0.031356 0.092616 -0.020952
vn -0.031356 0.092616 -0.020952
vn 0.055557 0.000000 -0.083147
vn 0.055557 0.000000 -0.083147
vn 0.055557 0.000000 -0.083147
vn 0.055557 0.000000 -0.083147
vn 0.055557 0.000000 -0.083147
vn 0.055557 0.000000 -0.083147
vn 0.055557 0.000000 -0.083147
vn 0.055557 0.000000 -0.083147
vn 0.055557 0.000000 -0.083147
vn 0.055557 0.000000 -0.083147
vn 0.055557 0.000000 -0.083147
vn 0.055557 0.000000 -0.083147
vn 0.055557 0.000000 -0.083147
vn 0.077008 0.037712 0.051455
vn 0.077008 0.037712 0.051455
vn 0.077008 0.037712 0.051455
vn 0.077008 0.037712 0.051455
vn 0.077008 0.037712 0.051455
vn 0.077008 0.037712 0.051455
vn 0.031356 -0.092616 0.020952
vn 0.031356 -0.092616 0.020952
vn 0.031356 -0.092616 0.020952
vn 0.031356 -0.092616 0.020952
vn -0.055557 0.000000 0.083147
vn -0.055557 0.000000 0.083147
vn -0.055557 0.000000 0.083147
vn -0.077008 -0.037712 -0.051455
vn -0.077008 -0.037712 -0.051455
vn -0.077008 -0.037712 -0.051455
vn -0.077008 -0.037712 -0.051455
vn -0.077008 -0.037712 -0.051455
vn 0.077008 0.037712 0.051455
vn 0.077008 0.037712 0.051455
vn 0.077008 0.037712 0.051455
vn -0.092388 0.000000 0.038268
vn -0.092388 0.000000 0.038268
vn -0.092388 0.000000 0.038268
vn -0.014432 0.092616 -0.034841
vn -0.014432 0.092616 -0.034841
vn -0.014432 0.092616 -0.034841
vn -0.014432 0.092616 -0.034841
vn -0.014432 0.092616 -0.034841
vn -0.014432 0.092616 -0.034841
vn -0.014432 0.092616 -0.034841
vn -0.014432 0.092616 -0.034841
vn 0.035443 0.037712 0.085566
vn 0.035443 0.037712 0.085566
vn 0.035443 0.037712 0.085566
vn 0.035443 0.037712 0.085566
vn 0.035443 0.037712 0.085566
vn 0.035443 0.037712 0.085566
vn -0.020952 0.092616 -0.031356
vn -0.020952 0.092616 -0.031356
vn -0.020952 0.092616 -0.031356
vn -0.083147 0.000000 0.055557
vn -0.083147 0.000000 0.055557
vn -0.083147 0.000000 0.055557
vn 0.051455 0.037712 0.077008
vn 0.051455 0.037712 0.077008
vn 0.051455 0.037712 0.077008
vn -0.026666 0.092616 -0.026666
vn -0.026666 0.092616 -0.026666
vn -0.026666 0.092616 -0.026666
vn -0.026666 0.092616 -0.026666
vn -0.026666 0.092616 -0.026666
vn -0.026666 0.092616 -0.026666
vn -0.026666 0.092616 -0.026666
vn -0.026666 0.092616 -0.026666
vn -0.026666 0.092616 -0.026666
vn -0.026666 0.092616 -0.026666
vn -0.026666 0.092616 -0.026666
vn -0.070711 0.000000 0.070711
vn -0.070711 0.000000 0.070711
vn -0.070711 0.000000 0.070711
vn -0.070711 0.000000 0.070711
vn 0.065490 0.037712 0.065490
vn 0.065490 0.037712 0.065490
vn 0.065490 0.037712 0.065490
vn -0.026666 0.092616 -0.026666
vn -0.026666 0.092616 -0.026666
vn -0.026666 0.092616 -0.026666
vn -0.026666 0.092616 -0.026666
vn -0.026666 0.092616 -0.026666
vn -0.026666 0.092616 -0.026666
vn -0.026666 0.092616 -0.026666
vn -0.026666 0.092616 -0.026666
vn -0.026666 0.092616 -0.026666
vn -0.026666 0.092616 -0.026666
vn -0.026666 0.092616 -0.026666
vn -0.026666 0.092616 -0.026666
vn -0.026666 0.092616 -0.026666
vn -0.026666 0.092616 -0.026666
vn 0.070711 0.000000 -0.070711
vn 0.070711 0.000000 -0.070711
vn 0.070711 0.000000 -0.070711
vn 0.070711 0.000000 -0.070711
vn 0.070711 0.000000 -0.070711
vn 0.070711 0.000000 -0.070711
vn 0.070711 0.000000 -0.070711
vn 0.070711 0.000000 -0.070711
vn 0.070711 0.000000 -0.070711
vn 0.070711 0.000000 -0.070711
vn 0.070711 0.000000 -0.070711
vn 0.070711 0.000000 -0.070711
vn 0.070711 0.000000 -0.070711
vn 0.065490 0.037712 0.065490
vn 0.065490 0.037712 0.065490
vn 0.065490 0.037712 0.065490
vn 0.065490 0.037712 0.065490
vn 0.065490 0.037712 0.065490
vn 0.065490 0.037712 0.065490
vn 0.026666 -0.092616 0.026666
vn 0.026666 -0.092616 0.026666
vn 0.026666 -0.092616 0.026666
vn 0.026666 -0.092616 0.026666
vn -0.070711 0.000000 0.070711
vn -0.070711 0.000000 0.070711
vn -0.070711 0.000000 0.070711
vn -0.065490 -0.037712 -0.065490
vn -0.065490 -0.037712 -0.065490
vn -0.065490 -0.037712 -0.065490
vn -0.065490 -0.037712 -0.065490
vn -0.065490 -0.037712 -0.065490
vn 0.065490 0.037712 0.065490
vn 0.065490 0.037712 0.065490
vn 0.065490 0.037712 0.065490
vn -0.098079 0.000000 0.019509
vn -0.098079 0.000000 0.019509
vn -0.098079 0.000000 0.019509
vn -0.007357 0.092616 -0.036987
vn -0.007357 0.092616 -0.036987
vn -0.007357 0.092616 -0.036987
vn -0.007357 0.092616 -0.036987
vn -0.007357 0.092616 -0.036987
vn -0.007357 0.092616 -0.036987
vn -0.007357 0.092616 -0.036987
vn -0.007357 0.092616 -0.036987
vn 0.018069 0.037712 0.090837
vn 0.018069 0.037712 0.090837
vn 0.018069 0.037712 0.090837
vn 0.018069 0.037712 0.090837
vn 0.018069 0.037712 0.090837
vn 0.018069 0.037712 0.090837
vn -0.014432 0.092616 -0.034841
vn -0.014432 0.092616 -0.034841
vn -0.014432 0.092616 -0.034841
vn -0.092388 0.000000 0.038268
vn -0.092388 0.000000 0.038268
vn -0.092388 0.000000 0.038268
vn 0.035443 0.037712 0.085566
vn 0.035443 0.037712 0.085566
vn 0.035443 0.037712 0.085566
vn -0.020952 0.092616 -0.031356
vn -0.020952 0.092616 -0.031356
vn -0.020952 0.092616 -0.031356
vn -0.020952 0.092616 -0.031356
vn -0.020952 0.092616 -0.031356
vn -0.020952 0.092616 -0.031356
vn -0.020952 0.092616 -0.031356
vn -0.020952 0.092616 -0.031356
vn -0.020952 0.092616 -0.031356
vn -0.020952 0.092616 -0.031356
vn -0.020952 0.092616 -0.031356
vn -0.083147 0.000000 0.055557
vn -0.083147 0.000000 0.055557
vn -0.083147 0.000000 0.055557
vn -0.083147 0.000000 0.055557
vn 0.051455 0.037712 0.077008
vn 0.051455 0.037712 0.077008
vn 0.051455 0.037712 0.077008
vn 0.020952 -0.092616 0.031356
vn 0.020952 -0.092616 0.031356
vn 0.020952 -0.092616 0.031356
vn 0.020952 -0.092616 0.031356
vn -0.020952 0.092616 -0.031356
vn -0.020952 0.092616 -0.031356
vn -0.020952 0.092616 -0.031356
vn -0.020952 0.092616 -0.031356
vn -0.020952 0.092616 -0.031356
vn -0.020952 0.092616 -0.031356
vn 0.083147 0.000000 -0.055557
vn 0.083147 0.000000 -0.055557
vn 0.083147 0.000000 -0.055557
vn 0.083147 0.000000 -0.055557
vn 0.083147 0.000000 -0.055557
vn 0.083147 0.000000 -0.055557
vn 0.051455 0.037712 0.077008
vn 0.051455 0.037712 0.077008
vn 0.051455 0.037712 0.077008
vn -0.083147 0.000000 0.055557
vn -0.083147 0.000000 0.055557
vn -0.083147 0.000000 0.055557
vn -0.051455 -0.037712 -0.077008
vn -0.051455 -0.037712 -0.077008
vn -0.051455 -0.037712 -0.077008
vn -0.051455 -0.037712 -0.077008
vn -0.051455 -0.037712 -0.077008
vn 0.083147 0.000000 -0.055557
vn 0.083147 0.000000 -0.055557
vn 0.083147 0.000000 -0.055557
vn 0.083147 0.000000 -0.055557
vn -0.092388 0.000000 0.038268
vn -0.092388 0.000000 0.038268
vn -0.092388 0.000000 0.038268
vn -0.092388 0.000000 0.038268
vn -0.092388 0.000000 0.038268
vn -0.092388 0.000000 0.038268
vn -0.092388 0.000000 0.038268
vn -0.098079 0.000000 0.019509
vn -0.098079 0.000000 0.019509
vn -0.098079 0.000000 0.019509
vn -0.014432 0.092616 -0.034841
vn -0.014432 0.092616 -0.034841
vn -0.014432 0.092616 -0.034841
vn -0.014432 0.092616 -0.034841
vn -0.014432 0.092616 -0.034841
vn -0.014432 0.092616 -0.034841
vn -0.014432 0.092616 -0.034841
vn -0.014432 0.092616 -0.034841
vn -0.007357 0.092616 -0.036987
vn -0.007357 0.092616 -0.036987
vn -0.007357 0.092616 -0.036987
vn -0.007357 0.092616 -0.036987
vn -0.007357 0.092616 -0.036987
vn -0.007357 0.092616 -0.036987
vn -0.014432 0.092616 -0.034841
vn -0.014432 0.092616 -0.034841
vn -0.014432 0.092616 -0.034841
vn 0.092388 0.000000 -0.038268
vn 0.092388 0.000000 -0.038268
vn 0.092388 0.000000 -0.038268
vn 0.092388 0.000000 -0.038268
vn 0.035443 0.037712 0.085566
vn 0.035443 0.037712 0.085566
vn 0.035443 0.037712 0.085566
vn 0.014432 -0.092616 0.034841
vn 0.014432 -0.092616 0.034841
vn 0.014432 -0.092616 0.034841
vn 0.014432 -0.092616 0.034841
vn -0.035443 -0.037712 -0.085566
vn -0.035443 -0.037712 -0.085566
vn -0.035443 -0.037712 -0.085566
vn -0.035443 -0.037712 -0.085566
vn -0.035443 -0.037712 -0.085566
vn 0.035443 0.037712 0.085566
vn 0.035443 0.037712 0.085566
vn 0.035443 0.037712 0.085566
vn -0.098079 0.000000 0.019509
vn -0.098079 0.000000 0.019509
vn -0.098079 0.000000 0.019509
vn -0.098079 0.000000 0.019509
vn 0.018069 0.037712 0.090837
vn 0.018069 0.037712 0.090837
vn 0.018069 0.037712 0.090837
vn 0.018069 0.037712 0.090837
vn 0.018069 0.037712 0.090837
vn 0.018069 0.037712 0.090837
vn -0.098079 0.000000 0.019509
vn -0.098079 0.000000 0.019509
vn -0.098079 0.000000 0.019509
vn -0.018069 -0.037712 -0.090837
vn -0.018069 -0.037712 -0.090837
vn -0.018069 -0.037712 -0.090837
vn -0.018069 -0.037712 -0.090837
vn -0.018069 -0.037712 -0.090837
vn 0.000000 -0.092616 0.037712
vn 0.000000 -0.092616 0.037712
vn 0.000000 -0.092616 0.037712
vn 0.000000 -0.092616 0.037712
vn 0.100000 0.000000 0.000000
vn 0.100000 0.000000 0.000000
vn 0.100000 0.000000 0.000000
vn 0.100000 0.000000 0.000000
vn 0.100000 0.000000 0.000000
vn 0.100000 0.000000 0.000000
vn 0.100000 0.000000 0.000000
vn 0.100000 0.000000 0.000000
vn 0.100000 0.000000 0.000000
vn 0.100000 0.000000 0.000000
vn 0.100000 0.000000 0.000000
vn 0.100000 0.000000 0.000000
vn 0.100000 0.000000 0.000000
vn -0.007357 0.092616 -0.036987
vn 0.000000 0.092616 -0.037712
vn 0.000000 0.092616 -0.037712
vn -0.002466 0.092616 -0.037631
vn -0.004922 0.092616 -0.037389
vn -0.007357 0.092616 -0.036987
vn -0.003696 0.092616 -0.037530
vn -0.003696 0.092616 -0.037530
vn -0.003696 0.092616 -0.037530
vn 0.007357 0.092616 -0.036987
vn 0.007357 0.092616 -0.036987
vn 0.004922 0.092616 -0.037389
vn 0.002466 0.092616 -0.037631
vn 0.000000 0.092616 -0.037712
vn 0.000000 0.092616 -0.037712
vn 0.003696 0.092616 -0.037530
vn 0.003696 0.092616 -0.037530
vn 0.003696 0.092616 -0.037530
vn 0.014432 0.092616 -0.034841
vn 0.014432 0.092616 -0.034841
vn 0.012122 0.092616 -0.035711
vn 0.009761 0.092616 -0.036427
vn 0.007357 0.092616 -0.036987
vn 0.007357 0.092616 -0.036987
vn 0.010947 0.092616 -0.036088
vn 0.010947 0.092616 -0.036088
vn 0.010947 0.092616 -0.036088
vn -0.014432 0.092616 -0.034841
vn -0.007357 0.092616 -0.036987
vn -0.007357 0.092616 -0.036987
vn -0.009761 0.092616 -0.036427
vn -0.012122 0.092616 -0.035711
vn -0.014432 0.092616 -0.034841
vn -0.010947 0.092616 -0.036088
vn -0.010947 0.092616 -0.036088
vn -0.010947 0.092616 -0.036088
vn -0.020952 0.092616 -0.031356
vn -0.014432 0.092616 -0.034841
vn -0.014432 0.092616 -0.034841
vn -0.016680 0.092616 -0.033823
vn -0.018856 0.092616 -0.032660
vn -0.020952 0.092616 -0.031356
vn -0.017777 0.092616 -0.033259
vn -0.017777 0.092616 -0.033259
vn -0.017777 0.092616 -0.033259
vn 0.020952 0.092616 -0.031356
vn 0.020952 0.092616 -0.031356
vn 0.018856 0.092616 -0.032660
vn 0.016680 0.092616 -0.033823
vn 0.014432 0.092616 -0.034841
vn 0.014432 0.092616 -0.034841
vn 0.017777 0.092616 -0.033259
vn 0.017777 0.092616 -0.033259
vn 0.017777 0.092616 -0.033259
vn 0.026666 0.092616 -0.026666
vn 0.026666 0.092616 -0.026666
vn 0.024865 0.092616 -0.028353
vn 0.022958 0.092616 -0.029919
vn 0.020952 0.092616 -0.031356
vn 0.020952 0.092616 -0.031356
vn 0.023924 0.092616 -0.029152
vn 0.023924 0.092616 -0.029152
vn 0.023924 0.092616 -0.029152
vn -0.026666 0.092616 -0.026666
vn -0.020952 0.092616 -0.031356
vn -0.020952 0.092616 -0.031356
vn -0.022958 0.092616 -0.029919
vn -0.024865 0.092616 -0.028353
vn -0.026666 0.092616 -0.026666
vn -0.023924 0.092616 -0.029152
vn -0.023924 0.092616 -0.029152
vn -0.023924 0.092616 -0.029152
vn -0.031356 0.092616 -0.020952
vn -0.026666 0.092616 -0.026666
vn -0.026666 0.092616 -0.026666
vn -0.028353 0.092616 -0.024865
vn -0.029919 0.092616 -0.022958
vn -0.031356 0.092616 -0.020952
vn -0.029152 0.092616 -0.023924
vn -0.029152 0.092616 -0.023924
vn -0.029152 0.092616 -0.023924
vn 0.031356 0.092616 -0.020952
vn 0.031356 0.092616 -0.020952
vn 0.029919 0.092616 -0.022958
vn 0.028353 0.092616 -0.024865
vn 0.026666 0.092616 -0.026666
vn 0.026666 0.092616 -0.026666
vn 0.029152 0.092616 -0.023924
vn 0.029152 0.092616 -0.023924
vn 0.029152 0.092616 -0.023924
vn 0.034841 0.092616 -0.014432
vn 0.034841 0.092616 -0.014432
vn 0.033823 0.092616 -0.016680
vn 0.032660 0.092616 -0.018856
vn 0.031356 0.092616 -0.020952
vn 0.031356 0.092616 -0.020952
vn 0.033259 0.092616 -0.017777
vn 0.033259 0.092616 -0.017777
vn 0.033259 0.092616 -0.017777
vn -0.034841 0.092616 -0.014432
vn -0.031356 0.092616 -0.020952
vn -0.031356 0.092616 -0.020952
vn -0.032660 0.092616 -0.018856
vn -0.033823 0.092616 -0.016680
vn -0.034841 0.092616 -0.014432
vn -0.033259 0.092616 -0.017777
vn -0.033259 0.092616 -0.017777
vn -0.033259 0.092616 -0.017777
vn -0.036987 0.092616 -0.007357
vn -0.034841 0.092616 -0.014432
vn -0.034841 0.092616 -0.014432
vn -0.035711 0.092616 -0.012122
vn -0.036427 0.092616 -0.009761
vn -0.036987 0.092616 -0.007357
vn -0.036088 0.092616 -0.010947
vn -0.036088 0.092616 -0.010947
vn -0.036088 0.092616 -0.010947
vn 0.036987 0.092616 -0.007357
vn 0.036987 0.092616 -0.007357
vn 0.036427 0.092616 -0.009761
vn 0.035711 0.092616 -0.012122
vn 0.034841 0.092616 -0.014432
vn 0.034841 0.092616 -0.014432
vn 0.036088 0.092616 -0.010947
vn 0.036088 0.092616 -0.010947
vn 0.036088 0.092616 -0.010947
vn 0.037712 0.092616 0.000000
vn 0.037712 0.092616 0.000000
vn 0.037631 0.092616 -0.002466
vn 0.037389 0.092616 -0.004922
vn 0.036987 0.092616 -0.007357
vn 0.036987 0.092616 -0.007357
vn 0.037530 0.092616 -0.003696
vn 0.037530 0.092616 -0.003696
vn 0.037530 0.092616 -0.003696
vn -0.037712 0.092616 0.000000
vn -0.036987 0.092616 -0.007357
vn -0.036987 0.092616 -0.007357
vn -0.037389 0.092616 -0.004922
vn -0.037631 0.092616 -0.002466
vn -0.037712 0.092616 0.000000
vn -0.037530 0.092616 -0.003696
vn -0.037530 0.092616 -0.003696
vn -0.037530 0.092616 -0.003696
vn -0.036987 0.092616 0.007357
vn -0.037712 0.092616 0.000000
vn -0.037712 0.092616 0.000000
vn -0.037631 0.092616 0.002466
vn -0.037389 0.092616 0.004922
vn -0.036987 0.092616 0.007357
vn -0.037530 0.092616 0.003696
vn -0.037530 0.092616 0.003696
vn -0.037530 0.092616 0.003696
vn 0.036987 0.092616 0.007357
vn 0.036987 0.092616 0.007357
vn 0.037389 0.092616 0.004922
vn 0.037631 0.092616 0.002466
vn 0.037712 0.092616 0.000000
vn 0.037712 0.092616 0.000000
vn 0.037530 0.092616 0.003696
vn 0.037530 0.092616 0.003696
vn 0.037530 0.092616 0.003696
vn 0.034841 0.092616 0.014432
vn 0.034841 0.092616 0.014432
vn 0.035711 0.092616 0.012122
vn 0.036427 0.092616 0.009761
vn 0.036987 0.092616 0.007357
vn 0.036987 0.092616 0.007357
vn 0.036088 0.092616 0.010947
vn 0.036088 0.092616 0.010947
vn 0.036088 0.092616 0.010947
vn -0.034841 0.092616 0.014432
vn -0.036987 0.092616 0.007357
vn -0.036987 0.092616 0.007357
vn -0.036427 0.092616 0.009761
vn -0.035711 0.092616 0.012122
vn -0.034841 0.092616 0.014432
vn -0.036088 0.092616 0.010947
vn -0.036088 0.092616 0.010947
vn -0.036088 0.092616 0.010947
vn -0.031356 0.092616 0.020952
vn -0.034841 0.092616 0.014432
vn -0.034841 0.092616 0.014432
vn -0.033823 0.092616 0.016680
vn -0.032660 0.092616 0.018856
vn -0.031356 0.092616 0.020952
vn -0.033259 0.092616 0.017777
vn -0.033259 0.092616 0.017777
vn -0.033259 0.092616 0.017777
vn 0.031356 0.092616 0.020952
vn 0.031356 0.092616 0.020952
vn 0.032660 0.092616 0.018856
vn 0.033823 0.092616 0.016680
vn 0.034841 0.092616 0.014432
vn 0.034841 0.092616 0.014432
vn 0.033259 0.092616 0.017777
vn 0.033259 0.092616 0.017777
vn 0.033259 0.092616 0.017777
vn 0.026666 0.092616 0.026666
vn 0.026666 0.092616 0.026666
vn 0.028353 0.092616 0.024865
vn 0.029919 0.092616 0.022958
vn 0.031356 0.092616 0.020952
vn 0.031356 0.092616 0.020952
vn 0.029152 0.092616 0.023924
vn 0.029152 0.092616 0.023924
vn 0.029152 0.092616 0.023924
vn -0.026666 0.092616 0.026666
vn -0.031356 0.092616 0.020952
vn -0.031356 0.092616 0.020952
vn -0.029919 0.092616 0.022958
vn -0.028353 0.092616 0.024865
vn -0.026666 0.092616 0.026666
vn -0.029152 0.092616 0.023924
vn -0.029152 0.092616 0.023924
vn -0.029152 0.092616 0.023924
vn -0.020952 0.092616 0.031356
vn -0.026666 0.092616 0.026666
vn -0.026666 0.092616 0.026666
vn -0.024865 0.092616 0.028353
vn -0.022958 0.092616 0.029919
vn -0.020952 0.092616 0.031356
vn -0.023924 0.092616 0.029152
vn -0.023924 0.092616 0.029152
vn -0.023924 0.092616 0.029152
vn 0.020952 0.092616 0.031356
vn 0.020952 0.092616 0.031356
vn 0.022958 0.092616 0.029919
vn 0.024865 0.092616 0.028353
vn 0.026666 0.092616 0.026666
vn 0.026666 0.092616 0.026666
vn 0.023924 0.092616 0.029152
vn 0.023924 0.092616 0.029152
vn 0.023924 0.092616 0.029152
vn 0.014432 0.092616 0.034841
vn 0.014432 0.092616 0.034841
vn 0.016680 0.092616 0.033823
vn 0.018856 0.092616 0.032660
vn 0.020952 0.092616 0.031356
vn 0.020952 0.092616 0.031356
vn 0.017777 0.092616 0.033259
vn 0.017777 0.092616 0.033259
vn 0.017777 0.092616 0.033259
vn -0.014432 0.092616 0.034841
vn -0.020952 0.092616 0.031356
vn -0.020952 0.092616 0.031356
vn -0.018856 0.092616 0.032660
vn -0.016680 0.092616 0.033823
vn -0.014432 0.092616 0.034841
vn -0.017777 0.092616 0.033259
vn -0.017777 0.092616 0.033259
vn -0.017777 0.092616 0.033259
vn -0.007357 0.092616 0.036987
vn -0.014432 0.092616 0.034841
vn -0.014432 0.092616 0.034841
vn -0.012122 0.092616 0.035711
vn -0.009761 0.092616 0.036427
vn -0.007357 0.092616 0.036987
vn -0.010947 0.092616 0.036088
vn -0.010947 0.092616 0.036088
vn -0.010947 0.092616 0.036088
vn 0.007357 0.092616 0.036987
vn 0.007357 0.092616 0.036987
vn 0.009761 0.092616 0.036427
vn 0.012122 0.092616 0.035711
vn 0.014432 0.092616 0.034841
vn 0.014432 0.092616 0.034841
vn 0.010947 0.092616 0.036088
vn 0.010947 0.092616 0.036088
vn 0.010947 0.092616 0.036088
vn 0.000000 0.092616 0.037712
vn -0.007357 0.092616 0.036987
vn -0.007357 0.092616 0.036987
vn -0.004922 0.092616 0.037389
vn -0.002466 0.092616 0.037631
vn 0.000000 0.092616 0.037712
vn -0.003696 0.092616 0.037530
vn -0.003696 0.092616 0.037530
vn -0.003696 0.092616 0.037530
vn 0.000000 -0.092616 0.037712
vn 0.000000 -0.092616 0.037712
vn 0.000000 -0.092616 0.037712
vn 0.000000 -0.092616 0.037712
vn 0.000000 0.037712 0.092616
vn 0.000000 0.037712 0.092616
vn 0.000000 0.037712 0.092616
vn 0.000000 0.037712 0.092616
vn 0.000000 0.037712 0.092616
vn 0.000000 0.037712 0.092616
vn 0.000000 0.037712 0.092616
vn 0.000000 0.037712 0.092616
vn 0.000000 0.037712 0.092616
vn 0.000000 0.037712 0.092616
vn 0.000000 0.037712 0.092616
vn 0.000000 0.037712 0.092616
vn 0.000000 0.037712 0.092616
vn 0.000000 0.037712 0.092616
vn 0.000000 0.037712 0.092616
vn 0.000000 0.037712 0.092616
vn 0.000000 0.037712 0.092616
vn 0.000000 0.037712 0.092616
vn 0.000000 0.092616 -0.037712
vn 0.000000 0.092616 -0.037712
vn 0.000000 0.092616 -0.037712
vn 0.000000 0.092616 -0.037712
vn 0.000000 0.092616 -0.037712
vn 0.000000 0.092616 -0.037712
vn 0.000000 0.092616 -0.037712
vn 0.000000 0.092616 -0.037712
vn 0.000000 0.092616 -0.037712
vn 0.000000 0.092616 -0.037712
vn 0.000000 0.092616 -0.037712
vn 0.000000 0.092616 -0.037712
vn 0.000000 0.092616 -0.037712
vn 0.000000 0.092616 -0.037712
vn 0.000000 0.092616 -0.037712
vn 0.000000 0.092616 -0.037712
vn 0.000000 0.092616 -0.037712
vn 0.000000 0.092616 -0.037712
vn 0.000000 0.092616 -0.037712
vn 0.000000 0.092616 -0.037712
vn 0.000000 0.092616 -0.037712
vn 0.000000 0.092616 -0.037712
vn 0.000000 0.092616 -0.037712
vn 0.000000 0.092616 -0.037712
vn 0.000000 0.092616 -0.037712
vn 0.000000 0.092616 -0.037712
vn 0.000000 0.092616 -0.037712
vn 0.000000 0.092616 -0.037712
vn 0.000000 0.092616 -0.037712
vn 0.000000 0.092616 -0.037712
vn 0.000000 0.092616 -0.037712
vn 0.000000 0.092616 -0.037712
vn 0.000000 0.092616 -0.037712
vn 0.000000 0.092616 -0.037712
vn 0.000000 0.092616 -0.037712
vn 0.000000 0.092616 -0.037712
vn -0.100000 0.000000 0.000000
vn -0.100000 0.000000 0.000000
vn -0.100000 0.000000 0.000000
vn -0.100000 0.000000 0.000000
vn -0.100000 0.000000 0.000000
vn -0.100000 0.000000 0.000000
vn -0.100000 0.000000 0.000000
vn -0.100000 0.000000 0.000000
vn -0.100000 0.000000 0.000000
vn -0.100000 0.000000 0.000000
vn -0.100000 0.000000 0.000000
vn -0.100000 0.000000 0.000000
vn -0.100000 0.000000 0.000000
vn 0.000000 -0.037712 -0.092616
vn 0.000000 -0.037712 -0.092616
vn 0.000000 -0.037712 -0.092616
vn 0.000000 -0.037712 -0.092616
vn 0.000000 -0.037712 -0.092616
vn 0.000000 0.037712 0.092616
vn 0.000000 0.037712 0.092616
vn 0.000000 0.037712 0.092616
vn -0.100000 0.000000 0.000000
vn -0.076604 0.000000 0.064279
vn -0.017365 0.000000 0.098481
vn 0.050000 0.000000 0.086603
vn 0.093969 0.000000 0.034202
vn 0.093969 0.000000 -0.034202
vn 0.050000 0.000000 -0.086603
vn -0.017365 0.000000 -0.098481
vn -0.076604 0.000000 -0.064279
vn -0.100000 0.000000 0.000000
vn -0.092388 0.000000 -0.038268
vn -0.070711 0.000000 -0.070711
vn -0.038268 0.000000 -0.092388
vn 0.000000 0.000000 -0.100000
vn 0.038268 0.000000 -0.092388
vn 0.070711 0.000000 -0.070711
vn 0.092388 0.000000 -0.038268
vn 0.100000 0.000000 0.000000
vn 0.092388 0.000000 0.038268
vn 0.070711 0.000000 0.070711
vn 0.038268 0.000000 0.092388
vn 0.000000 0.000000 0.100000
vn -0.038268 0.000000 0.092388
vn -0.070711 0.000000 0.070711
vn -0.092388 0.000000 0.038268
vn 0.093969 0.000000 0.034202
vn 0.093969 0.000000 0.034202
vn 0.093969 0.000000 0.034202
vn 0.100000 0.000000 0.000000
vn 0.100000 0.000000 0.000000
vn 0.029722 0.095481 0.000000
vn 0.022768 0.095481 0.019105
vn 0.005161 0.095481 0.029270
vn -0.014861 0.095481 0.025740
vn -0.027929 0.095481 0.010165
vn -0.027929 0.095481 -0.010165
vn -0.014861 0.095481 -0.025740
vn 0.005161 0.095481 -0.029270
vn 0.022768 0.095481 -0.019105
vn 0.029722 0.095481 0.000000
vn 0.029027 0.095481 -0.006389
vn 0.026975 0.095481 -0.012480
vn 0.023661 0.095481 -0.017987
vn 0.019241 0.095481 -0.022653
vn 0.013922 0.095481 -0.026259
vn 0.007951 0.095481 -0.028638
vn 0.001609 0.095481 -0.029678
vn -0.004808 0.095481 -0.029330
vn -0.011001 0.095481 -0.027611
vn -0.016679 0.095481 -0.024600
vn -0.021578 0.095481 -0.020440
vn -0.025467 0.095481 -0.015323
vn -0.028166 0.095481 -0.009490
vn -0.029547 0.095481 -0.003213
vn -0.029547 0.095481 0.003213
vn -0.028166 0.095481 0.009490
vn -0.025467 0.095481 0.015323
vn -0.021578 0.095481 0.020440
vn -0.016679 0.095481 0.024600
vn -0.011001 0.095481 0.027611
vn -0.004808 0.095481 0.029330
vn 0.001609 0.095481 0.029678
vn 0.007951 0.095481 0.028638
vn 0.013922 0.095481 0.026259
vn 0.019241 0.095481 0.022653
vn 0.023661 0.095481 0.017987
vn 0.026975 0.095481 0.012480
vn 0.029027 0.095481 0.006389
vn -0.029722 0.095481 0.000000
vn -0.023661 0.095481 -0.017987
vn -0.001609 0.095481 -0.029678
vn 0.016679 0.095481 -0.024600
vn 0.028166 0.095481 -0.009490
vn 0.028166 0.095481 0.009490
vn 0.016679 0.095481 0.024600
vn -0.007951 0.095481 0.028638
vn -0.023661 0.095481 0.017987
vn 0.029547 0.095481 0.003213
vn 0.029547 0.095481 -0.003213
vn 0.021578 0.095481 0.020440
vn 0.025467 0.095481 0.015323
vn 0.004808 0.095481 0.029330
vn 0.011001 0.095481 0.027611
vn -0.019241 0.095481 0.022653
vn -0.013922 0.095481 0.026259
vn -0.029027 0.095481 0.006389
vn -0.026975 0.095481 0.012480
vn -0.026975 0.095481 -0.012480
vn -0.029027 0.095481 -0.006389
vn -0.013922 0.095481 -0.026259
vn -0.019241 0.095481 -0.022653
vn 0.011001 0.095481 -0.027611
vn 0.004808 0.095481 -0.029330
vn 0.025467 0.095481 -0.015323
vn 0.021578 0.095481 -0.020440
vn -0.007951 0.095481 -0.028638
vn -0.001609 0.095481 0.029678
vn -0.027929 0.095481 0.010165
vn -0.029027 0.095481 0.006389
vn -0.027929 0.095481 0.010165
vn -0.029547 0.095481 -0.003213
vn -0.029547 0.095481 -0.003213
vn -0.029722 0.095481 0.000000
vn -0.029722 0.095481 0.000000
vn -0.027929 0.095481 0.010165
vn 0.009537 -0.099544 0.000000
vn 0.008811 -0.099544 -0.003650
vn 0.006744 -0.099544 -0.006744
vn 0.003650 -0.099544 -0.008811
vn 0.000000 -0.099544 -0.009537
vn -0.003650 -0.099544 -0.008811
vn -0.006744 -0.099544 -0.006744
vn -0.008811 -0.099544 -0.003650
vn -0.009537 -0.099544 0.000000
vn -0.008811 -0.099544 0.003650
vn -0.006744 -0.099544 0.006744
vn -0.003650 -0.099544 0.008811
vn 0.000000 -0.099544 0.009537
vn 0.003650 -0.099544 0.008811
vn 0.006744 -0.099544 0.006744
vn 0.008811 -0.099544 0.003650
vn 0.001861 -0.099544 0.009354
vn 0.001245 -0.099544 0.009456
vn 0.000624 -0.099544 0.009517
vn 0.000000 -0.099544 0.009537
vn -0.000624 -0.099544 0.009517
vn -0.001245 -0.099544 0.009456
vn -0.001861 -0.099544 0.009354
vn -0.002468 -0.099544 0.009212
vn -0.003066 -0.099544 0.009031
vn -0.003650 -0.099544 0.008811
vn -0.004218 -0.099544 0.008554
vn -0.004769 -0.099544 0.008259
vn -0.005299 -0.099544 0.007930
vn -0.005806 -0.099544 0.007566
vn -0.006288 -0.099544 0.007170
vn -0.006744 -0.099544 0.006744
vn -0.007170 -0.099544 0.006288
vn -0.007566 -0.099544 0.005806
vn -0.007930 -0.099544 0.005299
vn -0.008259 -0.099544 0.004769
vn -0.008554 -0.099544 0.004218
vn -0.008811 -0.099544 0.003650
vn -0.009031 -0.099544 0.003066
vn -0.009212 -0.099544 0.002468
vn -0.009354 -0.099544 0.001861
vn -0.009456 -0.099544 0.001245
vn -0.009517 -0.099544 0.000624
vn -0.009537 -0.099544 0.000000
vn -0.009517 -0.099544 -0.000624
vn -0.009456 -0.099544 -0.001245
vn -0.009354 -0.099544 -0.001861
vn -0.009212 -0.099544 -0.002468
vn -0.009031 -0.099544 -0.003066
vn -0.008811 -0.099544 -0.003650
vn -0.008554 -0.099544 -0.004218
vn -0.008259 -0.099544 -0.004769
vn -0.007930 -0.099544 -0.005299
vn -0.007566 -0.099544 -0.005806
vn -0.007170 -0.099544 -0.006288
vn -0.006744 -0.099544 -0.006744
vn -0.006288 -0.099544 -0.007170
vn -0.005806 -0.099544 -0.007566
vn -0.005299 -0.099544 -0.007930
vn -0.004769 -0.099544 -0.008259
vn -0.004218 -0.099544 -0.008554
vn -0.003650 -0.099544 -0.008811
vn -0.003066 -0.099544 -0.009031
vn -0.002468 -0.099544 -0.009212
vn -0.001861 -0.099544 -0.009354
vn -0.001245 -0.099544 -0.009456
vn -0.000624 -0.099544 -0.009517
vn 0.000000 -0.099544 -0.009537
vn 0.000624 -0.099544 -0.009517
vn 0.001245 -0.099544 -0.009456
vn 0.001861 -0.099544 -0.009354
vn 0.002468 -0.099544 -0.009212
vn 0.003066 -0.099544 -0.009031
vn 0.003650 -0.099544 -0.008811
vn 0.004218 -0.099544 -0.008554
vn 0.004769 -0.099544 -0.008259
vn 0.005299 -0.099544 -0.007930
vn 0.005806 -0.099544 -0.007566
vn 0.006288 -0.099544 -0.007170
vn 0.006744 -0.099544 -0.006744
vn 0.007170 -0.099544 -0.006288
vn 0.007566 -0.099544 -0.005806
vn 0.007930 -0.099544 -0.005299
vn 0.008259 -0.099544 -0.004769
vn 0.008554 -0.099544 -0.004218
vn 0.008811 -0.099544 -0.003650
vn 0.009031 -0.099544 -0.003066
vn 0.009212 -0.099544 -0.002468
vn 0.009354 -0.099544 -0.001861
vn 0.009456 -0.099544 -0.001245
vn 0.009517 -0.099544 -0.000624
vn 0.009537 -0.099544 0.000000
vn 0.009517 -0.099544 0.000624
vn 0.009456 -0.099544 0.001245
vn 0.009354 -0.099544 0.001861
vn 0.009212 -0.099544 0.002468
vn 0.009031 -0.099544 0.003066
vn 0.008811 -0.099544 0.003650
vn 0.008554 -0.099544 0.004218
vn 0.008259 -0.099544 0.004769
vn 0.007930 -0.099544 0.005299
vn 0.007566 -0.099544 0.005806
vn 0.007170 -0.099544 0.006288
vn 0.006744 -0.099544 0.006744
vn 0.006288 -0.099544 0.007170
vn 0.005806 -0.099544 0.007566
vn 0.005299 -0.099544 0.007930
vn 0.004769 -0.099544 0.008259
vn 0.004218 -0.099544 0.008554
vn 0.003650 -0.099544 0.008811
vn 0.003066 -0.099544 0.009031
vn 0.002468 -0.099544 0.009212
vn 0.000000 -0.099544 -0.009537
vn -0.002372 -0.099544 -0.009238
vn -0.005606 -0.099544 -0.007716
vn -0.008052 -0.099544 -0.005110
vn -0.009368 -0.099544 -0.001787
vn -0.009368 -0.099544 0.001787
vn -0.008052 -0.099544 0.005110
vn -0.005606 -0.099544 0.007716
vn -0.002372 -0.099544 0.009238
vn 0.002372 -0.099544 0.009238
vn 0.005606 -0.099544 0.007716
vn 0.008052 -0.099544 0.005110
vn 0.009368 -0.099544 0.001787
vn 0.009368 -0.099544 -0.001787
vn 0.008052 -0.099544 -0.005110
vn 0.005606 -0.099544 -0.007716
vn 0.002372 -0.099544 -0.009238
vn 0.009518 -0.099544 -0.000599
vn 0.009518 -0.099544 0.000599
vn 0.008629 -0.099544 -0.004061
vn 0.009070 -0.099544 -0.002947
vn 0.006529 -0.099544 -0.006952
vn 0.007349 -0.099544 -0.006079
vn 0.003511 -0.099544 -0.008867
vn 0.004595 -0.099544 -0.008357
vn -0.001195 -0.099544 -0.009462
vn -0.004595 -0.099544 -0.008357
vn -0.003511 -0.099544 -0.008867
vn -0.007349 -0.099544 -0.006079
vn -0.006529 -0.099544 -0.006952
vn -0.009070 -0.099544 -0.002947
vn -0.008629 -0.099544 -0.004061
vn -0.009518 -0.099544 0.000599
vn -0.009518 -0.099544 -0.000599
vn -0.008629 -0.099544 0.004061
vn -0.009070 -0.099544 0.002947
vn -0.006529 -0.099544 0.006952
vn -0.007349 -0.099544 0.006079
vn -0.003511 -0.099544 0.008867
vn -0.004595 -0.099544 0.008357
vn 0.000000 -0.099544 0.009537
vn 0.001195 -0.099544 0.009462
vn 0.004595 -0.099544 0.008357
vn 0.003511 -0.099544 0.008867
vn 0.007349 -0.099544 0.006079
vn 0.006529 -0.099544 0.006952
vn 0.009070 -0.099544 0.002947
vn 0.008629 -0.099544 0.004061
vn -0.001195 -0.099544 0.009462
vn 0.001195 -0.099544 -0.009462
vn 0.000000 -0.099544 -0.009537
vn 0.000000 -0.099544 -0.009537
vn 0.000000 -0.099544 -0.009537
vn -0.000624 -0.099544 -0.009517
vn 0.000000 -0.099544 -0.009537
vn 0.000000 -0.099544 -0.009537
vn 0.000000 0.092616 0.037712
vn 0.000000 0.092616 0.037712
vn 0.002466 0.092616 0.037631
vn 0.004922 0.092616 0.037389
vn 0.007357 0.092616 0.036987
vn 0.007357 0.092616 0.036987
vn 0.003696 0.092616 0.037530
vn 0.003696 0.092616 0.037530
vn 0.003696 0.092616 0.037530
vn 0.000000 -0.100000 0.000000
vn 0.000000 -0.100000 0.000000
vn 0.000000 -0.100000 0.000000
vn 0.000000 -0.100000 0.000000
vn 0.000000 -0.100000 0.000000
vn 0.000000 -0.100000 0.000000
vn 0.000000 -0.100000 0.000000
vn 0.000000 -0.100000 0.000000
vn 0.000000 -0.100000 0.000000
vn 0.000000 -0.100000 0.000000
vn 0.000000 -0.100000 0.000000
vn 0.000000 -0.100000 0.000000
vn 0.000000 -0.100000 0.000000
vn 0.000000 -0.100000 0.000000
vn 0.000000 -0.100000 0.000000
vn 0.000000 -0.100000 0.000000
vn 0.000000 -0.100000 0.000000
vn 0.000000 -0.100000 0.000000
vn 0.000000 -0.100000 0.000000
vn 0.000000 -0.100000 0.000000
vn 0.000000 -0.100000 0.000000
vn 0.000000 -0.100000 0.000000
vn 0.000000 -0.100000 0.000000
vn 0.000000 -0.100000 0.000000
vn 0.000000 -0.100000 0.000000
vn 0.000000 -0.100000 0.000000
vn 0.000000 -0.100000 0.000000
vn 0.000000 -0.100000 0.000000
vn 0.000000 -0.100000 0.000000
vn 0.000000 0.100000 0.000000
vn 0.000000 0.100000 0.000000
vn 0.000000 0.100000 0.000000
vn 0.000000 0.100000 0.000000
vn 0.000000 0.100000 0.000000
vn 0.000000 0.100000 0.000000
vn 0.000000 0.100000 0.000000
vn 0.000000 0.100000 0.000000
vn 0.000000 0.100000 0.000000
vn 0.000000 0.100000 0.000000
vn 0.000000 0.100000 0.000000
vn 0.000000 0.100000 0.000000
vn 0.000000 0.100000 0.000000
vn 0.000000 0.100000 0.000000
vn 0.000000 0.100000 0.000000
vn 0.000000 0.100000 0.000000
vn 0.000000 0.100000 0.000000
vn 0.000000 0.100000 0.000000
usemtl 182,18,12
f 455/2/2 501/3/3 450/1/1
f 450/1/1 501/3/3 497/4/4
f 455/6/6 402/7/7 147/5/5
f 147/5/5 402/7/7 153/8/8
f 455/10/10 619/11/11 765/9/9
f 765/9/9 619/11/11 767/12/12
f 455/14/14 292/15/15 109/13/13
f 109/13/13 292/15/15 111/16/16
f 455/18/18 683/19/19 804/17/17
f 804/17/17 683/19/19 808/20/20
f 455/22/22 224/23/23 79/21/21
f 79/21/21 224/23/23 81/24/24
f 455/26/26 700/27/27 834/25/25
f 834/25/25 700/27/27 836/28/28
f 455/30/30 210/31/31 59/29/29
f 59/29/29 210/31/31 61/32/32
f 455/34/34 706/35/35 854/33/33
f 854/33/33 706/35/35 856/36/36
f 455/38/38 206/39/39 45/37/37
f 45/37/37 206/39/39 47/40/40
f 455/42/42 710/43/43 868/41/41
f 868/41/41 710/43/43 870/44/44
f 455/46/46 200/47/47 31/45/45
f 31/45/45 200/47/47 33/48/48
f 455/50/50 715/51/51 882/49/49
f 882/49/49 715/51/51 884/52/52
f 455/54/54 196/55/55 17/53/53
f 17/53/53 196/55/55 19/56/56
f 455/58/58 721/59/59 896/57/57
f 896/57/57 721/59/59 898/60/60
f 455/62/62 192/63/63 4/61/61
f 4/61/61 192/63/63 5/64/64
f 455/66/66 720/67/67 908/65/65
f 908/65/65 720/67/67 907/68/68
f 455/70/70 191/71/71 16/69/69
f 16/69/69 191/71/71 14/72/72
f 455/74/74 714/75/75 895/73/73
f 895/73/73 714/75/75 893/76/76
f 455/78/78 195/79/79 30/77/77
f 30/77/77 195/79/79 28/80/80
f 455/82/82 709/83/83 881/81/81
f 881/81/81 709/83/83 879/84/84
f 455/86/86 199/87/87 44/85/85
f 44/85/85 199/87/87 42/88/88
f 494/90/90 518/91/91 512/89/89
f 512/89/89 518/91/91 552/92/92
f 512/89/89 552/92/92 510/93/93
f 494/94/94 510/95/95 488/96/96
f 494/97/97 492/98/98 518/99/99
f 486/100/100 494/101/101 488/102/102
f 508/103/103 510/104/104 552/105/105
f 455/107/107 705/108/108 867/106/106
f 867/106/106 705/108/108 865/109/109
f 455/111/111 205/112/112 58/110/110
f 58/110/110 205/112/112 56/113/113
f 455/115/115 699/116/116 853/114/114
f 853/114/114 699/116/116 851/117/117
f 455/119/119 209/120/120 78/118/118
f 78/118/118 209/120/120 76/121/121
f 455/123/123 682/124/124 833/122/122
f 833/122/122 682/124/124 831/125/125
f 472/130/130 484/126/126 480/129/129
f 480/129/129 484/126/126 506/127/127
f 480/129/129 506/127/127 476/128/128
f 506/131/131 508/132/132 620/133/133
f 492/134/134 484/135/135 490/136/136
f 455/138/138 223/139/139 108/137/137
f 108/137/137 223/139/139 104/140/140
f 484/141/141 482/142/142 490/143/143
f 504/144/144 506/145/145 620/146/146
f 455/148/148 618/149/149 803/147/147
f 803/147/147 618/149/149 801/150/150
f 482/151/151 468/152/152 490/153/153
f 502/154/154 504/155/155 762/158/158
f 762/158/158 504/155/155 768/157/157
f 768/157/157 504/155/155 620/156/156
f 474/159/159 502/160/160 458/161/161
f 502/162/162 456/163/163 458/164/164
f 502/166/166 762/167/167 500/165/165
f 500/165/165 762/167/167 758/168/168
f 455/169/169 764/170/170 618/172/172
f 618/172/172 764/170/170 766/171/171
f 468/173/173 455/174/174 490/175/175
f 455/177/177 291/178/178 146/176/176
f 146/176/176 291/178/178 144/179/179
f 455/180/180 443/181/181 421/182/182
f 403/183/183 401/184/184 148/186/186
f 148/186/186 401/184/184 152/185/185
f 456/187/187 403/188/188 458/189/189
f 443/190/190 429/191/191 421/192/192
f 403/193/193 435/194/194 458/195/195
f 427/196/196 441/197/197 439/198/198
f 429/199/199 427/200/200 421/201/201
f 435/202/202 407/203/203 437/204/204
f 409/205/205 407/206/206 293/207/207
f 427/208/208 419/209/209 421/210/210
f 417/211/211 425/212/212 423/213/213
f 419/214/214 417/215/215 391/216/216
f 425/217/217 411/218/218 423/219/219
f 411/220/220 417/221/221 423/222/222
f 417/223/223 413/224/224 391/227/227
f 391/227/227 413/224/224 361/226/226
f 361/226/226 413/224/224 411/225/225
f 516/228/228 518/229/229 490/230/230
f 526/231/231 528/232/232 518/233/233
f 439/234/234 441/235/235 462/236/236
f 460/237/237 468/238/238 462/239/239
f 431/240/240 439/241/241 433/242/242
f 508/243/243 552/244/244 620/245/245
f 518/246/246 492/247/247 490/248/248
f 468/249/249 470/250/250 462/251/251
f 439/252/252 437/253/253 433/254/254
f 437/255/255 447/256/256 458/259/259
f 458/259/259 447/256/256 462/258/258
f 462/258/258 447/256/256 439/257/257
f 538/260/260 528/261/261 532/262/262
f 528/263/263 520/264/264 518/267/267
f 518/267/267 520/264/264 552/266/266
f 552/266/266 520/264/264 538/265/265
f 435/268/268 437/269/269 458/270/270
f 538/271/271 536/272/272 552/273/273
f 552/274/274 550/275/275 620/276/276
f 620/277/277 618/278/278 768/280/280
f 768/280/280 618/278/278 766/279/279
f 530/281/281 538/282/282 532/283/283
f 437/284/284 431/285/285 433/286/286
f 758/291/291 762/287/287 764/290/290
f 764/290/290 762/287/287 768/288/288
f 764/290/290 768/288/288 766/289/289
f 455/292/292 500/293/293 764/295/295
f 764/295/295 500/293/293 758/294/294
f 528/296/296 530/297/297 532/298/298
f 528/299/299 526/300/300 542/301/301
f 520/302/302 528/303/303 522/304/304
f 528/306/306 542/307/307 530/305/305
f 530/305/305 542/307/307 614/308/308
f 530/305/305 614/308/308 538/309/309
f 528/310/310 538/311/311 522/312/312
f 536/313/313 538/314/314 614/315/315
f 552/316/316 536/317/317 684/318/318
f 526/319/319 518/320/320 524/321/321
f 407/322/322 405/323/323 293/324/324
f 447/325/325 437/326/326 445/327/327
f 437/332/332 407/328/328 431/331/331
f 431/331/331 407/328/328 427/329/329
f 431/331/331 427/329/329 439/330/330
f 437/333/333 439/334/334 445/335/335
f 518/336/336 516/337/337 524/338/338
f 510/339/339 486/340/340 488/341/341
f 516/342/342 490/343/343 524/344/344
f 620/345/345 550/346/346 805/349/349
f 805/349/349 550/346/346 809/348/348
f 809/348/348 550/346/346 684/347/347
f 490/350/350 455/351/351 524/352/352
f 470/353/353 484/354/354 472/355/355
f 474/356/356 458/357/357 476/358/358
f 476/363/363 458/359/359 464/362/362
f 464/362/362 458/359/359 462/360/360
f 464/362/362 462/360/360 472/361/361
f 441/364/364 443/365/365 462/366/366
f 403/368/368 148/369/369 405/367/367
f 405/367/367 148/369/369 142/370/370
f 405/367/367 142/370/370 293/371/371
f 443/372/372 460/373/373 462/374/374
f 620/376/376 805/377/377 618/375/375
f 618/375/375 805/377/377 801/378/378
f 455/379/379 146/380/380 401/382/382
f 401/382/382 146/380/380 152/381/381
f 540/383/383 542/384/384 524/385/385
f 464/386/386 472/387/387 466/388/388
f 554/389/389 556/390/390 542/391/391
f 536/392/392 614/393/393 684/394/394
f 542/395/395 526/396/396 524/397/397
f 472/398/398 476/399/399 466/400/400
f 568/401/401 556/402/402 560/403/403
f 556/404/404 546/405/405 542/408/408
f 542/408/408 546/405/405 614/407/407
f 614/407/407 546/405/405 568/406/406
f 506/409/409 474/410/410 476/411/411
f 568/412/412 566/413/413 614/414/414
f 614/415/415 612/416/416 684/417/417
f 684/418/418 682/419/419 809/421/421
f 809/421/421 682/419/419 807/420/420
f 558/422/422 568/423/423 560/424/424
f 476/425/425 464/426/426 466/427/427
f 801/432/432 805/428/428 803/431/431
f 803/431/431 805/428/428 809/429/429
f 803/431/431 809/429/429 807/430/430
f 455/433/433 803/434/434 682/436/436
f 682/436/436 803/434/434 807/435/435
f 556/437/437 558/438/438 560/439/439
f 556/440/440 554/441/441 564/442/442
f 546/443/443 556/444/444 548/445/445
f 556/447/447 564/448/448 558/446/446
f 558/446/446 564/448/448 670/449/449
f 558/446/446 670/449/449 568/450/450
f 556/451/451 568/452/452 548/453/453
f 566/454/454 568/455/455 670/456/456
f 614/457/457 566/458/458 701/459/459
f 554/460/460 542/461/461 544/462/462
f 542/463/463 540/464/464 544/465/465
f 538/466/466 520/467/467 522/468/468
f 684/469/469 612/470/470 837/473/473
f 837/473/473 612/470/470 839/472/472
f 839/472/472 612/470/470 701/471/471
f 540/474/474 524/475/475 544/476/476
f 524/477/477 455/478/478 544/479/479
f 476/480/480 472/481/481 478/482/482
f 480/483/483 476/484/484 478/485/485
f 462/486/486 470/487/487 472/488/488
f 684/490/490 837/491/491 682/489/489
f 682/489/489 837/491/491 831/492/492
f 566/493/493 670/494/494 701/495/495
f 564/496/496 554/497/497 544/498/498
f 592/499/499 580/500/500 584/501/501
f 580/502/502 574/503/503 564/506/506
f 564/506/506 574/503/503 670/505/505
f 670/505/505 574/503/503 592/504/504
f 562/507/507 564/508/508 544/509/509
f 578/510/510 580/511/511 564/512/512
f 592/513/513 590/514/514 670/515/515
f 670/516/516 668/517/517 701/518/518
f 701/519/519 699/520/520 839/522/522
f 839/522/522 699/520/520 835/521/521
f 582/523/523 592/524/524 584/525/525
f 550/526/526 552/527/527 684/528/528
f 831/533/533 837/529/529 833/532/532
f 833/532/532 837/529/529 839/530/530
f 833/532/532 839/530/530 835/531/531
f 455/534/534 833/535/535 699/537/537
f 699/537/537 833/535/535 835/536/536
f 580/538/538 582/539/539 584/540/540
f 580/541/541 578/542/542 588/543/543
f 574/544/544 580/545/545 576/546/546
f 580/548/548 588/549/549 582/547/547
f 582/547/547 588/549/549 676/550/550
f 582/547/547 676/550/550 592/551/551
f 580/552/552 592/553/553 576/554/554
f 590/555/555 592/556/556 676/557/557
f 670/558/558 590/559/559 707/560/560
f 578/561/561 564/562/562 572/563/563
f 564/564/564 562/565/565 572/566/566
f 568/567/567 546/568/568 548/569/569
f 701/570/570 668/571/571 857/574/574
f 857/574/574 668/571/571 859/573/573
f 859/573/573 668/571/571 707/572/572
f 562/575/575 544/576/576 572/577/577
f 544/578/578 455/579/579 572/580/580
f 701/582/582 857/583/583 699/581/581
f 699/581/581 857/583/583 851/584/584
f 590/585/585 676/586/586 707/587/587
f 588/588/588 578/589/589 572/590/590
f 640/591/591 602/592/592 608/593/593
f 602/594/594 596/595/595 588/598/598
f 588/598/598 596/595/595 676/597/597
f 676/597/597 596/595/595 640/596/596
f 586/599/599 588/600/600 572/601/601
f 600/602/602 602/603/603 588/604/604
f 640/605/605 638/606/606 676/607/607
f 676/608/608 674/609/609 707/610/610
f 707/611/611 705/612/612 859/614/614
f 859/614/614 705/612/612 855/613/613
f 606/615/615 640/616/616 608/617/617
f 612/618/618 614/619/619 701/620/620
f 851/625/625 857/621/621 853/624/624
f 853/624/624 857/621/621 859/622/622
f 853/624/624 859/622/622 855/623/623
f 455/626/626 853/627/627 705/629/629
f 705/629/629 853/627/627 855/628/628
f 602/630/630 606/631/631 608/632/632
f 602/633/633 600/634/634 610/635/635
f 596/636/636 602/637/637 598/638/638
f 602/640/640 610/641/641 606/639/639
f 606/639/639 610/641/641 680/642/642
f 606/639/639 680/642/642 640/643/643
f 602/644/644 640/645/645 598/646/646
f 638/647/647 640/648/648 680/649/649
f 676/650/650 638/651/651 711/652/652
f 600/653/653 588/654/654 594/655/655
f 588/656/656 586/657/657 594/658/658
f 592/659/659 574/660/660 576/661/661
f 707/662/662 674/663/663 871/666/666
f 871/666/666 674/663/663 873/665/665
f 873/665/665 674/663/663 711/664/664
f 586/667/667 572/668/668 594/669/669
f 572/670/670 455/671/671 594/672/672
f 707/674/674 871/675/675 705/673/673
f 705/673/673 871/675/675 865/676/676
f 638/677/677 680/678/678 711/679/679
f 610/680/680 600/681/681 594/682/682
f 662/683/683 631/684/684 644/685/685
f 631/686/686 628/687/687 610/690/690
f 610/690/690 628/687/687 680/689/689
f 680/689/689 628/687/687 662/688/688
f 604/691/691 610/692/692 594/693/693
f 624/694/694 631/695/695 610/696/696
f 662/697/697 660/698/698 680/699/699
f 680/700/700 678/701/701 711/702/702
f 711/703/703 709/704/704 873/706/706
f 873/706/706 709/704/704 869/705/705
f 642/707/707 662/708/708 644/709/709
f 668/710/710 670/711/711 707/712/712
f 865/717/717 871/713/713 867/716/716
f 867/716/716 871/713/713 873/714/714
f 867/716/716 873/714/714 869/715/715
f 455/718/718 867/719/719 709/721/721
f 709/721/721 867/719/719 869/720/720
f 631/722/722 642/723/723 644/724/724
f 631/725/725 624/726/726 632/727/727
f 628/728/728 631/729/729 630/730/730
f 631/732/732 632/733/733 642/731/731
f 642/731/731 632/733/733 688/734/734
f 642/731/731 688/734/734 662/735/735
f 631/736/736 662/737/737 630/738/738
f 660/739/739 662/740/740 688/741/741
f 680/742/742 660/743/743 716/744/744
f 624/745/745 610/746/746 616/747/747
f 610/748/748 604/749/749 616/750/750
f 640/751/751 596/752/752 598/753/753
f 711/754/754 678/755/755 885/758/758
f 885/758/758 678/755/755 887/757/757
f 887/757/757 678/755/755 716/756/756
f 604/759/759 594/760/760 616/761/761
f 594/762/762 455/763/763 616/764/764
f 711/766/766 885/767/767 709/765/765
f 709/765/765 885/767/767 879/768/768
f 660/769/769 688/770/770 716/771/771
f 632/772/772 624/773/773 616/774/774
f 666/775/775 650/776/776 658/777/777
f 650/778/778 652/779/779 632/782/782
f 632/782/782 652/779/779 688/781/781
f 688/781/781 652/779/779 666/780/780
f 626/783/783 632/784/784 616/785/785
f 648/786/786 650/787/787 632/788/788
f 666/789/789 664/790/790 688/791/791
f 688/792/792 686/793/793 716/794/794
f 716/795/795 714/796/796 887/798/798
f 887/798/798 714/796/796 883/797/797
f 656/799/799 666/800/800 658/801/801
f 674/802/802 676/803/803 711/804/804
f 879/809/809 885/805/805 881/808/808
f 881/808/808 885/805/805 887/806/806
f 881/808/808 887/806/806 883/807/807
f 455/810/810 881/811/811 714/813/813
f 714/813/813 881/811/811 883/812/812
f 650/814/814 656/815/815 658/816/816
f 650/817/817 648/818/818 647/819/819
f 652/820/820 650/821/821 654/822/822
f 650/824/824 647/825/825 656/823/823
f 656/823/823 647/825/825 691/826/826
f 656/823/823 691/826/826 666/827/827
f 650/828/828 666/829/829 654/830/830
f 664/831/831 666/832/832 691/833/833
f 688/834/834 664/835/835 722/836/836
f 648/837/837 632/838/838 633/839/839
f 632/840/840 626/841/841 633/842/842
f 662/843/843 628/844/844 630/845/845
f 716/846/846 686/847/847 899/850/850
f 899/850/850 686/847/847 901/849/849
f 901/849/849 686/847/847 722/848/848
f 626/851/851 616/852/852 633/853/853
f 616/854/854 455/855/855 633/856/856
f 716/858/858 899/859/859 714/857/857
f 714/857/857 899/859/859 893/860/860
f 664/861/861 691/862/862 722/863/863
f 647/864/864 648/865/865 633/866/866
f 667/867/867 651/868/868 655/869/869
f 651/870/870 657/871/871 647/874/874
f 647/874/874 657/871/871 691/873/873
f 691/873/873 657/871/871 667/872/872
f 646/875/875 647/876/876 633/877/877
f 649/878/878 651/879/879 647/880/880
f 667/881/881 665/882/882 691/883/883
f 691/884/884 690/885/885 722/886/886
f 722/887/887 720/888/888 901/890/890
f 901/890/890 720/888/888 897/889/889
f 653/891/891 667/892/892 655/893/893
f 678/894/894 680/895/895 716/896/896
f 893/901/901 899/897/897 895/900/900
f 895/900/900 899/897/897 901/898/898
f 895/900/900 901/898/898 897/899/899
f 455/902/902 895/903/903 720/905/905
f 720/905/905 895/903/903 897/904/904
f 651/906/906 653/907/907 655/908/908
f 651/909/909 649/910/910 635/911/911
f 657/912/912 651/913/913 659/914/914
f 651/916/916 635/917/917 653/915/915
f 653/915/915 635/917/917 689/918/918
f 653/915/915 689/918/918 667/919/919
f 651/920/920 667/921/921 659/922/922
f 665/923/923 667/924/924 689/925/925
f 691/926/926 665/927/927 723/928/928
f 649/929/929 647/930/930 634/931/931
f 647/932/932 646/933/933 634/934/934
f 666/935/935 652/936/936 654/937/937
f 722/938/938 690/939/939 910/942/942
f 910/942/942 690/939/939 911/941/941
f 911/941/941 690/939/939 723/940/940
f 646/943/943 633/944/944 634/945/945
f 633/946/946 455/947/947 634/948/948
f 722/950/950 910/951/951 720/949/949
f 720/949/949 910/951/951 907/952/952
f 665/953/953 689/954/954 723/955/955
f 635/956/956 649/957/957 634/958/958
f 663/959/959 636/960/960 637/961/961
f 636/962/962 643/963/963 635/966/966
f 635/966/966 643/963/963 689/965/965
f 689/965/965 643/963/963 663/964/964
f 627/967/967 635/968/968 634/969/969
f 625/970/970 636/971/971 635/972/972
f 663/973/973 661/974/974 689/975/975
f 689/976/976 687/977/977 723/978/978
f 723/979/979 721/980/980 911/982/982
f 911/982/982 721/980/980 909/981/981
f 629/983/983 663/984/984 637/985/985
f 686/986/986 688/987/987 722/988/988
f 907/993/993 910/989/989 908/992/992
f 908/992/992 910/989/989 911/990/990
f 908/992/992 911/990/990 909/991/991
f 455/994/994 908/995/995 721/997/997
f 721/997/997 908/995/995 909/996/996
f 636/998/998 629/999/999 637/1000/1000
f 636/1001/1001 625/1002/1002 611/1003/1003
f 643/1004/1004 636/1005/1005 645/1006/1006
f 636/1008/1008 611/1009/1009 629/1007/1007
f 629/1007/1007 611/1009/1009 681/1010/1010
f 629/1007/1007 681/1010/1010 663/1011/1011
f 636/1012/1012 663/1013/1013 645/1014/1014
f 661/1015/1015 663/1016/1016 681/1017/1017
f 689/1018/1018 661/1019/1019 717/1020/1020
f 625/1021/1021 635/1022/1022 617/1023/1023
f 635/1024/1024 627/1025/1025 617/1026/1026
f 667/1027/1027 657/1028/1028 659/1029/1029
f 723/1030/1030 687/1031/1031 902/1034/1034
f 902/1034/1034 687/1031/1031 900/1033/1033
f 900/1033/1033 687/1031/1031 717/1032/1032
f 627/1035/1035 634/1036/1036 617/1037/1037
f 634/1038/1038 455/1039/1039 617/1040/1040
f 723/1042/1042 902/1043/1043 721/1041/1041
f 721/1041/1041 902/1043/1043 898/1044/1044
f 661/1045/1045 681/1046/1046 717/1047/1047
f 611/1048/1048 625/1049/1049 617/1050/1050
f 641/1051/1051 603/1052/1052 599/1053/1053
f 603/1054/1054 607/1055/1055 611/1058/1058
f 611/1058/1058 607/1055/1055 681/1057/1057
f 681/1057/1057 607/1055/1055 641/1056/1056
f 605/1059/1059 611/1060/1060 617/1061/1061
f 601/1062/1062 603/1063/1063 611/1064/1064
f 641/1065/1065 639/1066/1066 681/1067/1067
f 681/1068/1068 679/1069/1069 717/1070/1070
f 717/1071/1071 715/1072/1072 900/1074/1074
f 900/1074/1074 715/1072/1072 894/1073/1073
f 597/1075/1075 641/1076/1076 599/1077/1077
f 690/1078/1078 691/1079/1079 723/1080/1080
f 898/1085/1085 902/1081/1081 896/1084/1084
f 896/1084/1084 902/1081/1081 900/1082/1082
f 896/1084/1084 900/1082/1082 894/1083/1083
f 455/1086/1086 896/1087/1087 715/1089/1089
f 715/1089/1089 896/1087/1087 894/1088/1088
f 603/1090/1090 597/1091/1091 599/1092/1092
f 603/1093/1093 601/1094/1094 589/1095/1095
f 607/1096/1096 603/1097/1097 609/1098/1098
f 603/1100/1100 589/1101/1101 597/1099/1099
f 597/1099/1099 589/1101/1101 677/1102/1102
f 597/1099/1099 677/1102/1102 641/1103/1103
f 603/1104/1104 641/1105/1105 609/1106/1106
f 639/1107/1107 641/1108/1108 677/1109/1109
f 681/1110/1110 639/1111/1111 712/1112/1112
f 601/1113/1113 611/1114/1114 595/1115/1115
f 611/1116/1116 605/1117/1117 595/1118/1118
f 663/1119/1119 643/1120/1120 645/1121/1121
f 717/1122/1122 679/1123/1123 888/1126/1126
f 888/1126/1126 679/1123/1123 886/1125/1125
f 886/1125/1125 679/1123/1123 712/1124/1124
f 605/1127/1127 617/1128/1128 595/1129/1129
f 617/1130/1130 455/1131/1131 595/1132/1132
f 717/1134/1134 888/1135/1135 715/1133/1133
f 715/1133/1133 888/1135/1135 884/1136/1136
f 639/1137/1137 677/1138/1138 712/1139/1139
f 589/1140/1140 601/1141/1141 595/1142/1142
f 593/1143/1143 581/1144/1144 577/1145/1145
f 581/1146/1146 583/1147/1147 589/1150/1150
f 589/1150/1150 583/1147/1147 677/1149/1149
f 677/1149/1149 583/1147/1147 593/1148/1148
f 587/1151/1151 589/1152/1152 595/1153/1153
f 579/1154/1154 581/1155/1155 589/1156/1156
f 593/1157/1157 591/1158/1158 677/1159/1159
f 677/1160/1160 675/1161/1161 712/1162/1162
f 712/1163/1163 710/1164/1164 886/1166/1166
f 886/1166/1166 710/1164/1164 880/1165/1165
f 575/1167/1167 593/1168/1168 577/1169/1169
f 687/1170/1170 689/1171/1171 717/1172/1172
f 884/1177/1177 888/1173/1173 882/1176/1176
f 882/1176/1176 888/1173/1173 886/1174/1174
f 882/1176/1176 886/1174/1174 880/1175/1175
f 455/1178/1178 882/1179/1179 710/1181/1181
f 710/1181/1181 882/1179/1179 880/1180/1180
f 581/1182/1182 575/1183/1183 577/1184/1184
f 581/1185/1185 579/1186/1186 565/1187/1187
f 583/1188/1188 581/1189/1189 585/1190/1190
f 581/1192/1192 565/1193/1193 575/1191/1191
f 575/1191/1191 565/1193/1193 671/1194/1194
f 575/1191/1191 671/1194/1194 593/1195/1195
f 581/1196/1196 593/1197/1197 585/1198/1198
f 591/1199/1199 593/1200/1200 671/1201/1201
f 677/1202/1202 591/1203/1203 708/1204/1204
f 579/1205/1205 589/1206/1206 573/1207/1207
f 589/1208/1208 587/1209/1209 573/1210/1210
f 641/1211/1211 607/1212/1212 609/1213/1213
f 712/1214/1214 675/1215/1215 874/1218/1218
f 874/1218/1218 675/1215/1215 872/1217/1217
f 872/1217/1217 675/1215/1215 708/1216/1216
f 587/1219/1219 595/1220/1220 573/1221/1221
f 595/1222/1222 455/1223/1223 573/1224/1224
f 712/1226/1226 874/1227/1227 710/1225/1225
f 710/1225/1225 874/1227/1227 870/1228/1228
f 591/1229/1229 671/1230/1230 708/1231/1231
f 565/1232/1232 579/1233/1233 573/1234/1234
f 569/1235/1235 557/1236/1236 549/1237/1237
f 557/1238/1238 559/1239/1239 565/1242/1242
f 565/1242/1242 559/1239/1239 671/1241/1241
f 671/1241/1241 559/1239/1239 569/1240/1240
f 563/1243/1243 565/1244/1244 573/1245/1245
f 555/1246/1246 557/1247/1247 565/1248/1248
f 569/1249/1249 567/1250/1250 671/1251/1251
f 671/1252/1252 669/1253/1253 708/1254/1254
f 708/1255/1255 706/1256/1256 872/1258/1258
f 872/1258/1258 706/1256/1256 866/1257/1257
f 547/1259/1259 569/1260/1260 549/1261/1261
f 679/1262/1262 681/1263/1263 712/1264/1264
f 870/1269/1269 874/1265/1265 868/1268/1268
f 868/1268/1268 874/1265/1265 872/1266/1266
f 868/1268/1268 872/1266/1266 866/1267/1267
f 455/1270/1270 868/1271/1271 706/1273/1273
f 706/1273/1273 868/1271/1271 866/1272/1272
f 557/1274/1274 547/1275/1275 549/1276/1276
f 557/1277/1277 555/1278/1278 543/1279/1279
f 559/1280/1280 557/1281/1281 561/1282/1282
f 557/1284/1284 543/1285/1285 547/1283/1283
f 547/1283/1283 543/1285/1285 615/1286/1286
f 547/1283/1283 615/1286/1286 569/1287/1287
f 557/1288/1288 569/1289/1289 561/1290/1290
f 567/1291/1291 569/1292/1292 615/1293/1293
f 671/1294/1294 567/1295/1295 702/1296/1296
f 555/1297/1297 565/1298/1298 545/1299/1299
f 565/1300/1300 563/1301/1301 545/1302/1302
f 593/1303/1303 583/1304/1304 585/1305/1305
f 708/1306/1306 669/1307/1307 860/1310/1310
f 860/1310/1310 669/1307/1307 858/1309/1309
f 858/1309/1309 669/1307/1307 702/1308/1308
f 563/1311/1311 573/1312/1312 545/1313/1313
f 573/1314/1314 455/1315/1315 545/1316/1316
f 708/1318/1318 860/1319/1319 706/1317/1317
f 706/1317/1317 860/1319/1319 856/1320/1320
f 567/1321/1321 615/1322/1322 702/1323/1323
f 543/1324/1324 555/1325/1325 545/1326/1326
f 539/1327/1327 529/1328/1328 523/1329/1329
f 529/1330/1330 531/1331/1331 543/1334/1334
f 543/1334/1334 531/1331/1331 615/1333/1333
f 615/1333/1333 531/1331/1331 539/1332/1332
f 541/1335/1335 543/1336/1336 545/1337/1337
f 527/1338/1338 529/1339/1339 543/1340/1340
f 539/1341/1341 537/1342/1342 615/1343/1343
f 615/1344/1344 613/1345/1345 702/1346/1346
f 702/1347/1347 700/1348/1348 858/1350/1350
f 858/1350/1350 700/1348/1348 852/1349/1349
f 521/1351/1351 539/1352/1352 523/1353/1353
f 675/1354/1354 677/1355/1355 708/1356/1356
f 856/1361/1361 860/1357/1357 854/1360/1360
f 854/1360/1360 860/1357/1357 858/1358/1358
f 854/1360/1360 858/1358/1358 852/1359/1359
f 455/1362/1362 854/1363/1363 700/1365/1365
f 700/1365/1365 854/1363/1363 852/1364/1364
f 529/1366/1366 521/1367/1367 523/1368/1368
f 529/1369/1369 527/1370/1370 519/1371/1371
f 531/1372/1372 529/1373/1373 533/1374/1374
f 529/1376/1376 519/1377/1377 521/1375/1375
f 521/1375/1375 519/1377/1377 553/1378/1378
f 521/1375/1375 553/1378/1378 539/1379/1379
f 529/1380/1380 539/1381/1381 533/1382/1382
f 537/1383/1383 539/1384/1384 553/1385/1385
f 615/1386/1386 537/1387/1387 685/1388/1388
f 527/1389/1389 543/1390/1390 525/1391/1391
f 543/1392/1392 541/1393/1393 525/1394/1394
f 569/1395/1395 559/1396/1396 561/1397/1397
f 702/1398/1398 613/1399/1399 840/1402/1402
f 840/1402/1402 613/1399/1399 838/1401/1401
f 838/1401/1401 613/1399/1399 685/1400/1400
f 541/1403/1403 545/1404/1404 525/1405/1405
f 545/1406/1406 455/1407/1407 525/1408/1408
f 702/1410/1410 840/1411/1411 700/1409/1409
f 700/1409/1409 840/1411/1411 836/1412/1412
f 537/1413/1413 553/1414/1414 685/1415/1415
f 519/1416/1416 527/1417/1417 525/1418/1418
f 511/1419/1419 495/1420/1420 489/1421/1421
f 495/1422/1422 513/1423/1423 519/1426/1426
f 519/1426/1426 513/1423/1423 553/1425/1425
f 553/1425/1425 513/1423/1423 511/1424/1424
f 517/1427/1427 519/1428/1428 525/1429/1429
f 493/1430/1430 495/1431/1431 519/1432/1432
f 511/1433/1433 509/1434/1434 553/1435/1435
f 553/1436/1436 551/1437/1437 685/1438/1438
f 685/1439/1439 683/1440/1440 838/1442/1442
f 838/1442/1442 683/1440/1440 832/1441/1441
f 487/1443/1443 511/1444/1444 489/1445/1445
f 669/1446/1446 671/1447/1447 702/1448/1448
f 836/1453/1453 840/1449/1449 834/1452/1452
f 834/1452/1452 840/1449/1449 838/1450/1450
f 834/1452/1452 838/1450/1450 832/1451/1451
f 455/1454/1454 834/1455/1455 683/1457/1457
f 683/1457/1457 834/1455/1455 832/1456/1456
f 495/1458/1458 487/1459/1459 489/1460/1460
f 495/1461/1461 493/1462/1462 485/1463/1463
f 513/1464/1464 495/1465/1465 515/1466/1466
f 495/1468/1468 485/1469/1469 487/1467/1467
f 487/1467/1467 485/1469/1469 507/1470/1470
f 487/1467/1467 507/1470/1470 511/1471/1471
f 495/1472/1472 511/1473/1473 515/1474/1474
f 509/1475/1475 511/1476/1476 507/1477/1477
f 553/1478/1478 509/1479/1479 621/1480/1480
f 493/1481/1481 519/1482/1482 491/1483/1483
f 519/1484/1484 517/1485/1485 491/1486/1486
f 539/1487/1487 531/1488/1488 533/1489/1489
f 685/1490/1490 551/1491/1491 810/1494/1494
f 810/1494/1494 551/1491/1491 806/1493/1493
f 806/1493/1493 551/1491/1491 621/1492/1492
f 517/1495/1495 525/1496/1496 491/1497/1497
f 525/1498/1498 455/1499/1499 491/1500/1500
f 685/1502/1502 810/1503/1503 683/1501/1501
f 683/1501/1501 810/1503/1503 808/1504/1504
f 509/1505/1505 507/1506/1506 621/1507/1507
f 485/1508/1508 493/1509/1509 491/1510/1510
f 477/1511/1511 473/1512/1512 467/1513/1513
f 473/1514/1514 481/1515/1515 485/1518/1518
f 485/1518/1518 481/1515/1515 507/1517/1517
f 507/1517/1517 481/1515/1515 477/1516/1516
f 483/1519/1519 485/1520/1520 491/1521/1521
f 471/1522/1522 473/1523/1523 485/1524/1524
f 477/1525/1525 475/1526/1526 507/1527/1527
f 507/1528/1528 505/1529/1529 621/1530/1530
f 621/1531/1531 619/1532/1532 806/1534/1534
f 806/1534/1534 619/1532/1532 802/1533/1533
f 465/1535/1535 477/1536/1536 467/1537/1537
f 613/1538/1538 615/1539/1539 685/1540/1540
f 808/1545/1545 810/1541/1541 804/1544/1544
f 804/1544/1544 810/1541/1541 806/1542/1542
f 804/1544/1544 806/1542/1542 802/1543/1543
f 455/1546/1546 804/1547/1547 619/1549/1549
f 619/1549/1549 804/1547/1547 802/1548/1548
f 473/1550/1550 465/1551/1551 467/1552/1552
f 473/1553/1553 471/1554/1554 463/1555/1555
f 481/1556/1556 473/1557/1557 479/1558/1558
f 473/1560/1560 463/1561/1561 465/1559/1559
f 465/1559/1559 463/1561/1561 459/1562/1562
f 465/1559/1559 459/1562/1562 477/1563/1563
f 473/1564/1564 477/1565/1565 479/1566/1566
f 475/1567/1567 477/1568/1568 459/1569/1569
f 507/1570/1570 475/1571/1571 503/1572/1572
f 471/1573/1573 485/1574/1574 469/1575/1575
f 485/1576/1576 483/1577/1577 469/1578/1578
f 511/1579/1579 513/1580/1580 515/1581/1581
f 621/1582/1582 505/1583/1583 769/1586/1586
f 769/1586/1586 505/1583/1583 763/1585/1585
f 763/1585/1585 505/1583/1583 503/1584/1584
f 483/1587/1587 491/1588/1588 469/1589/1589
f 491/1590/1590 455/1591/1591 469/1592/1592
f 621/1594/1594 769/1595/1595 619/1593/1593
f 619/1593/1593 769/1595/1595 767/1596/1596
f 475/1597/1597 459/1598/1598 503/1599/1599
f 463/1600/1600 471/1601/1601 469/1602/1602
f 438/1603/1603 440/1604/1604 434/1605/1605
f 440/1606/1606 448/1607/1607 463/1610/1610
f 463/1610/1610 448/1607/1607 459/1609/1609
f 459/1609/1609 448/1607/1607 438/1608/1608
f 461/1611/1611 463/1612/1612 469/1613/1613
f 442/1614/1614 440/1615/1615 463/1616/1616
f 438/1617/1617 436/1618/1618 459/1619/1619
f 459/1620/1620 457/1621/1621 503/1622/1622
f 503/1623/1623 501/1624/1624 763/1626/1626
f 763/1626/1626 501/1624/1624 759/1625/1625
f 432/1627/1627 438/1628/1628 434/1629/1629
f 455/1630/1630 765/1631/1631 501/1633/1633
f 501/1633/1633 765/1631/1631 759/1632/1632
f 551/1634/1634 553/1635/1635 621/1636/1636
f 767/1641/1641 769/1637/1637 765/1640/1640
f 765/1640/1640 769/1637/1637 763/1638/1638
f 765/1640/1640 763/1638/1638 759/1639/1639
f 440/1642/1642 432/1643/1643 434/1644/1644
f 440/1645/1645 442/1646/1646 428/1647/1647
f 448/1648/1648 440/1649/1649 446/1650/1650
f 440/1652/1652 428/1653/1653 432/1651/1651
f 432/1651/1651 428/1653/1653 408/1654/1654
f 432/1651/1651 408/1654/1654 438/1655/1655
f 440/1656/1656 438/1657/1657 446/1658/1658
f 436/1659/1659 438/1660/1660 408/1661/1661
f 459/1662/1662 436/1663/1663 404/1664/1664
f 442/1665/1665 463/1666/1666 444/1667/1667
f 463/1668/1668 461/1669/1669 444/1670/1670
f 477/1671/1671 481/1672/1672 479/1673/1673
f 503/1674/1674 457/1675/1675 499/1678/1678
f 499/1678/1678 457/1675/1675 400/1677/1677
f 400/1677/1677 457/1675/1675 404/1676/1676
f 461/1679/1679 469/1680/1680 444/1681/1681
f 469/1682/1682 455/1683/1683 444/1684/1684
f 503/1686/1686 499/1687/1687 501/1685/1685
f 501/1685/1685 499/1687/1687 497/1688/1688
f 436/1689/1689 408/1690/1690 404/1691/1691
f 428/1692/1692 442/1693/1693 444/1694/1694
f 412/1696/1696 408/1697/1697 426/1695/1695
f 426/1695/1695 408/1697/1697 428/1698/1698
f 426/1695/1695 428/1698/1698 418/1699/1699
f 412/1700/1700 418/1701/1701 416/1702/1702
f 412/1703/1703 410/1704/1704 408/1705/1705
f 408/1706/1706 406/1707/1707 404/1708/1708
f 404/1709/1709 402/1710/1710 400/1712/1712
f 400/1712/1712 402/1710/1710 398/1711/1711
f 414/1713/1713 412/1714/1714 416/1715/1715
f 430/1716/1716 428/1717/1717 444/1718/1718
f 420/1719/1719 418/1720/1720 428/1721/1721
f 455/1722/1722 450/1723/1723 402/1725/1725
f 402/1725/1725 450/1723/1723 398/1724/1724
f 505/1726/1726 507/1727/1727 503/1728/1728
f 497/1733/1733 499/1729/1729 450/1732/1732
f 450/1732/1732 499/1729/1729 400/1730/1730
f 450/1732/1732 400/1730/1730 398/1731/1731
f 418/1734/1734 414/1735/1735 416/1736/1736
f 410/1737/1737 412/1738/1738 362/1739/1739
f 418/1740/1740 412/1741/1741 424/1742/1742
f 412/1743/1743 414/1744/1744 362/1747/1747
f 362/1747/1747 414/1744/1744 392/1746/1746
f 392/1746/1746 414/1744/1744 418/1745/1745
f 418/1748/1748 420/1749/1749 392/1750/1750
f 426/1751/1751 418/1752/1752 424/1753/1753
f 420/1754/1754 428/1755/1755 422/1756/1756
f 438/1757/1757 448/1758/1758 446/1759/1759
f 428/1760/1760 430/1761/1761 422/1762/1762
f 430/1763/1763 444/1764/1764 422/1765/1765
f 404/1766/1766 406/1767/1767 149/1770/1770
f 149/1770/1770 406/1767/1767 143/1769/1769
f 143/1769/1769 406/1767/1767 294/1768/1768
f 404/1772/1772 149/1773/1773 402/1771/1771
f 402/1771/1771 149/1773/1773 153/1774/1774
f 444/1775/1775 455/1776/1776 422/1777/1777
f 410/1778/1778 362/1779/1779 294/1780/1780
f 392/1781/1781 420/1782/1782 422/1783/1783
f 376/1785/1785 362/1786/1786 390/1784/1784
f 390/1784/1784 362/1786/1786 392/1787/1787
f 390/1784/1784 392/1787/1787 382/1788/1788
f 376/1789/1789 382/1790/1790 378/1791/1791
f 376/1792/1792 374/1793/1793 362/1794/1794
f 362/1795/1795 360/1796/1796 294/1797/1797
f 294/1798/1798 292/1799/1799 143/1801/1801
f 143/1801/1801 292/1799/1799 145/1800/1800
f 380/1802/1802 376/1803/1803 378/1804/1804
f 394/1805/1805 392/1806/1806 422/1807/1807
f 384/1808/1808 382/1809/1809 392/1810/1810
f 455/1811/1811 147/1812/1812 292/1814/1814
f 292/1814/1814 147/1812/1812 145/1813/1813
f 457/1815/1815 459/1816/1816 404/1817/1817
f 153/1822/1822 149/1818/1818 147/1821/1821
f 147/1821/1821 149/1818/1818 143/1819/1819
f 147/1821/1821 143/1819/1819 145/1820/1820
f 382/1823/1823 380/1824/1824 378/1825/1825
f 374/1826/1826 376/1827/1827 300/1828/1828
f 382/1829/1829 376/1830/1830 388/1831/1831
f 376/1832/1832 380/1833/1833 300/1836/1836
f 300/1836/1836 380/1833/1833 370/1835/1835
f 370/1835/1835 380/1833/1833 382/1834/1834
f 382/1837/1837 384/1838/1838 370/1839/1839
f 390/1840/1840 382/1841/1841 388/1842/1842
f 384/1843/1843 392/1844/1844 386/1845/1845
f 412/1846/1846 426/1847/1847 424/1848/1848
f 392/1849/1849 394/1850/1850 386/1851/1851
f 394/1852/1852 422/1853/1853 386/1854/1854
f 294/1855/1855 360/1856/1856 107/1859/1859
f 107/1859/1859 360/1856/1856 103/1858/1858
f 103/1858/1858 360/1856/1856 226/1857/1857
f 408/1860/1860 410/1861/1861 294/1862/1862
f 294/1864/1864 107/1865/1865 292/1863/1863
f 292/1863/1863 107/1865/1865 111/1866/1866
f 422/1867/1867 455/1868/1868 386/1869/1869
f 374/1870/1870 300/1871/1871 226/1872/1872
f 370/1873/1873 384/1874/1874 386/1875/1875
f 346/1877/1877 300/1878/1878 366/1876/1876
f 366/1876/1876 300/1878/1878 370/1879/1879
f 366/1876/1876 370/1879/1879 356/1880/1880
f 346/1881/1881 356/1882/1882 352/1883/1883
f 346/1884/1884 344/1885/1885 300/1886/1886
f 300/1887/1887 298/1888/1888 226/1889/1889
f 226/1890/1890 224/1891/1891 103/1893/1893
f 103/1893/1893 224/1891/1891 105/1892/1892
f 354/1894/1894 346/1895/1895 352/1896/1896
f 372/1897/1897 370/1898/1898 386/1899/1899
f 358/1900/1900 356/1901/1901 370/1902/1902
f 455/1903/1903 109/1904/1904 224/1906/1906
f 224/1906/1906 109/1904/1904 105/1905/1905
f 406/1907/1907 408/1908/1908 294/1909/1909
f 111/1914/1914 107/1910/1910 109/1913/1913
f 109/1913/1913 107/1910/1910 103/1911/1911
f 109/1913/1913 103/1911/1911 105/1912/1912
f 356/1915/1915 354/1916/1916 352/1917/1917
f 344/1918/1918 346/1919/1919 244/1920/1920
f 356/1921/1921 346/1922/1922 364/1923/1923
f 346/1924/1924 354/1925/1925 244/1928/1928
f 244/1928/1928 354/1925/1925 348/1927/1927
f 348/1927/1927 354/1925/1925 356/1926/1926
f 356/1929/1929 358/1930/1930 348/1931/1931
f 366/1932/1932 356/1933/1933 364/1934/1934
f 358/1935/1935 370/1936/1936 368/1937/1937
f 376/1938/1938 390/1939/1939 388/1940/1940
f 370/1941/1941 372/1942/1942 368/1943/1943
f 372/1944/1944 386/1945/1945 368/1946/1946
f 226/1947/1947 298/1948/1948 75/1951/1951
f 75/1951/1951 298/1948/1948 73/1950/1950
f 73/1950/1950 298/1948/1948 212/1949/1949
f 362/1952/1952 374/1953/1953 226/1954/1954
f 226/1956/1956 75/1957/1957 224/1955/1955
f 224/1955/1955 75/1957/1957 81/1958/1958
f 386/1959/1959 455/1960/1960 368/1961/1961
f 344/1962/1962 244/1963/1963 212/1964/1964
f 348/1965/1965 358/1966/1966 368/1967/1967
f 322/1969/1969 244/1970/1970 338/1968/1968
f 338/1968/1968 244/1970/1970 348/1971/1971
f 338/1968/1968 348/1971/1971 332/1972/1972
f 322/1973/1973 332/1974/1974 328/1975/1975
f 322/1976/1976 320/1977/1977 244/1978/1978
f 244/1979/1979 242/1980/1980 212/1981/1981
f 212/1982/1982 210/1983/1983 73/1985/1985
f 73/1985/1985 210/1983/1983 77/1984/1984
f 330/1986/1986 322/1987/1987 328/1988/1988
f 350/1989/1989 348/1990/1990 368/1991/1991
f 334/1992/1992 332/1993/1993 348/1994/1994
f 455/1995/1995 79/1996/1996 210/1998/1998
f 210/1998/1998 79/1996/1996 77/1997/1997
f 360/1999/1999 362/2000/2000 226/2001/2001
f 81/2006/2006 75/2002/2002 79/2005/2005
f 79/2005/2005 75/2002/2002 73/2003/2003
f 79/2005/2005 73/2003/2003 77/2004/2004
f 332/2007/2007 330/2008/2008 328/2009/2009
f 320/2010/2010 322/2011/2011 238/2012/2012
f 332/2013/2013 322/2014/2014 336/2015/2015
f 322/2016/2016 330/2017/2017 238/2020/2020
f 238/2020/2020 330/2017/2017 324/2019/2019
f 324/2019/2019 330/2017/2017 332/2018/2018
f 332/2021/2021 334/2022/2022 324/2023/2023
f 338/2024/2024 332/2025/2025 336/2026/2026
f 334/2027/2027 348/2028/2028 340/2029/2029
f 346/2030/2030 366/2031/2031 364/2032/2032
f 348/2033/2033 350/2034/2034 340/2035/2035
f 350/2036/2036 368/2037/2037 340/2038/2038
f 212/2039/2039 242/2040/2040 55/2043/2043
f 55/2043/2043 242/2040/2040 53/2042/2042
f 53/2042/2042 242/2040/2040 208/2041/2041
f 300/2044/2044 344/2045/2045 212/2046/2046
f 212/2048/2048 55/2049/2049 210/2047/2047
f 210/2047/2047 55/2049/2049 61/2050/2050
f 368/2051/2051 455/2052/2052 340/2053/2053
f 320/2054/2054 238/2055/2055 208/2056/2056
f 324/2057/2057 334/2058/2058 340/2059/2059
f 276/2061/2061 238/2062/2062 316/2060/2060
f 316/2060/2060 238/2062/2062 324/2063/2063
f 316/2060/2060 324/2063/2063 310/2064/2064
f 276/2065/2065 310/2066/2066 304/2067/2067
f 276/2068/2068 274/2069/2069 238/2070/2070
f 238/2071/2071 236/2072/2072 208/2073/2073
f 208/2074/2074 206/2075/2075 53/2077/2077
f 53/2077/2077 206/2075/2075 57/2076/2076
f 306/2078/2078 276/2079/2079 304/2080/2080
f 326/2081/2081 324/2082/2082 340/2083/2083
f 312/2084/2084 310/2085/2085 324/2086/2086
f 455/2087/2087 59/2088/2088 206/2090/2090
f 206/2090/2090 59/2088/2088 57/2089/2089
f 298/2091/2091 300/2092/2092 212/2093/2093
f 61/2098/2098 55/2094/2094 59/2097/2097
f 59/2097/2097 55/2094/2094 53/2095/2095
f 59/2097/2097 53/2095/2095 57/2096/2096
f 310/2099/2099 306/2100/2100 304/2101/2101
f 274/2102/2102 276/2103/2103 230/2104/2104
f 310/2105/2105 276/2106/2106 314/2107/2107
f 276/2108/2108 306/2109/2109 230/2112/2112
f 230/2112/2112 306/2109/2109 302/2111/2111
f 302/2111/2111 306/2109/2109 310/2110/2110
f 310/2113/2113 312/2114/2114 302/2115/2115
f 316/2116/2116 310/2117/2117 314/2118/2118
f 312/2119/2119 324/2120/2120 318/2121/2121
f 322/2122/2122 338/2123/2123 336/2124/2124
f 324/2125/2125 326/2126/2126 318/2127/2127
f 326/2128/2128 340/2129/2129 318/2130/2130
f 208/2131/2131 236/2132/2132 41/2135/2135
f 41/2135/2135 236/2132/2132 39/2134/2134
f 39/2134/2134 236/2132/2132 202/2133/2133
f 244/2136/2136 320/2137/2137 208/2138/2138
f 208/2140/2140 41/2141/2141 206/2139/2139
f 206/2139/2139 41/2141/2141 47/2142/2142
f 340/2143/2143 455/2144/2144 318/2145/2145
f 274/2146/2146 230/2147/2147 202/2148/2148
f 302/2149/2149 312/2150/2150 318/2151/2151
f 252/2153/2153 230/2154/2154 286/2152/2152
f 286/2152/2152 230/2154/2154 302/2155/2155
f 286/2152/2152 302/2155/2155 283/2156/2156
f 252/2157/2157 283/2158/2158 270/2159/2159
f 252/2160/2160 250/2161/2161 230/2162/2162
f 230/2163/2163 228/2164/2164 202/2165/2165
f 202/2166/2166 200/2167/2167 39/2169/2169
f 39/2169/2169 200/2167/2167 43/2168/2168
f 272/2170/2170 252/2171/2171 270/2172/2172
f 308/2173/2173 302/2174/2174 318/2175/2175
f 290/2176/2176 283/2177/2177 302/2178/2178
f 455/2179/2179 45/2180/2180 200/2182/2182
f 200/2182/2182 45/2180/2180 43/2181/2181
f 242/2183/2183 244/2184/2184 208/2185/2185
f 47/2190/2190 41/2186/2186 45/2189/2189
f 45/2189/2189 41/2186/2186 39/2187/2187
f 45/2189/2189 39/2187/2187 43/2188/2188
f 283/2191/2191 272/2192/2192 270/2193/2193
f 250/2194/2194 252/2195/2195 222/2196/2196
f 283/2197/2197 252/2198/2198 284/2199/2199
f 252/2200/2200 272/2201/2201 222/2204/2204
f 222/2204/2204 272/2201/2201 282/2203/2203
f 282/2203/2203 272/2201/2201 283/2202/2202
f 283/2205/2205 290/2206/2206 282/2207/2207
f 286/2208/2208 283/2209/2209 284/2210/2210
f 290/2211/2211 302/2212/2212 296/2213/2213
f 276/2214/2214 316/2215/2215 314/2216/2216
f 302/2217/2217 308/2218/2218 296/2219/2219
f 308/2220/2220 318/2221/2221 296/2222/2222
f 202/2223/2223 228/2224/2224 27/2227/2227
f 27/2227/2227 228/2224/2224 25/2226/2226
f 25/2226/2226 228/2224/2224 198/2225/2225
f 238/2228/2228 274/2229/2229 202/2230/2230
f 202/2232/2232 27/2233/2233 200/2231/2231
f 200/2231/2231 27/2233/2233 33/2234/2234
f 318/2235/2235 455/2236/2236 296/2237/2237
f 250/2238/2238 222/2239/2239 198/2240/2240
f 282/2241/2241 290/2242/2242 296/2243/2243
f 248/2245/2245 222/2246/2246 262/2244/2244
f 262/2244/2244 222/2246/2246 282/2247/2247
f 262/2244/2244 282/2247/2247 264/2248/2248
f 248/2249/2249 264/2250/2250 256/2251/2251
f 248/2252/2252 246/2253/2253 222/2254/2254
f 222/2255/2255 220/2256/2256 198/2257/2257
f 198/2258/2258 196/2259/2259 25/2261/2261
f 25/2261/2261 196/2259/2259 29/2260/2260
f 258/2262/2262 248/2263/2263 256/2264/2264
f 288/2265/2265 282/2266/2266 296/2267/2267
f 266/2268/2268 264/2269/2269 282/2270/2270
f 455/2271/2271 31/2272/2272 196/2274/2274
f 196/2274/2274 31/2272/2272 29/2273/2273
f 236/2275/2275 238/2276/2276 202/2277/2277
f 33/2282/2282 27/2278/2278 31/2281/2281
f 31/2281/2281 27/2278/2278 25/2279/2279
f 31/2281/2281 25/2279/2279 29/2280/2280
f 264/2283/2283 258/2284/2284 256/2285/2285
f 246/2286/2286 248/2287/2287 218/2288/2288
f 264/2289/2289 248/2290/2290 260/2291/2291
f 248/2292/2292 258/2293/2293 218/2296/2296
f 218/2296/2296 258/2293/2293 267/2295/2295
f 267/2295/2295 258/2293/2293 264/2294/2294
f 264/2297/2297 266/2298/2298 267/2299/2299
f 262/2300/2300 264/2301/2301 260/2302/2302
f 266/2303/2303 282/2304/2304 281/2305/2305
f 252/2306/2306 286/2307/2307 284/2308/2308
f 282/2309/2309 288/2310/2310 281/2311/2311
f 288/2312/2312 296/2313/2313 281/2314/2314
f 198/2315/2315 220/2316/2316 13/2319/2319
f 13/2319/2319 220/2316/2316 11/2318/2318
f 11/2318/2318 220/2316/2316 194/2317/2317
f 230/2320/2320 250/2321/2321 198/2322/2322
f 198/2324/2324 13/2325/2325 196/2323/2323
f 196/2323/2323 13/2325/2325 19/2326/2326
f 296/2327/2327 455/2328/2328 281/2329/2329
f 246/2330/2330 218/2331/2331 194/2332/2332
f 267/2333/2333 266/2334/2334 281/2335/2335
f 247/2337/2337 218/2338/2338 257/2336/2336
f 257/2336/2336 218/2338/2338 267/2339/2339
f 257/2336/2336 267/2339/2339 263/2340/2340
f 247/2341/2341 263/2342/2342 259/2343/2343
f 247/2344/2344 245/2345/2345 218/2346/2346
f 218/2347/2347 217/2348/2348 194/2349/2349
f 194/2350/2350 192/2351/2351 11/2353/2353
f 11/2353/2353 192/2351/2351 15/2352/2352
f 261/2354/2354 247/2355/2355 259/2356/2356
f 268/2357/2357 267/2358/2358 281/2359/2359
f 265/2360/2360 263/2361/2361 267/2362/2362
f 455/2363/2363 17/2364/2364 192/2366/2366
f 192/2366/2366 17/2364/2364 15/2365/2365
f 228/2367/2367 230/2368/2368 198/2369/2369
f 19/2374/2374 13/2370/2370 17/2373/2373
f 17/2373/2373 13/2370/2370 11/2371/2371
f 17/2373/2373 11/2371/2371 15/2372/2372
f 263/2375/2375 261/2376/2376 259/2377/2377
f 245/2378/2378 247/2379/2379 221/2380/2380
f 263/2381/2381 247/2382/2382 255/2383/2383
f 247/2384/2384 261/2385/2385 221/2388/2388
f 221/2388/2388 261/2385/2385 279/2387/2387
f 279/2387/2387 261/2385/2385 263/2386/2386
f 263/2389/2389 265/2390/2390 279/2391/2391
f 257/2392/2392 263/2393/2393 255/2394/2394
f 265/2395/2395 267/2396/2396 280/2397/2397
f 248/2398/2398 262/2399/2399 260/2400/2400
f 267/2401/2401 268/2402/2402 280/2403/2403
f 268/2404/2404 281/2405/2405 280/2406/2406
f 194/2407/2407 217/2408/2408 2/2411/2411
f 2/2411/2411 217/2408/2408 1/2410/2410
f 1/2410/2410 217/2408/2408 193/2409/2409
f 222/2412/2412 246/2413/2413 194/2414/2414
f 194/2416/2416 2/2417/2417 192/2415/2415
f 192/2415/2415 2/2417/2417 5/2418/2418
f 281/2419/2419 455/2420/2420 280/2421/2421
f 245/2422/2422 221/2423/2423 193/2424/2424
f 279/2425/2425 265/2426/2426 280/2427/2427
f 251/2429/2429 221/2430/2430 271/2428/2428
f 271/2428/2428 221/2430/2430 279/2431/2431
f 271/2428/2428 279/2431/2431 278/2432/2432
f 251/2433/2433 278/2434/2434 277/2435/2435
f 251/2436/2436 249/2437/2437 221/2438/2438
f 221/2439/2439 219/2440/2440 193/2441/2441
f 193/2442/2442 191/2443/2443 1/2445/2445
f 1/2445/2445 191/2443/2443 3/2444/2444
f 285/2446/2446 251/2447/2447 277/2448/2448
f 287/2449/2449 279/2450/2450 280/2451/2451
f 289/2452/2452 278/2453/2453 279/2454/2454
f 455/2455/2455 4/2456/2456 191/2458/2458
f 191/2458/2458 4/2456/2456 3/2457/2457
f 220/2459/2459 222/2460/2460 194/2461/2461
f 5/2466/2466 2/2462/2462 4/2465/2465
f 4/2465/2465 2/2462/2462 1/2463/2463
f 4/2465/2465 1/2463/2463 3/2464/2464
f 278/2467/2467 285/2468/2468 277/2469/2469
f 249/2470/2470 251/2471/2471 229/2472/2472
f 278/2473/2473 251/2474/2474 269/2475/2475
f 251/2476/2476 285/2477/2477 229/2480/2480
f 229/2480/2480 285/2477/2477 301/2479/2479
f 301/2479/2479 285/2477/2477 278/2478/2478
f 278/2481/2481 289/2482/2482 301/2483/2483
f 271/2484/2484 278/2485/2485 269/2486/2486
f 289/2487/2487 279/2488/2488 295/2489/2489
f 247/2490/2490 257/2491/2491 255/2492/2492
f 279/2493/2493 287/2494/2494 295/2495/2495
f 287/2496/2496 280/2497/2497 295/2498/2498
f 193/2499/2499 219/2500/2500 10/2503/2503
f 10/2503/2503 219/2500/2500 12/2502/2502
f 12/2502/2502 219/2500/2500 197/2501/2501
f 218/2504/2504 245/2505/2505 193/2506/2506
f 193/2508/2508 10/2509/2509 191/2507/2507
f 191/2507/2507 10/2509/2509 14/2510/2510
f 280/2511/2511 455/2512/2512 295/2513/2513
f 249/2514/2514 229/2515/2515 197/2516/2516
f 301/2517/2517 289/2518/2518 295/2519/2519
f 275/2521/2521 229/2522/2522 305/2520/2520
f 305/2520/2520 229/2522/2522 301/2523/2523
f 305/2520/2520 301/2523/2523 309/2524/2524
f 275/2525/2525 309/2526/2526 313/2527/2527
f 275/2528/2528 273/2529/2529 229/2530/2530
f 229/2531/2531 227/2532/2532 197/2533/2533
f 197/2534/2534 195/2535/2535 12/2537/2537
f 12/2537/2537 195/2535/2535 18/2536/2536
f 315/2538/2538 275/2539/2539 313/2540/2540
f 307/2541/2541 301/2542/2542 295/2543/2543
f 311/2544/2544 309/2545/2545 301/2546/2546
f 455/2547/2547 16/2548/2548 195/2550/2550
f 195/2550/2550 16/2548/2548 18/2549/2549
f 217/2551/2551 218/2552/2552 193/2553/2553
f 14/2558/2558 10/2554/2554 16/2557/2557
f 16/2557/2557 10/2554/2554 12/2555/2555
f 16/2557/2557 12/2555/2555 18/2556/2556
f 309/2559/2559 315/2560/2560 313/2561/2561
f 273/2562/2562 275/2563/2563 237/2564/2564
f 309/2565/2565 275/2566/2566 303/2567/2567
f 275/2568/2568 315/2569/2569 237/2572/2572
f 237/2572/2572 315/2569/2569 323/2571/2571
f 323/2571/2571 315/2569/2569 309/2570/2570
f 309/2573/2573 311/2574/2574 323/2575/2575
f 305/2576/2576 309/2577/2577 303/2578/2578
f 311/2579/2579 301/2580/2580 317/2581/2581
f 251/2582/2582 271/2583/2583 269/2584/2584
f 301/2585/2585 307/2586/2586 317/2587/2587
f 307/2588/2588 295/2589/2589 317/2590/2590
f 197/2591/2591 227/2592/2592 24/2595/2595
f 24/2595/2595 227/2592/2592 26/2594/2594
f 26/2594/2594 227/2592/2592 201/2593/2593
f 221/2596/2596 249/2597/2597 197/2598/2598
f 197/2600/2600 24/2601/2601 195/2599/2599
f 195/2599/2599 24/2601/2601 28/2602/2602
f 295/2603/2603 455/2604/2604 317/2605/2605
f 273/2606/2606 237/2607/2607 201/2608/2608
f 323/2609/2609 311/2610/2610 317/2611/2611
f 321/2613/2613 237/2614/2614 329/2612/2612
f 329/2612/2612 237/2614/2614 323/2615/2615
f 329/2612/2612 323/2615/2615 331/2616/2616
f 321/2617/2617 331/2618/2618 335/2619/2619
f 321/2620/2620 319/2621/2621 237/2622/2622
f 237/2623/2623 235/2624/2624 201/2625/2625
f 201/2626/2626 199/2627/2627 26/2629/2629
f 26/2629/2629 199/2627/2627 32/2628/2628
f 337/2630/2630 321/2631/2631 335/2632/2632
f 325/2633/2633 323/2634/2634 317/2635/2635
f 333/2636/2636 331/2637/2637 323/2638/2638
f 455/2639/2639 30/2640/2640 199/2642/2642
f 199/2642/2642 30/2640/2640 32/2641/2641
f 219/2643/2643 221/2644/2644 197/2645/2645
f 28/2650/2650 24/2646/2646 30/2649/2649
f 30/2649/2649 24/2646/2646 26/2647/2647
f 30/2649/2649 26/2647/2647 32/2648/2648
f 331/2651/2651 337/2652/2652 335/2653/2653
f 319/2654/2654 321/2655/2655 243/2656/2656
f 331/2657/2657 321/2658/2658 327/2659/2659
f 321/2660/2660 337/2661/2661 243/2664/2664
f 243/2664/2664 337/2661/2661 347/2663/2663
f 347/2663/2663 337/2661/2661 331/2662/2662
f 331/2665/2665 333/2666/2666 347/2667/2667
f 329/2668/2668 331/2669/2669 327/2670/2670
f 333/2671/2671 323/2672/2672 339/2673/2673
f 275/2674/2674 305/2675/2675 303/2676/2676
f 323/2677/2677 325/2678/2678 339/2679/2679
f 325/2680/2680 317/2681/2681 339/2682/2682
f 201/2683/2683 235/2684/2684 38/2687/2687
f 38/2687/2687 235/2684/2684 40/2686/2686
f 40/2686/2686 235/2684/2684 207/2685/2685
f 229/2688/2688 273/2689/2689 201/2690/2690
f 201/2692/2692 38/2693/2693 199/2691/2691
f 199/2691/2691 38/2693/2693 42/2694/2694
f 317/2695/2695 455/2696/2696 339/2697/2697
f 319/2698/2698 243/2699/2699 207/2700/2700
f 347/2701/2701 333/2702/2702 339/2703/2703
f 345/2705/2705 243/2706/2706 353/2704/2704
f 353/2704/2704 243/2706/2706 347/2707/2707
f 353/2704/2704 347/2707/2707 355/2708/2708
f 345/2709/2709 355/2710/2710 363/2711/2711
f 345/2712/2712 343/2713/2713 243/2714/2714
f 243/2715/2715 241/2716/2716 207/2717/2717
f 207/2718/2718 205/2719/2719 40/2721/2721
f 40/2721/2721 205/2719/2719 46/2720/2720
f 365/2722/2722 345/2723/2723 363/2724/2724
f 349/2725/2725 347/2726/2726 339/2727/2727
f 357/2728/2728 355/2729/2729 347/2730/2730
f 455/2731/2731 44/2732/2732 205/2734/2734
f 205/2734/2734 44/2732/2732 46/2733/2733
f 227/2735/2735 229/2736/2736 201/2737/2737
f 42/2742/2742 38/2738/2738 44/2741/2741
f 44/2741/2741 38/2738/2738 40/2739/2739
f 44/2741/2741 40/2739/2739 46/2740/2740
f 355/2743/2743 365/2744/2744 363/2745/2745
f 343/2746/2746 345/2747/2747 299/2748/2748
f 355/2749/2749 345/2750/2750 351/2751/2751
f 345/2752/2752 365/2753/2753 299/2756/2756
f 299/2756/2756 365/2753/2753 369/2755/2755
f 369/2755/2755 365/2753/2753 355/2754/2754
f 355/2757/2757 357/2758/2758 369/2759/2759
f 353/2760/2760 355/2761/2761 351/2762/2762
f 357/2763/2763 347/2764/2764 367/2765/2765
f 321/2766/2766 329/2767/2767 327/2768/2768
f 347/2769/2769 349/2770/2770 367/2771/2771
f 349/2772/2772 339/2773/2773 367/2774/2774
f 207/2775/2775 241/2776/2776 52/2779/2779
f 52/2779/2779 241/2776/2776 54/2778/2778
f 54/2778/2778 241/2776/2776 211/2777/2777
f 237/2780/2780 319/2781/2781 207/2782/2782
f 207/2784/2784 52/2785/2785 205/2783/2783
f 205/2783/2783 52/2785/2785 56/2786/2786
f 339/2787/2787 455/2788/2788 367/2789/2789
f 343/2790/2790 299/2791/2791 211/2792/2792
f 369/2793/2793 357/2794/2794 367/2795/2795
f 375/2797/2797 299/2798/2798 379/2796/2796
f 379/2796/2796 299/2798/2798 369/2799/2799
f 379/2796/2796 369/2799/2799 381/2800/2800
f 375/2801/2801 381/2802/2802 387/2803/2803
f 375/2804/2804 373/2805/2805 299/2806/2806
f 299/2807/2807 297/2808/2808 211/2809/2809
f 211/2810/2810 209/2811/2811 54/2813/2813
f 54/2813/2813 209/2811/2811 60/2812/2812
f 389/2814/2814 375/2815/2815 387/2816/2816
f 371/2817/2817 369/2818/2818 367/2819/2819
f 383/2820/2820 381/2821/2821 369/2822/2822
f 455/2823/2823 58/2824/2824 209/2826/2826
f 209/2826/2826 58/2824/2824 60/2825/2825
f 235/2827/2827 237/2828/2828 207/2829/2829
f 56/2834/2834 52/2830/2830 58/2833/2833
f 58/2833/2833 52/2830/2830 54/2831/2831
f 58/2833/2833 54/2831/2831 60/2832/2832
f 381/2835/2835 389/2836/2836 387/2837/2837
f 373/2838/2838 375/2839/2839 361/2840/2840
f 381/2841/2841 375/2842/2842 377/2843/2843
f 375/2844/2844 389/2845/2845 361/2848/2848
f 361/2848/2848 389/2845/2845 391/2847/2847
f 391/2847/2847 389/2845/2845 381/2846/2846
f 381/2849/2849 383/2850/2850 391/2851/2851
f 379/2852/2852 381/2853/2853 377/2854/2854
f 383/2855/2855 369/2856/2856 385/2857/2857
f 345/2858/2858 353/2859/2859 351/2860/2860
f 369/2861/2861 371/2862/2862 385/2863/2863
f 371/2864/2864 367/2865/2865 385/2866/2866
f 211/2867/2867 297/2868/2868 72/2871/2871
f 72/2871/2871 297/2868/2868 74/2870/2870
f 74/2870/2870 297/2868/2868 225/2869/2869
f 243/2872/2872 343/2873/2873 211/2874/2874
f 211/2876/2876 72/2877/2877 209/2875/2875
f 209/2875/2875 72/2877/2877 76/2878/2878
f 367/2879/2879 455/2880/2880 385/2881/2881
f 455/2882/2882 78/2883/2883 223/2885/2885
f 223/2885/2885 78/2883/2883 80/2884/2884
f 383/2886/2886 385/2887/2887 391/2888/2888
f 225/2889/2889 373/2890/2890 361/2891/2891
f 411/2892/2892 409/2893/2893 361/2894/2894
f 359/2895/2895 225/2896/2896 361/2897/2897
f 385/2898/2898 393/2899/2899 391/2900/2900
f 241/2901/2901 243/2902/2902 211/2903/2903
f 76/2908/2908 72/2904/2904 78/2907/2907
f 78/2907/2907 72/2904/2904 74/2905/2905
f 78/2907/2907 74/2905/2905 80/2906/2906
f 225/2909/2909 223/2910/2910 74/2912/2912
f 74/2912/2912 223/2910/2910 80/2911/2911
f 297/2913/2913 299/2914/2914 225/2915/2915
f 225/2917/2917 102/2918/2918 223/2916/2916
f 223/2916/2916 102/2918/2918 104/2919/2919
f 359/2920/2920 361/2921/2921 293/2922/2922
f 393/2923/2923 385/2924/2924 421/2925/2925
f 225/2926/2926 359/2927/2927 102/2930/2930
f 102/2930/2930 359/2927/2927 106/2929/2929
f 106/2929/2929 359/2927/2927 293/2928/2928
f 419/2931/2931 391/2932/2932 421/2933/2933
f 361/2934/2934 409/2935/2935 293/2936/2936
f 299/2937/2937 373/2938/2938 225/2939/2939
f 293/2940/2940 291/2941/2941 106/2943/2943
f 106/2943/2943 291/2941/2941 110/2942/2942
f 385/2944/2944 455/2945/2945 421/2946/2946
f 455/2947/2947 108/2948/2948 291/2950/2950
f 291/2950/2950 108/2948/2948 110/2949/2949
f 104/2955/2955 102/2951/2951 108/2954/2954
f 108/2954/2954 102/2951/2951 106/2952/2952
f 108/2954/2954 106/2952/2952 110/2953/2953
f 439/2956/2956 447/2957/2957 445/2958/2958
f 293/2960/2960 142/2961/2961 291/2959/2959
f 291/2959/2959 142/2961/2961 144/2962/2962
f 472/2963/2963 480/2964/2964 478/2965/2965
f 391/2966/2966 393/2967/2967 421/2968/2968
f 375/2969/2969 379/2970/2970 377/2971/2971
f 144/2976/2976 142/2972/2972 146/2975/2975
f 146/2975/2975 142/2972/2972 148/2973/2973
f 146/2975/2975 148/2973/2973 152/2974/2974
f 455/2978/2978 449/2979/2979 500/2977/2977
f 500/2977/2977 449/2979/2979 496/2980/2980
f 510/2981/2981 508/2982/2982 506/2983/2983
f 506/2984/2984 504/2985/2985 502/2986/2986
f 502/2987/2987 500/2988/2988 498/2990/2990
f 498/2990/2990 500/2988/2988 496/2989/2989
f 512/2991/2991 510/2992/2992 514/2993/2993
f 455/2999/2999 189/3001/3001 146/2994/2994
f 146/2994/2994 189/3001/3001 181/3002/3002
f 146/2994/2994 181/3002/3002 167/2998/2998
f 167/2998/2998 181/3002/3002 179/2997/2997
f 179/2997/2997 181/3002/3002 449/2996/2996
f 449/2996/2996 181/3002/3002 189/3001/3001
f 449/2996/2996 189/3001/3001 455/3000/3000
f 742/3005/3005 728/3010/3010 764/3004/3004
f 764/3004/3004 728/3010/3010 724/3011/3011
f 764/3004/3004 724/3011/3011 455/3009/3009
f 742/3005/3005 730/3006/3006 728/3010/3010
f 728/3010/3010 730/3006/3006 449/3007/3007
f 728/3010/3010 449/3007/3007 724/3011/3011
f 724/3011/3011 449/3007/3007 455/3008/3008
f 792/3014/3014 760/3019/3019 803/3013/3013
f 803/3013/3013 760/3019/3019 736/3020/3020
f 803/3013/3013 736/3020/3020 455/3018/3018
f 792/3014/3014 778/3015/3015 760/3019/3019
f 760/3019/3019 778/3015/3015 764/3016/3016
f 760/3019/3019 764/3016/3016 736/3020/3020
f 736/3020/3020 764/3016/3016 455/3017/3017
f 455/3026/3026 175/3028/3028 108/3021/3021
f 108/3021/3021 175/3028/3028 150/3029/3029
f 108/3021/3021 150/3029/3029 118/3025/3025
f 118/3025/3025 150/3029/3029 132/3024/3024
f 132/3024/3024 150/3029/3029 146/3023/3023
f 146/3023/3023 150/3029/3029 175/3028/3028
f 146/3023/3023 175/3028/3028 455/3027/3027
f 455/3035/3035 163/3037/3037 78/3030/3030
f 78/3030/3030 163/3037/3037 124/3038/3038
f 78/3030/3030 124/3038/3038 86/3034/3034
f 86/3034/3034 124/3038/3038 94/3033/3033
f 94/3033/3033 124/3038/3038 108/3032/3032
f 108/3032/3032 124/3038/3038 163/3037/3037
f 108/3032/3032 163/3037/3037 455/3036/3036
f 825/3041/3041 788/3046/3046 833/3040/3040
f 833/3040/3040 788/3046/3046 750/3047/3047
f 833/3040/3040 750/3047/3047 455/3045/3045
f 825/3041/3041 817/3042/3042 788/3046/3046
f 788/3046/3046 817/3042/3042 803/3043/3043
f 788/3046/3046 803/3043/3043 750/3047/3047
f 750/3047/3047 803/3043/3043 455/3044/3044
f 847/3050/3050 813/3055/3055 853/3049/3049
f 853/3049/3049 813/3055/3055 770/3056/3056
f 853/3049/3049 770/3056/3056 455/3054/3054
f 847/3050/3050 843/3051/3051 813/3055/3055
f 813/3055/3055 843/3051/3051 833/3052/3052
f 813/3055/3055 833/3052/3052 770/3056/3056
f 770/3056/3056 833/3052/3052 455/3053/3053
f 455/3062/3062 140/3064/3064 58/3057/3057
f 58/3057/3057 140/3064/3064 98/3065/3065
f 58/3057/3057 98/3065/3065 64/3061/3061
f 64/3061/3061 98/3065/3065 68/3060/3060
f 68/3060/3060 98/3065/3065 78/3059/3059
f 78/3059/3059 98/3065/3065 140/3064/3064
f 78/3059/3059 140/3064/3064 455/3063/3063
f 455/3071/3071 134/3073/3073 44/3066/3066
f 44/3066/3066 134/3073/3073 82/3074/3074
f 44/3066/3066 82/3074/3074 48/3070/3070
f 48/3070/3070 82/3074/3074 50/3069/3069
f 50/3069/3069 82/3074/3074 58/3068/3068
f 58/3068/3068 82/3074/3074 134/3073/3073
f 58/3068/3068 134/3073/3073 455/3072/3072
f 863/3077/3077 829/3082/3082 867/3076/3076
f 867/3076/3076 829/3082/3082 776/3083/3083
f 867/3076/3076 776/3083/3083 455/3081/3081
f 863/3077/3077 861/3078/3078 829/3082/3082
f 829/3082/3082 861/3078/3078 853/3079/3079
f 829/3082/3082 853/3079/3079 776/3083/3083
f 776/3083/3083 853/3079/3079 455/3080/3080
f 877/3086/3086 841/3091/3091 881/3085/3085
f 881/3085/3085 841/3091/3091 782/3092/3092
f 881/3085/3085 782/3092/3092 455/3090/3090
f 877/3086/3086 875/3087/3087 841/3091/3091
f 841/3091/3091 875/3087/3087 867/3088/3088
f 841/3091/3091 867/3088/3088 782/3092/3092
f 782/3092/3092 867/3088/3088 455/3089/3089
f 455/3098/3098 128/3100/3100 30/3093/3093
f 30/3093/3093 128/3100/3100 70/3101/3101
f 30/3093/3093 70/3101/3101 34/3097/3097
f 34/3097/3097 70/3101/3101 36/3096/3096
f 36/3096/3096 70/3101/3101 44/3095/3095
f 44/3095/3095 70/3101/3101 128/3100/3100
f 44/3095/3095 128/3100/3100 455/3099/3099
f 455/3107/3107 120/3109/3109 16/3102/3102
f 16/3102/3102 120/3109/3109 66/3110/3110
f 16/3102/3102 66/3110/3110 20/3106/3106
f 20/3106/3106 66/3110/3110 22/3105/3105
f 22/3105/3105 66/3110/3110 30/3104/3104
f 30/3104/3104 66/3110/3110 120/3109/3109
f 30/3104/3104 120/3109/3109 455/3108/3108
f 891/3113/3113 845/3118/3118 895/3112/3112
f 895/3112/3112 845/3118/3118 790/3119/3119
f 895/3112/3112 790/3119/3119 455/3117/3117
f 891/3113/3113 889/3114/3114 845/3118/3118
f 845/3118/3118 889/3114/3114 881/3115/3115
f 845/3118/3118 881/3115/3115 790/3119/3119
f 790/3119/3119 881/3115/3115 455/3116/3116
f 905/3122/3122 849/3127/3127 908/3121/3121
f 908/3121/3121 849/3127/3127 796/3128/3128
f 908/3121/3121 796/3128/3128 455/3126/3126
f 905/3122/3122 903/3123/3123 849/3127/3127
f 849/3127/3127 903/3123/3123 895/3124/3124
f 849/3127/3127 895/3124/3124 796/3128/3128
f 796/3128/3128 895/3124/3124 455/3125/3125
f 455/3134/3134 116/3136/3136 4/3129/3129
f 4/3129/3129 116/3136/3136 62/3137/3137
f 4/3129/3129 62/3137/3137 6/3133/3133
f 6/3133/3133 62/3137/3137 8/3132/3132
f 8/3132/3132 62/3137/3137 16/3131/3131
f 16/3131/3131 62/3137/3137 116/3136/3136
f 16/3131/3131 116/3136/3136 455/3135/3135
f 455/3143/3143 117/3145/3145 17/3138/3138
f 17/3138/3138 117/3145/3145 63/3146/3146
f 17/3138/3138 63/3146/3146 9/3142/3142
f 9/3142/3142 63/3146/3146 7/3141/3141
f 7/3141/3141 63/3146/3146 4/3140/3140
f 4/3140/3140 63/3146/3146 117/3145/3145
f 4/3140/3140 117/3145/3145 455/3144/3144
f 904/3149/3149 850/3154/3154 896/3148/3148
f 896/3148/3148 850/3154/3154 797/3155/3155
f 896/3148/3148 797/3155/3155 455/3153/3153
f 904/3149/3149 906/3150/3150 850/3154/3154
f 850/3154/3154 906/3150/3150 908/3151/3151
f 850/3154/3154 908/3151/3151 797/3155/3155
f 797/3155/3155 908/3151/3151 455/3152/3152
f 890/3158/3158 846/3163/3163 882/3157/3157
f 882/3157/3157 846/3163/3163 791/3164/3164
f 882/3157/3157 791/3164/3164 455/3162/3162
f 890/3158/3158 892/3159/3159 846/3163/3163
f 846/3163/3163 892/3159/3159 896/3160/3160
f 846/3163/3163 896/3160/3160 791/3164/3164
f 791/3164/3164 896/3160/3160 455/3161/3161
f 455/3170/3170 121/3172/3172 31/3165/3165
f 31/3165/3165 121/3172/3172 67/3173/3173
f 31/3165/3165 67/3173/3173 23/3169/3169
f 23/3169/3169 67/3173/3173 21/3168/3168
f 21/3168/3168 67/3173/3173 17/3167/3167
f 17/3167/3167 67/3173/3173 121/3172/3172
f 17/3167/3167 121/3172/3172 455/3171/3171
f 455/3179/3179 129/3181/3181 45/3174/3174
f 45/3174/3174 129/3181/3181 71/3182/3182
f 45/3174/3174 71/3182/3182 37/3178/3178
f 37/3178/3178 71/3182/3182 35/3177/3177
f 35/3177/3177 71/3182/3182 31/3176/3176
f 31/3176/3176 71/3182/3182 129/3181/3181
f 31/3176/3176 129/3181/3181 455/3180/3180
f 876/3185/3185 842/3190/3190 868/3184/3184
f 868/3184/3184 842/3190/3190 783/3191/3191
f 868/3184/3184 783/3191/3191 455/3189/3189
f 876/3185/3185 878/3186/3186 842/3190/3190
f 842/3190/3190 878/3186/3186 882/3187/3187
f 842/3190/3190 882/3187/3187 783/3191/3191
f 783/3191/3191 882/3187/3187 455/3188/3188
f 862/3194/3194 830/3199/3199 854/3193/3193
f 854/3193/3193 830/3199/3199 777/3200/3200
f 854/3193/3193 777/3200/3200 455/3198/3198
f 862/3194/3194 864/3195/3195 830/3199/3199
f 830/3199/3199 864/3195/3195 868/3196/3196
f 830/3199/3199 868/3196/3196 777/3200/3200
f 777/3200/3200 868/3196/3196 455/3197/3197
f 455/3206/3206 135/3208/3208 59/3201/3201
f 59/3201/3201 135/3208/3208 83/3209/3209
f 59/3201/3201 83/3209/3209 51/3205/3205
f 51/3205/3205 83/3209/3209 49/3204/3204
f 49/3204/3204 83/3209/3209 45/3203/3203
f 45/3203/3203 83/3209/3209 135/3208/3208
f 45/3203/3203 135/3208/3208 455/3207/3207
f 455/3215/3215 141/3217/3217 79/3210/3210
f 79/3210/3210 141/3217/3217 99/3218/3218
f 79/3210/3210 99/3218/3218 69/3214/3214
f 69/3214/3214 99/3218/3218 65/3213/3213
f 65/3213/3213 99/3218/3218 59/3212/3212
f 59/3212/3212 99/3218/3218 141/3217/3217
f 59/3212/3212 141/3217/3217 455/3216/3216
f 844/3221/3221 814/3226/3226 834/3220/3220
f 834/3220/3220 814/3226/3226 771/3227/3227
f 834/3220/3220 771/3227/3227 455/3225/3225
f 844/3221/3221 848/3222/3222 814/3226/3226
f 814/3226/3226 848/3222/3222 854/3223/3223
f 814/3226/3226 854/3223/3223 771/3227/3227
f 771/3227/3227 854/3223/3223 455/3224/3224
f 818/3230/3230 789/3235/3235 804/3229/3229
f 804/3229/3229 789/3235/3235 751/3236/3236
f 804/3229/3229 751/3236/3236 455/3234/3234
f 818/3230/3230 826/3231/3231 789/3235/3235
f 789/3235/3235 826/3231/3231 834/3232/3232
f 789/3235/3235 834/3232/3232 751/3236/3236
f 751/3236/3236 834/3232/3232 455/3233/3233
f 455/3242/3242 164/3244/3244 109/3237/3237
f 109/3237/3237 164/3244/3244 125/3245/3245
f 109/3237/3237 125/3245/3245 95/3241/3241
f 95/3241/3241 125/3245/3245 87/3240/3240
f 87/3240/3240 125/3245/3245 79/3239/3239
f 79/3239/3239 125/3245/3245 164/3244/3244
f 79/3239/3239 164/3244/3244 455/3243/3243
f 455/3251/3251 176/3253/3253 147/3246/3246
f 147/3246/3246 176/3253/3253 151/3254/3254
f 147/3246/3246 151/3254/3254 133/3250/3250
f 133/3250/3250 151/3254/3254 119/3249/3249
f 119/3249/3249 151/3254/3254 109/3248/3248
f 109/3248/3248 151/3254/3254 176/3253/3253
f 109/3248/3248 176/3253/3253 455/3252/3252
f 779/3257/3257 761/3262/3262 765/3256/3256
f 765/3256/3256 761/3262/3262 737/3263/3263
f 765/3256/3256 737/3263/3263 455/3261/3261
f 779/3257/3257 793/3258/3258 761/3262/3262
f 761/3262/3262 793/3258/3258 804/3259/3259
f 761/3262/3262 804/3259/3259 737/3263/3263
f 737/3263/3263 804/3259/3259 455/3260/3260
f 455/3269/3269 190/3271/3271 450/3264/3264
f 450/3264/3264 190/3271/3271 182/3272/3272
f 450/3264/3264 182/3272/3272 180/3268/3268
f 180/3268/3268 182/3272/3272 168/3267/3267
f 168/3267/3267 182/3272/3272 147/3266/3266
f 147/3266/3266 182/3272/3272 190/3271/3271
f 147/3266/3266 190/3271/3271 455/3270/3270
f 455/3273/3273 401/3274/3274 449/3276/3276
f 449/3276/3276 401/3274/3274 397/3275/3275
f 413/3277/3277 417/3278/3278 415/3279/3279
f 419/3280/3280 427/3281/3281 417/3282/3282
f 429/3283/3283 443/3284/3284 427/3285/3285
f 455/3286/3286 468/3287/3287 443/3288/3288
f 482/3289/3289 484/3290/3290 468/3291/3291
f 492/3292/3292 494/3293/3293 484/3294/3294
f 417/3295/3295 411/3296/3296 415/3297/3297
f 435/3298/3298 403/3299/3299 407/3300/3300
f 502/3302/3302 498/3303/3303 456/3301/3301
f 456/3301/3301 498/3303/3303 399/3304/3304
f 456/3301/3301 399/3304/3304 403/3305/3305
f 474/3306/3306 506/3307/3307 502/3308/3308
f 484/3309/3309 470/3310/3310 468/3311/3311
f 468/3312/3312 460/3313/3313 443/3314/3314
f 443/3315/3315 441/3316/3316 427/3317/3317
f 417/3322/3322 427/3318/3318 425/3321/3321
f 425/3321/3321 427/3318/3318 407/3319/3319
f 425/3321/3321 407/3319/3319 411/3320/3320
f 510/3323/3323 494/3324/3324 514/3325/3325
f 494/3326/3326 486/3327/3327 484/3330/3330
f 484/3330/3330 486/3327/3327 506/3329/3329
f 506/3329/3329 486/3327/3327 510/3328/3328
f 403/3331/3331 405/3332/3332 407/3333/3333
f 407/3334/3334 409/3335/3335 411/3336/3336
f 411/3337/3337 413/3338/3338 415/3339/3339
f 403/3341/3341 399/3342/3342 401/3340/3340
f 401/3340/3340 399/3342/3342 397/3343/3343
f 397/3348/3348 399/3344/3344 449/3347/3347
f 449/3347/3347 399/3344/3344 498/3345/3345
f 449/3347/3347 498/3345/3345 496/3346/3346
f 494/3349/3349 512/3350/3350 514/3351/3351
usemtl 191,191,191
f 234/3353/3353 216/3376/3376 213/3352/3352
f 213/3352/3352 216/3376/3376 214/3361/3361
f 213/3352/3352 214/3361/3361 215/3362/3362
f 396/3354/3354 342/3374/3374 234/3353/3353
f 234/3353/3353 342/3374/3374 240/3375/3375
f 234/3353/3353 240/3375/3375 216/3376/3376
f 342/3374/3374 396/3354/3354 454/3373/3373
f 454/3373/3373 396/3354/3354 623/3355/3355
f 454/3373/3373 623/3355/3355 571/3372/3372
f 571/3372/3372 623/3355/3355 673/3371/3371
f 673/3371/3371 623/3355/3355 695/3377/3377
f 673/3371/3371 695/3378/3378 693/3370/3370
f 693/3370/3370 695/3379/3379 696/3369/3369
f 696/3380/3380 695/3356/3356 694/3357/3357
f 696/3381/3381 694/3357/3357 692/3368/3368
f 692/3368/3368 694/3357/3357 672/3367/3367
f 672/3367/3367 694/3357/3357 622/3358/3358
f 672/3367/3367 622/3358/3358 570/3366/3366
f 570/3366/3366 622/3358/3358 453/3365/3365
f 453/3365/3365 622/3358/3358 395/3359/3359
f 453/3365/3365 395/3359/3359 341/3364/3364
f 341/3364/3364 395/3359/3359 233/3360/3360
f 341/3364/3364 233/3360/3360 239/3363/3363
f 239/3363/3363 233/3360/3360 215/3362/3362
f 215/3362/3362 233/3360/3360 213/3352/3352
usemtl 0,0,0
f 704/3383/3383 753/3425/3425 713/3382/3382
f 713/3382/3382 753/3425/3425 755/3429/3429
f 713/3382/3382 755/3429/3429 754/3430/3430
f 754/3430/3430 755/3429/3429 798/3391/3391
f 754/3430/3430 798/3391/3391 794/3392/3392
f 535/3384/3384 739/3426/3426 704/3383/3383
f 704/3383/3383 739/3426/3426 745/3431/3431
f 704/3383/3383 745/3431/3431 747/3432/3432
f 747/3432/3432 745/3431/3431 781/3417/3417
f 747/3432/3432 781/3417/3417 787/3418/3418
f 232/3385/3385 188/3427/3427 535/3384/3384
f 535/3384/3384 188/3427/3427 254/3448/3448
f 535/3384/3384 254/3448/3448 719/3433/3433
f 719/3433/3433 254/3448/3448 698/3413/3413
f 719/3433/3433 698/3413/3413 735/3414/3414
f 204/3449/3449 166/3428/3428 232/3385/3385
f 232/3385/3385 166/3428/3428 174/3435/3435
f 232/3385/3385 174/3435/3435 178/3436/3436
f 178/3436/3436 174/3435/3435 155/3410/3410
f 178/3436/3436 155/3410/3410 172/3411/3411
f 203/3387/3387 158/3420/3420 204/3386/3386
f 204/3386/3386 158/3420/3420 160/3450/3450
f 204/3451/3451 160/3437/3437 162/3438/3438
f 162/3438/3438 160/3437/3437 123/3407/3407
f 162/3438/3438 123/3407/3407 131/3408/3408
f 231/3388/3388 165/3421/3421 203/3387/3387
f 203/3387/3387 165/3421/3421 161/3439/3439
f 203/3387/3387 161/3439/3439 159/3440/3440
f 159/3440/3440 161/3439/3439 122/3404/3404
f 159/3440/3440 122/3404/3404 114/3452/3452
f 534/3389/3389 187/3447/3447 231/3388/3388
f 231/3388/3388 187/3447/3447 177/3441/3441
f 231/3388/3388 177/3441/3441 173/3442/3442
f 173/3442/3442 177/3441/3441 154/3401/3401
f 173/3442/3442 154/3401/3401 138/3402/3402
f 703/3390/3390 738/3423/3423 534/3389/3389
f 534/3389/3389 738/3423/3423 732/3443/3443
f 534/3389/3389 732/3443/3443 718/3444/3444
f 718/3444/3444 732/3443/3443 734/3397/3397
f 718/3444/3444 734/3397/3397 697/3398/3398
f 713/3382/3382 752/3424/3424 703/3390/3390
f 703/3390/3390 752/3424/3424 746/3445/3445
f 703/3390/3390 746/3445/3445 744/3446/3446
f 744/3446/3446 746/3445/3445 780/3394/3394
f 744/3446/3446 780/3394/3394 772/3395/3395
f 754/3430/3430 794/3392/3392 752/3424/3424
f 752/3424/3424 794/3392/3392 786/3393/3393
f 752/3424/3424 786/3393/3393 746/3445/3445
f 746/3445/3445 786/3393/3393 780/3394/3394
f 744/3446/3446 772/3395/3395 738/3423/3423
f 738/3423/3423 772/3395/3395 748/3396/3396
f 738/3423/3423 748/3396/3396 732/3443/3443
f 732/3443/3443 748/3396/3396 734/3397/3397
f 718/3444/3444 697/3398/3398 253/3422/3422
f 253/3422/3422 697/3398/3398 185/3399/3399
f 253/3422/3422 185/3399/3399 187/3447/3447
f 187/3447/3447 185/3399/3399 171/3400/3400
f 187/3447/3447 171/3400/3400 177/3441/3441
f 177/3441/3441 171/3400/3400 154/3401/3401
f 173/3442/3442 138/3402/3402 165/3421/3421
f 165/3421/3421 138/3402/3402 130/3403/3403
f 165/3421/3421 130/3403/3403 161/3439/3439
f 161/3439/3439 130/3403/3403 122/3404/3404
f 159/3440/3440 114/3453/3453 158/3420/3420
f 158/3454/3454 114/3405/3405 115/3406/3406
f 158/3455/3455 115/3406/3406 160/3437/3437
f 160/3437/3437 115/3406/3406 123/3407/3407
f 162/3438/3438 131/3408/3408 166/3428/3428
f 166/3428/3428 131/3408/3408 139/3409/3409
f 166/3428/3428 139/3409/3409 174/3435/3435
f 174/3435/3435 139/3409/3409 155/3410/3410
f 178/3436/3436 172/3411/3411 188/3427/3427
f 188/3427/3427 172/3411/3411 186/3412/3412
f 188/3427/3427 186/3412/3412 254/3448/3448
f 254/3448/3448 186/3412/3412 698/3413/3413
f 719/3433/3433 735/3414/3414 733/3434/3434
f 733/3434/3434 735/3414/3414 749/3415/3415
f 733/3434/3434 749/3415/3415 739/3426/3426
f 739/3426/3426 749/3415/3415 773/3416/3416
f 739/3426/3426 773/3416/3416 745/3431/3431
f 745/3431/3431 773/3416/3416 781/3417/3417
f 747/3432/3432 787/3418/3418 753/3425/3425
f 753/3425/3425 787/3418/3418 795/3419/3419
f 753/3425/3425 795/3419/3419 755/3429/3429
f 755/3429/3429 795/3419/3419 798/3391/3391
f 158/3420/3420 203/3387/3387 159/3440/3440
f 165/3421/3421 231/3388/3388 173/3442/3442
f 187/3447/3447 534/3389/3389 253/3422/3422
f 253/3422/3422 534/3389/3389 718/3444/3444
f 738/3423/3423 703/3390/3390 744/3446/3446
f 752/3424/3424 713/3382/3382 754/3430/3430
f 753/3425/3425 704/3383/3383 747/3432/3432
f 719/3433/3433 733/3434/3434 535/3384/3384
f 535/3384/3384 733/3434/3434 739/3426/3426
f 188/3427/3427 232/3385/3385 178/3436/3436
f 166/3428/3428 204/3456/3456 162/3438/3438
usemtl 182,18,12
f 216/3458/3458 89/3582/3582 214/3457/3457
f 214/3457/3457 89/3582/3582 85/3586/3586
f 214/3457/3457 85/3586/3586 84/3587/3587
f 84/3587/3587 85/3586/3586 4/3548/3548
f 84/3587/3587 4/3548/3548 6/3549/3549
f 240/3459/3459 97/3583/3583 216/3458/3458
f 216/3458/3458 97/3583/3583 93/3588/3588
f 216/3458/3458 93/3588/3588 91/3589/3589
f 91/3589/3589 93/3588/3588 31/3542/3542
f 91/3589/3589 31/3542/3542 23/3543/3543
f 342/3460/3460 127/3584/3584 240/3459/3459
f 240/3459/3459 127/3584/3584 113/3590/3590
f 240/3459/3459 113/3590/3590 101/3591/3591
f 101/3591/3591 113/3590/3590 59/3536/3536
f 101/3591/3591 59/3536/3536 51/3537/3537
f 454/3619/3619 170/3585/3585 342/3460/3460
f 342/3460/3460 170/3585/3585 157/3592/3592
f 342/3460/3460 157/3592/3592 137/3593/3593
f 137/3593/3593 157/3592/3592 95/3531/3531
f 137/3593/3593 95/3531/3531 87/3532/3532
f 571/3462/3462 741/3570/3570 454/3461/3461
f 454/3461/3461 741/3570/3570 727/3594/3594
f 454/3461/3461 727/3594/3594 452/3620/3620
f 452/3621/3621 727/3594/3594 731/3523/3523
f 452/3569/3569 731/3622/3622 450/3524/3524
f 673/3463/3463 785/3571/3571 571/3462/3462
f 571/3462/3462 785/3571/3571 775/3595/3595
f 571/3462/3462 775/3595/3595 757/3596/3596
f 757/3596/3596 775/3595/3595 818/3517/3517
f 757/3596/3596 818/3517/3517 804/3518/3518
f 693/3464/3464 816/3572/3572 673/3463/3463
f 673/3463/3463 816/3572/3572 812/3597/3597
f 673/3463/3463 812/3597/3597 800/3598/3598
f 800/3598/3598 812/3597/3597 854/3512/3512
f 800/3598/3598 854/3512/3512 848/3513/3513
f 696/3465/3465 824/3573/3573 693/3464/3464
f 693/3464/3464 824/3573/3573 822/3599/3599
f 693/3464/3464 822/3599/3599 820/3600/3600
f 820/3600/3600 822/3599/3599 882/3506/3506
f 820/3600/3600 882/3506/3506 878/3507/3507
f 692/3466/3466 823/3574/3574 696/3465/3465
f 696/3465/3465 823/3574/3574 827/3601/3601
f 696/3465/3465 827/3601/3601 828/3602/3602
f 828/3602/3602 827/3601/3601 908/3500/3500
f 828/3602/3602 908/3500/3500 906/3501/3501
f 672/3467/3467 815/3575/3575 692/3466/3466
f 692/3466/3466 815/3575/3575 819/3603/3603
f 692/3466/3466 819/3603/3603 821/3604/3604
f 821/3604/3604 819/3603/3603 881/3494/3494
f 821/3604/3604 881/3494/3494 889/3495/3495
f 570/3468/3468 784/3576/3576 672/3467/3467
f 672/3467/3467 784/3576/3576 799/3605/3605
f 672/3467/3467 799/3605/3605 811/3606/3606
f 811/3606/3606 799/3605/3605 853/3488/3488
f 811/3606/3606 853/3488/3488 861/3489/3489
f 453/3469/3469 740/3577/3577 570/3468/3468
f 570/3468/3468 740/3577/3577 756/3607/3607
f 570/3468/3468 756/3607/3607 774/3608/3608
f 774/3608/3608 756/3607/3607 817/3483/3483
f 774/3608/3608 817/3483/3483 825/3484/3484
f 341/3470/3470 169/3578/3578 453/3469/3469
f 453/3469/3469 169/3578/3578 183/3610/3610
f 453/3469/3469 183/3610/3610 451/3609/3609
f 451/3609/3609 183/3610/3610 179/3475/3475
f 451/3609/3609 179/3475/3475 449/3476/3476
f 239/3471/3471 126/3579/3579 341/3470/3470
f 341/3470/3470 126/3579/3579 136/3611/3611
f 341/3470/3470 136/3611/3611 156/3612/3612
f 156/3612/3612 136/3611/3611 94/3565/3565
f 156/3612/3612 94/3565/3565 108/3566/3566
f 215/3472/3472 96/3580/3580 239/3471/3471
f 239/3471/3471 96/3580/3580 100/3613/3613
f 239/3471/3471 100/3613/3613 112/3614/3614
f 112/3614/3614 100/3613/3613 58/3560/3560
f 112/3614/3614 58/3560/3560 64/3561/3561
f 214/3457/3457 88/3581/3581 215/3472/3472
f 215/3472/3472 88/3581/3581 90/3615/3615
f 215/3472/3472 90/3615/3615 92/3616/3616
f 92/3616/3616 90/3615/3615 30/3554/3554
f 92/3616/3616 30/3554/3554 34/3555/3555
f 167/3474/3474 183/3610/3610 146/3473/3473
f 146/3473/3473 183/3610/3610 169/3578/3578
f 146/3473/3473 169/3578/3578 132/3568/3568
f 132/3568/3568 169/3578/3578 118/3567/3567
f 118/3567/3567 169/3578/3578 156/3612/3612
f 118/3567/3567 156/3612/3612 108/3566/3566
f 167/3474/3474 179/3475/3475 183/3610/3610
f 449/3476/3476 730/3477/3477 451/3609/3609
f 451/3609/3609 730/3477/3477 726/3617/3617
f 451/3609/3609 726/3617/3617 453/3469/3469
f 453/3469/3469 726/3617/3617 740/3577/3577
f 730/3477/3477 742/3478/3478 726/3617/3617
f 726/3617/3617 742/3478/3478 764/3479/3479
f 726/3617/3617 764/3479/3479 740/3577/3577
f 740/3577/3577 764/3479/3479 778/3480/3480
f 740/3577/3577 778/3480/3480 792/3481/3481
f 740/3577/3577 792/3481/3481 756/3607/3607
f 756/3607/3607 792/3481/3481 803/3482/3482
f 756/3607/3607 803/3482/3482 817/3483/3483
f 825/3484/3484 833/3485/3485 774/3608/3608
f 774/3608/3608 833/3485/3485 784/3576/3576
f 774/3608/3608 784/3576/3576 570/3468/3468
f 833/3485/3485 843/3486/3486 784/3576/3576
f 784/3576/3576 843/3486/3486 847/3487/3487
f 784/3576/3576 847/3487/3487 799/3605/3605
f 799/3605/3605 847/3487/3487 853/3488/3488
f 861/3489/3489 863/3490/3490 811/3606/3606
f 811/3606/3606 863/3490/3490 815/3575/3575
f 811/3606/3606 815/3575/3575 672/3467/3467
f 863/3490/3490 867/3491/3491 815/3575/3575
f 815/3575/3575 867/3491/3491 875/3492/3492
f 815/3575/3575 875/3492/3492 819/3603/3603
f 819/3603/3603 875/3492/3492 877/3493/3493
f 819/3603/3603 877/3493/3493 881/3494/3494
f 889/3495/3495 891/3496/3496 821/3604/3604
f 821/3604/3604 891/3496/3496 823/3574/3574
f 821/3604/3604 823/3574/3574 692/3466/3466
f 891/3496/3496 895/3497/3497 823/3574/3574
f 823/3574/3574 895/3497/3497 903/3498/3498
f 823/3574/3574 903/3498/3498 827/3601/3601
f 827/3601/3601 903/3498/3498 905/3499/3499
f 827/3601/3601 905/3499/3499 908/3500/3500
f 906/3501/3501 904/3502/3502 828/3602/3602
f 828/3602/3602 904/3502/3502 824/3573/3573
f 828/3602/3602 824/3573/3573 696/3465/3465
f 904/3502/3502 896/3503/3503 824/3573/3573
f 824/3573/3573 896/3503/3503 892/3504/3504
f 824/3573/3573 892/3504/3504 822/3599/3599
f 822/3599/3599 892/3504/3504 890/3505/3505
f 822/3599/3599 890/3505/3505 882/3506/3506
f 878/3507/3507 876/3508/3508 820/3600/3600
f 820/3600/3600 876/3508/3508 816/3572/3572
f 820/3600/3600 816/3572/3572 693/3464/3464
f 876/3508/3508 868/3509/3509 816/3572/3572
f 816/3572/3572 868/3509/3509 864/3510/3510
f 816/3572/3572 864/3510/3510 812/3597/3597
f 812/3597/3597 864/3510/3510 862/3511/3511
f 812/3597/3597 862/3511/3511 854/3512/3512
f 800/3598/3598 848/3513/3513 785/3571/3571
f 785/3571/3571 848/3513/3513 844/3514/3514
f 785/3571/3571 844/3514/3514 834/3515/3515
f 785/3571/3571 834/3515/3515 775/3595/3595
f 775/3595/3595 834/3515/3515 826/3516/3516
f 775/3595/3595 826/3516/3516 818/3517/3517
f 804/3518/3518 793/3519/3519 757/3596/3596
f 757/3596/3596 793/3519/3519 741/3570/3570
f 757/3596/3596 741/3570/3570 571/3462/3462
f 793/3519/3519 779/3520/3520 741/3570/3570
f 741/3570/3570 779/3520/3520 765/3521/3521
f 741/3570/3570 765/3521/3521 727/3594/3594
f 727/3594/3594 765/3521/3521 743/3522/3522
f 727/3594/3594 743/3522/3522 731/3523/3523
f 450/3524/3524 180/3525/3525 452/3569/3569
f 452/3569/3569 180/3525/3525 184/3618/3618
f 452/3569/3569 184/3618/3618 454/3623/3623
f 454/3624/3624 184/3618/3618 170/3585/3585
f 180/3525/3525 168/3526/3526 184/3618/3618
f 184/3618/3618 168/3526/3526 147/3527/3527
f 184/3618/3618 147/3527/3527 170/3585/3585
f 170/3585/3585 147/3527/3527 133/3528/3528
f 170/3585/3585 133/3528/3528 119/3529/3529
f 170/3585/3585 119/3529/3529 157/3592/3592
f 157/3592/3592 119/3529/3529 109/3530/3530
f 157/3592/3592 109/3530/3530 95/3531/3531
f 87/3532/3532 79/3533/3533 137/3593/3593
f 137/3593/3593 79/3533/3533 127/3584/3584
f 137/3593/3593 127/3584/3584 342/3460/3460
f 79/3533/3533 69/3534/3534 127/3584/3584
f 127/3584/3584 69/3534/3534 65/3535/3535
f 127/3584/3584 65/3535/3535 113/3590/3590
f 113/3590/3590 65/3535/3535 59/3536/3536
f 51/3537/3537 49/3538/3538 101/3591/3591
f 101/3591/3591 49/3538/3538 97/3583/3583
f 101/3591/3591 97/3583/3583 240/3459/3459
f 49/3538/3538 45/3539/3539 97/3583/3583
f 97/3583/3583 45/3539/3539 37/3540/3540
f 97/3583/3583 37/3540/3540 93/3588/3588
f 93/3588/3588 37/3540/3540 35/3541/3541
f 93/3588/3588 35/3541/3541 31/3542/3542
f 23/3543/3543 21/3544/3544 91/3589/3589
f 91/3589/3589 21/3544/3544 89/3582/3582
f 91/3589/3589 89/3582/3582 216/3458/3458
f 21/3544/3544 17/3545/3545 89/3582/3582
f 89/3582/3582 17/3545/3545 9/3546/3546
f 89/3582/3582 9/3546/3546 85/3586/3586
f 85/3586/3586 9/3546/3546 7/3547/3547
f 85/3586/3586 7/3547/3547 4/3548/3548
f 6/3549/3549 8/3550/3550 84/3587/3587
f 84/3587/3587 8/3550/3550 88/3581/3581
f 84/3587/3587 88/3581/3581 214/3457/3457
f 8/3550/3550 16/3551/3551 88/3581/3581
f 88/3581/3581 16/3551/3551 20/3552/3552
f 88/3581/3581 20/3552/3552 90/3615/3615
f 90/3615/3615 20/3552/3552 22/3553/3553
f 90/3615/3615 22/3553/3553 30/3554/3554
f 34/3555/3555 36/3556/3556 92/3616/3616
f 92/3616/3616 36/3556/3556 96/3580/3580
f 92/3616/3616 96/3580/3580 215/3472/3472
f 36/3556/3556 44/3557/3557 96/3580/3580
f 96/3580/3580 44/3557/3557 48/3558/3558
f 96/3580/3580 48/3558/3558 100/3613/3613
f 100/3613/3613 48/3558/3558 50/3559/3559
f 100/3613/3613 50/3559/3559 58/3560/3560
f 112/3614/3614 64/3561/3561 126/3579/3579
f 126/3579/3579 64/3561/3561 68/3562/3562
f 126/3579/3579 68/3562/3562 78/3563/3563
f 126/3579/3579 78/3563/3563 136/3611/3611
f 136/3611/3611 78/3563/3563 86/3564/3564
f 136/3611/3611 86/3564/3564 94/3565/3565
f 785/3571/3571 673/3463/3463 800/3598/3598
f 169/3578/3578 341/3470/3470 156/3612/3612
f 126/3579/3579 239/3471/3471 112/3614/3614
f 731/3627/3627 729/3632/3632 450/3626/3626
f 450/3626/3626 729/3632/3632 725/3633/3633
f 450/3626/3626 725/3633/3633 455/3631/3631
f 731/3627/3627 743/3628/3628 729/3632/3632
f 729/3632/3632 743/3628/3628 765/3629/3629
f 729/3632/3632 765/3629/3629 725/3633/3633
f 725/3633/3633 765/3629/3629 455/3630/3630
usemtl 0,0,0
f 798/3634/3634 795/3635/3635 794/3662/3662
f 794/3662/3662 795/3635/3635 786/3661/3661
f 786/3661/3661 795/3635/3635 787/3636/3636
f 786/3661/3661 787/3636/3636 780/3660/3660
f 780/3660/3660 787/3636/3636 781/3637/3637
f 780/3660/3660 781/3637/3637 772/3659/3659
f 772/3659/3659 781/3637/3637 773/3638/3638
f 772/3659/3659 773/3638/3638 748/3658/3658
f 748/3658/3658 773/3638/3638 749/3639/3639
f 748/3658/3658 749/3639/3639 734/3657/3657
f 734/3657/3657 749/3639/3639 735/3640/3640
f 734/3657/3657 735/3640/3640 697/3656/3656
f 697/3656/3656 735/3640/3640 698/3641/3641
f 697/3656/3656 698/3641/3641 185/3655/3655
f 185/3655/3655 698/3641/3641 186/3642/3642
f 185/3655/3655 186/3642/3642 171/3654/3654
f 171/3654/3654 186/3642/3642 172/3643/3643
f 171/3654/3654 172/3643/3643 154/3653/3653
f 154/3653/3653 172/3643/3643 155/3644/3644
f 154/3653/3653 155/3644/3644 138/3652/3652
f 138/3652/3652 155/3644/3644 139/3645/3645
f 138/3652/3652 139/3645/3645 130/3651/3651
f 130/3651/3651 139/3645/3645 131/3646/3646
f 130/3651/3651 131/3646/3646 122/3650/3650
f 122/3650/3650 131/3646/3646 123/3647/3647
f 122/3650/3650 123/3647/3647 114/3649/3649
f 114/3649/3649 123/3647/3647 115/3648/3648
f 703/3664/3664 694/3676/3676 713/3663/3663
f 713/3663/3663 694/3676/3676 695/3677/3677
f 713/3663/3663 695/3677/3677 704/3671/3671
f 704/3671/3671 695/3677/3677 623/3678/3678
f 704/3671/3671 623/3678/3678 535/3670/3670
f 535/3670/3670 623/3678/3678 396/3679/3679
f 535/3670/3670 396/3679/3679 232/3669/3669
f 232/3669/3669 396/3679/3679 234/3680/3680
f 232/3669/3669 234/3680/3680 204/3668/3668
f 204/3668/3668 234/3680/3680 213/3672/3672
f 204/3668/3668 213/3672/3672 203/3667/3667
f 203/3667/3667 213/3672/3672 233/3673/3673
f 203/3667/3667 233/3673/3673 231/3666/3666
f 231/3666/3666 233/3673/3673 395/3674/3674
f 231/3666/3666 395/3674/3674 534/3665/3665
f 534/3665/3665 395/3674/3674 622/3675/3675
f 534/3665/3665 622/3675/3675 703/3664/3664
f 703/3664/3664 622/3675/3675 694/3676/3676
# 911 vertices
# 3680 texture params
# 3680 normals
# 1882 facets

# 1 groups
