# WaveFront *.obj file (generated by Autodesk ATF)

mtllib 野点傘.mtl

g ソリッド1

v -842.542419 2058.523254 -2.499839
v -842.542419 2058.523254 2.500161
v -835.000000 2040.000000 -2.499839
v -835.000000 2040.000000 0.000161
v -835.000000 2040.000000 2.500161
v -833.212204 2040.000000 -54.611454
v -833.212204 2040.000000 54.611773
v -827.856445 2040.000000 -108.989210
v -827.856445 2040.000000 108.989534
v -826.840897 2058.523254 -161.919746
v -826.840897 2058.523254 161.920071
v -825.865479 2058.523254 -166.823673
v -825.865479 2058.523254 166.823997
v -819.443436 2040.000000 -160.448303
v -819.443436 2040.000000 160.448608
v -818.955688 2040.000000 -162.900257
v -818.955688 2040.000000 162.900581
v -818.468018 2040.000000 -165.352230
v -818.468018 2040.000000 165.352535
v -806.548080 2040.000000 -216.113739
v -806.548080 2040.000000 216.114063
v -790.686646 2040.000000 -268.401794
v -790.686646 2040.000000 268.402119
v -779.364395 2058.523254 -320.117149
v -779.364395 2058.523254 320.117493
v -777.451019 2058.523254 -324.736557
v -777.451019 2058.523254 324.736900
v -772.396088 2040.000000 -317.230797
v -772.396088 2040.000000 317.231121
v -771.439438 2040.000000 -319.540501
v -771.439438 2040.000000 319.540825
v -770.482712 2040.000000 -321.850204
v -770.482712 2040.000000 321.850510
v -748.888702 2040.000000 -369.310913
v -748.888702 2040.000000 369.311218
v -723.131180 2040.000000 -417.499847
v -723.131180 2040.000000 417.500153
v -701.937332 2058.523254 -466.012650
v -701.937332 2058.523254 466.012955
v -699.159470 2058.523254 -470.169983
v -699.159470 2058.523254 470.170326
v -695.666046 2040.000000 -461.822319
v -695.666046 2040.000000 461.822624
v -694.277115 2040.000000 -463.900986
v -694.277115 2040.000000 463.901291
v -692.888184 2040.000000 -465.979652
v -692.888184 2040.000000 465.979996
v -662.450027 2040.000000 -508.315620
v -662.450027 2040.000000 508.315964
v -627.786255 2040.000000 -550.553589
v -627.786255 2040.000000 550.553932
v -597.535210 2058.523254 -593.999519
v -597.535210 2058.523254 593.999863
v -593.999672 2058.523254 -597.535057
v -593.999672 2058.523254 597.535400
v -592.201920 2040.000000 -588.666229
v -592.201920 2040.000000 588.666573
v -590.434151 2040.000000 -590.433998
v -590.434151 2040.000000 590.434341
v -588.666382 2040.000000 -592.201767
v -588.666382 2040.000000 592.202072
v -553.986168 2153.333282 -54.562712
v -553.986168 2153.333282 54.563036
v -550.553741 2040.000000 -627.786064
v -550.553741 2040.000000 627.786407
v -532.696800 2153.333282 -161.591644
v -532.696800 2153.333282 161.591969
v -508.315811 2040.000000 -662.449875
v -508.315811 2040.000000 662.450180
v -490.936165 2153.333282 -262.410698
v -490.936165 2153.333282 262.411003
v -470.170174 2058.523254 -699.159317
v -470.170174 2058.523254 699.159622
v -466.012802 2058.523254 -701.937180
v -466.012802 2058.523254 701.937485
v -465.979805 2040.000000 -692.888031
v -465.979805 2040.000000 692.888336
v -463.901138 2040.000000 -694.276962
v -463.901138 2040.000000 694.277267
v -461.822472 2040.000000 -695.665894
v -461.822472 2040.000000 695.666199
v -430.309143 2153.333282 -353.145447
v -430.309143 2153.333282 353.145752
v -424.161263 2079.281464 -26.685805
v -424.161263 2079.281464 26.686127
v -417.500000 2040.000000 -723.131027
v -417.500000 2040.000000 723.131409
v -417.472000 2079.281464 -79.636884
v -417.472000 2079.281464 79.637203
v -404.198952 2079.281464 -131.332035
v -404.198952 2079.281464 131.332359
v -384.551430 2079.281464 -180.956001
v -384.551430 2079.281464 180.956326
v -369.311066 2040.000000 -748.888550
v -369.311066 2040.000000 748.888931
v -358.839302 2079.281464 -227.726192
v -358.839302 2079.281464 227.726498
v -353.145599 2153.333282 -430.308990
v -353.145599 2153.333282 430.309296
v -327.468071 2079.281464 -270.904980
v -327.468071 2079.281464 270.905304
v -324.736710 2058.523254 -777.450790
v -324.736710 2058.523254 777.451172
v -321.850357 2040.000000 -770.482559
v -321.850357 2040.000000 770.482864
v -320.117340 2058.523254 -779.364243
v -320.117340 2058.523254 779.364548
v -319.540672 2040.000000 -771.439285
v -319.540672 2040.000000 771.439590
v -317.230968 2040.000000 -772.395935
v -317.230968 2040.000000 772.396317
v -290.932465 2079.281464 -309.811440
v -290.932465 2079.281464 309.811764
v -276.993084 2266.666718 -27.281277
v -276.993084 2266.666718 27.281599
v -268.401947 2040.000000 -790.686493
v -268.401947 2040.000000 790.686798
v -266.348400 2266.666718 -80.795736
v -266.348400 2266.666718 80.796061
v -262.410851 2153.333282 -490.936012
v -262.410851 2153.333282 490.936317
v -249.808693 2079.281464 -343.831978
v -249.808693 2079.281464 343.832321
v -245.468082 2266.666718 -131.205263
v -245.468082 2266.666718 131.205587
v -216.113911 2040.000000 -806.547928
v -216.113911 2040.000000 806.548233
v -215.154572 2266.666718 -176.572628
v -215.154572 2266.666718 176.572952
v -204.745274 2079.281464 -372.430115
v -204.745274 2079.281464 372.430420
v -176.572800 2266.666718 -215.154419
v -176.572800 2266.666718 215.154743
v -166.823826 2058.523254 -825.865326
v -166.823826 2058.523254 825.865631
v -165.352383 2040.000000 -818.467789
v -165.352383 2040.000000 818.468170
v -162.900410 2040.000000 -818.955536
v -162.900410 2040.000000 818.955841
v -161.919899 2058.523254 -826.840744
v -161.919899 2058.523254 826.841049
v -161.591797 2153.333282 -532.696609
v -161.591797 2153.333282 532.696953
v -160.448456 2040.000000 -819.443283
v -160.448456 2040.000000 819.443588
v -156.452904 2079.281464 -395.154762
v -156.452904 2079.281464 395.155106
v -131.205425 2266.666718 -245.467930
v -131.205425 2266.666718 245.468254
v -108.989372 2040.000000 -827.856293
v -108.989372 2040.000000 827.856598
v -105.693178 2079.281464 -411.647606
v -105.693178 2079.281464 411.647911
v -80.795898 2266.666718 -266.348228
v -80.795898 2266.666718 266.348553
v -54.611611 2040.000000 -833.212051
v -54.611611 2040.000000 833.212357
v -54.562874 2153.333282 -553.986015
v -54.562874 2153.333282 553.986320
v -53.266616 2079.281464 -421.648521
v -53.266616 2079.281464 421.648827
v -27.281437 2266.666718 -276.992912
v -27.281437 2266.666718 276.993237
v -25.382926 2369.664459 -2.499839
v -25.382926 2369.664459 2.500161
v -25.382926 2391.258850 -2.499839
v -25.382926 2391.258850 2.500161
v -24.407475 2369.664459 -7.403765
v -24.407475 2369.664459 7.404088
v -24.407475 2391.258850 -7.403765
v -24.407475 2391.258850 7.404088
v -22.494056 2369.664459 -12.023163
v -22.494056 2369.664459 12.023486
v -22.494056 2391.258850 -12.023163
v -22.494056 2391.258850 12.023486
v -19.716206 2369.664459 -16.180511
v -19.716206 2369.664459 16.180834
v -19.716206 2391.258850 -16.180511
v -19.716206 2391.258850 16.180834
v -16.180673 2369.664459 -19.716045
v -16.180673 2369.664459 19.716368
v -16.180673 2391.258850 -19.716045
v -16.180673 2391.258850 19.716368
v -15.000000 0.000000 0.000000
v -15.000000 2118.562927 0.000000
v -13.858193 2118.562927 -5.740252
v -13.858193 2118.562927 5.740252
v -12.814578 2396.376495 0.000161
v -12.814578 2396.476746 0.000161
v -12.568349 2396.376495 -2.499839
v -12.568349 2396.376495 2.500161
v -12.568349 2396.476746 -2.499839
v -12.568349 2396.476746 2.500161
v -12.023324 2369.664459 -22.493896
v -12.023324 2369.664459 22.494218
v -12.023324 2391.258850 -22.493896
v -12.023324 2391.258850 22.494218
v -11.839125 2396.376495 -4.903765
v -11.839125 2396.376495 4.904088
v -11.839125 2396.476746 -4.903765
v -11.839125 2396.476746 4.904088
v -11.490667 0.000000 -9.641814
v -11.490667 0.000000 9.641814
v -10.654931 2396.376495 -7.119237
v -10.654931 2396.376495 7.119559
v -10.654931 2396.476746 -7.119237
v -10.654931 2396.476746 7.119559
v -10.606601 2118.562927 -10.606601
v -10.606601 2118.562927 10.606601
v -9.061275 2396.376495 -9.061113
v -9.061275 2396.376495 9.061435
v -9.061275 2396.476746 -9.061113
v -9.061275 2396.476746 9.061435
v -8.570765 2398.104553 -0.843985
v -8.570765 2398.104553 0.844308
v -8.570765 2398.238678 -0.843985
v -8.570765 2398.238678 0.844308
v -8.241395 2398.104553 -2.499839
v -8.241395 2398.104553 2.500161
v -8.241395 2398.238678 -2.499839
v -8.241395 2398.238678 2.500161
v -7.924991 2398.523254 -0.576497
v -7.924991 2398.523254 0.576819
v -7.909132 2398.481140 -0.569928
v -7.909132 2398.481140 0.570251
v -7.885215 2398.523254 -0.980350
v -7.885215 2398.523254 0.980672
v -7.868380 2398.481140 -0.983699
v -7.868380 2398.481140 0.984021
v -7.843849 2398.523254 -0.772390
v -7.843849 2398.523254 0.772713
v -7.799518 2398.418579 -0.768024
v -7.799518 2398.418579 0.768347
v -7.690179 2398.523254 0.000161
v -7.668812 2398.471832 0.000161
v -7.660214 2398.523254 -2.111506
v -7.660214 2398.523254 2.111828
v -7.645942 2398.481140 -2.101969
v -7.645942 2398.481140 2.102292
v -7.595314 2398.104553 -4.059618
v -7.595314 2398.104553 4.059941
v -7.595314 2398.238678 -4.059618
v -7.595314 2398.238678 4.059941
v -7.542414 2398.523254 -2.499839
v -7.542414 2398.523254 -2.287805
v -7.542414 2398.523254 -1.500118
v -7.542414 2398.523254 -0.742702
v -7.542414 2398.523254 0.743024
v -7.542414 2398.523254 1.500441
v -7.542414 2398.523254 2.288128
v -7.542414 2398.523254 2.500161
v -7.525250 2398.481140 -2.499839
v -7.525250 2398.481140 2.500161
v -7.521458 2398.471832 -1.495950
v -7.521458 2398.471832 1.496272
v -7.499787 2398.418579 -2.274874
v -7.499787 2398.418579 2.275197
v -7.403926 2369.664459 -24.407313
v -7.403926 2369.664459 24.407635
v -7.403926 2391.258850 -24.407313
v -7.403926 2391.258850 24.407635
v -7.252564 2398.523254 -2.199880
v -7.252564 2398.523254 2.200202
v -7.119398 2396.376495 -10.654770
v -7.119398 2396.376495 10.655093
v -7.119398 2396.476746 -10.654770
v -7.119398 2396.476746 10.655093
v -7.104799 2398.523254 -2.942743
v -7.104799 2398.523254 2.943065
v -7.101060 2398.523254 -3.565364
v -7.101060 2398.523254 3.565687
v -7.088922 2398.481140 -3.553227
v -7.088922 2398.481140 3.553549
v -7.085058 2398.471832 -2.934566
v -7.085058 2398.471832 2.934888
v -6.951129 2398.523254 -3.715295
v -6.951129 2398.523254 3.715617
v -6.911843 2398.418579 -3.694296
v -6.911843 2398.418579 3.694618
v -6.909763 2398.523254 -3.923254
v -6.909763 2398.523254 3.923576
v -6.892928 2398.481140 -3.919905
v -6.892928 2398.481140 3.920228
v -6.684001 2398.523254 -3.572512
v -6.684001 2398.523254 3.572834
v -6.657348 2398.104553 -5.463383
v -6.657348 2398.104553 5.463706
v -6.657348 2398.238678 -5.463383
v -6.657348 2398.238678 5.463706
v -6.394150 2398.523254 -4.272273
v -6.394150 2398.523254 4.272596
v -6.376384 2398.471832 -4.260402
v -6.376384 2398.471832 4.260725
v -6.269015 2398.523254 -4.882202
v -6.269015 2398.523254 4.882524
v -6.259478 2398.481140 -4.867930
v -6.259478 2398.481140 4.868252
v -6.092715 2398.523254 -5.000001
v -6.092715 2398.523254 5.000324
v -6.058281 2398.418579 -4.971741
v -6.058281 2398.418579 4.972064
v -6.011574 2398.523254 -5.195895
v -6.011574 2398.523254 5.196217
v -5.995715 2398.481140 -5.189326
v -5.995715 2398.481140 5.189648
v -5.858576 2398.523254 -4.807848
v -5.858576 2398.523254 4.808170
v -5.740252 2118.562927 -13.858193
v -5.740252 2118.562927 13.858193
v -5.463544 2398.104553 -6.657187
v -5.463544 2398.104553 6.657509
v -5.463544 2398.238678 -6.657187
v -5.463544 2398.238678 6.657509
v -5.437778 2398.523254 -5.437617
v -5.437778 2398.523254 5.437939
v -5.422669 2398.471832 -5.422508
v -5.422669 2398.471832 5.422830
v -5.196056 2398.523254 -6.011412
v -5.196056 2398.523254 6.011735
v -5.189487 2398.481140 -5.995554
v -5.189487 2398.481140 5.995877
v -5.000162 2398.523254 -6.092554
v -5.000162 2398.523254 6.092877
v -4.971903 2398.418579 -6.058120
v -4.971903 2398.418579 6.058442
v -4.903926 2396.376495 -11.838964
v -4.903926 2396.376495 11.839287
v -4.903926 2396.476746 -11.838964
v -4.903926 2396.476746 11.839287
v -4.882363 2398.523254 -6.268854
v -4.882363 2398.523254 6.269176
v -4.868091 2398.481140 -6.259317
v -4.868091 2398.481140 6.259640
v -4.808009 2398.523254 -5.858415
v -4.808009 2398.523254 5.858737
v -4.272434 2398.523254 -6.393989
v -4.272434 2398.523254 6.394311
v -4.260564 2398.471832 -6.376222
v -4.260564 2398.471832 6.376545
v -4.059780 2398.104553 -7.595152
v -4.059780 2398.104553 7.595475
v -4.059780 2398.238678 -7.595152
v -4.059780 2398.238678 7.595475
v -3.923415 2398.523254 -6.909602
v -3.923415 2398.523254 6.909924
v -3.920067 2398.481140 -6.892767
v -3.920067 2398.481140 6.893089
v -3.715456 2398.523254 -6.950967
v -3.715456 2398.523254 6.951290
v -3.694457 2398.418579 -6.911682
v -3.694457 2398.418579 6.912004
v -3.572673 2398.523254 -6.683840
v -3.572673 2398.523254 6.684162
v -3.565525 2398.523254 -7.100898
v -3.565525 2398.523254 7.101220
v -3.553388 2398.481140 -7.088761
v -3.553388 2398.481140 7.089083
v -2.942904 2398.523254 -7.104638
v -2.942904 2398.523254 7.104960
v -2.934727 2398.471832 -7.084897
v -2.934727 2398.471832 7.085220
v -2.604723 0.000000 -14.772116
v -2.604723 0.000000 14.772116
v -2.500000 2040.000000 -834.999847
v -2.500000 2040.000000 835.000153
v -2.500000 2058.523254 -842.542267
v -2.500000 2058.523254 842.542572
v -2.500000 2369.664459 -25.382764
v -2.500000 2369.664459 25.383086
v -2.500000 2391.258850 -25.382764
v -2.500000 2391.258850 25.383086
v -2.500000 2396.376495 -12.568188
v -2.500000 2396.376495 12.568510
v -2.500000 2396.476746 -12.568188
v -2.500000 2396.476746 12.568510
v -2.500000 2398.104553 -8.241234
v -2.500000 2398.104553 8.241557
v -2.500000 2398.238678 -8.241234
v -2.500000 2398.238678 8.241557
v -2.500000 2398.481140 -7.525088
v -2.500000 2398.481140 7.525411
v -2.500000 2398.523254 -7.542253
v -2.500000 2398.523254 7.542576
v -2.287966 2398.523254 -7.542253
v -2.287966 2398.523254 7.542576
v -2.275035 2398.418579 -7.499625
v -2.275035 2398.418579 7.499948
v -2.200041 2398.523254 -7.252402
v -2.200041 2398.523254 7.252725
v -2.111667 2398.523254 -7.660053
v -2.111667 2398.523254 7.660375
v -2.102131 2398.481140 -7.645780
v -2.102131 2398.481140 7.646103
v -1.500279 2398.523254 -7.542253
v -1.500279 2398.523254 7.542576
v -1.496111 2398.471832 -7.521296
v -1.496111 2398.471832 7.521619
v -0.983860 2398.481140 -7.868218
v -0.983860 2398.481140 7.868541
v -0.980511 2398.523254 -7.885054
v -0.980511 2398.523254 7.885376
v -0.844147 2398.104553 -8.570604
v -0.844147 2398.104553 8.570926
v -0.844147 2398.238678 -8.570604
v -0.844147 2398.238678 8.570926
v -0.772552 2398.523254 -7.843688
v -0.772552 2398.523254 7.844011
v -0.768185 2398.418579 -7.799357
v -0.768185 2398.418579 7.799679
v -0.742863 2398.523254 -7.542253
v -0.742863 2398.523254 7.542576
v -0.576658 2398.523254 -7.924830
v -0.576658 2398.523254 7.925152
v -0.570089 2398.481140 -7.908971
v -0.570089 2398.481140 7.909294
v 0.000000 2040.000000 -834.999847
v 0.000000 2040.000000 835.000153
v 0.000000 2079.281464 -424.999771
v 0.000000 2079.281464 425.000076
v 0.000000 2118.562927 -15.000000
v 0.000000 2118.562927 15.000000
v 0.000000 2380.000000 0.000161
v 0.000000 2396.376495 -12.814416
v 0.000000 2396.376495 12.814739
v 0.000000 2396.476746 -12.814416
v 0.000000 2396.476746 12.814739
v 0.000000 2398.471832 -7.668650
v 0.000000 2398.471832 7.668973
v 0.000000 2398.523254 -7.690018
v 0.000000 2398.523254 7.690340
v 0.570089 2398.481140 -7.908971
v 0.570089 2398.481140 7.909294
v 0.576658 2398.523254 -7.924830
v 0.576658 2398.523254 7.925152
v 0.742863 2398.523254 -7.542253
v 0.742863 2398.523254 7.542576
v 0.768185 2398.418579 -7.799357
v 0.768185 2398.418579 7.799679
v 0.772552 2398.523254 -7.843688
v 0.772552 2398.523254 7.844011
v 0.844147 2398.104553 -8.570604
v 0.844147 2398.104553 8.570926
v 0.844147 2398.238678 -8.570604
v 0.844147 2398.238678 8.570926
v 0.980511 2398.523254 -7.885054
v 0.980511 2398.523254 7.885376
v 0.983860 2398.481140 -7.868218
v 0.983860 2398.481140 7.868541
v 1.496111 2398.471832 -7.521296
v 1.496111 2398.471832 7.521619
v 1.500279 2398.523254 -7.542253
v 1.500279 2398.523254 7.542576
v 2.102131 2398.481140 -7.645780
v 2.102131 2398.481140 7.646103
v 2.111667 2398.523254 -7.660053
v 2.111667 2398.523254 7.660375
v 2.200041 2398.523254 -7.252402
v 2.200041 2398.523254 7.252725
v 2.275035 2398.418579 -7.499625
v 2.275035 2398.418579 7.499948
v 2.287966 2398.523254 -7.542253
v 2.287966 2398.523254 7.542576
v 2.500000 2040.000000 -834.999847
v 2.500000 2040.000000 835.000153
v 2.500000 2058.523254 -842.542267
v 2.500000 2058.523254 842.542572
v 2.500000 2369.664459 -25.382764
v 2.500000 2369.664459 25.383086
v 2.500000 2391.258850 -25.382764
v 2.500000 2391.258850 25.383086
v 2.500000 2396.376495 -12.568188
v 2.500000 2396.376495 12.568510
v 2.500000 2396.476746 -12.568188
v 2.500000 2396.476746 12.568510
v 2.500000 2398.104553 -8.241234
v 2.500000 2398.104553 8.241557
v 2.500000 2398.238678 -8.241234
v 2.500000 2398.238678 8.241557
v 2.500000 2398.481140 -7.525088
v 2.500000 2398.481140 7.525411
v 2.500000 2398.523254 -7.542253
v 2.500000 2398.523254 7.542576
v 2.934727 2398.471832 -7.084897
v 2.934727 2398.471832 7.085220
v 2.942904 2398.523254 -7.104638
v 2.942904 2398.523254 7.104960
v 3.553388 2398.481140 -7.088761
v 3.553388 2398.481140 7.089083
v 3.565525 2398.523254 -7.100898
v 3.565525 2398.523254 7.101220
v 3.572673 2398.523254 -6.683840
v 3.572673 2398.523254 6.684162
v 3.694457 2398.418579 -6.911682
v 3.694457 2398.418579 6.912004
v 3.715456 2398.523254 -6.950967
v 3.715456 2398.523254 6.951290
v 3.920067 2398.481140 -6.892767
v 3.920067 2398.481140 6.893089
v 3.923415 2398.523254 -6.909602
v 3.923415 2398.523254 6.909924
v 4.059780 2398.104553 -7.595152
v 4.059780 2398.104553 7.595475
v 4.059780 2398.238678 -7.595152
v 4.059780 2398.238678 7.595475
v 4.260564 2398.471832 -6.376222
v 4.260564 2398.471832 6.376545
v 4.272434 2398.523254 -6.393989
v 4.272434 2398.523254 6.394311
v 4.808009 2398.523254 -5.858415
v 4.808009 2398.523254 5.858737
v 4.868091 2398.481140 -6.259317
v 4.868091 2398.481140 6.259640
v 4.882363 2398.523254 -6.268854
v 4.882363 2398.523254 6.269176
v 4.903926 2396.376495 -11.838964
v 4.903926 2396.376495 11.839287
v 4.903926 2396.476746 -11.838964
v 4.903926 2396.476746 11.839287
v 4.971903 2398.418579 -6.058120
v 4.971903 2398.418579 6.058442
v 5.000162 2398.523254 -6.092554
v 5.000162 2398.523254 6.092877
v 5.189487 2398.481140 -5.995554
v 5.189487 2398.481140 5.995877
v 5.196056 2398.523254 -6.011412
v 5.196056 2398.523254 6.011735
v 5.422669 2398.471832 -5.422508
v 5.422669 2398.471832 5.422830
v 5.437778 2398.523254 -5.437617
v 5.437778 2398.523254 5.437939
v 5.463544 2398.104553 -6.657187
v 5.463544 2398.104553 6.657509
v 5.463544 2398.238678 -6.657187
v 5.463544 2398.238678 6.657509
v 5.740252 2118.562927 -13.858193
v 5.740252 2118.562927 13.858193
v 5.858576 2398.523254 -4.807848
v 5.858576 2398.523254 4.808170
v 5.995715 2398.481140 -5.189326
v 5.995715 2398.481140 5.189648
v 6.011574 2398.523254 -5.195895
v 6.011574 2398.523254 5.196217
v 6.058281 2398.418579 -4.971741
v 6.058281 2398.418579 4.972064
v 6.092715 2398.523254 -5.000001
v 6.092715 2398.523254 5.000324
v 6.259478 2398.481140 -4.867930
v 6.259478 2398.481140 4.868252
v 6.269015 2398.523254 -4.882202
v 6.269015 2398.523254 4.882524
v 6.376384 2398.471832 -4.260402
v 6.376384 2398.471832 4.260725
v 6.394150 2398.523254 -4.272273
v 6.394150 2398.523254 4.272596
v 6.657348 2398.104553 -5.463383
v 6.657348 2398.104553 5.463706
v 6.657348 2398.238678 -5.463383
v 6.657348 2398.238678 5.463706
v 6.684001 2398.523254 -3.572512
v 6.684001 2398.523254 3.572834
v 6.892928 2398.481140 -3.919905
v 6.892928 2398.481140 3.920228
v 6.909763 2398.523254 -3.923254
v 6.909763 2398.523254 3.923576
v 6.911843 2398.418579 -3.694296
v 6.911843 2398.418579 3.694618
v 6.951129 2398.523254 -3.715295
v 6.951129 2398.523254 3.715617
v 7.085058 2398.471832 -2.934566
v 7.085058 2398.471832 2.934888
v 7.088922 2398.481140 -3.553227
v 7.088922 2398.481140 3.553549
v 7.101060 2398.523254 -3.565364
v 7.101060 2398.523254 3.565687
v 7.104799 2398.523254 -2.942743
v 7.104799 2398.523254 2.943065
v 7.119398 2396.376495 -10.654770
v 7.119398 2396.376495 10.655093
v 7.119398 2396.476746 -10.654770
v 7.119398 2396.476746 10.655093
v 7.252564 2398.523254 -2.199880
v 7.252564 2398.523254 2.200202
v 7.403926 2369.664459 -24.407313
v 7.403926 2369.664459 24.407635
v 7.403926 2391.258850 -24.407313
v 7.403926 2391.258850 24.407635
v 7.500000 0.000000 -12.990381
v 7.500000 0.000000 12.990381
v 7.499787 2398.418579 -2.274874
v 7.499787 2398.418579 2.275197
v 7.521458 2398.471832 -1.495950
v 7.521458 2398.471832 1.496272
v 7.525250 2398.481140 -2.499839
v 7.525250 2398.481140 2.500161
v 7.542414 2398.523254 -2.499839
v 7.542414 2398.523254 -2.287805
v 7.542414 2398.523254 -1.500118
v 7.542414 2398.523254 -0.742702
v 7.542414 2398.523254 0.743024
v 7.542414 2398.523254 1.500441
v 7.542414 2398.523254 2.288128
v 7.542414 2398.523254 2.500161
v 7.595314 2398.104553 -4.059618
v 7.595314 2398.104553 4.059941
v 7.595314 2398.238678 -4.059618
v 7.595314 2398.238678 4.059941
v 7.645942 2398.481140 -2.101969
v 7.645942 2398.481140 2.102292
v 7.660214 2398.523254 -2.111506
v 7.660214 2398.523254 2.111828
v 7.668812 2398.471832 0.000161
v 7.690179 2398.523254 0.000161
v 7.799518 2398.418579 -0.768024
v 7.799518 2398.418579 0.768347
v 7.843849 2398.523254 -0.772390
v 7.843849 2398.523254 0.772713
v 7.868380 2398.481140 -0.983699
v 7.868380 2398.481140 0.984021
v 7.885215 2398.523254 -0.980350
v 7.885215 2398.523254 0.980672
v 7.909132 2398.481140 -0.569928
v 7.909132 2398.481140 0.570251
v 7.924991 2398.523254 -0.576497
v 7.924991 2398.523254 0.576819
v 8.241395 2398.104553 -2.499839
v 8.241395 2398.104553 2.500161
v 8.241395 2398.238678 -2.499839
v 8.241395 2398.238678 2.500161
v 8.570765 2398.104553 -0.843985
v 8.570765 2398.104553 0.844308
v 8.570765 2398.238678 -0.843985
v 8.570765 2398.238678 0.844308
v 9.061275 2396.376495 -9.061113
v 9.061275 2396.376495 9.061435
v 9.061275 2396.476746 -9.061113
v 9.061275 2396.476746 9.061435
v 10.606601 2118.562927 -10.606601
v 10.606601 2118.562927 10.606601
v 10.654931 2396.376495 -7.119237
v 10.654931 2396.376495 7.119559
v 10.654931 2396.476746 -7.119237
v 10.654931 2396.476746 7.119559
v 11.839125 2396.376495 -4.903765
v 11.839125 2396.376495 4.904088
v 11.839125 2396.476746 -4.903765
v 11.839125 2396.476746 4.904088
v 12.023324 2369.664459 -22.493896
v 12.023324 2369.664459 22.494218
v 12.023324 2391.258850 -22.493896
v 12.023324 2391.258850 22.494218
v 12.568349 2396.376495 -2.499839
v 12.568349 2396.376495 2.500161
v 12.568349 2396.476746 -2.499839
v 12.568349 2396.476746 2.500161
v 12.814578 2396.376495 0.000161
v 12.814578 2396.476746 0.000161
v 13.858193 2118.562927 -5.740252
v 13.858193 2118.562927 5.740252
v 14.095390 0.000000 -5.130302
v 14.095390 0.000000 5.130302
v 15.000000 2118.562927 0.000000
v 16.180673 2369.664459 -19.716045
v 16.180673 2369.664459 19.716368
v 16.180673 2391.258850 -19.716045
v 16.180673 2391.258850 19.716368
v 19.716206 2369.664459 -16.180511
v 19.716206 2369.664459 16.180834
v 19.716206 2391.258850 -16.180511
v 19.716206 2391.258850 16.180834
v 22.494056 2369.664459 -12.023163
v 22.494056 2369.664459 12.023486
v 22.494056 2391.258850 -12.023163
v 22.494056 2391.258850 12.023486
v 24.407475 2369.664459 -7.403765
v 24.407475 2369.664459 7.404088
v 24.407475 2391.258850 -7.403765
v 24.407475 2391.258850 7.404088
v 25.382926 2369.664459 -2.499839
v 25.382926 2369.664459 2.500161
v 25.382926 2391.258850 -2.499839
v 25.382926 2391.258850 2.500161
v 27.281437 2266.666718 -276.992912
v 27.281437 2266.666718 276.993237
v 53.266616 2079.281464 -421.648521
v 53.266616 2079.281464 421.648827
v 54.562874 2153.333282 -553.986015
v 54.562874 2153.333282 553.986320
v 54.611611 2040.000000 -833.212051
v 54.611611 2040.000000 833.212357
v 80.795898 2266.666718 -266.348228
v 80.795898 2266.666718 266.348553
v 105.693178 2079.281464 -411.647606
v 105.693178 2079.281464 411.647911
v 108.989372 2040.000000 -827.856293
v 108.989372 2040.000000 827.856598
v 131.205425 2266.666718 -245.467930
v 131.205425 2266.666718 245.468254
v 156.452904 2079.281464 -395.154762
v 156.452904 2079.281464 395.155106
v 160.448456 2040.000000 -819.443283
v 160.448456 2040.000000 819.443588
v 161.591797 2153.333282 -532.696609
v 161.591797 2153.333282 532.696953
v 161.919899 2058.523254 -826.840744
v 161.919899 2058.523254 826.841049
v 162.900410 2040.000000 -818.955536
v 162.900410 2040.000000 818.955841
v 165.352383 2040.000000 -818.467789
v 165.352383 2040.000000 818.468170
v 166.823826 2058.523254 -825.865326
v 166.823826 2058.523254 825.865631
v 176.572800 2266.666718 -215.154419
v 176.572800 2266.666718 215.154743
v 204.745274 2079.281464 -372.430115
v 204.745274 2079.281464 372.430420
v 215.154572 2266.666718 -176.572628
v 215.154572 2266.666718 176.572952
v 216.113911 2040.000000 -806.547928
v 216.113911 2040.000000 806.548233
v 245.468082 2266.666718 -131.205263
v 245.468082 2266.666718 131.205587
v 249.808693 2079.281464 -343.831978
v 249.808693 2079.281464 343.832321
v 262.410851 2153.333282 -490.936012
v 262.410851 2153.333282 490.936317
v 266.348400 2266.666718 -80.795736
v 266.348400 2266.666718 80.796061
v 268.401947 2040.000000 -790.686493
v 268.401947 2040.000000 790.686798
v 276.993084 2266.666718 -27.281277
v 276.993084 2266.666718 27.281599
v 290.932465 2079.281464 -309.811440
v 290.932465 2079.281464 309.811764
v 317.230968 2040.000000 -772.395935
v 317.230968 2040.000000 772.396317
v 319.540672 2040.000000 -771.439285
v 319.540672 2040.000000 771.439590
v 320.117340 2058.523254 -779.364243
v 320.117340 2058.523254 779.364548
v 321.850357 2040.000000 -770.482559
v 321.850357 2040.000000 770.482864
v 324.736710 2058.523254 -777.450790
v 324.736710 2058.523254 777.451172
v 327.468071 2079.281464 -270.904980
v 327.468071 2079.281464 270.905304
v 353.145599 2153.333282 -430.308990
v 353.145599 2153.333282 430.309296
v 358.839302 2079.281464 -227.726192
v 358.839302 2079.281464 227.726498
v 369.311066 2040.000000 -748.888550
v 369.311066 2040.000000 748.888931
v 384.551430 2079.281464 -180.956001
v 384.551430 2079.281464 180.956326
v 404.198952 2079.281464 -131.332035
v 404.198952 2079.281464 131.332359
v 417.472000 2079.281464 -79.636884
v 417.472000 2079.281464 79.637203
v 417.500000 2040.000000 -723.131027
v 417.500000 2040.000000 723.131409
v 424.161263 2079.281464 -26.685805
v 424.161263 2079.281464 26.686127
v 430.309143 2153.333282 -353.145447
v 430.309143 2153.333282 353.145752
v 461.822472 2040.000000 -695.665894
v 461.822472 2040.000000 695.666199
v 463.901138 2040.000000 -694.276962
v 463.901138 2040.000000 694.277267
v 465.979805 2040.000000 -692.888031
v 465.979805 2040.000000 692.888336
v 466.012802 2058.523254 -701.937180
v 466.012802 2058.523254 701.937485
v 470.170174 2058.523254 -699.159317
v 470.170174 2058.523254 699.159622
v 490.936165 2153.333282 -262.410698
v 490.936165 2153.333282 262.411003
v 508.315811 2040.000000 -662.449875
v 508.315811 2040.000000 662.450180
v 532.696800 2153.333282 -161.591644
v 532.696800 2153.333282 161.591969
v 550.553741 2040.000000 -627.786064
v 550.553741 2040.000000 627.786407
v 553.986168 2153.333282 -54.562712
v 553.986168 2153.333282 54.563036
v 588.666382 2040.000000 -592.201767
v 588.666382 2040.000000 592.202072
v 590.434151 2040.000000 -590.433998
v 590.434151 2040.000000 590.434341
v 592.201920 2040.000000 -588.666229
v 592.201920 2040.000000 588.666573
v 593.999672 2058.523254 -597.535057
v 593.999672 2058.523254 597.535400
v 597.535210 2058.523254 -593.999519
v 597.535210 2058.523254 593.999863
v 627.786255 2040.000000 -550.553589
v 627.786255 2040.000000 550.553932
v 662.450027 2040.000000 -508.315620
v 662.450027 2040.000000 508.315964
v 692.888184 2040.000000 -465.979652
v 692.888184 2040.000000 465.979996
v 694.277115 2040.000000 -463.900986
v 694.277115 2040.000000 463.901291
v 695.666046 2040.000000 -461.822319
v 695.666046 2040.000000 461.822624
v 699.159470 2058.523254 -470.169983
v 699.159470 2058.523254 470.170326
v 701.937332 2058.523254 -466.012650
v 701.937332 2058.523254 466.012955
v 723.131180 2040.000000 -417.499847
v 723.131180 2040.000000 417.500153
v 748.888702 2040.000000 -369.310913
v 748.888702 2040.000000 369.311218
v 770.482712 2040.000000 -321.850204
v 770.482712 2040.000000 321.850510
v 771.439438 2040.000000 -319.540501
v 771.439438 2040.000000 319.540825
v 772.396088 2040.000000 -317.230797
v 772.396088 2040.000000 317.231121
v 777.451019 2058.523254 -324.736557
v 777.451019 2058.523254 324.736900
v 779.364395 2058.523254 -320.117149
v 779.364395 2058.523254 320.117493
v 790.686646 2040.000000 -268.401794
v 790.686646 2040.000000 268.402119
v 806.548080 2040.000000 -216.113739
v 806.548080 2040.000000 216.114063
v 818.468018 2040.000000 -165.352230
v 818.468018 2040.000000 165.352535
v 818.955688 2040.000000 -162.900257
v 818.955688 2040.000000 162.900581
v 819.443436 2040.000000 -160.448303
v 819.443436 2040.000000 160.448608
v 825.865479 2058.523254 -166.823673
v 825.865479 2058.523254 166.823997
v 826.840897 2058.523254 -161.919746
v 826.840897 2058.523254 161.920071
v 827.856445 2040.000000 -108.989210
v 827.856445 2040.000000 108.989534
v 833.212204 2040.000000 -54.611454
v 833.212204 2040.000000 54.611773
v 835.000000 2040.000000 -2.499839
v 835.000000 2040.000000 0.000161
v 835.000000 2040.000000 2.500161
v 842.542419 2058.523254 -2.499839
v 842.542419 2058.523254 2.500161
vt 90.156807 0.000000 0.000000
vt 0.000000 0.000000 0.000000
vt 2.740651 -0.250000 0.000000
vt 90.156807 -0.250000 0.000000
vt 90.156807 0.000000 0.000000
vt 0.000000 0.000000 0.000000
vt 2.740651 -0.250000 0.000000
vt 90.156807 -0.250000 0.000000
vt 90.156807 0.000000 0.000000
vt 0.000000 0.000000 0.000000
vt 2.740651 -0.250000 0.000000
vt 90.156807 -0.250000 0.000000
vt 90.156807 0.000000 0.000000
vt 0.000000 0.000000 0.000000
vt 2.740651 -0.250000 0.000000
vt 90.156807 -0.250000 0.000000
vt 90.156807 0.000000 0.000000
vt 0.000000 0.000000 0.000000
vt 2.740651 -0.250000 0.000000
vt 90.156807 -0.250000 0.000000
vt 90.156807 0.000000 0.000000
vt 0.000000 0.000000 0.000000
vt 2.740651 -0.250000 0.000000
vt 90.156807 -0.250000 0.000000
vt 90.156807 0.000000 0.000000
vt 0.000000 0.000000 0.000000
vt 2.740651 -0.250000 0.000000
vt 90.156807 -0.250000 0.000000
vt 90.156807 0.000000 0.000000
vt 0.000000 0.000000 0.000000
vt 2.740651 -0.250000 0.000000
vt 90.156807 -0.250000 0.000000
vt 90.156807 0.000000 0.000000
vt 0.000000 0.000000 0.000000
vt 2.740651 -0.250000 0.000000
vt 90.156807 -0.250000 0.000000
vt 90.156807 0.000000 0.000000
vt 0.000000 0.000000 0.000000
vt 2.740651 -0.250000 0.000000
vt 90.156807 -0.250000 0.000000
vt 90.156807 0.000000 0.000000
vt 0.000000 0.000000 0.000000
vt 2.740651 -0.250000 0.000000
vt 90.156807 -0.250000 0.000000
vt 90.156807 0.000000 0.000000
vt 0.000000 0.000000 0.000000
vt 2.740651 -0.250000 0.000000
vt 90.156807 -0.250000 0.000000
vt 90.156807 0.000000 0.000000
vt 0.000000 0.000000 0.000000
vt 2.740651 -0.250000 0.000000
vt 90.156807 -0.250000 0.000000
vt 90.156807 0.000000 0.000000
vt 0.000000 0.000000 0.000000
vt 2.740651 -0.250000 0.000000
vt 90.156807 -0.250000 0.000000
vt 90.156807 0.000000 0.000000
vt 0.000000 0.000000 0.000000
vt 2.740651 -0.250000 0.000000
vt 90.156807 -0.250000 0.000000
vt 90.156807 0.000000 0.000000
vt 0.000000 0.000000 0.000000
vt 2.740651 -0.250000 0.000000
vt 90.156807 -0.250000 0.000000
vt 90.156807 0.000000 0.000000
vt 0.000000 0.000000 0.000000
vt 2.740651 -0.250000 0.000000
vt 90.156807 -0.250000 0.000000
vt 90.156807 0.000000 0.000000
vt 0.000000 0.000000 0.000000
vt 2.740651 -0.250000 0.000000
vt 90.156807 -0.250000 0.000000
vt 90.156807 0.000000 0.000000
vt 0.000000 0.000000 0.000000
vt 2.740651 -0.250000 0.000000
vt 90.156807 -0.250000 0.000000
vt 90.156807 0.000000 0.000000
vt 0.000000 0.000000 0.000000
vt 2.740651 -0.250000 0.000000
vt 90.156807 -0.250000 0.000000
vt 90.156807 0.000000 0.000000
vt 0.000000 0.000000 0.000000
vt 2.740651 -0.250000 0.000000
vt 90.156807 -0.250000 0.000000
vt 90.156807 0.000000 0.000000
vt 0.000000 0.000000 0.000000
vt 2.740651 -0.250000 0.000000
vt 90.156807 -0.250000 0.000000
vt 90.145630 -0.210213 0.000000
vt 90.156807 -0.228797 0.000000
vt 90.156807 -0.150028 0.000000
vt 89.614143 -0.250000 0.000000
vt 90.081337 -0.250000 0.000000
vt 90.156807 -0.228797 0.000000
vt 90.081337 -0.250000 0.000000
vt 90.156807 -0.250000 0.000000
vt 0.000000 -0.228797 0.000000
vt 0.011303 -0.227504 0.000000
vt 0.000000 -0.150028 0.000000
vt 0.004552 -0.250000 0.000000
vt 0.000000 -0.228797 0.000000
vt 0.000000 -0.250000 0.000000
vt 41.302982 17.884291 0.000000
vt 41.302982 17.897703 0.000000
vt 40.870285 17.721516 0.000000
vt 90.156807 0.000000 0.000000
vt 0.000000 0.000000 0.000000
vt 2.740651 -0.250000 0.000000
vt 90.156807 -0.250000 0.000000
vt 90.156807 0.000000 0.000000
vt 0.000000 0.000000 0.000000
vt 2.740651 -0.250000 0.000000
vt 90.156807 -0.250000 0.000000
vt 90.156807 0.000000 0.000000
vt 0.000000 0.000000 0.000000
vt 2.740651 -0.250000 0.000000
vt 90.156807 -0.250000 0.000000
vt 90.156807 0.000000 0.000000
vt 0.000000 0.000000 0.000000
vt 2.740651 -0.250000 0.000000
vt 90.156807 -0.250000 0.000000
vt 90.156807 0.000000 0.000000
vt 0.000000 0.000000 0.000000
vt 2.740651 -0.250000 0.000000
vt 90.156807 -0.250000 0.000000
vt 90.156807 -0.150028 0.000000
vt 89.614143 -0.250000 0.000000
vt 90.081337 -0.250000 0.000000
vt 90.145630 -0.210213 0.000000
vt 90.156807 -0.228797 0.000000
vt 89.614143 -0.250000 0.000000
vt 90.045776 -0.084415 0.000000
vt 88.230530 -0.250000 0.000000
vt 90.129051 -0.076819 0.000000
vt 90.156807 -0.150028 0.000000
vt 90.156807 -0.074286 0.000000
vt 90.156807 0.000000 0.000000
vt 0.000000 0.000000 0.000000
vt 2.740651 -0.250000 0.000000
vt 90.156807 -0.250000 0.000000
vt 0.000000 -0.150028 0.000000
vt 0.005557 -0.149611 0.000000
vt 0.000000 -0.074286 0.000000
vt 40.870285 17.711489 0.000000
vt 40.870285 17.721516 0.000000
vt 39.588829 17.199724 0.000000
vt 90.156807 0.000000 0.000000
vt 0.000000 0.000000 0.000000
vt 2.740651 -0.250000 0.000000
vt 90.156807 -0.250000 0.000000
vt 90.143158 0.000000 0.000000
vt 90.156807 -0.074286 0.000000
vt 90.156807 0.074286 0.000000
vt 88.230530 -0.250000 0.000000
vt 89.587563 0.000000 0.000000
vt 88.230530 0.250000 0.000000
vt 0.000000 0.250000 0.000000
vt 0.000000 -0.250000 0.000000
vt 90.045776 -0.084415 0.000000
vt 88.230530 -0.250000 0.000000
vt 89.614143 -0.250000 0.000000
vt 39.588829 17.199724 0.000000
vt 40.870285 17.711489 0.000000
vt 40.870285 17.721516 0.000000
vt 39.588829 15.040279 0.000000
vt 39.588829 17.199724 0.000000
vt -42.127121 -16.073835 0.000000
vt -41.372879 -17.926165 0.000000
vt 0.000000 0.000000 0.000000
vt 90.156807 0.000000 0.000000
vt 90.156807 0.250000 0.000000
vt 2.740651 0.250000 0.000000
vt 0.000000 -0.074286 0.000000
vt 2.000000 0.000000 0.000000
vt 0.000000 0.074286 0.000000
vt 90.156807 0.000000 0.000000
vt 0.000000 0.000000 0.000000
vt 2.740651 -0.250000 0.000000
vt 90.156807 -0.250000 0.000000
vt 2.000000 0.000000 0.000000
vt 0.000000 0.074286 0.000000
vt 0.000000 -0.074286 0.000000
vt -39.588829 17.199724 0.000000
vt -39.588829 15.040279 0.000000
vt 41.372879 -17.926165 0.000000
vt 42.127121 -16.073835 0.000000
vt -40.870285 17.711489 0.000000
vt -39.588829 17.199724 0.000000
vt -40.870285 17.721516 0.000000
vt 90.156807 0.074286 0.000000
vt 90.143158 0.000000 0.000000
vt 90.156807 -0.074286 0.000000
vt 88.230530 0.250000 0.000000
vt 90.045776 0.084415 0.000000
vt 89.614143 0.250000 0.000000
vt 0.000000 0.150028 0.000000
vt 0.011303 0.227504 0.000000
vt 0.000000 0.228797 0.000000
vt 0.005557 0.149611 0.000000
vt 0.000000 0.150028 0.000000
vt 0.000000 0.074286 0.000000
vt -41.302982 17.884291 0.000000
vt -40.870285 17.721516 0.000000
vt -41.302982 17.897703 0.000000
vt 90.045776 0.084415 0.000000
vt 89.614143 0.250000 0.000000
vt 88.230530 0.250000 0.000000
vt 90.156807 0.150028 0.000000
vt 90.129051 0.076819 0.000000
vt 90.156807 0.074286 0.000000
vt 0.000000 0.228797 0.000000
vt 0.004552 0.250000 0.000000
vt 0.000000 0.250000 0.000000
vt 0.011303 0.227504 0.000000
vt 0.000000 0.228797 0.000000
vt 0.000000 0.150028 0.000000
vt -41.374596 17.921949 0.000000
vt -41.302982 17.897703 0.000000
vt -41.372879 17.926165 0.000000
vt 90.081337 0.250000 0.000000
vt 90.156807 0.228797 0.000000
vt 90.156807 0.250000 0.000000
vt 90.156807 0.228797 0.000000
vt 90.145630 0.210213 0.000000
vt 90.081337 0.250000 0.000000
vt 89.614143 0.250000 0.000000
vt 90.156807 0.150028 0.000000
vt 0.005557 0.149611 0.000000
vt 0.000000 0.150028 0.000000
vt 0.000000 0.074286 0.000000
vt 0.011303 0.227504 0.000000
vt 0.000000 0.228797 0.000000
vt 0.000000 0.150028 0.000000
vt 0.000000 -0.228797 0.000000
vt 0.011303 -0.227504 0.000000
vt 0.000000 -0.150028 0.000000
vt 0.005557 -0.149611 0.000000
vt 0.000000 -0.074286 0.000000
vt 0.000000 -0.150028 0.000000
vt 0.004552 -0.250000 0.000000
vt 0.000000 -0.228797 0.000000
vt 0.000000 -0.250000 0.000000
vt 90.045776 0.084415 0.000000
vt 89.614143 0.250000 0.000000
vt 88.230530 0.250000 0.000000
vt 90.156807 0.150028 0.000000
vt 90.129051 0.076819 0.000000
vt 90.156807 0.074286 0.000000
vt 90.156807 -0.074286 0.000000
vt 90.129051 -0.076819 0.000000
vt 90.156807 -0.150028 0.000000
vt 90.156807 -0.228797 0.000000
vt 90.081337 -0.250000 0.000000
vt 90.156807 -0.250000 0.000000
vt 90.081337 -0.250000 0.000000
vt 90.145630 -0.210213 0.000000
vt 90.156807 -0.228797 0.000000
vt 90.156807 -0.150028 0.000000
vt 89.614143 -0.250000 0.000000
vt 90.081337 0.250000 0.000000
vt 90.156807 0.228797 0.000000
vt 90.156807 0.250000 0.000000
vt 90.156807 0.228797 0.000000
vt 90.145630 0.210213 0.000000
vt 90.081337 0.250000 0.000000
vt 89.614143 0.250000 0.000000
vt 90.156807 0.150028 0.000000
vt 41.302982 17.884291 0.000000
vt 41.302982 17.897703 0.000000
vt 40.870285 17.721516 0.000000
vt -41.302982 17.897703 0.000000
vt -41.302982 17.884291 0.000000
vt -40.870285 17.721516 0.000000
vt -40.870285 17.721516 0.000000
vt -40.870285 17.711489 0.000000
vt -39.588829 17.199724 0.000000
vt -39.588829 17.199724 0.000000
vt -39.588829 15.040279 0.000000
vt 41.372879 -17.926165 0.000000
vt 42.127121 -16.073835 0.000000
vt -41.374596 17.921949 0.000000
vt -41.302982 17.897703 0.000000
vt -41.372879 17.926165 0.000000
vt 41.302982 17.897703 0.000000
vt 41.374596 17.921949 0.000000
vt 41.372879 17.926165 0.000000
vt 2.000000 -0.250000 0.000000
vt 2.000000 0.250000 0.000000
vt 0.000000 0.250000 0.000000
vt 0.000000 0.000000 0.000000
vt 0.000000 -0.250000 0.000000
vt 0.000000 0.000000 0.000000
vt 2.740651 -0.250000 0.000000
vt 90.156807 -0.250000 0.000000
vt 90.156807 0.000000 0.000000
vt 0.000000 0.228797 0.000000
vt 0.004552 0.250000 0.000000
vt 0.000000 0.250000 0.000000
vt 0.000000 -0.228797 0.000000
vt 0.011303 -0.227504 0.000000
vt 0.000000 -0.150028 0.000000
vt 0.004552 -0.250000 0.000000
vt 0.000000 -0.228797 0.000000
vt 0.000000 -0.250000 0.000000
vt 90.145630 -0.210213 0.000000
vt 90.156807 -0.228797 0.000000
vt 90.156807 -0.150028 0.000000
vt 89.614143 -0.250000 0.000000
vt 90.081337 -0.250000 0.000000
vt 90.156807 -0.228797 0.000000
vt 90.081337 -0.250000 0.000000
vt 90.156807 -0.250000 0.000000
vt 41.302982 17.884291 0.000000
vt 41.302982 17.897703 0.000000
vt 40.870285 17.721516 0.000000
vt 89.614143 -0.250000 0.000000
vt 90.045776 -0.084415 0.000000
vt 88.230530 -0.250000 0.000000
vt 90.129051 -0.076819 0.000000
vt 90.156807 -0.150028 0.000000
vt 90.156807 -0.074286 0.000000
vt -40.870285 17.721516 0.000000
vt -40.870285 17.711489 0.000000
vt -39.588829 17.199724 0.000000
vt -41.374596 17.921949 0.000000
vt -41.302982 17.897703 0.000000
vt -41.372879 17.926165 0.000000
vt 89.614143 0.250000 0.000000
vt 90.156807 0.150028 0.000000
vt 90.156807 0.228797 0.000000
vt 90.145630 0.210213 0.000000
vt 90.081337 0.250000 0.000000
vt 90.081337 0.250000 0.000000
vt 90.156807 0.228797 0.000000
vt 90.156807 0.250000 0.000000
vt 0.000000 -0.150028 0.000000
vt 0.005557 -0.149611 0.000000
vt 0.000000 -0.074286 0.000000
vt 41.302982 17.897703 0.000000
vt 41.374596 17.921949 0.000000
vt 41.372879 17.926165 0.000000
vt 90.143158 0.000000 0.000000
vt 90.156807 -0.074286 0.000000
vt 90.156807 0.074286 0.000000
vt 88.230530 -0.250000 0.000000
vt 89.587563 0.000000 0.000000
vt 88.230530 0.250000 0.000000
vt 0.000000 0.250000 0.000000
vt 0.000000 -0.250000 0.000000
vt 0.000000 -0.074286 0.000000
vt 2.000000 0.000000 0.000000
vt 0.000000 0.074286 0.000000
vt 0.011303 -0.227504 0.000000
vt 0.000000 -0.150028 0.000000
vt 0.000000 -0.228797 0.000000
vt -41.302982 17.884291 0.000000
vt -40.870285 17.721516 0.000000
vt -41.302982 17.897703 0.000000
vt 89.614143 0.250000 0.000000
vt 90.156807 0.150028 0.000000
vt 90.156807 0.228797 0.000000
vt 90.145630 0.210213 0.000000
vt 90.081337 0.250000 0.000000
vt 90.129051 0.076819 0.000000
vt 90.156807 0.074286 0.000000
vt 90.156807 0.150028 0.000000
vt 89.587563 0.000000 0.000000
vt 88.230530 0.250000 0.000000
vt 0.000000 0.250000 0.000000
vt 0.000000 -0.250000 0.000000
vt 88.230530 -0.250000 0.000000
vt 0.000000 0.074286 0.000000
vt 0.005557 0.149611 0.000000
vt 0.000000 0.150028 0.000000
vt 39.588829 15.040279 0.000000
vt 39.588829 17.199724 0.000000
vt -42.127121 -16.073835 0.000000
vt -41.372879 -17.926165 0.000000
vt 0.000000 0.000000 0.000000
vt 90.156807 0.000000 0.000000
vt 90.156807 0.250000 0.000000
vt 2.740651 0.250000 0.000000
vt 0.005557 0.149611 0.000000
vt 0.000000 0.150028 0.000000
vt 0.000000 0.074286 0.000000
vt 0.004552 -0.250000 0.000000
vt 0.000000 -0.228797 0.000000
vt 0.000000 -0.250000 0.000000
vt 0.011303 0.227504 0.000000
vt 0.000000 0.228797 0.000000
vt 0.000000 0.150028 0.000000
vt 90.045776 0.084415 0.000000
vt 89.614143 0.250000 0.000000
vt 88.230530 0.250000 0.000000
vt 90.156807 0.150028 0.000000
vt 90.129051 0.076819 0.000000
vt 90.156807 0.074286 0.000000
vt 90.156807 -0.228797 0.000000
vt 90.081337 -0.250000 0.000000
vt 90.156807 -0.250000 0.000000
vt 90.081337 0.250000 0.000000
vt 90.156807 0.228797 0.000000
vt 90.156807 0.250000 0.000000
vt 90.156807 0.228797 0.000000
vt 90.145630 0.210213 0.000000
vt 90.081337 0.250000 0.000000
vt 89.614143 0.250000 0.000000
vt 90.156807 0.150028 0.000000
vt 40.870285 17.721516 0.000000
vt 41.302982 17.884291 0.000000
vt 41.302982 17.897703 0.000000
vt -41.302982 17.897703 0.000000
vt -41.302982 17.884291 0.000000
vt -40.870285 17.721516 0.000000
vt -40.870285 17.721516 0.000000
vt -40.870285 17.711489 0.000000
vt -39.588829 17.199724 0.000000
vt -39.588829 17.199724 0.000000
vt -39.588829 15.040279 0.000000
vt 41.372879 -17.926165 0.000000
vt 42.127121 -16.073835 0.000000
vt -41.374596 17.921949 0.000000
vt -41.302982 17.897703 0.000000
vt -41.372879 17.926165 0.000000
vt 41.302982 17.897703 0.000000
vt 41.374596 17.921949 0.000000
vt 41.372879 17.926165 0.000000
vt 2.000000 -0.250000 0.000000
vt 2.000000 0.250000 0.000000
vt 0.000000 0.250000 0.000000
vt 0.000000 0.000000 0.000000
vt 0.000000 -0.250000 0.000000
vt 0.000000 0.000000 0.000000
vt 90.156807 0.000000 0.000000
vt 90.156807 0.250000 0.000000
vt 2.740651 0.250000 0.000000
vt 0.000000 0.228797 0.000000
vt 0.004552 0.250000 0.000000
vt 0.000000 0.250000 0.000000
vt 0.000000 -0.228797 0.000000
vt 0.011303 -0.227504 0.000000
vt 0.000000 -0.150028 0.000000
vt 0.004552 -0.250000 0.000000
vt 0.000000 -0.228797 0.000000
vt 0.000000 -0.250000 0.000000
vt 90.145630 -0.210213 0.000000
vt 90.156807 -0.228797 0.000000
vt 90.156807 -0.150028 0.000000
vt 89.614143 -0.250000 0.000000
vt 90.081337 -0.250000 0.000000
vt 90.156807 -0.228797 0.000000
vt 90.081337 -0.250000 0.000000
vt 90.156807 -0.250000 0.000000
vt 41.302982 17.884291 0.000000
vt 41.302982 17.897703 0.000000
vt 40.870285 17.721516 0.000000
vt 89.614143 -0.250000 0.000000
vt 90.045776 -0.084415 0.000000
vt 88.230530 -0.250000 0.000000
vt 90.129051 -0.076819 0.000000
vt 90.156807 -0.150028 0.000000
vt 90.156807 -0.074286 0.000000
vt 0.000000 -0.150028 0.000000
vt 0.005557 -0.149611 0.000000
vt 0.000000 -0.074286 0.000000
vt 41.302982 17.897703 0.000000
vt 41.374596 17.921949 0.000000
vt 41.372879 17.926165 0.000000
vt 88.230530 -0.250000 0.000000
vt 89.587563 0.000000 0.000000
vt 88.230530 0.250000 0.000000
vt 0.000000 0.250000 0.000000
vt 0.000000 -0.250000 0.000000
vt 90.143158 0.000000 0.000000
vt 90.156807 -0.074286 0.000000
vt 90.156807 0.074286 0.000000
vt 0.000000 -0.074286 0.000000
vt 2.000000 0.000000 0.000000
vt 0.000000 0.074286 0.000000
vt 90.081337 0.250000 0.000000
vt 90.156807 0.228797 0.000000
vt 90.156807 0.250000 0.000000
vt -41.374596 17.921949 0.000000
vt -41.302982 17.897703 0.000000
vt -41.372879 17.926165 0.000000
vt 0.000000 0.150028 0.000000
vt 0.011303 0.227504 0.000000
vt 0.000000 0.228797 0.000000
vt 39.588829 15.040279 0.000000
vt 39.588829 17.199724 0.000000
vt -42.127121 -16.073835 0.000000
vt -41.372879 -17.926165 0.000000
vt 90.045776 0.084415 0.000000
vt 89.614143 0.250000 0.000000
vt 88.230530 0.250000 0.000000
vt 90.156807 0.150028 0.000000
vt 90.129051 0.076819 0.000000
vt 90.156807 0.074286 0.000000
vt 90.081337 0.250000 0.000000
vt 90.156807 0.228797 0.000000
vt 90.156807 0.250000 0.000000
vt 90.156807 0.228797 0.000000
vt 90.145630 0.210213 0.000000
vt 90.081337 0.250000 0.000000
vt 89.614143 0.250000 0.000000
vt 90.156807 0.150028 0.000000
vt 0.005557 0.149611 0.000000
vt 0.000000 0.150028 0.000000
vt 0.000000 0.074286 0.000000
vt 0.011303 0.227504 0.000000
vt 0.000000 0.228797 0.000000
vt 0.000000 0.150028 0.000000
vt -41.302982 17.897703 0.000000
vt -41.302982 17.884291 0.000000
vt -40.870285 17.721516 0.000000
vt -40.870285 17.721516 0.000000
vt -40.870285 17.711489 0.000000
vt -39.588829 17.199724 0.000000
vt -39.588829 17.199724 0.000000
vt -39.588829 15.040279 0.000000
vt 41.372879 -17.926165 0.000000
vt 42.127121 -16.073835 0.000000
vt -41.374596 17.921949 0.000000
vt -41.302982 17.897703 0.000000
vt -41.372879 17.926165 0.000000
vt 40.870285 17.711489 0.000000
vt 40.870285 17.721516 0.000000
vt 39.588829 17.199724 0.000000
vt 2.000000 -0.250000 0.000000
vt 2.000000 0.250000 0.000000
vt 0.000000 0.250000 0.000000
vt 0.000000 0.000000 0.000000
vt 0.000000 -0.250000 0.000000
vt 0.000000 0.000000 0.000000
vt 90.156807 0.000000 0.000000
vt 90.156807 0.250000 0.000000
vt 2.740651 0.250000 0.000000
vt 0.000000 0.228797 0.000000
vt 0.004552 0.250000 0.000000
vt 0.000000 0.250000 0.000000
vt 0.000000 -0.228797 0.000000
vt 0.011303 -0.227504 0.000000
vt 0.000000 -0.150028 0.000000
vt 0.004552 -0.250000 0.000000
vt 0.000000 -0.228797 0.000000
vt 0.000000 -0.250000 0.000000
vt 90.145630 -0.210213 0.000000
vt 90.156807 -0.228797 0.000000
vt 90.156807 -0.150028 0.000000
vt 89.614143 -0.250000 0.000000
vt 90.081337 -0.250000 0.000000
vt 90.156807 -0.228797 0.000000
vt 90.081337 -0.250000 0.000000
vt 90.156807 -0.250000 0.000000
vt 41.302982 17.884291 0.000000
vt 41.302982 17.897703 0.000000
vt 40.870285 17.721516 0.000000
vt 89.614143 -0.250000 0.000000
vt 90.045776 -0.084415 0.000000
vt 88.230530 -0.250000 0.000000
vt 90.129051 -0.076819 0.000000
vt 90.156807 -0.150028 0.000000
vt 90.156807 -0.074286 0.000000
vt 0.000000 -0.150028 0.000000
vt 0.005557 -0.149611 0.000000
vt 0.000000 -0.074286 0.000000
vt 41.302982 17.897703 0.000000
vt 41.374596 17.921949 0.000000
vt 41.372879 17.926165 0.000000
vt 88.230530 -0.250000 0.000000
vt 89.587563 0.000000 0.000000
vt 88.230530 0.250000 0.000000
vt 0.000000 0.250000 0.000000
vt 0.000000 -0.250000 0.000000
vt 90.143158 0.000000 0.000000
vt 90.156807 -0.074286 0.000000
vt 90.156807 0.074286 0.000000
vt 0.000000 -0.074286 0.000000
vt 2.000000 0.000000 0.000000
vt 0.000000 0.074286 0.000000
vt 39.588829 15.040279 0.000000
vt 39.588829 17.199724 0.000000
vt -42.127121 -16.073835 0.000000
vt -41.372879 -17.926165 0.000000
vt 90.045776 0.084415 0.000000
vt 89.614143 0.250000 0.000000
vt 88.230530 0.250000 0.000000
vt 90.156807 0.150028 0.000000
vt 90.129051 0.076819 0.000000
vt 90.156807 0.074286 0.000000
vt 90.081337 0.250000 0.000000
vt 90.156807 0.228797 0.000000
vt 90.156807 0.250000 0.000000
vt 90.156807 0.228797 0.000000
vt 90.145630 0.210213 0.000000
vt 90.081337 0.250000 0.000000
vt 89.614143 0.250000 0.000000
vt 90.156807 0.150028 0.000000
vt 0.005557 0.149611 0.000000
vt 0.000000 0.150028 0.000000
vt 0.000000 0.074286 0.000000
vt 0.011303 0.227504 0.000000
vt 0.000000 0.228797 0.000000
vt 0.000000 0.150028 0.000000
vt -41.302982 17.897703 0.000000
vt -41.302982 17.884291 0.000000
vt -40.870285 17.721516 0.000000
vt -40.870285 17.721516 0.000000
vt -40.870285 17.711489 0.000000
vt -39.588829 17.199724 0.000000
vt -39.588829 17.199724 0.000000
vt -39.588829 15.040279 0.000000
vt 41.372879 -17.926165 0.000000
vt 42.127121 -16.073835 0.000000
vt -41.374596 17.921949 0.000000
vt -41.302982 17.897703 0.000000
vt -41.372879 17.926165 0.000000
vt 40.870285 17.711489 0.000000
vt 40.870285 17.721516 0.000000
vt 39.588829 17.199724 0.000000
vt 2.000000 -0.250000 0.000000
vt 2.000000 0.250000 0.000000
vt 0.000000 0.250000 0.000000
vt 0.000000 0.000000 0.000000
vt 0.000000 -0.250000 0.000000
vt 0.000000 0.000000 0.000000
vt 90.156807 0.000000 0.000000
vt 90.156807 0.250000 0.000000
vt 2.740651 0.250000 0.000000
vt 0.000000 0.228797 0.000000
vt 0.004552 0.250000 0.000000
vt 0.000000 0.250000 0.000000
vt 0.000000 -0.228797 0.000000
vt 0.011303 -0.227504 0.000000
vt 0.000000 -0.150028 0.000000
vt 0.004552 -0.250000 0.000000
vt 0.000000 -0.228797 0.000000
vt 0.000000 -0.250000 0.000000
vt 90.145630 -0.210213 0.000000
vt 90.156807 -0.228797 0.000000
vt 90.156807 -0.150028 0.000000
vt 89.614143 -0.250000 0.000000
vt 90.081337 -0.250000 0.000000
vt 90.156807 -0.228797 0.000000
vt 90.081337 -0.250000 0.000000
vt 90.156807 -0.250000 0.000000
vt 41.302982 17.884291 0.000000
vt 41.302982 17.897703 0.000000
vt 40.870285 17.721516 0.000000
vt 89.614143 -0.250000 0.000000
vt 90.045776 -0.084415 0.000000
vt 88.230530 -0.250000 0.000000
vt 90.129051 -0.076819 0.000000
vt 90.156807 -0.150028 0.000000
vt 90.156807 -0.074286 0.000000
vt 0.000000 -0.150028 0.000000
vt 0.005557 -0.149611 0.000000
vt 0.000000 -0.074286 0.000000
vt 41.302982 17.897703 0.000000
vt 41.374596 17.921949 0.000000
vt 41.372879 17.926165 0.000000
vt 88.230530 -0.250000 0.000000
vt 89.587563 0.000000 0.000000
vt 88.230530 0.250000 0.000000
vt 0.000000 0.250000 0.000000
vt 0.000000 -0.250000 0.000000
vt 90.143158 0.000000 0.000000
vt 90.156807 -0.074286 0.000000
vt 90.156807 0.074286 0.000000
vt 0.000000 -0.074286 0.000000
vt 2.000000 0.000000 0.000000
vt 0.000000 0.074286 0.000000
vt 39.588829 15.040279 0.000000
vt 39.588829 17.199724 0.000000
vt -42.127121 -16.073835 0.000000
vt -41.372879 -17.926165 0.000000
vt 90.045776 0.084415 0.000000
vt 89.614143 0.250000 0.000000
vt 88.230530 0.250000 0.000000
vt 90.156807 0.150028 0.000000
vt 90.129051 0.076819 0.000000
vt 90.156807 0.074286 0.000000
vt 90.081337 0.250000 0.000000
vt 90.156807 0.228797 0.000000
vt 90.156807 0.250000 0.000000
vt 90.156807 0.228797 0.000000
vt 90.145630 0.210213 0.000000
vt 90.081337 0.250000 0.000000
vt 89.614143 0.250000 0.000000
vt 90.156807 0.150028 0.000000
vt 0.005557 0.149611 0.000000
vt 0.000000 0.150028 0.000000
vt 0.000000 0.074286 0.000000
vt 0.011303 0.227504 0.000000
vt 0.000000 0.228797 0.000000
vt 0.000000 0.150028 0.000000
vt -41.302982 17.897703 0.000000
vt -41.302982 17.884291 0.000000
vt -40.870285 17.721516 0.000000
vt -40.870285 17.721516 0.000000
vt -40.870285 17.711489 0.000000
vt -39.588829 17.199724 0.000000
vt -39.588829 17.199724 0.000000
vt -39.588829 15.040279 0.000000
vt 41.372879 -17.926165 0.000000
vt 42.127121 -16.073835 0.000000
vt -41.374596 17.921949 0.000000
vt -41.302982 17.897703 0.000000
vt -41.372879 17.926165 0.000000
vt 40.870285 17.711489 0.000000
vt 40.870285 17.721516 0.000000
vt 39.588829 17.199724 0.000000
vt 2.000000 -0.250000 0.000000
vt 2.000000 0.250000 0.000000
vt 0.000000 0.250000 0.000000
vt 0.000000 0.000000 0.000000
vt 0.000000 -0.250000 0.000000
vt 0.000000 0.000000 0.000000
vt 90.156807 0.000000 0.000000
vt 90.156807 0.250000 0.000000
vt 2.740651 0.250000 0.000000
vt 0.000000 0.228797 0.000000
vt 0.004552 0.250000 0.000000
vt 0.000000 0.250000 0.000000
vt 0.000000 -0.228797 0.000000
vt 0.011303 -0.227504 0.000000
vt 0.000000 -0.150028 0.000000
vt 0.004552 -0.250000 0.000000
vt 0.000000 -0.228797 0.000000
vt 0.000000 -0.250000 0.000000
vt 90.145630 -0.210213 0.000000
vt 90.156807 -0.228797 0.000000
vt 90.156807 -0.150028 0.000000
vt 89.614143 -0.250000 0.000000
vt 90.081337 -0.250000 0.000000
vt 90.156807 -0.228797 0.000000
vt 90.081337 -0.250000 0.000000
vt 90.156807 -0.250000 0.000000
vt 41.302982 17.884291 0.000000
vt 41.302982 17.897703 0.000000
vt 40.870285 17.721516 0.000000
vt 89.614143 -0.250000 0.000000
vt 90.045776 -0.084415 0.000000
vt 88.230530 -0.250000 0.000000
vt 90.129051 -0.076819 0.000000
vt 90.156807 -0.150028 0.000000
vt 90.156807 -0.074286 0.000000
vt 0.000000 -0.150028 0.000000
vt 0.005557 -0.149611 0.000000
vt 0.000000 -0.074286 0.000000
vt 41.302982 17.897703 0.000000
vt 41.374596 17.921949 0.000000
vt 41.372879 17.926165 0.000000
vt 88.230530 -0.250000 0.000000
vt 89.587563 0.000000 0.000000
vt 88.230530 0.250000 0.000000
vt 0.000000 0.250000 0.000000
vt 0.000000 -0.250000 0.000000
vt 90.143158 0.000000 0.000000
vt 90.156807 -0.074286 0.000000
vt 90.156807 0.074286 0.000000
vt 0.000000 -0.074286 0.000000
vt 2.000000 0.000000 0.000000
vt 0.000000 0.074286 0.000000
vt 39.588829 15.040279 0.000000
vt 39.588829 17.199724 0.000000
vt -42.127121 -16.073835 0.000000
vt -41.372879 -17.926165 0.000000
vt 90.045776 0.084415 0.000000
vt 89.614143 0.250000 0.000000
vt 88.230530 0.250000 0.000000
vt 90.156807 0.150028 0.000000
vt 90.129051 0.076819 0.000000
vt 90.156807 0.074286 0.000000
vt 90.081337 0.250000 0.000000
vt 90.156807 0.228797 0.000000
vt 90.156807 0.250000 0.000000
vt 90.156807 0.228797 0.000000
vt 90.145630 0.210213 0.000000
vt 90.081337 0.250000 0.000000
vt 89.614143 0.250000 0.000000
vt 90.156807 0.150028 0.000000
vt 0.005557 0.149611 0.000000
vt 0.000000 0.150028 0.000000
vt 0.000000 0.074286 0.000000
vt 0.011303 0.227504 0.000000
vt 0.000000 0.228797 0.000000
vt 0.000000 0.150028 0.000000
vt -41.302982 17.897703 0.000000
vt -41.302982 17.884291 0.000000
vt -40.870285 17.721516 0.000000
vt -40.870285 17.721516 0.000000
vt -40.870285 17.711489 0.000000
vt -39.588829 17.199724 0.000000
vt -39.588829 17.199724 0.000000
vt -39.588829 15.040279 0.000000
vt 41.372879 -17.926165 0.000000
vt 42.127121 -16.073835 0.000000
vt -41.374596 17.921949 0.000000
vt -41.302982 17.897703 0.000000
vt -41.372879 17.926165 0.000000
vt 40.870285 17.711489 0.000000
vt 40.870285 17.721516 0.000000
vt 39.588829 17.199724 0.000000
vt 2.000000 -0.250000 0.000000
vt 2.000000 0.250000 0.000000
vt 0.000000 0.250000 0.000000
vt 0.000000 0.000000 0.000000
vt 0.000000 -0.250000 0.000000
vt 0.000000 0.000000 0.000000
vt 90.156807 0.000000 0.000000
vt 90.156807 0.250000 0.000000
vt 2.740651 0.250000 0.000000
vt 0.000000 0.228797 0.000000
vt 0.004552 0.250000 0.000000
vt 0.000000 0.250000 0.000000
vt 0.000000 -0.228797 0.000000
vt 0.011303 -0.227504 0.000000
vt 0.000000 -0.150028 0.000000
vt 0.004552 -0.250000 0.000000
vt 0.000000 -0.228797 0.000000
vt 0.000000 -0.250000 0.000000
vt 90.145630 -0.210213 0.000000
vt 90.156807 -0.228797 0.000000
vt 90.156807 -0.150028 0.000000
vt 89.614143 -0.250000 0.000000
vt 90.081337 -0.250000 0.000000
vt 90.156807 -0.228797 0.000000
vt 90.081337 -0.250000 0.000000
vt 90.156807 -0.250000 0.000000
vt 41.302982 17.884291 0.000000
vt 41.302982 17.897703 0.000000
vt 40.870285 17.721516 0.000000
vt 89.614143 -0.250000 0.000000
vt 90.045776 -0.084415 0.000000
vt 88.230530 -0.250000 0.000000
vt 90.129051 -0.076819 0.000000
vt 90.156807 -0.150028 0.000000
vt 90.156807 -0.074286 0.000000
vt 0.000000 -0.150028 0.000000
vt 0.005557 -0.149611 0.000000
vt 0.000000 -0.074286 0.000000
vt 41.302982 17.897703 0.000000
vt 41.374596 17.921949 0.000000
vt 41.372879 17.926165 0.000000
vt 88.230530 -0.250000 0.000000
vt 89.587563 0.000000 0.000000
vt 88.230530 0.250000 0.000000
vt 0.000000 0.250000 0.000000
vt 0.000000 -0.250000 0.000000
vt 90.143158 0.000000 0.000000
vt 90.156807 -0.074286 0.000000
vt 90.156807 0.074286 0.000000
vt 0.000000 -0.074286 0.000000
vt 2.000000 0.000000 0.000000
vt 0.000000 0.074286 0.000000
vt 39.588829 15.040279 0.000000
vt 39.588829 17.199724 0.000000
vt -42.127121 -16.073835 0.000000
vt -41.372879 -17.926165 0.000000
vt 90.045776 0.084415 0.000000
vt 89.614143 0.250000 0.000000
vt 88.230530 0.250000 0.000000
vt 90.156807 0.150028 0.000000
vt 90.129051 0.076819 0.000000
vt 90.156807 0.074286 0.000000
vt 90.081337 0.250000 0.000000
vt 90.156807 0.228797 0.000000
vt 90.156807 0.250000 0.000000
vt 90.156807 0.228797 0.000000
vt 90.145630 0.210213 0.000000
vt 90.081337 0.250000 0.000000
vt 89.614143 0.250000 0.000000
vt 90.156807 0.150028 0.000000
vt 0.005557 0.149611 0.000000
vt 0.000000 0.150028 0.000000
vt 0.000000 0.074286 0.000000
vt 0.011303 0.227504 0.000000
vt 0.000000 0.228797 0.000000
vt 0.000000 0.150028 0.000000
vt -41.302982 17.897703 0.000000
vt -41.302982 17.884291 0.000000
vt -40.870285 17.721516 0.000000
vt -40.870285 17.721516 0.000000
vt -40.870285 17.711489 0.000000
vt -39.588829 17.199724 0.000000
vt -39.588829 17.199724 0.000000
vt -39.588829 15.040279 0.000000
vt 41.372879 -17.926165 0.000000
vt 42.127121 -16.073835 0.000000
vt -41.374596 17.921949 0.000000
vt -41.302982 17.897703 0.000000
vt -41.372879 17.926165 0.000000
vt 40.870285 17.711489 0.000000
vt 40.870285 17.721516 0.000000
vt 39.588829 17.199724 0.000000
vt 2.000000 -0.250000 0.000000
vt 2.000000 0.250000 0.000000
vt 0.000000 0.250000 0.000000
vt 0.000000 0.000000 0.000000
vt 0.000000 -0.250000 0.000000
vt 0.000000 0.000000 0.000000
vt 90.156807 0.000000 0.000000
vt 90.156807 0.250000 0.000000
vt 2.740651 0.250000 0.000000
vt 0.000000 0.228797 0.000000
vt 0.004552 0.250000 0.000000
vt 0.000000 0.250000 0.000000
vt 0.000000 -0.228797 0.000000
vt 0.011303 -0.227504 0.000000
vt 0.000000 -0.150028 0.000000
vt 0.004552 -0.250000 0.000000
vt 0.000000 -0.228797 0.000000
vt 0.000000 -0.250000 0.000000
vt 90.145630 -0.210213 0.000000
vt 90.156807 -0.228797 0.000000
vt 90.156807 -0.150028 0.000000
vt 89.614143 -0.250000 0.000000
vt 90.081337 -0.250000 0.000000
vt 90.156807 -0.228797 0.000000
vt 90.081337 -0.250000 0.000000
vt 90.156807 -0.250000 0.000000
vt 41.302982 17.884291 0.000000
vt 41.302982 17.897703 0.000000
vt 40.870285 17.721516 0.000000
vt 89.614143 -0.250000 0.000000
vt 90.045776 -0.084415 0.000000
vt 88.230530 -0.250000 0.000000
vt 90.129051 -0.076819 0.000000
vt 90.156807 -0.150028 0.000000
vt 90.156807 -0.074286 0.000000
vt 0.000000 -0.150028 0.000000
vt 0.005557 -0.149611 0.000000
vt 0.000000 -0.074286 0.000000
vt 41.302982 17.897703 0.000000
vt 41.374596 17.921949 0.000000
vt 41.372879 17.926165 0.000000
vt 88.230530 -0.250000 0.000000
vt 89.587563 0.000000 0.000000
vt 88.230530 0.250000 0.000000
vt 0.000000 0.250000 0.000000
vt 0.000000 -0.250000 0.000000
vt 90.143158 0.000000 0.000000
vt 90.156807 -0.074286 0.000000
vt 90.156807 0.074286 0.000000
vt 0.000000 -0.074286 0.000000
vt 2.000000 0.000000 0.000000
vt 0.000000 0.074286 0.000000
vt 39.588829 15.040279 0.000000
vt 39.588829 17.199724 0.000000
vt -42.127121 -16.073835 0.000000
vt -41.372879 -17.926165 0.000000
vt 90.045776 0.084415 0.000000
vt 89.614143 0.250000 0.000000
vt 88.230530 0.250000 0.000000
vt 90.156807 0.150028 0.000000
vt 90.129051 0.076819 0.000000
vt 90.156807 0.074286 0.000000
vt 90.081337 0.250000 0.000000
vt 90.156807 0.228797 0.000000
vt 90.156807 0.250000 0.000000
vt 90.156807 0.228797 0.000000
vt 90.145630 0.210213 0.000000
vt 90.081337 0.250000 0.000000
vt 89.614143 0.250000 0.000000
vt 90.156807 0.150028 0.000000
vt 0.005557 0.149611 0.000000
vt 0.000000 0.150028 0.000000
vt 0.000000 0.074286 0.000000
vt 0.011303 0.227504 0.000000
vt 0.000000 0.228797 0.000000
vt 0.000000 0.150028 0.000000
vt -41.302982 17.897703 0.000000
vt -41.302982 17.884291 0.000000
vt -40.870285 17.721516 0.000000
vt -40.870285 17.721516 0.000000
vt -40.870285 17.711489 0.000000
vt -39.588829 17.199724 0.000000
vt -39.588829 17.199724 0.000000
vt -39.588829 15.040279 0.000000
vt 41.372879 -17.926165 0.000000
vt 42.127121 -16.073835 0.000000
vt -41.374596 17.921949 0.000000
vt -41.302982 17.897703 0.000000
vt -41.372879 17.926165 0.000000
vt 40.870285 17.711489 0.000000
vt 40.870285 17.721516 0.000000
vt 39.588829 17.199724 0.000000
vt 2.000000 -0.250000 0.000000
vt 2.000000 0.250000 0.000000
vt 0.000000 0.250000 0.000000
vt 0.000000 0.000000 0.000000
vt 0.000000 -0.250000 0.000000
vt 0.000000 0.000000 0.000000
vt 90.156807 0.000000 0.000000
vt 90.156807 0.250000 0.000000
vt 2.740651 0.250000 0.000000
vt 0.000000 0.228797 0.000000
vt 0.004552 0.250000 0.000000
vt 0.000000 0.250000 0.000000
vt 0.000000 -0.228797 0.000000
vt 0.011303 -0.227504 0.000000
vt 0.000000 -0.150028 0.000000
vt 0.004552 -0.250000 0.000000
vt 0.000000 -0.228797 0.000000
vt 0.000000 -0.250000 0.000000
vt 90.145630 -0.210213 0.000000
vt 90.156807 -0.228797 0.000000
vt 90.156807 -0.150028 0.000000
vt 89.614143 -0.250000 0.000000
vt 90.081337 -0.250000 0.000000
vt 90.156807 -0.228797 0.000000
vt 90.081337 -0.250000 0.000000
vt 90.156807 -0.250000 0.000000
vt 41.302982 17.884291 0.000000
vt 41.302982 17.897703 0.000000
vt 40.870285 17.721516 0.000000
vt 89.614143 -0.250000 0.000000
vt 90.045776 -0.084415 0.000000
vt 88.230530 -0.250000 0.000000
vt 90.129051 -0.076819 0.000000
vt 90.156807 -0.150028 0.000000
vt 90.156807 -0.074286 0.000000
vt 0.000000 -0.150028 0.000000
vt 0.005557 -0.149611 0.000000
vt 0.000000 -0.074286 0.000000
vt 41.302982 17.897703 0.000000
vt 41.374596 17.921949 0.000000
vt 41.372879 17.926165 0.000000
vt 88.230530 -0.250000 0.000000
vt 89.587563 0.000000 0.000000
vt 88.230530 0.250000 0.000000
vt 0.000000 0.250000 0.000000
vt 0.000000 -0.250000 0.000000
vt 90.143158 0.000000 0.000000
vt 90.156807 -0.074286 0.000000
vt 90.156807 0.074286 0.000000
vt 0.000000 -0.074286 0.000000
vt 2.000000 0.000000 0.000000
vt 0.000000 0.074286 0.000000
vt 39.588829 15.040279 0.000000
vt 39.588829 17.199724 0.000000
vt -42.127121 -16.073835 0.000000
vt -41.372879 -17.926165 0.000000
vt 90.045776 0.084415 0.000000
vt 89.614143 0.250000 0.000000
vt 88.230530 0.250000 0.000000
vt 90.156807 0.150028 0.000000
vt 90.129051 0.076819 0.000000
vt 90.156807 0.074286 0.000000
vt 90.081337 0.250000 0.000000
vt 90.156807 0.228797 0.000000
vt 90.156807 0.250000 0.000000
vt 90.156807 0.228797 0.000000
vt 90.145630 0.210213 0.000000
vt 90.081337 0.250000 0.000000
vt 89.614143 0.250000 0.000000
vt 90.156807 0.150028 0.000000
vt 0.005557 0.149611 0.000000
vt 0.000000 0.150028 0.000000
vt 0.000000 0.074286 0.000000
vt 0.011303 0.227504 0.000000
vt 0.000000 0.228797 0.000000
vt 0.000000 0.150028 0.000000
vt -41.302982 17.897703 0.000000
vt -41.302982 17.884291 0.000000
vt -40.870285 17.721516 0.000000
vt -40.870285 17.721516 0.000000
vt -40.870285 17.711489 0.000000
vt -39.588829 17.199724 0.000000
vt -39.588829 17.199724 0.000000
vt -39.588829 15.040279 0.000000
vt 41.372879 -17.926165 0.000000
vt 42.127121 -16.073835 0.000000
vt -41.374596 17.921949 0.000000
vt -41.302982 17.897703 0.000000
vt -41.372879 17.926165 0.000000
vt 40.870285 17.711489 0.000000
vt 40.870285 17.721516 0.000000
vt 39.588829 17.199724 0.000000
vt 2.000000 -0.250000 0.000000
vt 2.000000 0.250000 0.000000
vt 0.000000 0.250000 0.000000
vt 0.000000 0.000000 0.000000
vt 0.000000 -0.250000 0.000000
vt 0.000000 0.000000 0.000000
vt 90.156807 0.000000 0.000000
vt 90.156807 0.250000 0.000000
vt 2.740651 0.250000 0.000000
vt 0.000000 0.228797 0.000000
vt 0.004552 0.250000 0.000000
vt 0.000000 0.250000 0.000000
vt 0.000000 -0.228797 0.000000
vt 0.011303 -0.227504 0.000000
vt 0.000000 -0.150028 0.000000
vt 0.004552 -0.250000 0.000000
vt 0.000000 -0.228797 0.000000
vt 0.000000 -0.250000 0.000000
vt 90.145630 -0.210213 0.000000
vt 90.156807 -0.228797 0.000000
vt 90.156807 -0.150028 0.000000
vt 89.614143 -0.250000 0.000000
vt 90.081337 -0.250000 0.000000
vt 90.156807 -0.228797 0.000000
vt 90.081337 -0.250000 0.000000
vt 90.156807 -0.250000 0.000000
vt 41.302982 17.884291 0.000000
vt 41.302982 17.897703 0.000000
vt 40.870285 17.721516 0.000000
vt 89.614143 -0.250000 0.000000
vt 90.045776 -0.084415 0.000000
vt 88.230530 -0.250000 0.000000
vt 90.129051 -0.076819 0.000000
vt 90.156807 -0.150028 0.000000
vt 90.156807 -0.074286 0.000000
vt 0.000000 -0.150028 0.000000
vt 0.005557 -0.149611 0.000000
vt 0.000000 -0.074286 0.000000
vt 41.302982 17.897703 0.000000
vt 41.374596 17.921949 0.000000
vt 41.372879 17.926165 0.000000
vt 88.230530 -0.250000 0.000000
vt 89.587563 0.000000 0.000000
vt 88.230530 0.250000 0.000000
vt 0.000000 0.250000 0.000000
vt 0.000000 -0.250000 0.000000
vt 90.143158 0.000000 0.000000
vt 90.156807 -0.074286 0.000000
vt 90.156807 0.074286 0.000000
vt 0.000000 -0.074286 0.000000
vt 2.000000 0.000000 0.000000
vt 0.000000 0.074286 0.000000
vt 39.588829 15.040279 0.000000
vt 39.588829 17.199724 0.000000
vt -42.127121 -16.073835 0.000000
vt -41.372879 -17.926165 0.000000
vt 90.045776 0.084415 0.000000
vt 89.614143 0.250000 0.000000
vt 88.230530 0.250000 0.000000
vt 90.156807 0.150028 0.000000
vt 90.129051 0.076819 0.000000
vt 90.156807 0.074286 0.000000
vt 90.081337 0.250000 0.000000
vt 90.156807 0.228797 0.000000
vt 90.156807 0.250000 0.000000
vt 90.156807 0.228797 0.000000
vt 90.145630 0.210213 0.000000
vt 90.081337 0.250000 0.000000
vt 89.614143 0.250000 0.000000
vt 90.156807 0.150028 0.000000
vt 0.005557 0.149611 0.000000
vt 0.000000 0.150028 0.000000
vt 0.000000 0.074286 0.000000
vt 0.011303 0.227504 0.000000
vt 0.000000 0.228797 0.000000
vt 0.000000 0.150028 0.000000
vt -41.302982 17.897703 0.000000
vt -41.302982 17.884291 0.000000
vt -40.870285 17.721516 0.000000
vt -40.870285 17.721516 0.000000
vt -40.870285 17.711489 0.000000
vt -39.588829 17.199724 0.000000
vt -39.588829 17.199724 0.000000
vt -39.588829 15.040279 0.000000
vt 41.372879 -17.926165 0.000000
vt 42.127121 -16.073835 0.000000
vt -41.374596 17.921949 0.000000
vt -41.302982 17.897703 0.000000
vt -41.372879 17.926165 0.000000
vt 40.870285 17.711489 0.000000
vt 40.870285 17.721516 0.000000
vt 39.588829 17.199724 0.000000
vt 2.000000 -0.250000 0.000000
vt 2.000000 0.250000 0.000000
vt 0.000000 0.250000 0.000000
vt 0.000000 0.000000 0.000000
vt 0.000000 -0.250000 0.000000
vt 0.000000 0.000000 0.000000
vt 90.156807 0.000000 0.000000
vt 90.156807 0.250000 0.000000
vt 2.740651 0.250000 0.000000
vt 0.000000 0.228797 0.000000
vt 0.004552 0.250000 0.000000
vt 0.000000 0.250000 0.000000
vt 0.000000 -0.228797 0.000000
vt 0.011303 -0.227504 0.000000
vt 0.000000 -0.150028 0.000000
vt 0.004552 -0.250000 0.000000
vt 0.000000 -0.228797 0.000000
vt 0.000000 -0.250000 0.000000
vt 90.145630 -0.210213 0.000000
vt 90.156807 -0.228797 0.000000
vt 90.156807 -0.150028 0.000000
vt 89.614143 -0.250000 0.000000
vt 90.081337 -0.250000 0.000000
vt 90.156807 -0.228797 0.000000
vt 90.081337 -0.250000 0.000000
vt 90.156807 -0.250000 0.000000
vt 41.302982 17.884291 0.000000
vt 41.302982 17.897703 0.000000
vt 40.870285 17.721516 0.000000
vt 89.614143 -0.250000 0.000000
vt 90.045776 -0.084415 0.000000
vt 88.230530 -0.250000 0.000000
vt 90.129051 -0.076819 0.000000
vt 90.156807 -0.150028 0.000000
vt 90.156807 -0.074286 0.000000
vt 0.000000 -0.150028 0.000000
vt 0.005557 -0.149611 0.000000
vt 0.000000 -0.074286 0.000000
vt 41.302982 17.897703 0.000000
vt 41.374596 17.921949 0.000000
vt 41.372879 17.926165 0.000000
vt 88.230530 -0.250000 0.000000
vt 89.587563 0.000000 0.000000
vt 88.230530 0.250000 0.000000
vt 0.000000 0.250000 0.000000
vt 0.000000 -0.250000 0.000000
vt 90.143158 0.000000 0.000000
vt 90.156807 -0.074286 0.000000
vt 90.156807 0.074286 0.000000
vt 0.000000 -0.074286 0.000000
vt 2.000000 0.000000 0.000000
vt 0.000000 0.074286 0.000000
vt 39.588829 15.040279 0.000000
vt 39.588829 17.199724 0.000000
vt -42.127121 -16.073835 0.000000
vt -41.372879 -17.926165 0.000000
vt 90.045776 0.084415 0.000000
vt 89.614143 0.250000 0.000000
vt 88.230530 0.250000 0.000000
vt 90.156807 0.150028 0.000000
vt 90.129051 0.076819 0.000000
vt 90.156807 0.074286 0.000000
vt 90.081337 0.250000 0.000000
vt 90.156807 0.228797 0.000000
vt 90.156807 0.250000 0.000000
vt 90.156807 0.228797 0.000000
vt 90.145630 0.210213 0.000000
vt 90.081337 0.250000 0.000000
vt 89.614143 0.250000 0.000000
vt 90.156807 0.150028 0.000000
vt 0.005557 0.149611 0.000000
vt 0.000000 0.150028 0.000000
vt 0.000000 0.074286 0.000000
vt 0.011303 0.227504 0.000000
vt 0.000000 0.228797 0.000000
vt 0.000000 0.150028 0.000000
vt -41.302982 17.897703 0.000000
vt -41.302982 17.884291 0.000000
vt -40.870285 17.721516 0.000000
vt -40.870285 17.721516 0.000000
vt -40.870285 17.711489 0.000000
vt -39.588829 17.199724 0.000000
vt -39.588829 17.199724 0.000000
vt -39.588829 15.040279 0.000000
vt 41.372879 -17.926165 0.000000
vt 42.127121 -16.073835 0.000000
vt -41.374596 17.921949 0.000000
vt -41.302982 17.897703 0.000000
vt -41.372879 17.926165 0.000000
vt 40.870285 17.711489 0.000000
vt 40.870285 17.721516 0.000000
vt 39.588829 17.199724 0.000000
vt 2.000000 -0.250000 0.000000
vt 2.000000 0.250000 0.000000
vt 0.000000 0.250000 0.000000
vt 0.000000 0.000000 0.000000
vt 0.000000 -0.250000 0.000000
vt 0.000000 0.000000 0.000000
vt 90.156807 0.000000 0.000000
vt 90.156807 0.250000 0.000000
vt 2.740651 0.250000 0.000000
vt 0.000000 0.228797 0.000000
vt 0.004552 0.250000 0.000000
vt 0.000000 0.250000 0.000000
vt 0.000000 -0.228797 0.000000
vt 0.011303 -0.227504 0.000000
vt 0.000000 -0.150028 0.000000
vt 0.004552 -0.250000 0.000000
vt 0.000000 -0.228797 0.000000
vt 0.000000 -0.250000 0.000000
vt 90.145630 -0.210213 0.000000
vt 90.156807 -0.228797 0.000000
vt 90.156807 -0.150028 0.000000
vt 89.614143 -0.250000 0.000000
vt 90.081337 -0.250000 0.000000
vt 90.156807 -0.228797 0.000000
vt 90.081337 -0.250000 0.000000
vt 90.156807 -0.250000 0.000000
vt 41.302982 17.884291 0.000000
vt 41.302982 17.897703 0.000000
vt 40.870285 17.721516 0.000000
vt 89.614143 -0.250000 0.000000
vt 90.045776 -0.084415 0.000000
vt 88.230530 -0.250000 0.000000
vt 90.129051 -0.076819 0.000000
vt 90.156807 -0.150028 0.000000
vt 90.156807 -0.074286 0.000000
vt 0.000000 -0.150028 0.000000
vt 0.005557 -0.149611 0.000000
vt 0.000000 -0.074286 0.000000
vt 41.302982 17.897703 0.000000
vt 41.374596 17.921949 0.000000
vt 41.372879 17.926165 0.000000
vt 88.230530 -0.250000 0.000000
vt 89.587563 0.000000 0.000000
vt 88.230530 0.250000 0.000000
vt 0.000000 0.250000 0.000000
vt 0.000000 -0.250000 0.000000
vt 90.143158 0.000000 0.000000
vt 90.156807 -0.074286 0.000000
vt 90.156807 0.074286 0.000000
vt 0.000000 -0.074286 0.000000
vt 2.000000 0.000000 0.000000
vt 0.000000 0.074286 0.000000
vt 39.588829 15.040279 0.000000
vt 39.588829 17.199724 0.000000
vt -42.127121 -16.073835 0.000000
vt -41.372879 -17.926165 0.000000
vt 90.045776 0.084415 0.000000
vt 89.614143 0.250000 0.000000
vt 88.230530 0.250000 0.000000
vt 90.156807 0.150028 0.000000
vt 90.129051 0.076819 0.000000
vt 90.156807 0.074286 0.000000
vt 90.081337 0.250000 0.000000
vt 90.156807 0.228797 0.000000
vt 90.156807 0.250000 0.000000
vt 90.156807 0.228797 0.000000
vt 90.145630 0.210213 0.000000
vt 90.081337 0.250000 0.000000
vt 89.614143 0.250000 0.000000
vt 90.156807 0.150028 0.000000
vt 0.005557 0.149611 0.000000
vt 0.000000 0.150028 0.000000
vt 0.000000 0.074286 0.000000
vt 0.011303 0.227504 0.000000
vt 0.000000 0.228797 0.000000
vt 0.000000 0.150028 0.000000
vt -41.302982 17.897703 0.000000
vt -41.302982 17.884291 0.000000
vt -40.870285 17.721516 0.000000
vt -40.870285 17.721516 0.000000
vt -40.870285 17.711489 0.000000
vt -39.588829 17.199724 0.000000
vt -39.588829 17.199724 0.000000
vt -39.588829 15.040279 0.000000
vt 41.372879 -17.926165 0.000000
vt 42.127121 -16.073835 0.000000
vt -41.374596 17.921949 0.000000
vt -41.302982 17.897703 0.000000
vt -41.372879 17.926165 0.000000
vt 40.870285 17.711489 0.000000
vt 40.870285 17.721516 0.000000
vt 39.588829 17.199724 0.000000
vt 2.000000 -0.250000 0.000000
vt 2.000000 0.250000 0.000000
vt 0.000000 0.250000 0.000000
vt 0.000000 0.000000 0.000000
vt 0.000000 -0.250000 0.000000
vt 0.000000 0.000000 0.000000
vt 90.156807 0.000000 0.000000
vt 90.156807 0.250000 0.000000
vt 2.740651 0.250000 0.000000
vt 0.000000 0.228797 0.000000
vt 0.004552 0.250000 0.000000
vt 0.000000 0.250000 0.000000
vt 0.000000 -0.228797 0.000000
vt 0.011303 -0.227504 0.000000
vt 0.000000 -0.150028 0.000000
vt 0.004552 -0.250000 0.000000
vt 0.000000 -0.228797 0.000000
vt 0.000000 -0.250000 0.000000
vt 90.145630 -0.210213 0.000000
vt 90.156807 -0.228797 0.000000
vt 90.156807 -0.150028 0.000000
vt 89.614143 -0.250000 0.000000
vt 90.081337 -0.250000 0.000000
vt 90.156807 -0.228797 0.000000
vt 90.081337 -0.250000 0.000000
vt 90.156807 -0.250000 0.000000
vt 41.302982 17.884291 0.000000
vt 41.302982 17.897703 0.000000
vt 40.870285 17.721516 0.000000
vt 89.614143 -0.250000 0.000000
vt 90.045776 -0.084415 0.000000
vt 88.230530 -0.250000 0.000000
vt 90.129051 -0.076819 0.000000
vt 90.156807 -0.150028 0.000000
vt 90.156807 -0.074286 0.000000
vt 0.000000 -0.150028 0.000000
vt 0.005557 -0.149611 0.000000
vt 0.000000 -0.074286 0.000000
vt 41.302982 17.897703 0.000000
vt 41.374596 17.921949 0.000000
vt 41.372879 17.926165 0.000000
vt 88.230530 -0.250000 0.000000
vt 89.587563 0.000000 0.000000
vt 88.230530 0.250000 0.000000
vt 0.000000 0.250000 0.000000
vt 0.000000 -0.250000 0.000000
vt 90.143158 0.000000 0.000000
vt 90.156807 -0.074286 0.000000
vt 90.156807 0.074286 0.000000
vt 0.000000 -0.074286 0.000000
vt 2.000000 0.000000 0.000000
vt 0.000000 0.074286 0.000000
vt 39.588829 15.040279 0.000000
vt 39.588829 17.199724 0.000000
vt -42.127121 -16.073835 0.000000
vt -41.372879 -17.926165 0.000000
vt 90.045776 0.084415 0.000000
vt 89.614143 0.250000 0.000000
vt 88.230530 0.250000 0.000000
vt 90.156807 0.150028 0.000000
vt 90.129051 0.076819 0.000000
vt 90.156807 0.074286 0.000000
vt 90.081337 0.250000 0.000000
vt 90.156807 0.228797 0.000000
vt 90.156807 0.250000 0.000000
vt 90.156807 0.228797 0.000000
vt 90.145630 0.210213 0.000000
vt 90.081337 0.250000 0.000000
vt 89.614143 0.250000 0.000000
vt 90.156807 0.150028 0.000000
vt 0.005557 0.149611 0.000000
vt 0.000000 0.150028 0.000000
vt 0.000000 0.074286 0.000000
vt 0.011303 0.227504 0.000000
vt 0.000000 0.228797 0.000000
vt 0.000000 0.150028 0.000000
vt -41.302982 17.897703 0.000000
vt -41.302982 17.884291 0.000000
vt -40.870285 17.721516 0.000000
vt -40.870285 17.721516 0.000000
vt -40.870285 17.711489 0.000000
vt -39.588829 17.199724 0.000000
vt -39.588829 17.199724 0.000000
vt -39.588829 15.040279 0.000000
vt 41.372879 -17.926165 0.000000
vt 42.127121 -16.073835 0.000000
vt -41.374596 17.921949 0.000000
vt -41.302982 17.897703 0.000000
vt -41.372879 17.926165 0.000000
vt 40.870285 17.711489 0.000000
vt 40.870285 17.721516 0.000000
vt 39.588829 17.199724 0.000000
vt 2.000000 -0.250000 0.000000
vt 2.000000 0.250000 0.000000
vt 0.000000 0.250000 0.000000
vt 0.000000 0.000000 0.000000
vt 0.000000 -0.250000 0.000000
vt 0.000000 0.000000 0.000000
vt 90.156807 0.000000 0.000000
vt 90.156807 0.250000 0.000000
vt 2.740651 0.250000 0.000000
vt 0.000000 0.228797 0.000000
vt 0.004552 0.250000 0.000000
vt 0.000000 0.250000 0.000000
vt 0.000000 -0.228797 0.000000
vt 0.011303 -0.227504 0.000000
vt 0.000000 -0.150028 0.000000
vt 0.004552 -0.250000 0.000000
vt 0.000000 -0.228797 0.000000
vt 0.000000 -0.250000 0.000000
vt 90.145630 -0.210213 0.000000
vt 90.156807 -0.228797 0.000000
vt 90.156807 -0.150028 0.000000
vt 89.614143 -0.250000 0.000000
vt 90.081337 -0.250000 0.000000
vt 90.156807 -0.228797 0.000000
vt 90.081337 -0.250000 0.000000
vt 90.156807 -0.250000 0.000000
vt 41.302982 17.884291 0.000000
vt 41.302982 17.897703 0.000000
vt 40.870285 17.721516 0.000000
vt 89.614143 -0.250000 0.000000
vt 90.045776 -0.084415 0.000000
vt 88.230530 -0.250000 0.000000
vt 90.129051 -0.076819 0.000000
vt 90.156807 -0.150028 0.000000
vt 90.156807 -0.074286 0.000000
vt 0.000000 -0.150028 0.000000
vt 0.005557 -0.149611 0.000000
vt 0.000000 -0.074286 0.000000
vt 41.302982 17.897703 0.000000
vt 41.374596 17.921949 0.000000
vt 41.372879 17.926165 0.000000
vt 88.230530 -0.250000 0.000000
vt 89.587563 0.000000 0.000000
vt 88.230530 0.250000 0.000000
vt 0.000000 0.250000 0.000000
vt 0.000000 -0.250000 0.000000
vt 90.143158 0.000000 0.000000
vt 90.156807 -0.074286 0.000000
vt 90.156807 0.074286 0.000000
vt 0.000000 -0.074286 0.000000
vt 2.000000 0.000000 0.000000
vt 0.000000 0.074286 0.000000
vt 39.588829 15.040279 0.000000
vt 39.588829 17.199724 0.000000
vt -42.127121 -16.073835 0.000000
vt -41.372879 -17.926165 0.000000
vt 90.045776 0.084415 0.000000
vt 89.614143 0.250000 0.000000
vt 88.230530 0.250000 0.000000
vt 90.156807 0.150028 0.000000
vt 90.129051 0.076819 0.000000
vt 90.156807 0.074286 0.000000
vt 90.081337 0.250000 0.000000
vt 90.156807 0.228797 0.000000
vt 90.156807 0.250000 0.000000
vt 90.156807 0.228797 0.000000
vt 90.145630 0.210213 0.000000
vt 90.081337 0.250000 0.000000
vt 89.614143 0.250000 0.000000
vt 90.156807 0.150028 0.000000
vt 0.005557 0.149611 0.000000
vt 0.000000 0.150028 0.000000
vt 0.000000 0.074286 0.000000
vt 0.011303 0.227504 0.000000
vt 0.000000 0.228797 0.000000
vt 0.000000 0.150028 0.000000
vt -41.302982 17.897703 0.000000
vt -41.302982 17.884291 0.000000
vt -40.870285 17.721516 0.000000
vt -40.870285 17.721516 0.000000
vt -40.870285 17.711489 0.000000
vt -39.588829 17.199724 0.000000
vt -39.588829 17.199724 0.000000
vt -39.588829 15.040279 0.000000
vt 41.372879 -17.926165 0.000000
vt 42.127121 -16.073835 0.000000
vt -41.374596 17.921949 0.000000
vt -41.302982 17.897703 0.000000
vt -41.372879 17.926165 0.000000
vt 40.870285 17.711489 0.000000
vt 40.870285 17.721516 0.000000
vt 39.588829 17.199724 0.000000
vt 2.000000 -0.250000 0.000000
vt 2.000000 0.250000 0.000000
vt 0.000000 0.250000 0.000000
vt 0.000000 0.000000 0.000000
vt 0.000000 -0.250000 0.000000
vt 0.000000 0.000000 0.000000
vt 90.156807 0.000000 0.000000
vt 90.156807 0.250000 0.000000
vt 2.740651 0.250000 0.000000
vt 0.000000 0.228797 0.000000
vt 0.004552 0.250000 0.000000
vt 0.000000 0.250000 0.000000
vt 0.000000 -0.228797 0.000000
vt 0.011303 -0.227504 0.000000
vt 0.000000 -0.150028 0.000000
vt 0.004552 -0.250000 0.000000
vt 0.000000 -0.228797 0.000000
vt 0.000000 -0.250000 0.000000
vt 90.145630 -0.210213 0.000000
vt 90.156807 -0.228797 0.000000
vt 90.156807 -0.150028 0.000000
vt 89.614143 -0.250000 0.000000
vt 90.081337 -0.250000 0.000000
vt 90.156807 -0.228797 0.000000
vt 90.081337 -0.250000 0.000000
vt 90.156807 -0.250000 0.000000
vt 41.302982 17.884291 0.000000
vt 41.302982 17.897703 0.000000
vt 40.870285 17.721516 0.000000
vt 89.614143 -0.250000 0.000000
vt 90.045776 -0.084415 0.000000
vt 88.230530 -0.250000 0.000000
vt 90.129051 -0.076819 0.000000
vt 90.156807 -0.150028 0.000000
vt 90.156807 -0.074286 0.000000
vt 0.000000 -0.150028 0.000000
vt 0.005557 -0.149611 0.000000
vt 0.000000 -0.074286 0.000000
vt 41.302982 17.897703 0.000000
vt 41.374596 17.921949 0.000000
vt 41.372879 17.926165 0.000000
vt 88.230530 -0.250000 0.000000
vt 89.587563 0.000000 0.000000
vt 88.230530 0.250000 0.000000
vt 0.000000 0.250000 0.000000
vt 0.000000 -0.250000 0.000000
vt 90.143158 0.000000 0.000000
vt 90.156807 -0.074286 0.000000
vt 90.156807 0.074286 0.000000
vt 0.000000 -0.074286 0.000000
vt 2.000000 0.000000 0.000000
vt 0.000000 0.074286 0.000000
vt 39.588829 15.040279 0.000000
vt 39.588829 17.199724 0.000000
vt -42.127121 -16.073835 0.000000
vt -41.372879 -17.926165 0.000000
vt 90.045776 0.084415 0.000000
vt 89.614143 0.250000 0.000000
vt 88.230530 0.250000 0.000000
vt 90.156807 0.150028 0.000000
vt 90.129051 0.076819 0.000000
vt 90.156807 0.074286 0.000000
vt 90.081337 0.250000 0.000000
vt 90.156807 0.228797 0.000000
vt 90.156807 0.250000 0.000000
vt 90.156807 0.228797 0.000000
vt 90.145630 0.210213 0.000000
vt 90.081337 0.250000 0.000000
vt 89.614143 0.250000 0.000000
vt 90.156807 0.150028 0.000000
vt 0.005557 0.149611 0.000000
vt 0.000000 0.150028 0.000000
vt 0.000000 0.074286 0.000000
vt 0.011303 0.227504 0.000000
vt 0.000000 0.228797 0.000000
vt 0.000000 0.150028 0.000000
vt -41.302982 17.897703 0.000000
vt -41.302982 17.884291 0.000000
vt -40.870285 17.721516 0.000000
vt -40.870285 17.721516 0.000000
vt -40.870285 17.711489 0.000000
vt -39.588829 17.199724 0.000000
vt -39.588829 17.199724 0.000000
vt -39.588829 15.040279 0.000000
vt 41.372879 -17.926165 0.000000
vt 42.127121 -16.073835 0.000000
vt -41.374596 17.921949 0.000000
vt -41.302982 17.897703 0.000000
vt -41.372879 17.926165 0.000000
vt 0.000000 0.000000 0.000000
vt 90.156807 0.000000 0.000000
vt 90.156807 0.250000 0.000000
vt 2.740651 0.250000 0.000000
vt 40.870285 17.711489 0.000000
vt 40.870285 17.721516 0.000000
vt 39.588829 17.199724 0.000000
vt 2.000000 -0.250000 0.000000
vt 2.000000 0.250000 0.000000
vt 0.000000 0.250000 0.000000
vt 0.000000 0.000000 0.000000
vt 0.000000 -0.250000 0.000000
vt 0.000000 0.228797 0.000000
vt 0.004552 0.250000 0.000000
vt 0.000000 0.250000 0.000000
vt 0.000000 -0.228797 0.000000
vt 0.011303 -0.227504 0.000000
vt 0.000000 -0.150028 0.000000
vt 0.004552 -0.250000 0.000000
vt 0.000000 -0.228797 0.000000
vt 0.000000 -0.250000 0.000000
vt 90.145630 -0.210213 0.000000
vt 90.156807 -0.228797 0.000000
vt 90.156807 -0.150028 0.000000
vt 89.614143 -0.250000 0.000000
vt 90.081337 -0.250000 0.000000
vt 90.156807 -0.228797 0.000000
vt 90.081337 -0.250000 0.000000
vt 90.156807 -0.250000 0.000000
vt 41.302982 17.884291 0.000000
vt 41.302982 17.897703 0.000000
vt 40.870285 17.721516 0.000000
vt 89.614143 -0.250000 0.000000
vt 90.045776 -0.084415 0.000000
vt 88.230530 -0.250000 0.000000
vt 90.129051 -0.076819 0.000000
vt 90.156807 -0.150028 0.000000
vt 90.156807 -0.074286 0.000000
vt 0.000000 -0.150028 0.000000
vt 0.005557 -0.149611 0.000000
vt 0.000000 -0.074286 0.000000
vt 41.302982 17.897703 0.000000
vt 41.374596 17.921949 0.000000
vt 41.372879 17.926165 0.000000
vt 88.230530 -0.250000 0.000000
vt 89.587563 0.000000 0.000000
vt 88.230530 0.250000 0.000000
vt 0.000000 0.250000 0.000000
vt 0.000000 -0.250000 0.000000
vt 90.143158 0.000000 0.000000
vt 90.156807 -0.074286 0.000000
vt 90.156807 0.074286 0.000000
vt 0.000000 -0.074286 0.000000
vt 2.000000 0.000000 0.000000
vt 0.000000 0.074286 0.000000
vt 39.588829 15.040279 0.000000
vt 39.588829 17.199724 0.000000
vt -42.127121 -16.073835 0.000000
vt -41.372879 -17.926165 0.000000
vt 90.045776 0.084415 0.000000
vt 89.614143 0.250000 0.000000
vt 88.230530 0.250000 0.000000
vt 90.156807 0.150028 0.000000
vt 90.129051 0.076819 0.000000
vt 90.156807 0.074286 0.000000
vt 90.145630 0.210213 0.000000
vt 90.081337 0.250000 0.000000
vt 89.614143 0.250000 0.000000
vt 90.156807 0.150028 0.000000
vt 90.156807 0.228797 0.000000
vt 90.081337 0.250000 0.000000
vt 90.156807 0.228797 0.000000
vt 90.156807 0.250000 0.000000
vt -41.302982 17.897703 0.000000
vt -41.302982 17.884291 0.000000
vt -40.870285 17.721516 0.000000
vt -40.870285 17.721516 0.000000
vt -40.870285 17.711489 0.000000
vt -39.588829 17.199724 0.000000
vt -39.588829 17.199724 0.000000
vt -39.588829 15.040279 0.000000
vt 41.372879 -17.926165 0.000000
vt 42.127121 -16.073835 0.000000
vt -41.374596 17.921949 0.000000
vt -41.302982 17.897703 0.000000
vt -41.372879 17.926165 0.000000
vt 0.005557 0.149611 0.000000
vt 0.000000 0.150028 0.000000
vt 0.000000 0.074286 0.000000
vt 0.011303 0.227504 0.000000
vt 0.000000 0.228797 0.000000
vt 0.000000 0.150028 0.000000
vt 0.000000 0.000000 0.000000
vt 90.156807 0.000000 0.000000
vt 90.156807 0.250000 0.000000
vt 2.740651 0.250000 0.000000
vt 40.870285 17.711489 0.000000
vt 40.870285 17.721516 0.000000
vt 39.588829 17.199724 0.000000
vt 2.000000 -0.250000 0.000000
vt 2.000000 0.250000 0.000000
vt 0.000000 0.250000 0.000000
vt 0.000000 0.000000 0.000000
vt 0.000000 -0.250000 0.000000
vt 0.000000 0.228797 0.000000
vt 0.004552 0.250000 0.000000
vt 0.000000 0.250000 0.000000
vt 41.302982 17.884291 0.000000
vt 41.302982 17.897703 0.000000
vt 40.870285 17.721516 0.000000
vt 90.156807 -0.228797 0.000000
vt 90.081337 -0.250000 0.000000
vt 90.156807 -0.250000 0.000000
vt 90.081337 -0.250000 0.000000
vt 90.145630 -0.210213 0.000000
vt 90.156807 -0.228797 0.000000
vt 90.156807 -0.150028 0.000000
vt 89.614143 -0.250000 0.000000
vt 0.000000 -0.228797 0.000000
vt 0.011303 -0.227504 0.000000
vt 0.000000 -0.150028 0.000000
vt 0.004552 -0.250000 0.000000
vt 0.000000 -0.228797 0.000000
vt 0.000000 -0.250000 0.000000
vt 90.129051 -0.076819 0.000000
vt 90.156807 -0.150028 0.000000
vt 90.156807 -0.074286 0.000000
vt 41.302982 17.897703 0.000000
vt 41.374596 17.921949 0.000000
vt 41.372879 17.926165 0.000000
vt 0.000000 -0.150028 0.000000
vt 0.005557 -0.149611 0.000000
vt 0.000000 -0.074286 0.000000
vt 90.143158 0.000000 0.000000
vt 90.156807 -0.074286 0.000000
vt 90.156807 0.074286 0.000000
vt 88.230530 -0.250000 0.000000
vt 89.587563 0.000000 0.000000
vt 88.230530 0.250000 0.000000
vt 0.000000 0.250000 0.000000
vt 0.000000 -0.250000 0.000000
vt 39.588829 15.040279 0.000000
vt 39.588829 17.199724 0.000000
vt -42.127121 -16.073835 0.000000
vt -41.372879 -17.926165 0.000000
vt 0.000000 -0.074286 0.000000
vt 2.000000 0.000000 0.000000
vt 0.000000 0.074286 0.000000
vt 90.045776 0.084415 0.000000
vt 89.614143 0.250000 0.000000
vt 88.230530 0.250000 0.000000
vt 90.156807 0.150028 0.000000
vt 90.129051 0.076819 0.000000
vt 90.156807 0.074286 0.000000
vt 90.145630 0.210213 0.000000
vt 90.081337 0.250000 0.000000
vt 89.614143 0.250000 0.000000
vt 90.156807 0.150028 0.000000
vt 90.156807 0.228797 0.000000
vt 90.081337 0.250000 0.000000
vt 90.156807 0.228797 0.000000
vt 90.156807 0.250000 0.000000
vt -41.302982 17.897703 0.000000
vt -41.302982 17.884291 0.000000
vt -40.870285 17.721516 0.000000
vt -40.870285 17.721516 0.000000
vt -40.870285 17.711489 0.000000
vt -39.588829 17.199724 0.000000
vt -39.588829 17.199724 0.000000
vt -39.588829 15.040279 0.000000
vt 41.372879 -17.926165 0.000000
vt 42.127121 -16.073835 0.000000
vt -41.374596 17.921949 0.000000
vt -41.302982 17.897703 0.000000
vt -41.372879 17.926165 0.000000
vt 0.005557 0.149611 0.000000
vt 0.000000 0.150028 0.000000
vt 0.000000 0.074286 0.000000
vt 0.011303 0.227504 0.000000
vt 0.000000 0.228797 0.000000
vt 0.000000 0.150028 0.000000
vt 0.000000 0.000000 0.000000
vt 90.156807 0.000000 0.000000
vt 90.156807 0.250000 0.000000
vt 2.740651 0.250000 0.000000
vt 40.870285 17.711489 0.000000
vt 40.870285 17.721516 0.000000
vt 39.588829 17.199724 0.000000
vt 2.000000 -0.250000 0.000000
vt 2.000000 0.250000 0.000000
vt 0.000000 0.250000 0.000000
vt 0.000000 0.000000 0.000000
vt 0.000000 -0.250000 0.000000
vt 0.000000 0.228797 0.000000
vt 0.004552 0.250000 0.000000
vt 0.000000 0.250000 0.000000
vt 41.302982 17.884291 0.000000
vt 41.302982 17.897703 0.000000
vt 40.870285 17.721516 0.000000
vt 90.156807 -0.228797 0.000000
vt 90.081337 -0.250000 0.000000
vt 90.156807 -0.250000 0.000000
vt 90.081337 -0.250000 0.000000
vt 90.145630 -0.210213 0.000000
vt 90.156807 -0.228797 0.000000
vt 90.156807 -0.150028 0.000000
vt 89.614143 -0.250000 0.000000
vt 0.000000 -0.228797 0.000000
vt 0.011303 -0.227504 0.000000
vt 0.000000 -0.150028 0.000000
vt 0.004552 -0.250000 0.000000
vt 0.000000 -0.228797 0.000000
vt 0.000000 -0.250000 0.000000
vt 90.129051 -0.076819 0.000000
vt 90.156807 -0.150028 0.000000
vt 90.156807 -0.074286 0.000000
vt 41.302982 17.897703 0.000000
vt 41.374596 17.921949 0.000000
vt 41.372879 17.926165 0.000000
vt 0.000000 -0.150028 0.000000
vt 0.005557 -0.149611 0.000000
vt 0.000000 -0.074286 0.000000
vt 90.143158 0.000000 0.000000
vt 90.156807 -0.074286 0.000000
vt 90.156807 0.074286 0.000000
vt 88.230530 -0.250000 0.000000
vt 89.587563 0.000000 0.000000
vt 88.230530 0.250000 0.000000
vt 0.000000 0.250000 0.000000
vt 0.000000 -0.250000 0.000000
vt 89.614143 -0.250000 0.000000
vt 90.045776 -0.084415 0.000000
vt 88.230530 -0.250000 0.000000
vt 39.588829 15.040279 0.000000
vt 39.588829 17.199724 0.000000
vt -42.127121 -16.073835 0.000000
vt -41.372879 -17.926165 0.000000
vt 0.000000 -0.074286 0.000000
vt 2.000000 0.000000 0.000000
vt 0.000000 0.074286 0.000000
vt 90.045776 0.084415 0.000000
vt 89.614143 0.250000 0.000000
vt 88.230530 0.250000 0.000000
vt 90.156807 0.150028 0.000000
vt 90.129051 0.076819 0.000000
vt 90.156807 0.074286 0.000000
vt 90.145630 0.210213 0.000000
vt 90.081337 0.250000 0.000000
vt 89.614143 0.250000 0.000000
vt 90.156807 0.150028 0.000000
vt 90.156807 0.228797 0.000000
vt 90.081337 0.250000 0.000000
vt 90.156807 0.228797 0.000000
vt 90.156807 0.250000 0.000000
vt -41.302982 17.897703 0.000000
vt -41.302982 17.884291 0.000000
vt -40.870285 17.721516 0.000000
vt -40.870285 17.721516 0.000000
vt -40.870285 17.711489 0.000000
vt -39.588829 17.199724 0.000000
vt -39.588829 17.199724 0.000000
vt -39.588829 15.040279 0.000000
vt 41.372879 -17.926165 0.000000
vt 42.127121 -16.073835 0.000000
vt -41.374596 17.921949 0.000000
vt -41.302982 17.897703 0.000000
vt -41.372879 17.926165 0.000000
vt 0.005557 0.149611 0.000000
vt 0.000000 0.150028 0.000000
vt 0.000000 0.074286 0.000000
vt 0.011303 0.227504 0.000000
vt 0.000000 0.228797 0.000000
vt 0.000000 0.150028 0.000000
vt 0.000000 0.000000 0.000000
vt 90.156807 0.000000 0.000000
vt 90.156807 0.250000 0.000000
vt 2.740651 0.250000 0.000000
vt 40.870285 17.711489 0.000000
vt 40.870285 17.721516 0.000000
vt 39.588829 17.199724 0.000000
vt 2.000000 -0.250000 0.000000
vt 2.000000 0.250000 0.000000
vt 0.000000 0.250000 0.000000
vt 0.000000 0.000000 0.000000
vt 0.000000 -0.250000 0.000000
vt 0.000000 0.228797 0.000000
vt 0.004552 0.250000 0.000000
vt 0.000000 0.250000 0.000000
vt 41.302982 17.884291 0.000000
vt 41.302982 17.897703 0.000000
vt 40.870285 17.721516 0.000000
vt 90.156807 -0.228797 0.000000
vt 90.081337 -0.250000 0.000000
vt 90.156807 -0.250000 0.000000
vt 90.081337 -0.250000 0.000000
vt 90.145630 -0.210213 0.000000
vt 90.156807 -0.228797 0.000000
vt 90.156807 -0.150028 0.000000
vt 89.614143 -0.250000 0.000000
vt 0.000000 -0.228797 0.000000
vt 0.011303 -0.227504 0.000000
vt 0.000000 -0.150028 0.000000
vt 0.004552 -0.250000 0.000000
vt 0.000000 -0.228797 0.000000
vt 0.000000 -0.250000 0.000000
vt 90.129051 -0.076819 0.000000
vt 90.156807 -0.150028 0.000000
vt 90.156807 -0.074286 0.000000
vt 41.302982 17.897703 0.000000
vt 41.374596 17.921949 0.000000
vt 41.372879 17.926165 0.000000
vt 0.000000 -0.150028 0.000000
vt 0.005557 -0.149611 0.000000
vt 0.000000 -0.074286 0.000000
vt 90.143158 0.000000 0.000000
vt 90.156807 -0.074286 0.000000
vt 90.156807 0.074286 0.000000
vt 88.230530 -0.250000 0.000000
vt 89.587563 0.000000 0.000000
vt 88.230530 0.250000 0.000000
vt 0.000000 0.250000 0.000000
vt 0.000000 -0.250000 0.000000
vt 89.614143 -0.250000 0.000000
vt 90.045776 -0.084415 0.000000
vt 88.230530 -0.250000 0.000000
vt 39.588829 15.040279 0.000000
vt 39.588829 17.199724 0.000000
vt -42.127121 -16.073835 0.000000
vt -41.372879 -17.926165 0.000000
vt 0.000000 -0.074286 0.000000
vt 2.000000 0.000000 0.000000
vt 0.000000 0.074286 0.000000
vt 90.045776 0.084415 0.000000
vt 89.614143 0.250000 0.000000
vt 88.230530 0.250000 0.000000
vt 90.156807 0.150028 0.000000
vt 90.129051 0.076819 0.000000
vt 90.156807 0.074286 0.000000
vt 90.145630 0.210213 0.000000
vt 90.081337 0.250000 0.000000
vt 89.614143 0.250000 0.000000
vt 90.156807 0.150028 0.000000
vt 90.156807 0.228797 0.000000
vt 90.081337 0.250000 0.000000
vt 90.156807 0.228797 0.000000
vt 90.156807 0.250000 0.000000
vt -41.302982 17.897703 0.000000
vt -41.302982 17.884291 0.000000
vt -40.870285 17.721516 0.000000
vt -40.870285 17.721516 0.000000
vt -40.870285 17.711489 0.000000
vt -39.588829 17.199724 0.000000
vt -39.588829 17.199724 0.000000
vt -39.588829 15.040279 0.000000
vt 41.372879 -17.926165 0.000000
vt 42.127121 -16.073835 0.000000
vt -41.374596 17.921949 0.000000
vt -41.302982 17.897703 0.000000
vt -41.372879 17.926165 0.000000
vt 0.005557 0.149611 0.000000
vt 0.000000 0.150028 0.000000
vt 0.000000 0.074286 0.000000
vt 0.011303 0.227504 0.000000
vt 0.000000 0.228797 0.000000
vt 0.000000 0.150028 0.000000
vt 0.000000 0.000000 0.000000
vt 90.156807 0.000000 0.000000
vt 90.156807 0.250000 0.000000
vt 2.740651 0.250000 0.000000
vt 40.870285 17.711489 0.000000
vt 40.870285 17.721516 0.000000
vt 39.588829 17.199724 0.000000
vt 2.000000 -0.250000 0.000000
vt 2.000000 0.250000 0.000000
vt 0.000000 0.250000 0.000000
vt 0.000000 0.000000 0.000000
vt 0.000000 -0.250000 0.000000
vt 0.000000 0.228797 0.000000
vt 0.004552 0.250000 0.000000
vt 0.000000 0.250000 0.000000
vt 41.302982 17.884291 0.000000
vt 41.302982 17.897703 0.000000
vt 40.870285 17.721516 0.000000
vt 90.156807 -0.228797 0.000000
vt 90.081337 -0.250000 0.000000
vt 90.156807 -0.250000 0.000000
vt 90.081337 -0.250000 0.000000
vt 90.145630 -0.210213 0.000000
vt 90.156807 -0.228797 0.000000
vt 90.156807 -0.150028 0.000000
vt 89.614143 -0.250000 0.000000
vt 0.000000 -0.228797 0.000000
vt 0.011303 -0.227504 0.000000
vt 0.000000 -0.150028 0.000000
vt 0.004552 -0.250000 0.000000
vt 0.000000 -0.228797 0.000000
vt 0.000000 -0.250000 0.000000
vt 90.129051 -0.076819 0.000000
vt 90.156807 -0.150028 0.000000
vt 90.156807 -0.074286 0.000000
vt 41.302982 17.897703 0.000000
vt 41.374596 17.921949 0.000000
vt 41.372879 17.926165 0.000000
vt 0.000000 -0.150028 0.000000
vt 0.005557 -0.149611 0.000000
vt 0.000000 -0.074286 0.000000
vt 90.143158 0.000000 0.000000
vt 90.156807 -0.074286 0.000000
vt 90.156807 0.074286 0.000000
vt 88.230530 -0.250000 0.000000
vt 89.587563 0.000000 0.000000
vt 88.230530 0.250000 0.000000
vt 0.000000 0.250000 0.000000
vt 0.000000 -0.250000 0.000000
vt 89.614143 -0.250000 0.000000
vt 90.045776 -0.084415 0.000000
vt 88.230530 -0.250000 0.000000
vt 39.588829 15.040279 0.000000
vt 39.588829 17.199724 0.000000
vt -42.127121 -16.073835 0.000000
vt -41.372879 -17.926165 0.000000
vt 0.000000 -0.074286 0.000000
vt 2.000000 0.000000 0.000000
vt 0.000000 0.074286 0.000000
vt 90.045776 0.084415 0.000000
vt 89.614143 0.250000 0.000000
vt 88.230530 0.250000 0.000000
vt 90.156807 0.150028 0.000000
vt 90.129051 0.076819 0.000000
vt 90.156807 0.074286 0.000000
vt 90.145630 0.210213 0.000000
vt 90.081337 0.250000 0.000000
vt 89.614143 0.250000 0.000000
vt 90.156807 0.150028 0.000000
vt 90.156807 0.228797 0.000000
vt 90.081337 0.250000 0.000000
vt 90.156807 0.228797 0.000000
vt 90.156807 0.250000 0.000000
vt -41.302982 17.897703 0.000000
vt -41.302982 17.884291 0.000000
vt -40.870285 17.721516 0.000000
vt -40.870285 17.721516 0.000000
vt -40.870285 17.711489 0.000000
vt -39.588829 17.199724 0.000000
vt -39.588829 17.199724 0.000000
vt -39.588829 15.040279 0.000000
vt 41.372879 -17.926165 0.000000
vt 42.127121 -16.073835 0.000000
vt -41.374596 17.921949 0.000000
vt -41.302982 17.897703 0.000000
vt -41.372879 17.926165 0.000000
vt 0.005557 0.149611 0.000000
vt 0.000000 0.150028 0.000000
vt 0.000000 0.074286 0.000000
vt 0.011303 0.227504 0.000000
vt 0.000000 0.228797 0.000000
vt 0.000000 0.150028 0.000000
vt 0.000000 0.000000 0.000000
vt 90.156807 0.000000 0.000000
vt 90.156807 0.250000 0.000000
vt 2.740651 0.250000 0.000000
vt 40.870285 17.711489 0.000000
vt 40.870285 17.721516 0.000000
vt 39.588829 17.199724 0.000000
vt 2.000000 -0.250000 0.000000
vt 2.000000 0.250000 0.000000
vt 0.000000 0.250000 0.000000
vt 0.000000 0.000000 0.000000
vt 0.000000 -0.250000 0.000000
vt 0.000000 0.228797 0.000000
vt 0.004552 0.250000 0.000000
vt 0.000000 0.250000 0.000000
vt 41.302982 17.884291 0.000000
vt 41.302982 17.897703 0.000000
vt 40.870285 17.721516 0.000000
vt 90.156807 -0.228797 0.000000
vt 90.081337 -0.250000 0.000000
vt 90.156807 -0.250000 0.000000
vt 90.081337 -0.250000 0.000000
vt 90.145630 -0.210213 0.000000
vt 90.156807 -0.228797 0.000000
vt 90.156807 -0.150028 0.000000
vt 89.614143 -0.250000 0.000000
vt 0.000000 -0.228797 0.000000
vt 0.011303 -0.227504 0.000000
vt 0.000000 -0.150028 0.000000
vt 0.004552 -0.250000 0.000000
vt 0.000000 -0.228797 0.000000
vt 0.000000 -0.250000 0.000000
vt 90.129051 -0.076819 0.000000
vt 90.156807 -0.150028 0.000000
vt 90.156807 -0.074286 0.000000
vt 41.302982 17.897703 0.000000
vt 41.374596 17.921949 0.000000
vt 41.372879 17.926165 0.000000
vt 0.000000 -0.150028 0.000000
vt 0.005557 -0.149611 0.000000
vt 0.000000 -0.074286 0.000000
vt 90.143158 0.000000 0.000000
vt 90.156807 -0.074286 0.000000
vt 90.156807 0.074286 0.000000
vt 88.230530 -0.250000 0.000000
vt 89.587563 0.000000 0.000000
vt 88.230530 0.250000 0.000000
vt 0.000000 0.250000 0.000000
vt 0.000000 -0.250000 0.000000
vt 89.614143 -0.250000 0.000000
vt 90.045776 -0.084415 0.000000
vt 88.230530 -0.250000 0.000000
vt 39.588829 15.040279 0.000000
vt 39.588829 17.199724 0.000000
vt -42.127121 -16.073835 0.000000
vt -41.372879 -17.926165 0.000000
vt 0.000000 -0.074286 0.000000
vt 2.000000 0.000000 0.000000
vt 0.000000 0.074286 0.000000
vt 90.045776 0.084415 0.000000
vt 89.614143 0.250000 0.000000
vt 88.230530 0.250000 0.000000
vt 90.156807 0.150028 0.000000
vt 90.129051 0.076819 0.000000
vt 90.156807 0.074286 0.000000
vt 90.145630 0.210213 0.000000
vt 90.081337 0.250000 0.000000
vt 89.614143 0.250000 0.000000
vt 90.156807 0.150028 0.000000
vt 90.156807 0.228797 0.000000
vt 90.081337 0.250000 0.000000
vt 90.156807 0.228797 0.000000
vt 90.156807 0.250000 0.000000
vt -41.302982 17.897703 0.000000
vt -41.302982 17.884291 0.000000
vt -40.870285 17.721516 0.000000
vt -40.870285 17.721516 0.000000
vt -40.870285 17.711489 0.000000
vt -39.588829 17.199724 0.000000
vt -39.588829 17.199724 0.000000
vt -39.588829 15.040279 0.000000
vt 41.372879 -17.926165 0.000000
vt 42.127121 -16.073835 0.000000
vt -41.374596 17.921949 0.000000
vt -41.302982 17.897703 0.000000
vt -41.372879 17.926165 0.000000
vt 0.005557 0.149611 0.000000
vt 0.000000 0.150028 0.000000
vt 0.000000 0.074286 0.000000
vt 0.011303 0.227504 0.000000
vt 0.000000 0.228797 0.000000
vt 0.000000 0.150028 0.000000
vt 0.000000 0.000000 0.000000
vt 90.156807 0.000000 0.000000
vt 90.156807 0.250000 0.000000
vt 2.740651 0.250000 0.000000
vt 40.870285 17.711489 0.000000
vt 40.870285 17.721516 0.000000
vt 39.588829 17.199724 0.000000
vt 2.000000 -0.250000 0.000000
vt 2.000000 0.250000 0.000000
vt 0.000000 0.250000 0.000000
vt 0.000000 0.000000 0.000000
vt 0.000000 -0.250000 0.000000
vt 0.000000 0.228797 0.000000
vt 0.004552 0.250000 0.000000
vt 0.000000 0.250000 0.000000
vt 41.302982 17.884291 0.000000
vt 41.302982 17.897703 0.000000
vt 40.870285 17.721516 0.000000
vt 90.156807 -0.228797 0.000000
vt 90.081337 -0.250000 0.000000
vt 90.156807 -0.250000 0.000000
vt 90.081337 -0.250000 0.000000
vt 90.145630 -0.210213 0.000000
vt 90.156807 -0.228797 0.000000
vt 90.156807 -0.150028 0.000000
vt 89.614143 -0.250000 0.000000
vt 0.000000 -0.228797 0.000000
vt 0.011303 -0.227504 0.000000
vt 0.000000 -0.150028 0.000000
vt 0.004552 -0.250000 0.000000
vt 0.000000 -0.228797 0.000000
vt 0.000000 -0.250000 0.000000
vt 90.129051 -0.076819 0.000000
vt 90.156807 -0.150028 0.000000
vt 90.156807 -0.074286 0.000000
vt 41.302982 17.897703 0.000000
vt 41.374596 17.921949 0.000000
vt 41.372879 17.926165 0.000000
vt 0.000000 -0.150028 0.000000
vt 0.005557 -0.149611 0.000000
vt 0.000000 -0.074286 0.000000
vt 90.143158 0.000000 0.000000
vt 90.156807 -0.074286 0.000000
vt 90.156807 0.074286 0.000000
vt 88.230530 -0.250000 0.000000
vt 89.587563 0.000000 0.000000
vt 88.230530 0.250000 0.000000
vt 0.000000 0.250000 0.000000
vt 0.000000 -0.250000 0.000000
vt 89.614143 -0.250000 0.000000
vt 90.045776 -0.084415 0.000000
vt 88.230530 -0.250000 0.000000
vt 39.588829 15.040279 0.000000
vt 39.588829 17.199724 0.000000
vt -42.127121 -16.073835 0.000000
vt -41.372879 -17.926165 0.000000
vt 0.000000 -0.074286 0.000000
vt 2.000000 0.000000 0.000000
vt 0.000000 0.074286 0.000000
vt 90.045776 0.084415 0.000000
vt 89.614143 0.250000 0.000000
vt 88.230530 0.250000 0.000000
vt 90.156807 0.150028 0.000000
vt 90.129051 0.076819 0.000000
vt 90.156807 0.074286 0.000000
vt 90.145630 0.210213 0.000000
vt 90.081337 0.250000 0.000000
vt 89.614143 0.250000 0.000000
vt 90.156807 0.150028 0.000000
vt 90.156807 0.228797 0.000000
vt 90.081337 0.250000 0.000000
vt 90.156807 0.228797 0.000000
vt 90.156807 0.250000 0.000000
vt -41.302982 17.897703 0.000000
vt -41.302982 17.884291 0.000000
vt -40.870285 17.721516 0.000000
vt -40.870285 17.721516 0.000000
vt -40.870285 17.711489 0.000000
vt -39.588829 17.199724 0.000000
vt -39.588829 17.199724 0.000000
vt -39.588829 15.040279 0.000000
vt 41.372879 -17.926165 0.000000
vt 42.127121 -16.073835 0.000000
vt -41.374596 17.921949 0.000000
vt -41.302982 17.897703 0.000000
vt -41.372879 17.926165 0.000000
vt 0.005557 0.149611 0.000000
vt 0.000000 0.150028 0.000000
vt 0.000000 0.074286 0.000000
vt 0.011303 0.227504 0.000000
vt 0.000000 0.228797 0.000000
vt 0.000000 0.150028 0.000000
vt 0.000000 0.000000 0.000000
vt 90.156807 0.000000 0.000000
vt 90.156807 0.250000 0.000000
vt 2.740651 0.250000 0.000000
vt 40.870285 17.711489 0.000000
vt 40.870285 17.721516 0.000000
vt 39.588829 17.199724 0.000000
vt 2.000000 -0.250000 0.000000
vt 2.000000 0.250000 0.000000
vt 0.000000 0.250000 0.000000
vt 0.000000 0.000000 0.000000
vt 0.000000 -0.250000 0.000000
vt 0.000000 0.228797 0.000000
vt 0.004552 0.250000 0.000000
vt 0.000000 0.250000 0.000000
vt 41.302982 17.884291 0.000000
vt 41.302982 17.897703 0.000000
vt 40.870285 17.721516 0.000000
vt 90.156807 -0.228797 0.000000
vt 90.081337 -0.250000 0.000000
vt 90.156807 -0.250000 0.000000
vt 90.081337 -0.250000 0.000000
vt 90.145630 -0.210213 0.000000
vt 90.156807 -0.228797 0.000000
vt 90.156807 -0.150028 0.000000
vt 89.614143 -0.250000 0.000000
vt 0.000000 -0.228797 0.000000
vt 0.011303 -0.227504 0.000000
vt 0.000000 -0.150028 0.000000
vt 0.004552 -0.250000 0.000000
vt 0.000000 -0.228797 0.000000
vt 0.000000 -0.250000 0.000000
vt 90.129051 -0.076819 0.000000
vt 90.156807 -0.150028 0.000000
vt 90.156807 -0.074286 0.000000
vt 41.302982 17.897703 0.000000
vt 41.374596 17.921949 0.000000
vt 41.372879 17.926165 0.000000
vt 0.000000 -0.150028 0.000000
vt 0.005557 -0.149611 0.000000
vt 0.000000 -0.074286 0.000000
vt 90.143158 0.000000 0.000000
vt 90.156807 -0.074286 0.000000
vt 90.156807 0.074286 0.000000
vt 88.230530 -0.250000 0.000000
vt 89.587563 0.000000 0.000000
vt 88.230530 0.250000 0.000000
vt 0.000000 0.250000 0.000000
vt 0.000000 -0.250000 0.000000
vt 89.614143 -0.250000 0.000000
vt 90.045776 -0.084415 0.000000
vt 88.230530 -0.250000 0.000000
vt 39.588829 15.040279 0.000000
vt 39.588829 17.199724 0.000000
vt -42.127121 -16.073835 0.000000
vt -41.372879 -17.926165 0.000000
vt 0.000000 -0.074286 0.000000
vt 2.000000 0.000000 0.000000
vt 0.000000 0.074286 0.000000
vt 90.045776 0.084415 0.000000
vt 89.614143 0.250000 0.000000
vt 88.230530 0.250000 0.000000
vt 90.156807 0.150028 0.000000
vt 90.129051 0.076819 0.000000
vt 90.156807 0.074286 0.000000
vt 90.145630 0.210213 0.000000
vt 90.081337 0.250000 0.000000
vt 89.614143 0.250000 0.000000
vt 90.156807 0.150028 0.000000
vt 90.156807 0.228797 0.000000
vt 90.081337 0.250000 0.000000
vt 90.156807 0.228797 0.000000
vt 90.156807 0.250000 0.000000
vt -41.302982 17.897703 0.000000
vt -41.302982 17.884291 0.000000
vt -40.870285 17.721516 0.000000
vt -40.870285 17.721516 0.000000
vt -40.870285 17.711489 0.000000
vt -39.588829 17.199724 0.000000
vt -39.588829 17.199724 0.000000
vt -39.588829 15.040279 0.000000
vt 41.372879 -17.926165 0.000000
vt 42.127121 -16.073835 0.000000
vt -41.374596 17.921949 0.000000
vt -41.302982 17.897703 0.000000
vt -41.372879 17.926165 0.000000
vt 0.005557 0.149611 0.000000
vt 0.000000 0.150028 0.000000
vt 0.000000 0.074286 0.000000
vt 0.011303 0.227504 0.000000
vt 0.000000 0.228797 0.000000
vt 0.000000 0.150028 0.000000
vt 0.000000 0.000000 0.000000
vt 90.156807 0.000000 0.000000
vt 90.156807 0.250000 0.000000
vt 2.740651 0.250000 0.000000
vt 40.870285 17.711489 0.000000
vt 40.870285 17.721516 0.000000
vt 39.588829 17.199724 0.000000
vt 2.000000 -0.250000 0.000000
vt 2.000000 0.250000 0.000000
vt 0.000000 0.250000 0.000000
vt 0.000000 0.000000 0.000000
vt 0.000000 -0.250000 0.000000
vt 0.000000 0.228797 0.000000
vt 0.004552 0.250000 0.000000
vt 0.000000 0.250000 0.000000
vt 41.302982 17.884291 0.000000
vt 41.302982 17.897703 0.000000
vt 40.870285 17.721516 0.000000
vt 90.156807 -0.228797 0.000000
vt 90.081337 -0.250000 0.000000
vt 90.156807 -0.250000 0.000000
vt 90.081337 -0.250000 0.000000
vt 90.145630 -0.210213 0.000000
vt 90.156807 -0.228797 0.000000
vt 90.156807 -0.150028 0.000000
vt 89.614143 -0.250000 0.000000
vt 0.000000 -0.228797 0.000000
vt 0.011303 -0.227504 0.000000
vt 0.000000 -0.150028 0.000000
vt 0.004552 -0.250000 0.000000
vt 0.000000 -0.228797 0.000000
vt 0.000000 -0.250000 0.000000
vt 90.129051 -0.076819 0.000000
vt 90.156807 -0.150028 0.000000
vt 90.156807 -0.074286 0.000000
vt 41.302982 17.897703 0.000000
vt 41.374596 17.921949 0.000000
vt 41.372879 17.926165 0.000000
vt 0.000000 -0.150028 0.000000
vt 0.005557 -0.149611 0.000000
vt 0.000000 -0.074286 0.000000
vt 90.143158 0.000000 0.000000
vt 90.156807 -0.074286 0.000000
vt 90.156807 0.074286 0.000000
vt 88.230530 -0.250000 0.000000
vt 89.587563 0.000000 0.000000
vt 88.230530 0.250000 0.000000
vt 0.000000 0.250000 0.000000
vt 0.000000 -0.250000 0.000000
vt 89.614143 -0.250000 0.000000
vt 90.045776 -0.084415 0.000000
vt 88.230530 -0.250000 0.000000
vt 39.588829 15.040279 0.000000
vt 39.588829 17.199724 0.000000
vt -42.127121 -16.073835 0.000000
vt -41.372879 -17.926165 0.000000
vt 0.000000 -0.074286 0.000000
vt 2.000000 0.000000 0.000000
vt 0.000000 0.074286 0.000000
vt 90.045776 0.084415 0.000000
vt 89.614143 0.250000 0.000000
vt 88.230530 0.250000 0.000000
vt 90.156807 0.150028 0.000000
vt 90.129051 0.076819 0.000000
vt 90.156807 0.074286 0.000000
vt 90.145630 0.210213 0.000000
vt 90.081337 0.250000 0.000000
vt 89.614143 0.250000 0.000000
vt 90.156807 0.150028 0.000000
vt 90.156807 0.228797 0.000000
vt 90.081337 0.250000 0.000000
vt 90.156807 0.228797 0.000000
vt 90.156807 0.250000 0.000000
vt -41.302982 17.897703 0.000000
vt -41.302982 17.884291 0.000000
vt -40.870285 17.721516 0.000000
vt -40.870285 17.721516 0.000000
vt -40.870285 17.711489 0.000000
vt -39.588829 17.199724 0.000000
vt -39.588829 17.199724 0.000000
vt -39.588829 15.040279 0.000000
vt 41.372879 -17.926165 0.000000
vt 42.127121 -16.073835 0.000000
vt -41.374596 17.921949 0.000000
vt -41.302982 17.897703 0.000000
vt -41.372879 17.926165 0.000000
vt 0.005557 0.149611 0.000000
vt 0.000000 0.150028 0.000000
vt 0.000000 0.074286 0.000000
vt 0.011303 0.227504 0.000000
vt 0.000000 0.228797 0.000000
vt 0.000000 0.150028 0.000000
vt 0.000000 0.000000 0.000000
vt 90.156807 0.000000 0.000000
vt 90.156807 0.250000 0.000000
vt 2.740651 0.250000 0.000000
vt 40.870285 17.711489 0.000000
vt 40.870285 17.721516 0.000000
vt 39.588829 17.199724 0.000000
vt 2.000000 -0.250000 0.000000
vt 2.000000 0.250000 0.000000
vt 0.000000 0.250000 0.000000
vt 0.000000 0.000000 0.000000
vt 0.000000 -0.250000 0.000000
vt 0.000000 0.228797 0.000000
vt 0.004552 0.250000 0.000000
vt 0.000000 0.250000 0.000000
vt 41.302982 17.884291 0.000000
vt 41.302982 17.897703 0.000000
vt 40.870285 17.721516 0.000000
vt 90.156807 -0.228797 0.000000
vt 90.081337 -0.250000 0.000000
vt 90.156807 -0.250000 0.000000
vt 90.081337 -0.250000 0.000000
vt 90.145630 -0.210213 0.000000
vt 90.156807 -0.228797 0.000000
vt 90.156807 -0.150028 0.000000
vt 89.614143 -0.250000 0.000000
vt 0.000000 -0.228797 0.000000
vt 0.011303 -0.227504 0.000000
vt 0.000000 -0.150028 0.000000
vt 0.004552 -0.250000 0.000000
vt 0.000000 -0.228797 0.000000
vt 0.000000 -0.250000 0.000000
vt 90.129051 -0.076819 0.000000
vt 90.156807 -0.150028 0.000000
vt 90.156807 -0.074286 0.000000
vt 41.302982 17.897703 0.000000
vt 41.374596 17.921949 0.000000
vt 41.372879 17.926165 0.000000
vt 0.000000 -0.150028 0.000000
vt 0.005557 -0.149611 0.000000
vt 0.000000 -0.074286 0.000000
vt 90.143158 0.000000 0.000000
vt 90.156807 -0.074286 0.000000
vt 90.156807 0.074286 0.000000
vt 88.230530 -0.250000 0.000000
vt 89.587563 0.000000 0.000000
vt 88.230530 0.250000 0.000000
vt 0.000000 0.250000 0.000000
vt 0.000000 -0.250000 0.000000
vt 89.614143 -0.250000 0.000000
vt 90.045776 -0.084415 0.000000
vt 88.230530 -0.250000 0.000000
vt 39.588829 15.040279 0.000000
vt 39.588829 17.199724 0.000000
vt -42.127121 -16.073835 0.000000
vt -41.372879 -17.926165 0.000000
vt 0.000000 -0.074286 0.000000
vt 2.000000 0.000000 0.000000
vt 0.000000 0.074286 0.000000
vt 90.045776 0.084415 0.000000
vt 89.614143 0.250000 0.000000
vt 88.230530 0.250000 0.000000
vt 90.156807 0.150028 0.000000
vt 90.129051 0.076819 0.000000
vt 90.156807 0.074286 0.000000
vt 90.145630 0.210213 0.000000
vt 90.081337 0.250000 0.000000
vt 89.614143 0.250000 0.000000
vt 90.156807 0.150028 0.000000
vt 90.156807 0.228797 0.000000
vt 90.081337 0.250000 0.000000
vt 90.156807 0.228797 0.000000
vt 90.156807 0.250000 0.000000
vt -41.302982 17.897703 0.000000
vt -41.302982 17.884291 0.000000
vt -40.870285 17.721516 0.000000
vt -40.870285 17.721516 0.000000
vt -40.870285 17.711489 0.000000
vt -39.588829 17.199724 0.000000
vt -39.588829 17.199724 0.000000
vt -39.588829 15.040279 0.000000
vt 41.372879 -17.926165 0.000000
vt 42.127121 -16.073835 0.000000
vt -41.374596 17.921949 0.000000
vt -41.302982 17.897703 0.000000
vt -41.372879 17.926165 0.000000
vt 0.005557 0.149611 0.000000
vt 0.000000 0.150028 0.000000
vt 0.000000 0.074286 0.000000
vt 0.011303 0.227504 0.000000
vt 0.000000 0.228797 0.000000
vt 0.000000 0.150028 0.000000
vt 0.000000 0.000000 0.000000
vt 90.156807 0.000000 0.000000
vt 90.156807 0.250000 0.000000
vt 2.740651 0.250000 0.000000
vt 40.870285 17.711489 0.000000
vt 40.870285 17.721516 0.000000
vt 39.588829 17.199724 0.000000
vt 2.000000 -0.250000 0.000000
vt 2.000000 0.250000 0.000000
vt 0.000000 0.250000 0.000000
vt 0.000000 0.000000 0.000000
vt 0.000000 -0.250000 0.000000
vt 0.000000 0.228797 0.000000
vt 0.004552 0.250000 0.000000
vt 0.000000 0.250000 0.000000
vt 41.302982 17.884291 0.000000
vt 41.302982 17.897703 0.000000
vt 40.870285 17.721516 0.000000
vt 90.156807 -0.228797 0.000000
vt 90.081337 -0.250000 0.000000
vt 90.156807 -0.250000 0.000000
vt 90.081337 -0.250000 0.000000
vt 90.145630 -0.210213 0.000000
vt 90.156807 -0.228797 0.000000
vt 90.156807 -0.150028 0.000000
vt 89.614143 -0.250000 0.000000
vt 0.000000 -0.228797 0.000000
vt 0.011303 -0.227504 0.000000
vt 0.000000 -0.150028 0.000000
vt 0.004552 -0.250000 0.000000
vt 0.000000 -0.228797 0.000000
vt 0.000000 -0.250000 0.000000
vt 90.129051 -0.076819 0.000000
vt 90.156807 -0.150028 0.000000
vt 90.156807 -0.074286 0.000000
vt 41.302982 17.897703 0.000000
vt 41.374596 17.921949 0.000000
vt 41.372879 17.926165 0.000000
vt 0.000000 -0.150028 0.000000
vt 0.005557 -0.149611 0.000000
vt 0.000000 -0.074286 0.000000
vt 90.143158 0.000000 0.000000
vt 90.156807 -0.074286 0.000000
vt 90.156807 0.074286 0.000000
vt 88.230530 -0.250000 0.000000
vt 89.587563 0.000000 0.000000
vt 88.230530 0.250000 0.000000
vt 0.000000 0.250000 0.000000
vt 0.000000 -0.250000 0.000000
vt 89.614143 -0.250000 0.000000
vt 90.045776 -0.084415 0.000000
vt 88.230530 -0.250000 0.000000
vt 39.588829 15.040279 0.000000
vt 39.588829 17.199724 0.000000
vt -42.127121 -16.073835 0.000000
vt -41.372879 -17.926165 0.000000
vt 0.000000 -0.074286 0.000000
vt 2.000000 0.000000 0.000000
vt 0.000000 0.074286 0.000000
vt 90.045776 0.084415 0.000000
vt 89.614143 0.250000 0.000000
vt 88.230530 0.250000 0.000000
vt 90.156807 0.150028 0.000000
vt 90.129051 0.076819 0.000000
vt 90.156807 0.074286 0.000000
vt 90.145630 0.210213 0.000000
vt 90.081337 0.250000 0.000000
vt 89.614143 0.250000 0.000000
vt 90.156807 0.150028 0.000000
vt 90.156807 0.228797 0.000000
vt 90.081337 0.250000 0.000000
vt 90.156807 0.228797 0.000000
vt 90.156807 0.250000 0.000000
vt -41.302982 17.897703 0.000000
vt -41.302982 17.884291 0.000000
vt -40.870285 17.721516 0.000000
vt -40.870285 17.721516 0.000000
vt -40.870285 17.711489 0.000000
vt -39.588829 17.199724 0.000000
vt -39.588829 17.199724 0.000000
vt -39.588829 15.040279 0.000000
vt 41.372879 -17.926165 0.000000
vt 42.127121 -16.073835 0.000000
vt -41.374596 17.921949 0.000000
vt -41.302982 17.897703 0.000000
vt -41.372879 17.926165 0.000000
vt 0.005557 0.149611 0.000000
vt 0.000000 0.150028 0.000000
vt 0.000000 0.074286 0.000000
vt 0.011303 0.227504 0.000000
vt 0.000000 0.228797 0.000000
vt 0.000000 0.150028 0.000000
vt 0.000000 0.000000 0.000000
vt 90.156807 0.000000 0.000000
vt 90.156807 0.250000 0.000000
vt 2.740651 0.250000 0.000000
vt 40.870285 17.711489 0.000000
vt 40.870285 17.721516 0.000000
vt 39.588829 17.199724 0.000000
vt 2.000000 -0.250000 0.000000
vt 2.000000 0.250000 0.000000
vt 0.000000 0.250000 0.000000
vt 0.000000 0.000000 0.000000
vt 0.000000 -0.250000 0.000000
vt 0.000000 0.228797 0.000000
vt 0.004552 0.250000 0.000000
vt 0.000000 0.250000 0.000000
vt 41.302982 17.884291 0.000000
vt 41.302982 17.897703 0.000000
vt 40.870285 17.721516 0.000000
vt 90.156807 -0.228797 0.000000
vt 90.081337 -0.250000 0.000000
vt 90.156807 -0.250000 0.000000
vt 90.081337 -0.250000 0.000000
vt 90.145630 -0.210213 0.000000
vt 90.156807 -0.228797 0.000000
vt 90.156807 -0.150028 0.000000
vt 89.614143 -0.250000 0.000000
vt 0.000000 -0.228797 0.000000
vt 0.011303 -0.227504 0.000000
vt 0.000000 -0.150028 0.000000
vt 0.004552 -0.250000 0.000000
vt 0.000000 -0.228797 0.000000
vt 0.000000 -0.250000 0.000000
vt 90.129051 -0.076819 0.000000
vt 90.156807 -0.150028 0.000000
vt 90.156807 -0.074286 0.000000
vt 41.302982 17.897703 0.000000
vt 41.374596 17.921949 0.000000
vt 41.372879 17.926165 0.000000
vt 0.000000 -0.150028 0.000000
vt 0.005557 -0.149611 0.000000
vt 0.000000 -0.074286 0.000000
vt 90.143158 0.000000 0.000000
vt 90.156807 -0.074286 0.000000
vt 90.156807 0.074286 0.000000
vt 88.230530 -0.250000 0.000000
vt 89.587563 0.000000 0.000000
vt 88.230530 0.250000 0.000000
vt 0.000000 0.250000 0.000000
vt 0.000000 -0.250000 0.000000
vt 89.614143 -0.250000 0.000000
vt 90.045776 -0.084415 0.000000
vt 88.230530 -0.250000 0.000000
vt 39.588829 15.040279 0.000000
vt 39.588829 17.199724 0.000000
vt -42.127121 -16.073835 0.000000
vt -41.372879 -17.926165 0.000000
vt 0.000000 -0.074286 0.000000
vt 2.000000 0.000000 0.000000
vt 0.000000 0.074286 0.000000
vt 90.045776 0.084415 0.000000
vt 89.614143 0.250000 0.000000
vt 88.230530 0.250000 0.000000
vt 90.156807 0.150028 0.000000
vt 90.129051 0.076819 0.000000
vt 90.156807 0.074286 0.000000
vt 90.145630 0.210213 0.000000
vt 90.081337 0.250000 0.000000
vt 89.614143 0.250000 0.000000
vt 90.156807 0.150028 0.000000
vt 90.156807 0.228797 0.000000
vt 90.081337 0.250000 0.000000
vt 90.156807 0.228797 0.000000
vt 90.156807 0.250000 0.000000
vt -41.302982 17.897703 0.000000
vt -41.302982 17.884291 0.000000
vt -40.870285 17.721516 0.000000
vt -40.870285 17.721516 0.000000
vt -40.870285 17.711489 0.000000
vt -39.588829 17.199724 0.000000
vt -39.588829 17.199724 0.000000
vt -39.588829 15.040279 0.000000
vt 41.372879 -17.926165 0.000000
vt 42.127121 -16.073835 0.000000
vt -41.374596 17.921949 0.000000
vt -41.302982 17.897703 0.000000
vt -41.372879 17.926165 0.000000
vt 0.005557 0.149611 0.000000
vt 0.000000 0.150028 0.000000
vt 0.000000 0.074286 0.000000
vt 0.011303 0.227504 0.000000
vt 0.000000 0.228797 0.000000
vt 0.000000 0.150028 0.000000
vt 0.000000 0.000000 0.000000
vt 90.156807 0.000000 0.000000
vt 90.156807 0.250000 0.000000
vt 2.740651 0.250000 0.000000
vt 40.870285 17.711489 0.000000
vt 40.870285 17.721516 0.000000
vt 39.588829 17.199724 0.000000
vt 2.000000 -0.250000 0.000000
vt 2.000000 0.250000 0.000000
vt 0.000000 0.250000 0.000000
vt 0.000000 0.000000 0.000000
vt 0.000000 -0.250000 0.000000
vt 0.000000 0.228797 0.000000
vt 0.004552 0.250000 0.000000
vt 0.000000 0.250000 0.000000
vt 41.302982 17.884291 0.000000
vt 41.302982 17.897703 0.000000
vt 40.870285 17.721516 0.000000
vt 90.156807 -0.228797 0.000000
vt 90.081337 -0.250000 0.000000
vt 90.156807 -0.250000 0.000000
vt 90.081337 -0.250000 0.000000
vt 90.145630 -0.210213 0.000000
vt 90.156807 -0.228797 0.000000
vt 90.156807 -0.150028 0.000000
vt 89.614143 -0.250000 0.000000
vt 0.000000 -0.228797 0.000000
vt 0.011303 -0.227504 0.000000
vt 0.000000 -0.150028 0.000000
vt 0.004552 -0.250000 0.000000
vt 0.000000 -0.228797 0.000000
vt 0.000000 -0.250000 0.000000
vt 90.129051 -0.076819 0.000000
vt 90.156807 -0.150028 0.000000
vt 90.156807 -0.074286 0.000000
vt 41.302982 17.897703 0.000000
vt 41.374596 17.921949 0.000000
vt 41.372879 17.926165 0.000000
vt 0.000000 -0.150028 0.000000
vt 0.005557 -0.149611 0.000000
vt 0.000000 -0.074286 0.000000
vt 90.143158 0.000000 0.000000
vt 90.156807 -0.074286 0.000000
vt 90.156807 0.074286 0.000000
vt 88.230530 -0.250000 0.000000
vt 89.587563 0.000000 0.000000
vt 88.230530 0.250000 0.000000
vt 0.000000 0.250000 0.000000
vt 0.000000 -0.250000 0.000000
vt 89.614143 -0.250000 0.000000
vt 90.045776 -0.084415 0.000000
vt 88.230530 -0.250000 0.000000
vt 39.588829 15.040279 0.000000
vt 39.588829 17.199724 0.000000
vt -42.127121 -16.073835 0.000000
vt -41.372879 -17.926165 0.000000
vt 0.000000 -0.074286 0.000000
vt 2.000000 0.000000 0.000000
vt 0.000000 0.074286 0.000000
vt 90.045776 0.084415 0.000000
vt 89.614143 0.250000 0.000000
vt 88.230530 0.250000 0.000000
vt 90.156807 0.150028 0.000000
vt 90.129051 0.076819 0.000000
vt 90.156807 0.074286 0.000000
vt 90.145630 0.210213 0.000000
vt 90.081337 0.250000 0.000000
vt 89.614143 0.250000 0.000000
vt 90.156807 0.150028 0.000000
vt 90.156807 0.228797 0.000000
vt 90.081337 0.250000 0.000000
vt 90.156807 0.228797 0.000000
vt 90.156807 0.250000 0.000000
vt -41.302982 17.897703 0.000000
vt -41.302982 17.884291 0.000000
vt -40.870285 17.721516 0.000000
vt -40.870285 17.721516 0.000000
vt -40.870285 17.711489 0.000000
vt -39.588829 17.199724 0.000000
vt -39.588829 17.199724 0.000000
vt -39.588829 15.040279 0.000000
vt 41.372879 -17.926165 0.000000
vt 42.127121 -16.073835 0.000000
vt -41.374596 17.921949 0.000000
vt -41.302982 17.897703 0.000000
vt -41.372879 17.926165 0.000000
vt 0.005557 0.149611 0.000000
vt 0.000000 0.150028 0.000000
vt 0.000000 0.074286 0.000000
vt 0.011303 0.227504 0.000000
vt 0.000000 0.228797 0.000000
vt 0.000000 0.150028 0.000000
vt 0.000000 0.000000 0.000000
vt 90.156807 0.000000 0.000000
vt 90.156807 0.250000 0.000000
vt 2.740651 0.250000 0.000000
vt 40.870285 17.711489 0.000000
vt 40.870285 17.721516 0.000000
vt 39.588829 17.199724 0.000000
vt 2.000000 -0.250000 0.000000
vt 2.000000 0.250000 0.000000
vt 0.000000 0.250000 0.000000
vt 0.000000 0.000000 0.000000
vt 0.000000 -0.250000 0.000000
vt 0.000000 0.228797 0.000000
vt 0.004552 0.250000 0.000000
vt 0.000000 0.250000 0.000000
vt 41.302982 17.884291 0.000000
vt 41.302982 17.897703 0.000000
vt 40.870285 17.721516 0.000000
vt 90.156807 -0.228797 0.000000
vt 90.081337 -0.250000 0.000000
vt 90.156807 -0.250000 0.000000
vt 90.081337 -0.250000 0.000000
vt 90.145630 -0.210213 0.000000
vt 90.156807 -0.228797 0.000000
vt 90.156807 -0.150028 0.000000
vt 89.614143 -0.250000 0.000000
vt 0.000000 -0.228797 0.000000
vt 0.011303 -0.227504 0.000000
vt 0.000000 -0.150028 0.000000
vt 0.004552 -0.250000 0.000000
vt 0.000000 -0.228797 0.000000
vt 0.000000 -0.250000 0.000000
vt 90.129051 -0.076819 0.000000
vt 90.156807 -0.150028 0.000000
vt 90.156807 -0.074286 0.000000
vt 41.302982 17.897703 0.000000
vt 41.374596 17.921949 0.000000
vt 41.372879 17.926165 0.000000
vt 0.000000 -0.150028 0.000000
vt 0.005557 -0.149611 0.000000
vt 0.000000 -0.074286 0.000000
vt 90.143158 0.000000 0.000000
vt 90.156807 -0.074286 0.000000
vt 90.156807 0.074286 0.000000
vt 88.230530 -0.250000 0.000000
vt 89.587563 0.000000 0.000000
vt 88.230530 0.250000 0.000000
vt 0.000000 0.250000 0.000000
vt 0.000000 -0.250000 0.000000
vt 89.614143 -0.250000 0.000000
vt 90.045776 -0.084415 0.000000
vt 88.230530 -0.250000 0.000000
vt 39.588829 15.040279 0.000000
vt 39.588829 17.199724 0.000000
vt -42.127121 -16.073835 0.000000
vt -41.372879 -17.926165 0.000000
vt 0.000000 -0.074286 0.000000
vt 2.000000 0.000000 0.000000
vt 0.000000 0.074286 0.000000
vt 0.000000 0.000000 0.000000
vt 90.156807 0.000000 0.000000
vt 90.156807 0.250000 0.000000
vt 2.740651 0.250000 0.000000
vt 90.129051 0.076819 0.000000
vt 90.156807 0.074286 0.000000
vt 90.156807 0.150028 0.000000
vt 88.230530 0.250000 0.000000
vt 90.045776 0.084415 0.000000
vt 89.614143 0.250000 0.000000
vt -41.302982 17.897703 0.000000
vt -41.302982 17.884291 0.000000
vt -40.870285 17.721516 0.000000
vt -40.870285 17.711489 0.000000
vt -39.588829 17.199724 0.000000
vt -40.870285 17.721516 0.000000
vt 0.000000 0.074286 0.000000
vt 0.005557 0.149611 0.000000
vt 0.000000 0.150028 0.000000
vt 40.870285 17.711489 0.000000
vt 40.870285 17.721516 0.000000
vt 39.588829 17.199724 0.000000
vt 2.000000 -0.250000 0.000000
vt 2.000000 0.250000 0.000000
vt 0.000000 0.250000 0.000000
vt 0.000000 0.000000 0.000000
vt 0.000000 -0.250000 0.000000
vt -39.588829 17.199724 0.000000
vt -39.588829 15.040279 0.000000
vt 41.372879 -17.926165 0.000000
vt 42.127121 -16.073835 0.000000
vt 40.870285 17.711489 0.000000
vt 40.870285 17.721516 0.000000
vt 39.588829 17.199724 0.000000
vt 39.588829 15.040279 0.000000
vt 39.588829 17.199724 0.000000
vt -42.127121 -16.073835 0.000000
vt -41.372879 -17.926165 0.000000
vt 40.870285 17.711489 0.000000
vt 40.870285 17.721516 0.000000
vt 39.588829 17.199724 0.000000
vt 90.143158 0.000000 0.000000
vt 90.156807 -0.074286 0.000000
vt 90.156807 0.074286 0.000000
vt 88.230530 -0.250000 0.000000
vt 89.587563 0.000000 0.000000
vt 88.230530 0.250000 0.000000
vt 0.000000 0.250000 0.000000
vt 0.000000 -0.250000 0.000000
vt 90.129051 -0.076819 0.000000
vt 90.156807 -0.150028 0.000000
vt 90.156807 -0.074286 0.000000
vt 89.614143 -0.250000 0.000000
vt 90.045776 -0.084415 0.000000
vt 88.230530 -0.250000 0.000000
vt 89.614143 -0.250000 0.000000
vt 90.045776 -0.084415 0.000000
vt 88.230530 -0.250000 0.000000
vt -39.588829 17.199724 0.000000
vt -39.588829 15.040279 0.000000
vt 41.372879 -17.926165 0.000000
vt 42.127121 -16.073835 0.000000
vt 0.000000 -0.074286 0.000000
vt 2.000000 0.000000 0.000000
vt 0.000000 0.074286 0.000000
vt 0.000000 0.000000 0.000000
vt 90.156807 0.000000 0.000000
vt 90.156807 0.250000 0.000000
vt 2.740651 0.250000 0.000000
vt 2.000000 -0.250000 0.000000
vt 2.000000 0.250000 0.000000
vt 0.000000 0.250000 0.000000
vt 0.000000 0.000000 0.000000
vt 0.000000 -0.250000 0.000000
vt 0.000000 0.228797 0.000000
vt 0.004552 0.250000 0.000000
vt 0.000000 0.250000 0.000000
vt 39.588829 15.040279 0.000000
vt 39.588829 17.199724 0.000000
vt -42.127121 -16.073835 0.000000
vt -41.372879 -17.926165 0.000000
vt 0.000000 0.228797 0.000000
vt 0.004552 0.250000 0.000000
vt 0.000000 0.250000 0.000000
vt 0.000000 -0.150028 0.000000
vt 0.005557 -0.149611 0.000000
vt 0.000000 -0.074286 0.000000
vt 41.302982 17.897703 0.000000
vt 41.374596 17.921949 0.000000
vt 41.372879 17.926165 0.000000
vt 2.000000 -0.250000 0.000000
vt 2.000000 0.250000 0.000000
vt 0.000000 0.250000 0.000000
vt 0.000000 0.000000 0.000000
vt 0.000000 -0.250000 0.000000
vt 2.740651 0.250000 0.000000
vt 0.000000 0.000000 0.000000
vt 90.156807 0.000000 0.000000
vt 90.156807 0.250000 0.000000
vt -41.302982 17.897703 0.000000
vt -41.302982 17.884291 0.000000
vt -40.870285 17.721516 0.000000
vt -40.870285 17.721516 0.000000
vt -40.870285 17.711489 0.000000
vt -39.588829 17.199724 0.000000
vt -39.588829 17.199724 0.000000
vt -39.588829 15.040279 0.000000
vt 41.372879 -17.926165 0.000000
vt 42.127121 -16.073835 0.000000
vt -41.374596 17.921949 0.000000
vt -41.302982 17.897703 0.000000
vt -41.372879 17.926165 0.000000
vt 45.078392 8.197594 0.000000
vt -45.078415 0.000000 0.000000
vt 45.078392 0.000000 0.000000
vt 45.078392 2.732531 0.000000
vt 45.078392 5.465062 0.000000
vt -45.078415 8.197594 0.000000
vt -45.078415 4.098797 0.000000
vt -15.026144 4.098797 0.000000
vt 15.026126 4.098797 0.000000
vt -45.078415 -8.197594 0.000000
vt 45.078392 -8.197594 0.000000
vt 45.078392 -5.465062 0.000000
vt 45.078392 -2.732531 0.000000
vt 45.078392 0.000000 0.000000
vt -45.078415 0.000000 0.000000
vt -45.078415 -4.098797 0.000000
vt 15.026126 -4.098797 0.000000
vt -15.026144 -4.098797 0.000000
vt -45.078415 -16.395187 0.000000
vt 45.078392 -16.395187 0.000000
vt 45.078392 -13.662655 0.000000
vt 45.078392 -10.930124 0.000000
vt 45.078392 -8.197594 0.000000
vt -45.078415 -8.197594 0.000000
vt -45.078415 -12.296390 0.000000
vt 15.026126 -12.296390 0.000000
vt -15.026144 -12.296390 0.000000
vt 45.078392 16.395187 0.000000
vt -45.078415 8.197594 0.000000
vt 45.078392 8.197594 0.000000
vt 45.078392 10.930124 0.000000
vt 45.078392 13.662655 0.000000
vt -45.078415 16.395187 0.000000
vt -45.078415 12.296390 0.000000
vt -15.026144 12.296390 0.000000
vt 15.026126 12.296390 0.000000
vt 45.078392 24.592779 0.000000
vt -45.078415 16.395187 0.000000
vt 45.078392 16.395187 0.000000
vt 45.078392 19.127718 0.000000
vt 45.078392 21.860249 0.000000
vt -45.078415 24.592779 0.000000
vt -45.078415 20.493982 0.000000
vt -15.026144 20.493982 0.000000
vt 15.026126 20.493982 0.000000
vt -45.078415 -24.592779 0.000000
vt 45.078392 -24.592779 0.000000
vt 45.078392 -21.860249 0.000000
vt 45.078392 -19.127718 0.000000
vt 45.078392 -16.395187 0.000000
vt -45.078415 -16.395187 0.000000
vt -45.078415 -20.493982 0.000000
vt 15.026126 -20.493982 0.000000
vt -15.026144 -20.493982 0.000000
vt -45.078415 -32.790375 0.000000
vt 45.078392 -32.790375 0.000000
vt 45.078392 -30.057840 0.000000
vt 45.078392 -27.325310 0.000000
vt 45.078392 -24.592779 0.000000
vt -45.078415 -24.592779 0.000000
vt -45.078415 -28.691576 0.000000
vt 15.026126 -28.691576 0.000000
vt -15.026144 -28.691576 0.000000
vt 45.078392 32.790375 0.000000
vt -45.078415 24.592779 0.000000
vt 45.078392 24.592779 0.000000
vt 45.078392 27.325310 0.000000
vt 45.078392 30.057840 0.000000
vt -45.078415 32.790375 0.000000
vt -45.078415 28.691576 0.000000
vt -15.026144 28.691576 0.000000
vt 15.026126 28.691576 0.000000
vt 45.078392 40.987965 0.000000
vt -45.078415 32.790375 0.000000
vt 45.078392 32.790375 0.000000
vt 45.078392 35.522903 0.000000
vt 45.078392 38.255436 0.000000
vt -45.078415 40.987965 0.000000
vt -45.078415 36.889172 0.000000
vt -15.026144 36.889172 0.000000
vt 15.026126 36.889172 0.000000
vt -45.078415 -40.987965 0.000000
vt 45.078392 -40.987965 0.000000
vt 45.078392 -38.255436 0.000000
vt 45.078392 -35.522903 0.000000
vt 45.078392 -32.790375 0.000000
vt -45.078415 -32.790375 0.000000
vt -45.078415 -36.889172 0.000000
vt 15.026126 -36.889172 0.000000
vt -15.026144 -36.889172 0.000000
vt -45.078415 -49.185558 0.000000
vt 45.078392 -49.185558 0.000000
vt 45.078392 -46.453030 0.000000
vt 45.078392 -43.720497 0.000000
vt 45.078392 -40.987965 0.000000
vt -45.078415 -40.987965 0.000000
vt -45.078415 -45.086761 0.000000
vt 15.026126 -45.086761 0.000000
vt -15.026144 -45.086761 0.000000
vt 45.078392 49.185558 0.000000
vt -45.078415 40.987965 0.000000
vt 45.078392 40.987965 0.000000
vt 45.078392 43.720497 0.000000
vt 45.078392 46.453030 0.000000
vt -45.078415 49.185558 0.000000
vt -45.078415 45.086761 0.000000
vt -15.026144 45.086761 0.000000
vt 15.026126 45.086761 0.000000
vt 45.078392 57.383152 0.000000
vt -45.078415 49.185558 0.000000
vt 45.078392 49.185558 0.000000
vt 45.078392 51.918091 0.000000
vt 45.078392 54.650620 0.000000
vt -45.078415 57.383152 0.000000
vt -45.078415 53.284359 0.000000
vt -15.026144 53.284359 0.000000
vt 15.026126 53.284359 0.000000
vt -45.078415 -57.383152 0.000000
vt 45.078392 -57.383152 0.000000
vt 45.078392 -54.650620 0.000000
vt 45.078392 -51.918091 0.000000
vt 45.078392 -49.185558 0.000000
vt -45.078415 -49.185558 0.000000
vt -45.078415 -53.284359 0.000000
vt 15.026126 -53.284359 0.000000
vt -15.026144 -53.284359 0.000000
vt -45.078415 -65.580750 0.000000
vt 45.078392 -65.580750 0.000000
vt 45.078392 -62.848217 0.000000
vt 45.078392 -60.115681 0.000000
vt 45.078392 -57.383152 0.000000
vt -45.078415 -57.383152 0.000000
vt -45.078415 -61.481949 0.000000
vt 15.026126 -61.481949 0.000000
vt -15.026144 -61.481949 0.000000
vt 45.078392 65.580750 0.000000
vt -45.078415 57.383152 0.000000
vt 45.078392 57.383152 0.000000
vt 45.078392 60.115681 0.000000
vt 45.078392 62.848217 0.000000
vt -45.078415 65.580750 0.000000
vt -45.078415 61.481949 0.000000
vt -15.026144 61.481949 0.000000
vt 15.026126 61.481949 0.000000
vt 45.078392 73.778343 0.000000
vt -45.078415 65.580750 0.000000
vt 45.078392 65.580750 0.000000
vt 45.078392 68.313278 0.000000
vt 45.078392 71.045807 0.000000
vt -45.078415 73.778343 0.000000
vt -45.078415 69.679543 0.000000
vt -15.026144 69.679543 0.000000
vt 15.026126 69.679543 0.000000
vt -45.078415 -73.778343 0.000000
vt 45.078392 -73.778343 0.000000
vt 45.078392 -71.045807 0.000000
vt 45.078392 -68.313278 0.000000
vt 45.078392 -65.580750 0.000000
vt -45.078415 -65.580750 0.000000
vt -45.078415 -69.679543 0.000000
vt 15.026126 -69.679543 0.000000
vt -15.026144 -69.679543 0.000000
vt -45.078415 -81.975929 0.000000
vt 45.078392 -81.975929 0.000000
vt 45.078392 -79.243401 0.000000
vt 45.078392 -76.510872 0.000000
vt 45.078392 -73.778343 0.000000
vt -45.078415 -73.778343 0.000000
vt -45.078415 -77.877136 0.000000
vt 15.026126 -77.877136 0.000000
vt -15.026144 -77.877136 0.000000
vt 45.078392 81.975929 0.000000
vt -45.078415 73.778343 0.000000
vt 45.078392 73.778343 0.000000
vt 45.078392 76.510872 0.000000
vt 45.078392 79.243401 0.000000
vt -45.078415 81.975929 0.000000
vt -45.078415 77.877136 0.000000
vt -15.026144 77.877136 0.000000
vt 15.026126 77.877136 0.000000
vt 45.078392 90.173523 0.000000
vt -45.078415 81.975929 0.000000
vt 45.078392 81.975929 0.000000
vt 45.078392 84.708466 0.000000
vt 45.078392 87.440994 0.000000
vt -45.078415 90.173523 0.000000
vt -45.078415 86.074722 0.000000
vt -15.026144 86.074722 0.000000
vt 15.026126 86.074722 0.000000
vt -45.078415 -90.173523 0.000000
vt 45.078392 -90.173523 0.000000
vt 45.078392 -87.440994 0.000000
vt 45.078392 -84.708466 0.000000
vt 45.078392 -81.975929 0.000000
vt -45.078415 -81.975929 0.000000
vt -45.078415 -86.074722 0.000000
vt 15.026126 -86.074722 0.000000
vt -15.026144 -86.074722 0.000000
vt -45.078415 -98.371117 0.000000
vt 45.078392 -98.371117 0.000000
vt 45.078392 -95.638588 0.000000
vt 45.078392 -92.906059 0.000000
vt 45.078392 -90.173523 0.000000
vt -45.078415 -90.173523 0.000000
vt -45.078415 -94.272324 0.000000
vt 15.026126 -94.272324 0.000000
vt -15.026144 -94.272324 0.000000
vt 45.078392 98.371117 0.000000
vt -45.078415 90.173523 0.000000
vt 45.078392 90.173523 0.000000
vt 45.078392 92.906059 0.000000
vt 45.078392 95.638588 0.000000
vt -45.078415 98.371117 0.000000
vt -45.078415 94.272324 0.000000
vt -15.026144 94.272324 0.000000
vt 15.026126 94.272324 0.000000
vt 45.078392 106.568718 0.000000
vt -45.078415 98.371117 0.000000
vt 45.078392 98.371117 0.000000
vt 45.078392 101.103653 0.000000
vt 45.078392 103.836182 0.000000
vt -45.078415 106.568718 0.000000
vt -45.078415 102.469917 0.000000
vt -15.026144 102.469917 0.000000
vt 15.026126 102.469917 0.000000
vt -45.078415 -106.568718 0.000000
vt 45.078392 -106.568718 0.000000
vt 45.078392 -103.836182 0.000000
vt 45.078392 -101.103653 0.000000
vt 45.078392 -98.371117 0.000000
vt -45.078415 -98.371117 0.000000
vt -45.078415 -102.469917 0.000000
vt 15.026126 -102.469917 0.000000
vt -15.026144 -102.469917 0.000000
vt -45.078415 -114.766304 0.000000
vt 45.078392 -114.766304 0.000000
vt 45.078392 -112.033775 0.000000
vt 45.078392 -109.301239 0.000000
vt 45.078392 -106.568718 0.000000
vt -45.078415 -106.568718 0.000000
vt -45.078415 -110.667503 0.000000
vt 15.026126 -110.667503 0.000000
vt -15.026144 -110.667503 0.000000
vt 45.078392 114.766304 0.000000
vt -45.078415 106.568718 0.000000
vt 45.078392 106.568718 0.000000
vt 45.078392 109.301239 0.000000
vt 45.078392 112.033775 0.000000
vt -45.078415 114.766304 0.000000
vt -45.078415 110.667503 0.000000
vt -15.026144 110.667503 0.000000
vt 15.026126 110.667503 0.000000
vt 45.078392 122.963898 0.000000
vt -45.078415 114.766304 0.000000
vt 45.078392 114.766304 0.000000
vt 45.078392 117.498840 0.000000
vt 45.078392 120.231361 0.000000
vt -45.078415 122.963898 0.000000
vt -45.078415 118.865105 0.000000
vt -15.026144 118.865105 0.000000
vt 15.026126 118.865105 0.000000
vt -45.078415 -122.963898 0.000000
vt 45.078392 -122.963898 0.000000
vt 45.078392 -120.231361 0.000000
vt 45.078392 -117.498840 0.000000
vt 45.078392 -114.766304 0.000000
vt -45.078415 -114.766304 0.000000
vt -45.078415 -118.865105 0.000000
vt 15.026126 -118.865105 0.000000
vt -15.026144 -118.865105 0.000000
vt 45.078392 131.161499 0.000000
vt -45.078415 122.963898 0.000000
vt 45.078392 122.963898 0.000000
vt 45.078392 125.696434 0.000000
vt 45.078392 128.428955 0.000000
vt -45.078415 131.161499 0.000000
vt -45.078415 127.062698 0.000000
vt -15.026144 127.062698 0.000000
vt 15.026126 127.062698 0.000000
vt 0.000000 0.000000 0.000000
vt 2.740651 -0.250000 0.000000
vt 90.156807 -0.250000 0.000000
vt 90.156807 0.000000 0.000000
vt 0.004552 -0.250000 0.000000
vt 0.000000 -0.228797 0.000000
vt 0.000000 -0.250000 0.000000
vt 0.011303 -0.227504 0.000000
vt 0.000000 -0.150028 0.000000
vt 0.000000 -0.228797 0.000000
vt 0.005557 -0.149611 0.000000
vt 0.000000 -0.074286 0.000000
vt 0.000000 -0.150028 0.000000
vt 2.000000 0.000000 0.000000
vt 0.000000 0.074286 0.000000
vt 0.000000 -0.074286 0.000000
vt 0.005557 0.149611 0.000000
vt 0.000000 0.150028 0.000000
vt 0.000000 0.074286 0.000000
vt 0.011303 0.227504 0.000000
vt 0.000000 0.228797 0.000000
vt 0.000000 0.150028 0.000000
vt 90.156807 -0.228797 0.000000
vt 90.081337 -0.250000 0.000000
vt 90.156807 -0.250000 0.000000
vt 90.045776 -0.084415 0.000000
vt 88.230530 -0.250000 0.000000
vt 89.614143 -0.250000 0.000000
vt 89.587563 0.000000 0.000000
vt 88.230530 0.250000 0.000000
vt 0.000000 0.250000 0.000000
vt 0.000000 -0.250000 0.000000
vt 88.230530 -0.250000 0.000000
vt 90.045776 0.084415 0.000000
vt 89.614143 0.250000 0.000000
vt 88.230530 0.250000 0.000000
vt 90.156807 0.150028 0.000000
vt 90.129051 0.076819 0.000000
vt 90.156807 0.074286 0.000000
vt 90.156807 0.074286 0.000000
vt 90.143158 0.000000 0.000000
vt 90.156807 -0.074286 0.000000
vt 90.156807 -0.074286 0.000000
vt 90.129051 -0.076819 0.000000
vt 90.156807 -0.150028 0.000000
vt 90.156807 -0.150028 0.000000
vt 89.614143 -0.250000 0.000000
vt 90.081337 -0.250000 0.000000
vt 90.145630 -0.210213 0.000000
vt 90.156807 -0.228797 0.000000
vt 90.081337 0.250000 0.000000
vt 90.156807 0.228797 0.000000
vt 90.156807 0.250000 0.000000
vt 90.156807 0.228797 0.000000
vt 90.145630 0.210213 0.000000
vt 90.081337 0.250000 0.000000
vt 89.614143 0.250000 0.000000
vt 90.156807 0.150028 0.000000
vt 39.588829 17.199724 0.000000
vt 40.870285 17.711489 0.000000
vt 40.870285 17.721516 0.000000
vt 40.870285 17.721516 0.000000
vt 41.302982 17.884291 0.000000
vt 41.302982 17.897703 0.000000
vt 41.302982 17.897703 0.000000
vt 41.374596 17.921949 0.000000
vt 41.372879 17.926165 0.000000
vt 39.588829 15.040279 0.000000
vt 39.588829 17.199724 0.000000
vt -42.127121 -16.073835 0.000000
vt -41.372879 -17.926165 0.000000
vt 2.000000 -0.250000 0.000000
vt 2.000000 0.250000 0.000000
vt 0.000000 0.250000 0.000000
vt 0.000000 0.000000 0.000000
vt 0.000000 -0.250000 0.000000
vt 0.000000 0.228797 0.000000
vt 0.004552 0.250000 0.000000
vt 0.000000 0.250000 0.000000
vt -0.000000 0.000000 0.000000
vt -0.000000 1.047198 0.000000
vt -0.000000 2.094395 0.000000
vt -0.000000 3.141593 0.000000
vt -0.000000 -5.235988 0.000000
vt -0.000000 -4.188790 0.000000
vt -0.000000 -3.141593 0.000000
vt -0.000000 -2.094395 0.000000
vt -0.000000 -1.047198 0.000000
vt -211.856293 0.000000 0.000000
vt -211.856277 -0.589049 0.000000
vt -211.856277 -1.178097 0.000000
vt -211.856277 -1.767146 0.000000
vt -211.856277 -2.356194 0.000000
vt -211.856277 -2.945243 0.000000
vt -211.856277 -3.534292 0.000000
vt -211.856277 -4.123340 0.000000
vt -211.856293 4.712389 0.000000
vt -211.856293 4.123340 0.000000
vt -211.856293 3.534292 0.000000
vt -211.856293 2.945243 0.000000
vt -211.856293 2.356194 0.000000
vt -211.856293 1.767146 0.000000
vt -211.856293 1.178097 0.000000
vt -211.856293 0.589049 0.000000
vt -0.000000 4.188790 0.000000
vt -0.000000 4.188790 0.000000
vt -0.000000 4.188790 0.000000
vt -211.856293 -4.712389 0.000000
vt -211.856293 -4.712389 0.000000
vt -0.000000 -1.500000 0.000000
vt 0.964181 -1.149067 0.000000
vt 1.477212 -0.260472 0.000000
vt 1.299038 0.750000 0.000000
vt 0.513030 1.409539 0.000000
vt -0.513030 1.409539 0.000000
vt -1.299038 0.750000 0.000000
vt -1.477212 -0.260472 0.000000
vt -0.964181 -1.149067 0.000000
vt 40.434319 66.758369 0.000000
vt 40.434322 83.448120 0.000000
vt 40.434330 100.137924 0.000000
vt 40.434334 116.827782 0.000000
vt 40.434334 -133.517670 0.000000
vt 40.434334 -116.827782 0.000000
vt 40.434330 -100.137924 0.000000
vt 40.434322 -83.448120 0.000000
vt 40.434319 -66.758369 0.000000
vt 40.434311 -50.068703 0.000000
vt 40.434307 -33.379093 0.000000
vt 40.434303 -16.689533 0.000000
vt 40.434299 0.000000 0.000000
vt 40.434303 16.689533 0.000000
vt 40.434307 33.379093 0.000000
vt 40.434311 50.068703 0.000000
vt -41.941170 8.344854 0.000000
vt -41.941170 5.563236 0.000000
vt -41.941170 2.781618 0.000000
vt -41.941170 0.000000 0.000000
vt -41.941170 -2.781618 0.000000
vt -41.941170 -5.563236 0.000000
vt -41.941170 -8.344854 0.000000
vt -41.941170 -11.126472 0.000000
vt -41.941170 -13.908090 0.000000
vt -41.941170 -16.689709 0.000000
vt -41.941170 -19.471327 0.000000
vt -41.941170 -22.252945 0.000000
vt -41.941170 -25.034561 0.000000
vt -41.941170 -27.816179 0.000000
vt -41.941170 -30.597797 0.000000
vt -41.941170 -33.379417 0.000000
vt -41.941170 -36.161034 0.000000
vt -41.941170 -38.942654 0.000000
vt -41.941170 -41.724270 0.000000
vt -41.941170 -44.505890 0.000000
vt -41.941170 -47.287506 0.000000
vt -41.941170 -50.069122 0.000000
vt -41.941170 -52.850742 0.000000
vt -41.941170 -55.632359 0.000000
vt -41.941170 -58.413975 0.000000
vt -41.941170 -61.195595 0.000000
vt -41.941170 -63.977215 0.000000
vt -41.941170 -66.758835 0.000000
vt -41.941170 -69.540451 0.000000
vt -41.941170 -72.322067 0.000000
vt -41.941170 -75.103683 0.000000
vt -41.941170 -77.885307 0.000000
vt -41.941170 -80.666924 0.000000
vt -41.941170 -83.448540 0.000000
vt -41.941170 -86.230156 0.000000
vt -41.941170 -89.011780 0.000000
vt -41.941170 -91.793388 0.000000
vt -41.941170 -94.575012 0.000000
vt -41.941170 -97.356628 0.000000
vt -41.941170 -100.138245 0.000000
vt -41.941170 -102.919868 0.000000
vt -41.941170 -105.701485 0.000000
vt -41.941170 -108.483109 0.000000
vt -41.941170 -111.264717 0.000000
vt -41.941170 -114.046341 0.000000
vt -41.941170 -116.827950 0.000000
vt -41.941170 -119.609573 0.000000
vt -41.941170 -122.391190 0.000000
vt -41.941170 -125.172813 0.000000
vt -41.941170 -127.954430 0.000000
vt -41.941170 -130.736038 0.000000
vt -41.941170 133.517670 0.000000
vt -41.941170 130.736038 0.000000
vt -41.941170 127.954430 0.000000
vt -41.941170 125.172813 0.000000
vt -41.941170 122.391190 0.000000
vt -41.941170 119.609573 0.000000
vt -41.941170 116.827950 0.000000
vt -41.941170 114.046341 0.000000
vt -41.941170 111.264717 0.000000
vt -41.941170 108.483109 0.000000
vt -41.941170 105.701485 0.000000
vt -41.941170 102.919868 0.000000
vt -41.941170 100.138245 0.000000
vt -41.941170 97.356628 0.000000
vt -41.941170 94.575012 0.000000
vt -41.941170 91.793388 0.000000
vt -41.941170 89.011780 0.000000
vt -41.941170 86.230156 0.000000
vt -41.941170 83.448540 0.000000
vt -41.941170 80.666924 0.000000
vt -41.941170 77.885307 0.000000
vt -41.941170 75.103683 0.000000
vt -41.941170 72.322067 0.000000
vt -41.941170 69.540451 0.000000
vt -41.941170 66.758835 0.000000
vt -41.941170 63.977215 0.000000
vt -41.941170 61.195595 0.000000
vt -41.941170 58.413975 0.000000
vt -41.941170 55.632359 0.000000
vt -41.941170 52.850742 0.000000
vt -41.941170 50.069122 0.000000
vt -41.941170 47.287506 0.000000
vt -41.941170 44.505890 0.000000
vt -41.941170 41.724270 0.000000
vt -41.941170 38.942654 0.000000
vt -41.941170 36.161034 0.000000
vt -41.941170 33.379417 0.000000
vt -41.941170 30.597797 0.000000
vt -41.941170 27.816179 0.000000
vt -41.941170 25.034561 0.000000
vt -41.941170 22.252945 0.000000
vt -41.941170 19.471327 0.000000
vt -41.941170 16.689709 0.000000
vt -41.941170 13.908090 0.000000
vt -41.941170 11.126472 0.000000
vt -0.753418 133.517670 0.000000
vt -0.753418 -122.836250 0.000000
vt -0.753418 -106.814133 0.000000
vt -0.753418 -90.792007 0.000000
vt -0.753418 -74.769890 0.000000
vt -0.753418 -58.747772 0.000000
vt -0.753418 -42.725655 0.000000
vt -0.753418 -26.703533 0.000000
vt -0.753418 -10.681414 0.000000
vt -0.753418 10.681414 0.000000
vt -0.753418 26.703533 0.000000
vt -0.753418 42.725655 0.000000
vt -0.753418 58.747772 0.000000
vt -0.753418 74.769890 0.000000
vt -0.753418 90.792007 0.000000
vt -0.753418 106.814133 0.000000
vt -0.753418 122.836250 0.000000
vt -0.753418 69.429184 0.000000
vt -0.753418 64.088478 0.000000
vt -0.753418 85.451309 0.000000
vt -0.753418 80.110603 0.000000
vt -0.753418 101.473427 0.000000
vt -0.753418 96.132713 0.000000
vt -0.753418 117.495544 0.000000
vt -0.753418 112.154831 0.000000
vt -0.753418 -128.176956 0.000000
vt -0.753418 -112.154831 0.000000
vt -0.753418 -117.495544 0.000000
vt -0.753418 -96.132713 0.000000
vt -0.753418 -101.473427 0.000000
vt -0.753418 -80.110603 0.000000
vt -0.753418 -85.451309 0.000000
vt -0.753418 -64.088478 0.000000
vt -0.753418 -69.429184 0.000000
vt -0.753418 -48.066357 0.000000
vt -0.753418 -53.407066 0.000000
vt -0.753418 -32.044239 0.000000
vt -0.753418 -37.384945 0.000000
vt -0.753418 -16.022120 0.000000
vt -0.753418 -21.362827 0.000000
vt -0.753418 0.000000 0.000000
vt -0.753418 5.340707 0.000000
vt -0.753418 21.362827 0.000000
vt -0.753418 16.022120 0.000000
vt -0.753418 37.384945 0.000000
vt -0.753418 32.044239 0.000000
vt -0.753418 53.407066 0.000000
vt -0.753418 48.066357 0.000000
vt -0.753418 -5.340707 0.000000
vt -0.753418 128.176956 0.000000
vt 40.434334 133.517670 0.000000
vt -0.753418 -133.517670 0.000000
vt -0.753418 -133.517670 0.000000
vt -41.941170 136.299286 0.000000
vt 40.434334 133.517670 0.000000
vt 40.434334 133.517670 0.000000
vt -45.078415 -131.161499 0.000000
vt 45.078392 -131.161499 0.000000
vt 45.078392 -128.428955 0.000000
vt 45.078392 -125.696434 0.000000
vt 45.078392 -122.963898 0.000000
vt -45.078415 -122.963898 0.000000
vt -45.078415 -127.062698 0.000000
vt 15.026126 -127.062698 0.000000
vt -15.026144 -127.062698 0.000000
vn 0.000000 -0.092616 -0.037712
vn 0.000000 -0.092616 -0.037712
vn 0.000000 -0.092616 -0.037712
vn 0.000000 -0.092616 -0.037712
vn 0.007357 -0.092616 -0.036987
vn 0.007357 -0.092616 -0.036987
vn 0.007357 -0.092616 -0.036987
vn 0.007357 -0.092616 -0.036987
vn -0.007357 -0.092616 -0.036987
vn -0.007357 -0.092616 -0.036987
vn -0.007357 -0.092616 -0.036987
vn -0.007357 -0.092616 -0.036987
vn 0.014432 -0.092616 -0.034841
vn 0.014432 -0.092616 -0.034841
vn 0.014432 -0.092616 -0.034841
vn 0.014432 -0.092616 -0.034841
vn -0.014432 -0.092616 -0.034841
vn -0.014432 -0.092616 -0.034841
vn -0.014432 -0.092616 -0.034841
vn -0.014432 -0.092616 -0.034841
vn 0.020952 -0.092616 -0.031356
vn 0.020952 -0.092616 -0.031356
vn 0.020952 -0.092616 -0.031356
vn 0.020952 -0.092616 -0.031356
vn -0.020952 -0.092616 -0.031356
vn -0.020952 -0.092616 -0.031356
vn -0.020952 -0.092616 -0.031356
vn -0.020952 -0.092616 -0.031356
vn 0.026666 -0.092616 -0.026666
vn 0.026666 -0.092616 -0.026666
vn 0.026666 -0.092616 -0.026666
vn 0.026666 -0.092616 -0.026666
vn -0.026666 -0.092616 -0.026666
vn -0.026666 -0.092616 -0.026666
vn -0.026666 -0.092616 -0.026666
vn -0.026666 -0.092616 -0.026666
vn 0.031356 -0.092616 -0.020952
vn 0.031356 -0.092616 -0.020952
vn 0.031356 -0.092616 -0.020952
vn 0.031356 -0.092616 -0.020952
vn -0.031356 -0.092616 -0.020952
vn -0.031356 -0.092616 -0.020952
vn -0.031356 -0.092616 -0.020952
vn -0.031356 -0.092616 -0.020952
vn 0.034841 -0.092616 -0.014432
vn 0.034841 -0.092616 -0.014432
vn 0.034841 -0.092616 -0.014432
vn 0.034841 -0.092616 -0.014432
vn -0.034841 -0.092616 -0.014432
vn -0.034841 -0.092616 -0.014432
vn -0.034841 -0.092616 -0.014432
vn -0.034841 -0.092616 -0.014432
vn 0.036987 -0.092616 -0.007357
vn 0.036987 -0.092616 -0.007357
vn 0.036987 -0.092616 -0.007357
vn 0.036987 -0.092616 -0.007357
vn -0.036987 -0.092616 -0.007357
vn -0.036987 -0.092616 -0.007357
vn -0.036987 -0.092616 -0.007357
vn -0.036987 -0.092616 -0.007357
vn 0.037712 -0.092616 0.000000
vn 0.037712 -0.092616 0.000000
vn 0.037712 -0.092616 0.000000
vn 0.037712 -0.092616 0.000000
vn -0.037712 -0.092616 0.000000
vn -0.037712 -0.092616 0.000000
vn -0.037712 -0.092616 0.000000
vn -0.037712 -0.092616 0.000000
vn 0.036987 -0.092616 0.007357
vn 0.036987 -0.092616 0.007357
vn 0.036987 -0.092616 0.007357
vn 0.036987 -0.092616 0.007357
vn -0.036987 -0.092616 0.007357
vn -0.036987 -0.092616 0.007357
vn -0.036987 -0.092616 0.007357
vn -0.036987 -0.092616 0.007357
vn 0.034841 -0.092616 0.014432
vn 0.034841 -0.092616 0.014432
vn 0.034841 -0.092616 0.014432
vn 0.034841 -0.092616 0.014432
vn -0.034841 -0.092616 0.014432
vn -0.034841 -0.092616 0.014432
vn -0.034841 -0.092616 0.014432
vn -0.034841 -0.092616 0.014432
vn 0.031356 -0.092616 0.020952
vn 0.031356 -0.092616 0.020952
vn 0.031356 -0.092616 0.020952
vn 0.031356 -0.092616 0.020952
vn 0.020952 0.092616 -0.031356
vn 0.020952 0.092616 -0.031356
vn 0.020952 0.092616 -0.031356
vn 0.020952 0.092616 -0.031356
vn 0.020952 0.092616 -0.031356
vn 0.020952 0.092616 -0.031356
vn 0.020952 0.092616 -0.031356
vn 0.020952 0.092616 -0.031356
vn -0.051455 0.037712 0.077008
vn -0.051455 0.037712 0.077008
vn -0.051455 0.037712 0.077008
vn -0.051455 0.037712 0.077008
vn -0.051455 0.037712 0.077008
vn -0.051455 0.037712 0.077008
vn -0.083147 0.000000 -0.055557
vn -0.083147 0.000000 -0.055557
vn -0.083147 0.000000 -0.055557
vn -0.031356 -0.092616 0.020952
vn -0.031356 -0.092616 0.020952
vn -0.031356 -0.092616 0.020952
vn -0.031356 -0.092616 0.020952
vn 0.026666 -0.092616 0.026666
vn 0.026666 -0.092616 0.026666
vn 0.026666 -0.092616 0.026666
vn 0.026666 -0.092616 0.026666
vn -0.026666 -0.092616 0.026666
vn -0.026666 -0.092616 0.026666
vn -0.026666 -0.092616 0.026666
vn -0.026666 -0.092616 0.026666
vn 0.020952 -0.092616 0.031356
vn 0.020952 -0.092616 0.031356
vn 0.020952 -0.092616 0.031356
vn 0.020952 -0.092616 0.031356
vn -0.020952 -0.092616 0.031356
vn -0.020952 -0.092616 0.031356
vn -0.020952 -0.092616 0.031356
vn -0.020952 -0.092616 0.031356
vn 0.014432 0.092616 -0.034841
vn 0.014432 0.092616 -0.034841
vn 0.014432 0.092616 -0.034841
vn 0.014432 0.092616 -0.034841
vn 0.014432 0.092616 -0.034841
vn 0.014432 0.092616 -0.034841
vn 0.014432 0.092616 -0.034841
vn 0.014432 0.092616 -0.034841
vn 0.014432 0.092616 -0.034841
vn 0.014432 0.092616 -0.034841
vn 0.014432 0.092616 -0.034841
vn 0.014432 -0.092616 0.034841
vn 0.014432 -0.092616 0.034841
vn 0.014432 -0.092616 0.034841
vn 0.014432 -0.092616 0.034841
vn -0.035443 0.037712 0.085566
vn -0.035443 0.037712 0.085566
vn -0.035443 0.037712 0.085566
vn -0.092388 0.000000 -0.038268
vn -0.092388 0.000000 -0.038268
vn -0.092388 0.000000 -0.038268
vn -0.014432 -0.092616 0.034841
vn -0.014432 -0.092616 0.034841
vn -0.014432 -0.092616 0.034841
vn -0.014432 -0.092616 0.034841
vn 0.007357 0.092616 -0.036987
vn 0.007357 0.092616 -0.036987
vn 0.007357 0.092616 -0.036987
vn 0.007357 0.092616 -0.036987
vn 0.007357 0.092616 -0.036987
vn 0.007357 0.092616 -0.036987
vn 0.007357 0.092616 -0.036987
vn 0.007357 0.092616 -0.036987
vn 0.007357 0.092616 -0.036987
vn 0.007357 0.092616 -0.036987
vn 0.007357 0.092616 -0.036987
vn -0.098079 0.000000 -0.019509
vn -0.098079 0.000000 -0.019509
vn -0.098079 0.000000 -0.019509
vn -0.098079 0.000000 -0.019509
vn -0.098079 0.000000 -0.019509
vn -0.098079 0.000000 -0.019509
vn -0.098079 0.000000 -0.019509
vn -0.007357 -0.092616 0.036987
vn -0.007357 -0.092616 0.036987
vn -0.007357 -0.092616 0.036987
vn -0.007357 -0.092616 0.036987
vn -0.018069 0.037712 0.090837
vn -0.018069 0.037712 0.090837
vn -0.018069 0.037712 0.090837
vn 0.007357 -0.092616 0.036987
vn 0.007357 -0.092616 0.036987
vn 0.007357 -0.092616 0.036987
vn 0.007357 -0.092616 0.036987
vn 0.018069 0.037712 0.090837
vn 0.018069 0.037712 0.090837
vn 0.018069 0.037712 0.090837
vn 0.098079 0.000000 -0.019509
vn 0.098079 0.000000 -0.019509
vn 0.098079 0.000000 -0.019509
vn 0.098079 0.000000 -0.019509
vn 0.098079 0.000000 -0.019509
vn 0.098079 0.000000 -0.019509
vn 0.098079 0.000000 -0.019509
vn -0.007357 0.092616 -0.036987
vn -0.007357 0.092616 -0.036987
vn -0.007357 0.092616 -0.036987
vn -0.007357 0.092616 -0.036987
vn -0.007357 0.092616 -0.036987
vn -0.007357 0.092616 -0.036987
vn 0.035443 0.037712 0.085566
vn 0.035443 0.037712 0.085566
vn 0.035443 0.037712 0.085566
vn 0.035443 0.037712 0.085566
vn 0.035443 0.037712 0.085566
vn 0.035443 0.037712 0.085566
vn 0.092388 0.000000 -0.038268
vn 0.092388 0.000000 -0.038268
vn 0.092388 0.000000 -0.038268
vn -0.014432 0.092616 -0.034841
vn -0.014432 0.092616 -0.034841
vn -0.014432 0.092616 -0.034841
vn -0.014432 0.092616 -0.034841
vn -0.014432 0.092616 -0.034841
vn -0.014432 0.092616 -0.034841
vn 0.051455 0.037712 0.077008
vn 0.051455 0.037712 0.077008
vn 0.051455 0.037712 0.077008
vn 0.051455 0.037712 0.077008
vn 0.051455 0.037712 0.077008
vn 0.051455 0.037712 0.077008
vn 0.083147 0.000000 -0.055557
vn 0.083147 0.000000 -0.055557
vn 0.083147 0.000000 -0.055557
vn -0.020952 0.092616 -0.031356
vn -0.020952 0.092616 -0.031356
vn -0.020952 0.092616 -0.031356
vn -0.020952 0.092616 -0.031356
vn -0.020952 0.092616 -0.031356
vn -0.020952 0.092616 -0.031356
vn -0.020952 0.092616 -0.031356
vn -0.020952 0.092616 -0.031356
vn -0.018069 0.037712 0.090837
vn -0.018069 0.037712 0.090837
vn -0.018069 0.037712 0.090837
vn -0.018069 0.037712 0.090837
vn -0.018069 0.037712 0.090837
vn -0.018069 0.037712 0.090837
vn -0.018069 0.037712 0.090837
vn -0.018069 0.037712 0.090837
vn -0.018069 0.037712 0.090837
vn -0.018069 0.037712 0.090837
vn -0.018069 0.037712 0.090837
vn -0.018069 0.037712 0.090837
vn -0.018069 0.037712 0.090837
vn -0.018069 0.037712 0.090837
vn -0.018069 0.037712 0.090837
vn 0.007357 0.092616 -0.036987
vn 0.007357 0.092616 -0.036987
vn 0.007357 0.092616 -0.036987
vn 0.007357 0.092616 -0.036987
vn 0.007357 0.092616 -0.036987
vn 0.007357 0.092616 -0.036987
vn 0.007357 0.092616 -0.036987
vn 0.007357 0.092616 -0.036987
vn 0.007357 0.092616 -0.036987
vn 0.007357 0.092616 -0.036987
vn 0.007357 0.092616 -0.036987
vn 0.007357 0.092616 -0.036987
vn 0.007357 0.092616 -0.036987
vn 0.007357 0.092616 -0.036987
vn 0.007357 0.092616 -0.036987
vn 0.007357 0.092616 -0.036987
vn 0.007357 0.092616 -0.036987
vn 0.007357 0.092616 -0.036987
vn 0.007357 0.092616 -0.036987
vn 0.007357 0.092616 -0.036987
vn 0.007357 0.092616 -0.036987
vn 0.007357 0.092616 -0.036987
vn 0.007357 0.092616 -0.036987
vn 0.007357 0.092616 -0.036987
vn 0.007357 0.092616 -0.036987
vn -0.098079 0.000000 -0.019509
vn -0.098079 0.000000 -0.019509
vn -0.098079 0.000000 -0.019509
vn 0.098079 0.000000 0.019509
vn 0.098079 0.000000 0.019509
vn 0.098079 0.000000 0.019509
vn 0.098079 0.000000 0.019509
vn 0.098079 0.000000 0.019509
vn 0.098079 0.000000 0.019509
vn 0.098079 0.000000 0.019509
vn 0.098079 0.000000 0.019509
vn 0.098079 0.000000 0.019509
vn 0.098079 0.000000 0.019509
vn 0.098079 0.000000 0.019509
vn 0.098079 0.000000 0.019509
vn 0.098079 0.000000 0.019509
vn -0.098079 0.000000 -0.019509
vn -0.098079 0.000000 -0.019509
vn -0.098079 0.000000 -0.019509
vn 0.018069 -0.037712 -0.090837
vn 0.018069 -0.037712 -0.090837
vn 0.018069 -0.037712 -0.090837
vn 0.018069 -0.037712 -0.090837
vn 0.018069 -0.037712 -0.090837
vn -0.007357 -0.092616 0.036987
vn -0.007357 -0.092616 0.036987
vn -0.007357 -0.092616 0.036987
vn -0.007357 -0.092616 0.036987
vn -0.018069 0.037712 0.090837
vn -0.018069 0.037712 0.090837
vn -0.018069 0.037712 0.090837
vn -0.065490 0.037712 0.065490
vn -0.065490 0.037712 0.065490
vn -0.065490 0.037712 0.065490
vn -0.065490 0.037712 0.065490
vn -0.065490 0.037712 0.065490
vn -0.065490 0.037712 0.065490
vn 0.026666 0.092616 -0.026666
vn 0.026666 0.092616 -0.026666
vn 0.026666 0.092616 -0.026666
vn 0.026666 0.092616 -0.026666
vn 0.026666 0.092616 -0.026666
vn 0.026666 0.092616 -0.026666
vn 0.026666 0.092616 -0.026666
vn 0.026666 0.092616 -0.026666
vn -0.070711 0.000000 -0.070711
vn -0.070711 0.000000 -0.070711
vn -0.070711 0.000000 -0.070711
vn 0.020952 0.092616 -0.031356
vn 0.020952 0.092616 -0.031356
vn 0.020952 0.092616 -0.031356
vn 0.020952 0.092616 -0.031356
vn 0.020952 0.092616 -0.031356
vn 0.020952 0.092616 -0.031356
vn 0.092388 0.000000 -0.038268
vn 0.092388 0.000000 -0.038268
vn 0.092388 0.000000 -0.038268
vn 0.092388 0.000000 -0.038268
vn 0.092388 0.000000 -0.038268
vn 0.092388 0.000000 -0.038268
vn -0.014432 0.092616 -0.034841
vn -0.014432 0.092616 -0.034841
vn -0.014432 0.092616 -0.034841
vn -0.014432 0.092616 -0.034841
vn -0.014432 0.092616 -0.034841
vn -0.014432 0.092616 -0.034841
vn -0.014432 0.092616 -0.034841
vn -0.014432 0.092616 -0.034841
vn -0.051455 0.037712 0.077008
vn -0.051455 0.037712 0.077008
vn -0.051455 0.037712 0.077008
vn -0.083147 0.000000 -0.055557
vn -0.083147 0.000000 -0.055557
vn -0.083147 0.000000 -0.055557
vn 0.014432 0.092616 -0.034841
vn 0.014432 0.092616 -0.034841
vn 0.014432 0.092616 -0.034841
vn 0.014432 0.092616 -0.034841
vn 0.014432 0.092616 -0.034841
vn 0.014432 0.092616 -0.034841
vn 0.014432 0.092616 -0.034841
vn 0.014432 0.092616 -0.034841
vn -0.035443 0.037712 0.085566
vn -0.035443 0.037712 0.085566
vn -0.035443 0.037712 0.085566
vn -0.035443 0.037712 0.085566
vn -0.035443 0.037712 0.085566
vn -0.035443 0.037712 0.085566
vn 0.098079 0.000000 -0.019509
vn 0.098079 0.000000 -0.019509
vn 0.098079 0.000000 -0.019509
vn -0.007357 0.092616 -0.036987
vn -0.007357 0.092616 -0.036987
vn -0.007357 0.092616 -0.036987
vn -0.007357 0.092616 -0.036987
vn -0.007357 0.092616 -0.036987
vn -0.007357 0.092616 -0.036987
vn -0.007357 0.092616 -0.036987
vn -0.007357 0.092616 -0.036987
vn -0.007357 0.092616 -0.036987
vn -0.007357 0.092616 -0.036987
vn -0.007357 0.092616 -0.036987
vn -0.007357 0.092616 -0.036987
vn -0.007357 0.092616 -0.036987
vn 0.018069 0.037712 0.090837
vn 0.018069 0.037712 0.090837
vn 0.018069 0.037712 0.090837
vn -0.092388 0.000000 -0.038268
vn -0.092388 0.000000 -0.038268
vn -0.092388 0.000000 -0.038268
vn -0.092388 0.000000 -0.038268
vn 0.007357 -0.092616 0.036987
vn 0.007357 -0.092616 0.036987
vn 0.007357 -0.092616 0.036987
vn 0.007357 -0.092616 0.036987
vn -0.035443 0.037712 0.085566
vn -0.035443 0.037712 0.085566
vn -0.035443 0.037712 0.085566
vn -0.035443 0.037712 0.085566
vn -0.035443 0.037712 0.085566
vn -0.035443 0.037712 0.085566
vn -0.035443 0.037712 0.085566
vn -0.035443 0.037712 0.085566
vn -0.035443 0.037712 0.085566
vn 0.014432 0.092616 -0.034841
vn 0.014432 0.092616 -0.034841
vn 0.014432 0.092616 -0.034841
vn 0.014432 0.092616 -0.034841
vn 0.014432 0.092616 -0.034841
vn 0.014432 0.092616 -0.034841
vn 0.014432 0.092616 -0.034841
vn 0.014432 0.092616 -0.034841
vn 0.014432 0.092616 -0.034841
vn 0.014432 0.092616 -0.034841
vn 0.014432 0.092616 -0.034841
vn 0.014432 0.092616 -0.034841
vn 0.014432 0.092616 -0.034841
vn 0.014432 0.092616 -0.034841
vn 0.014432 0.092616 -0.034841
vn 0.014432 0.092616 -0.034841
vn 0.014432 0.092616 -0.034841
vn -0.092388 0.000000 -0.038268
vn -0.092388 0.000000 -0.038268
vn -0.092388 0.000000 -0.038268
vn 0.092388 0.000000 0.038268
vn 0.092388 0.000000 0.038268
vn 0.092388 0.000000 0.038268
vn 0.092388 0.000000 0.038268
vn 0.092388 0.000000 0.038268
vn 0.092388 0.000000 0.038268
vn 0.092388 0.000000 0.038268
vn 0.092388 0.000000 0.038268
vn 0.092388 0.000000 0.038268
vn 0.092388 0.000000 0.038268
vn 0.092388 0.000000 0.038268
vn 0.092388 0.000000 0.038268
vn 0.092388 0.000000 0.038268
vn -0.092388 0.000000 -0.038268
vn -0.092388 0.000000 -0.038268
vn -0.092388 0.000000 -0.038268
vn 0.035443 -0.037712 -0.085566
vn 0.035443 -0.037712 -0.085566
vn 0.035443 -0.037712 -0.085566
vn 0.035443 -0.037712 -0.085566
vn 0.035443 -0.037712 -0.085566
vn -0.014432 -0.092616 0.034841
vn -0.014432 -0.092616 0.034841
vn -0.014432 -0.092616 0.034841
vn -0.014432 -0.092616 0.034841
vn -0.035443 0.037712 0.085566
vn -0.035443 0.037712 0.085566
vn -0.035443 0.037712 0.085566
vn -0.077008 0.037712 0.051455
vn -0.077008 0.037712 0.051455
vn -0.077008 0.037712 0.051455
vn -0.077008 0.037712 0.051455
vn -0.077008 0.037712 0.051455
vn -0.077008 0.037712 0.051455
vn 0.031356 0.092616 -0.020952
vn 0.031356 0.092616 -0.020952
vn 0.031356 0.092616 -0.020952
vn 0.031356 0.092616 -0.020952
vn 0.031356 0.092616 -0.020952
vn 0.031356 0.092616 -0.020952
vn 0.031356 0.092616 -0.020952
vn 0.031356 0.092616 -0.020952
vn -0.055557 0.000000 -0.083147
vn -0.055557 0.000000 -0.083147
vn -0.055557 0.000000 -0.083147
vn 0.026666 0.092616 -0.026666
vn 0.026666 0.092616 -0.026666
vn 0.026666 0.092616 -0.026666
vn 0.026666 0.092616 -0.026666
vn 0.026666 0.092616 -0.026666
vn 0.026666 0.092616 -0.026666
vn -0.065490 0.037712 0.065490
vn -0.065490 0.037712 0.065490
vn -0.065490 0.037712 0.065490
vn -0.070711 0.000000 -0.070711
vn -0.070711 0.000000 -0.070711
vn -0.070711 0.000000 -0.070711
vn 0.020952 0.092616 -0.031356
vn 0.020952 0.092616 -0.031356
vn 0.020952 0.092616 -0.031356
vn 0.020952 0.092616 -0.031356
vn 0.020952 0.092616 -0.031356
vn 0.020952 0.092616 -0.031356
vn 0.020952 0.092616 -0.031356
vn 0.020952 0.092616 -0.031356
vn -0.051455 0.037712 0.077008
vn -0.051455 0.037712 0.077008
vn -0.051455 0.037712 0.077008
vn -0.007357 0.092616 -0.036987
vn -0.007357 0.092616 -0.036987
vn -0.007357 0.092616 -0.036987
vn 0.098079 0.000000 -0.019509
vn 0.098079 0.000000 -0.019509
vn 0.098079 0.000000 -0.019509
vn 0.018069 0.037712 0.090837
vn 0.018069 0.037712 0.090837
vn 0.018069 0.037712 0.090837
vn -0.083147 0.000000 -0.055557
vn -0.083147 0.000000 -0.055557
vn -0.083147 0.000000 -0.055557
vn -0.083147 0.000000 -0.055557
vn 0.020952 0.092616 -0.031356
vn 0.020952 0.092616 -0.031356
vn 0.020952 0.092616 -0.031356
vn 0.020952 0.092616 -0.031356
vn 0.020952 0.092616 -0.031356
vn 0.020952 0.092616 -0.031356
vn 0.020952 0.092616 -0.031356
vn 0.020952 0.092616 -0.031356
vn 0.020952 0.092616 -0.031356
vn 0.020952 0.092616 -0.031356
vn 0.020952 0.092616 -0.031356
vn 0.020952 0.092616 -0.031356
vn 0.020952 0.092616 -0.031356
vn 0.020952 0.092616 -0.031356
vn -0.051455 0.037712 0.077008
vn -0.051455 0.037712 0.077008
vn -0.051455 0.037712 0.077008
vn -0.051455 0.037712 0.077008
vn -0.051455 0.037712 0.077008
vn -0.051455 0.037712 0.077008
vn 0.083147 0.000000 0.055557
vn 0.083147 0.000000 0.055557
vn 0.083147 0.000000 0.055557
vn 0.083147 0.000000 0.055557
vn 0.083147 0.000000 0.055557
vn 0.083147 0.000000 0.055557
vn 0.083147 0.000000 0.055557
vn 0.083147 0.000000 0.055557
vn 0.083147 0.000000 0.055557
vn 0.083147 0.000000 0.055557
vn 0.083147 0.000000 0.055557
vn 0.083147 0.000000 0.055557
vn 0.083147 0.000000 0.055557
vn -0.083147 0.000000 -0.055557
vn -0.083147 0.000000 -0.055557
vn -0.083147 0.000000 -0.055557
vn 0.051455 -0.037712 -0.077008
vn 0.051455 -0.037712 -0.077008
vn 0.051455 -0.037712 -0.077008
vn 0.051455 -0.037712 -0.077008
vn 0.051455 -0.037712 -0.077008
vn -0.020952 -0.092616 0.031356
vn -0.020952 -0.092616 0.031356
vn -0.020952 -0.092616 0.031356
vn -0.020952 -0.092616 0.031356
vn -0.051455 0.037712 0.077008
vn -0.051455 0.037712 0.077008
vn -0.051455 0.037712 0.077008
vn -0.085566 0.037712 0.035443
vn -0.085566 0.037712 0.035443
vn -0.085566 0.037712 0.035443
vn -0.085566 0.037712 0.035443
vn -0.085566 0.037712 0.035443
vn -0.085566 0.037712 0.035443
vn 0.034841 0.092616 -0.014432
vn 0.034841 0.092616 -0.014432
vn 0.034841 0.092616 -0.014432
vn 0.034841 0.092616 -0.014432
vn 0.034841 0.092616 -0.014432
vn 0.034841 0.092616 -0.014432
vn 0.034841 0.092616 -0.014432
vn 0.034841 0.092616 -0.014432
vn -0.038268 0.000000 -0.092388
vn -0.038268 0.000000 -0.092388
vn -0.038268 0.000000 -0.092388
vn 0.031356 0.092616 -0.020952
vn 0.031356 0.092616 -0.020952
vn 0.031356 0.092616 -0.020952
vn 0.031356 0.092616 -0.020952
vn 0.031356 0.092616 -0.020952
vn 0.031356 0.092616 -0.020952
vn -0.077008 0.037712 0.051455
vn -0.077008 0.037712 0.051455
vn -0.077008 0.037712 0.051455
vn -0.055557 0.000000 -0.083147
vn -0.055557 0.000000 -0.083147
vn -0.055557 0.000000 -0.083147
vn 0.026666 0.092616 -0.026666
vn 0.026666 0.092616 -0.026666
vn 0.026666 0.092616 -0.026666
vn 0.026666 0.092616 -0.026666
vn 0.026666 0.092616 -0.026666
vn 0.026666 0.092616 -0.026666
vn 0.026666 0.092616 -0.026666
vn 0.026666 0.092616 -0.026666
vn -0.065490 0.037712 0.065490
vn -0.065490 0.037712 0.065490
vn -0.065490 0.037712 0.065490
vn -0.070711 0.000000 -0.070711
vn -0.070711 0.000000 -0.070711
vn -0.070711 0.000000 -0.070711
vn -0.070711 0.000000 -0.070711
vn 0.026666 0.092616 -0.026666
vn 0.026666 0.092616 -0.026666
vn 0.026666 0.092616 -0.026666
vn 0.026666 0.092616 -0.026666
vn 0.026666 0.092616 -0.026666
vn 0.026666 0.092616 -0.026666
vn 0.026666 0.092616 -0.026666
vn 0.026666 0.092616 -0.026666
vn 0.026666 0.092616 -0.026666
vn 0.026666 0.092616 -0.026666
vn 0.026666 0.092616 -0.026666
vn 0.026666 0.092616 -0.026666
vn 0.026666 0.092616 -0.026666
vn 0.026666 0.092616 -0.026666
vn -0.065490 0.037712 0.065490
vn -0.065490 0.037712 0.065490
vn -0.065490 0.037712 0.065490
vn -0.065490 0.037712 0.065490
vn -0.065490 0.037712 0.065490
vn -0.065490 0.037712 0.065490
vn 0.070711 0.000000 0.070711
vn 0.070711 0.000000 0.070711
vn 0.070711 0.000000 0.070711
vn 0.070711 0.000000 0.070711
vn 0.070711 0.000000 0.070711
vn 0.070711 0.000000 0.070711
vn 0.070711 0.000000 0.070711
vn 0.070711 0.000000 0.070711
vn 0.070711 0.000000 0.070711
vn 0.070711 0.000000 0.070711
vn 0.070711 0.000000 0.070711
vn 0.070711 0.000000 0.070711
vn 0.070711 0.000000 0.070711
vn -0.070711 0.000000 -0.070711
vn -0.070711 0.000000 -0.070711
vn -0.070711 0.000000 -0.070711
vn 0.065490 -0.037712 -0.065490
vn 0.065490 -0.037712 -0.065490
vn 0.065490 -0.037712 -0.065490
vn 0.065490 -0.037712 -0.065490
vn 0.065490 -0.037712 -0.065490
vn -0.026666 -0.092616 0.026666
vn -0.026666 -0.092616 0.026666
vn -0.026666 -0.092616 0.026666
vn -0.026666 -0.092616 0.026666
vn -0.065490 0.037712 0.065490
vn -0.065490 0.037712 0.065490
vn -0.065490 0.037712 0.065490
vn -0.090837 0.037712 0.018069
vn -0.090837 0.037712 0.018069
vn -0.090837 0.037712 0.018069
vn -0.090837 0.037712 0.018069
vn -0.090837 0.037712 0.018069
vn -0.090837 0.037712 0.018069
vn 0.036987 0.092616 -0.007357
vn 0.036987 0.092616 -0.007357
vn 0.036987 0.092616 -0.007357
vn 0.036987 0.092616 -0.007357
vn 0.036987 0.092616 -0.007357
vn 0.036987 0.092616 -0.007357
vn 0.036987 0.092616 -0.007357
vn 0.036987 0.092616 -0.007357
vn -0.019509 0.000000 -0.098079
vn -0.019509 0.000000 -0.098079
vn -0.019509 0.000000 -0.098079
vn 0.034841 0.092616 -0.014432
vn 0.034841 0.092616 -0.014432
vn 0.034841 0.092616 -0.014432
vn 0.034841 0.092616 -0.014432
vn 0.034841 0.092616 -0.014432
vn 0.034841 0.092616 -0.014432
vn -0.085566 0.037712 0.035443
vn -0.085566 0.037712 0.035443
vn -0.085566 0.037712 0.035443
vn -0.038268 0.000000 -0.092388
vn -0.038268 0.000000 -0.092388
vn -0.038268 0.000000 -0.092388
vn 0.031356 0.092616 -0.020952
vn 0.031356 0.092616 -0.020952
vn 0.031356 0.092616 -0.020952
vn 0.031356 0.092616 -0.020952
vn 0.031356 0.092616 -0.020952
vn 0.031356 0.092616 -0.020952
vn 0.031356 0.092616 -0.020952
vn 0.031356 0.092616 -0.020952
vn -0.077008 0.037712 0.051455
vn -0.077008 0.037712 0.051455
vn -0.077008 0.037712 0.051455
vn -0.055557 0.000000 -0.083147
vn -0.055557 0.000000 -0.083147
vn -0.055557 0.000000 -0.083147
vn -0.055557 0.000000 -0.083147
vn 0.031356 0.092616 -0.020952
vn 0.031356 0.092616 -0.020952
vn 0.031356 0.092616 -0.020952
vn 0.031356 0.092616 -0.020952
vn 0.031356 0.092616 -0.020952
vn 0.031356 0.092616 -0.020952
vn 0.031356 0.092616 -0.020952
vn 0.031356 0.092616 -0.020952
vn 0.031356 0.092616 -0.020952
vn 0.031356 0.092616 -0.020952
vn 0.031356 0.092616 -0.020952
vn 0.031356 0.092616 -0.020952
vn 0.031356 0.092616 -0.020952
vn 0.031356 0.092616 -0.020952
vn -0.077008 0.037712 0.051455
vn -0.077008 0.037712 0.051455
vn -0.077008 0.037712 0.051455
vn -0.077008 0.037712 0.051455
vn -0.077008 0.037712 0.051455
vn -0.077008 0.037712 0.051455
vn 0.055557 0.000000 0.083147
vn 0.055557 0.000000 0.083147
vn 0.055557 0.000000 0.083147
vn 0.055557 0.000000 0.083147
vn 0.055557 0.000000 0.083147
vn 0.055557 0.000000 0.083147
vn 0.055557 0.000000 0.083147
vn 0.055557 0.000000 0.083147
vn 0.055557 0.000000 0.083147
vn 0.055557 0.000000 0.083147
vn 0.055557 0.000000 0.083147
vn 0.055557 0.000000 0.083147
vn 0.055557 0.000000 0.083147
vn -0.055557 0.000000 -0.083147
vn -0.055557 0.000000 -0.083147
vn -0.055557 0.000000 -0.083147
vn 0.077008 -0.037712 -0.051455
vn 0.077008 -0.037712 -0.051455
vn 0.077008 -0.037712 -0.051455
vn 0.077008 -0.037712 -0.051455
vn 0.077008 -0.037712 -0.051455
vn -0.031356 -0.092616 0.020952
vn -0.031356 -0.092616 0.020952
vn -0.031356 -0.092616 0.020952
vn -0.031356 -0.092616 0.020952
vn -0.077008 0.037712 0.051455
vn -0.077008 0.037712 0.051455
vn -0.077008 0.037712 0.051455
vn -0.092616 0.037712 0.000000
vn -0.092616 0.037712 0.000000
vn -0.092616 0.037712 0.000000
vn -0.092616 0.037712 0.000000
vn -0.092616 0.037712 0.000000
vn -0.092616 0.037712 0.000000
vn 0.037712 0.092616 0.000000
vn 0.037712 0.092616 0.000000
vn 0.037712 0.092616 0.000000
vn 0.037712 0.092616 0.000000
vn 0.037712 0.092616 0.000000
vn 0.037712 0.092616 0.000000
vn 0.037712 0.092616 0.000000
vn 0.037712 0.092616 0.000000
vn 0.000000 0.000000 -0.100000
vn 0.000000 0.000000 -0.100000
vn 0.000000 0.000000 -0.100000
vn 0.036987 0.092616 -0.007357
vn 0.036987 0.092616 -0.007357
vn 0.036987 0.092616 -0.007357
vn 0.036987 0.092616 -0.007357
vn 0.036987 0.092616 -0.007357
vn 0.036987 0.092616 -0.007357
vn -0.090837 0.037712 0.018069
vn -0.090837 0.037712 0.018069
vn -0.090837 0.037712 0.018069
vn -0.019509 0.000000 -0.098079
vn -0.019509 0.000000 -0.098079
vn -0.019509 0.000000 -0.098079
vn 0.034841 0.092616 -0.014432
vn 0.034841 0.092616 -0.014432
vn 0.034841 0.092616 -0.014432
vn 0.034841 0.092616 -0.014432
vn 0.034841 0.092616 -0.014432
vn 0.034841 0.092616 -0.014432
vn 0.034841 0.092616 -0.014432
vn 0.034841 0.092616 -0.014432
vn -0.085566 0.037712 0.035443
vn -0.085566 0.037712 0.035443
vn -0.085566 0.037712 0.035443
vn -0.038268 0.000000 -0.092388
vn -0.038268 0.000000 -0.092388
vn -0.038268 0.000000 -0.092388
vn -0.038268 0.000000 -0.092388
vn 0.034841 0.092616 -0.014432
vn 0.034841 0.092616 -0.014432
vn 0.034841 0.092616 -0.014432
vn 0.034841 0.092616 -0.014432
vn 0.034841 0.092616 -0.014432
vn 0.034841 0.092616 -0.014432
vn 0.034841 0.092616 -0.014432
vn 0.034841 0.092616 -0.014432
vn 0.034841 0.092616 -0.014432
vn 0.034841 0.092616 -0.014432
vn 0.034841 0.092616 -0.014432
vn 0.034841 0.092616 -0.014432
vn 0.034841 0.092616 -0.014432
vn 0.034841 0.092616 -0.014432
vn -0.085566 0.037712 0.035443
vn -0.085566 0.037712 0.035443
vn -0.085566 0.037712 0.035443
vn -0.085566 0.037712 0.035443
vn -0.085566 0.037712 0.035443
vn -0.085566 0.037712 0.035443
vn 0.038268 0.000000 0.092388
vn 0.038268 0.000000 0.092388
vn 0.038268 0.000000 0.092388
vn 0.038268 0.000000 0.092388
vn 0.038268 0.000000 0.092388
vn 0.038268 0.000000 0.092388
vn 0.038268 0.000000 0.092388
vn 0.038268 0.000000 0.092388
vn 0.038268 0.000000 0.092388
vn 0.038268 0.000000 0.092388
vn 0.038268 0.000000 0.092388
vn 0.038268 0.000000 0.092388
vn 0.038268 0.000000 0.092388
vn -0.038268 0.000000 -0.092388
vn -0.038268 0.000000 -0.092388
vn -0.038268 0.000000 -0.092388
vn 0.085566 -0.037712 -0.035443
vn 0.085566 -0.037712 -0.035443
vn 0.085566 -0.037712 -0.035443
vn 0.085566 -0.037712 -0.035443
vn 0.085566 -0.037712 -0.035443
vn -0.034841 -0.092616 0.014432
vn -0.034841 -0.092616 0.014432
vn -0.034841 -0.092616 0.014432
vn -0.034841 -0.092616 0.014432
vn -0.085566 0.037712 0.035443
vn -0.085566 0.037712 0.035443
vn -0.085566 0.037712 0.035443
vn -0.090837 0.037712 -0.018069
vn -0.090837 0.037712 -0.018069
vn -0.090837 0.037712 -0.018069
vn -0.090837 0.037712 -0.018069
vn -0.090837 0.037712 -0.018069
vn -0.090837 0.037712 -0.018069
vn 0.036987 0.092616 0.007357
vn 0.036987 0.092616 0.007357
vn 0.036987 0.092616 0.007357
vn 0.036987 0.092616 0.007357
vn 0.036987 0.092616 0.007357
vn 0.036987 0.092616 0.007357
vn 0.036987 0.092616 0.007357
vn 0.036987 0.092616 0.007357
vn 0.019509 0.000000 -0.098079
vn 0.019509 0.000000 -0.098079
vn 0.019509 0.000000 -0.098079
vn 0.037712 0.092616 0.000000
vn 0.037712 0.092616 0.000000
vn 0.037712 0.092616 0.000000
vn 0.037712 0.092616 0.000000
vn 0.037712 0.092616 0.000000
vn 0.037712 0.092616 0.000000
vn -0.092616 0.037712 0.000000
vn -0.092616 0.037712 0.000000
vn -0.092616 0.037712 0.000000
vn 0.000000 0.000000 -0.100000
vn 0.000000 0.000000 -0.100000
vn 0.000000 0.000000 -0.100000
vn 0.036987 0.092616 -0.007357
vn 0.036987 0.092616 -0.007357
vn 0.036987 0.092616 -0.007357
vn 0.036987 0.092616 -0.007357
vn 0.036987 0.092616 -0.007357
vn 0.036987 0.092616 -0.007357
vn 0.036987 0.092616 -0.007357
vn 0.036987 0.092616 -0.007357
vn -0.090837 0.037712 0.018069
vn -0.090837 0.037712 0.018069
vn -0.090837 0.037712 0.018069
vn -0.019509 0.000000 -0.098079
vn -0.019509 0.000000 -0.098079
vn -0.019509 0.000000 -0.098079
vn -0.019509 0.000000 -0.098079
vn 0.036987 0.092616 -0.007357
vn 0.036987 0.092616 -0.007357
vn 0.036987 0.092616 -0.007357
vn 0.036987 0.092616 -0.007357
vn 0.036987 0.092616 -0.007357
vn 0.036987 0.092616 -0.007357
vn 0.036987 0.092616 -0.007357
vn 0.036987 0.092616 -0.007357
vn 0.036987 0.092616 -0.007357
vn 0.036987 0.092616 -0.007357
vn 0.036987 0.092616 -0.007357
vn 0.036987 0.092616 -0.007357
vn 0.036987 0.092616 -0.007357
vn 0.036987 0.092616 -0.007357
vn -0.090837 0.037712 0.018069
vn -0.090837 0.037712 0.018069
vn -0.090837 0.037712 0.018069
vn -0.090837 0.037712 0.018069
vn -0.090837 0.037712 0.018069
vn -0.090837 0.037712 0.018069
vn 0.019509 0.000000 0.098079
vn 0.019509 0.000000 0.098079
vn 0.019509 0.000000 0.098079
vn 0.019509 0.000000 0.098079
vn 0.019509 0.000000 0.098079
vn 0.019509 0.000000 0.098079
vn 0.019509 0.000000 0.098079
vn 0.019509 0.000000 0.098079
vn 0.019509 0.000000 0.098079
vn 0.019509 0.000000 0.098079
vn 0.019509 0.000000 0.098079
vn 0.019509 0.000000 0.098079
vn 0.019509 0.000000 0.098079
vn -0.019509 0.000000 -0.098079
vn -0.019509 0.000000 -0.098079
vn -0.019509 0.000000 -0.098079
vn 0.090837 -0.037712 -0.018069
vn 0.090837 -0.037712 -0.018069
vn 0.090837 -0.037712 -0.018069
vn 0.090837 -0.037712 -0.018069
vn 0.090837 -0.037712 -0.018069
vn -0.036987 -0.092616 0.007357
vn -0.036987 -0.092616 0.007357
vn -0.036987 -0.092616 0.007357
vn -0.036987 -0.092616 0.007357
vn -0.090837 0.037712 0.018069
vn -0.090837 0.037712 0.018069
vn -0.090837 0.037712 0.018069
vn -0.085566 0.037712 -0.035443
vn -0.085566 0.037712 -0.035443
vn -0.085566 0.037712 -0.035443
vn -0.085566 0.037712 -0.035443
vn -0.085566 0.037712 -0.035443
vn -0.085566 0.037712 -0.035443
vn 0.034841 0.092616 0.014432
vn 0.034841 0.092616 0.014432
vn 0.034841 0.092616 0.014432
vn 0.034841 0.092616 0.014432
vn 0.034841 0.092616 0.014432
vn 0.034841 0.092616 0.014432
vn 0.034841 0.092616 0.014432
vn 0.034841 0.092616 0.014432
vn 0.038268 0.000000 -0.092388
vn 0.038268 0.000000 -0.092388
vn 0.038268 0.000000 -0.092388
vn 0.036987 0.092616 0.007357
vn 0.036987 0.092616 0.007357
vn 0.036987 0.092616 0.007357
vn 0.036987 0.092616 0.007357
vn 0.036987 0.092616 0.007357
vn 0.036987 0.092616 0.007357
vn -0.090837 0.037712 -0.018069
vn -0.090837 0.037712 -0.018069
vn -0.090837 0.037712 -0.018069
vn 0.019509 0.000000 -0.098079
vn 0.019509 0.000000 -0.098079
vn 0.019509 0.000000 -0.098079
vn 0.037712 0.092616 0.000000
vn 0.037712 0.092616 0.000000
vn 0.037712 0.092616 0.000000
vn 0.037712 0.092616 0.000000
vn 0.037712 0.092616 0.000000
vn 0.037712 0.092616 0.000000
vn 0.037712 0.092616 0.000000
vn 0.037712 0.092616 0.000000
vn -0.092616 0.037712 0.000000
vn -0.092616 0.037712 0.000000
vn -0.092616 0.037712 0.000000
vn 0.000000 0.000000 -0.100000
vn 0.000000 0.000000 -0.100000
vn 0.000000 0.000000 -0.100000
vn 0.000000 0.000000 -0.100000
vn 0.037712 0.092616 0.000000
vn 0.037712 0.092616 0.000000
vn 0.037712 0.092616 0.000000
vn 0.037712 0.092616 0.000000
vn 0.037712 0.092616 0.000000
vn 0.037712 0.092616 0.000000
vn 0.037712 0.092616 0.000000
vn 0.037712 0.092616 0.000000
vn 0.037712 0.092616 0.000000
vn 0.037712 0.092616 0.000000
vn 0.037712 0.092616 0.000000
vn 0.037712 0.092616 0.000000
vn 0.037712 0.092616 0.000000
vn 0.037712 0.092616 0.000000
vn -0.092616 0.037712 0.000000
vn -0.092616 0.037712 0.000000
vn -0.092616 0.037712 0.000000
vn -0.092616 0.037712 0.000000
vn -0.092616 0.037712 0.000000
vn -0.092616 0.037712 0.000000
vn 0.000000 0.000000 0.100000
vn 0.000000 0.000000 0.100000
vn 0.000000 0.000000 0.100000
vn 0.000000 0.000000 0.100000
vn 0.000000 0.000000 0.100000
vn 0.000000 0.000000 0.100000
vn 0.000000 0.000000 0.100000
vn 0.000000 0.000000 0.100000
vn 0.000000 0.000000 0.100000
vn 0.000000 0.000000 0.100000
vn 0.000000 0.000000 0.100000
vn 0.000000 0.000000 0.100000
vn 0.000000 0.000000 0.100000
vn 0.000000 0.000000 -0.100000
vn 0.000000 0.000000 -0.100000
vn 0.000000 0.000000 -0.100000
vn 0.092616 -0.037712 0.000000
vn 0.092616 -0.037712 0.000000
vn 0.092616 -0.037712 0.000000
vn 0.092616 -0.037712 0.000000
vn 0.092616 -0.037712 0.000000
vn -0.037712 -0.092616 0.000000
vn -0.037712 -0.092616 0.000000
vn -0.037712 -0.092616 0.000000
vn -0.037712 -0.092616 0.000000
vn -0.092616 0.037712 0.000000
vn -0.092616 0.037712 0.000000
vn -0.092616 0.037712 0.000000
vn -0.077008 0.037712 -0.051455
vn -0.077008 0.037712 -0.051455
vn -0.077008 0.037712 -0.051455
vn -0.077008 0.037712 -0.051455
vn -0.077008 0.037712 -0.051455
vn -0.077008 0.037712 -0.051455
vn 0.031356 0.092616 0.020952
vn 0.031356 0.092616 0.020952
vn 0.031356 0.092616 0.020952
vn 0.031356 0.092616 0.020952
vn 0.031356 0.092616 0.020952
vn 0.031356 0.092616 0.020952
vn 0.031356 0.092616 0.020952
vn 0.031356 0.092616 0.020952
vn 0.055557 0.000000 -0.083147
vn 0.055557 0.000000 -0.083147
vn 0.055557 0.000000 -0.083147
vn 0.034841 0.092616 0.014432
vn 0.034841 0.092616 0.014432
vn 0.034841 0.092616 0.014432
vn 0.034841 0.092616 0.014432
vn 0.034841 0.092616 0.014432
vn 0.034841 0.092616 0.014432
vn -0.085566 0.037712 -0.035443
vn -0.085566 0.037712 -0.035443
vn -0.085566 0.037712 -0.035443
vn 0.038268 0.000000 -0.092388
vn 0.038268 0.000000 -0.092388
vn 0.038268 0.000000 -0.092388
vn 0.036987 0.092616 0.007357
vn 0.036987 0.092616 0.007357
vn 0.036987 0.092616 0.007357
vn 0.036987 0.092616 0.007357
vn 0.036987 0.092616 0.007357
vn 0.036987 0.092616 0.007357
vn 0.036987 0.092616 0.007357
vn 0.036987 0.092616 0.007357
vn -0.090837 0.037712 -0.018069
vn -0.090837 0.037712 -0.018069
vn -0.090837 0.037712 -0.018069
vn 0.019509 0.000000 -0.098079
vn 0.019509 0.000000 -0.098079
vn 0.019509 0.000000 -0.098079
vn 0.019509 0.000000 -0.098079
vn 0.036987 0.092616 0.007357
vn 0.036987 0.092616 0.007357
vn 0.036987 0.092616 0.007357
vn 0.036987 0.092616 0.007357
vn 0.036987 0.092616 0.007357
vn 0.036987 0.092616 0.007357
vn 0.036987 0.092616 0.007357
vn 0.036987 0.092616 0.007357
vn 0.036987 0.092616 0.007357
vn 0.036987 0.092616 0.007357
vn 0.036987 0.092616 0.007357
vn 0.036987 0.092616 0.007357
vn 0.036987 0.092616 0.007357
vn 0.036987 0.092616 0.007357
vn -0.090837 0.037712 -0.018069
vn -0.090837 0.037712 -0.018069
vn -0.090837 0.037712 -0.018069
vn -0.090837 0.037712 -0.018069
vn -0.090837 0.037712 -0.018069
vn -0.090837 0.037712 -0.018069
vn -0.019509 0.000000 0.098079
vn -0.019509 0.000000 0.098079
vn -0.019509 0.000000 0.098079
vn -0.019509 0.000000 0.098079
vn -0.019509 0.000000 0.098079
vn -0.019509 0.000000 0.098079
vn -0.019509 0.000000 0.098079
vn -0.019509 0.000000 0.098079
vn -0.019509 0.000000 0.098079
vn -0.019509 0.000000 0.098079
vn -0.019509 0.000000 0.098079
vn -0.019509 0.000000 0.098079
vn -0.019509 0.000000 0.098079
vn 0.019509 0.000000 -0.098079
vn 0.019509 0.000000 -0.098079
vn 0.019509 0.000000 -0.098079
vn 0.090837 -0.037712 0.018069
vn 0.090837 -0.037712 0.018069
vn 0.090837 -0.037712 0.018069
vn 0.090837 -0.037712 0.018069
vn 0.090837 -0.037712 0.018069
vn -0.036987 -0.092616 -0.007357
vn -0.036987 -0.092616 -0.007357
vn -0.036987 -0.092616 -0.007357
vn -0.036987 -0.092616 -0.007357
vn -0.090837 0.037712 -0.018069
vn -0.090837 0.037712 -0.018069
vn -0.090837 0.037712 -0.018069
vn -0.065490 0.037712 -0.065490
vn -0.065490 0.037712 -0.065490
vn -0.065490 0.037712 -0.065490
vn -0.065490 0.037712 -0.065490
vn -0.065490 0.037712 -0.065490
vn -0.065490 0.037712 -0.065490
vn 0.026666 0.092616 0.026666
vn 0.026666 0.092616 0.026666
vn 0.026666 0.092616 0.026666
vn 0.026666 0.092616 0.026666
vn 0.026666 0.092616 0.026666
vn 0.026666 0.092616 0.026666
vn 0.026666 0.092616 0.026666
vn 0.026666 0.092616 0.026666
vn 0.070711 0.000000 -0.070711
vn 0.070711 0.000000 -0.070711
vn 0.070711 0.000000 -0.070711
vn 0.031356 0.092616 0.020952
vn 0.031356 0.092616 0.020952
vn 0.031356 0.092616 0.020952
vn 0.031356 0.092616 0.020952
vn 0.031356 0.092616 0.020952
vn 0.031356 0.092616 0.020952
vn -0.077008 0.037712 -0.051455
vn -0.077008 0.037712 -0.051455
vn -0.077008 0.037712 -0.051455
vn 0.055557 0.000000 -0.083147
vn 0.055557 0.000000 -0.083147
vn 0.055557 0.000000 -0.083147
vn 0.034841 0.092616 0.014432
vn 0.034841 0.092616 0.014432
vn 0.034841 0.092616 0.014432
vn 0.034841 0.092616 0.014432
vn 0.034841 0.092616 0.014432
vn 0.034841 0.092616 0.014432
vn 0.034841 0.092616 0.014432
vn 0.034841 0.092616 0.014432
vn -0.085566 0.037712 -0.035443
vn -0.085566 0.037712 -0.035443
vn -0.085566 0.037712 -0.035443
vn 0.038268 0.000000 -0.092388
vn 0.038268 0.000000 -0.092388
vn 0.038268 0.000000 -0.092388
vn 0.038268 0.000000 -0.092388
vn 0.034841 0.092616 0.014432
vn 0.034841 0.092616 0.014432
vn 0.034841 0.092616 0.014432
vn 0.034841 0.092616 0.014432
vn 0.034841 0.092616 0.014432
vn 0.034841 0.092616 0.014432
vn 0.034841 0.092616 0.014432
vn 0.034841 0.092616 0.014432
vn 0.034841 0.092616 0.014432
vn 0.034841 0.092616 0.014432
vn 0.034841 0.092616 0.014432
vn 0.034841 0.092616 0.014432
vn 0.034841 0.092616 0.014432
vn 0.034841 0.092616 0.014432
vn -0.085566 0.037712 -0.035443
vn -0.085566 0.037712 -0.035443
vn -0.085566 0.037712 -0.035443
vn -0.085566 0.037712 -0.035443
vn -0.085566 0.037712 -0.035443
vn -0.085566 0.037712 -0.035443
vn -0.038268 0.000000 0.092388
vn -0.038268 0.000000 0.092388
vn -0.038268 0.000000 0.092388
vn -0.038268 0.000000 0.092388
vn -0.038268 0.000000 0.092388
vn -0.038268 0.000000 0.092388
vn -0.038268 0.000000 0.092388
vn -0.038268 0.000000 0.092388
vn -0.038268 0.000000 0.092388
vn -0.038268 0.000000 0.092388
vn -0.038268 0.000000 0.092388
vn -0.038268 0.000000 0.092388
vn -0.038268 0.000000 0.092388
vn 0.038268 0.000000 -0.092388
vn 0.038268 0.000000 -0.092388
vn 0.038268 0.000000 -0.092388
vn 0.085566 -0.037712 0.035443
vn 0.085566 -0.037712 0.035443
vn 0.085566 -0.037712 0.035443
vn 0.085566 -0.037712 0.035443
vn 0.085566 -0.037712 0.035443
vn -0.034841 -0.092616 -0.014432
vn -0.034841 -0.092616 -0.014432
vn -0.034841 -0.092616 -0.014432
vn -0.034841 -0.092616 -0.014432
vn -0.085566 0.037712 -0.035443
vn -0.085566 0.037712 -0.035443
vn -0.085566 0.037712 -0.035443
vn -0.051455 0.037712 -0.077008
vn -0.051455 0.037712 -0.077008
vn -0.051455 0.037712 -0.077008
vn -0.051455 0.037712 -0.077008
vn -0.051455 0.037712 -0.077008
vn -0.051455 0.037712 -0.077008
vn 0.020952 0.092616 0.031356
vn 0.020952 0.092616 0.031356
vn 0.020952 0.092616 0.031356
vn 0.020952 0.092616 0.031356
vn 0.020952 0.092616 0.031356
vn 0.020952 0.092616 0.031356
vn 0.020952 0.092616 0.031356
vn 0.020952 0.092616 0.031356
vn 0.083147 0.000000 -0.055557
vn 0.083147 0.000000 -0.055557
vn 0.083147 0.000000 -0.055557
vn 0.026666 0.092616 0.026666
vn 0.026666 0.092616 0.026666
vn 0.026666 0.092616 0.026666
vn 0.026666 0.092616 0.026666
vn 0.026666 0.092616 0.026666
vn 0.026666 0.092616 0.026666
vn -0.065490 0.037712 -0.065490
vn -0.065490 0.037712 -0.065490
vn -0.065490 0.037712 -0.065490
vn 0.070711 0.000000 -0.070711
vn 0.070711 0.000000 -0.070711
vn 0.070711 0.000000 -0.070711
vn 0.031356 0.092616 0.020952
vn 0.031356 0.092616 0.020952
vn 0.031356 0.092616 0.020952
vn 0.031356 0.092616 0.020952
vn 0.031356 0.092616 0.020952
vn 0.031356 0.092616 0.020952
vn 0.031356 0.092616 0.020952
vn 0.031356 0.092616 0.020952
vn -0.077008 0.037712 -0.051455
vn -0.077008 0.037712 -0.051455
vn -0.077008 0.037712 -0.051455
vn 0.055557 0.000000 -0.083147
vn 0.055557 0.000000 -0.083147
vn 0.055557 0.000000 -0.083147
vn 0.055557 0.000000 -0.083147
vn 0.031356 0.092616 0.020952
vn 0.031356 0.092616 0.020952
vn 0.031356 0.092616 0.020952
vn 0.031356 0.092616 0.020952
vn 0.031356 0.092616 0.020952
vn 0.031356 0.092616 0.020952
vn 0.031356 0.092616 0.020952
vn 0.031356 0.092616 0.020952
vn 0.031356 0.092616 0.020952
vn 0.031356 0.092616 0.020952
vn 0.031356 0.092616 0.020952
vn 0.031356 0.092616 0.020952
vn 0.031356 0.092616 0.020952
vn 0.031356 0.092616 0.020952
vn -0.077008 0.037712 -0.051455
vn -0.077008 0.037712 -0.051455
vn -0.077008 0.037712 -0.051455
vn -0.077008 0.037712 -0.051455
vn -0.077008 0.037712 -0.051455
vn -0.077008 0.037712 -0.051455
vn -0.055557 0.000000 0.083147
vn -0.055557 0.000000 0.083147
vn -0.055557 0.000000 0.083147
vn -0.055557 0.000000 0.083147
vn -0.055557 0.000000 0.083147
vn -0.055557 0.000000 0.083147
vn -0.055557 0.000000 0.083147
vn -0.055557 0.000000 0.083147
vn -0.055557 0.000000 0.083147
vn -0.055557 0.000000 0.083147
vn -0.055557 0.000000 0.083147
vn -0.055557 0.000000 0.083147
vn -0.055557 0.000000 0.083147
vn 0.055557 0.000000 -0.083147
vn 0.055557 0.000000 -0.083147
vn 0.055557 0.000000 -0.083147
vn 0.077008 -0.037712 0.051455
vn 0.077008 -0.037712 0.051455
vn 0.077008 -0.037712 0.051455
vn 0.077008 -0.037712 0.051455
vn 0.077008 -0.037712 0.051455
vn -0.031356 -0.092616 -0.020952
vn -0.031356 -0.092616 -0.020952
vn -0.031356 -0.092616 -0.020952
vn -0.031356 -0.092616 -0.020952
vn -0.077008 0.037712 -0.051455
vn -0.077008 0.037712 -0.051455
vn -0.077008 0.037712 -0.051455
vn -0.035443 0.037712 -0.085566
vn -0.035443 0.037712 -0.085566
vn -0.035443 0.037712 -0.085566
vn -0.035443 0.037712 -0.085566
vn -0.035443 0.037712 -0.085566
vn -0.035443 0.037712 -0.085566
vn 0.014432 0.092616 0.034841
vn 0.014432 0.092616 0.034841
vn 0.014432 0.092616 0.034841
vn 0.014432 0.092616 0.034841
vn 0.014432 0.092616 0.034841
vn 0.014432 0.092616 0.034841
vn 0.014432 0.092616 0.034841
vn 0.014432 0.092616 0.034841
vn 0.092388 0.000000 -0.038268
vn 0.092388 0.000000 -0.038268
vn 0.092388 0.000000 -0.038268
vn 0.020952 0.092616 0.031356
vn 0.020952 0.092616 0.031356
vn 0.020952 0.092616 0.031356
vn 0.020952 0.092616 0.031356
vn 0.020952 0.092616 0.031356
vn 0.020952 0.092616 0.031356
vn -0.051455 0.037712 -0.077008
vn -0.051455 0.037712 -0.077008
vn -0.051455 0.037712 -0.077008
vn 0.083147 0.000000 -0.055557
vn 0.083147 0.000000 -0.055557
vn 0.083147 0.000000 -0.055557
vn 0.026666 0.092616 0.026666
vn 0.026666 0.092616 0.026666
vn 0.026666 0.092616 0.026666
vn 0.026666 0.092616 0.026666
vn 0.026666 0.092616 0.026666
vn 0.026666 0.092616 0.026666
vn 0.026666 0.092616 0.026666
vn 0.026666 0.092616 0.026666
vn -0.065490 0.037712 -0.065490
vn -0.065490 0.037712 -0.065490
vn -0.065490 0.037712 -0.065490
vn 0.070711 0.000000 -0.070711
vn 0.070711 0.000000 -0.070711
vn 0.070711 0.000000 -0.070711
vn 0.070711 0.000000 -0.070711
vn 0.026666 0.092616 0.026666
vn 0.026666 0.092616 0.026666
vn 0.026666 0.092616 0.026666
vn 0.026666 0.092616 0.026666
vn 0.026666 0.092616 0.026666
vn 0.026666 0.092616 0.026666
vn 0.026666 0.092616 0.026666
vn 0.026666 0.092616 0.026666
vn 0.026666 0.092616 0.026666
vn 0.026666 0.092616 0.026666
vn 0.026666 0.092616 0.026666
vn 0.026666 0.092616 0.026666
vn 0.026666 0.092616 0.026666
vn 0.026666 0.092616 0.026666
vn -0.065490 0.037712 -0.065490
vn -0.065490 0.037712 -0.065490
vn -0.065490 0.037712 -0.065490
vn -0.065490 0.037712 -0.065490
vn -0.065490 0.037712 -0.065490
vn -0.065490 0.037712 -0.065490
vn -0.070711 0.000000 0.070711
vn -0.070711 0.000000 0.070711
vn -0.070711 0.000000 0.070711
vn -0.070711 0.000000 0.070711
vn -0.070711 0.000000 0.070711
vn -0.070711 0.000000 0.070711
vn -0.070711 0.000000 0.070711
vn -0.070711 0.000000 0.070711
vn -0.070711 0.000000 0.070711
vn -0.070711 0.000000 0.070711
vn -0.070711 0.000000 0.070711
vn -0.070711 0.000000 0.070711
vn -0.070711 0.000000 0.070711
vn 0.070711 0.000000 -0.070711
vn 0.070711 0.000000 -0.070711
vn 0.070711 0.000000 -0.070711
vn 0.065490 -0.037712 0.065490
vn 0.065490 -0.037712 0.065490
vn 0.065490 -0.037712 0.065490
vn 0.065490 -0.037712 0.065490
vn 0.065490 -0.037712 0.065490
vn -0.026666 -0.092616 -0.026666
vn -0.026666 -0.092616 -0.026666
vn -0.026666 -0.092616 -0.026666
vn -0.026666 -0.092616 -0.026666
vn -0.065490 0.037712 -0.065490
vn -0.065490 0.037712 -0.065490
vn -0.065490 0.037712 -0.065490
vn -0.018069 0.037712 -0.090837
vn -0.018069 0.037712 -0.090837
vn -0.018069 0.037712 -0.090837
vn -0.018069 0.037712 -0.090837
vn -0.018069 0.037712 -0.090837
vn -0.018069 0.037712 -0.090837
vn 0.007357 0.092616 0.036987
vn 0.007357 0.092616 0.036987
vn 0.007357 0.092616 0.036987
vn 0.007357 0.092616 0.036987
vn 0.007357 0.092616 0.036987
vn 0.007357 0.092616 0.036987
vn 0.007357 0.092616 0.036987
vn 0.007357 0.092616 0.036987
vn 0.098079 0.000000 -0.019509
vn 0.098079 0.000000 -0.019509
vn 0.098079 0.000000 -0.019509
vn 0.014432 0.092616 0.034841
vn 0.014432 0.092616 0.034841
vn 0.014432 0.092616 0.034841
vn 0.014432 0.092616 0.034841
vn 0.014432 0.092616 0.034841
vn 0.014432 0.092616 0.034841
vn -0.035443 0.037712 -0.085566
vn -0.035443 0.037712 -0.085566
vn -0.035443 0.037712 -0.085566
vn 0.092388 0.000000 -0.038268
vn 0.092388 0.000000 -0.038268
vn 0.092388 0.000000 -0.038268
vn 0.020952 0.092616 0.031356
vn 0.020952 0.092616 0.031356
vn 0.020952 0.092616 0.031356
vn 0.020952 0.092616 0.031356
vn 0.020952 0.092616 0.031356
vn 0.020952 0.092616 0.031356
vn 0.020952 0.092616 0.031356
vn 0.020952 0.092616 0.031356
vn -0.051455 0.037712 -0.077008
vn -0.051455 0.037712 -0.077008
vn -0.051455 0.037712 -0.077008
vn 0.083147 0.000000 -0.055557
vn 0.083147 0.000000 -0.055557
vn 0.083147 0.000000 -0.055557
vn 0.083147 0.000000 -0.055557
vn 0.020952 0.092616 0.031356
vn 0.020952 0.092616 0.031356
vn 0.020952 0.092616 0.031356
vn 0.020952 0.092616 0.031356
vn 0.020952 0.092616 0.031356
vn 0.020952 0.092616 0.031356
vn 0.020952 0.092616 0.031356
vn 0.020952 0.092616 0.031356
vn 0.020952 0.092616 0.031356
vn 0.020952 0.092616 0.031356
vn 0.020952 0.092616 0.031356
vn 0.020952 0.092616 0.031356
vn 0.020952 0.092616 0.031356
vn 0.020952 0.092616 0.031356
vn -0.051455 0.037712 -0.077008
vn -0.051455 0.037712 -0.077008
vn -0.051455 0.037712 -0.077008
vn -0.051455 0.037712 -0.077008
vn -0.051455 0.037712 -0.077008
vn -0.051455 0.037712 -0.077008
vn -0.083147 0.000000 0.055557
vn -0.083147 0.000000 0.055557
vn -0.083147 0.000000 0.055557
vn -0.083147 0.000000 0.055557
vn -0.083147 0.000000 0.055557
vn -0.083147 0.000000 0.055557
vn -0.083147 0.000000 0.055557
vn -0.083147 0.000000 0.055557
vn -0.083147 0.000000 0.055557
vn -0.083147 0.000000 0.055557
vn -0.083147 0.000000 0.055557
vn -0.083147 0.000000 0.055557
vn -0.083147 0.000000 0.055557
vn 0.083147 0.000000 -0.055557
vn 0.083147 0.000000 -0.055557
vn 0.083147 0.000000 -0.055557
vn 0.051455 -0.037712 0.077008
vn 0.051455 -0.037712 0.077008
vn 0.051455 -0.037712 0.077008
vn 0.051455 -0.037712 0.077008
vn 0.051455 -0.037712 0.077008
vn -0.020952 -0.092616 -0.031356
vn -0.020952 -0.092616 -0.031356
vn -0.020952 -0.092616 -0.031356
vn -0.020952 -0.092616 -0.031356
vn -0.051455 0.037712 -0.077008
vn -0.051455 0.037712 -0.077008
vn -0.051455 0.037712 -0.077008
vn 0.000000 0.037712 -0.092616
vn 0.000000 0.037712 -0.092616
vn 0.000000 0.037712 -0.092616
vn 0.000000 0.037712 -0.092616
vn 0.000000 0.037712 -0.092616
vn 0.000000 0.037712 -0.092616
vn 0.000000 0.092616 0.037712
vn 0.000000 0.092616 0.037712
vn 0.000000 0.092616 0.037712
vn 0.000000 0.092616 0.037712
vn 0.000000 0.092616 0.037712
vn 0.000000 0.092616 0.037712
vn 0.000000 0.092616 0.037712
vn 0.000000 0.092616 0.037712
vn 0.100000 0.000000 0.000000
vn 0.100000 0.000000 0.000000
vn 0.100000 0.000000 0.000000
vn 0.007357 0.092616 0.036987
vn 0.007357 0.092616 0.036987
vn 0.007357 0.092616 0.036987
vn 0.007357 0.092616 0.036987
vn 0.007357 0.092616 0.036987
vn 0.007357 0.092616 0.036987
vn -0.018069 0.037712 -0.090837
vn -0.018069 0.037712 -0.090837
vn -0.018069 0.037712 -0.090837
vn 0.098079 0.000000 -0.019509
vn 0.098079 0.000000 -0.019509
vn 0.098079 0.000000 -0.019509
vn 0.014432 0.092616 0.034841
vn 0.014432 0.092616 0.034841
vn 0.014432 0.092616 0.034841
vn 0.014432 0.092616 0.034841
vn 0.014432 0.092616 0.034841
vn 0.014432 0.092616 0.034841
vn 0.014432 0.092616 0.034841
vn 0.014432 0.092616 0.034841
vn -0.035443 0.037712 -0.085566
vn -0.035443 0.037712 -0.085566
vn -0.035443 0.037712 -0.085566
vn 0.092388 0.000000 -0.038268
vn 0.092388 0.000000 -0.038268
vn 0.092388 0.000000 -0.038268
vn 0.092388 0.000000 -0.038268
vn 0.014432 0.092616 0.034841
vn 0.014432 0.092616 0.034841
vn 0.014432 0.092616 0.034841
vn 0.014432 0.092616 0.034841
vn 0.014432 0.092616 0.034841
vn 0.014432 0.092616 0.034841
vn 0.014432 0.092616 0.034841
vn 0.014432 0.092616 0.034841
vn 0.014432 0.092616 0.034841
vn 0.014432 0.092616 0.034841
vn 0.014432 0.092616 0.034841
vn 0.014432 0.092616 0.034841
vn 0.014432 0.092616 0.034841
vn 0.014432 0.092616 0.034841
vn -0.035443 0.037712 -0.085566
vn -0.035443 0.037712 -0.085566
vn -0.035443 0.037712 -0.085566
vn -0.035443 0.037712 -0.085566
vn -0.035443 0.037712 -0.085566
vn -0.035443 0.037712 -0.085566
vn -0.092388 0.000000 0.038268
vn -0.092388 0.000000 0.038268
vn -0.092388 0.000000 0.038268
vn -0.092388 0.000000 0.038268
vn -0.092388 0.000000 0.038268
vn -0.092388 0.000000 0.038268
vn -0.092388 0.000000 0.038268
vn -0.092388 0.000000 0.038268
vn -0.092388 0.000000 0.038268
vn -0.092388 0.000000 0.038268
vn -0.092388 0.000000 0.038268
vn -0.092388 0.000000 0.038268
vn -0.092388 0.000000 0.038268
vn 0.092388 0.000000 -0.038268
vn 0.092388 0.000000 -0.038268
vn 0.092388 0.000000 -0.038268
vn 0.035443 -0.037712 0.085566
vn 0.035443 -0.037712 0.085566
vn 0.035443 -0.037712 0.085566
vn 0.035443 -0.037712 0.085566
vn 0.035443 -0.037712 0.085566
vn -0.014432 -0.092616 -0.034841
vn -0.014432 -0.092616 -0.034841
vn -0.014432 -0.092616 -0.034841
vn -0.014432 -0.092616 -0.034841
vn -0.035443 0.037712 -0.085566
vn -0.035443 0.037712 -0.085566
vn -0.035443 0.037712 -0.085566
vn 0.018069 0.037712 -0.090837
vn 0.018069 0.037712 -0.090837
vn 0.018069 0.037712 -0.090837
vn 0.018069 0.037712 -0.090837
vn 0.018069 0.037712 -0.090837
vn 0.018069 0.037712 -0.090837
vn -0.007357 0.092616 0.036987
vn -0.007357 0.092616 0.036987
vn -0.007357 0.092616 0.036987
vn -0.007357 0.092616 0.036987
vn -0.007357 0.092616 0.036987
vn -0.007357 0.092616 0.036987
vn -0.007357 0.092616 0.036987
vn -0.007357 0.092616 0.036987
vn 0.098079 0.000000 0.019509
vn 0.098079 0.000000 0.019509
vn 0.098079 0.000000 0.019509
vn 0.000000 0.092616 0.037712
vn 0.000000 0.092616 0.037712
vn 0.000000 0.092616 0.037712
vn 0.000000 0.092616 0.037712
vn 0.000000 0.092616 0.037712
vn 0.000000 0.092616 0.037712
vn 0.000000 0.037712 -0.092616
vn 0.000000 0.037712 -0.092616
vn 0.000000 0.037712 -0.092616
vn 0.100000 0.000000 0.000000
vn 0.100000 0.000000 0.000000
vn 0.100000 0.000000 0.000000
vn 0.007357 0.092616 0.036987
vn 0.007357 0.092616 0.036987
vn 0.007357 0.092616 0.036987
vn 0.007357 0.092616 0.036987
vn 0.007357 0.092616 0.036987
vn 0.007357 0.092616 0.036987
vn 0.007357 0.092616 0.036987
vn 0.007357 0.092616 0.036987
vn -0.018069 0.037712 -0.090837
vn -0.018069 0.037712 -0.090837
vn -0.018069 0.037712 -0.090837
vn 0.098079 0.000000 -0.019509
vn 0.098079 0.000000 -0.019509
vn 0.098079 0.000000 -0.019509
vn 0.098079 0.000000 -0.019509
vn 0.007357 0.092616 0.036987
vn 0.007357 0.092616 0.036987
vn 0.007357 0.092616 0.036987
vn 0.007357 0.092616 0.036987
vn 0.007357 0.092616 0.036987
vn 0.007357 0.092616 0.036987
vn 0.007357 0.092616 0.036987
vn 0.007357 0.092616 0.036987
vn 0.007357 0.092616 0.036987
vn 0.007357 0.092616 0.036987
vn 0.007357 0.092616 0.036987
vn 0.007357 0.092616 0.036987
vn 0.007357 0.092616 0.036987
vn 0.007357 0.092616 0.036987
vn -0.018069 0.037712 -0.090837
vn -0.018069 0.037712 -0.090837
vn -0.018069 0.037712 -0.090837
vn -0.018069 0.037712 -0.090837
vn -0.018069 0.037712 -0.090837
vn -0.018069 0.037712 -0.090837
vn -0.098079 0.000000 0.019509
vn -0.098079 0.000000 0.019509
vn -0.098079 0.000000 0.019509
vn -0.098079 0.000000 0.019509
vn -0.098079 0.000000 0.019509
vn -0.098079 0.000000 0.019509
vn -0.098079 0.000000 0.019509
vn -0.098079 0.000000 0.019509
vn -0.098079 0.000000 0.019509
vn -0.098079 0.000000 0.019509
vn -0.098079 0.000000 0.019509
vn -0.098079 0.000000 0.019509
vn -0.098079 0.000000 0.019509
vn -0.007357 -0.092616 -0.036987
vn -0.007357 -0.092616 -0.036987
vn -0.007357 -0.092616 -0.036987
vn -0.007357 -0.092616 -0.036987
vn 0.098079 0.000000 -0.019509
vn 0.098079 0.000000 -0.019509
vn 0.098079 0.000000 -0.019509
vn 0.018069 -0.037712 0.090837
vn 0.018069 -0.037712 0.090837
vn 0.018069 -0.037712 0.090837
vn 0.018069 -0.037712 0.090837
vn 0.018069 -0.037712 0.090837
vn -0.018069 0.037712 -0.090837
vn -0.018069 0.037712 -0.090837
vn -0.018069 0.037712 -0.090837
vn 0.035443 0.037712 -0.085566
vn 0.035443 0.037712 -0.085566
vn 0.035443 0.037712 -0.085566
vn 0.035443 0.037712 -0.085566
vn 0.035443 0.037712 -0.085566
vn 0.035443 0.037712 -0.085566
vn -0.014432 0.092616 0.034841
vn -0.014432 0.092616 0.034841
vn -0.014432 0.092616 0.034841
vn -0.014432 0.092616 0.034841
vn -0.014432 0.092616 0.034841
vn -0.014432 0.092616 0.034841
vn -0.014432 0.092616 0.034841
vn -0.014432 0.092616 0.034841
vn 0.092388 0.000000 0.038268
vn 0.092388 0.000000 0.038268
vn 0.092388 0.000000 0.038268
vn -0.007357 0.092616 0.036987
vn -0.007357 0.092616 0.036987
vn -0.007357 0.092616 0.036987
vn -0.007357 0.092616 0.036987
vn -0.007357 0.092616 0.036987
vn -0.007357 0.092616 0.036987
vn 0.018069 0.037712 -0.090837
vn 0.018069 0.037712 -0.090837
vn 0.018069 0.037712 -0.090837
vn 0.098079 0.000000 0.019509
vn 0.098079 0.000000 0.019509
vn 0.098079 0.000000 0.019509
vn 0.000000 0.092616 0.037712
vn 0.000000 0.092616 0.037712
vn 0.000000 0.092616 0.037712
vn 0.000000 0.092616 0.037712
vn 0.000000 0.092616 0.037712
vn 0.000000 0.092616 0.037712
vn 0.000000 0.092616 0.037712
vn 0.000000 0.092616 0.037712
vn 0.000000 0.037712 -0.092616
vn 0.000000 0.037712 -0.092616
vn 0.000000 0.037712 -0.092616
vn 0.100000 0.000000 0.000000
vn 0.100000 0.000000 0.000000
vn 0.100000 0.000000 0.000000
vn 0.100000 0.000000 0.000000
vn 0.000000 0.092616 0.037712
vn 0.000000 0.092616 0.037712
vn 0.000000 0.092616 0.037712
vn 0.000000 0.092616 0.037712
vn 0.000000 0.092616 0.037712
vn 0.000000 0.092616 0.037712
vn 0.000000 0.092616 0.037712
vn 0.000000 0.092616 0.037712
vn 0.000000 0.092616 0.037712
vn 0.000000 0.092616 0.037712
vn 0.000000 0.092616 0.037712
vn 0.000000 0.092616 0.037712
vn 0.000000 0.092616 0.037712
vn 0.000000 0.092616 0.037712
vn -0.100000 0.000000 0.000000
vn -0.100000 0.000000 0.000000
vn -0.100000 0.000000 0.000000
vn -0.100000 0.000000 0.000000
vn -0.100000 0.000000 0.000000
vn -0.100000 0.000000 0.000000
vn -0.100000 0.000000 0.000000
vn -0.100000 0.000000 0.000000
vn -0.100000 0.000000 0.000000
vn -0.100000 0.000000 0.000000
vn -0.100000 0.000000 0.000000
vn -0.100000 0.000000 0.000000
vn -0.100000 0.000000 0.000000
vn 0.000000 0.037712 -0.092616
vn 0.000000 0.037712 -0.092616
vn 0.000000 0.037712 -0.092616
vn 0.000000 0.037712 -0.092616
vn 0.000000 0.037712 -0.092616
vn 0.000000 0.037712 -0.092616
vn 0.000000 -0.092616 -0.037712
vn 0.000000 -0.092616 -0.037712
vn 0.000000 -0.092616 -0.037712
vn 0.000000 -0.092616 -0.037712
vn 0.100000 0.000000 0.000000
vn 0.100000 0.000000 0.000000
vn 0.100000 0.000000 0.000000
vn 0.000000 -0.037712 0.092616
vn 0.000000 -0.037712 0.092616
vn 0.000000 -0.037712 0.092616
vn 0.000000 -0.037712 0.092616
vn 0.000000 -0.037712 0.092616
vn 0.000000 0.037712 -0.092616
vn 0.000000 0.037712 -0.092616
vn 0.000000 0.037712 -0.092616
vn 0.083147 0.000000 0.055557
vn 0.083147 0.000000 0.055557
vn 0.083147 0.000000 0.055557
vn -0.020952 0.092616 0.031356
vn -0.020952 0.092616 0.031356
vn -0.020952 0.092616 0.031356
vn -0.020952 0.092616 0.031356
vn -0.020952 0.092616 0.031356
vn -0.020952 0.092616 0.031356
vn -0.020952 0.092616 0.031356
vn -0.020952 0.092616 0.031356
vn 0.051455 0.037712 -0.077008
vn 0.051455 0.037712 -0.077008
vn 0.051455 0.037712 -0.077008
vn 0.051455 0.037712 -0.077008
vn 0.051455 0.037712 -0.077008
vn 0.051455 0.037712 -0.077008
vn -0.014432 0.092616 0.034841
vn -0.014432 0.092616 0.034841
vn -0.014432 0.092616 0.034841
vn 0.092388 0.000000 0.038268
vn 0.092388 0.000000 0.038268
vn 0.092388 0.000000 0.038268
vn 0.035443 0.037712 -0.085566
vn 0.035443 0.037712 -0.085566
vn 0.035443 0.037712 -0.085566
vn -0.007357 0.092616 0.036987
vn -0.007357 0.092616 0.036987
vn -0.007357 0.092616 0.036987
vn -0.007357 0.092616 0.036987
vn -0.007357 0.092616 0.036987
vn -0.007357 0.092616 0.036987
vn -0.007357 0.092616 0.036987
vn -0.007357 0.092616 0.036987
vn 0.098079 0.000000 0.019509
vn 0.098079 0.000000 0.019509
vn 0.098079 0.000000 0.019509
vn 0.098079 0.000000 0.019509
vn 0.018069 0.037712 -0.090837
vn 0.018069 0.037712 -0.090837
vn 0.018069 0.037712 -0.090837
vn -0.007357 0.092616 0.036987
vn -0.007357 0.092616 0.036987
vn -0.007357 0.092616 0.036987
vn -0.007357 0.092616 0.036987
vn -0.007357 0.092616 0.036987
vn -0.007357 0.092616 0.036987
vn -0.007357 0.092616 0.036987
vn -0.007357 0.092616 0.036987
vn -0.007357 0.092616 0.036987
vn -0.007357 0.092616 0.036987
vn -0.007357 0.092616 0.036987
vn -0.007357 0.092616 0.036987
vn -0.007357 0.092616 0.036987
vn -0.007357 0.092616 0.036987
vn -0.098079 0.000000 -0.019509
vn -0.098079 0.000000 -0.019509
vn -0.098079 0.000000 -0.019509
vn -0.098079 0.000000 -0.019509
vn -0.098079 0.000000 -0.019509
vn -0.098079 0.000000 -0.019509
vn -0.098079 0.000000 -0.019509
vn -0.098079 0.000000 -0.019509
vn -0.098079 0.000000 -0.019509
vn -0.098079 0.000000 -0.019509
vn -0.098079 0.000000 -0.019509
vn -0.098079 0.000000 -0.019509
vn -0.098079 0.000000 -0.019509
vn 0.018069 0.037712 -0.090837
vn 0.018069 0.037712 -0.090837
vn 0.018069 0.037712 -0.090837
vn 0.018069 0.037712 -0.090837
vn 0.018069 0.037712 -0.090837
vn 0.018069 0.037712 -0.090837
vn 0.007357 -0.092616 -0.036987
vn 0.007357 -0.092616 -0.036987
vn 0.007357 -0.092616 -0.036987
vn 0.007357 -0.092616 -0.036987
vn 0.098079 0.000000 0.019509
vn 0.098079 0.000000 0.019509
vn 0.098079 0.000000 0.019509
vn -0.018069 -0.037712 0.090837
vn -0.018069 -0.037712 0.090837
vn -0.018069 -0.037712 0.090837
vn -0.018069 -0.037712 0.090837
vn -0.018069 -0.037712 0.090837
vn 0.018069 0.037712 -0.090837
vn 0.018069 0.037712 -0.090837
vn 0.018069 0.037712 -0.090837
vn 0.070711 0.000000 0.070711
vn 0.070711 0.000000 0.070711
vn 0.070711 0.000000 0.070711
vn -0.026666 0.092616 0.026666
vn -0.026666 0.092616 0.026666
vn -0.026666 0.092616 0.026666
vn -0.026666 0.092616 0.026666
vn -0.026666 0.092616 0.026666
vn -0.026666 0.092616 0.026666
vn -0.026666 0.092616 0.026666
vn -0.026666 0.092616 0.026666
vn 0.065490 0.037712 -0.065490
vn 0.065490 0.037712 -0.065490
vn 0.065490 0.037712 -0.065490
vn 0.065490 0.037712 -0.065490
vn 0.065490 0.037712 -0.065490
vn 0.065490 0.037712 -0.065490
vn -0.020952 0.092616 0.031356
vn -0.020952 0.092616 0.031356
vn -0.020952 0.092616 0.031356
vn 0.083147 0.000000 0.055557
vn 0.083147 0.000000 0.055557
vn 0.083147 0.000000 0.055557
vn 0.051455 0.037712 -0.077008
vn 0.051455 0.037712 -0.077008
vn 0.051455 0.037712 -0.077008
vn -0.014432 0.092616 0.034841
vn -0.014432 0.092616 0.034841
vn -0.014432 0.092616 0.034841
vn -0.014432 0.092616 0.034841
vn -0.014432 0.092616 0.034841
vn -0.014432 0.092616 0.034841
vn -0.014432 0.092616 0.034841
vn -0.014432 0.092616 0.034841
vn -0.014432 0.092616 0.034841
vn -0.014432 0.092616 0.034841
vn -0.014432 0.092616 0.034841
vn 0.092388 0.000000 0.038268
vn 0.092388 0.000000 0.038268
vn 0.092388 0.000000 0.038268
vn 0.092388 0.000000 0.038268
vn 0.035443 0.037712 -0.085566
vn 0.035443 0.037712 -0.085566
vn 0.035443 0.037712 -0.085566
vn -0.014432 0.092616 0.034841
vn -0.014432 0.092616 0.034841
vn -0.014432 0.092616 0.034841
vn -0.014432 0.092616 0.034841
vn -0.014432 0.092616 0.034841
vn -0.014432 0.092616 0.034841
vn -0.014432 0.092616 0.034841
vn -0.014432 0.092616 0.034841
vn -0.014432 0.092616 0.034841
vn -0.014432 0.092616 0.034841
vn -0.014432 0.092616 0.034841
vn -0.014432 0.092616 0.034841
vn -0.014432 0.092616 0.034841
vn -0.014432 0.092616 0.034841
vn -0.092388 0.000000 -0.038268
vn -0.092388 0.000000 -0.038268
vn -0.092388 0.000000 -0.038268
vn -0.092388 0.000000 -0.038268
vn -0.092388 0.000000 -0.038268
vn -0.092388 0.000000 -0.038268
vn -0.092388 0.000000 -0.038268
vn -0.092388 0.000000 -0.038268
vn -0.092388 0.000000 -0.038268
vn -0.092388 0.000000 -0.038268
vn -0.092388 0.000000 -0.038268
vn -0.092388 0.000000 -0.038268
vn -0.092388 0.000000 -0.038268
vn 0.035443 0.037712 -0.085566
vn 0.035443 0.037712 -0.085566
vn 0.035443 0.037712 -0.085566
vn 0.035443 0.037712 -0.085566
vn 0.035443 0.037712 -0.085566
vn 0.035443 0.037712 -0.085566
vn 0.014432 -0.092616 -0.034841
vn 0.014432 -0.092616 -0.034841
vn 0.014432 -0.092616 -0.034841
vn 0.014432 -0.092616 -0.034841
vn 0.092388 0.000000 0.038268
vn 0.092388 0.000000 0.038268
vn 0.092388 0.000000 0.038268
vn -0.035443 -0.037712 0.085566
vn -0.035443 -0.037712 0.085566
vn -0.035443 -0.037712 0.085566
vn -0.035443 -0.037712 0.085566
vn -0.035443 -0.037712 0.085566
vn 0.035443 0.037712 -0.085566
vn 0.035443 0.037712 -0.085566
vn 0.035443 0.037712 -0.085566
vn 0.055557 0.000000 0.083147
vn 0.055557 0.000000 0.083147
vn 0.055557 0.000000 0.083147
vn -0.031356 0.092616 0.020952
vn -0.031356 0.092616 0.020952
vn -0.031356 0.092616 0.020952
vn -0.031356 0.092616 0.020952
vn -0.031356 0.092616 0.020952
vn -0.031356 0.092616 0.020952
vn -0.031356 0.092616 0.020952
vn -0.031356 0.092616 0.020952
vn 0.077008 0.037712 -0.051455
vn 0.077008 0.037712 -0.051455
vn 0.077008 0.037712 -0.051455
vn 0.077008 0.037712 -0.051455
vn 0.077008 0.037712 -0.051455
vn 0.077008 0.037712 -0.051455
vn -0.026666 0.092616 0.026666
vn -0.026666 0.092616 0.026666
vn -0.026666 0.092616 0.026666
vn 0.070711 0.000000 0.070711
vn 0.070711 0.000000 0.070711
vn 0.070711 0.000000 0.070711
vn 0.065490 0.037712 -0.065490
vn 0.065490 0.037712 -0.065490
vn 0.065490 0.037712 -0.065490
vn -0.020952 0.092616 0.031356
vn -0.020952 0.092616 0.031356
vn -0.020952 0.092616 0.031356
vn -0.020952 0.092616 0.031356
vn -0.020952 0.092616 0.031356
vn -0.020952 0.092616 0.031356
vn -0.020952 0.092616 0.031356
vn -0.020952 0.092616 0.031356
vn -0.020952 0.092616 0.031356
vn -0.020952 0.092616 0.031356
vn -0.020952 0.092616 0.031356
vn 0.083147 0.000000 0.055557
vn 0.083147 0.000000 0.055557
vn 0.083147 0.000000 0.055557
vn 0.083147 0.000000 0.055557
vn 0.051455 0.037712 -0.077008
vn 0.051455 0.037712 -0.077008
vn 0.051455 0.037712 -0.077008
vn -0.020952 0.092616 0.031356
vn -0.020952 0.092616 0.031356
vn -0.020952 0.092616 0.031356
vn -0.020952 0.092616 0.031356
vn -0.020952 0.092616 0.031356
vn -0.020952 0.092616 0.031356
vn -0.020952 0.092616 0.031356
vn -0.020952 0.092616 0.031356
vn -0.020952 0.092616 0.031356
vn -0.020952 0.092616 0.031356
vn -0.020952 0.092616 0.031356
vn -0.020952 0.092616 0.031356
vn -0.020952 0.092616 0.031356
vn -0.020952 0.092616 0.031356
vn -0.083147 0.000000 -0.055557
vn -0.083147 0.000000 -0.055557
vn -0.083147 0.000000 -0.055557
vn -0.083147 0.000000 -0.055557
vn -0.083147 0.000000 -0.055557
vn -0.083147 0.000000 -0.055557
vn -0.083147 0.000000 -0.055557
vn -0.083147 0.000000 -0.055557
vn -0.083147 0.000000 -0.055557
vn -0.083147 0.000000 -0.055557
vn -0.083147 0.000000 -0.055557
vn -0.083147 0.000000 -0.055557
vn -0.083147 0.000000 -0.055557
vn 0.051455 0.037712 -0.077008
vn 0.051455 0.037712 -0.077008
vn 0.051455 0.037712 -0.077008
vn 0.051455 0.037712 -0.077008
vn 0.051455 0.037712 -0.077008
vn 0.051455 0.037712 -0.077008
vn 0.020952 -0.092616 -0.031356
vn 0.020952 -0.092616 -0.031356
vn 0.020952 -0.092616 -0.031356
vn 0.020952 -0.092616 -0.031356
vn 0.083147 0.000000 0.055557
vn 0.083147 0.000000 0.055557
vn 0.083147 0.000000 0.055557
vn -0.051455 -0.037712 0.077008
vn -0.051455 -0.037712 0.077008
vn -0.051455 -0.037712 0.077008
vn -0.051455 -0.037712 0.077008
vn -0.051455 -0.037712 0.077008
vn 0.051455 0.037712 -0.077008
vn 0.051455 0.037712 -0.077008
vn 0.051455 0.037712 -0.077008
vn 0.038268 0.000000 0.092388
vn 0.038268 0.000000 0.092388
vn 0.038268 0.000000 0.092388
vn -0.034841 0.092616 0.014432
vn -0.034841 0.092616 0.014432
vn -0.034841 0.092616 0.014432
vn -0.034841 0.092616 0.014432
vn -0.034841 0.092616 0.014432
vn -0.034841 0.092616 0.014432
vn -0.034841 0.092616 0.014432
vn -0.034841 0.092616 0.014432
vn 0.085566 0.037712 -0.035443
vn 0.085566 0.037712 -0.035443
vn 0.085566 0.037712 -0.035443
vn 0.085566 0.037712 -0.035443
vn 0.085566 0.037712 -0.035443
vn 0.085566 0.037712 -0.035443
vn -0.031356 0.092616 0.020952
vn -0.031356 0.092616 0.020952
vn -0.031356 0.092616 0.020952
vn 0.055557 0.000000 0.083147
vn 0.055557 0.000000 0.083147
vn 0.055557 0.000000 0.083147
vn 0.077008 0.037712 -0.051455
vn 0.077008 0.037712 -0.051455
vn 0.077008 0.037712 -0.051455
vn -0.026666 0.092616 0.026666
vn -0.026666 0.092616 0.026666
vn -0.026666 0.092616 0.026666
vn -0.026666 0.092616 0.026666
vn -0.026666 0.092616 0.026666
vn -0.026666 0.092616 0.026666
vn -0.026666 0.092616 0.026666
vn -0.026666 0.092616 0.026666
vn -0.026666 0.092616 0.026666
vn -0.026666 0.092616 0.026666
vn -0.026666 0.092616 0.026666
vn 0.070711 0.000000 0.070711
vn 0.070711 0.000000 0.070711
vn 0.070711 0.000000 0.070711
vn 0.070711 0.000000 0.070711
vn 0.065490 0.037712 -0.065490
vn 0.065490 0.037712 -0.065490
vn 0.065490 0.037712 -0.065490
vn -0.026666 0.092616 0.026666
vn -0.026666 0.092616 0.026666
vn -0.026666 0.092616 0.026666
vn -0.026666 0.092616 0.026666
vn -0.026666 0.092616 0.026666
vn -0.026666 0.092616 0.026666
vn -0.026666 0.092616 0.026666
vn -0.026666 0.092616 0.026666
vn -0.026666 0.092616 0.026666
vn -0.026666 0.092616 0.026666
vn -0.026666 0.092616 0.026666
vn -0.026666 0.092616 0.026666
vn -0.026666 0.092616 0.026666
vn -0.026666 0.092616 0.026666
vn -0.070711 0.000000 -0.070711
vn -0.070711 0.000000 -0.070711
vn -0.070711 0.000000 -0.070711
vn -0.070711 0.000000 -0.070711
vn -0.070711 0.000000 -0.070711
vn -0.070711 0.000000 -0.070711
vn -0.070711 0.000000 -0.070711
vn -0.070711 0.000000 -0.070711
vn -0.070711 0.000000 -0.070711
vn -0.070711 0.000000 -0.070711
vn -0.070711 0.000000 -0.070711
vn -0.070711 0.000000 -0.070711
vn -0.070711 0.000000 -0.070711
vn 0.065490 0.037712 -0.065490
vn 0.065490 0.037712 -0.065490
vn 0.065490 0.037712 -0.065490
vn 0.065490 0.037712 -0.065490
vn 0.065490 0.037712 -0.065490
vn 0.065490 0.037712 -0.065490
vn 0.026666 -0.092616 -0.026666
vn 0.026666 -0.092616 -0.026666
vn 0.026666 -0.092616 -0.026666
vn 0.026666 -0.092616 -0.026666
vn 0.070711 0.000000 0.070711
vn 0.070711 0.000000 0.070711
vn 0.070711 0.000000 0.070711
vn -0.065490 -0.037712 0.065490
vn -0.065490 -0.037712 0.065490
vn -0.065490 -0.037712 0.065490
vn -0.065490 -0.037712 0.065490
vn -0.065490 -0.037712 0.065490
vn 0.065490 0.037712 -0.065490
vn 0.065490 0.037712 -0.065490
vn 0.065490 0.037712 -0.065490
vn 0.019509 0.000000 0.098079
vn 0.019509 0.000000 0.098079
vn 0.019509 0.000000 0.098079
vn -0.036987 0.092616 0.007357
vn -0.036987 0.092616 0.007357
vn -0.036987 0.092616 0.007357
vn -0.036987 0.092616 0.007357
vn -0.036987 0.092616 0.007357
vn -0.036987 0.092616 0.007357
vn -0.036987 0.092616 0.007357
vn -0.036987 0.092616 0.007357
vn 0.090837 0.037712 -0.018069
vn 0.090837 0.037712 -0.018069
vn 0.090837 0.037712 -0.018069
vn 0.090837 0.037712 -0.018069
vn 0.090837 0.037712 -0.018069
vn 0.090837 0.037712 -0.018069
vn -0.034841 0.092616 0.014432
vn -0.034841 0.092616 0.014432
vn -0.034841 0.092616 0.014432
vn 0.038268 0.000000 0.092388
vn 0.038268 0.000000 0.092388
vn 0.038268 0.000000 0.092388
vn 0.085566 0.037712 -0.035443
vn 0.085566 0.037712 -0.035443
vn 0.085566 0.037712 -0.035443
vn -0.031356 0.092616 0.020952
vn -0.031356 0.092616 0.020952
vn -0.031356 0.092616 0.020952
vn -0.031356 0.092616 0.020952
vn -0.031356 0.092616 0.020952
vn -0.031356 0.092616 0.020952
vn -0.031356 0.092616 0.020952
vn -0.031356 0.092616 0.020952
vn -0.031356 0.092616 0.020952
vn -0.031356 0.092616 0.020952
vn -0.031356 0.092616 0.020952
vn 0.055557 0.000000 0.083147
vn 0.055557 0.000000 0.083147
vn 0.055557 0.000000 0.083147
vn 0.055557 0.000000 0.083147
vn 0.077008 0.037712 -0.051455
vn 0.077008 0.037712 -0.051455
vn 0.077008 0.037712 -0.051455
vn -0.031356 0.092616 0.020952
vn -0.031356 0.092616 0.020952
vn -0.031356 0.092616 0.020952
vn -0.031356 0.092616 0.020952
vn -0.031356 0.092616 0.020952
vn -0.031356 0.092616 0.020952
vn -0.031356 0.092616 0.020952
vn -0.031356 0.092616 0.020952
vn -0.031356 0.092616 0.020952
vn -0.031356 0.092616 0.020952
vn -0.031356 0.092616 0.020952
vn -0.031356 0.092616 0.020952
vn -0.031356 0.092616 0.020952
vn -0.031356 0.092616 0.020952
vn -0.055557 0.000000 -0.083147
vn -0.055557 0.000000 -0.083147
vn -0.055557 0.000000 -0.083147
vn -0.055557 0.000000 -0.083147
vn -0.055557 0.000000 -0.083147
vn -0.055557 0.000000 -0.083147
vn -0.055557 0.000000 -0.083147
vn -0.055557 0.000000 -0.083147
vn -0.055557 0.000000 -0.083147
vn -0.055557 0.000000 -0.083147
vn -0.055557 0.000000 -0.083147
vn -0.055557 0.000000 -0.083147
vn -0.055557 0.000000 -0.083147
vn 0.077008 0.037712 -0.051455
vn 0.077008 0.037712 -0.051455
vn 0.077008 0.037712 -0.051455
vn 0.077008 0.037712 -0.051455
vn 0.077008 0.037712 -0.051455
vn 0.077008 0.037712 -0.051455
vn 0.031356 -0.092616 -0.020952
vn 0.031356 -0.092616 -0.020952
vn 0.031356 -0.092616 -0.020952
vn 0.031356 -0.092616 -0.020952
vn 0.055557 0.000000 0.083147
vn 0.055557 0.000000 0.083147
vn 0.055557 0.000000 0.083147
vn -0.077008 -0.037712 0.051455
vn -0.077008 -0.037712 0.051455
vn -0.077008 -0.037712 0.051455
vn -0.077008 -0.037712 0.051455
vn -0.077008 -0.037712 0.051455
vn 0.077008 0.037712 -0.051455
vn 0.077008 0.037712 -0.051455
vn 0.077008 0.037712 -0.051455
vn 0.000000 0.000000 0.100000
vn 0.000000 0.000000 0.100000
vn 0.000000 0.000000 0.100000
vn -0.037712 0.092616 0.000000
vn -0.037712 0.092616 0.000000
vn -0.037712 0.092616 0.000000
vn -0.037712 0.092616 0.000000
vn -0.037712 0.092616 0.000000
vn -0.037712 0.092616 0.000000
vn -0.037712 0.092616 0.000000
vn -0.037712 0.092616 0.000000
vn 0.092616 0.037712 0.000000
vn 0.092616 0.037712 0.000000
vn 0.092616 0.037712 0.000000
vn 0.092616 0.037712 0.000000
vn 0.092616 0.037712 0.000000
vn 0.092616 0.037712 0.000000
vn -0.036987 0.092616 0.007357
vn -0.036987 0.092616 0.007357
vn -0.036987 0.092616 0.007357
vn 0.019509 0.000000 0.098079
vn 0.019509 0.000000 0.098079
vn 0.019509 0.000000 0.098079
vn 0.090837 0.037712 -0.018069
vn 0.090837 0.037712 -0.018069
vn 0.090837 0.037712 -0.018069
vn -0.034841 0.092616 0.014432
vn -0.034841 0.092616 0.014432
vn -0.034841 0.092616 0.014432
vn -0.034841 0.092616 0.014432
vn -0.034841 0.092616 0.014432
vn -0.034841 0.092616 0.014432
vn -0.034841 0.092616 0.014432
vn -0.034841 0.092616 0.014432
vn -0.034841 0.092616 0.014432
vn -0.034841 0.092616 0.014432
vn -0.034841 0.092616 0.014432
vn 0.038268 0.000000 0.092388
vn 0.038268 0.000000 0.092388
vn 0.038268 0.000000 0.092388
vn 0.038268 0.000000 0.092388
vn 0.085566 0.037712 -0.035443
vn 0.085566 0.037712 -0.035443
vn 0.085566 0.037712 -0.035443
vn -0.034841 0.092616 0.014432
vn -0.034841 0.092616 0.014432
vn -0.034841 0.092616 0.014432
vn -0.034841 0.092616 0.014432
vn -0.034841 0.092616 0.014432
vn -0.034841 0.092616 0.014432
vn -0.034841 0.092616 0.014432
vn -0.034841 0.092616 0.014432
vn -0.034841 0.092616 0.014432
vn -0.034841 0.092616 0.014432
vn -0.034841 0.092616 0.014432
vn -0.034841 0.092616 0.014432
vn -0.034841 0.092616 0.014432
vn -0.034841 0.092616 0.014432
vn -0.038268 0.000000 -0.092388
vn -0.038268 0.000000 -0.092388
vn -0.038268 0.000000 -0.092388
vn -0.038268 0.000000 -0.092388
vn -0.038268 0.000000 -0.092388
vn -0.038268 0.000000 -0.092388
vn -0.038268 0.000000 -0.092388
vn -0.038268 0.000000 -0.092388
vn -0.038268 0.000000 -0.092388
vn -0.038268 0.000000 -0.092388
vn -0.038268 0.000000 -0.092388
vn -0.038268 0.000000 -0.092388
vn -0.038268 0.000000 -0.092388
vn 0.085566 0.037712 -0.035443
vn 0.085566 0.037712 -0.035443
vn 0.085566 0.037712 -0.035443
vn 0.085566 0.037712 -0.035443
vn 0.085566 0.037712 -0.035443
vn 0.085566 0.037712 -0.035443
vn 0.034841 -0.092616 -0.014432
vn 0.034841 -0.092616 -0.014432
vn 0.034841 -0.092616 -0.014432
vn 0.034841 -0.092616 -0.014432
vn 0.038268 0.000000 0.092388
vn 0.038268 0.000000 0.092388
vn 0.038268 0.000000 0.092388
vn -0.085566 -0.037712 0.035443
vn -0.085566 -0.037712 0.035443
vn -0.085566 -0.037712 0.035443
vn -0.085566 -0.037712 0.035443
vn -0.085566 -0.037712 0.035443
vn 0.085566 0.037712 -0.035443
vn 0.085566 0.037712 -0.035443
vn 0.085566 0.037712 -0.035443
vn -0.019509 0.000000 0.098079
vn -0.019509 0.000000 0.098079
vn -0.019509 0.000000 0.098079
vn -0.036987 0.092616 -0.007357
vn -0.036987 0.092616 -0.007357
vn -0.036987 0.092616 -0.007357
vn -0.036987 0.092616 -0.007357
vn -0.036987 0.092616 -0.007357
vn -0.036987 0.092616 -0.007357
vn -0.036987 0.092616 -0.007357
vn -0.036987 0.092616 -0.007357
vn 0.090837 0.037712 0.018069
vn 0.090837 0.037712 0.018069
vn 0.090837 0.037712 0.018069
vn 0.090837 0.037712 0.018069
vn 0.090837 0.037712 0.018069
vn 0.090837 0.037712 0.018069
vn -0.037712 0.092616 0.000000
vn -0.037712 0.092616 0.000000
vn -0.037712 0.092616 0.000000
vn 0.000000 0.000000 0.100000
vn 0.000000 0.000000 0.100000
vn 0.000000 0.000000 0.100000
vn 0.092616 0.037712 0.000000
vn 0.092616 0.037712 0.000000
vn 0.092616 0.037712 0.000000
vn -0.036987 0.092616 0.007357
vn -0.036987 0.092616 0.007357
vn -0.036987 0.092616 0.007357
vn -0.036987 0.092616 0.007357
vn -0.036987 0.092616 0.007357
vn -0.036987 0.092616 0.007357
vn -0.036987 0.092616 0.007357
vn -0.036987 0.092616 0.007357
vn -0.036987 0.092616 0.007357
vn -0.036987 0.092616 0.007357
vn -0.036987 0.092616 0.007357
vn 0.019509 0.000000 0.098079
vn 0.019509 0.000000 0.098079
vn 0.019509 0.000000 0.098079
vn 0.019509 0.000000 0.098079
vn 0.090837 0.037712 -0.018069
vn 0.090837 0.037712 -0.018069
vn 0.090837 0.037712 -0.018069
vn -0.036987 0.092616 0.007357
vn -0.036987 0.092616 0.007357
vn -0.036987 0.092616 0.007357
vn -0.036987 0.092616 0.007357
vn -0.036987 0.092616 0.007357
vn -0.036987 0.092616 0.007357
vn -0.036987 0.092616 0.007357
vn -0.036987 0.092616 0.007357
vn -0.036987 0.092616 0.007357
vn -0.036987 0.092616 0.007357
vn -0.036987 0.092616 0.007357
vn -0.036987 0.092616 0.007357
vn -0.036987 0.092616 0.007357
vn -0.036987 0.092616 0.007357
vn -0.019509 0.000000 -0.098079
vn -0.019509 0.000000 -0.098079
vn -0.019509 0.000000 -0.098079
vn -0.019509 0.000000 -0.098079
vn -0.019509 0.000000 -0.098079
vn -0.019509 0.000000 -0.098079
vn -0.019509 0.000000 -0.098079
vn -0.019509 0.000000 -0.098079
vn -0.019509 0.000000 -0.098079
vn -0.019509 0.000000 -0.098079
vn -0.019509 0.000000 -0.098079
vn -0.019509 0.000000 -0.098079
vn -0.019509 0.000000 -0.098079
vn 0.090837 0.037712 -0.018069
vn 0.090837 0.037712 -0.018069
vn 0.090837 0.037712 -0.018069
vn 0.090837 0.037712 -0.018069
vn 0.090837 0.037712 -0.018069
vn 0.090837 0.037712 -0.018069
vn 0.036987 -0.092616 -0.007357
vn 0.036987 -0.092616 -0.007357
vn 0.036987 -0.092616 -0.007357
vn 0.036987 -0.092616 -0.007357
vn 0.019509 0.000000 0.098079
vn 0.019509 0.000000 0.098079
vn 0.019509 0.000000 0.098079
vn -0.090837 -0.037712 0.018069
vn -0.090837 -0.037712 0.018069
vn -0.090837 -0.037712 0.018069
vn -0.090837 -0.037712 0.018069
vn -0.090837 -0.037712 0.018069
vn 0.090837 0.037712 -0.018069
vn 0.090837 0.037712 -0.018069
vn 0.090837 0.037712 -0.018069
vn -0.038268 0.000000 0.092388
vn -0.038268 0.000000 0.092388
vn -0.038268 0.000000 0.092388
vn -0.034841 0.092616 -0.014432
vn -0.034841 0.092616 -0.014432
vn -0.034841 0.092616 -0.014432
vn -0.034841 0.092616 -0.014432
vn -0.034841 0.092616 -0.014432
vn -0.034841 0.092616 -0.014432
vn -0.034841 0.092616 -0.014432
vn -0.034841 0.092616 -0.014432
vn 0.085566 0.037712 0.035443
vn 0.085566 0.037712 0.035443
vn 0.085566 0.037712 0.035443
vn 0.085566 0.037712 0.035443
vn 0.085566 0.037712 0.035443
vn 0.085566 0.037712 0.035443
vn -0.036987 0.092616 -0.007357
vn -0.036987 0.092616 -0.007357
vn -0.036987 0.092616 -0.007357
vn -0.019509 0.000000 0.098079
vn -0.019509 0.000000 0.098079
vn -0.019509 0.000000 0.098079
vn 0.090837 0.037712 0.018069
vn 0.090837 0.037712 0.018069
vn 0.090837 0.037712 0.018069
vn -0.037712 0.092616 0.000000
vn -0.037712 0.092616 0.000000
vn -0.037712 0.092616 0.000000
vn -0.037712 0.092616 0.000000
vn -0.037712 0.092616 0.000000
vn -0.037712 0.092616 0.000000
vn -0.037712 0.092616 0.000000
vn -0.037712 0.092616 0.000000
vn -0.037712 0.092616 0.000000
vn -0.037712 0.092616 0.000000
vn -0.037712 0.092616 0.000000
vn 0.000000 0.000000 0.100000
vn 0.000000 0.000000 0.100000
vn 0.000000 0.000000 0.100000
vn 0.000000 0.000000 0.100000
vn 0.092616 0.037712 0.000000
vn 0.092616 0.037712 0.000000
vn 0.092616 0.037712 0.000000
vn -0.037712 0.092616 0.000000
vn -0.037712 0.092616 0.000000
vn -0.037712 0.092616 0.000000
vn -0.037712 0.092616 0.000000
vn -0.037712 0.092616 0.000000
vn -0.037712 0.092616 0.000000
vn -0.037712 0.092616 0.000000
vn -0.037712 0.092616 0.000000
vn -0.037712 0.092616 0.000000
vn -0.037712 0.092616 0.000000
vn -0.037712 0.092616 0.000000
vn -0.037712 0.092616 0.000000
vn -0.037712 0.092616 0.000000
vn -0.037712 0.092616 0.000000
vn 0.000000 0.000000 -0.100000
vn 0.000000 0.000000 -0.100000
vn 0.000000 0.000000 -0.100000
vn 0.000000 0.000000 -0.100000
vn 0.000000 0.000000 -0.100000
vn 0.000000 0.000000 -0.100000
vn 0.000000 0.000000 -0.100000
vn 0.000000 0.000000 -0.100000
vn 0.000000 0.000000 -0.100000
vn 0.000000 0.000000 -0.100000
vn 0.000000 0.000000 -0.100000
vn 0.000000 0.000000 -0.100000
vn 0.000000 0.000000 -0.100000
vn 0.092616 0.037712 0.000000
vn 0.092616 0.037712 0.000000
vn 0.092616 0.037712 0.000000
vn 0.092616 0.037712 0.000000
vn 0.092616 0.037712 0.000000
vn 0.092616 0.037712 0.000000
vn 0.037712 -0.092616 0.000000
vn 0.037712 -0.092616 0.000000
vn 0.037712 -0.092616 0.000000
vn 0.037712 -0.092616 0.000000
vn 0.000000 0.000000 0.100000
vn 0.000000 0.000000 0.100000
vn 0.000000 0.000000 0.100000
vn -0.092616 -0.037712 0.000000
vn -0.092616 -0.037712 0.000000
vn -0.092616 -0.037712 0.000000
vn -0.092616 -0.037712 0.000000
vn -0.092616 -0.037712 0.000000
vn 0.092616 0.037712 0.000000
vn 0.092616 0.037712 0.000000
vn 0.092616 0.037712 0.000000
vn -0.055557 0.000000 0.083147
vn -0.055557 0.000000 0.083147
vn -0.055557 0.000000 0.083147
vn -0.031356 0.092616 -0.020952
vn -0.031356 0.092616 -0.020952
vn -0.031356 0.092616 -0.020952
vn -0.031356 0.092616 -0.020952
vn -0.031356 0.092616 -0.020952
vn -0.031356 0.092616 -0.020952
vn -0.031356 0.092616 -0.020952
vn -0.031356 0.092616 -0.020952
vn 0.077008 0.037712 0.051455
vn 0.077008 0.037712 0.051455
vn 0.077008 0.037712 0.051455
vn 0.077008 0.037712 0.051455
vn 0.077008 0.037712 0.051455
vn 0.077008 0.037712 0.051455
vn -0.034841 0.092616 -0.014432
vn -0.034841 0.092616 -0.014432
vn -0.034841 0.092616 -0.014432
vn -0.038268 0.000000 0.092388
vn -0.038268 0.000000 0.092388
vn -0.038268 0.000000 0.092388
vn 0.085566 0.037712 0.035443
vn 0.085566 0.037712 0.035443
vn 0.085566 0.037712 0.035443
vn -0.036987 0.092616 -0.007357
vn -0.036987 0.092616 -0.007357
vn -0.036987 0.092616 -0.007357
vn -0.036987 0.092616 -0.007357
vn -0.036987 0.092616 -0.007357
vn -0.036987 0.092616 -0.007357
vn -0.036987 0.092616 -0.007357
vn -0.036987 0.092616 -0.007357
vn -0.036987 0.092616 -0.007357
vn -0.036987 0.092616 -0.007357
vn -0.036987 0.092616 -0.007357
vn -0.019509 0.000000 0.098079
vn -0.019509 0.000000 0.098079
vn -0.019509 0.000000 0.098079
vn -0.019509 0.000000 0.098079
vn 0.090837 0.037712 0.018069
vn 0.090837 0.037712 0.018069
vn 0.090837 0.037712 0.018069
vn -0.036987 0.092616 -0.007357
vn -0.036987 0.092616 -0.007357
vn -0.036987 0.092616 -0.007357
vn -0.036987 0.092616 -0.007357
vn -0.036987 0.092616 -0.007357
vn -0.036987 0.092616 -0.007357
vn -0.036987 0.092616 -0.007357
vn -0.036987 0.092616 -0.007357
vn -0.036987 0.092616 -0.007357
vn -0.036987 0.092616 -0.007357
vn -0.036987 0.092616 -0.007357
vn -0.036987 0.092616 -0.007357
vn -0.036987 0.092616 -0.007357
vn -0.036987 0.092616 -0.007357
vn 0.019509 0.000000 -0.098079
vn 0.019509 0.000000 -0.098079
vn 0.019509 0.000000 -0.098079
vn 0.019509 0.000000 -0.098079
vn 0.019509 0.000000 -0.098079
vn 0.019509 0.000000 -0.098079
vn 0.019509 0.000000 -0.098079
vn 0.019509 0.000000 -0.098079
vn 0.019509 0.000000 -0.098079
vn 0.019509 0.000000 -0.098079
vn 0.019509 0.000000 -0.098079
vn 0.019509 0.000000 -0.098079
vn 0.019509 0.000000 -0.098079
vn 0.090837 0.037712 0.018069
vn 0.090837 0.037712 0.018069
vn 0.090837 0.037712 0.018069
vn 0.090837 0.037712 0.018069
vn 0.090837 0.037712 0.018069
vn 0.090837 0.037712 0.018069
vn 0.036987 -0.092616 0.007357
vn 0.036987 -0.092616 0.007357
vn 0.036987 -0.092616 0.007357
vn 0.036987 -0.092616 0.007357
vn -0.019509 0.000000 0.098079
vn -0.019509 0.000000 0.098079
vn -0.019509 0.000000 0.098079
vn -0.090837 -0.037712 -0.018069
vn -0.090837 -0.037712 -0.018069
vn -0.090837 -0.037712 -0.018069
vn -0.090837 -0.037712 -0.018069
vn -0.090837 -0.037712 -0.018069
vn 0.090837 0.037712 0.018069
vn 0.090837 0.037712 0.018069
vn 0.090837 0.037712 0.018069
vn -0.070711 0.000000 0.070711
vn -0.070711 0.000000 0.070711
vn -0.070711 0.000000 0.070711
vn -0.026666 0.092616 -0.026666
vn -0.026666 0.092616 -0.026666
vn -0.026666 0.092616 -0.026666
vn -0.026666 0.092616 -0.026666
vn -0.026666 0.092616 -0.026666
vn -0.026666 0.092616 -0.026666
vn -0.026666 0.092616 -0.026666
vn -0.026666 0.092616 -0.026666
vn 0.065490 0.037712 0.065490
vn 0.065490 0.037712 0.065490
vn 0.065490 0.037712 0.065490
vn 0.065490 0.037712 0.065490
vn 0.065490 0.037712 0.065490
vn 0.065490 0.037712 0.065490
vn -0.031356 0.092616 -0.020952
vn -0.031356 0.092616 -0.020952
vn -0.031356 0.092616 -0.020952
vn -0.055557 0.000000 0.083147
vn -0.055557 0.000000 0.083147
vn -0.055557 0.000000 0.083147
vn 0.077008 0.037712 0.051455
vn 0.077008 0.037712 0.051455
vn 0.077008 0.037712 0.051455
vn -0.034841 0.092616 -0.014432
vn -0.034841 0.092616 -0.014432
vn -0.034841 0.092616 -0.014432
vn -0.034841 0.092616 -0.014432
vn -0.034841 0.092616 -0.014432
vn -0.034841 0.092616 -0.014432
vn -0.034841 0.092616 -0.014432
vn -0.034841 0.092616 -0.014432
vn -0.034841 0.092616 -0.014432
vn -0.034841 0.092616 -0.014432
vn -0.034841 0.092616 -0.014432
vn -0.038268 0.000000 0.092388
vn -0.038268 0.000000 0.092388
vn -0.038268 0.000000 0.092388
vn -0.038268 0.000000 0.092388
vn 0.085566 0.037712 0.035443
vn 0.085566 0.037712 0.035443
vn 0.085566 0.037712 0.035443
vn -0.034841 0.092616 -0.014432
vn -0.034841 0.092616 -0.014432
vn -0.034841 0.092616 -0.014432
vn -0.034841 0.092616 -0.014432
vn -0.034841 0.092616 -0.014432
vn -0.034841 0.092616 -0.014432
vn -0.034841 0.092616 -0.014432
vn -0.034841 0.092616 -0.014432
vn -0.034841 0.092616 -0.014432
vn -0.034841 0.092616 -0.014432
vn -0.034841 0.092616 -0.014432
vn -0.034841 0.092616 -0.014432
vn -0.034841 0.092616 -0.014432
vn -0.034841 0.092616 -0.014432
vn 0.038268 0.000000 -0.092388
vn 0.038268 0.000000 -0.092388
vn 0.038268 0.000000 -0.092388
vn 0.038268 0.000000 -0.092388
vn 0.038268 0.000000 -0.092388
vn 0.038268 0.000000 -0.092388
vn 0.038268 0.000000 -0.092388
vn 0.038268 0.000000 -0.092388
vn 0.038268 0.000000 -0.092388
vn 0.038268 0.000000 -0.092388
vn 0.038268 0.000000 -0.092388
vn 0.038268 0.000000 -0.092388
vn 0.038268 0.000000 -0.092388
vn 0.085566 0.037712 0.035443
vn 0.085566 0.037712 0.035443
vn 0.085566 0.037712 0.035443
vn 0.085566 0.037712 0.035443
vn 0.085566 0.037712 0.035443
vn 0.085566 0.037712 0.035443
vn 0.034841 -0.092616 0.014432
vn 0.034841 -0.092616 0.014432
vn 0.034841 -0.092616 0.014432
vn 0.034841 -0.092616 0.014432
vn -0.038268 0.000000 0.092388
vn -0.038268 0.000000 0.092388
vn -0.038268 0.000000 0.092388
vn -0.085566 -0.037712 -0.035443
vn -0.085566 -0.037712 -0.035443
vn -0.085566 -0.037712 -0.035443
vn -0.085566 -0.037712 -0.035443
vn -0.085566 -0.037712 -0.035443
vn 0.085566 0.037712 0.035443
vn 0.085566 0.037712 0.035443
vn 0.085566 0.037712 0.035443
vn -0.083147 0.000000 0.055557
vn -0.083147 0.000000 0.055557
vn -0.083147 0.000000 0.055557
vn -0.020952 0.092616 -0.031356
vn -0.020952 0.092616 -0.031356
vn -0.020952 0.092616 -0.031356
vn -0.020952 0.092616 -0.031356
vn -0.020952 0.092616 -0.031356
vn -0.020952 0.092616 -0.031356
vn -0.020952 0.092616 -0.031356
vn -0.020952 0.092616 -0.031356
vn 0.051455 0.037712 0.077008
vn 0.051455 0.037712 0.077008
vn 0.051455 0.037712 0.077008
vn 0.051455 0.037712 0.077008
vn 0.051455 0.037712 0.077008
vn 0.051455 0.037712 0.077008
vn -0.026666 0.092616 -0.026666
vn -0.026666 0.092616 -0.026666
vn -0.026666 0.092616 -0.026666
vn -0.070711 0.000000 0.070711
vn -0.070711 0.000000 0.070711
vn -0.070711 0.000000 0.070711
vn 0.065490 0.037712 0.065490
vn 0.065490 0.037712 0.065490
vn 0.065490 0.037712 0.065490
vn -0.031356 0.092616 -0.020952
vn -0.031356 0.092616 -0.020952
vn -0.031356 0.092616 -0.020952
vn -0.031356 0.092616 -0.020952
vn -0.031356 0.092616 -0.020952
vn -0.031356 0.092616 -0.020952
vn -0.031356 0.092616 -0.020952
vn -0.031356 0.092616 -0.020952
vn -0.031356 0.092616 -0.020952
vn -0.031356 0.092616 -0.020952
vn -0.031356 0.092616 -0.020952
vn -0.055557 0.000000 0.083147
vn -0.055557 0.000000 0.083147
vn -0.055557 0.000000 0.083147
vn -0.055557 0.000000 0.083147
vn 0.077008 0.037712 0.051455
vn 0.077008 0.037712 0.051455
vn 0.077008 0.037712 0.051455
vn -0.031356 0.092616 -0.020952
vn -0.031356 0.092616 -0.020952
vn -0.031356 0.092616 -0.020952
vn -0.031356 0.092616 -0.020952
vn -0.031356 0.092616 -0.020952
vn -0.031356 0.092616 -0.020952
vn -0.031356 0.092616 -0.020952
vn -0.031356 0.092616 -0.020952
vn -0.031356 0.092616 -0.020952
vn -0.031356 0.092616 -0.020952
vn -0.031356 0.092616 -0.020952
vn -0.031356 0.092616 -0.020952
vn -0.031356 0.092616 -0.020952
vn -0.031356 0.092616 -0.020952
vn 0.055557 0.000000 -0.083147
vn 0.055557 0.000000 -0.083147
vn 0.055557 0.000000 -0.083147
vn 0.055557 0.000000 -0.083147
vn 0.055557 0.000000 -0.083147
vn 0.055557 0.000000 -0.083147
vn 0.055557 0.000000 -0.083147
vn 0.055557 0.000000 -0.083147
vn 0.055557 0.000000 -0.083147
vn 0.055557 0.000000 -0.083147
vn 0.055557 0.000000 -0.083147
vn 0.055557 0.000000 -0.083147
vn 0.055557 0.000000 -0.083147
vn 0.077008 0.037712 0.051455
vn 0.077008 0.037712 0.051455
vn 0.077008 0.037712 0.051455
vn 0.077008 0.037712 0.051455
vn 0.077008 0.037712 0.051455
vn 0.077008 0.037712 0.051455
vn 0.031356 -0.092616 0.020952
vn 0.031356 -0.092616 0.020952
vn 0.031356 -0.092616 0.020952
vn 0.031356 -0.092616 0.020952
vn -0.055557 0.000000 0.083147
vn -0.055557 0.000000 0.083147
vn -0.055557 0.000000 0.083147
vn -0.077008 -0.037712 -0.051455
vn -0.077008 -0.037712 -0.051455
vn -0.077008 -0.037712 -0.051455
vn -0.077008 -0.037712 -0.051455
vn -0.077008 -0.037712 -0.051455
vn 0.077008 0.037712 0.051455
vn 0.077008 0.037712 0.051455
vn 0.077008 0.037712 0.051455
vn -0.092388 0.000000 0.038268
vn -0.092388 0.000000 0.038268
vn -0.092388 0.000000 0.038268
vn -0.014432 0.092616 -0.034841
vn -0.014432 0.092616 -0.034841
vn -0.014432 0.092616 -0.034841
vn -0.014432 0.092616 -0.034841
vn -0.014432 0.092616 -0.034841
vn -0.014432 0.092616 -0.034841
vn -0.014432 0.092616 -0.034841
vn -0.014432 0.092616 -0.034841
vn 0.035443 0.037712 0.085566
vn 0.035443 0.037712 0.085566
vn 0.035443 0.037712 0.085566
vn 0.035443 0.037712 0.085566
vn 0.035443 0.037712 0.085566
vn 0.035443 0.037712 0.085566
vn -0.020952 0.092616 -0.031356
vn -0.020952 0.092616 -0.031356
vn -0.020952 0.092616 -0.031356
vn -0.083147 0.000000 0.055557
vn -0.083147 0.000000 0.055557
vn -0.083147 0.000000 0.055557
vn 0.051455 0.037712 0.077008
vn 0.051455 0.037712 0.077008
vn 0.051455 0.037712 0.077008
vn -0.026666 0.092616 -0.026666
vn -0.026666 0.092616 -0.026666
vn -0.026666 0.092616 -0.026666
vn -0.026666 0.092616 -0.026666
vn -0.026666 0.092616 -0.026666
vn -0.026666 0.092616 -0.026666
vn -0.026666 0.092616 -0.026666
vn -0.026666 0.092616 -0.026666
vn -0.026666 0.092616 -0.026666
vn -0.026666 0.092616 -0.026666
vn -0.026666 0.092616 -0.026666
vn -0.070711 0.000000 0.070711
vn -0.070711 0.000000 0.070711
vn -0.070711 0.000000 0.070711
vn -0.070711 0.000000 0.070711
vn 0.065490 0.037712 0.065490
vn 0.065490 0.037712 0.065490
vn 0.065490 0.037712 0.065490
vn -0.026666 0.092616 -0.026666
vn -0.026666 0.092616 -0.026666
vn -0.026666 0.092616 -0.026666
vn -0.026666 0.092616 -0.026666
vn -0.026666 0.092616 -0.026666
vn -0.026666 0.092616 -0.026666
vn -0.026666 0.092616 -0.026666
vn -0.026666 0.092616 -0.026666
vn -0.026666 0.092616 -0.026666
vn -0.026666 0.092616 -0.026666
vn -0.026666 0.092616 -0.026666
vn -0.026666 0.092616 -0.026666
vn -0.026666 0.092616 -0.026666
vn -0.026666 0.092616 -0.026666
vn 0.070711 0.000000 -0.070711
vn 0.070711 0.000000 -0.070711
vn 0.070711 0.000000 -0.070711
vn 0.070711 0.000000 -0.070711
vn 0.070711 0.000000 -0.070711
vn 0.070711 0.000000 -0.070711
vn 0.070711 0.000000 -0.070711
vn 0.070711 0.000000 -0.070711
vn 0.070711 0.000000 -0.070711
vn 0.070711 0.000000 -0.070711
vn 0.070711 0.000000 -0.070711
vn 0.070711 0.000000 -0.070711
vn 0.070711 0.000000 -0.070711
vn 0.065490 0.037712 0.065490
vn 0.065490 0.037712 0.065490
vn 0.065490 0.037712 0.065490
vn 0.065490 0.037712 0.065490
vn 0.065490 0.037712 0.065490
vn 0.065490 0.037712 0.065490
vn 0.026666 -0.092616 0.026666
vn 0.026666 -0.092616 0.026666
vn 0.026666 -0.092616 0.026666
vn 0.026666 -0.092616 0.026666
vn -0.070711 0.000000 0.070711
vn -0.070711 0.000000 0.070711
vn -0.070711 0.000000 0.070711
vn -0.065490 -0.037712 -0.065490
vn -0.065490 -0.037712 -0.065490
vn -0.065490 -0.037712 -0.065490
vn -0.065490 -0.037712 -0.065490
vn -0.065490 -0.037712 -0.065490
vn 0.065490 0.037712 0.065490
vn 0.065490 0.037712 0.065490
vn 0.065490 0.037712 0.065490
vn -0.098079 0.000000 0.019509
vn -0.098079 0.000000 0.019509
vn -0.098079 0.000000 0.019509
vn -0.007357 0.092616 -0.036987
vn -0.007357 0.092616 -0.036987
vn -0.007357 0.092616 -0.036987
vn -0.007357 0.092616 -0.036987
vn -0.007357 0.092616 -0.036987
vn -0.007357 0.092616 -0.036987
vn -0.007357 0.092616 -0.036987
vn -0.007357 0.092616 -0.036987
vn 0.018069 0.037712 0.090837
vn 0.018069 0.037712 0.090837
vn 0.018069 0.037712 0.090837
vn 0.018069 0.037712 0.090837
vn 0.018069 0.037712 0.090837
vn 0.018069 0.037712 0.090837
vn -0.014432 0.092616 -0.034841
vn -0.014432 0.092616 -0.034841
vn -0.014432 0.092616 -0.034841
vn -0.092388 0.000000 0.038268
vn -0.092388 0.000000 0.038268
vn -0.092388 0.000000 0.038268
vn 0.035443 0.037712 0.085566
vn 0.035443 0.037712 0.085566
vn 0.035443 0.037712 0.085566
vn -0.020952 0.092616 -0.031356
vn -0.020952 0.092616 -0.031356
vn -0.020952 0.092616 -0.031356
vn -0.020952 0.092616 -0.031356
vn -0.020952 0.092616 -0.031356
vn -0.020952 0.092616 -0.031356
vn -0.020952 0.092616 -0.031356
vn -0.020952 0.092616 -0.031356
vn -0.020952 0.092616 -0.031356
vn -0.020952 0.092616 -0.031356
vn -0.020952 0.092616 -0.031356
vn -0.083147 0.000000 0.055557
vn -0.083147 0.000000 0.055557
vn -0.083147 0.000000 0.055557
vn -0.083147 0.000000 0.055557
vn 0.051455 0.037712 0.077008
vn 0.051455 0.037712 0.077008
vn 0.051455 0.037712 0.077008
vn 0.020952 -0.092616 0.031356
vn 0.020952 -0.092616 0.031356
vn 0.020952 -0.092616 0.031356
vn 0.020952 -0.092616 0.031356
vn -0.020952 0.092616 -0.031356
vn -0.020952 0.092616 -0.031356
vn -0.020952 0.092616 -0.031356
vn -0.020952 0.092616 -0.031356
vn -0.020952 0.092616 -0.031356
vn -0.020952 0.092616 -0.031356
vn 0.083147 0.000000 -0.055557
vn 0.083147 0.000000 -0.055557
vn 0.083147 0.000000 -0.055557
vn 0.083147 0.000000 -0.055557
vn 0.083147 0.000000 -0.055557
vn 0.083147 0.000000 -0.055557
vn 0.051455 0.037712 0.077008
vn 0.051455 0.037712 0.077008
vn 0.051455 0.037712 0.077008
vn -0.083147 0.000000 0.055557
vn -0.083147 0.000000 0.055557
vn -0.083147 0.000000 0.055557
vn -0.051455 -0.037712 -0.077008
vn -0.051455 -0.037712 -0.077008
vn -0.051455 -0.037712 -0.077008
vn -0.051455 -0.037712 -0.077008
vn -0.051455 -0.037712 -0.077008
vn 0.083147 0.000000 -0.055557
vn 0.083147 0.000000 -0.055557
vn 0.083147 0.000000 -0.055557
vn 0.083147 0.000000 -0.055557
vn -0.092388 0.000000 0.038268
vn -0.092388 0.000000 0.038268
vn -0.092388 0.000000 0.038268
vn -0.092388 0.000000 0.038268
vn -0.092388 0.000000 0.038268
vn -0.092388 0.000000 0.038268
vn -0.092388 0.000000 0.038268
vn -0.098079 0.000000 0.019509
vn -0.098079 0.000000 0.019509
vn -0.098079 0.000000 0.019509
vn -0.014432 0.092616 -0.034841
vn -0.014432 0.092616 -0.034841
vn -0.014432 0.092616 -0.034841
vn -0.014432 0.092616 -0.034841
vn -0.014432 0.092616 -0.034841
vn -0.014432 0.092616 -0.034841
vn -0.014432 0.092616 -0.034841
vn -0.014432 0.092616 -0.034841
vn -0.007357 0.092616 -0.036987
vn -0.007357 0.092616 -0.036987
vn -0.007357 0.092616 -0.036987
vn -0.007357 0.092616 -0.036987
vn -0.007357 0.092616 -0.036987
vn -0.007357 0.092616 -0.036987
vn -0.014432 0.092616 -0.034841
vn -0.014432 0.092616 -0.034841
vn -0.014432 0.092616 -0.034841
vn 0.092388 0.000000 -0.038268
vn 0.092388 0.000000 -0.038268
vn 0.092388 0.000000 -0.038268
vn 0.092388 0.000000 -0.038268
vn 0.035443 0.037712 0.085566
vn 0.035443 0.037712 0.085566
vn 0.035443 0.037712 0.085566
vn 0.014432 -0.092616 0.034841
vn 0.014432 -0.092616 0.034841
vn 0.014432 -0.092616 0.034841
vn 0.014432 -0.092616 0.034841
vn -0.035443 -0.037712 -0.085566
vn -0.035443 -0.037712 -0.085566
vn -0.035443 -0.037712 -0.085566
vn -0.035443 -0.037712 -0.085566
vn -0.035443 -0.037712 -0.085566
vn 0.035443 0.037712 0.085566
vn 0.035443 0.037712 0.085566
vn 0.035443 0.037712 0.085566
vn -0.098079 0.000000 0.019509
vn -0.098079 0.000000 0.019509
vn -0.098079 0.000000 0.019509
vn -0.098079 0.000000 0.019509
vn 0.018069 0.037712 0.090837
vn 0.018069 0.037712 0.090837
vn 0.018069 0.037712 0.090837
vn 0.018069 0.037712 0.090837
vn 0.018069 0.037712 0.090837
vn 0.018069 0.037712 0.090837
vn -0.098079 0.000000 0.019509
vn -0.098079 0.000000 0.019509
vn -0.098079 0.000000 0.019509
vn -0.018069 -0.037712 -0.090837
vn -0.018069 -0.037712 -0.090837
vn -0.018069 -0.037712 -0.090837
vn -0.018069 -0.037712 -0.090837
vn -0.018069 -0.037712 -0.090837
vn 0.000000 -0.092616 0.037712
vn 0.000000 -0.092616 0.037712
vn 0.000000 -0.092616 0.037712
vn 0.000000 -0.092616 0.037712
vn 0.100000 0.000000 0.000000
vn 0.100000 0.000000 0.000000
vn 0.100000 0.000000 0.000000
vn 0.100000 0.000000 0.000000
vn 0.100000 0.000000 0.000000
vn 0.100000 0.000000 0.000000
vn 0.100000 0.000000 0.000000
vn 0.100000 0.000000 0.000000
vn 0.100000 0.000000 0.000000
vn 0.100000 0.000000 0.000000
vn 0.100000 0.000000 0.000000
vn 0.100000 0.000000 0.000000
vn 0.100000 0.000000 0.000000
vn -0.007357 0.092616 -0.036987
vn 0.000000 0.092616 -0.037712
vn 0.000000 0.092616 -0.037712
vn -0.002466 0.092616 -0.037631
vn -0.004922 0.092616 -0.037389
vn -0.007357 0.092616 -0.036987
vn -0.003696 0.092616 -0.037530
vn -0.003696 0.092616 -0.037530
vn -0.003696 0.092616 -0.037530
vn 0.007357 0.092616 -0.036987
vn 0.007357 0.092616 -0.036987
vn 0.004922 0.092616 -0.037389
vn 0.002466 0.092616 -0.037631
vn 0.000000 0.092616 -0.037712
vn 0.000000 0.092616 -0.037712
vn 0.003696 0.092616 -0.037530
vn 0.003696 0.092616 -0.037530
vn 0.003696 0.092616 -0.037530
vn 0.014432 0.092616 -0.034841
vn 0.014432 0.092616 -0.034841
vn 0.012122 0.092616 -0.035711
vn 0.009761 0.092616 -0.036427
vn 0.007357 0.092616 -0.036987
vn 0.007357 0.092616 -0.036987
vn 0.010947 0.092616 -0.036088
vn 0.010947 0.092616 -0.036088
vn 0.010947 0.092616 -0.036088
vn -0.014432 0.092616 -0.034841
vn -0.007357 0.092616 -0.036987
vn -0.007357 0.092616 -0.036987
vn -0.009761 0.092616 -0.036427
vn -0.012122 0.092616 -0.035711
vn -0.014432 0.092616 -0.034841
vn -0.010947 0.092616 -0.036088
vn -0.010947 0.092616 -0.036088
vn -0.010947 0.092616 -0.036088
vn -0.020952 0.092616 -0.031356
vn -0.014432 0.092616 -0.034841
vn -0.014432 0.092616 -0.034841
vn -0.016680 0.092616 -0.033823
vn -0.018856 0.092616 -0.032660
vn -0.020952 0.092616 -0.031356
vn -0.017777 0.092616 -0.033259
vn -0.017777 0.092616 -0.033259
vn -0.017777 0.092616 -0.033259
vn 0.020952 0.092616 -0.031356
vn 0.020952 0.092616 -0.031356
vn 0.018856 0.092616 -0.032660
vn 0.016680 0.092616 -0.033823
vn 0.014432 0.092616 -0.034841
vn 0.014432 0.092616 -0.034841
vn 0.017777 0.092616 -0.033259
vn 0.017777 0.092616 -0.033259
vn 0.017777 0.092616 -0.033259
vn 0.026666 0.092616 -0.026666
vn 0.026666 0.092616 -0.026666
vn 0.024865 0.092616 -0.028353
vn 0.022958 0.092616 -0.029919
vn 0.020952 0.092616 -0.031356
vn 0.020952 0.092616 -0.031356
vn 0.023924 0.092616 -0.029152
vn 0.023924 0.092616 -0.029152
vn 0.023924 0.092616 -0.029152
vn -0.026666 0.092616 -0.026666
vn -0.020952 0.092616 -0.031356
vn -0.020952 0.092616 -0.031356
vn -0.022958 0.092616 -0.029919
vn -0.024865 0.092616 -0.028353
vn -0.026666 0.092616 -0.026666
vn -0.023924 0.092616 -0.029152
vn -0.023924 0.092616 -0.029152
vn -0.023924 0.092616 -0.029152
vn -0.031356 0.092616 -0.020952
vn -0.026666 0.092616 -0.026666
vn -0.026666 0.092616 -0.026666
vn -0.028353 0.092616 -0.024865
vn -0.029919 0.092616 -0.022958
vn -0.031356 0.092616 -0.020952
vn -0.029152 0.092616 -0.023924
vn -0.029152 0.092616 -0.023924
vn -0.029152 0.092616 -0.023924
vn 0.031356 0.092616 -0.020952
vn 0.031356 0.092616 -0.020952
vn 0.029919 0.092616 -0.022958
vn 0.028353 0.092616 -0.024865
vn 0.026666 0.092616 -0.026666
vn 0.026666 0.092616 -0.026666
vn 0.029152 0.092616 -0.023924
vn 0.029152 0.092616 -0.023924
vn 0.029152 0.092616 -0.023924
vn 0.034841 0.092616 -0.014432
vn 0.034841 0.092616 -0.014432
vn 0.033823 0.092616 -0.016680
vn 0.032660 0.092616 -0.018856
vn 0.031356 0.092616 -0.020952
vn 0.031356 0.092616 -0.020952
vn 0.033259 0.092616 -0.017777
vn 0.033259 0.092616 -0.017777
vn 0.033259 0.092616 -0.017777
vn -0.034841 0.092616 -0.014432
vn -0.031356 0.092616 -0.020952
vn -0.031356 0.092616 -0.020952
vn -0.032660 0.092616 -0.018856
vn -0.033823 0.092616 -0.016680
vn -0.034841 0.092616 -0.014432
vn -0.033259 0.092616 -0.017777
vn -0.033259 0.092616 -0.017777
vn -0.033259 0.092616 -0.017777
vn -0.036987 0.092616 -0.007357
vn -0.034841 0.092616 -0.014432
vn -0.034841 0.092616 -0.014432
vn -0.035711 0.092616 -0.012122
vn -0.036427 0.092616 -0.009761
vn -0.036987 0.092616 -0.007357
vn -0.036088 0.092616 -0.010947
vn -0.036088 0.092616 -0.010947
vn -0.036088 0.092616 -0.010947
vn 0.036987 0.092616 -0.007357
vn 0.036987 0.092616 -0.007357
vn 0.036427 0.092616 -0.009761
vn 0.035711 0.092616 -0.012122
vn 0.034841 0.092616 -0.014432
vn 0.034841 0.092616 -0.014432
vn 0.036088 0.092616 -0.010947
vn 0.036088 0.092616 -0.010947
vn 0.036088 0.092616 -0.010947
vn 0.037712 0.092616 0.000000
vn 0.037712 0.092616 0.000000
vn 0.037631 0.092616 -0.002466
vn 0.037389 0.092616 -0.004922
vn 0.036987 0.092616 -0.007357
vn 0.036987 0.092616 -0.007357
vn 0.037530 0.092616 -0.003696
vn 0.037530 0.092616 -0.003696
vn 0.037530 0.092616 -0.003696
vn -0.037712 0.092616 0.000000
vn -0.036987 0.092616 -0.007357
vn -0.036987 0.092616 -0.007357
vn -0.037389 0.092616 -0.004922
vn -0.037631 0.092616 -0.002466
vn -0.037712 0.092616 0.000000
vn -0.037530 0.092616 -0.003696
vn -0.037530 0.092616 -0.003696
vn -0.037530 0.092616 -0.003696
vn -0.036987 0.092616 0.007357
vn -0.037712 0.092616 0.000000
vn -0.037712 0.092616 0.000000
vn -0.037631 0.092616 0.002466
vn -0.037389 0.092616 0.004922
vn -0.036987 0.092616 0.007357
vn -0.037530 0.092616 0.003696
vn -0.037530 0.092616 0.003696
vn -0.037530 0.092616 0.003696
vn 0.036987 0.092616 0.007357
vn 0.036987 0.092616 0.007357
vn 0.037389 0.092616 0.004922
vn 0.037631 0.092616 0.002466
vn 0.037712 0.092616 0.000000
vn 0.037712 0.092616 0.000000
vn 0.037530 0.092616 0.003696
vn 0.037530 0.092616 0.003696
vn 0.037530 0.092616 0.003696
vn 0.034841 0.092616 0.014432
vn 0.034841 0.092616 0.014432
vn 0.035711 0.092616 0.012122
vn 0.036427 0.092616 0.009761
vn 0.036987 0.092616 0.007357
vn 0.036987 0.092616 0.007357
vn 0.036088 0.092616 0.010947
vn 0.036088 0.092616 0.010947
vn 0.036088 0.092616 0.010947
vn -0.034841 0.092616 0.014432
vn -0.036987 0.092616 0.007357
vn -0.036987 0.092616 0.007357
vn -0.036427 0.092616 0.009761
vn -0.035711 0.092616 0.012122
vn -0.034841 0.092616 0.014432
vn -0.036088 0.092616 0.010947
vn -0.036088 0.092616 0.010947
vn -0.036088 0.092616 0.010947
vn -0.031356 0.092616 0.020952
vn -0.034841 0.092616 0.014432
vn -0.034841 0.092616 0.014432
vn -0.033823 0.092616 0.016680
vn -0.032660 0.092616 0.018856
vn -0.031356 0.092616 0.020952
vn -0.033259 0.092616 0.017777
vn -0.033259 0.092616 0.017777
vn -0.033259 0.092616 0.017777
vn 0.031356 0.092616 0.020952
vn 0.031356 0.092616 0.020952
vn 0.032660 0.092616 0.018856
vn 0.033823 0.092616 0.016680
vn 0.034841 0.092616 0.014432
vn 0.034841 0.092616 0.014432
vn 0.033259 0.092616 0.017777
vn 0.033259 0.092616 0.017777
vn 0.033259 0.092616 0.017777
vn 0.026666 0.092616 0.026666
vn 0.026666 0.092616 0.026666
vn 0.028353 0.092616 0.024865
vn 0.029919 0.092616 0.022958
vn 0.031356 0.092616 0.020952
vn 0.031356 0.092616 0.020952
vn 0.029152 0.092616 0.023924
vn 0.029152 0.092616 0.023924
vn 0.029152 0.092616 0.023924
vn -0.026666 0.092616 0.026666
vn -0.031356 0.092616 0.020952
vn -0.031356 0.092616 0.020952
vn -0.029919 0.092616 0.022958
vn -0.028353 0.092616 0.024865
vn -0.026666 0.092616 0.026666
vn -0.029152 0.092616 0.023924
vn -0.029152 0.092616 0.023924
vn -0.029152 0.092616 0.023924
vn -0.020952 0.092616 0.031356
vn -0.026666 0.092616 0.026666
vn -0.026666 0.092616 0.026666
vn -0.024865 0.092616 0.028353
vn -0.022958 0.092616 0.029919
vn -0.020952 0.092616 0.031356
vn -0.023924 0.092616 0.029152
vn -0.023924 0.092616 0.029152
vn -0.023924 0.092616 0.029152
vn 0.020952 0.092616 0.031356
vn 0.020952 0.092616 0.031356
vn 0.022958 0.092616 0.029919
vn 0.024865 0.092616 0.028353
vn 0.026666 0.092616 0.026666
vn 0.026666 0.092616 0.026666
vn 0.023924 0.092616 0.029152
vn 0.023924 0.092616 0.029152
vn 0.023924 0.092616 0.029152
vn 0.014432 0.092616 0.034841
vn 0.014432 0.092616 0.034841
vn 0.016680 0.092616 0.033823
vn 0.018856 0.092616 0.032660
vn 0.020952 0.092616 0.031356
vn 0.020952 0.092616 0.031356
vn 0.017777 0.092616 0.033259
vn 0.017777 0.092616 0.033259
vn 0.017777 0.092616 0.033259
vn -0.014432 0.092616 0.034841
vn -0.020952 0.092616 0.031356
vn -0.020952 0.092616 0.031356
vn -0.018856 0.092616 0.032660
vn -0.016680 0.092616 0.033823
vn -0.014432 0.092616 0.034841
vn -0.017777 0.092616 0.033259
vn -0.017777 0.092616 0.033259
vn -0.017777 0.092616 0.033259
vn -0.007357 0.092616 0.036987
vn -0.014432 0.092616 0.034841
vn -0.014432 0.092616 0.034841
vn -0.012122 0.092616 0.035711
vn -0.009761 0.092616 0.036427
vn -0.007357 0.092616 0.036987
vn -0.010947 0.092616 0.036088
vn -0.010947 0.092616 0.036088
vn -0.010947 0.092616 0.036088
vn 0.007357 0.092616 0.036987
vn 0.007357 0.092616 0.036987
vn 0.009761 0.092616 0.036427
vn 0.012122 0.092616 0.035711
vn 0.014432 0.092616 0.034841
vn 0.014432 0.092616 0.034841
vn 0.010947 0.092616 0.036088
vn 0.010947 0.092616 0.036088
vn 0.010947 0.092616 0.036088
vn 0.000000 0.092616 0.037712
vn -0.007357 0.092616 0.036987
vn -0.007357 0.092616 0.036987
vn -0.004922 0.092616 0.037389
vn -0.002466 0.092616 0.037631
vn 0.000000 0.092616 0.037712
vn -0.003696 0.092616 0.037530
vn -0.003696 0.092616 0.037530
vn -0.003696 0.092616 0.037530
vn 0.000000 -0.092616 0.037712
vn 0.000000 -0.092616 0.037712
vn 0.000000 -0.092616 0.037712
vn 0.000000 -0.092616 0.037712
vn 0.000000 0.037712 0.092616
vn 0.000000 0.037712 0.092616
vn 0.000000 0.037712 0.092616
vn 0.000000 0.037712 0.092616
vn 0.000000 0.037712 0.092616
vn 0.000000 0.037712 0.092616
vn 0.000000 0.037712 0.092616
vn 0.000000 0.037712 0.092616
vn 0.000000 0.037712 0.092616
vn 0.000000 0.037712 0.092616
vn 0.000000 0.037712 0.092616
vn 0.000000 0.037712 0.092616
vn 0.000000 0.037712 0.092616
vn 0.000000 0.037712 0.092616
vn 0.000000 0.037712 0.092616
vn 0.000000 0.037712 0.092616
vn 0.000000 0.037712 0.092616
vn 0.000000 0.037712 0.092616
vn 0.000000 0.092616 -0.037712
vn 0.000000 0.092616 -0.037712
vn 0.000000 0.092616 -0.037712
vn 0.000000 0.092616 -0.037712
vn 0.000000 0.092616 -0.037712
vn 0.000000 0.092616 -0.037712
vn 0.000000 0.092616 -0.037712
vn 0.000000 0.092616 -0.037712
vn 0.000000 0.092616 -0.037712
vn 0.000000 0.092616 -0.037712
vn 0.000000 0.092616 -0.037712
vn 0.000000 0.092616 -0.037712
vn 0.000000 0.092616 -0.037712
vn 0.000000 0.092616 -0.037712
vn 0.000000 0.092616 -0.037712
vn 0.000000 0.092616 -0.037712
vn 0.000000 0.092616 -0.037712
vn 0.000000 0.092616 -0.037712
vn 0.000000 0.092616 -0.037712
vn 0.000000 0.092616 -0.037712
vn 0.000000 0.092616 -0.037712
vn 0.000000 0.092616 -0.037712
vn 0.000000 0.092616 -0.037712
vn 0.000000 0.092616 -0.037712
vn 0.000000 0.092616 -0.037712
vn 0.000000 0.092616 -0.037712
vn 0.000000 0.092616 -0.037712
vn 0.000000 0.092616 -0.037712
vn 0.000000 0.092616 -0.037712
vn 0.000000 0.092616 -0.037712
vn 0.000000 0.092616 -0.037712
vn 0.000000 0.092616 -0.037712
vn 0.000000 0.092616 -0.037712
vn 0.000000 0.092616 -0.037712
vn 0.000000 0.092616 -0.037712
vn 0.000000 0.092616 -0.037712
vn -0.100000 0.000000 0.000000
vn -0.100000 0.000000 0.000000
vn -0.100000 0.000000 0.000000
vn -0.100000 0.000000 0.000000
vn -0.100000 0.000000 0.000000
vn -0.100000 0.000000 0.000000
vn -0.100000 0.000000 0.000000
vn -0.100000 0.000000 0.000000
vn -0.100000 0.000000 0.000000
vn -0.100000 0.000000 0.000000
vn -0.100000 0.000000 0.000000
vn -0.100000 0.000000 0.000000
vn -0.100000 0.000000 0.000000
vn 0.000000 -0.037712 -0.092616
vn 0.000000 -0.037712 -0.092616
vn 0.000000 -0.037712 -0.092616
vn 0.000000 -0.037712 -0.092616
vn 0.000000 -0.037712 -0.092616
vn 0.000000 0.037712 0.092616
vn 0.000000 0.037712 0.092616
vn 0.000000 0.037712 0.092616
vn -0.100000 0.000000 0.000000
vn -0.076604 0.000000 0.064279
vn -0.017365 0.000000 0.098481
vn 0.050000 0.000000 0.086603
vn 0.093969 0.000000 0.034202
vn 0.093969 0.000000 -0.034202
vn 0.050000 0.000000 -0.086603
vn -0.017365 0.000000 -0.098481
vn -0.076604 0.000000 -0.064279
vn -0.100000 0.000000 0.000000
vn -0.092388 0.000000 -0.038268
vn -0.070711 0.000000 -0.070711
vn -0.038268 0.000000 -0.092388
vn 0.000000 0.000000 -0.100000
vn 0.038268 0.000000 -0.092388
vn 0.070711 0.000000 -0.070711
vn 0.092388 0.000000 -0.038268
vn 0.100000 0.000000 0.000000
vn 0.092388 0.000000 0.038268
vn 0.070711 0.000000 0.070711
vn 0.038268 0.000000 0.092388
vn 0.000000 0.000000 0.100000
vn -0.038268 0.000000 0.092388
vn -0.070711 0.000000 0.070711
vn -0.092388 0.000000 0.038268
vn 0.093969 0.000000 0.034202
vn 0.093969 0.000000 0.034202
vn 0.093969 0.000000 0.034202
vn 0.100000 0.000000 0.000000
vn 0.100000 0.000000 0.000000
vn 0.000000 -0.100000 0.000000
vn 0.000000 -0.100000 0.000000
vn 0.000000 -0.100000 0.000000
vn 0.000000 -0.100000 0.000000
vn 0.000000 -0.100000 0.000000
vn 0.000000 -0.100000 0.000000
vn 0.000000 -0.100000 0.000000
vn 0.000000 -0.100000 0.000000
vn 0.000000 -0.100000 0.000000
vn 0.009537 -0.099544 0.000000
vn 0.008811 -0.099544 -0.003650
vn 0.006744 -0.099544 -0.006744
vn 0.003650 -0.099544 -0.008811
vn 0.000000 -0.099544 -0.009537
vn -0.003650 -0.099544 -0.008811
vn -0.006744 -0.099544 -0.006744
vn -0.008811 -0.099544 -0.003650
vn -0.009537 -0.099544 0.000000
vn -0.008811 -0.099544 0.003650
vn -0.006744 -0.099544 0.006744
vn -0.003650 -0.099544 0.008811
vn 0.000000 -0.099544 0.009537
vn 0.003650 -0.099544 0.008811
vn 0.006744 -0.099544 0.006744
vn 0.008811 -0.099544 0.003650
vn 0.001861 -0.099544 0.009354
vn 0.001245 -0.099544 0.009456
vn 0.000624 -0.099544 0.009517
vn 0.000000 -0.099544 0.009537
vn -0.000624 -0.099544 0.009517
vn -0.001245 -0.099544 0.009456
vn -0.001861 -0.099544 0.009354
vn -0.002468 -0.099544 0.009212
vn -0.003066 -0.099544 0.009031
vn -0.003650 -0.099544 0.008811
vn -0.004218 -0.099544 0.008554
vn -0.004769 -0.099544 0.008259
vn -0.005299 -0.099544 0.007930
vn -0.005806 -0.099544 0.007566
vn -0.006288 -0.099544 0.007170
vn -0.006744 -0.099544 0.006744
vn -0.007170 -0.099544 0.006288
vn -0.007566 -0.099544 0.005806
vn -0.007930 -0.099544 0.005299
vn -0.008259 -0.099544 0.004769
vn -0.008554 -0.099544 0.004218
vn -0.008811 -0.099544 0.003650
vn -0.009031 -0.099544 0.003066
vn -0.009212 -0.099544 0.002468
vn -0.009354 -0.099544 0.001861
vn -0.009456 -0.099544 0.001245
vn -0.009517 -0.099544 0.000624
vn -0.009537 -0.099544 0.000000
vn -0.009517 -0.099544 -0.000624
vn -0.009456 -0.099544 -0.001245
vn -0.009354 -0.099544 -0.001861
vn -0.009212 -0.099544 -0.002468
vn -0.009031 -0.099544 -0.003066
vn -0.008811 -0.099544 -0.003650
vn -0.008554 -0.099544 -0.004218
vn -0.008259 -0.099544 -0.004769
vn -0.007930 -0.099544 -0.005299
vn -0.007566 -0.099544 -0.005806
vn -0.007170 -0.099544 -0.006288
vn -0.006744 -0.099544 -0.006744
vn -0.006288 -0.099544 -0.007170
vn -0.005806 -0.099544 -0.007566
vn -0.005299 -0.099544 -0.007930
vn -0.004769 -0.099544 -0.008259
vn -0.004218 -0.099544 -0.008554
vn -0.003650 -0.099544 -0.008811
vn -0.003066 -0.099544 -0.009031
vn -0.002468 -0.099544 -0.009212
vn -0.001861 -0.099544 -0.009354
vn -0.001245 -0.099544 -0.009456
vn -0.000624 -0.099544 -0.009517
vn 0.000000 -0.099544 -0.009537
vn 0.000624 -0.099544 -0.009517
vn 0.001245 -0.099544 -0.009456
vn 0.001861 -0.099544 -0.009354
vn 0.002468 -0.099544 -0.009212
vn 0.003066 -0.099544 -0.009031
vn 0.003650 -0.099544 -0.008811
vn 0.004218 -0.099544 -0.008554
vn 0.004769 -0.099544 -0.008259
vn 0.005299 -0.099544 -0.007930
vn 0.005806 -0.099544 -0.007566
vn 0.006288 -0.099544 -0.007170
vn 0.006744 -0.099544 -0.006744
vn 0.007170 -0.099544 -0.006288
vn 0.007566 -0.099544 -0.005806
vn 0.007930 -0.099544 -0.005299
vn 0.008259 -0.099544 -0.004769
vn 0.008554 -0.099544 -0.004218
vn 0.008811 -0.099544 -0.003650
vn 0.009031 -0.099544 -0.003066
vn 0.009212 -0.099544 -0.002468
vn 0.009354 -0.099544 -0.001861
vn 0.009456 -0.099544 -0.001245
vn 0.009517 -0.099544 -0.000624
vn 0.009537 -0.099544 0.000000
vn 0.009517 -0.099544 0.000624
vn 0.009456 -0.099544 0.001245
vn 0.009354 -0.099544 0.001861
vn 0.009212 -0.099544 0.002468
vn 0.009031 -0.099544 0.003066
vn 0.008811 -0.099544 0.003650
vn 0.008554 -0.099544 0.004218
vn 0.008259 -0.099544 0.004769
vn 0.007930 -0.099544 0.005299
vn 0.007566 -0.099544 0.005806
vn 0.007170 -0.099544 0.006288
vn 0.006744 -0.099544 0.006744
vn 0.006288 -0.099544 0.007170
vn 0.005806 -0.099544 0.007566
vn 0.005299 -0.099544 0.007930
vn 0.004769 -0.099544 0.008259
vn 0.004218 -0.099544 0.008554
vn 0.003650 -0.099544 0.008811
vn 0.003066 -0.099544 0.009031
vn 0.002468 -0.099544 0.009212
vn 0.000000 -0.099544 -0.009537
vn -0.002372 -0.099544 -0.009238
vn -0.005606 -0.099544 -0.007716
vn -0.008052 -0.099544 -0.005110
vn -0.009368 -0.099544 -0.001787
vn -0.009368 -0.099544 0.001787
vn -0.008052 -0.099544 0.005110
vn -0.005606 -0.099544 0.007716
vn -0.002372 -0.099544 0.009238
vn 0.002372 -0.099544 0.009238
vn 0.005606 -0.099544 0.007716
vn 0.008052 -0.099544 0.005110
vn 0.009368 -0.099544 0.001787
vn 0.009368 -0.099544 -0.001787
vn 0.008052 -0.099544 -0.005110
vn 0.005606 -0.099544 -0.007716
vn 0.002372 -0.099544 -0.009238
vn 0.009518 -0.099544 -0.000599
vn 0.009518 -0.099544 0.000599
vn 0.008629 -0.099544 -0.004061
vn 0.009070 -0.099544 -0.002947
vn 0.006529 -0.099544 -0.006952
vn 0.007349 -0.099544 -0.006079
vn 0.003511 -0.099544 -0.008867
vn 0.004595 -0.099544 -0.008357
vn -0.001195 -0.099544 -0.009462
vn -0.004595 -0.099544 -0.008357
vn -0.003511 -0.099544 -0.008867
vn -0.007349 -0.099544 -0.006079
vn -0.006529 -0.099544 -0.006952
vn -0.009070 -0.099544 -0.002947
vn -0.008629 -0.099544 -0.004061
vn -0.009518 -0.099544 0.000599
vn -0.009518 -0.099544 -0.000599
vn -0.008629 -0.099544 0.004061
vn -0.009070 -0.099544 0.002947
vn -0.006529 -0.099544 0.006952
vn -0.007349 -0.099544 0.006079
vn -0.003511 -0.099544 0.008867
vn -0.004595 -0.099544 0.008357
vn 0.000000 -0.099544 0.009537
vn 0.001195 -0.099544 0.009462
vn 0.004595 -0.099544 0.008357
vn 0.003511 -0.099544 0.008867
vn 0.007349 -0.099544 0.006079
vn 0.006529 -0.099544 0.006952
vn 0.009070 -0.099544 0.002947
vn 0.008629 -0.099544 0.004061
vn -0.001195 -0.099544 0.009462
vn 0.001195 -0.099544 -0.009462
vn 0.000000 -0.099544 -0.009537
vn 0.000000 -0.099544 -0.009537
vn 0.000000 -0.099544 -0.009537
vn -0.000624 -0.099544 -0.009517
vn 0.000000 -0.099544 -0.009537
vn 0.000000 -0.099544 -0.009537
vn 0.000000 0.092616 0.037712
vn 0.000000 0.092616 0.037712
vn 0.002466 0.092616 0.037631
vn 0.004922 0.092616 0.037389
vn 0.007357 0.092616 0.036987
vn 0.007357 0.092616 0.036987
vn 0.003696 0.092616 0.037530
vn 0.003696 0.092616 0.037530
vn 0.003696 0.092616 0.037530
usemtl 182,18,12
f 422/2/2 468/3/3 417/1/1
f 417/1/1 468/3/3 464/4/4
f 422/6/6 369/7/7 139/5/5
f 139/5/5 369/7/7 145/8/8
f 422/10/10 584/11/11 707/9/9
f 707/9/9 584/11/11 709/12/12
f 422/14/14 259/15/15 109/13/13
f 109/13/13 259/15/15 111/16/16
f 422/18/18 648/19/19 737/17/17
f 737/17/17 648/19/19 741/20/20
f 422/22/22 195/23/23 79/21/21
f 79/21/21 195/23/23 81/24/24
f 422/26/26 663/27/27 767/25/25
f 767/25/25 663/27/27 769/28/28
f 422/30/30 181/31/31 59/29/29
f 59/29/29 181/31/31 61/32/32
f 422/34/34 667/35/35 787/33/33
f 787/33/33 667/35/35 789/36/36
f 422/38/38 177/39/39 45/37/37
f 45/37/37 177/39/39 47/40/40
f 422/42/42 671/43/43 801/41/41
f 801/41/41 671/43/43 803/44/44
f 422/46/46 173/47/47 31/45/45
f 31/45/45 173/47/47 33/48/48
f 422/50/50 675/51/51 815/49/49
f 815/49/49 675/51/51 817/52/52
f 422/54/54 169/55/55 17/53/53
f 17/53/53 169/55/55 19/56/56
f 422/58/58 679/59/59 829/57/57
f 829/57/57 679/59/59 831/60/60
f 422/62/62 165/63/63 4/61/61
f 4/61/61 165/63/63 5/64/64
f 422/66/66 678/67/67 841/65/65
f 841/65/65 678/67/67 840/68/68
f 422/70/70 164/71/71 16/69/69
f 16/69/69 164/71/71 14/72/72
f 422/74/74 674/75/75 828/73/73
f 828/73/73 674/75/75 826/76/76
f 422/78/78 168/79/79 30/77/77
f 30/77/77 168/79/79 28/80/80
f 422/82/82 670/83/83 814/81/81
f 814/81/81 670/83/83 812/84/84
f 422/86/86 172/87/87 44/85/85
f 44/85/85 172/87/87 42/88/88
f 461/90/90 485/91/91 479/89/89
f 479/89/89 485/91/91 517/92/92
f 479/89/89 517/92/92 477/93/93
f 461/94/94 477/95/95 455/96/96
f 461/97/97 459/98/98 485/99/99
f 453/100/100 461/101/101 455/102/102
f 475/103/103 477/104/104 517/105/105
f 422/107/107 666/108/108 800/106/106
f 800/106/106 666/108/108 798/109/109
f 422/111/111 176/112/112 58/110/110
f 58/110/110 176/112/112 56/113/113
f 422/115/115 662/116/116 786/114/114
f 786/114/114 662/116/116 784/117/117
f 422/119/119 180/120/120 78/118/118
f 78/118/118 180/120/120 76/121/121
f 422/123/123 647/124/124 766/122/122
f 766/122/122 647/124/124 764/125/125
f 439/130/130 451/126/126 447/129/129
f 447/129/129 451/126/126 473/127/127
f 447/129/129 473/127/127 443/128/128
f 473/131/131 475/132/132 585/133/133
f 459/134/134 451/135/135 457/136/136
f 422/138/138 194/139/139 108/137/137
f 108/137/137 194/139/139 104/140/140
f 451/141/141 449/142/142 457/143/143
f 471/144/144 473/145/145 585/146/146
f 422/148/148 583/149/149 736/147/147
f 736/147/147 583/149/149 734/150/150
f 449/151/151 435/152/152 457/153/153
f 469/154/154 471/155/155 704/158/158
f 704/158/158 471/155/155 710/157/157
f 710/157/157 471/155/155 585/156/156
f 441/159/159 469/160/160 425/161/161
f 469/162/162 423/163/163 425/164/164
f 469/166/166 704/167/167 467/165/165
f 467/165/165 704/167/167 700/168/168
f 422/169/169 706/170/170 583/172/172
f 583/172/172 706/170/170 708/171/171
f 435/173/173 422/174/174 457/175/175
f 422/177/177 258/178/178 138/176/176
f 138/176/176 258/178/178 136/179/179
f 422/180/180 410/181/181 388/182/182
f 370/183/183 368/184/184 140/186/186
f 140/186/186 368/184/184 144/185/185
f 423/187/187 370/188/188 425/189/189
f 410/190/190 396/191/191 388/192/192
f 370/193/193 402/194/194 425/195/195
f 394/196/196 408/197/197 406/198/198
f 396/199/199 394/200/200 388/201/201
f 402/202/202 374/203/203 404/204/204
f 376/205/205 374/206/206 260/207/207
f 394/208/208 386/209/209 388/210/210
f 384/211/211 392/212/212 390/213/213
f 386/214/214 384/215/215 358/216/216
f 392/217/217 378/218/218 390/219/219
f 378/220/220 384/221/221 390/222/222
f 384/223/223 380/224/224 358/227/227
f 358/227/227 380/224/224 328/226/226
f 328/226/226 380/224/224 378/225/225
f 483/228/228 485/229/229 457/230/230
f 493/231/231 495/232/232 485/233/233
f 406/234/234 408/235/235 429/236/236
f 427/237/237 435/238/238 429/239/239
f 398/240/240 406/241/241 400/242/242
f 475/243/243 517/244/244 585/245/245
f 485/246/246 459/247/247 457/248/248
f 435/249/249 437/250/250 429/251/251
f 406/252/252 404/253/253 400/254/254
f 404/255/255 414/256/256 425/259/259
f 425/259/259 414/256/256 429/258/258
f 429/258/258 414/256/256 406/257/257
f 503/260/260 495/261/261 499/262/262
f 495/263/263 487/264/264 485/267/267
f 485/267/267 487/264/264 517/266/266
f 517/266/266 487/264/264 503/265/265
f 402/268/268 404/269/269 425/270/270
f 503/271/271 501/272/272 517/273/273
f 517/274/274 515/275/275 585/276/276
f 585/277/277 583/278/278 710/280/280
f 710/280/280 583/278/278 708/279/279
f 497/281/281 503/282/282 499/283/283
f 404/284/284 398/285/285 400/286/286
f 700/291/291 704/287/287 706/290/290
f 706/290/290 704/287/287 710/288/288
f 706/290/290 710/288/288 708/289/289
f 422/292/292 467/293/293 706/295/295
f 706/295/295 467/293/293 700/294/294
f 495/296/296 497/297/297 499/298/298
f 495/299/299 493/300/300 507/301/301
f 487/302/302 495/303/303 489/304/304
f 495/306/306 507/307/307 497/305/305
f 497/305/305 507/307/307 579/308/308
f 497/305/305 579/308/308 503/309/309
f 495/310/310 503/311/311 489/312/312
f 501/313/313 503/314/314 579/315/315
f 517/316/316 501/317/317 649/318/318
f 493/319/319 485/320/320 491/321/321
f 374/322/322 372/323/323 260/324/324
f 414/325/325 404/326/326 412/327/327
f 404/332/332 374/328/328 398/331/331
f 398/331/331 374/328/328 394/329/329
f 398/331/331 394/329/329 406/330/330
f 404/333/333 406/334/334 412/335/335
f 485/336/336 483/337/337 491/338/338
f 477/339/339 453/340/340 455/341/341
f 483/342/342 457/343/343 491/344/344
f 585/345/345 515/346/346 738/349/349
f 738/349/349 515/346/346 742/348/348
f 742/348/348 515/346/346 649/347/347
f 457/350/350 422/351/351 491/352/352
f 437/353/353 451/354/354 439/355/355
f 441/356/356 425/357/357 443/358/358
f 443/363/363 425/359/359 431/362/362
f 431/362/362 425/359/359 429/360/360
f 431/362/362 429/360/360 439/361/361
f 408/364/364 410/365/365 429/366/366
f 370/368/368 140/369/369 372/367/367
f 372/367/367 140/369/369 134/370/370
f 372/367/367 134/370/370 260/371/371
f 410/372/372 427/373/373 429/374/374
f 585/376/376 738/377/377 583/375/375
f 583/375/375 738/377/377 734/378/378
f 422/379/379 138/380/380 368/382/382
f 368/382/382 138/380/380 144/381/381
f 505/383/383 507/384/384 491/385/385
f 431/386/386 439/387/387 433/388/388
f 519/389/389 521/390/390 507/391/391
f 501/392/392 579/393/393 649/394/394
f 507/395/395 493/396/396 491/397/397
f 439/398/398 443/399/399 433/400/400
f 533/401/401 521/402/402 525/403/403
f 521/404/404 511/405/405 507/408/408
f 507/408/408 511/405/405 579/407/407
f 579/407/407 511/405/405 533/406/406
f 473/409/409 441/410/410 443/411/411
f 533/412/412 531/413/413 579/414/414
f 579/415/415 577/416/416 649/417/417
f 649/418/418 647/419/419 742/421/421
f 742/421/421 647/419/419 740/420/420
f 523/422/422 533/423/423 525/424/424
f 443/425/425 431/426/426 433/427/427
f 734/432/432 738/428/428 736/431/431
f 736/431/431 738/428/428 742/429/429
f 736/431/431 742/429/429 740/430/430
f 422/433/433 736/434/434 647/436/436
f 647/436/436 736/434/434 740/435/435
f 521/437/437 523/438/438 525/439/439
f 521/440/440 519/441/441 529/442/442
f 511/443/443 521/444/444 513/445/445
f 521/447/447 529/448/448 523/446/446
f 523/446/446 529/448/448 635/449/449
f 523/446/446 635/449/449 533/450/450
f 521/451/451 533/452/452 513/453/453
f 531/454/454 533/455/455 635/456/456
f 579/457/457 531/458/458 664/459/459
f 519/460/460 507/461/461 509/462/462
f 507/463/463 505/464/464 509/465/465
f 503/466/466 487/467/467 489/468/468
f 649/469/469 577/470/470 770/473/473
f 770/473/473 577/470/470 772/472/472
f 772/472/472 577/470/470 664/471/471
f 505/474/474 491/475/475 509/476/476
f 491/477/477 422/478/478 509/479/479
f 443/480/480 439/481/481 445/482/482
f 447/483/483 443/484/484 445/485/485
f 429/486/486 437/487/487 439/488/488
f 649/490/490 770/491/491 647/489/489
f 647/489/489 770/491/491 764/492/492
f 531/493/493 635/494/494 664/495/495
f 529/496/496 519/497/497 509/498/498
f 557/499/499 545/500/500 549/501/501
f 545/502/502 539/503/503 529/506/506
f 529/506/506 539/503/503 635/505/505
f 635/505/505 539/503/503 557/504/504
f 527/507/507 529/508/508 509/509/509
f 543/510/510 545/511/511 529/512/512
f 557/513/513 555/514/514 635/515/515
f 635/516/516 633/517/517 664/518/518
f 664/519/519 662/520/520 772/522/522
f 772/522/522 662/520/520 768/521/521
f 547/523/523 557/524/524 549/525/525
f 515/526/526 517/527/527 649/528/528
f 764/533/533 770/529/529 766/532/532
f 766/532/532 770/529/529 772/530/530
f 766/532/532 772/530/530 768/531/531
f 422/534/534 766/535/535 662/537/537
f 662/537/537 766/535/535 768/536/536
f 545/538/538 547/539/539 549/540/540
f 545/541/541 543/542/542 553/543/543
f 539/544/544 545/545/545 541/546/546
f 545/548/548 553/549/549 547/547/547
f 547/547/547 553/549/549 641/550/550
f 547/547/547 641/550/550 557/551/551
f 545/552/552 557/553/553 541/554/554
f 555/555/555 557/556/556 641/557/557
f 635/558/558 555/559/559 668/560/560
f 543/561/561 529/562/562 537/563/563
f 529/564/564 527/565/565 537/566/566
f 533/567/567 511/568/568 513/569/569
f 664/570/570 633/571/571 790/574/574
f 790/574/574 633/571/571 792/573/573
f 792/573/573 633/571/571 668/572/572
f 527/575/575 509/576/576 537/577/577
f 509/578/578 422/579/579 537/580/580
f 664/582/582 790/583/583 662/581/581
f 662/581/581 790/583/583 784/584/584
f 555/585/585 641/586/586 668/587/587
f 553/588/588 543/589/589 537/590/590
f 605/591/591 567/592/592 573/593/593
f 567/594/594 561/595/595 553/598/598
f 553/598/598 561/595/595 641/597/597
f 641/597/597 561/595/595 605/596/596
f 551/599/599 553/600/600 537/601/601
f 565/602/602 567/603/603 553/604/604
f 605/605/605 603/606/606 641/607/607
f 641/608/608 639/609/609 668/610/610
f 668/611/611 666/612/612 792/614/614
f 792/614/614 666/612/612 788/613/613
f 571/615/615 605/616/616 573/617/617
f 577/618/618 579/619/619 664/620/620
f 784/625/625 790/621/621 786/624/624
f 786/624/624 790/621/621 792/622/622
f 786/624/624 792/622/622 788/623/623
f 422/626/626 786/627/627 666/629/629
f 666/629/629 786/627/627 788/628/628
f 567/630/630 571/631/631 573/632/632
f 567/633/633 565/634/634 575/635/635
f 561/636/636 567/637/637 563/638/638
f 567/640/640 575/641/641 571/639/639
f 571/639/639 575/641/641 645/642/642
f 571/639/639 645/642/642 605/643/643
f 567/644/644 605/645/645 563/646/646
f 603/647/647 605/648/648 645/649/649
f 641/650/650 603/651/651 672/652/652
f 565/653/653 553/654/654 559/655/655
f 553/656/656 551/657/657 559/658/658
f 557/659/659 539/660/660 541/661/661
f 668/662/662 639/663/663 804/666/666
f 804/666/666 639/663/663 806/665/665
f 806/665/665 639/663/663 672/664/664
f 551/667/667 537/668/668 559/669/669
f 537/670/670 422/671/671 559/672/672
f 668/674/674 804/675/675 666/673/673
f 666/673/673 804/675/675 798/676/676
f 603/677/677 645/678/678 672/679/679
f 575/680/680 565/681/681 559/682/682
f 627/683/683 596/684/684 609/685/685
f 596/686/686 593/687/687 575/690/690
f 575/690/690 593/687/687 645/689/689
f 645/689/689 593/687/687 627/688/688
f 569/691/691 575/692/692 559/693/693
f 589/694/694 596/695/695 575/696/696
f 627/697/697 625/698/698 645/699/699
f 645/700/700 643/701/701 672/702/702
f 672/703/703 670/704/704 806/706/706
f 806/706/706 670/704/704 802/705/705
f 607/707/707 627/708/708 609/709/709
f 633/710/710 635/711/711 668/712/712
f 798/717/717 804/713/713 800/716/716
f 800/716/716 804/713/713 806/714/714
f 800/716/716 806/714/714 802/715/715
f 422/718/718 800/719/719 670/721/721
f 670/721/721 800/719/719 802/720/720
f 596/722/722 607/723/723 609/724/724
f 596/725/725 589/726/726 597/727/727
f 593/728/728 596/729/729 595/730/730
f 596/732/732 597/733/733 607/731/731
f 607/731/731 597/733/733 653/734/734
f 607/731/731 653/734/734 627/735/735
f 596/736/736 627/737/737 595/738/738
f 625/739/739 627/740/740 653/741/741
f 645/742/742 625/743/743 676/744/744
f 589/745/745 575/746/746 581/747/747
f 575/748/748 569/749/749 581/750/750
f 605/751/751 561/752/752 563/753/753
f 672/754/754 643/755/755 818/758/758
f 818/758/758 643/755/755 820/757/757
f 820/757/757 643/755/755 676/756/756
f 569/759/759 559/760/760 581/761/761
f 559/762/762 422/763/763 581/764/764
f 672/766/766 818/767/767 670/765/765
f 670/765/765 818/767/767 812/768/768
f 625/769/769 653/770/770 676/771/771
f 597/772/772 589/773/773 581/774/774
f 631/775/775 615/776/776 623/777/777
f 615/778/778 617/779/779 597/782/782
f 597/782/782 617/779/779 653/781/781
f 653/781/781 617/779/779 631/780/780
f 591/783/783 597/784/784 581/785/785
f 613/786/786 615/787/787 597/788/788
f 631/789/789 629/790/790 653/791/791
f 653/792/792 651/793/793 676/794/794
f 676/795/795 674/796/796 820/798/798
f 820/798/798 674/796/796 816/797/797
f 621/799/799 631/800/800 623/801/801
f 639/802/802 641/803/803 672/804/804
f 812/809/809 818/805/805 814/808/808
f 814/808/808 818/805/805 820/806/806
f 814/808/808 820/806/806 816/807/807
f 422/810/810 814/811/811 674/813/813
f 674/813/813 814/811/811 816/812/812
f 615/814/814 621/815/815 623/816/816
f 615/817/817 613/818/818 612/819/819
f 617/820/820 615/821/821 619/822/822
f 615/824/824 612/825/825 621/823/823
f 621/823/823 612/825/825 656/826/826
f 621/823/823 656/826/826 631/827/827
f 615/828/828 631/829/829 619/830/830
f 629/831/831 631/832/832 656/833/833
f 653/834/834 629/835/835 680/836/836
f 613/837/837 597/838/838 598/839/839
f 597/840/840 591/841/841 598/842/842
f 627/843/843 593/844/844 595/845/845
f 676/846/846 651/847/847 832/850/850
f 832/850/850 651/847/847 834/849/849
f 834/849/849 651/847/847 680/848/848
f 591/851/851 581/852/852 598/853/853
f 581/854/854 422/855/855 598/856/856
f 676/858/858 832/859/859 674/857/857
f 674/857/857 832/859/859 826/860/860
f 629/861/861 656/862/862 680/863/863
f 612/864/864 613/865/865 598/866/866
f 632/867/867 616/868/868 620/869/869
f 616/870/870 622/871/871 612/874/874
f 612/874/874 622/871/871 656/873/873
f 656/873/873 622/871/871 632/872/872
f 611/875/875 612/876/876 598/877/877
f 614/878/878 616/879/879 612/880/880
f 632/881/881 630/882/882 656/883/883
f 656/884/884 655/885/885 680/886/886
f 680/887/887 678/888/888 834/890/890
f 834/890/890 678/888/888 830/889/889
f 618/891/891 632/892/892 620/893/893
f 643/894/894 645/895/895 676/896/896
f 826/901/901 832/897/897 828/900/900
f 828/900/900 832/897/897 834/898/898
f 828/900/900 834/898/898 830/899/899
f 422/902/902 828/903/903 678/905/905
f 678/905/905 828/903/903 830/904/904
f 616/906/906 618/907/907 620/908/908
f 616/909/909 614/910/910 600/911/911
f 622/912/912 616/913/913 624/914/914
f 616/916/916 600/917/917 618/915/915
f 618/915/915 600/917/917 654/918/918
f 618/915/915 654/918/918 632/919/919
f 616/920/920 632/921/921 624/922/922
f 630/923/923 632/924/924 654/925/925
f 656/926/926 630/927/927 681/928/928
f 614/929/929 612/930/930 599/931/931
f 612/932/932 611/933/933 599/934/934
f 631/935/935 617/936/936 619/937/937
f 680/938/938 655/939/939 843/942/942
f 843/942/942 655/939/939 844/941/941
f 844/941/941 655/939/939 681/940/940
f 611/943/943 598/944/944 599/945/945
f 598/946/946 422/947/947 599/948/948
f 680/950/950 843/951/951 678/949/949
f 678/949/949 843/951/951 840/952/952
f 630/953/953 654/954/954 681/955/955
f 600/956/956 614/957/957 599/958/958
f 628/959/959 601/960/960 602/961/961
f 601/962/962 608/963/963 600/966/966
f 600/966/966 608/963/963 654/965/965
f 654/965/965 608/963/963 628/964/964
f 592/967/967 600/968/968 599/969/969
f 590/970/970 601/971/971 600/972/972
f 628/973/973 626/974/974 654/975/975
f 654/976/976 652/977/977 681/978/978
f 681/979/979 679/980/980 844/982/982
f 844/982/982 679/980/980 842/981/981
f 594/983/983 628/984/984 602/985/985
f 651/986/986 653/987/987 680/988/988
f 840/993/993 843/989/989 841/992/992
f 841/992/992 843/989/989 844/990/990
f 841/992/992 844/990/990 842/991/991
f 422/994/994 841/995/995 679/997/997
f 679/997/997 841/995/995 842/996/996
f 601/998/998 594/999/999 602/1000/1000
f 601/1001/1001 590/1002/1002 576/1003/1003
f 608/1004/1004 601/1005/1005 610/1006/1006
f 601/1008/1008 576/1009/1009 594/1007/1007
f 594/1007/1007 576/1009/1009 646/1010/1010
f 594/1007/1007 646/1010/1010 628/1011/1011
f 601/1012/1012 628/1013/1013 610/1014/1014
f 626/1015/1015 628/1016/1016 646/1017/1017
f 654/1018/1018 626/1019/1019 677/1020/1020
f 590/1021/1021 600/1022/1022 582/1023/1023
f 600/1024/1024 592/1025/1025 582/1026/1026
f 632/1027/1027 622/1028/1028 624/1029/1029
f 681/1030/1030 652/1031/1031 835/1034/1034
f 835/1034/1034 652/1031/1031 833/1033/1033
f 833/1033/1033 652/1031/1031 677/1032/1032
f 592/1035/1035 599/1036/1036 582/1037/1037
f 599/1038/1038 422/1039/1039 582/1040/1040
f 681/1042/1042 835/1043/1043 679/1041/1041
f 679/1041/1041 835/1043/1043 831/1044/1044
f 626/1045/1045 646/1046/1046 677/1047/1047
f 576/1048/1048 590/1049/1049 582/1050/1050
f 606/1051/1051 568/1052/1052 564/1053/1053
f 568/1054/1054 572/1055/1055 576/1058/1058
f 576/1058/1058 572/1055/1055 646/1057/1057
f 646/1057/1057 572/1055/1055 606/1056/1056
f 570/1059/1059 576/1060/1060 582/1061/1061
f 566/1062/1062 568/1063/1063 576/1064/1064
f 606/1065/1065 604/1066/1066 646/1067/1067
f 646/1068/1068 644/1069/1069 677/1070/1070
f 677/1071/1071 675/1072/1072 833/1074/1074
f 833/1074/1074 675/1072/1072 827/1073/1073
f 562/1075/1075 606/1076/1076 564/1077/1077
f 655/1078/1078 656/1079/1079 681/1080/1080
f 831/1085/1085 835/1081/1081 829/1084/1084
f 829/1084/1084 835/1081/1081 833/1082/1082
f 829/1084/1084 833/1082/1082 827/1083/1083
f 422/1086/1086 829/1087/1087 675/1089/1089
f 675/1089/1089 829/1087/1087 827/1088/1088
f 568/1090/1090 562/1091/1091 564/1092/1092
f 568/1093/1093 566/1094/1094 554/1095/1095
f 572/1096/1096 568/1097/1097 574/1098/1098
f 568/1100/1100 554/1101/1101 562/1099/1099
f 562/1099/1099 554/1101/1101 642/1102/1102
f 562/1099/1099 642/1102/1102 606/1103/1103
f 568/1104/1104 606/1105/1105 574/1106/1106
f 604/1107/1107 606/1108/1108 642/1109/1109
f 646/1110/1110 604/1111/1111 673/1112/1112
f 566/1113/1113 576/1114/1114 560/1115/1115
f 576/1116/1116 570/1117/1117 560/1118/1118
f 628/1119/1119 608/1120/1120 610/1121/1121
f 677/1122/1122 644/1123/1123 821/1126/1126
f 821/1126/1126 644/1123/1123 819/1125/1125
f 819/1125/1125 644/1123/1123 673/1124/1124
f 570/1127/1127 582/1128/1128 560/1129/1129
f 582/1130/1130 422/1131/1131 560/1132/1132
f 677/1134/1134 821/1135/1135 675/1133/1133
f 675/1133/1133 821/1135/1135 817/1136/1136
f 604/1137/1137 642/1138/1138 673/1139/1139
f 554/1140/1140 566/1141/1141 560/1142/1142
f 558/1143/1143 546/1144/1144 542/1145/1145
f 546/1146/1146 548/1147/1147 554/1150/1150
f 554/1150/1150 548/1147/1147 642/1149/1149
f 642/1149/1149 548/1147/1147 558/1148/1148
f 552/1151/1151 554/1152/1152 560/1153/1153
f 544/1154/1154 546/1155/1155 554/1156/1156
f 558/1157/1157 556/1158/1158 642/1159/1159
f 642/1160/1160 640/1161/1161 673/1162/1162
f 673/1163/1163 671/1164/1164 819/1166/1166
f 819/1166/1166 671/1164/1164 813/1165/1165
f 540/1167/1167 558/1168/1168 542/1169/1169
f 652/1170/1170 654/1171/1171 677/1172/1172
f 817/1177/1177 821/1173/1173 815/1176/1176
f 815/1176/1176 821/1173/1173 819/1174/1174
f 815/1176/1176 819/1174/1174 813/1175/1175
f 422/1178/1178 815/1179/1179 671/1181/1181
f 671/1181/1181 815/1179/1179 813/1180/1180
f 546/1182/1182 540/1183/1183 542/1184/1184
f 546/1185/1185 544/1186/1186 530/1187/1187
f 548/1188/1188 546/1189/1189 550/1190/1190
f 546/1192/1192 530/1193/1193 540/1191/1191
f 540/1191/1191 530/1193/1193 636/1194/1194
f 540/1191/1191 636/1194/1194 558/1195/1195
f 546/1196/1196 558/1197/1197 550/1198/1198
f 556/1199/1199 558/1200/1200 636/1201/1201
f 642/1202/1202 556/1203/1203 669/1204/1204
f 544/1205/1205 554/1206/1206 538/1207/1207
f 554/1208/1208 552/1209/1209 538/1210/1210
f 606/1211/1211 572/1212/1212 574/1213/1213
f 673/1214/1214 640/1215/1215 807/1218/1218
f 807/1218/1218 640/1215/1215 805/1217/1217
f 805/1217/1217 640/1215/1215 669/1216/1216
f 552/1219/1219 560/1220/1220 538/1221/1221
f 560/1222/1222 422/1223/1223 538/1224/1224
f 673/1226/1226 807/1227/1227 671/1225/1225
f 671/1225/1225 807/1227/1227 803/1228/1228
f 556/1229/1229 636/1230/1230 669/1231/1231
f 530/1232/1232 544/1233/1233 538/1234/1234
f 534/1235/1235 522/1236/1236 514/1237/1237
f 522/1238/1238 524/1239/1239 530/1242/1242
f 530/1242/1242 524/1239/1239 636/1241/1241
f 636/1241/1241 524/1239/1239 534/1240/1240
f 528/1243/1243 530/1244/1244 538/1245/1245
f 520/1246/1246 522/1247/1247 530/1248/1248
f 534/1249/1249 532/1250/1250 636/1251/1251
f 636/1252/1252 634/1253/1253 669/1254/1254
f 669/1255/1255 667/1256/1256 805/1258/1258
f 805/1258/1258 667/1256/1256 799/1257/1257
f 512/1259/1259 534/1260/1260 514/1261/1261
f 644/1262/1262 646/1263/1263 673/1264/1264
f 803/1269/1269 807/1265/1265 801/1268/1268
f 801/1268/1268 807/1265/1265 805/1266/1266
f 801/1268/1268 805/1266/1266 799/1267/1267
f 422/1270/1270 801/1271/1271 667/1273/1273
f 667/1273/1273 801/1271/1271 799/1272/1272
f 522/1274/1274 512/1275/1275 514/1276/1276
f 522/1277/1277 520/1278/1278 508/1279/1279
f 524/1280/1280 522/1281/1281 526/1282/1282
f 522/1284/1284 508/1285/1285 512/1283/1283
f 512/1283/1283 508/1285/1285 580/1286/1286
f 512/1283/1283 580/1286/1286 534/1287/1287
f 522/1288/1288 534/1289/1289 526/1290/1290
f 532/1291/1291 534/1292/1292 580/1293/1293
f 636/1294/1294 532/1295/1295 665/1296/1296
f 520/1297/1297 530/1298/1298 510/1299/1299
f 530/1300/1300 528/1301/1301 510/1302/1302
f 558/1303/1303 548/1304/1304 550/1305/1305
f 669/1306/1306 634/1307/1307 793/1310/1310
f 793/1310/1310 634/1307/1307 791/1309/1309
f 791/1309/1309 634/1307/1307 665/1308/1308
f 528/1311/1311 538/1312/1312 510/1313/1313
f 538/1314/1314 422/1315/1315 510/1316/1316
f 669/1318/1318 793/1319/1319 667/1317/1317
f 667/1317/1317 793/1319/1319 789/1320/1320
f 532/1321/1321 580/1322/1322 665/1323/1323
f 508/1324/1324 520/1325/1325 510/1326/1326
f 504/1327/1327 496/1328/1328 490/1329/1329
f 496/1330/1330 498/1331/1331 508/1334/1334
f 508/1334/1334 498/1331/1331 580/1333/1333
f 580/1333/1333 498/1331/1331 504/1332/1332
f 506/1335/1335 508/1336/1336 510/1337/1337
f 494/1338/1338 496/1339/1339 508/1340/1340
f 504/1341/1341 502/1342/1342 580/1343/1343
f 580/1344/1344 578/1345/1345 665/1346/1346
f 665/1347/1347 663/1348/1348 791/1350/1350
f 791/1350/1350 663/1348/1348 785/1349/1349
f 488/1351/1351 504/1352/1352 490/1353/1353
f 640/1354/1354 642/1355/1355 669/1356/1356
f 789/1361/1361 793/1357/1357 787/1360/1360
f 787/1360/1360 793/1357/1357 791/1358/1358
f 787/1360/1360 791/1358/1358 785/1359/1359
f 422/1362/1362 787/1363/1363 663/1365/1365
f 663/1365/1365 787/1363/1363 785/1364/1364
f 496/1366/1366 488/1367/1367 490/1368/1368
f 496/1369/1369 494/1370/1370 486/1371/1371
f 498/1372/1372 496/1373/1373 500/1374/1374
f 496/1376/1376 486/1377/1377 488/1375/1375
f 488/1375/1375 486/1377/1377 518/1378/1378
f 488/1375/1375 518/1378/1378 504/1379/1379
f 496/1380/1380 504/1381/1381 500/1382/1382
f 502/1383/1383 504/1384/1384 518/1385/1385
f 580/1386/1386 502/1387/1387 650/1388/1388
f 494/1389/1389 508/1390/1390 492/1391/1391
f 508/1392/1392 506/1393/1393 492/1394/1394
f 534/1395/1395 524/1396/1396 526/1397/1397
f 665/1398/1398 578/1399/1399 773/1402/1402
f 773/1402/1402 578/1399/1399 771/1401/1401
f 771/1401/1401 578/1399/1399 650/1400/1400
f 506/1403/1403 510/1404/1404 492/1405/1405
f 510/1406/1406 422/1407/1407 492/1408/1408
f 665/1410/1410 773/1411/1411 663/1409/1409
f 663/1409/1409 773/1411/1411 769/1412/1412
f 502/1413/1413 518/1414/1414 650/1415/1415
f 486/1416/1416 494/1417/1417 492/1418/1418
f 478/1419/1419 462/1420/1420 456/1421/1421
f 462/1422/1422 480/1423/1423 486/1426/1426
f 486/1426/1426 480/1423/1423 518/1425/1425
f 518/1425/1425 480/1423/1423 478/1424/1424
f 484/1427/1427 486/1428/1428 492/1429/1429
f 460/1430/1430 462/1431/1431 486/1432/1432
f 478/1433/1433 476/1434/1434 518/1435/1435
f 518/1436/1436 516/1437/1437 650/1438/1438
f 650/1439/1439 648/1440/1440 771/1442/1442
f 771/1442/1442 648/1440/1440 765/1441/1441
f 454/1443/1443 478/1444/1444 456/1445/1445
f 634/1446/1446 636/1447/1447 665/1448/1448
f 769/1453/1453 773/1449/1449 767/1452/1452
f 767/1452/1452 773/1449/1449 771/1450/1450
f 767/1452/1452 771/1450/1450 765/1451/1451
f 422/1454/1454 767/1455/1455 648/1457/1457
f 648/1457/1457 767/1455/1455 765/1456/1456
f 462/1458/1458 454/1459/1459 456/1460/1460
f 462/1461/1461 460/1462/1462 452/1463/1463
f 480/1464/1464 462/1465/1465 482/1466/1466
f 462/1468/1468 452/1469/1469 454/1467/1467
f 454/1467/1467 452/1469/1469 474/1470/1470
f 454/1467/1467 474/1470/1470 478/1471/1471
f 462/1472/1472 478/1473/1473 482/1474/1474
f 476/1475/1475 478/1476/1476 474/1477/1477
f 518/1478/1478 476/1479/1479 586/1480/1480
f 460/1481/1481 486/1482/1482 458/1483/1483
f 486/1484/1484 484/1485/1485 458/1486/1486
f 504/1487/1487 498/1488/1488 500/1489/1489
f 650/1490/1490 516/1491/1491 743/1494/1494
f 743/1494/1494 516/1491/1491 739/1493/1493
f 739/1493/1493 516/1491/1491 586/1492/1492
f 484/1495/1495 492/1496/1496 458/1497/1497
f 492/1498/1498 422/1499/1499 458/1500/1500
f 650/1502/1502 743/1503/1503 648/1501/1501
f 648/1501/1501 743/1503/1503 741/1504/1504
f 476/1505/1505 474/1506/1506 586/1507/1507
f 452/1508/1508 460/1509/1509 458/1510/1510
f 444/1511/1511 440/1512/1512 434/1513/1513
f 440/1514/1514 448/1515/1515 452/1518/1518
f 452/1518/1518 448/1515/1515 474/1517/1517
f 474/1517/1517 448/1515/1515 444/1516/1516
f 450/1519/1519 452/1520/1520 458/1521/1521
f 438/1522/1522 440/1523/1523 452/1524/1524
f 444/1525/1525 442/1526/1526 474/1527/1527
f 474/1528/1528 472/1529/1529 586/1530/1530
f 586/1531/1531 584/1532/1532 739/1534/1534
f 739/1534/1534 584/1532/1532 735/1533/1533
f 432/1535/1535 444/1536/1536 434/1537/1537
f 578/1538/1538 580/1539/1539 650/1540/1540
f 741/1545/1545 743/1541/1541 737/1544/1544
f 737/1544/1544 743/1541/1541 739/1542/1542
f 737/1544/1544 739/1542/1542 735/1543/1543
f 422/1546/1546 737/1547/1547 584/1549/1549
f 584/1549/1549 737/1547/1547 735/1548/1548
f 440/1550/1550 432/1551/1551 434/1552/1552
f 440/1553/1553 438/1554/1554 430/1555/1555
f 448/1556/1556 440/1557/1557 446/1558/1558
f 440/1560/1560 430/1561/1561 432/1559/1559
f 432/1559/1559 430/1561/1561 426/1562/1562
f 432/1559/1559 426/1562/1562 444/1563/1563
f 440/1564/1564 444/1565/1565 446/1566/1566
f 442/1567/1567 444/1568/1568 426/1569/1569
f 474/1570/1570 442/1571/1571 470/1572/1572
f 438/1573/1573 452/1574/1574 436/1575/1575
f 452/1576/1576 450/1577/1577 436/1578/1578
f 478/1579/1579 480/1580/1580 482/1581/1581
f 586/1582/1582 472/1583/1583 711/1586/1586
f 711/1586/1586 472/1583/1583 705/1585/1585
f 705/1585/1585 472/1583/1583 470/1584/1584
f 450/1587/1587 458/1588/1588 436/1589/1589
f 458/1590/1590 422/1591/1591 436/1592/1592
f 586/1594/1594 711/1595/1595 584/1593/1593
f 584/1593/1593 711/1595/1595 709/1596/1596
f 442/1597/1597 426/1598/1598 470/1599/1599
f 430/1600/1600 438/1601/1601 436/1602/1602
f 405/1603/1603 407/1604/1604 401/1605/1605
f 407/1606/1606 415/1607/1607 430/1610/1610
f 430/1610/1610 415/1607/1607 426/1609/1609
f 426/1609/1609 415/1607/1607 405/1608/1608
f 428/1611/1611 430/1612/1612 436/1613/1613
f 409/1614/1614 407/1615/1615 430/1616/1616
f 405/1617/1617 403/1618/1618 426/1619/1619
f 426/1620/1620 424/1621/1621 470/1622/1622
f 470/1623/1623 468/1624/1624 705/1626/1626
f 705/1626/1626 468/1624/1624 701/1625/1625
f 399/1627/1627 405/1628/1628 401/1629/1629
f 422/1630/1630 707/1631/1631 468/1633/1633
f 468/1633/1633 707/1631/1631 701/1632/1632
f 516/1634/1634 518/1635/1635 586/1636/1636
f 709/1641/1641 711/1637/1637 707/1640/1640
f 707/1640/1640 711/1637/1637 705/1638/1638
f 707/1640/1640 705/1638/1638 701/1639/1639
f 407/1642/1642 399/1643/1643 401/1644/1644
f 407/1645/1645 409/1646/1646 395/1647/1647
f 415/1648/1648 407/1649/1649 413/1650/1650
f 407/1652/1652 395/1653/1653 399/1651/1651
f 399/1651/1651 395/1653/1653 375/1654/1654
f 399/1651/1651 375/1654/1654 405/1655/1655
f 407/1656/1656 405/1657/1657 413/1658/1658
f 403/1659/1659 405/1660/1660 375/1661/1661
f 426/1662/1662 403/1663/1663 371/1664/1664
f 409/1665/1665 430/1666/1666 411/1667/1667
f 430/1668/1668 428/1669/1669 411/1670/1670
f 444/1671/1671 448/1672/1672 446/1673/1673
f 470/1674/1674 424/1675/1675 466/1678/1678
f 466/1678/1678 424/1675/1675 367/1677/1677
f 367/1677/1677 424/1675/1675 371/1676/1676
f 428/1679/1679 436/1680/1680 411/1681/1681
f 436/1682/1682 422/1683/1683 411/1684/1684
f 470/1686/1686 466/1687/1687 468/1685/1685
f 468/1685/1685 466/1687/1687 464/1688/1688
f 403/1689/1689 375/1690/1690 371/1691/1691
f 395/1692/1692 409/1693/1693 411/1694/1694
f 379/1696/1696 375/1697/1697 393/1695/1695
f 393/1695/1695 375/1697/1697 395/1698/1698
f 393/1695/1695 395/1698/1698 385/1699/1699
f 379/1700/1700 385/1701/1701 383/1702/1702
f 379/1703/1703 377/1704/1704 375/1705/1705
f 375/1706/1706 373/1707/1707 371/1708/1708
f 371/1709/1709 369/1710/1710 367/1712/1712
f 367/1712/1712 369/1710/1710 365/1711/1711
f 381/1713/1713 379/1714/1714 383/1715/1715
f 397/1716/1716 395/1717/1717 411/1718/1718
f 387/1719/1719 385/1720/1720 395/1721/1721
f 422/1722/1722 417/1723/1723 369/1725/1725
f 369/1725/1725 417/1723/1723 365/1724/1724
f 472/1726/1726 474/1727/1727 470/1728/1728
f 464/1733/1733 466/1729/1729 417/1732/1732
f 417/1732/1732 466/1729/1729 367/1730/1730
f 417/1732/1732 367/1730/1730 365/1731/1731
f 385/1734/1734 381/1735/1735 383/1736/1736
f 377/1737/1737 379/1738/1738 329/1739/1739
f 385/1740/1740 379/1741/1741 391/1742/1742
f 379/1743/1743 381/1744/1744 329/1747/1747
f 329/1747/1747 381/1744/1744 359/1746/1746
f 359/1746/1746 381/1744/1744 385/1745/1745
f 385/1748/1748 387/1749/1749 359/1750/1750
f 393/1751/1751 385/1752/1752 391/1753/1753
f 387/1754/1754 395/1755/1755 389/1756/1756
f 405/1757/1757 415/1758/1758 413/1759/1759
f 395/1760/1760 397/1761/1761 389/1762/1762
f 397/1763/1763 411/1764/1764 389/1765/1765
f 371/1766/1766 373/1767/1767 141/1770/1770
f 141/1770/1770 373/1767/1767 135/1769/1769
f 135/1769/1769 373/1767/1767 261/1768/1768
f 371/1772/1772 141/1773/1773 369/1771/1771
f 369/1771/1771 141/1773/1773 145/1774/1774
f 411/1775/1775 422/1776/1776 389/1777/1777
f 377/1778/1778 329/1779/1779 261/1780/1780
f 359/1781/1781 387/1782/1782 389/1783/1783
f 343/1785/1785 329/1786/1786 357/1784/1784
f 357/1784/1784 329/1786/1786 359/1787/1787
f 357/1784/1784 359/1787/1787 349/1788/1788
f 343/1789/1789 349/1790/1790 345/1791/1791
f 343/1792/1792 341/1793/1793 329/1794/1794
f 329/1795/1795 327/1796/1796 261/1797/1797
f 261/1798/1798 259/1799/1799 135/1801/1801
f 135/1801/1801 259/1799/1799 137/1800/1800
f 347/1802/1802 343/1803/1803 345/1804/1804
f 361/1805/1805 359/1806/1806 389/1807/1807
f 351/1808/1808 349/1809/1809 359/1810/1810
f 422/1811/1811 139/1812/1812 259/1814/1814
f 259/1814/1814 139/1812/1812 137/1813/1813
f 424/1815/1815 426/1816/1816 371/1817/1817
f 145/1822/1822 141/1818/1818 139/1821/1821
f 139/1821/1821 141/1818/1818 135/1819/1819
f 139/1821/1821 135/1819/1819 137/1820/1820
f 349/1823/1823 347/1824/1824 345/1825/1825
f 341/1826/1826 343/1827/1827 267/1828/1828
f 349/1829/1829 343/1830/1830 355/1831/1831
f 343/1832/1832 347/1833/1833 267/1836/1836
f 267/1836/1836 347/1833/1833 337/1835/1835
f 337/1835/1835 347/1833/1833 349/1834/1834
f 349/1837/1837 351/1838/1838 337/1839/1839
f 357/1840/1840 349/1841/1841 355/1842/1842
f 351/1843/1843 359/1844/1844 353/1845/1845
f 379/1846/1846 393/1847/1847 391/1848/1848
f 359/1849/1849 361/1850/1850 353/1851/1851
f 361/1852/1852 389/1853/1853 353/1854/1854
f 261/1855/1855 327/1856/1856 107/1859/1859
f 107/1859/1859 327/1856/1856 103/1858/1858
f 103/1858/1858 327/1856/1856 197/1857/1857
f 375/1860/1860 377/1861/1861 261/1862/1862
f 261/1864/1864 107/1865/1865 259/1863/1863
f 259/1863/1863 107/1865/1865 111/1866/1866
f 389/1867/1867 422/1868/1868 353/1869/1869
f 341/1870/1870 267/1871/1871 197/1872/1872
f 337/1873/1873 351/1874/1874 353/1875/1875
f 313/1877/1877 267/1878/1878 333/1876/1876
f 333/1876/1876 267/1878/1878 337/1879/1879
f 333/1876/1876 337/1879/1879 323/1880/1880
f 313/1881/1881 323/1882/1882 319/1883/1883
f 313/1884/1884 311/1885/1885 267/1886/1886
f 267/1887/1887 265/1888/1888 197/1889/1889
f 197/1890/1890 195/1891/1891 103/1893/1893
f 103/1893/1893 195/1891/1891 105/1892/1892
f 321/1894/1894 313/1895/1895 319/1896/1896
f 339/1897/1897 337/1898/1898 353/1899/1899
f 325/1900/1900 323/1901/1901 337/1902/1902
f 422/1903/1903 109/1904/1904 195/1906/1906
f 195/1906/1906 109/1904/1904 105/1905/1905
f 373/1907/1907 375/1908/1908 261/1909/1909
f 111/1914/1914 107/1910/1910 109/1913/1913
f 109/1913/1913 107/1910/1910 103/1911/1911
f 109/1913/1913 103/1911/1911 105/1912/1912
f 323/1915/1915 321/1916/1916 319/1917/1917
f 311/1918/1918 313/1919/1919 213/1920/1920
f 323/1921/1921 313/1922/1922 331/1923/1923
f 313/1924/1924 321/1925/1925 213/1928/1928
f 213/1928/1928 321/1925/1925 315/1927/1927
f 315/1927/1927 321/1925/1925 323/1926/1926
f 323/1929/1929 325/1930/1930 315/1931/1931
f 333/1932/1932 323/1933/1933 331/1934/1934
f 325/1935/1935 337/1936/1936 335/1937/1937
f 343/1938/1938 357/1939/1939 355/1940/1940
f 337/1941/1941 339/1942/1942 335/1943/1943
f 339/1944/1944 353/1945/1945 335/1946/1946
f 197/1947/1947 265/1948/1948 75/1951/1951
f 75/1951/1951 265/1948/1948 73/1950/1950
f 73/1950/1950 265/1948/1948 183/1949/1949
f 329/1952/1952 341/1953/1953 197/1954/1954
f 197/1956/1956 75/1957/1957 195/1955/1955
f 195/1955/1955 75/1957/1957 81/1958/1958
f 353/1959/1959 422/1960/1960 335/1961/1961
f 311/1962/1962 213/1963/1963 183/1964/1964
f 315/1965/1965 325/1966/1966 335/1967/1967
f 289/1969/1969 213/1970/1970 305/1968/1968
f 305/1968/1968 213/1970/1970 315/1971/1971
f 305/1968/1968 315/1971/1971 299/1972/1972
f 289/1973/1973 299/1974/1974 295/1975/1975
f 289/1976/1976 287/1977/1977 213/1978/1978
f 213/1979/1979 211/1980/1980 183/1981/1981
f 183/1982/1982 181/1983/1983 73/1985/1985
f 73/1985/1985 181/1983/1983 77/1984/1984
f 297/1986/1986 289/1987/1987 295/1988/1988
f 317/1989/1989 315/1990/1990 335/1991/1991
f 301/1992/1992 299/1993/1993 315/1994/1994
f 422/1995/1995 79/1996/1996 181/1998/1998
f 181/1998/1998 79/1996/1996 77/1997/1997
f 327/1999/1999 329/2000/2000 197/2001/2001
f 81/2006/2006 75/2002/2002 79/2005/2005
f 79/2005/2005 75/2002/2002 73/2003/2003
f 79/2005/2005 73/2003/2003 77/2004/2004
f 299/2007/2007 297/2008/2008 295/2009/2009
f 287/2010/2010 289/2011/2011 207/2012/2012
f 299/2013/2013 289/2014/2014 303/2015/2015
f 289/2016/2016 297/2017/2017 207/2020/2020
f 207/2020/2020 297/2017/2017 291/2019/2019
f 291/2019/2019 297/2017/2017 299/2018/2018
f 299/2021/2021 301/2022/2022 291/2023/2023
f 305/2024/2024 299/2025/2025 303/2026/2026
f 301/2027/2027 315/2028/2028 307/2029/2029
f 313/2030/2030 333/2031/2031 331/2032/2032
f 315/2033/2033 317/2034/2034 307/2035/2035
f 317/2036/2036 335/2037/2037 307/2038/2038
f 183/2039/2039 211/2040/2040 55/2043/2043
f 55/2043/2043 211/2040/2040 53/2042/2042
f 53/2042/2042 211/2040/2040 179/2041/2041
f 267/2044/2044 311/2045/2045 183/2046/2046
f 183/2048/2048 55/2049/2049 181/2047/2047
f 181/2047/2047 55/2049/2049 61/2050/2050
f 335/2051/2051 422/2052/2052 307/2053/2053
f 287/2054/2054 207/2055/2055 179/2056/2056
f 291/2057/2057 301/2058/2058 307/2059/2059
f 243/2061/2061 207/2062/2062 283/2060/2060
f 283/2060/2060 207/2062/2062 291/2063/2063
f 283/2060/2060 291/2063/2063 277/2064/2064
f 243/2065/2065 277/2066/2066 271/2067/2067
f 243/2068/2068 241/2069/2069 207/2070/2070
f 207/2071/2071 205/2072/2072 179/2073/2073
f 179/2074/2074 177/2075/2075 53/2077/2077
f 53/2077/2077 177/2075/2075 57/2076/2076
f 273/2078/2078 243/2079/2079 271/2080/2080
f 293/2081/2081 291/2082/2082 307/2083/2083
f 279/2084/2084 277/2085/2085 291/2086/2086
f 422/2087/2087 59/2088/2088 177/2090/2090
f 177/2090/2090 59/2088/2088 57/2089/2089
f 265/2091/2091 267/2092/2092 183/2093/2093
f 61/2098/2098 55/2094/2094 59/2097/2097
f 59/2097/2097 55/2094/2094 53/2095/2095
f 59/2097/2097 53/2095/2095 57/2096/2096
f 277/2099/2099 273/2100/2100 271/2101/2101
f 241/2102/2102 243/2103/2103 201/2104/2104
f 277/2105/2105 243/2106/2106 281/2107/2107
f 243/2108/2108 273/2109/2109 201/2112/2112
f 201/2112/2112 273/2109/2109 269/2111/2111
f 269/2111/2111 273/2109/2109 277/2110/2110
f 277/2113/2113 279/2114/2114 269/2115/2115
f 283/2116/2116 277/2117/2117 281/2118/2118
f 279/2119/2119 291/2120/2120 285/2121/2121
f 289/2122/2122 305/2123/2123 303/2124/2124
f 291/2125/2125 293/2126/2126 285/2127/2127
f 293/2128/2128 307/2129/2129 285/2130/2130
f 179/2131/2131 205/2132/2132 41/2135/2135
f 41/2135/2135 205/2132/2132 39/2134/2134
f 39/2134/2134 205/2132/2132 175/2133/2133
f 213/2136/2136 287/2137/2137 179/2138/2138
f 179/2140/2140 41/2141/2141 177/2139/2139
f 177/2139/2139 41/2141/2141 47/2142/2142
f 307/2143/2143 422/2144/2144 285/2145/2145
f 241/2146/2146 201/2147/2147 175/2148/2148
f 269/2149/2149 279/2150/2150 285/2151/2151
f 221/2153/2153 201/2154/2154 253/2152/2152
f 253/2152/2152 201/2154/2154 269/2155/2155
f 253/2152/2152 269/2155/2155 250/2156/2156
f 221/2157/2157 250/2158/2158 237/2159/2159
f 221/2160/2160 219/2161/2161 201/2162/2162
f 201/2163/2163 199/2164/2164 175/2165/2165
f 175/2166/2166 173/2167/2167 39/2169/2169
f 39/2169/2169 173/2167/2167 43/2168/2168
f 239/2170/2170 221/2171/2171 237/2172/2172
f 275/2173/2173 269/2174/2174 285/2175/2175
f 257/2176/2176 250/2177/2177 269/2178/2178
f 422/2179/2179 45/2180/2180 173/2182/2182
f 173/2182/2182 45/2180/2180 43/2181/2181
f 211/2183/2183 213/2184/2184 179/2185/2185
f 47/2190/2190 41/2186/2186 45/2189/2189
f 45/2189/2189 41/2186/2186 39/2187/2187
f 45/2189/2189 39/2187/2187 43/2188/2188
f 250/2191/2191 239/2192/2192 237/2193/2193
f 219/2194/2194 221/2195/2195 193/2196/2196
f 250/2197/2197 221/2198/2198 251/2199/2199
f 221/2200/2200 239/2201/2201 193/2204/2204
f 193/2204/2204 239/2201/2201 249/2203/2203
f 249/2203/2203 239/2201/2201 250/2202/2202
f 250/2205/2205 257/2206/2206 249/2207/2207
f 253/2208/2208 250/2209/2209 251/2210/2210
f 257/2211/2211 269/2212/2212 263/2213/2213
f 243/2214/2214 283/2215/2215 281/2216/2216
f 269/2217/2217 275/2218/2218 263/2219/2219
f 275/2220/2220 285/2221/2221 263/2222/2222
f 175/2223/2223 199/2224/2224 27/2227/2227
f 27/2227/2227 199/2224/2224 25/2226/2226
f 25/2226/2226 199/2224/2224 171/2225/2225
f 207/2228/2228 241/2229/2229 175/2230/2230
f 175/2232/2232 27/2233/2233 173/2231/2231
f 173/2231/2231 27/2233/2233 33/2234/2234
f 285/2235/2235 422/2236/2236 263/2237/2237
f 219/2238/2238 193/2239/2239 171/2240/2240
f 249/2241/2241 257/2242/2242 263/2243/2243
f 217/2245/2245 193/2246/2246 229/2244/2244
f 229/2244/2244 193/2246/2246 249/2247/2247
f 229/2244/2244 249/2247/2247 231/2248/2248
f 217/2249/2249 231/2250/2250 223/2251/2251
f 217/2252/2252 215/2253/2253 193/2254/2254
f 193/2255/2255 191/2256/2256 171/2257/2257
f 171/2258/2258 169/2259/2259 25/2261/2261
f 25/2261/2261 169/2259/2259 29/2260/2260
f 225/2262/2262 217/2263/2263 223/2264/2264
f 255/2265/2265 249/2266/2266 263/2267/2267
f 233/2268/2268 231/2269/2269 249/2270/2270
f 422/2271/2271 31/2272/2272 169/2274/2274
f 169/2274/2274 31/2272/2272 29/2273/2273
f 205/2275/2275 207/2276/2276 175/2277/2277
f 33/2282/2282 27/2278/2278 31/2281/2281
f 31/2281/2281 27/2278/2278 25/2279/2279
f 31/2281/2281 25/2279/2279 29/2280/2280
f 231/2283/2283 225/2284/2284 223/2285/2285
f 215/2286/2286 217/2287/2287 189/2288/2288
f 231/2289/2289 217/2290/2290 227/2291/2291
f 217/2292/2292 225/2293/2293 189/2296/2296
f 189/2296/2296 225/2293/2293 234/2295/2295
f 234/2295/2295 225/2293/2293 231/2294/2294
f 231/2297/2297 233/2298/2298 234/2299/2299
f 229/2300/2300 231/2301/2301 227/2302/2302
f 233/2303/2303 249/2304/2304 248/2305/2305
f 221/2306/2306 253/2307/2307 251/2308/2308
f 249/2309/2309 255/2310/2310 248/2311/2311
f 255/2312/2312 263/2313/2313 248/2314/2314
f 171/2315/2315 191/2316/2316 13/2319/2319
f 13/2319/2319 191/2316/2316 11/2318/2318
f 11/2318/2318 191/2316/2316 167/2317/2317
f 201/2320/2320 219/2321/2321 171/2322/2322
f 171/2324/2324 13/2325/2325 169/2323/2323
f 169/2323/2323 13/2325/2325 19/2326/2326
f 263/2327/2327 422/2328/2328 248/2329/2329
f 215/2330/2330 189/2331/2331 167/2332/2332
f 234/2333/2333 233/2334/2334 248/2335/2335
f 216/2337/2337 189/2338/2338 224/2336/2336
f 224/2336/2336 189/2338/2338 234/2339/2339
f 224/2336/2336 234/2339/2339 230/2340/2340
f 216/2341/2341 230/2342/2342 226/2343/2343
f 216/2344/2344 214/2345/2345 189/2346/2346
f 189/2347/2347 188/2348/2348 167/2349/2349
f 167/2350/2350 165/2351/2351 11/2353/2353
f 11/2353/2353 165/2351/2351 15/2352/2352
f 228/2354/2354 216/2355/2355 226/2356/2356
f 235/2357/2357 234/2358/2358 248/2359/2359
f 232/2360/2360 230/2361/2361 234/2362/2362
f 422/2363/2363 17/2364/2364 165/2366/2366
f 165/2366/2366 17/2364/2364 15/2365/2365
f 199/2367/2367 201/2368/2368 171/2369/2369
f 19/2374/2374 13/2370/2370 17/2373/2373
f 17/2373/2373 13/2370/2370 11/2371/2371
f 17/2373/2373 11/2371/2371 15/2372/2372
f 230/2375/2375 228/2376/2376 226/2377/2377
f 214/2378/2378 216/2379/2379 192/2380/2380
f 230/2381/2381 216/2382/2382 222/2383/2383
f 216/2384/2384 228/2385/2385 192/2388/2388
f 192/2388/2388 228/2385/2385 246/2387/2387
f 246/2387/2387 228/2385/2385 230/2386/2386
f 230/2389/2389 232/2390/2390 246/2391/2391
f 224/2392/2392 230/2393/2393 222/2394/2394
f 232/2395/2395 234/2396/2396 247/2397/2397
f 217/2398/2398 229/2399/2399 227/2400/2400
f 234/2401/2401 235/2402/2402 247/2403/2403
f 235/2404/2404 248/2405/2405 247/2406/2406
f 167/2407/2407 188/2408/2408 2/2411/2411
f 2/2411/2411 188/2408/2408 1/2410/2410
f 1/2410/2410 188/2408/2408 166/2409/2409
f 193/2412/2412 215/2413/2413 167/2414/2414
f 167/2416/2416 2/2417/2417 165/2415/2415
f 165/2415/2415 2/2417/2417 5/2418/2418
f 248/2419/2419 422/2420/2420 247/2421/2421
f 214/2422/2422 192/2423/2423 166/2424/2424
f 246/2425/2425 232/2426/2426 247/2427/2427
f 220/2429/2429 192/2430/2430 238/2428/2428
f 238/2428/2428 192/2430/2430 246/2431/2431
f 238/2428/2428 246/2431/2431 245/2432/2432
f 220/2433/2433 245/2434/2434 244/2435/2435
f 220/2436/2436 218/2437/2437 192/2438/2438
f 192/2439/2439 190/2440/2440 166/2441/2441
f 166/2442/2442 164/2443/2443 1/2445/2445
f 1/2445/2445 164/2443/2443 3/2444/2444
f 252/2446/2446 220/2447/2447 244/2448/2448
f 254/2449/2449 246/2450/2450 247/2451/2451
f 256/2452/2452 245/2453/2453 246/2454/2454
f 422/2455/2455 4/2456/2456 164/2458/2458
f 164/2458/2458 4/2456/2456 3/2457/2457
f 191/2459/2459 193/2460/2460 167/2461/2461
f 5/2466/2466 2/2462/2462 4/2465/2465
f 4/2465/2465 2/2462/2462 1/2463/2463
f 4/2465/2465 1/2463/2463 3/2464/2464
f 245/2467/2467 252/2468/2468 244/2469/2469
f 218/2470/2470 220/2471/2471 200/2472/2472
f 245/2473/2473 220/2474/2474 236/2475/2475
f 220/2476/2476 252/2477/2477 200/2480/2480
f 200/2480/2480 252/2477/2477 268/2479/2479
f 268/2479/2479 252/2477/2477 245/2478/2478
f 245/2481/2481 256/2482/2482 268/2483/2483
f 238/2484/2484 245/2485/2485 236/2486/2486
f 256/2487/2487 246/2488/2488 262/2489/2489
f 216/2490/2490 224/2491/2491 222/2492/2492
f 246/2493/2493 254/2494/2494 262/2495/2495
f 254/2496/2496 247/2497/2497 262/2498/2498
f 166/2499/2499 190/2500/2500 10/2503/2503
f 10/2503/2503 190/2500/2500 12/2502/2502
f 12/2502/2502 190/2500/2500 170/2501/2501
f 189/2504/2504 214/2505/2505 166/2506/2506
f 166/2508/2508 10/2509/2509 164/2507/2507
f 164/2507/2507 10/2509/2509 14/2510/2510
f 247/2511/2511 422/2512/2512 262/2513/2513
f 218/2514/2514 200/2515/2515 170/2516/2516
f 268/2517/2517 256/2518/2518 262/2519/2519
f 242/2521/2521 200/2522/2522 272/2520/2520
f 272/2520/2520 200/2522/2522 268/2523/2523
f 272/2520/2520 268/2523/2523 276/2524/2524
f 242/2525/2525 276/2526/2526 280/2527/2527
f 242/2528/2528 240/2529/2529 200/2530/2530
f 200/2531/2531 198/2532/2532 170/2533/2533
f 170/2534/2534 168/2535/2535 12/2537/2537
f 12/2537/2537 168/2535/2535 18/2536/2536
f 282/2538/2538 242/2539/2539 280/2540/2540
f 274/2541/2541 268/2542/2542 262/2543/2543
f 278/2544/2544 276/2545/2545 268/2546/2546
f 422/2547/2547 16/2548/2548 168/2550/2550
f 168/2550/2550 16/2548/2548 18/2549/2549
f 188/2551/2551 189/2552/2552 166/2553/2553
f 14/2558/2558 10/2554/2554 16/2557/2557
f 16/2557/2557 10/2554/2554 12/2555/2555
f 16/2557/2557 12/2555/2555 18/2556/2556
f 276/2559/2559 282/2560/2560 280/2561/2561
f 240/2562/2562 242/2563/2563 206/2564/2564
f 276/2565/2565 242/2566/2566 270/2567/2567
f 242/2568/2568 282/2569/2569 206/2572/2572
f 206/2572/2572 282/2569/2569 290/2571/2571
f 290/2571/2571 282/2569/2569 276/2570/2570
f 276/2573/2573 278/2574/2574 290/2575/2575
f 272/2576/2576 276/2577/2577 270/2578/2578
f 278/2579/2579 268/2580/2580 284/2581/2581
f 220/2582/2582 238/2583/2583 236/2584/2584
f 268/2585/2585 274/2586/2586 284/2587/2587
f 274/2588/2588 262/2589/2589 284/2590/2590
f 170/2591/2591 198/2592/2592 24/2595/2595
f 24/2595/2595 198/2592/2592 26/2594/2594
f 26/2594/2594 198/2592/2592 174/2593/2593
f 192/2596/2596 218/2597/2597 170/2598/2598
f 170/2600/2600 24/2601/2601 168/2599/2599
f 168/2599/2599 24/2601/2601 28/2602/2602
f 262/2603/2603 422/2604/2604 284/2605/2605
f 240/2606/2606 206/2607/2607 174/2608/2608
f 290/2609/2609 278/2610/2610 284/2611/2611
f 288/2613/2613 206/2614/2614 296/2612/2612
f 296/2612/2612 206/2614/2614 290/2615/2615
f 296/2612/2612 290/2615/2615 298/2616/2616
f 288/2617/2617 298/2618/2618 302/2619/2619
f 288/2620/2620 286/2621/2621 206/2622/2622
f 206/2623/2623 204/2624/2624 174/2625/2625
f 174/2626/2626 172/2627/2627 26/2629/2629
f 26/2629/2629 172/2627/2627 32/2628/2628
f 304/2630/2630 288/2631/2631 302/2632/2632
f 292/2633/2633 290/2634/2634 284/2635/2635
f 300/2636/2636 298/2637/2637 290/2638/2638
f 422/2639/2639 30/2640/2640 172/2642/2642
f 172/2642/2642 30/2640/2640 32/2641/2641
f 190/2643/2643 192/2644/2644 170/2645/2645
f 28/2650/2650 24/2646/2646 30/2649/2649
f 30/2649/2649 24/2646/2646 26/2647/2647
f 30/2649/2649 26/2647/2647 32/2648/2648
f 298/2651/2651 304/2652/2652 302/2653/2653
f 286/2654/2654 288/2655/2655 212/2656/2656
f 298/2657/2657 288/2658/2658 294/2659/2659
f 288/2660/2660 304/2661/2661 212/2664/2664
f 212/2664/2664 304/2661/2661 314/2663/2663
f 314/2663/2663 304/2661/2661 298/2662/2662
f 298/2665/2665 300/2666/2666 314/2667/2667
f 296/2668/2668 298/2669/2669 294/2670/2670
f 300/2671/2671 290/2672/2672 306/2673/2673
f 242/2674/2674 272/2675/2675 270/2676/2676
f 290/2677/2677 292/2678/2678 306/2679/2679
f 292/2680/2680 284/2681/2681 306/2682/2682
f 174/2683/2683 204/2684/2684 38/2687/2687
f 38/2687/2687 204/2684/2684 40/2686/2686
f 40/2686/2686 204/2684/2684 178/2685/2685
f 200/2688/2688 240/2689/2689 174/2690/2690
f 174/2692/2692 38/2693/2693 172/2691/2691
f 172/2691/2691 38/2693/2693 42/2694/2694
f 284/2695/2695 422/2696/2696 306/2697/2697
f 286/2698/2698 212/2699/2699 178/2700/2700
f 314/2701/2701 300/2702/2702 306/2703/2703
f 312/2705/2705 212/2706/2706 320/2704/2704
f 320/2704/2704 212/2706/2706 314/2707/2707
f 320/2704/2704 314/2707/2707 322/2708/2708
f 312/2709/2709 322/2710/2710 330/2711/2711
f 312/2712/2712 310/2713/2713 212/2714/2714
f 212/2715/2715 210/2716/2716 178/2717/2717
f 178/2718/2718 176/2719/2719 40/2721/2721
f 40/2721/2721 176/2719/2719 46/2720/2720
f 332/2722/2722 312/2723/2723 330/2724/2724
f 316/2725/2725 314/2726/2726 306/2727/2727
f 324/2728/2728 322/2729/2729 314/2730/2730
f 422/2731/2731 44/2732/2732 176/2734/2734
f 176/2734/2734 44/2732/2732 46/2733/2733
f 198/2735/2735 200/2736/2736 174/2737/2737
f 42/2742/2742 38/2738/2738 44/2741/2741
f 44/2741/2741 38/2738/2738 40/2739/2739
f 44/2741/2741 40/2739/2739 46/2740/2740
f 322/2743/2743 332/2744/2744 330/2745/2745
f 310/2746/2746 312/2747/2747 266/2748/2748
f 322/2749/2749 312/2750/2750 318/2751/2751
f 312/2752/2752 332/2753/2753 266/2756/2756
f 266/2756/2756 332/2753/2753 336/2755/2755
f 336/2755/2755 332/2753/2753 322/2754/2754
f 322/2757/2757 324/2758/2758 336/2759/2759
f 320/2760/2760 322/2761/2761 318/2762/2762
f 324/2763/2763 314/2764/2764 334/2765/2765
f 288/2766/2766 296/2767/2767 294/2768/2768
f 314/2769/2769 316/2770/2770 334/2771/2771
f 316/2772/2772 306/2773/2773 334/2774/2774
f 178/2775/2775 210/2776/2776 52/2779/2779
f 52/2779/2779 210/2776/2776 54/2778/2778
f 54/2778/2778 210/2776/2776 182/2777/2777
f 206/2780/2780 286/2781/2781 178/2782/2782
f 178/2784/2784 52/2785/2785 176/2783/2783
f 176/2783/2783 52/2785/2785 56/2786/2786
f 306/2787/2787 422/2788/2788 334/2789/2789
f 310/2790/2790 266/2791/2791 182/2792/2792
f 336/2793/2793 324/2794/2794 334/2795/2795
f 342/2797/2797 266/2798/2798 346/2796/2796
f 346/2796/2796 266/2798/2798 336/2799/2799
f 346/2796/2796 336/2799/2799 348/2800/2800
f 342/2801/2801 348/2802/2802 354/2803/2803
f 342/2804/2804 340/2805/2805 266/2806/2806
f 266/2807/2807 264/2808/2808 182/2809/2809
f 182/2810/2810 180/2811/2811 54/2813/2813
f 54/2813/2813 180/2811/2811 60/2812/2812
f 356/2814/2814 342/2815/2815 354/2816/2816
f 338/2817/2817 336/2818/2818 334/2819/2819
f 350/2820/2820 348/2821/2821 336/2822/2822
f 422/2823/2823 58/2824/2824 180/2826/2826
f 180/2826/2826 58/2824/2824 60/2825/2825
f 204/2827/2827 206/2828/2828 178/2829/2829
f 56/2834/2834 52/2830/2830 58/2833/2833
f 58/2833/2833 52/2830/2830 54/2831/2831
f 58/2833/2833 54/2831/2831 60/2832/2832
f 348/2835/2835 356/2836/2836 354/2837/2837
f 340/2838/2838 342/2839/2839 328/2840/2840
f 348/2841/2841 342/2842/2842 344/2843/2843
f 342/2844/2844 356/2845/2845 328/2848/2848
f 328/2848/2848 356/2845/2845 358/2847/2847
f 358/2847/2847 356/2845/2845 348/2846/2846
f 348/2849/2849 350/2850/2850 358/2851/2851
f 346/2852/2852 348/2853/2853 344/2854/2854
f 350/2855/2855 336/2856/2856 352/2857/2857
f 312/2858/2858 320/2859/2859 318/2860/2860
f 336/2861/2861 338/2862/2862 352/2863/2863
f 338/2864/2864 334/2865/2865 352/2866/2866
f 182/2867/2867 264/2868/2868 72/2871/2871
f 72/2871/2871 264/2868/2868 74/2870/2870
f 74/2870/2870 264/2868/2868 196/2869/2869
f 212/2872/2872 310/2873/2873 182/2874/2874
f 182/2876/2876 72/2877/2877 180/2875/2875
f 180/2875/2875 72/2877/2877 76/2878/2878
f 334/2879/2879 422/2880/2880 352/2881/2881
f 422/2882/2882 78/2883/2883 194/2885/2885
f 194/2885/2885 78/2883/2883 80/2884/2884
f 350/2886/2886 352/2887/2887 358/2888/2888
f 196/2889/2889 340/2890/2890 328/2891/2891
f 378/2892/2892 376/2893/2893 328/2894/2894
f 326/2895/2895 196/2896/2896 328/2897/2897
f 352/2898/2898 360/2899/2899 358/2900/2900
f 210/2901/2901 212/2902/2902 182/2903/2903
f 76/2908/2908 72/2904/2904 78/2907/2907
f 78/2907/2907 72/2904/2904 74/2905/2905
f 78/2907/2907 74/2905/2905 80/2906/2906
f 196/2909/2909 194/2910/2910 74/2912/2912
f 74/2912/2912 194/2910/2910 80/2911/2911
f 264/2913/2913 266/2914/2914 196/2915/2915
f 196/2917/2917 102/2918/2918 194/2916/2916
f 194/2916/2916 102/2918/2918 104/2919/2919
f 326/2920/2920 328/2921/2921 260/2922/2922
f 360/2923/2923 352/2924/2924 388/2925/2925
f 196/2926/2926 326/2927/2927 102/2930/2930
f 102/2930/2930 326/2927/2927 106/2929/2929
f 106/2929/2929 326/2927/2927 260/2928/2928
f 386/2931/2931 358/2932/2932 388/2933/2933
f 328/2934/2934 376/2935/2935 260/2936/2936
f 266/2937/2937 340/2938/2938 196/2939/2939
f 260/2940/2940 258/2941/2941 106/2943/2943
f 106/2943/2943 258/2941/2941 110/2942/2942
f 352/2944/2944 422/2945/2945 388/2946/2946
f 422/2947/2947 108/2948/2948 258/2950/2950
f 258/2950/2950 108/2948/2948 110/2949/2949
f 104/2955/2955 102/2951/2951 108/2954/2954
f 108/2954/2954 102/2951/2951 106/2952/2952
f 108/2954/2954 106/2952/2952 110/2953/2953
f 406/2956/2956 414/2957/2957 412/2958/2958
f 260/2960/2960 134/2961/2961 258/2959/2959
f 258/2959/2959 134/2961/2961 136/2962/2962
f 439/2963/2963 447/2964/2964 445/2965/2965
f 358/2966/2966 360/2967/2967 388/2968/2968
f 342/2969/2969 346/2970/2970 344/2971/2971
f 136/2976/2976 134/2972/2972 138/2975/2975
f 138/2975/2975 134/2972/2972 140/2973/2973
f 138/2975/2975 140/2973/2973 144/2974/2974
f 422/2978/2978 416/2979/2979 467/2977/2977
f 467/2977/2977 416/2979/2979 463/2980/2980
f 477/2981/2981 475/2982/2982 473/2983/2983
f 473/2984/2984 471/2985/2985 469/2986/2986
f 469/2987/2987 467/2988/2988 465/2990/2990
f 465/2990/2990 467/2988/2988 463/2989/2989
f 479/2991/2991 477/2992/2992 481/2993/2993
f 422/2999/2999 162/3001/3001 138/2994/2994
f 138/2994/2994 162/3001/3001 158/3002/3002
f 138/2994/2994 158/3002/3002 150/2998/2998
f 150/2998/2998 158/3002/3002 156/2997/2997
f 156/2997/2997 158/3002/3002 416/2996/2996
f 416/2996/2996 158/3002/3002 162/3001/3001
f 416/2996/2996 162/3001/3001 422/3000/3000
f 694/3005/3005 686/3010/3010 706/3004/3004
f 706/3004/3004 686/3010/3010 682/3011/3011
f 706/3004/3004 682/3011/3011 422/3009/3009
f 694/3005/3005 688/3006/3006 686/3010/3010
f 686/3010/3010 688/3006/3006 416/3007/3007
f 686/3010/3010 416/3007/3007 682/3011/3011
f 682/3011/3011 416/3007/3007 422/3008/3008
f 728/3014/3014 702/3019/3019 736/3013/3013
f 736/3013/3013 702/3019/3019 690/3020/3020
f 736/3013/3013 690/3020/3020 422/3018/3018
f 728/3014/3014 718/3015/3015 702/3019/3019
f 702/3019/3019 718/3015/3015 706/3016/3016
f 702/3019/3019 706/3016/3016 690/3020/3020
f 690/3020/3020 706/3016/3016 422/3017/3017
f 422/3026/3026 154/3028/3028 108/3021/3021
f 108/3021/3021 154/3028/3028 142/3029/3029
f 108/3021/3021 142/3029/3029 116/3025/3025
f 116/3025/3025 142/3029/3029 126/3024/3024
f 126/3024/3024 142/3029/3029 138/3023/3023
f 138/3023/3023 142/3029/3029 154/3028/3028
f 138/3023/3023 154/3028/3028 422/3027/3027
f 422/3035/3035 148/3037/3037 78/3030/3030
f 78/3030/3030 148/3037/3037 120/3038/3038
f 78/3030/3030 120/3038/3038 86/3034/3034
f 86/3034/3034 120/3038/3038 94/3033/3033
f 94/3033/3033 120/3038/3038 108/3032/3032
f 108/3032/3032 120/3038/3038 148/3037/3037
f 108/3032/3032 148/3037/3037 422/3036/3036
f 758/3041/3041 724/3046/3046 766/3040/3040
f 766/3040/3040 724/3046/3046 696/3047/3047
f 766/3040/3040 696/3047/3047 422/3045/3045
f 758/3041/3041 750/3042/3042 724/3046/3046
f 724/3046/3046 750/3042/3042 736/3043/3043
f 724/3046/3046 736/3043/3043 696/3047/3047
f 696/3047/3047 736/3043/3043 422/3044/3044
f 780/3050/3050 746/3055/3055 786/3049/3049
f 786/3049/3049 746/3055/3055 712/3056/3056
f 786/3049/3049 712/3056/3056 422/3054/3054
f 780/3050/3050 776/3051/3051 746/3055/3055
f 746/3055/3055 776/3051/3051 766/3052/3052
f 746/3055/3055 766/3052/3052 712/3056/3056
f 712/3056/3056 766/3052/3052 422/3053/3053
f 422/3062/3062 132/3064/3064 58/3057/3057
f 58/3057/3057 132/3064/3064 98/3065/3065
f 58/3057/3057 98/3065/3065 64/3061/3061
f 64/3061/3061 98/3065/3065 68/3060/3060
f 68/3060/3060 98/3065/3065 78/3059/3059
f 78/3059/3059 98/3065/3065 132/3064/3064
f 78/3059/3059 132/3064/3064 422/3063/3063
f 422/3071/3071 128/3073/3073 44/3066/3066
f 44/3066/3066 128/3073/3073 82/3074/3074
f 44/3066/3066 82/3074/3074 48/3070/3070
f 48/3070/3070 82/3074/3074 50/3069/3069
f 50/3069/3069 82/3074/3074 58/3068/3068
f 58/3068/3068 82/3074/3074 128/3073/3073
f 58/3068/3068 128/3073/3073 422/3072/3072
f 796/3077/3077 762/3082/3082 800/3076/3076
f 800/3076/3076 762/3082/3082 716/3083/3083
f 800/3076/3076 716/3083/3083 422/3081/3081
f 796/3077/3077 794/3078/3078 762/3082/3082
f 762/3082/3082 794/3078/3078 786/3079/3079
f 762/3082/3082 786/3079/3079 716/3083/3083
f 716/3083/3083 786/3079/3079 422/3080/3080
f 810/3086/3086 774/3091/3091 814/3085/3085
f 814/3085/3085 774/3091/3091 720/3092/3092
f 814/3085/3085 720/3092/3092 422/3090/3090
f 810/3086/3086 808/3087/3087 774/3091/3091
f 774/3091/3091 808/3087/3087 800/3088/3088
f 774/3091/3091 800/3088/3088 720/3092/3092
f 720/3092/3092 800/3088/3088 422/3089/3089
f 422/3098/3098 124/3100/3100 30/3093/3093
f 30/3093/3093 124/3100/3100 70/3101/3101
f 30/3093/3093 70/3101/3101 34/3097/3097
f 34/3097/3097 70/3101/3101 36/3096/3096
f 36/3096/3096 70/3101/3101 44/3095/3095
f 44/3095/3095 70/3101/3101 124/3100/3100
f 44/3095/3095 124/3100/3100 422/3099/3099
f 422/3107/3107 118/3109/3109 16/3102/3102
f 16/3102/3102 118/3109/3109 66/3110/3110
f 16/3102/3102 66/3110/3110 20/3106/3106
f 20/3106/3106 66/3110/3110 22/3105/3105
f 22/3105/3105 66/3110/3110 30/3104/3104
f 30/3104/3104 66/3110/3110 118/3109/3109
f 30/3104/3104 118/3109/3109 422/3108/3108
f 824/3113/3113 778/3118/3118 828/3112/3112
f 828/3112/3112 778/3118/3118 726/3119/3119
f 828/3112/3112 726/3119/3119 422/3117/3117
f 824/3113/3113 822/3114/3114 778/3118/3118
f 778/3118/3118 822/3114/3114 814/3115/3115
f 778/3118/3118 814/3115/3115 726/3119/3119
f 726/3119/3119 814/3115/3115 422/3116/3116
f 838/3122/3122 782/3127/3127 841/3121/3121
f 841/3121/3121 782/3127/3127 730/3128/3128
f 841/3121/3121 730/3128/3128 422/3126/3126
f 838/3122/3122 836/3123/3123 782/3127/3127
f 782/3127/3127 836/3123/3123 828/3124/3124
f 782/3127/3127 828/3124/3124 730/3128/3128
f 730/3128/3128 828/3124/3124 422/3125/3125
f 422/3134/3134 114/3136/3136 4/3129/3129
f 4/3129/3129 114/3136/3136 62/3137/3137
f 4/3129/3129 62/3137/3137 6/3133/3133
f 6/3133/3133 62/3137/3137 8/3132/3132
f 8/3132/3132 62/3137/3137 16/3131/3131
f 16/3131/3131 62/3137/3137 114/3136/3136
f 16/3131/3131 114/3136/3136 422/3135/3135
f 422/3143/3143 115/3145/3145 17/3138/3138
f 17/3138/3138 115/3145/3145 63/3146/3146
f 17/3138/3138 63/3146/3146 9/3142/3142
f 9/3142/3142 63/3146/3146 7/3141/3141
f 7/3141/3141 63/3146/3146 4/3140/3140
f 4/3140/3140 63/3146/3146 115/3145/3145
f 4/3140/3140 115/3145/3145 422/3144/3144
f 837/3149/3149 783/3154/3154 829/3148/3148
f 829/3148/3148 783/3154/3154 731/3155/3155
f 829/3148/3148 731/3155/3155 422/3153/3153
f 837/3149/3149 839/3150/3150 783/3154/3154
f 783/3154/3154 839/3150/3150 841/3151/3151
f 783/3154/3154 841/3151/3151 731/3155/3155
f 731/3155/3155 841/3151/3151 422/3152/3152
f 823/3158/3158 779/3163/3163 815/3157/3157
f 815/3157/3157 779/3163/3163 727/3164/3164
f 815/3157/3157 727/3164/3164 422/3162/3162
f 823/3158/3158 825/3159/3159 779/3163/3163
f 779/3163/3163 825/3159/3159 829/3160/3160
f 779/3163/3163 829/3160/3160 727/3164/3164
f 727/3164/3164 829/3160/3160 422/3161/3161
f 422/3170/3170 119/3172/3172 31/3165/3165
f 31/3165/3165 119/3172/3172 67/3173/3173
f 31/3165/3165 67/3173/3173 23/3169/3169
f 23/3169/3169 67/3173/3173 21/3168/3168
f 21/3168/3168 67/3173/3173 17/3167/3167
f 17/3167/3167 67/3173/3173 119/3172/3172
f 17/3167/3167 119/3172/3172 422/3171/3171
f 422/3179/3179 125/3181/3181 45/3174/3174
f 45/3174/3174 125/3181/3181 71/3182/3182
f 45/3174/3174 71/3182/3182 37/3178/3178
f 37/3178/3178 71/3182/3182 35/3177/3177
f 35/3177/3177 71/3182/3182 31/3176/3176
f 31/3176/3176 71/3182/3182 125/3181/3181
f 31/3176/3176 125/3181/3181 422/3180/3180
f 809/3185/3185 775/3190/3190 801/3184/3184
f 801/3184/3184 775/3190/3190 721/3191/3191
f 801/3184/3184 721/3191/3191 422/3189/3189
f 809/3185/3185 811/3186/3186 775/3190/3190
f 775/3190/3190 811/3186/3186 815/3187/3187
f 775/3190/3190 815/3187/3187 721/3191/3191
f 721/3191/3191 815/3187/3187 422/3188/3188
f 795/3194/3194 763/3199/3199 787/3193/3193
f 787/3193/3193 763/3199/3199 717/3200/3200
f 787/3193/3193 717/3200/3200 422/3198/3198
f 795/3194/3194 797/3195/3195 763/3199/3199
f 763/3199/3199 797/3195/3195 801/3196/3196
f 763/3199/3199 801/3196/3196 717/3200/3200
f 717/3200/3200 801/3196/3196 422/3197/3197
f 422/3206/3206 129/3208/3208 59/3201/3201
f 59/3201/3201 129/3208/3208 83/3209/3209
f 59/3201/3201 83/3209/3209 51/3205/3205
f 51/3205/3205 83/3209/3209 49/3204/3204
f 49/3204/3204 83/3209/3209 45/3203/3203
f 45/3203/3203 83/3209/3209 129/3208/3208
f 45/3203/3203 129/3208/3208 422/3207/3207
f 422/3215/3215 133/3217/3217 79/3210/3210
f 79/3210/3210 133/3217/3217 99/3218/3218
f 79/3210/3210 99/3218/3218 69/3214/3214
f 69/3214/3214 99/3218/3218 65/3213/3213
f 65/3213/3213 99/3218/3218 59/3212/3212
f 59/3212/3212 99/3218/3218 133/3217/3217
f 59/3212/3212 133/3217/3217 422/3216/3216
f 777/3221/3221 747/3226/3226 767/3220/3220
f 767/3220/3220 747/3226/3226 713/3227/3227
f 767/3220/3220 713/3227/3227 422/3225/3225
f 777/3221/3221 781/3222/3222 747/3226/3226
f 747/3226/3226 781/3222/3222 787/3223/3223
f 747/3226/3226 787/3223/3223 713/3227/3227
f 713/3227/3227 787/3223/3223 422/3224/3224
f 751/3230/3230 725/3235/3235 737/3229/3229
f 737/3229/3229 725/3235/3235 697/3236/3236
f 737/3229/3229 697/3236/3236 422/3234/3234
f 751/3230/3230 759/3231/3231 725/3235/3235
f 725/3235/3235 759/3231/3231 767/3232/3232
f 725/3235/3235 767/3232/3232 697/3236/3236
f 697/3236/3236 767/3232/3232 422/3233/3233
f 422/3242/3242 149/3244/3244 109/3237/3237
f 109/3237/3237 149/3244/3244 121/3245/3245
f 109/3237/3237 121/3245/3245 95/3241/3241
f 95/3241/3241 121/3245/3245 87/3240/3240
f 87/3240/3240 121/3245/3245 79/3239/3239
f 79/3239/3239 121/3245/3245 149/3244/3244
f 79/3239/3239 149/3244/3244 422/3243/3243
f 422/3251/3251 155/3253/3253 139/3246/3246
f 139/3246/3246 155/3253/3253 143/3254/3254
f 139/3246/3246 143/3254/3254 127/3250/3250
f 127/3250/3250 143/3254/3254 117/3249/3249
f 117/3249/3249 143/3254/3254 109/3248/3248
f 109/3248/3248 143/3254/3254 155/3253/3253
f 109/3248/3248 155/3253/3253 422/3252/3252
f 719/3257/3257 703/3262/3262 707/3256/3256
f 707/3256/3256 703/3262/3262 691/3263/3263
f 707/3256/3256 691/3263/3263 422/3261/3261
f 719/3257/3257 729/3258/3258 703/3262/3262
f 703/3262/3262 729/3258/3258 737/3259/3259
f 703/3262/3262 737/3259/3259 691/3263/3263
f 691/3263/3263 737/3259/3259 422/3260/3260
f 422/3269/3269 163/3271/3271 417/3264/3264
f 417/3264/3264 163/3271/3271 159/3272/3272
f 417/3264/3264 159/3272/3272 157/3268/3268
f 157/3268/3268 159/3272/3272 151/3267/3267
f 151/3267/3267 159/3272/3272 139/3266/3266
f 139/3266/3266 159/3272/3272 163/3271/3271
f 139/3266/3266 163/3271/3271 422/3270/3270
f 422/3273/3273 368/3274/3274 416/3276/3276
f 416/3276/3276 368/3274/3274 364/3275/3275
f 380/3277/3277 384/3278/3278 382/3279/3279
f 386/3280/3280 394/3281/3281 384/3282/3282
f 396/3283/3283 410/3284/3284 394/3285/3285
f 422/3286/3286 435/3287/3287 410/3288/3288
f 449/3289/3289 451/3290/3290 435/3291/3291
f 459/3292/3292 461/3293/3293 451/3294/3294
f 384/3295/3295 378/3296/3296 382/3297/3297
f 402/3298/3298 370/3299/3299 374/3300/3300
f 469/3302/3302 465/3303/3303 423/3301/3301
f 423/3301/3301 465/3303/3303 366/3304/3304
f 423/3301/3301 366/3304/3304 370/3305/3305
f 441/3306/3306 473/3307/3307 469/3308/3308
f 451/3309/3309 437/3310/3310 435/3311/3311
f 435/3312/3312 427/3313/3313 410/3314/3314
f 410/3315/3315 408/3316/3316 394/3317/3317
f 384/3322/3322 394/3318/3318 392/3321/3321
f 392/3321/3321 394/3318/3318 374/3319/3319
f 392/3321/3321 374/3319/3319 378/3320/3320
f 477/3323/3323 461/3324/3324 481/3325/3325
f 461/3326/3326 453/3327/3327 451/3330/3330
f 451/3330/3330 453/3327/3327 473/3329/3329
f 473/3329/3329 453/3327/3327 477/3328/3328
f 370/3331/3331 372/3332/3332 374/3333/3333
f 374/3334/3334 376/3335/3335 378/3336/3336
f 378/3337/3337 380/3338/3338 382/3339/3339
f 370/3341/3341 366/3342/3342 368/3340/3340
f 368/3340/3340 366/3342/3342 364/3343/3343
f 364/3348/3348 366/3344/3344 416/3347/3347
f 416/3347/3347 366/3344/3344 465/3345/3345
f 416/3347/3347 465/3345/3345 463/3346/3346
f 461/3349/3349 479/3350/3350 481/3351/3351
usemtl 191,191,191
f 203/3353/3353 187/3376/3376 184/3352/3352
f 184/3352/3352 187/3376/3376 185/3361/3361
f 184/3352/3352 185/3361/3361 186/3362/3362
f 363/3354/3354 309/3374/3374 203/3353/3353
f 203/3353/3353 309/3374/3374 209/3375/3375
f 203/3353/3353 209/3375/3375 187/3376/3376
f 309/3374/3374 363/3354/3354 421/3373/3373
f 421/3373/3373 363/3354/3354 588/3355/3355
f 421/3373/3373 588/3355/3355 536/3372/3372
f 536/3372/3372 588/3355/3355 638/3371/3371
f 638/3371/3371 588/3355/3355 660/3377/3377
f 638/3371/3371 660/3378/3378 658/3370/3370
f 658/3370/3370 660/3379/3379 661/3369/3369
f 661/3380/3380 660/3356/3356 659/3357/3357
f 661/3381/3381 659/3357/3357 657/3368/3368
f 657/3368/3368 659/3357/3357 637/3367/3367
f 637/3367/3367 659/3357/3357 587/3358/3358
f 637/3367/3367 587/3358/3358 535/3366/3366
f 535/3366/3366 587/3358/3358 420/3365/3365
f 420/3365/3365 587/3358/3358 362/3359/3359
f 420/3365/3365 362/3359/3359 308/3364/3364
f 308/3364/3364 362/3359/3359 202/3360/3360
f 308/3364/3364 202/3360/3360 208/3363/3363
f 208/3363/3363 202/3360/3360 186/3362/3362
f 186/3362/3362 202/3360/3360 184/3352/3352
f 184/3382/3382 202/3383/3383 203/3390/3390
f 203/3390/3390 202/3383/3383 363/3389/3389
f 363/3389/3389 202/3383/3383 362/3384/3384
f 363/3389/3389 362/3384/3384 588/3388/3388
f 588/3388/3388 362/3384/3384 587/3385/3385
f 588/3388/3388 587/3385/3385 660/3387/3387
f 660/3387/3387 587/3385/3385 659/3386/3386
usemtl 182,18,12
f 187/3392/3392 89/3516/3516 185/3391/3391
f 185/3391/3391 89/3516/3516 85/3520/3520
f 185/3391/3391 85/3520/3520 84/3521/3521
f 84/3521/3521 85/3520/3520 4/3482/3482
f 84/3521/3521 4/3482/3482 6/3483/3483
f 209/3393/3393 97/3517/3517 187/3392/3392
f 187/3392/3392 97/3517/3517 93/3522/3522
f 187/3392/3392 93/3522/3522 91/3523/3523
f 91/3523/3523 93/3522/3522 31/3476/3476
f 91/3523/3523 31/3476/3476 23/3477/3477
f 309/3394/3394 123/3518/3518 209/3393/3393
f 209/3393/3393 123/3518/3518 113/3524/3524
f 209/3393/3393 113/3524/3524 101/3525/3525
f 101/3525/3525 113/3524/3524 59/3470/3470
f 101/3525/3525 59/3470/3470 51/3471/3471
f 421/3553/3553 153/3519/3519 309/3394/3394
f 309/3394/3394 153/3519/3519 147/3526/3526
f 309/3394/3394 147/3526/3526 131/3527/3527
f 131/3527/3527 147/3526/3526 95/3465/3465
f 131/3527/3527 95/3465/3465 87/3466/3466
f 536/3396/3396 693/3504/3504 421/3395/3395
f 421/3395/3395 693/3504/3504 685/3528/3528
f 421/3395/3395 685/3528/3528 419/3554/3554
f 419/3555/3555 685/3528/3528 689/3457/3457
f 419/3503/3503 689/3556/3556 417/3458/3458
f 638/3397/3397 723/3505/3505 536/3396/3396
f 536/3396/3396 723/3505/3505 715/3529/3529
f 536/3396/3396 715/3529/3529 699/3530/3530
f 699/3530/3530 715/3529/3529 751/3451/3451
f 699/3530/3530 751/3451/3451 737/3452/3452
f 658/3398/3398 749/3506/3506 638/3397/3397
f 638/3397/3397 749/3506/3506 745/3531/3531
f 638/3397/3397 745/3531/3531 733/3532/3532
f 733/3532/3532 745/3531/3531 787/3446/3446
f 733/3532/3532 787/3446/3446 781/3447/3447
f 661/3399/3399 757/3507/3507 658/3398/3398
f 658/3398/3398 757/3507/3507 755/3533/3533
f 658/3398/3398 755/3533/3533 753/3534/3534
f 753/3534/3534 755/3533/3533 815/3440/3440
f 753/3534/3534 815/3440/3440 811/3441/3441
f 657/3400/3400 756/3508/3508 661/3399/3399
f 661/3399/3399 756/3508/3508 760/3535/3535
f 661/3399/3399 760/3535/3535 761/3536/3536
f 761/3536/3536 760/3535/3535 841/3434/3434
f 761/3536/3536 841/3434/3434 839/3435/3435
f 637/3401/3401 748/3509/3509 657/3400/3400
f 657/3400/3400 748/3509/3509 752/3537/3537
f 657/3400/3400 752/3537/3537 754/3538/3538
f 754/3538/3538 752/3537/3537 814/3428/3428
f 754/3538/3538 814/3428/3428 822/3429/3429
f 535/3402/3402 722/3510/3510 637/3401/3401
f 637/3401/3401 722/3510/3510 732/3539/3539
f 637/3401/3401 732/3539/3539 744/3540/3540
f 744/3540/3540 732/3539/3539 786/3422/3422
f 744/3540/3540 786/3422/3422 794/3423/3423
f 420/3403/3403 692/3511/3511 535/3402/3402
f 535/3402/3402 692/3511/3511 698/3541/3541
f 535/3402/3402 698/3541/3541 714/3542/3542
f 714/3542/3542 698/3541/3541 750/3417/3417
f 714/3542/3542 750/3417/3417 758/3418/3418
f 308/3404/3404 152/3512/3512 420/3403/3403
f 420/3403/3403 152/3512/3512 160/3544/3544
f 420/3403/3403 160/3544/3544 418/3543/3543
f 418/3543/3543 160/3544/3544 156/3409/3409
f 418/3543/3543 156/3409/3409 416/3410/3410
f 208/3405/3405 122/3513/3513 308/3404/3404
f 308/3404/3404 122/3513/3513 130/3545/3545
f 308/3404/3404 130/3545/3545 146/3546/3546
f 146/3546/3546 130/3545/3545 94/3499/3499
f 146/3546/3546 94/3499/3499 108/3500/3500
f 186/3406/3406 96/3514/3514 208/3405/3405
f 208/3405/3405 96/3514/3514 100/3547/3547
f 208/3405/3405 100/3547/3547 112/3548/3548
f 112/3548/3548 100/3547/3547 58/3494/3494
f 112/3548/3548 58/3494/3494 64/3495/3495
f 185/3391/3391 88/3515/3515 186/3406/3406
f 186/3406/3406 88/3515/3515 90/3549/3549
f 186/3406/3406 90/3549/3549 92/3550/3550
f 92/3550/3550 90/3549/3549 30/3488/3488
f 92/3550/3550 30/3488/3488 34/3489/3489
f 150/3408/3408 160/3544/3544 138/3407/3407
f 138/3407/3407 160/3544/3544 152/3512/3512
f 138/3407/3407 152/3512/3512 126/3502/3502
f 126/3502/3502 152/3512/3512 116/3501/3501
f 116/3501/3501 152/3512/3512 146/3546/3546
f 116/3501/3501 146/3546/3546 108/3500/3500
f 150/3408/3408 156/3409/3409 160/3544/3544
f 416/3410/3410 688/3411/3411 418/3543/3543
f 418/3543/3543 688/3411/3411 684/3551/3551
f 418/3543/3543 684/3551/3551 420/3403/3403
f 420/3403/3403 684/3551/3551 692/3511/3511
f 688/3411/3411 694/3412/3412 684/3551/3551
f 684/3551/3551 694/3412/3412 706/3413/3413
f 684/3551/3551 706/3413/3413 692/3511/3511
f 692/3511/3511 706/3413/3413 718/3414/3414
f 692/3511/3511 718/3414/3414 728/3415/3415
f 692/3511/3511 728/3415/3415 698/3541/3541
f 698/3541/3541 728/3415/3415 736/3416/3416
f 698/3541/3541 736/3416/3416 750/3417/3417
f 758/3418/3418 766/3419/3419 714/3542/3542
f 714/3542/3542 766/3419/3419 722/3510/3510
f 714/3542/3542 722/3510/3510 535/3402/3402
f 766/3419/3419 776/3420/3420 722/3510/3510
f 722/3510/3510 776/3420/3420 780/3421/3421
f 722/3510/3510 780/3421/3421 732/3539/3539
f 732/3539/3539 780/3421/3421 786/3422/3422
f 794/3423/3423 796/3424/3424 744/3540/3540
f 744/3540/3540 796/3424/3424 748/3509/3509
f 744/3540/3540 748/3509/3509 637/3401/3401
f 796/3424/3424 800/3425/3425 748/3509/3509
f 748/3509/3509 800/3425/3425 808/3426/3426
f 748/3509/3509 808/3426/3426 752/3537/3537
f 752/3537/3537 808/3426/3426 810/3427/3427
f 752/3537/3537 810/3427/3427 814/3428/3428
f 822/3429/3429 824/3430/3430 754/3538/3538
f 754/3538/3538 824/3430/3430 756/3508/3508
f 754/3538/3538 756/3508/3508 657/3400/3400
f 824/3430/3430 828/3431/3431 756/3508/3508
f 756/3508/3508 828/3431/3431 836/3432/3432
f 756/3508/3508 836/3432/3432 760/3535/3535
f 760/3535/3535 836/3432/3432 838/3433/3433
f 760/3535/3535 838/3433/3433 841/3434/3434
f 839/3435/3435 837/3436/3436 761/3536/3536
f 761/3536/3536 837/3436/3436 757/3507/3507
f 761/3536/3536 757/3507/3507 661/3399/3399
f 837/3436/3436 829/3437/3437 757/3507/3507
f 757/3507/3507 829/3437/3437 825/3438/3438
f 757/3507/3507 825/3438/3438 755/3533/3533
f 755/3533/3533 825/3438/3438 823/3439/3439
f 755/3533/3533 823/3439/3439 815/3440/3440
f 811/3441/3441 809/3442/3442 753/3534/3534
f 753/3534/3534 809/3442/3442 749/3506/3506
f 753/3534/3534 749/3506/3506 658/3398/3398
f 809/3442/3442 801/3443/3443 749/3506/3506
f 749/3506/3506 801/3443/3443 797/3444/3444
f 749/3506/3506 797/3444/3444 745/3531/3531
f 745/3531/3531 797/3444/3444 795/3445/3445
f 745/3531/3531 795/3445/3445 787/3446/3446
f 733/3532/3532 781/3447/3447 723/3505/3505
f 723/3505/3505 781/3447/3447 777/3448/3448
f 723/3505/3505 777/3448/3448 767/3449/3449
f 723/3505/3505 767/3449/3449 715/3529/3529
f 715/3529/3529 767/3449/3449 759/3450/3450
f 715/3529/3529 759/3450/3450 751/3451/3451
f 737/3452/3452 729/3453/3453 699/3530/3530
f 699/3530/3530 729/3453/3453 693/3504/3504
f 699/3530/3530 693/3504/3504 536/3396/3396
f 729/3453/3453 719/3454/3454 693/3504/3504
f 693/3504/3504 719/3454/3454 707/3455/3455
f 693/3504/3504 707/3455/3455 685/3528/3528
f 685/3528/3528 707/3455/3455 695/3456/3456
f 685/3528/3528 695/3456/3456 689/3457/3457
f 417/3458/3458 157/3459/3459 419/3503/3503
f 419/3503/3503 157/3459/3459 161/3552/3552
f 419/3503/3503 161/3552/3552 421/3557/3557
f 421/3558/3558 161/3552/3552 153/3519/3519
f 157/3459/3459 151/3460/3460 161/3552/3552
f 161/3552/3552 151/3460/3460 139/3461/3461
f 161/3552/3552 139/3461/3461 153/3519/3519
f 153/3519/3519 139/3461/3461 127/3462/3462
f 153/3519/3519 127/3462/3462 117/3463/3463
f 153/3519/3519 117/3463/3463 147/3526/3526
f 147/3526/3526 117/3463/3463 109/3464/3464
f 147/3526/3526 109/3464/3464 95/3465/3465
f 87/3466/3466 79/3467/3467 131/3527/3527
f 131/3527/3527 79/3467/3467 123/3518/3518
f 131/3527/3527 123/3518/3518 309/3394/3394
f 79/3467/3467 69/3468/3468 123/3518/3518
f 123/3518/3518 69/3468/3468 65/3469/3469
f 123/3518/3518 65/3469/3469 113/3524/3524
f 113/3524/3524 65/3469/3469 59/3470/3470
f 51/3471/3471 49/3472/3472 101/3525/3525
f 101/3525/3525 49/3472/3472 97/3517/3517
f 101/3525/3525 97/3517/3517 209/3393/3393
f 49/3472/3472 45/3473/3473 97/3517/3517
f 97/3517/3517 45/3473/3473 37/3474/3474
f 97/3517/3517 37/3474/3474 93/3522/3522
f 93/3522/3522 37/3474/3474 35/3475/3475
f 93/3522/3522 35/3475/3475 31/3476/3476
f 23/3477/3477 21/3478/3478 91/3523/3523
f 91/3523/3523 21/3478/3478 89/3516/3516
f 91/3523/3523 89/3516/3516 187/3392/3392
f 21/3478/3478 17/3479/3479 89/3516/3516
f 89/3516/3516 17/3479/3479 9/3480/3480
f 89/3516/3516 9/3480/3480 85/3520/3520
f 85/3520/3520 9/3480/3480 7/3481/3481
f 85/3520/3520 7/3481/3481 4/3482/3482
f 6/3483/3483 8/3484/3484 84/3521/3521
f 84/3521/3521 8/3484/3484 88/3515/3515
f 84/3521/3521 88/3515/3515 185/3391/3391
f 8/3484/3484 16/3485/3485 88/3515/3515
f 88/3515/3515 16/3485/3485 20/3486/3486
f 88/3515/3515 20/3486/3486 90/3549/3549
f 90/3549/3549 20/3486/3486 22/3487/3487
f 90/3549/3549 22/3487/3487 30/3488/3488
f 34/3489/3489 36/3490/3490 92/3550/3550
f 92/3550/3550 36/3490/3490 96/3514/3514
f 92/3550/3550 96/3514/3514 186/3406/3406
f 36/3490/3490 44/3491/3491 96/3514/3514
f 96/3514/3514 44/3491/3491 48/3492/3492
f 96/3514/3514 48/3492/3492 100/3547/3547
f 100/3547/3547 48/3492/3492 50/3493/3493
f 100/3547/3547 50/3493/3493 58/3494/3494
f 112/3548/3548 64/3495/3495 122/3513/3513
f 122/3513/3513 64/3495/3495 68/3496/3496
f 122/3513/3513 68/3496/3496 78/3497/3497
f 122/3513/3513 78/3497/3497 130/3545/3545
f 130/3545/3545 78/3497/3497 86/3498/3498
f 130/3545/3545 86/3498/3498 94/3499/3499
f 723/3505/3505 638/3397/3397 733/3532/3532
f 152/3512/3512 308/3404/3404 146/3546/3546
f 122/3513/3513 208/3405/3405 112/3548/3548
f 689/3561/3561 687/3566/3566 417/3560/3560
f 417/3560/3560 687/3566/3566 683/3567/3567
f 417/3560/3560 683/3567/3567 422/3565/3565
f 689/3561/3561 695/3562/3562 687/3566/3566
f 687/3566/3566 695/3562/3562 707/3563/3563
f 687/3566/3566 707/3563/3563 683/3567/3567
f 683/3567/3567 707/3563/3563 422/3564/3564
# 844 vertices
# 3567 texture params
# 3567 normals
# 1748 facets

# 1 groups
