# WaveFront *.obj file (generated by Autodesk ATF)

mtllib take.mtl

g ソリッド1

v -37.755158 -103.511839 427.908516
v -37.755158 -101.909876 419.052238
v -37.755158 -64.352899 211.421604
v -37.755158 -62.750940 202.565327
v -37.688601 -103.563805 428.153152
v -37.688601 -101.872854 418.804855
v -37.688601 -64.404869 211.666260
v -37.688601 -62.713914 202.317963
v -37.634783 -112.921667 426.206436
v -37.634783 -111.319714 417.350159
v -37.634783 -73.762732 209.719524
v -37.634783 -72.160773 200.863247
v -37.568438 -112.957048 426.454086
v -37.568438 -111.266098 417.105789
v -37.568438 -73.798113 209.967175
v -37.568438 -72.107158 200.618877
v -37.506769 -103.616791 428.329582
v -37.506769 -101.860685 418.621101
v -37.506769 -64.457855 211.842670
v -37.506769 -62.701750 202.134190
v -37.500000 -107.838812 427.633934
v -37.500000 -106.058865 417.793617
v -37.500000 -68.679876 211.147041
v -37.500000 -66.899924 201.306725
v -37.387185 -112.964716 426.638680
v -37.387185 -111.208611 416.930199
v -37.387185 -73.805780 210.151787
v -37.387185 -72.049675 200.443306
v -37.048042 -111.836357 416.748657
v -37.048042 -72.677417 200.261745
v -37.033241 -113.709536 426.571922
v -37.033241 -74.550595 210.085011
v -36.222219 -98.288088 429.361496
v -36.222219 -96.508141 419.521217
v -36.222219 -59.129152 212.874622
v -36.222219 -57.349200 203.034306
v -35.712430 -117.448130 415.735168
v -35.712430 -78.289189 199.248276
v -35.634792 -119.466124 425.528984
v -35.634792 -80.307188 209.042091
v -35.484290 -94.370422 429.562035
v -35.484290 -92.768459 420.705757
v -35.484290 -55.211482 213.075142
v -35.484290 -53.609529 204.218864
v -35.421736 -94.438505 429.803772
v -35.421736 -92.747555 420.455475
v -35.421736 -55.279570 213.316879
v -35.421736 -53.588614 203.968582
v -35.250840 -94.535513 429.972229
v -35.250840 -92.779408 420.263748
v -35.250840 -55.376577 213.485317
v -35.250840 -53.620477 203.776836
v -35.130789 -122.003937 424.563599
v -35.130789 -120.401983 415.707321
v -35.130789 -82.845001 208.076687
v -35.130789 -81.243038 199.220409
v -35.068860 -122.023306 424.814148
v -35.068860 -120.332355 415.465851
v -35.068860 -82.864370 208.327236
v -35.068860 -81.173420 198.978939
v -34.899664 -121.987228 425.006638
v -34.899664 -120.231123 415.298157
v -34.899664 -82.828293 208.519745
v -34.899664 -81.072187 198.811283
v -33.541384 -122.761192 414.780731
v -33.541384 -83.602257 198.293819
v -33.327267 -124.958534 424.527855
v -33.327267 -85.799589 208.040962
v -32.475953 -89.388227 430.971336
v -32.475953 -87.608271 421.131058
v -32.475953 -50.229292 214.484463
v -32.475953 -48.449340 204.644146
v -32.000000 -107.838812 427.633934
v -32.000000 -106.058865 417.793617
v -32.000000 -68.679876 211.147041
v -32.000000 -66.899924 201.306725
v -30.999999 -107.886505 427.897606
v -30.999999 -106.011171 417.529945
v -30.999999 -68.727570 211.410713
v -30.999999 -66.852231 201.043053
v -30.966005 -86.076393 431.062279
v -30.966005 -84.474440 422.206001
v -30.966005 -46.917458 214.575405
v -30.966005 -45.315504 205.719109
v -30.911417 -86.159105 431.301384
v -30.911417 -84.468145 421.953087
v -30.911417 -47.000165 214.814491
v -30.911417 -45.309210 205.466194
v -30.762281 -86.296062 431.462593
v -30.762281 -84.539957 421.754112
v -30.762281 -47.137122 214.975700
v -30.762281 -45.381017 205.267220
v -30.703776 -98.967333 429.238663
v -30.703776 -97.187386 419.398346
v -30.703776 -59.808402 212.751751
v -30.703776 -58.028450 202.911434
v -30.588911 -127.678013 413.909264
v -30.588911 -88.519077 197.422352
v -30.401769 -130.183411 423.084068
v -30.401769 -128.581457 414.227791
v -30.401769 -91.024475 206.597157
v -30.401769 -89.422522 197.740879
v -30.357647 -130.175934 423.339462
v -30.357647 -91.016998 206.852570
v -30.348175 -128.497410 413.988914
v -30.348175 -89.338474 197.502022
v -30.267949 -108.016806 428.617973
v -30.267949 -105.880871 416.809616
v -30.267949 -68.857875 212.131081
v -30.267949 -66.721931 200.322704
v -30.220602 -130.088148 423.541336
v -30.220602 -90.929213 207.054424
v -30.201757 -128.356791 413.828392
v -30.201757 -89.197855 197.341480
v -30.158398 -130.042582 423.589096
v -30.158398 -90.883646 207.102222
v -30.000000 -145.094509 633.598900
v -30.000000 -108.194809 429.602013
v -30.000000 -105.702877 415.825577
v -30.000000 -69.035869 213.115101
v -30.000000 -66.543937 199.338665
v -30.000000 -29.520941 -5.339855
v -29.943700 -99.991245 429.325752
v -29.943700 -98.115902 418.958092
v -29.943700 -60.832305 212.838840
v -29.943700 -58.956966 202.471180
v -29.236593 -100.307989 430.012360
v -29.236593 -98.172045 418.204002
v -29.236593 -61.149049 213.525467
v -29.236593 -59.013104 201.717091
v -28.784790 -136.777496 635.103340
v -28.784790 -99.877796 431.106415
v -28.784790 -97.385864 417.329979
v -28.784790 -60.718856 214.619522
v -28.784790 -58.226924 200.843086
v -28.784790 -21.203930 -3.835444
v -26.938694 -132.081079 413.146515
v -26.938694 -92.922144 196.659622
v -26.920114 -90.814571 430.713348
v -26.920114 -89.034624 420.873032
v -26.920114 -51.655636 214.226456
v -26.920114 -49.875684 204.386139
v -26.846788 -92.634020 430.656548
v -26.846788 -90.758686 420.288887
v -26.846788 -53.475084 214.169636
v -26.846788 -51.599746 203.801994
v -26.516504 -81.745739 432.353745
v -26.516504 -79.965792 422.513428
v -26.516504 -42.586808 215.866852
v -26.516504 -40.806856 206.026535
v -26.212814 -93.124504 431.311760
v -26.212814 -90.988560 419.503365
v -26.212814 -53.965569 214.824848
v -26.212814 -51.829624 203.016472
v -26.207736 -134.574051 422.725601
v -26.207736 -95.415115 206.238689
v -25.237606 -129.134283 636.485863
v -25.237606 -92.234583 432.488937
v -25.237606 -89.742651 418.712502
v -25.237606 -53.075643 216.002045
v -25.237606 -50.583711 202.225609
v -25.237606 -13.560715 -2.452911
v -24.486473 -79.155068 432.314262
v -24.486473 -77.553110 423.457985
v -24.486473 -39.996130 215.827351
v -24.486473 -38.394175 206.971073
v -24.443309 -79.249973 432.551155
v -24.443309 -77.559018 423.202858
v -24.443309 -40.091038 216.064243
v -24.443309 -38.400083 206.715946
v -24.325378 -79.420266 432.706337
v -24.325378 -77.664161 422.997856
v -24.325378 -40.261331 216.219425
v -24.325378 -38.505223 206.510944
v -23.747237 -136.942043 421.861534
v -23.747237 -135.340090 413.005257
v -23.747237 -97.783108 205.374641
v -23.747237 -96.181154 196.518345
v -23.705373 -136.935081 422.116852
v -23.705373 -135.244131 412.768555
v -23.705373 -97.776146 205.629940
v -23.705373 -96.085196 196.281643
v -22.689543 -135.879526 412.531319
v -22.689543 -96.720591 196.044426
v -21.920309 -86.316233 431.799316
v -21.920309 -84.440899 421.431656
v -21.920309 -47.157297 215.312424
v -21.920309 -45.281959 204.944763
v -21.659870 -138.369856 421.953239
v -21.659870 -99.210920 205.466347
v -21.402671 -86.955910 432.427559
v -21.402671 -84.819965 420.619164
v -21.402671 -47.796974 215.940647
v -21.402671 -45.661030 204.132271
v -20.955544 -84.041014 431.938591
v -20.955544 -82.261066 422.098274
v -20.955544 -44.882078 215.451679
v -20.955544 -43.102126 205.611362
v -19.645822 -122.784071 637.634506
v -19.645822 -85.884371 433.637581
v -19.645822 -83.392439 419.861145
v -19.645822 -46.725430 217.150707
v -19.645822 -44.233499 203.374252
v -19.645822 -7.210503 -1.304262
v -18.750000 -75.881457 433.414497
v -18.750000 -74.101505 423.574181
v -18.750000 -36.722522 216.927605
v -18.750000 -34.942570 207.087288
v -18.133308 -138.903675 412.123795
v -18.133308 -99.744740 195.636883
v -17.816161 -140.763550 421.391830
v -17.816161 -101.604614 204.904938
v -16.506827 -141.434031 421.193886
v -16.506827 -102.275085 204.706993
v -16.480352 -139.795246 412.056465
v -16.480352 -100.636311 195.569572
v -16.456078 -74.044805 433.238602
v -16.456078 -72.442846 424.382324
v -16.456078 -34.885867 216.751709
v -16.456078 -33.283911 207.895432
v -16.427069 -74.148717 433.473892
v -16.427069 -72.457767 424.125557
v -16.427069 -34.989781 216.986980
v -16.427069 -33.298829 207.638683
v -16.347815 -74.343624 433.624611
v -16.347815 -72.587519 423.916130
v -16.347815 -35.184684 217.137699
v -16.347815 -33.428581 207.429218
v -16.040124 -141.655130 421.111336
v -16.040124 -102.496195 204.624443
v -15.946475 -140.064516 412.059517
v -15.946475 -100.905581 195.572624
v -15.758833 -141.782646 421.049004
v -15.758833 -102.623711 204.562111
v -15.741721 -140.167418 412.072296
v -15.741721 -101.008472 195.585403
v -15.648620 -140.215187 412.085991
v -15.648620 -101.056252 195.599079
v -15.646582 -141.831102 421.013985
v -15.646582 -102.672167 204.527073
v -15.612217 -140.234690 412.096405
v -15.612217 -101.075754 195.609512
v -15.608667 -141.846209 420.996094
v -15.608667 -102.687273 204.509182
v -15.597427 -140.243216 412.104034
v -15.597427 -101.084280 195.617123
v -15.595822 -141.850700 420.986595
v -15.595822 -102.691755 204.499683
v -15.589797 -141.852150 420.978546
v -15.589808 -140.248375 412.112236
v -15.589797 -102.693205 204.491634
v -15.589808 -101.089439 195.625343
v -15.588660 -141.851778 420.973434
v -15.588660 -140.249815 412.117157
v -15.588660 -102.692833 204.486542
v -15.588660 -101.090879 195.630264
v -15.500000 -81.468430 432.676201
v -15.500000 -79.593091 422.308540
v -15.500000 -42.309489 216.189308
v -15.500000 -40.434151 205.821667
v -15.133975 -82.222576 433.283730
v -15.133975 -80.086641 421.475334
v -15.133975 -43.063645 216.796837
v -15.133975 -40.927701 204.988461
v -13.293281 -79.195409 432.815056
v -13.293281 -77.415457 422.974739
v -13.293281 -40.036473 216.328163
v -13.293281 -38.256521 206.487846
v -12.462450 -118.241320 638.456230
v -12.462450 -81.341610 434.459305
v -12.462450 -78.849683 420.682869
v -12.462450 -42.182674 217.972412
v -12.462450 -39.690742 204.195976
v -12.462450 -2.667749 -0.482552
v -9.705714 -72.195015 434.081306
v -9.705714 -70.415063 424.241028
v -9.705714 -33.036079 217.594433
v -9.705714 -31.256127 207.754116
v -8.023390 -78.420968 433.227463
v -8.023390 -76.545630 422.859802
v -8.023390 -39.262030 216.740551
v -8.023390 -37.386692 206.372890
v -7.833922 -79.247084 433.821945
v -7.833922 -77.111144 422.013588
v -7.833922 -40.088148 217.335052
v -7.833922 -37.952206 205.526676
v -7.383429 -71.069264 433.776855
v -7.383429 -69.467306 424.920540
v -7.383429 -31.910329 217.289944
v -7.383429 -30.308371 208.433666
v -7.370413 -71.178427 434.011154
v -7.370413 -69.487472 424.662857
v -7.370413 -32.019489 217.524261
v -7.370413 -30.328534 208.175945
v -7.334853 -71.387658 434.159279
v -7.334853 -69.631553 424.450798
v -7.334853 -32.228723 217.672386
v -7.334853 -30.472617 207.963905
v -4.554075 -76.670322 433.271828
v -4.554075 -74.890370 423.431511
v -4.554075 -37.511387 216.784916
v -4.554075 -35.731435 206.944599
v -4.269445 -115.874043 638.884430
v -4.269445 -78.974347 434.887505
v -4.269445 -76.482410 421.111069
v -4.269445 -39.815409 218.400612
v -4.269445 -37.323475 204.624176
v -4.269445 -0.300481 -0.054352
v 0.000000 -78.232198 434.005508
v 0.000000 -77.381535 433.415451
v 0.000000 -76.096258 422.197151
v 0.000000 -75.506196 423.047829
v 0.000000 -70.937638 434.308777
v 0.000000 -69.157686 424.468460
v 0.000000 -39.073262 217.518616
v 0.000000 -38.222599 216.928558
v 0.000000 -36.937320 205.710239
v 0.000000 -36.347260 206.560917
v 0.000000 -31.778703 217.821865
v 0.000000 -29.998751 207.981548
v 2.142664 -70.739594 434.276505
v 2.142664 -68.983488 424.568024
v 2.142664 -31.580656 217.789612
v 2.142664 -29.824550 208.081131
v 2.153052 -70.527220 434.128952
v 2.153052 -68.836265 424.780655
v 2.153052 -31.368282 217.642040
v 2.153052 -29.677327 208.293743
v 2.156854 -70.416908 433.894844
v 2.156854 -68.814950 425.038567
v 2.156854 -31.257970 217.407932
v 2.156854 -29.656014 208.551655
v 4.269445 -115.874043 638.884430
v 4.269445 -78.974347 434.887505
v 4.269445 -76.482410 421.111069
v 4.269445 -39.815409 218.400612
v 4.269445 -37.323475 204.624176
v 4.269445 -0.300481 -0.054352
v 4.554075 -76.670322 433.271828
v 4.554075 -74.890370 423.431511
v 4.554075 -37.511387 216.784916
v 4.554075 -35.731435 206.944599
v 7.833922 -79.247084 433.821945
v 7.833922 -77.111144 422.013588
v 7.833922 -40.088148 217.335052
v 7.833922 -37.952206 205.526676
v 8.023390 -78.420968 433.227463
v 8.023390 -76.545630 422.859802
v 8.023390 -39.262030 216.740551
v 8.023390 -37.386692 206.372890
v 9.705714 -72.195015 434.081306
v 9.705714 -70.415063 424.241028
v 9.705714 -33.036079 217.594433
v 9.705714 -31.256127 207.754116
v 11.484475 -72.440472 433.968849
v 11.484475 -70.684366 424.260368
v 11.484475 -33.281534 217.481956
v 11.484475 -31.525428 207.773476
v 11.540153 -72.236342 433.819809
v 11.540153 -70.545387 424.471512
v 11.540153 -33.077404 217.332897
v 11.540153 -31.386449 207.984600
v 11.560532 -72.129049 433.585129
v 11.560532 -70.527091 424.728851
v 11.560532 -32.970114 217.098236
v 11.560532 -31.368155 208.241959
v 12.462450 -118.241320 638.456230
v 12.462450 -81.341610 434.459305
v 12.462450 -78.849683 420.682869
v 12.462450 -42.182674 217.972412
v 12.462450 -39.690742 204.195976
v 12.462450 -2.667749 -0.482552
v 13.293281 -79.195409 432.815056
v 13.293281 -77.415457 422.974739
v 13.293281 -40.036473 216.328163
v 13.293281 -38.256521 206.487846
v 15.133975 -82.222576 433.283730
v 15.133975 -80.086641 421.475334
v 15.133975 -43.063645 216.796837
v 15.133975 -40.927701 204.988461
v 15.500000 -81.468430 432.676201
v 15.500000 -79.593091 422.308540
v 15.500000 -42.309489 216.189308
v 15.500000 -40.434151 205.821667
v 18.750000 -75.881457 433.414497
v 18.750000 -74.101505 423.574181
v 18.750000 -36.722522 216.927605
v 18.750000 -34.942570 207.087288
v 19.645822 -122.784071 637.634506
v 19.645822 -85.884371 433.637581
v 19.645822 -83.392439 419.861145
v 19.645822 -46.725430 217.150707
v 19.645822 -44.233499 203.374252
v 19.645822 -7.210503 -1.304262
v 20.098913 -76.382565 433.255806
v 20.098913 -74.626460 423.547325
v 20.098913 -37.223630 216.768894
v 20.098913 -35.467525 207.060413
v 20.196352 -76.197548 433.103256
v 20.196352 -74.506593 423.754959
v 20.196352 -37.038612 216.616383
v 20.196352 -35.347657 207.268085
v 20.232017 -76.097250 432.867355
v 20.232017 -74.495296 424.011078
v 20.232017 -36.938314 216.380463
v 20.232017 -35.336359 207.524185
v 20.955544 -84.041014 431.938591
v 20.955544 -82.261066 422.098274
v 20.955544 -44.882078 215.451679
v 20.955544 -43.102126 205.611362
v 21.402671 -86.955910 432.427559
v 21.402671 -84.819965 420.619164
v 21.402671 -47.796974 215.940647
v 21.402671 -45.661030 204.132271
v 21.920309 -86.316233 431.799316
v 21.920309 -84.440899 421.431656
v 21.920309 -47.157297 215.312424
v 21.920309 -45.281959 204.944763
v 25.237606 -129.134283 636.485863
v 25.237606 -92.234583 432.488937
v 25.237606 -89.742651 418.712502
v 25.237606 -53.075643 216.002045
v 25.237606 -50.583711 202.225609
v 25.237606 -13.560715 -2.452911
v 26.212814 -93.124504 431.311760
v 26.212814 -90.988560 419.503365
v 26.212814 -53.965569 214.824848
v 26.212814 -51.829624 203.016472
v 26.516504 -81.745739 432.353745
v 26.516504 -79.965792 422.513428
v 26.516504 -42.586808 215.866852
v 26.516504 -40.806856 206.026535
v 26.846788 -92.634020 430.656548
v 26.846788 -90.758686 420.288887
v 26.846788 -53.475084 214.169636
v 26.846788 -51.599746 203.801994
v 26.920114 -90.814571 430.713348
v 26.920114 -89.034624 420.873032
v 26.920114 -51.655636 214.226456
v 26.920114 -49.875684 204.386139
v 27.440372 -82.316208 432.182503
v 27.440372 -80.560102 422.474022
v 27.440372 -43.157268 215.695591
v 27.440372 -41.401162 205.987110
v 27.573404 -82.159948 432.024765
v 27.573404 -80.468998 422.676468
v 27.573404 -43.001018 215.537872
v 27.573404 -41.310062 206.189575
v 27.622097 -82.070189 431.786957
v 27.622097 -80.468225 422.930679
v 27.622097 -42.911248 215.300045
v 27.622097 -41.309290 206.443768
v 28.784790 -136.777496 635.103340
v 28.784790 -99.877796 431.106415
v 28.784790 -97.385864 417.329979
v 28.784790 -60.718856 214.619522
v 28.784790 -58.226924 200.843086
v 28.784790 -21.203930 -3.835444
v 29.236593 -100.307989 430.012360
v 29.236593 -98.172045 418.204002
v 29.236593 -61.149049 213.525467
v 29.236593 -59.013104 201.717091
v 29.943700 -99.991245 429.325752
v 29.943700 -98.115902 418.958092
v 29.943700 -60.832305 212.838840
v 29.943700 -58.956966 202.471180
v 30.000000 -145.094509 633.598900
v 30.000000 -108.194809 429.602013
v 30.000000 -105.702877 415.825577
v 30.000000 -69.035869 213.115101
v 30.000000 -66.543937 199.338665
v 30.000000 -29.520941 -5.339855
v 30.267949 -108.016806 428.617973
v 30.267949 -105.880871 416.809616
v 30.267949 -68.857875 212.131081
v 30.267949 -66.721931 200.322704
v 30.703776 -98.967333 429.238663
v 30.703776 -97.187386 419.398346
v 30.703776 -59.808402 212.751751
v 30.703776 -58.028450 202.911434
v 30.999999 -107.886505 427.897606
v 30.999999 -106.011171 417.529945
v 30.999999 -68.727570 211.410713
v 30.999999 -66.852231 201.043053
v 32.000000 -107.838812 427.633934
v 32.000000 -106.058865 417.793617
v 32.000000 -68.679876 211.147041
v 32.000000 -66.899924 201.306725
v 32.475953 -89.388227 430.971336
v 32.475953 -87.608271 421.131058
v 32.475953 -50.229292 214.484463
v 32.475953 -48.449340 204.644146
v 33.043883 -89.865580 430.816917
v 33.043883 -88.109474 421.108475
v 33.043883 -50.706639 214.330044
v 33.043883 -48.950534 204.621563
v 33.204081 -89.745922 430.652580
v 33.204081 -88.054972 421.304283
v 33.204081 -50.586987 214.165688
v 33.204081 -48.896031 204.817390
v 33.262718 -89.669552 430.412369
v 33.262718 -88.067598 421.556053
v 33.262718 -50.510616 213.925457
v 33.262718 -48.908658 205.069180
v 36.222219 -98.288088 429.361496
v 36.222219 -96.508141 419.521217
v 36.222219 -59.129152 212.874622
v 36.222219 -57.349200 203.034306
v 36.554542 -98.552532 429.245605
v 36.554542 -96.796427 419.537125
v 36.554542 -59.393597 212.758713
v 36.554542 -57.637491 203.050232
v 36.731758 -98.474998 429.073639
v 36.731758 -96.784048 419.725342
v 36.731758 -59.316063 212.586746
v 36.731758 -57.625108 203.238449
v 36.796625 -98.414040 428.830605
v 36.796625 -96.812086 419.974327
v 36.796625 -59.255104 212.343712
v 36.796625 -57.653146 203.487434
v 37.500000 -107.838812 427.633934
v 37.500000 -106.058865 417.793617
v 37.500000 -68.679876 211.147041
v 37.500000 -66.899924 201.306725
v 37.750001 -107.826891 427.568016
v 37.750001 -106.070786 417.859535
v 37.750001 -68.667955 211.081123
v 37.750001 -66.911850 201.372643
v 37.933013 -107.794313 427.387924
v 37.933013 -106.103363 418.039627
v 37.933013 -68.635378 210.901031
v 37.933013 -66.944423 201.552734
v 38.000000 -107.749815 427.141914
v 38.000000 -106.147861 418.285637
v 38.000000 -68.590879 210.655022
v 38.000000 -66.988926 201.798744
vt 0.034939 0.000000 0.000000
vt 0.046586 0.000000 0.000000
vt 0.058232 0.000000 0.000000
vt 0.069878 0.000000 0.000000
vt 0.069878 0.097149 0.000000
vt 0.069878 0.194299 0.000000
vt 0.069878 0.291448 0.000000
vt 0.069878 0.388597 0.000000
vt 0.069878 0.485747 0.000000
vt 0.069878 0.582896 0.000000
vt 0.069878 0.680045 0.000000
vt 0.069878 0.777195 0.000000
vt 0.069878 0.874344 0.000000
vt 0.069878 0.971493 0.000000
vt 0.069878 1.068643 0.000000
vt 0.058232 1.068643 0.000000
vt 0.046586 1.068643 0.000000
vt 0.034939 1.068643 0.000000
vt 0.034939 0.971493 0.000000
vt 0.034939 0.874344 0.000000
vt 0.034939 0.777195 0.000000
vt 0.034939 0.680045 0.000000
vt 0.034939 0.582896 0.000000
vt 0.034939 0.485747 0.000000
vt 0.034939 0.388597 0.000000
vt 0.034939 0.291448 0.000000
vt 0.034939 0.194299 0.000000
vt 0.034939 0.097149 0.000000
vt 0.058232 0.089054 0.000000
vt 0.046586 0.089054 0.000000
vt 0.058232 0.178107 0.000000
vt 0.046586 0.178107 0.000000
vt 0.058232 0.267161 0.000000
vt 0.046586 0.267161 0.000000
vt 0.058232 0.356214 0.000000
vt 0.046586 0.356214 0.000000
vt 0.058232 0.445268 0.000000
vt 0.046586 0.445268 0.000000
vt 0.058232 0.534321 0.000000
vt 0.046586 0.534321 0.000000
vt 0.058232 0.623375 0.000000
vt 0.046586 0.623375 0.000000
vt 0.058232 0.712429 0.000000
vt 0.046586 0.712429 0.000000
vt 0.058232 0.801482 0.000000
vt 0.046586 0.801482 0.000000
vt 0.058232 0.890536 0.000000
vt 0.046586 0.890536 0.000000
vt 0.058232 0.979589 0.000000
vt 0.046586 0.979589 0.000000
vt -1.145514 0.524088 0.000000
vt -1.145514 0.428799 0.000000
vt -1.145514 0.333511 0.000000
vt -1.145514 0.238222 0.000000
vt -1.145514 0.142933 0.000000
vt -1.145514 0.047644 0.000000
vt -1.145514 -0.047644 0.000000
vt -1.145514 -0.142933 0.000000
vt -1.145514 -0.238222 0.000000
vt -1.145514 -0.333511 0.000000
vt -1.145514 -0.428799 0.000000
vt -1.145514 -0.524088 0.000000
vt 1.167757 -0.524088 0.000000
vt 1.167757 -0.428799 0.000000
vt 1.167757 -0.333511 0.000000
vt 1.167757 -0.238222 0.000000
vt 1.167757 -0.142933 0.000000
vt 1.167757 -0.047644 0.000000
vt 1.167757 0.047644 0.000000
vt 1.167757 0.142933 0.000000
vt 1.167757 0.238222 0.000000
vt 1.167757 0.333511 0.000000
vt 1.167757 0.428799 0.000000
vt 1.167757 0.524088 0.000000
vt -0.069878 0.000000 0.000000
vt -0.058232 0.000000 0.000000
vt -0.046586 0.000000 0.000000
vt -0.034939 0.000000 0.000000
vt -0.034939 0.097149 0.000000
vt -0.034939 0.194299 0.000000
vt -0.034939 0.291448 0.000000
vt -0.034939 0.388597 0.000000
vt -0.034939 0.485747 0.000000
vt -0.034939 0.582896 0.000000
vt -0.034939 0.680045 0.000000
vt -0.034939 0.777195 0.000000
vt -0.034939 0.874344 0.000000
vt -0.034939 0.971493 0.000000
vt -0.034939 1.068643 0.000000
vt -0.046586 1.068643 0.000000
vt -0.058232 1.068643 0.000000
vt -0.069878 1.068643 0.000000
vt -0.069878 0.971493 0.000000
vt -0.069878 0.874344 0.000000
vt -0.069878 0.777195 0.000000
vt -0.069878 0.680045 0.000000
vt -0.069878 0.582896 0.000000
vt -0.069878 0.485747 0.000000
vt -0.069878 0.388597 0.000000
vt -0.069878 0.291448 0.000000
vt -0.069878 0.194299 0.000000
vt -0.069878 0.097149 0.000000
vt -0.046586 0.089054 0.000000
vt -0.058232 0.089054 0.000000
vt -0.046586 0.178107 0.000000
vt -0.058232 0.178107 0.000000
vt -0.046586 0.267161 0.000000
vt -0.058232 0.267161 0.000000
vt -0.046586 0.356214 0.000000
vt -0.058232 0.356214 0.000000
vt -0.046586 0.445268 0.000000
vt -0.058232 0.445268 0.000000
vt -0.046586 0.534321 0.000000
vt -0.058232 0.534321 0.000000
vt -0.046586 0.623375 0.000000
vt -0.058232 0.623375 0.000000
vt -0.046586 0.712429 0.000000
vt -0.058232 0.712429 0.000000
vt -0.046586 0.801482 0.000000
vt -0.058232 0.801482 0.000000
vt -0.046586 0.890536 0.000000
vt -0.058232 0.890536 0.000000
vt -0.046586 0.979589 0.000000
vt -0.058232 0.979589 0.000000
vt -0.355888 -0.333645 0.000000
vt -0.341472 -0.233380 0.000000
vt -0.299392 -0.141237 0.000000
vt -0.233057 -0.064683 0.000000
vt -0.147841 -0.009918 0.000000
vt -0.050648 0.018621 0.000000
vt 0.050648 0.018621 0.000000
vt 0.147841 -0.009918 0.000000
vt 0.233057 -0.064683 0.000000
vt 0.299392 -0.141237 0.000000
vt 0.341472 -0.233380 0.000000
vt 0.355888 -0.333645 0.000000
vt 0.417056 -0.333645 0.000000
vt 0.402845 -0.225703 0.000000
vt 0.361181 -0.125117 0.000000
vt 0.294903 -0.038742 0.000000
vt 0.208528 0.027536 0.000000
vt 0.107942 0.069200 0.000000
vt 0.000000 0.083411 0.000000
vt -0.107942 0.069200 0.000000
vt -0.208528 0.027536 0.000000
vt -0.294903 -0.038742 0.000000
vt -0.361181 -0.125117 0.000000
vt -0.402845 -0.225703 0.000000
vt -0.417056 -0.333645 0.000000
vt 0.034939 0.000000 0.000000
vt 0.046586 0.000000 0.000000
vt 0.058232 0.000000 0.000000
vt 0.069878 0.000000 0.000000
vt 0.069878 0.097149 0.000000
vt 0.069878 0.194299 0.000000
vt 0.069878 0.291448 0.000000
vt 0.069878 0.388597 0.000000
vt 0.069878 0.485747 0.000000
vt 0.069878 0.582896 0.000000
vt 0.069878 0.680045 0.000000
vt 0.069878 0.777195 0.000000
vt 0.069878 0.874344 0.000000
vt 0.069878 0.971493 0.000000
vt 0.069878 1.068643 0.000000
vt 0.058232 1.068643 0.000000
vt 0.046586 1.068643 0.000000
vt 0.034939 1.068643 0.000000
vt 0.034939 0.971493 0.000000
vt 0.034939 0.874344 0.000000
vt 0.034939 0.777195 0.000000
vt 0.034939 0.680045 0.000000
vt 0.034939 0.582896 0.000000
vt 0.034939 0.485747 0.000000
vt 0.034939 0.388597 0.000000
vt 0.034939 0.291448 0.000000
vt 0.034939 0.194299 0.000000
vt 0.034939 0.097149 0.000000
vt 0.058232 0.089054 0.000000
vt 0.046586 0.089054 0.000000
vt 0.058232 0.178107 0.000000
vt 0.046586 0.178107 0.000000
vt 0.058232 0.267161 0.000000
vt 0.046586 0.267161 0.000000
vt 0.058232 0.356214 0.000000
vt 0.046586 0.356214 0.000000
vt 0.058232 0.445268 0.000000
vt 0.046586 0.445268 0.000000
vt 0.058232 0.534321 0.000000
vt 0.046586 0.534321 0.000000
vt 0.058232 0.623375 0.000000
vt 0.046586 0.623375 0.000000
vt 0.058232 0.712429 0.000000
vt 0.046586 0.712429 0.000000
vt 0.058232 0.801482 0.000000
vt 0.046586 0.801482 0.000000
vt 0.058232 0.890536 0.000000
vt 0.046586 0.890536 0.000000
vt 0.058232 0.979589 0.000000
vt 0.046586 0.979589 0.000000
vt 1.145514 -0.524088 0.000000
vt 1.145514 -0.428799 0.000000
vt 1.145514 -0.333511 0.000000
vt 1.145514 -0.238222 0.000000
vt 1.145514 -0.142933 0.000000
vt 1.145514 -0.047644 0.000000
vt 1.145514 0.047644 0.000000
vt 1.145514 0.142933 0.000000
vt 1.145514 0.238222 0.000000
vt 1.145514 0.333511 0.000000
vt 1.145514 0.428799 0.000000
vt 1.145514 0.524088 0.000000
vt -1.145514 0.524088 0.000000
vt -1.145514 0.428799 0.000000
vt -1.145514 0.333511 0.000000
vt -1.145514 0.238222 0.000000
vt -1.145514 0.142933 0.000000
vt -1.145514 0.047644 0.000000
vt -1.145514 -0.047644 0.000000
vt -1.145514 -0.142933 0.000000
vt -1.145514 -0.238222 0.000000
vt -1.145514 -0.333511 0.000000
vt -1.145514 -0.428799 0.000000
vt -1.145514 -0.524088 0.000000
vt -0.069878 0.000000 0.000000
vt -0.058232 0.000000 0.000000
vt -0.046586 0.000000 0.000000
vt -0.034939 0.000000 0.000000
vt -0.034939 0.097149 0.000000
vt -0.034939 0.194299 0.000000
vt -0.034939 0.291448 0.000000
vt -0.034939 0.388597 0.000000
vt -0.034939 0.485747 0.000000
vt -0.034939 0.582896 0.000000
vt -0.034939 0.680045 0.000000
vt -0.034939 0.777195 0.000000
vt -0.034939 0.874344 0.000000
vt -0.034939 0.971493 0.000000
vt -0.034939 1.068643 0.000000
vt -0.046586 1.068643 0.000000
vt -0.058232 1.068643 0.000000
vt -0.069878 1.068643 0.000000
vt -0.069878 0.971493 0.000000
vt -0.069878 0.874344 0.000000
vt -0.069878 0.777195 0.000000
vt -0.069878 0.680045 0.000000
vt -0.069878 0.582896 0.000000
vt -0.069878 0.485747 0.000000
vt -0.069878 0.388597 0.000000
vt -0.069878 0.291448 0.000000
vt -0.069878 0.194299 0.000000
vt -0.069878 0.097149 0.000000
vt -0.046586 0.089054 0.000000
vt -0.058232 0.089054 0.000000
vt -0.046586 0.178107 0.000000
vt -0.058232 0.178107 0.000000
vt -0.046586 0.267161 0.000000
vt -0.058232 0.267161 0.000000
vt -0.046586 0.356214 0.000000
vt -0.058232 0.356214 0.000000
vt -0.046586 0.445268 0.000000
vt -0.058232 0.445268 0.000000
vt -0.046586 0.534321 0.000000
vt -0.058232 0.534321 0.000000
vt -0.046586 0.623375 0.000000
vt -0.058232 0.623375 0.000000
vt -0.046586 0.712429 0.000000
vt -0.058232 0.712429 0.000000
vt -0.046586 0.801482 0.000000
vt -0.058232 0.801482 0.000000
vt -0.046586 0.890536 0.000000
vt -0.058232 0.890536 0.000000
vt -0.046586 0.979589 0.000000
vt -0.058232 0.979589 0.000000
vt -0.355888 -0.333645 0.000000
vt -0.341472 -0.233380 0.000000
vt -0.299392 -0.141237 0.000000
vt -0.233057 -0.064683 0.000000
vt -0.147841 -0.009918 0.000000
vt -0.050648 0.018621 0.000000
vt 0.050648 0.018621 0.000000
vt 0.147841 -0.009918 0.000000
vt 0.233057 -0.064683 0.000000
vt 0.299392 -0.141237 0.000000
vt 0.341472 -0.233380 0.000000
vt 0.355888 -0.333645 0.000000
vt 0.417056 -0.333645 0.000000
vt 0.402845 -0.225703 0.000000
vt 0.361181 -0.125117 0.000000
vt 0.294903 -0.038742 0.000000
vt 0.208528 0.027536 0.000000
vt 0.107942 0.069200 0.000000
vt 0.000000 0.083411 0.000000
vt -0.107942 0.069200 0.000000
vt -0.208528 0.027536 0.000000
vt -0.294903 -0.038742 0.000000
vt -0.361181 -0.125117 0.000000
vt -0.402845 -0.225703 0.000000
vt -0.417056 -0.333645 0.000000
vt 4.774538 0.000000 0.000000
vt 4.774539 -0.066621 0.000000
vt 4.774557 -0.133587 0.000000
vt 4.774640 -0.200841 0.000000
vt 4.774849 -0.268351 0.000000
vt 4.775330 -0.335967 0.000000
vt 4.776268 -0.402466 0.000000
vt 4.777674 -0.453220 0.000000
vt 4.778513 -0.469706 0.000000
vt 4.778978 -0.475504 0.000000
vt 4.779408 -0.478982 0.000000
vt 4.779696 -0.480367 0.000000
vt 4.779862 -0.480834 0.000000
vt 4.779957 -0.480992 0.000000
vt 4.780042 -0.481066 0.000000
vt 4.780098 -0.481080 0.000000
vt 4.880191 -0.481080 0.000000
vt 4.880248 -0.481066 0.000000
vt 4.880348 -0.480972 0.000000
vt 4.880449 -0.480790 0.000000
vt 4.880601 -0.480342 0.000000
vt 4.880846 -0.479194 0.000000
vt 4.881189 -0.476664 0.000000
vt 4.881756 -0.470039 0.000000
vt 4.882784 -0.449162 0.000000
vt 4.884311 -0.388143 0.000000
vt 4.885098 -0.324334 0.000000
vt 4.885466 -0.260103 0.000000
vt 4.885662 -0.195526 0.000000
vt 4.885734 -0.130755 0.000000
vt 4.885752 -0.065555 0.000000
vt 4.885753 0.000000 0.000000
vt 2.327810 0.000000 0.000000
vt 2.327811 -0.066621 0.000000
vt 2.327829 -0.133587 0.000000
vt 2.327912 -0.200841 0.000000
vt 2.328122 -0.268351 0.000000
vt 2.328602 -0.335967 0.000000
vt 2.329540 -0.402466 0.000000
vt 2.330946 -0.453220 0.000000
vt 2.331785 -0.469706 0.000000
vt 2.332250 -0.475504 0.000000
vt 2.332680 -0.478982 0.000000
vt 2.332967 -0.480367 0.000000
vt 2.333134 -0.480834 0.000000
vt 2.333229 -0.480992 0.000000
vt 2.333314 -0.481066 0.000000
vt 2.333370 -0.481080 0.000000
vt 2.433464 -0.481080 0.000000
vt 2.433520 -0.481066 0.000000
vt 2.433620 -0.480972 0.000000
vt 2.433721 -0.480790 0.000000
vt 2.433873 -0.480342 0.000000
vt 2.434118 -0.479194 0.000000
vt 2.434461 -0.476664 0.000000
vt 2.435028 -0.470039 0.000000
vt 2.436056 -0.449162 0.000000
vt 2.437582 -0.388143 0.000000
vt 2.438369 -0.324334 0.000000
vt 2.438738 -0.260103 0.000000
vt 2.438934 -0.195526 0.000000
vt 2.439006 -0.130755 0.000000
vt 2.439024 -0.065555 0.000000
vt 2.439024 0.000000 0.000000
vt -0.083411 2.305567 0.000000
vt -0.080431 2.316688 0.000000
vt -0.072290 2.324830 0.000000
vt -0.061168 2.327810 0.000000
vt -0.000000 2.327810 0.000000
vt -0.000000 2.439025 0.000000
vt -0.061168 2.439025 0.000000
vt -0.072290 2.442004 0.000000
vt -0.080431 2.450146 0.000000
vt -0.083411 2.461267 0.000000
vt -0.083411 4.752295 0.000000
vt -0.080431 4.763416 0.000000
vt -0.072290 4.771558 0.000000
vt -0.061168 4.774538 0.000000
vt -0.000000 4.774538 0.000000
vt -0.000000 4.885753 0.000000
vt -0.061168 4.885753 0.000000
vt -0.072290 4.888733 0.000000
vt -0.080431 4.896874 0.000000
vt -0.083411 4.907996 0.000000
vt -0.083411 7.221266 0.000000
vt -0.750701 7.221266 0.000000
vt -0.750701 4.907996 0.000000
vt -0.753681 4.896874 0.000000
vt -0.761822 4.888733 0.000000
vt -0.772944 4.885753 0.000000
vt -0.834112 4.885753 0.000000
vt -0.836892 4.885008 0.000000
vt -0.838928 4.882972 0.000000
vt -0.839673 4.880192 0.000000
vt -0.839673 4.780098 0.000000
vt -0.838928 4.777318 0.000000
vt -0.836892 4.775283 0.000000
vt -0.834112 4.774538 0.000000
vt -0.772944 4.774538 0.000000
vt -0.761822 4.771558 0.000000
vt -0.753681 4.763416 0.000000
vt -0.750701 4.752295 0.000000
vt -0.750701 2.461267 0.000000
vt -0.753681 2.450146 0.000000
vt -0.761822 2.442004 0.000000
vt -0.772944 2.439025 0.000000
vt -0.834112 2.439025 0.000000
vt -0.836892 2.438280 0.000000
vt -0.838928 2.436244 0.000000
vt -0.839673 2.433464 0.000000
vt -0.839673 2.333370 0.000000
vt -0.838928 2.330590 0.000000
vt -0.836892 2.328555 0.000000
vt -0.834112 2.327810 0.000000
vt -0.772944 2.327810 0.000000
vt -0.761822 2.324830 0.000000
vt -0.753681 2.316688 0.000000
vt -0.750701 2.305567 0.000000
vt -0.750701 0.000000 0.000000
vt -0.083411 0.000000 0.000000
vt -0.333645 0.000000 0.000000
vt 0.333645 0.000000 0.000000
vt 0.320130 0.093999 0.000000
vt 0.280680 0.180382 0.000000
vt 0.218491 0.252152 0.000000
vt 0.138601 0.303494 0.000000
vt 0.047483 0.330249 0.000000
vt -0.047483 0.330249 0.000000
vt -0.138601 0.303494 0.000000
vt -0.218491 0.252152 0.000000
vt -0.280680 0.180382 0.000000
vt -0.320130 0.093999 0.000000
vt -0.000000 -0.839240 0.000000
vt -0.000056 -0.839254 0.000000
vt -0.000142 -0.839327 0.000000
vt -0.000237 -0.839485 0.000000
vt -0.000403 -0.839950 0.000000
vt -0.000692 -0.841329 0.000000
vt -0.001128 -0.844794 0.000000
vt -0.001606 -0.850570 0.000000
vt -0.002500 -0.867006 0.000000
vt -0.004228 -0.917681 0.000000
vt -0.005718 -0.984248 0.000000
vt -0.006831 -1.052110 0.000000
vt -0.007664 -1.120015 0.000000
vt -0.008258 -1.187779 0.000000
vt -0.008616 -1.255330 0.000000
vt -0.008735 -1.322573 0.000000
vt -0.008735 -1.432787 0.000000
vt -0.008735 -1.543001 0.000000
vt -0.008735 -1.653216 0.000000
vt -0.008735 -1.763430 0.000000
vt -0.008735 -1.873645 0.000000
vt -0.008735 -1.983859 0.000000
vt -0.008735 -2.094073 0.000000
vt -0.008735 -2.204288 0.000000
vt -0.008735 -2.314502 0.000000
vt -0.008735 -2.424716 0.000000
vt -0.008735 -2.534931 0.000000
vt -0.008735 -2.645145 0.000000
vt -0.005823 -2.645145 0.000000
vt -0.002912 -2.645145 0.000000
vt -0.000000 -2.645145 0.000000
vt -0.000000 -2.538916 0.000000
vt -0.000000 -2.432686 0.000000
vt -0.000000 -2.326456 0.000000
vt -0.000000 -2.220226 0.000000
vt -0.000000 -2.113997 0.000000
vt -0.000000 -2.007767 0.000000
vt -0.000000 -1.901537 0.000000
vt -0.000000 -1.795307 0.000000
vt -0.000000 -1.689078 0.000000
vt -0.000000 -1.582848 0.000000
vt -0.000000 -1.476618 0.000000
vt -0.000000 -1.370388 0.000000
vt -0.000000 -1.264159 0.000000
vt -0.000000 -1.157929 0.000000
vt -0.000000 -1.051699 0.000000
vt -0.000000 -0.945469 0.000000
vt -0.002912 -0.945469 0.000000
vt -0.005823 -1.052050 0.000000
vt -0.002912 -1.051874 0.000000
vt -0.005823 -1.157929 0.000000
vt -0.002912 -1.157929 0.000000
vt -0.005823 -1.264159 0.000000
vt -0.002912 -1.264159 0.000000
vt -0.005823 -1.370388 0.000000
vt -0.002912 -1.370388 0.000000
vt -0.005823 -1.476618 0.000000
vt -0.002912 -1.476618 0.000000
vt -0.005823 -1.582848 0.000000
vt -0.002912 -1.582848 0.000000
vt -0.005823 -1.689078 0.000000
vt -0.002912 -1.689078 0.000000
vt -0.005823 -1.795307 0.000000
vt -0.002912 -1.795307 0.000000
vt -0.005823 -1.901537 0.000000
vt -0.002912 -1.901537 0.000000
vt -0.005823 -2.007767 0.000000
vt -0.002912 -2.007767 0.000000
vt -0.005823 -2.113997 0.000000
vt -0.002912 -2.113997 0.000000
vt -0.005823 -2.220226 0.000000
vt -0.002912 -2.220226 0.000000
vt -0.005823 -2.326456 0.000000
vt -0.002912 -2.326456 0.000000
vt -0.005823 -2.432686 0.000000
vt -0.002912 -2.432686 0.000000
vt -0.005823 -2.538916 0.000000
vt -0.002912 -2.538916 0.000000
vt 0.050047 1.149048 0.000000
vt -0.050047 1.149048 0.000000
vt -0.050047 1.042407 0.000000
vt -0.050047 0.935766 0.000000
vt -0.050047 0.829125 0.000000
vt -0.050047 0.722485 0.000000
vt -0.050047 0.615844 0.000000
vt -0.050047 0.509203 0.000000
vt -0.050047 0.402563 0.000000
vt -0.050047 0.295922 0.000000
vt -0.050047 0.189281 0.000000
vt -0.050047 0.082640 0.000000
vt -0.050047 -0.024000 0.000000
vt -0.050047 -0.130641 0.000000
vt -0.050047 -0.237282 0.000000
vt -0.050047 -0.343923 0.000000
vt -0.050047 -0.450563 0.000000
vt -0.050047 -0.557204 0.000000
vt -0.050047 -0.663845 0.000000
vt 0.050047 -0.663845 0.000000
vt 0.050047 -0.557204 0.000000
vt 0.050047 -0.450563 0.000000
vt 0.050047 -0.343923 0.000000
vt 0.050047 -0.237282 0.000000
vt 0.050047 -0.130641 0.000000
vt 0.050047 -0.024000 0.000000
vt 0.050047 0.082640 0.000000
vt 0.050047 0.189281 0.000000
vt 0.050047 0.295922 0.000000
vt 0.050047 0.402563 0.000000
vt 0.050047 0.509203 0.000000
vt 0.050047 0.615844 0.000000
vt 0.050047 0.722485 0.000000
vt 0.050047 0.829125 0.000000
vt 0.050047 0.935766 0.000000
vt 0.050047 1.042407 0.000000
vt 0.008735 -1.322573 0.000000
vt 0.008619 -1.256406 0.000000
vt 0.008278 -1.190634 0.000000
vt 0.007719 -1.125367 0.000000
vt 0.006942 -1.060399 0.000000
vt 0.005947 -0.995911 0.000000
vt 0.004616 -0.932003 0.000000
vt 0.002693 -0.871053 0.000000
vt 0.001583 -0.850239 0.000000
vt 0.001003 -0.843638 0.000000
vt 0.000656 -0.841119 0.000000
vt 0.000410 -0.839975 0.000000
vt 0.000257 -0.839529 0.000000
vt 0.000157 -0.839347 0.000000
vt 0.000057 -0.839254 0.000000
vt -0.000000 -0.839240 0.000000
vt -0.000000 -0.945469 0.000000
vt -0.000000 -1.051699 0.000000
vt -0.000000 -1.157929 0.000000
vt -0.000000 -1.264159 0.000000
vt -0.000000 -1.370388 0.000000
vt -0.000000 -1.476618 0.000000
vt -0.000000 -1.582848 0.000000
vt -0.000000 -1.689078 0.000000
vt -0.000000 -1.795307 0.000000
vt -0.000000 -1.901537 0.000000
vt -0.000000 -2.007767 0.000000
vt -0.000000 -2.113997 0.000000
vt -0.000000 -2.220226 0.000000
vt -0.000000 -2.326456 0.000000
vt -0.000000 -2.432686 0.000000
vt -0.000000 -2.538916 0.000000
vt -0.000000 -2.645145 0.000000
vt 0.002912 -2.645145 0.000000
vt 0.005823 -2.645145 0.000000
vt 0.008735 -2.645145 0.000000
vt 0.008735 -2.534931 0.000000
vt 0.008735 -2.424716 0.000000
vt 0.008735 -2.314502 0.000000
vt 0.008735 -2.204288 0.000000
vt 0.008735 -2.094073 0.000000
vt 0.008735 -1.983859 0.000000
vt 0.008735 -1.873645 0.000000
vt 0.008735 -1.763430 0.000000
vt 0.008735 -1.653216 0.000000
vt 0.008735 -1.543001 0.000000
vt 0.008735 -1.432787 0.000000
vt 0.002912 -1.370388 0.000000
vt 0.005823 -1.370388 0.000000
vt 0.005823 -1.264159 0.000000
vt 0.002912 -1.264159 0.000000
vt 0.005823 -1.157929 0.000000
vt 0.002912 -1.157929 0.000000
vt 0.005823 -1.051699 0.000000
vt 0.002912 -1.051699 0.000000
vt 0.002912 -0.945469 0.000000
vt 0.002912 -1.476618 0.000000
vt 0.005823 -1.476618 0.000000
vt 0.002912 -1.582848 0.000000
vt 0.005823 -1.582848 0.000000
vt 0.002912 -1.689078 0.000000
vt 0.005823 -1.689078 0.000000
vt 0.002912 -1.795307 0.000000
vt 0.005823 -1.795307 0.000000
vt 0.002912 -1.901537 0.000000
vt 0.005823 -1.901537 0.000000
vt 0.002912 -2.007767 0.000000
vt 0.005823 -2.007767 0.000000
vt 0.002912 -2.113997 0.000000
vt 0.005823 -2.113997 0.000000
vt 0.002912 -2.220226 0.000000
vt 0.005823 -2.220226 0.000000
vt 0.002912 -2.326456 0.000000
vt 0.005823 -2.326456 0.000000
vt 0.002912 -2.432686 0.000000
vt 0.005823 -2.432686 0.000000
vt 0.002912 -2.538916 0.000000
vt 0.005823 -2.538916 0.000000
vt -0.355888 -0.422617 0.000000
vt -0.341472 -0.322352 0.000000
vt -0.299392 -0.230209 0.000000
vt -0.233057 -0.153655 0.000000
vt -0.147841 -0.098890 0.000000
vt -0.050648 -0.070351 0.000000
vt 0.050648 -0.070351 0.000000
vt 0.147841 -0.098890 0.000000
vt 0.233057 -0.153655 0.000000
vt 0.299392 -0.230209 0.000000
vt 0.341472 -0.322352 0.000000
vt 0.355888 -0.422617 0.000000
vt 0.417056 -0.422617 0.000000
vt 0.402845 -0.314675 0.000000
vt 0.361181 -0.214089 0.000000
vt 0.294903 -0.127714 0.000000
vt 0.208528 -0.061436 0.000000
vt 0.107942 -0.019772 0.000000
vt 0.000000 -0.005561 0.000000
vt -0.107942 -0.019772 0.000000
vt -0.208528 -0.061436 0.000000
vt -0.294903 -0.127714 0.000000
vt -0.361181 -0.214089 0.000000
vt -0.402845 -0.314675 0.000000
vt -0.417056 -0.422617 0.000000
vt -0.000000 -0.839240 0.000000
vt -0.000056 -0.839254 0.000000
vt -0.000142 -0.839327 0.000000
vt -0.000237 -0.839485 0.000000
vt -0.000403 -0.839950 0.000000
vt -0.000692 -0.841329 0.000000
vt -0.001128 -0.844794 0.000000
vt -0.001606 -0.850570 0.000000
vt -0.002500 -0.867006 0.000000
vt -0.004228 -0.917681 0.000000
vt -0.005718 -0.984248 0.000000
vt -0.006831 -1.052110 0.000000
vt -0.007664 -1.120015 0.000000
vt -0.008258 -1.187779 0.000000
vt -0.008616 -1.255330 0.000000
vt -0.008735 -1.322573 0.000000
vt -0.008735 -1.432787 0.000000
vt -0.008735 -1.543001 0.000000
vt -0.008735 -1.653216 0.000000
vt -0.008735 -1.763430 0.000000
vt -0.008735 -1.873645 0.000000
vt -0.008735 -1.983859 0.000000
vt -0.008735 -2.094073 0.000000
vt -0.008735 -2.204288 0.000000
vt -0.008735 -2.314502 0.000000
vt -0.008735 -2.424716 0.000000
vt -0.008735 -2.534931 0.000000
vt -0.008735 -2.645145 0.000000
vt -0.005823 -2.645145 0.000000
vt -0.002912 -2.645145 0.000000
vt -0.000000 -2.645145 0.000000
vt -0.000000 -2.538916 0.000000
vt -0.000000 -2.432686 0.000000
vt -0.000000 -2.326456 0.000000
vt -0.000000 -2.220226 0.000000
vt -0.000000 -2.113997 0.000000
vt -0.000000 -2.007767 0.000000
vt -0.000000 -1.901537 0.000000
vt -0.000000 -1.795307 0.000000
vt -0.000000 -1.689078 0.000000
vt -0.000000 -1.582848 0.000000
vt -0.000000 -1.476618 0.000000
vt -0.000000 -1.370388 0.000000
vt -0.000000 -1.264159 0.000000
vt -0.000000 -1.157929 0.000000
vt -0.000000 -1.051699 0.000000
vt -0.000000 -0.945469 0.000000
vt -0.002912 -0.945469 0.000000
vt -0.005823 -1.052050 0.000000
vt -0.002912 -1.051874 0.000000
vt -0.005823 -1.157929 0.000000
vt -0.002912 -1.157929 0.000000
vt -0.005823 -1.264159 0.000000
vt -0.002912 -1.264159 0.000000
vt -0.005823 -1.370388 0.000000
vt -0.002912 -1.370388 0.000000
vt -0.005823 -1.476618 0.000000
vt -0.002912 -1.476618 0.000000
vt -0.005823 -1.582848 0.000000
vt -0.002912 -1.582848 0.000000
vt -0.005823 -1.689078 0.000000
vt -0.002912 -1.689078 0.000000
vt -0.005823 -1.795307 0.000000
vt -0.002912 -1.795307 0.000000
vt -0.005823 -1.901537 0.000000
vt -0.002912 -1.901537 0.000000
vt -0.005823 -2.007767 0.000000
vt -0.002912 -2.007767 0.000000
vt -0.005823 -2.113997 0.000000
vt -0.002912 -2.113997 0.000000
vt -0.005823 -2.220226 0.000000
vt -0.002912 -2.220226 0.000000
vt -0.005823 -2.326456 0.000000
vt -0.002912 -2.326456 0.000000
vt -0.005823 -2.432686 0.000000
vt -0.002912 -2.432686 0.000000
vt -0.005823 -2.538916 0.000000
vt -0.002912 -2.538916 0.000000
vt 0.050047 1.149048 0.000000
vt -0.050047 1.149048 0.000000
vt -0.050047 1.042407 0.000000
vt -0.050047 0.935766 0.000000
vt -0.050047 0.829125 0.000000
vt -0.050047 0.722485 0.000000
vt -0.050047 0.615844 0.000000
vt -0.050047 0.509203 0.000000
vt -0.050047 0.402563 0.000000
vt -0.050047 0.295922 0.000000
vt -0.050047 0.189281 0.000000
vt -0.050047 0.082640 0.000000
vt -0.050047 -0.024000 0.000000
vt -0.050047 -0.130641 0.000000
vt -0.050047 -0.237282 0.000000
vt -0.050047 -0.343923 0.000000
vt -0.050047 -0.450563 0.000000
vt -0.050047 -0.557204 0.000000
vt -0.050047 -0.663845 0.000000
vt 0.050047 -0.663845 0.000000
vt 0.050047 -0.557204 0.000000
vt 0.050047 -0.450563 0.000000
vt 0.050047 -0.343923 0.000000
vt 0.050047 -0.237282 0.000000
vt 0.050047 -0.130641 0.000000
vt 0.050047 -0.024000 0.000000
vt 0.050047 0.082640 0.000000
vt 0.050047 0.189281 0.000000
vt 0.050047 0.295922 0.000000
vt 0.050047 0.402563 0.000000
vt 0.050047 0.509203 0.000000
vt 0.050047 0.615844 0.000000
vt 0.050047 0.722485 0.000000
vt 0.050047 0.829125 0.000000
vt 0.050047 0.935766 0.000000
vt 0.050047 1.042407 0.000000
vt 0.008735 -1.322573 0.000000
vt 0.008619 -1.256406 0.000000
vt 0.008278 -1.190634 0.000000
vt 0.007719 -1.125367 0.000000
vt 0.006942 -1.060399 0.000000
vt 0.005947 -0.995911 0.000000
vt 0.004616 -0.932003 0.000000
vt 0.002693 -0.871053 0.000000
vt 0.001583 -0.850239 0.000000
vt 0.001003 -0.843638 0.000000
vt 0.000656 -0.841119 0.000000
vt 0.000410 -0.839975 0.000000
vt 0.000257 -0.839529 0.000000
vt 0.000157 -0.839347 0.000000
vt 0.000057 -0.839254 0.000000
vt -0.000000 -0.839240 0.000000
vt -0.000000 -0.945469 0.000000
vt -0.000000 -1.051699 0.000000
vt -0.000000 -1.157929 0.000000
vt -0.000000 -1.264159 0.000000
vt -0.000000 -1.370388 0.000000
vt -0.000000 -1.476618 0.000000
vt -0.000000 -1.582848 0.000000
vt -0.000000 -1.689078 0.000000
vt -0.000000 -1.795307 0.000000
vt -0.000000 -1.901537 0.000000
vt -0.000000 -2.007767 0.000000
vt -0.000000 -2.113997 0.000000
vt -0.000000 -2.220226 0.000000
vt -0.000000 -2.326456 0.000000
vt -0.000000 -2.432686 0.000000
vt -0.000000 -2.538916 0.000000
vt -0.000000 -2.645145 0.000000
vt 0.002912 -2.645145 0.000000
vt 0.005823 -2.645145 0.000000
vt 0.008735 -2.645145 0.000000
vt 0.008735 -2.534931 0.000000
vt 0.008735 -2.424716 0.000000
vt 0.008735 -2.314502 0.000000
vt 0.008735 -2.204288 0.000000
vt 0.008735 -2.094073 0.000000
vt 0.008735 -1.983859 0.000000
vt 0.008735 -1.873645 0.000000
vt 0.008735 -1.763430 0.000000
vt 0.008735 -1.653216 0.000000
vt 0.008735 -1.543001 0.000000
vt 0.008735 -1.432787 0.000000
vt 0.002912 -1.370388 0.000000
vt 0.005823 -1.370388 0.000000
vt 0.005823 -1.264159 0.000000
vt 0.002912 -1.264159 0.000000
vt 0.005823 -1.157929 0.000000
vt 0.002912 -1.157929 0.000000
vt 0.005823 -1.051699 0.000000
vt 0.002912 -1.051699 0.000000
vt 0.002912 -0.945469 0.000000
vt 0.002912 -1.476618 0.000000
vt 0.005823 -1.476618 0.000000
vt 0.002912 -1.582848 0.000000
vt 0.005823 -1.582848 0.000000
vt 0.002912 -1.689078 0.000000
vt 0.005823 -1.689078 0.000000
vt 0.002912 -1.795307 0.000000
vt 0.005823 -1.795307 0.000000
vt 0.002912 -1.901537 0.000000
vt 0.005823 -1.901537 0.000000
vt 0.002912 -2.007767 0.000000
vt 0.005823 -2.007767 0.000000
vt 0.002912 -2.113997 0.000000
vt 0.005823 -2.113997 0.000000
vt 0.002912 -2.220226 0.000000
vt 0.005823 -2.220226 0.000000
vt 0.002912 -2.326456 0.000000
vt 0.005823 -2.326456 0.000000
vt 0.002912 -2.432686 0.000000
vt 0.005823 -2.432686 0.000000
vt 0.002912 -2.538916 0.000000
vt 0.005823 -2.538916 0.000000
vt -0.355888 -0.422617 0.000000
vt -0.341472 -0.322352 0.000000
vt -0.299392 -0.230209 0.000000
vt -0.233057 -0.153655 0.000000
vt -0.147841 -0.098890 0.000000
vt -0.050648 -0.070351 0.000000
vt 0.050648 -0.070351 0.000000
vt 0.147841 -0.098890 0.000000
vt 0.233057 -0.153655 0.000000
vt 0.299392 -0.230209 0.000000
vt 0.341472 -0.322352 0.000000
vt 0.355888 -0.422617 0.000000
vt 0.417056 -0.422617 0.000000
vt 0.402845 -0.314675 0.000000
vt 0.361181 -0.214089 0.000000
vt 0.294903 -0.127714 0.000000
vt 0.208528 -0.061436 0.000000
vt 0.107942 -0.019772 0.000000
vt 0.000000 -0.005561 0.000000
vt -0.107942 -0.019772 0.000000
vt -0.208528 -0.061436 0.000000
vt -0.294903 -0.127714 0.000000
vt -0.361181 -0.214089 0.000000
vt -0.402845 -0.314675 0.000000
vt -0.417056 -0.422617 0.000000
vt 1.141662 -0.524088 0.000000
vt 1.141662 -0.428799 0.000000
vt 1.141662 -0.333511 0.000000
vt 1.141662 -0.238222 0.000000
vt 1.141662 -0.142933 0.000000
vt 1.141662 -0.047644 0.000000
vt 1.141662 0.047644 0.000000
vt 1.141662 0.142933 0.000000
vt 1.141662 0.238222 0.000000
vt 1.141662 0.333511 0.000000
vt 1.141662 0.428799 0.000000
vt 1.141662 0.524088 0.000000
vt -1.163905 0.524088 0.000000
vt -1.163905 0.428799 0.000000
vt -1.163905 0.333511 0.000000
vt -1.163905 0.238222 0.000000
vt -1.163905 0.142933 0.000000
vt -1.163905 0.047644 0.000000
vt -1.163905 -0.047644 0.000000
vt -1.163905 -0.142933 0.000000
vt -1.163905 -0.238222 0.000000
vt -1.163905 -0.333511 0.000000
vt -1.163905 -0.428799 0.000000
vt -1.163905 -0.524088 0.000000
vt -0.333645 -0.333645 0.000000
vt 0.333645 -0.333645 0.000000
vt 0.320130 -0.239646 0.000000
vt 0.280680 -0.153263 0.000000
vt 0.218491 -0.081493 0.000000
vt 0.138601 -0.030151 0.000000
vt 0.047483 -0.003396 0.000000
vt -0.047483 -0.003396 0.000000
vt -0.138601 -0.030151 0.000000
vt -0.218491 -0.081493 0.000000
vt -0.280680 -0.153263 0.000000
vt -0.320130 -0.239646 0.000000
vn 0.000000 0.017800 -0.098403
vn 0.050000 0.015415 -0.085220
vn 0.086603 0.008900 -0.049202
vn 0.100000 0.000000 0.000000
vn 0.095949 0.027723 0.005015
vn 0.084125 0.053201 0.009623
vn 0.065486 0.074368 0.013452
vn 0.041542 0.089511 0.016191
vn 0.014231 0.097402 0.017618
vn -0.014231 0.097402 0.017618
vn -0.041542 0.089511 0.016191
vn -0.065486 0.074368 0.013452
vn -0.084125 0.053201 0.009623
vn -0.095949 0.027723 0.005015
vn -0.100000 0.000000 0.000000
vn -0.086603 0.008900 -0.049202
vn -0.050000 0.015415 -0.085220
vn 0.000000 0.017800 -0.098403
vn 0.000000 0.017800 -0.098403
vn 0.000000 0.017800 -0.098403
vn 0.000000 0.017800 -0.098403
vn 0.000000 0.017800 -0.098403
vn 0.000000 0.017800 -0.098403
vn 0.000000 0.017800 -0.098403
vn 0.000000 0.017800 -0.098403
vn 0.000000 0.017800 -0.098403
vn 0.000000 0.017800 -0.098403
vn 0.000000 0.017800 -0.098403
vn 0.083652 0.030956 -0.045212
vn 0.048296 0.028149 -0.082916
vn 0.075000 0.051510 -0.041494
vn 0.043301 0.040016 -0.080770
vn 0.061237 0.069159 -0.038302
vn 0.035355 0.050206 -0.078927
vn 0.043301 0.082702 -0.035852
vn 0.025000 0.058025 -0.077512
vn 0.022414 0.091216 -0.034312
vn 0.012941 0.062940 -0.076623
vn 0.000000 0.094119 -0.033787
vn 0.000000 0.064616 -0.076320
vn -0.022414 0.091216 -0.034312
vn -0.012941 0.062940 -0.076623
vn -0.043301 0.082702 -0.035852
vn -0.025000 0.058025 -0.077512
vn -0.061237 0.069159 -0.038302
vn -0.035355 0.050206 -0.078927
vn -0.075000 0.051510 -0.041494
vn -0.043301 0.040016 -0.080770
vn -0.083652 0.030956 -0.045212
vn -0.048296 0.028149 -0.082916
vn -0.100000 0.000000 0.000000
vn -0.095949 0.027723 0.005015
vn -0.084125 0.053201 0.009623
vn -0.065486 0.074368 0.013452
vn -0.041542 0.089511 0.016191
vn -0.014231 0.097402 0.017618
vn 0.014231 0.097402 0.017618
vn 0.041542 0.089511 0.016191
vn 0.065486 0.074368 0.013452
vn 0.084125 0.053201 0.009623
vn 0.095949 0.027723 0.005015
vn 0.100000 0.000000 0.000000
vn 0.100000 0.000000 0.000000
vn 0.095949 0.027723 0.005015
vn 0.084125 0.053201 0.009623
vn 0.065486 0.074368 0.013452
vn 0.041542 0.089511 0.016191
vn 0.014231 0.097402 0.017618
vn -0.014231 0.097402 0.017618
vn -0.041542 0.089511 0.016191
vn -0.065486 0.074368 0.013452
vn -0.084125 0.053201 0.009623
vn -0.095949 0.027723 0.005015
vn -0.100000 0.000000 0.000000
vn 0.100000 0.000000 0.000000
vn 0.086603 -0.008900 0.049202
vn 0.050000 -0.015415 0.085220
vn 0.000000 -0.017800 0.098403
vn 0.000000 -0.017800 0.098403
vn 0.000000 -0.017800 0.098403
vn 0.000000 -0.017800 0.098403
vn 0.000000 -0.017800 0.098403
vn 0.000000 -0.017800 0.098403
vn 0.000000 -0.017800 0.098403
vn 0.000000 -0.017800 0.098403
vn 0.000000 -0.017800 0.098403
vn 0.000000 -0.017800 0.098403
vn 0.000000 -0.017800 0.098403
vn 0.000000 -0.017800 0.098403
vn -0.050000 -0.015415 0.085220
vn -0.086603 -0.008900 0.049202
vn -0.100000 0.000000 0.000000
vn -0.095949 0.027723 0.005015
vn -0.084125 0.053201 0.009623
vn -0.065486 0.074368 0.013452
vn -0.041542 0.089511 0.016191
vn -0.014231 0.097402 0.017618
vn 0.014231 0.097402 0.017618
vn 0.041542 0.089511 0.016191
vn 0.065486 0.074368 0.013452
vn 0.084125 0.053201 0.009623
vn 0.095949 0.027723 0.005015
vn 0.048296 -0.002681 0.087523
vn 0.083652 0.013157 0.053191
vn 0.043301 0.009186 0.089669
vn 0.075000 0.033710 0.056909
vn 0.035355 0.019376 0.091513
vn 0.061237 0.051360 0.060102
vn 0.025000 0.027195 0.092927
vn 0.043301 0.064903 0.062551
vn 0.012941 0.032110 0.093816
vn 0.022414 0.073416 0.064091
vn 0.000000 0.033787 0.094119
vn 0.000000 0.076320 0.064616
vn -0.012941 0.032110 0.093816
vn -0.022414 0.073416 0.064091
vn -0.025000 0.027195 0.092927
vn -0.043301 0.064903 0.062551
vn -0.035355 0.019376 0.091513
vn -0.061237 0.051360 0.060102
vn -0.043301 0.009186 0.089669
vn -0.075000 0.033710 0.056909
vn -0.048296 -0.002681 0.087523
vn -0.083652 0.013157 0.053191
vn 0.000000 -0.017800 0.098403
vn 0.000000 -0.017800 0.098403
vn 0.000000 -0.017800 0.098403
vn 0.000000 -0.017800 0.098403
vn 0.000000 -0.017800 0.098403
vn 0.000000 -0.017800 0.098403
vn 0.000000 -0.017800 0.098403
vn 0.000000 -0.017800 0.098403
vn 0.000000 -0.017800 0.098403
vn 0.000000 -0.017800 0.098403
vn 0.000000 -0.017800 0.098403
vn 0.000000 -0.017800 0.098403
vn 0.000000 -0.017800 0.098403
vn 0.000000 -0.017800 0.098403
vn 0.000000 -0.017800 0.098403
vn 0.000000 -0.017800 0.098403
vn 0.000000 -0.017800 0.098403
vn 0.000000 -0.017800 0.098403
vn 0.000000 -0.017800 0.098403
vn 0.000000 -0.017800 0.098403
vn 0.000000 -0.017800 0.098403
vn 0.000000 -0.017800 0.098403
vn 0.000000 -0.017800 0.098403
vn 0.000000 -0.017800 0.098403
vn 0.000000 -0.017800 0.098403
vn 0.000000 0.017800 -0.098403
vn 0.050000 0.015415 -0.085220
vn 0.086603 0.008900 -0.049202
vn 0.100000 0.000000 0.000000
vn 0.095949 0.027723 0.005015
vn 0.084125 0.053201 0.009623
vn 0.065486 0.074368 0.013452
vn 0.041542 0.089511 0.016191
vn 0.014231 0.097402 0.017618
vn -0.014231 0.097402 0.017618
vn -0.041542 0.089511 0.016191
vn -0.065486 0.074368 0.013452
vn -0.084125 0.053201 0.009623
vn -0.095949 0.027723 0.005015
vn -0.100000 0.000000 0.000000
vn -0.086603 0.008900 -0.049202
vn -0.050000 0.015415 -0.085220
vn 0.000000 0.017800 -0.098403
vn 0.000000 0.017800 -0.098403
vn 0.000000 0.017800 -0.098403
vn 0.000000 0.017800 -0.098403
vn 0.000000 0.017800 -0.098403
vn 0.000000 0.017800 -0.098403
vn 0.000000 0.017800 -0.098403
vn 0.000000 0.017800 -0.098403
vn 0.000000 0.017800 -0.098403
vn 0.000000 0.017800 -0.098403
vn 0.000000 0.017800 -0.098403
vn 0.083652 0.030956 -0.045212
vn 0.048296 0.028149 -0.082916
vn 0.075000 0.051510 -0.041494
vn 0.043301 0.040016 -0.080770
vn 0.061237 0.069159 -0.038302
vn 0.035355 0.050206 -0.078927
vn 0.043301 0.082702 -0.035852
vn 0.025000 0.058025 -0.077512
vn 0.022414 0.091216 -0.034312
vn 0.012941 0.062940 -0.076623
vn 0.000000 0.094119 -0.033787
vn 0.000000 0.064616 -0.076320
vn -0.022414 0.091216 -0.034312
vn -0.012941 0.062940 -0.076623
vn -0.043301 0.082702 -0.035852
vn -0.025000 0.058025 -0.077512
vn -0.061237 0.069159 -0.038302
vn -0.035355 0.050206 -0.078927
vn -0.075000 0.051510 -0.041494
vn -0.043301 0.040016 -0.080770
vn -0.083652 0.030956 -0.045212
vn -0.048296 0.028149 -0.082916
vn 0.100000 0.000000 0.000000
vn 0.095949 0.027723 0.005015
vn 0.084125 0.053201 0.009623
vn 0.065486 0.074368 0.013452
vn 0.041542 0.089511 0.016191
vn 0.014231 0.097402 0.017618
vn -0.014231 0.097402 0.017618
vn -0.041542 0.089511 0.016191
vn -0.065486 0.074368 0.013452
vn -0.084125 0.053201 0.009623
vn -0.095949 0.027723 0.005015
vn -0.100000 0.000000 0.000000
vn -0.100000 0.000000 0.000000
vn -0.095949 0.027723 0.005015
vn -0.084125 0.053201 0.009623
vn -0.065486 0.074368 0.013452
vn -0.041542 0.089511 0.016191
vn -0.014231 0.097402 0.017618
vn 0.014231 0.097402 0.017618
vn 0.041542 0.089511 0.016191
vn 0.065486 0.074368 0.013452
vn 0.084125 0.053201 0.009623
vn 0.095949 0.027723 0.005015
vn 0.100000 0.000000 0.000000
vn 0.100000 0.000000 0.000000
vn 0.086603 -0.008900 0.049202
vn 0.050000 -0.015415 0.085220
vn 0.000000 -0.017800 0.098403
vn 0.000000 -0.017800 0.098403
vn 0.000000 -0.017800 0.098403
vn 0.000000 -0.017800 0.098403
vn 0.000000 -0.017800 0.098403
vn 0.000000 -0.017800 0.098403
vn 0.000000 -0.017800 0.098403
vn 0.000000 -0.017800 0.098403
vn 0.000000 -0.017800 0.098403
vn 0.000000 -0.017800 0.098403
vn 0.000000 -0.017800 0.098403
vn 0.000000 -0.017800 0.098403
vn -0.050000 -0.015415 0.085220
vn -0.086603 -0.008900 0.049202
vn -0.100000 0.000000 0.000000
vn -0.095949 0.027723 0.005015
vn -0.084125 0.053201 0.009623
vn -0.065486 0.074368 0.013452
vn -0.041542 0.089511 0.016191
vn -0.014231 0.097402 0.017618
vn 0.014231 0.097402 0.017618
vn 0.041542 0.089511 0.016191
vn 0.065486 0.074368 0.013452
vn 0.084125 0.053201 0.009623
vn 0.095949 0.027723 0.005015
vn 0.048296 -0.002681 0.087523
vn 0.083652 0.013157 0.053191
vn 0.043301 0.009186 0.089669
vn 0.075000 0.033710 0.056909
vn 0.035355 0.019376 0.091513
vn 0.061237 0.051360 0.060102
vn 0.025000 0.027195 0.092927
vn 0.043301 0.064903 0.062551
vn 0.012941 0.032110 0.093816
vn 0.022414 0.073416 0.064091
vn 0.000000 0.033787 0.094119
vn 0.000000 0.076320 0.064616
vn -0.012941 0.032110 0.093816
vn -0.022414 0.073416 0.064091
vn -0.025000 0.027195 0.092927
vn -0.043301 0.064903 0.062551
vn -0.035355 0.019376 0.091513
vn -0.061237 0.051360 0.060102
vn -0.043301 0.009186 0.089669
vn -0.075000 0.033710 0.056909
vn -0.048296 -0.002681 0.087523
vn -0.083652 0.013157 0.053191
vn 0.000000 -0.017800 0.098403
vn 0.000000 -0.017800 0.098403
vn 0.000000 -0.017800 0.098403
vn 0.000000 -0.017800 0.098403
vn 0.000000 -0.017800 0.098403
vn 0.000000 -0.017800 0.098403
vn 0.000000 -0.017800 0.098403
vn 0.000000 -0.017800 0.098403
vn 0.000000 -0.017800 0.098403
vn 0.000000 -0.017800 0.098403
vn 0.000000 -0.017800 0.098403
vn 0.000000 -0.017800 0.098403
vn 0.000000 -0.017800 0.098403
vn 0.000000 -0.017800 0.098403
vn 0.000000 -0.017800 0.098403
vn 0.000000 -0.017800 0.098403
vn 0.000000 -0.017800 0.098403
vn 0.000000 -0.017800 0.098403
vn 0.000000 -0.017800 0.098403
vn 0.000000 -0.017800 0.098403
vn 0.000000 -0.017800 0.098403
vn 0.000000 -0.017800 0.098403
vn 0.000000 -0.017800 0.098403
vn 0.000000 -0.017800 0.098403
vn 0.000000 -0.017800 0.098403
vn 0.100000 0.000000 0.000000
vn 0.098783 0.015304 0.002768
vn 0.095138 0.030311 0.005483
vn 0.089123 0.044632 0.008073
vn 0.080862 0.057894 0.010472
vn 0.070563 0.069726 0.012612
vn 0.058708 0.079660 0.014409
vn 0.048686 0.085953 0.015548
vn 0.045275 0.087740 0.015871
vn 0.044059 0.088337 0.015979
vn 0.043326 0.088688 0.016042
vn 0.043033 0.088826 0.016067
vn 0.042934 0.088872 0.016076
vn 0.042901 0.088888 0.016078
vn 0.042885 0.088895 0.016080
vn 0.042882 0.088896 0.016080
vn 0.042882 0.088896 0.016080
vn 0.042885 0.088895 0.016080
vn 0.042905 0.088886 0.016078
vn 0.042943 0.088868 0.016075
vn 0.043038 0.088823 0.016067
vn 0.043281 0.088709 0.016046
vn 0.043815 0.088455 0.016000
vn 0.045205 0.087775 0.015877
vn 0.049514 0.085494 0.015464
vn 0.061392 0.077676 0.014050
vn 0.072469 0.067807 0.012265
vn 0.081984 0.056345 0.010192
vn 0.089681 0.043536 0.007875
vn 0.095340 0.029689 0.005370
vn 0.098822 0.015061 0.002724
vn 0.100000 0.000000 0.000000
vn 0.100000 0.000000 0.000000
vn 0.098783 0.015304 0.002768
vn 0.095138 0.030311 0.005483
vn 0.089123 0.044632 0.008073
vn 0.080862 0.057894 0.010472
vn 0.070563 0.069726 0.012612
vn 0.058708 0.079660 0.014409
vn 0.048686 0.085953 0.015548
vn 0.045275 0.087740 0.015871
vn 0.044059 0.088337 0.015979
vn 0.043326 0.088688 0.016042
vn 0.043033 0.088826 0.016067
vn 0.042934 0.088872 0.016076
vn 0.042901 0.088888 0.016078
vn 0.042885 0.088895 0.016080
vn 0.042882 0.088896 0.016080
vn 0.042882 0.088896 0.016080
vn 0.042885 0.088895 0.016080
vn 0.042905 0.088886 0.016078
vn 0.042943 0.088868 0.016075
vn 0.043038 0.088823 0.016067
vn 0.043281 0.088709 0.016046
vn 0.043815 0.088455 0.016000
vn 0.045205 0.087775 0.015877
vn 0.049514 0.085494 0.015464
vn 0.061392 0.077676 0.014050
vn 0.072469 0.067807 0.012265
vn 0.081984 0.056345 0.010192
vn 0.089681 0.043536 0.007875
vn 0.095340 0.029689 0.005370
vn 0.098822 0.015061 0.002724
vn 0.100000 0.000000 0.000000
vn 0.000000 -0.098403 -0.017800
vn 0.000000 -0.098403 -0.017800
vn 0.000000 -0.098403 -0.017800
vn 0.000000 -0.098403 -0.017800
vn 0.000000 -0.098403 -0.017800
vn 0.000000 -0.098403 -0.017800
vn 0.000000 -0.098403 -0.017800
vn 0.000000 -0.098403 -0.017800
vn 0.000000 -0.098403 -0.017800
vn 0.000000 -0.098403 -0.017800
vn 0.000000 -0.098403 -0.017800
vn 0.000000 -0.098403 -0.017800
vn 0.000000 -0.098403 -0.017800
vn 0.000000 -0.098403 -0.017800
vn 0.000000 -0.098403 -0.017800
vn 0.000000 -0.098403 -0.017800
vn 0.000000 -0.098403 -0.017800
vn 0.000000 -0.098403 -0.017800
vn 0.000000 -0.098403 -0.017800
vn 0.000000 -0.098403 -0.017800
vn 0.000000 -0.098403 -0.017800
vn 0.000000 -0.098403 -0.017800
vn 0.000000 -0.098403 -0.017800
vn 0.000000 -0.098403 -0.017800
vn 0.000000 -0.098403 -0.017800
vn 0.000000 -0.098403 -0.017800
vn 0.000000 -0.098403 -0.017800
vn 0.000000 -0.098403 -0.017800
vn 0.000000 -0.098403 -0.017800
vn 0.000000 -0.098403 -0.017800
vn 0.000000 -0.098403 -0.017800
vn 0.000000 -0.098403 -0.017800
vn 0.000000 -0.098403 -0.017800
vn 0.000000 -0.098403 -0.017800
vn 0.000000 -0.098403 -0.017800
vn 0.000000 -0.098403 -0.017800
vn 0.000000 -0.098403 -0.017800
vn 0.000000 -0.098403 -0.017800
vn 0.000000 -0.098403 -0.017800
vn 0.000000 -0.098403 -0.017800
vn 0.000000 -0.098403 -0.017800
vn 0.000000 -0.098403 -0.017800
vn 0.000000 -0.098403 -0.017800
vn 0.000000 -0.098403 -0.017800
vn 0.000000 -0.098403 -0.017800
vn 0.000000 -0.098403 -0.017800
vn 0.000000 -0.098403 -0.017800
vn 0.000000 -0.098403 -0.017800
vn 0.000000 -0.098403 -0.017800
vn 0.000000 -0.098403 -0.017800
vn 0.000000 -0.098403 -0.017800
vn 0.000000 -0.098403 -0.017800
vn 0.000000 -0.098403 -0.017800
vn 0.000000 -0.098403 -0.017800
vn 0.000000 -0.098403 -0.017800
vn 0.000000 -0.098403 -0.017800
vn 0.000000 -0.017800 0.098403
vn 0.000000 -0.017800 0.098403
vn 0.000000 -0.017800 0.098403
vn 0.000000 -0.017800 0.098403
vn 0.000000 -0.017800 0.098403
vn 0.000000 -0.017800 0.098403
vn 0.000000 -0.017800 0.098403
vn 0.000000 -0.017800 0.098403
vn 0.000000 -0.017800 0.098403
vn 0.000000 -0.017800 0.098403
vn 0.000000 -0.017800 0.098403
vn 0.000000 -0.017800 0.098403
vn -0.041023 -0.089742 -0.016233
vn -0.041024 -0.089917 -0.015233
vn -0.041028 -0.090158 -0.013719
vn -0.041039 -0.090395 -0.012023
vn -0.041069 -0.090727 -0.009051
vn -0.041154 -0.091058 -0.003853
vn -0.041357 -0.090959 0.004019
vn -0.041661 -0.090022 0.012665
vn -0.042279 -0.085987 0.028612
vn -0.041455 -0.070752 0.057233
vn -0.035838 -0.051820 0.077655
vn -0.026885 -0.036564 0.089108
vn -0.016972 -0.026190 0.095005
vn -0.008128 -0.020386 0.097562
vn -0.002117 -0.018131 0.098320
vn 0.000000 -0.017800 0.098403
vn 0.000000 -0.017800 0.098403
vn 0.000000 -0.017800 0.098403
vn 0.000000 -0.017800 0.098403
vn 0.000000 -0.017800 0.098403
vn 0.000000 -0.017800 0.098403
vn 0.000000 -0.017800 0.098403
vn 0.000000 -0.017800 0.098403
vn 0.000000 -0.017800 0.098403
vn 0.000000 -0.017800 0.098403
vn 0.000000 -0.017800 0.098403
vn 0.000000 -0.017800 0.098403
vn 0.000000 -0.017800 0.098403
vn 0.050000 -0.015415 0.085220
vn 0.086603 -0.008900 0.049202
vn 0.100000 0.000000 0.000000
vn 0.096833 0.024568 0.004444
vn 0.087533 0.047580 0.008606
vn 0.072690 0.067578 0.012224
vn 0.053242 0.083296 0.015067
vn 0.030422 0.093739 0.016956
vn 0.005676 0.098245 0.017771
vn -0.019430 0.096528 0.017460
vn -0.043305 0.088697 0.016044
vn -0.064438 0.075249 0.013611
vn -0.081489 0.057035 0.010317
vn -0.093380 0.035209 0.006369
vn -0.099356 0.011153 0.002017
vn -0.099039 -0.013610 -0.002462
vn -0.092449 -0.037511 -0.006785
vn -0.080005 -0.059036 -0.010679
vn -0.062493 -0.076822 -0.013896
vn -0.054120 -0.075429 0.037167
vn -0.040027 -0.044900 0.079886
vn -0.069308 -0.059998 0.039959
vn -0.046225 -0.034170 0.081827
vn -0.080064 -0.041385 0.043326
vn -0.049519 -0.022220 0.083989
vn -0.085770 -0.020686 0.047070
vn -0.049678 -0.009839 0.086228
vn -0.086045 0.000759 0.050949
vn -0.046690 0.002190 0.088404
vn -0.080869 0.021592 0.054717
vn -0.040745 0.013103 0.090378
vn -0.070572 0.040494 0.058136
vn -0.032219 0.022210 0.092025
vn -0.055805 0.056268 0.060989
vn -0.021653 0.028934 0.093242
vn -0.037504 0.067914 0.063096
vn -0.009715 0.032849 0.093950
vn -0.016827 0.074696 0.064323
vn 0.002838 0.033707 0.094105
vn 0.004916 0.076182 0.064592
vn 0.015211 0.031455 0.093698
vn 0.026347 0.072280 0.063886
vn 0.026621 0.026233 0.092753
vn 0.046109 0.063237 0.062250
vn 0.036345 0.018374 0.091331
vn 0.062951 0.049624 0.059788
vn 0.043767 0.008375 0.089523
vn 0.075806 0.032305 0.056655
vn 0.048417 -0.003131 0.087442
vn 0.083860 0.012377 0.053050
vn -0.041023 -0.089742 -0.016233
vn -0.041023 -0.089742 -0.016233
vn -0.062493 -0.076822 -0.013896
vn -0.080005 -0.059036 -0.010679
vn -0.092449 -0.037511 -0.006785
vn -0.099039 -0.013610 -0.002462
vn -0.099356 0.011153 0.002017
vn -0.093380 0.035209 0.006369
vn -0.081489 0.057035 0.010317
vn -0.064438 0.075249 0.013611
vn -0.043305 0.088697 0.016044
vn -0.019430 0.096528 0.017460
vn 0.005676 0.098245 0.017771
vn 0.030422 0.093739 0.016956
vn 0.053242 0.083296 0.015067
vn 0.072690 0.067578 0.012224
vn 0.087533 0.047580 0.008606
vn 0.096833 0.024568 0.004444
vn 0.100000 0.000000 0.000000
vn 0.100000 0.000000 0.000000
vn 0.096833 0.024568 0.004444
vn 0.087533 0.047580 0.008606
vn 0.072690 0.067578 0.012224
vn 0.053242 0.083296 0.015067
vn 0.030422 0.093739 0.016956
vn 0.005676 0.098245 0.017771
vn -0.019430 0.096528 0.017460
vn -0.043305 0.088697 0.016044
vn -0.064438 0.075249 0.013611
vn -0.081489 0.057035 0.010317
vn -0.093380 0.035209 0.006369
vn -0.099356 0.011153 0.002017
vn -0.099039 -0.013610 -0.002462
vn -0.092449 -0.037511 -0.006785
vn -0.080005 -0.059036 -0.010679
vn -0.062493 -0.076822 -0.013896
vn 0.000000 0.017800 -0.098403
vn -0.002051 0.017476 -0.098440
vn -0.007809 0.015249 -0.098521
vn -0.016202 0.009436 -0.098227
vn -0.025736 -0.001303 -0.096623
vn -0.034308 -0.017519 -0.092283
vn -0.040464 -0.040005 -0.082233
vn -0.042295 -0.068211 -0.059653
vn -0.041646 -0.080092 -0.043023
vn -0.041293 -0.084674 -0.033545
vn -0.041142 -0.086845 -0.027663
vn -0.041070 -0.088116 -0.023427
vn -0.041041 -0.088796 -0.020757
vn -0.041030 -0.089194 -0.018999
vn -0.041024 -0.089554 -0.017236
vn -0.041023 -0.089742 -0.016233
vn -0.062493 -0.076822 -0.013896
vn -0.080005 -0.059036 -0.010679
vn -0.092449 -0.037511 -0.006785
vn -0.099039 -0.013610 -0.002462
vn -0.099356 0.011153 0.002017
vn -0.093380 0.035209 0.006369
vn -0.081489 0.057035 0.010317
vn -0.064438 0.075249 0.013611
vn -0.043305 0.088697 0.016044
vn -0.019430 0.096528 0.017460
vn 0.005676 0.098245 0.017771
vn 0.030422 0.093739 0.016956
vn 0.053242 0.083296 0.015067
vn 0.072690 0.067578 0.012224
vn 0.087533 0.047580 0.008606
vn 0.096833 0.024568 0.004444
vn 0.100000 0.000000 0.000000
vn 0.086603 0.008900 -0.049202
vn 0.050000 0.015415 -0.085220
vn 0.000000 0.017800 -0.098403
vn 0.000000 0.017800 -0.098403
vn 0.000000 0.017800 -0.098403
vn 0.000000 0.017800 -0.098403
vn 0.000000 0.017800 -0.098403
vn 0.000000 0.017800 -0.098403
vn 0.000000 0.017800 -0.098403
vn 0.000000 0.017800 -0.098403
vn 0.000000 0.017800 -0.098403
vn 0.000000 0.017800 -0.098403
vn 0.000000 0.017800 -0.098403
vn 0.000000 0.017800 -0.098403
vn -0.086045 0.018558 -0.047455
vn -0.049678 0.020991 -0.084211
vn -0.049519 0.008610 -0.086451
vn -0.085770 -0.002887 -0.051334
vn -0.046225 -0.003341 -0.088612
vn -0.080064 -0.023586 -0.055078
vn -0.040002 -0.014103 -0.090559
vn -0.069286 -0.042227 -0.058450
vn -0.054120 -0.057630 -0.061236
vn -0.080869 0.039392 -0.043686
vn -0.046690 0.033019 -0.082035
vn -0.070572 0.058294 -0.040267
vn -0.040745 0.043932 -0.080061
vn -0.055805 0.074068 -0.037414
vn -0.032219 0.053040 -0.078414
vn -0.037504 0.085714 -0.035307
vn -0.021653 0.059764 -0.077198
vn -0.016827 0.092495 -0.034081
vn -0.009715 0.063679 -0.076489
vn 0.004916 0.093982 -0.033812
vn 0.002838 0.064537 -0.076334
vn 0.026347 0.090080 -0.034517
vn 0.015211 0.062284 -0.076742
vn 0.046109 0.081036 -0.036153
vn 0.026621 0.057063 -0.077686
vn 0.062951 0.067424 -0.038615
vn 0.036345 0.049204 -0.079108
vn 0.075806 0.050105 -0.041748
vn 0.043767 0.039205 -0.080916
vn 0.083860 0.030176 -0.045353
vn 0.048417 0.027699 -0.082998
vn 0.000000 0.017800 -0.098403
vn 0.000000 0.017800 -0.098403
vn 0.000000 0.017800 -0.098403
vn 0.000000 0.017800 -0.098403
vn 0.000000 0.017800 -0.098403
vn 0.000000 0.017800 -0.098403
vn 0.000000 0.017800 -0.098403
vn 0.000000 0.017800 -0.098403
vn 0.000000 0.017800 -0.098403
vn 0.000000 0.017800 -0.098403
vn 0.000000 0.017800 -0.098403
vn 0.000000 0.017800 -0.098403
vn 0.000000 0.017800 -0.098403
vn 0.000000 0.017800 -0.098403
vn 0.000000 0.017800 -0.098403
vn 0.000000 0.017800 -0.098403
vn 0.000000 0.017800 -0.098403
vn 0.000000 0.017800 -0.098403
vn 0.000000 0.017800 -0.098403
vn 0.000000 0.017800 -0.098403
vn 0.000000 0.017800 -0.098403
vn 0.000000 0.017800 -0.098403
vn 0.000000 0.017800 -0.098403
vn 0.000000 0.017800 -0.098403
vn 0.000000 0.017800 -0.098403
vn -0.041023 -0.089742 -0.016233
vn -0.041024 -0.089917 -0.015233
vn -0.041028 -0.090158 -0.013719
vn -0.041039 -0.090395 -0.012023
vn -0.041069 -0.090727 -0.009051
vn -0.041154 -0.091058 -0.003853
vn -0.041357 -0.090959 0.004019
vn -0.041661 -0.090022 0.012665
vn -0.042279 -0.085987 0.028612
vn -0.041455 -0.070752 0.057233
vn -0.035838 -0.051820 0.077655
vn -0.026885 -0.036564 0.089108
vn -0.016972 -0.026190 0.095005
vn -0.008128 -0.020386 0.097562
vn -0.002117 -0.018131 0.098320
vn 0.000000 -0.017800 0.098403
vn 0.000000 -0.017800 0.098403
vn 0.000000 -0.017800 0.098403
vn 0.000000 -0.017800 0.098403
vn 0.000000 -0.017800 0.098403
vn 0.000000 -0.017800 0.098403
vn 0.000000 -0.017800 0.098403
vn 0.000000 -0.017800 0.098403
vn 0.000000 -0.017800 0.098403
vn 0.000000 -0.017800 0.098403
vn 0.000000 -0.017800 0.098403
vn 0.000000 -0.017800 0.098403
vn 0.000000 -0.017800 0.098403
vn 0.050000 -0.015415 0.085220
vn 0.086603 -0.008900 0.049202
vn 0.100000 0.000000 0.000000
vn 0.096833 0.024568 0.004444
vn 0.087533 0.047580 0.008606
vn 0.072690 0.067578 0.012224
vn 0.053242 0.083296 0.015067
vn 0.030422 0.093739 0.016956
vn 0.005676 0.098245 0.017771
vn -0.019430 0.096528 0.017460
vn -0.043305 0.088697 0.016044
vn -0.064438 0.075249 0.013611
vn -0.081489 0.057035 0.010317
vn -0.093380 0.035209 0.006369
vn -0.099356 0.011153 0.002017
vn -0.099039 -0.013610 -0.002462
vn -0.092449 -0.037511 -0.006785
vn -0.080005 -0.059036 -0.010679
vn -0.062493 -0.076822 -0.013896
vn -0.054120 -0.075429 0.037167
vn -0.040027 -0.044900 0.079886
vn -0.069308 -0.059998 0.039959
vn -0.046225 -0.034170 0.081827
vn -0.080064 -0.041385 0.043326
vn -0.049519 -0.022220 0.083989
vn -0.085770 -0.020686 0.047070
vn -0.049678 -0.009839 0.086228
vn -0.086045 0.000759 0.050949
vn -0.046690 0.002190 0.088404
vn -0.080869 0.021592 0.054717
vn -0.040745 0.013103 0.090378
vn -0.070572 0.040494 0.058136
vn -0.032219 0.022210 0.092025
vn -0.055805 0.056268 0.060989
vn -0.021653 0.028934 0.093242
vn -0.037504 0.067914 0.063096
vn -0.009715 0.032849 0.093950
vn -0.016827 0.074696 0.064323
vn 0.002838 0.033707 0.094105
vn 0.004916 0.076182 0.064592
vn 0.015211 0.031455 0.093698
vn 0.026347 0.072280 0.063886
vn 0.026621 0.026233 0.092753
vn 0.046109 0.063237 0.062250
vn 0.036345 0.018374 0.091331
vn 0.062951 0.049624 0.059788
vn 0.043767 0.008375 0.089523
vn 0.075806 0.032305 0.056655
vn 0.048417 -0.003131 0.087442
vn 0.083860 0.012377 0.053050
vn -0.041023 -0.089742 -0.016233
vn -0.041023 -0.089742 -0.016233
vn -0.062493 -0.076822 -0.013896
vn -0.080005 -0.059036 -0.010679
vn -0.092449 -0.037511 -0.006785
vn -0.099039 -0.013610 -0.002462
vn -0.099356 0.011153 0.002017
vn -0.093380 0.035209 0.006369
vn -0.081489 0.057035 0.010317
vn -0.064438 0.075249 0.013611
vn -0.043305 0.088697 0.016044
vn -0.019430 0.096528 0.017460
vn 0.005676 0.098245 0.017771
vn 0.030422 0.093739 0.016956
vn 0.053242 0.083296 0.015067
vn 0.072690 0.067578 0.012224
vn 0.087533 0.047580 0.008606
vn 0.096833 0.024568 0.004444
vn 0.100000 0.000000 0.000000
vn 0.100000 0.000000 0.000000
vn 0.096833 0.024568 0.004444
vn 0.087533 0.047580 0.008606
vn 0.072690 0.067578 0.012224
vn 0.053242 0.083296 0.015067
vn 0.030422 0.093739 0.016956
vn 0.005676 0.098245 0.017771
vn -0.019430 0.096528 0.017460
vn -0.043305 0.088697 0.016044
vn -0.064438 0.075249 0.013611
vn -0.081489 0.057035 0.010317
vn -0.093380 0.035209 0.006369
vn -0.099356 0.011153 0.002017
vn -0.099039 -0.013610 -0.002462
vn -0.092449 -0.037511 -0.006785
vn -0.080005 -0.059036 -0.010679
vn -0.062493 -0.076822 -0.013896
vn 0.000000 0.017800 -0.098403
vn -0.002051 0.017476 -0.098440
vn -0.007809 0.015249 -0.098521
vn -0.016202 0.009436 -0.098227
vn -0.025736 -0.001303 -0.096623
vn -0.034308 -0.017519 -0.092283
vn -0.040464 -0.040005 -0.082233
vn -0.042295 -0.068211 -0.059653
vn -0.041646 -0.080092 -0.043023
vn -0.041293 -0.084674 -0.033545
vn -0.041142 -0.086845 -0.027663
vn -0.041070 -0.088116 -0.023427
vn -0.041041 -0.088796 -0.020757
vn -0.041030 -0.089194 -0.018999
vn -0.041024 -0.089554 -0.017236
vn -0.041023 -0.089742 -0.016233
vn -0.062493 -0.076822 -0.013896
vn -0.080005 -0.059036 -0.010679
vn -0.092449 -0.037511 -0.006785
vn -0.099039 -0.013610 -0.002462
vn -0.099356 0.011153 0.002017
vn -0.093380 0.035209 0.006369
vn -0.081489 0.057035 0.010317
vn -0.064438 0.075249 0.013611
vn -0.043305 0.088697 0.016044
vn -0.019430 0.096528 0.017460
vn 0.005676 0.098245 0.017771
vn 0.030422 0.093739 0.016956
vn 0.053242 0.083296 0.015067
vn 0.072690 0.067578 0.012224
vn 0.087533 0.047580 0.008606
vn 0.096833 0.024568 0.004444
vn 0.100000 0.000000 0.000000
vn 0.086603 0.008900 -0.049202
vn 0.050000 0.015415 -0.085220
vn 0.000000 0.017800 -0.098403
vn 0.000000 0.017800 -0.098403
vn 0.000000 0.017800 -0.098403
vn 0.000000 0.017800 -0.098403
vn 0.000000 0.017800 -0.098403
vn 0.000000 0.017800 -0.098403
vn 0.000000 0.017800 -0.098403
vn 0.000000 0.017800 -0.098403
vn 0.000000 0.017800 -0.098403
vn 0.000000 0.017800 -0.098403
vn 0.000000 0.017800 -0.098403
vn 0.000000 0.017800 -0.098403
vn -0.086045 0.018558 -0.047455
vn -0.049678 0.020991 -0.084211
vn -0.049519 0.008610 -0.086451
vn -0.085770 -0.002887 -0.051334
vn -0.046225 -0.003341 -0.088612
vn -0.080064 -0.023586 -0.055078
vn -0.040002 -0.014103 -0.090559
vn -0.069286 -0.042227 -0.058450
vn -0.054120 -0.057630 -0.061236
vn -0.080869 0.039392 -0.043686
vn -0.046690 0.033019 -0.082035
vn -0.070572 0.058294 -0.040267
vn -0.040745 0.043932 -0.080061
vn -0.055805 0.074068 -0.037414
vn -0.032219 0.053040 -0.078414
vn -0.037504 0.085714 -0.035307
vn -0.021653 0.059764 -0.077198
vn -0.016827 0.092495 -0.034081
vn -0.009715 0.063679 -0.076489
vn 0.004916 0.093982 -0.033812
vn 0.002838 0.064537 -0.076334
vn 0.026347 0.090080 -0.034517
vn 0.015211 0.062284 -0.076742
vn 0.046109 0.081036 -0.036153
vn 0.026621 0.057063 -0.077686
vn 0.062951 0.067424 -0.038615
vn 0.036345 0.049204 -0.079108
vn 0.075806 0.050105 -0.041748
vn 0.043767 0.039205 -0.080916
vn 0.083860 0.030176 -0.045353
vn 0.048417 0.027699 -0.082998
vn 0.000000 0.017800 -0.098403
vn 0.000000 0.017800 -0.098403
vn 0.000000 0.017800 -0.098403
vn 0.000000 0.017800 -0.098403
vn 0.000000 0.017800 -0.098403
vn 0.000000 0.017800 -0.098403
vn 0.000000 0.017800 -0.098403
vn 0.000000 0.017800 -0.098403
vn 0.000000 0.017800 -0.098403
vn 0.000000 0.017800 -0.098403
vn 0.000000 0.017800 -0.098403
vn 0.000000 0.017800 -0.098403
vn 0.000000 0.017800 -0.098403
vn 0.000000 0.017800 -0.098403
vn 0.000000 0.017800 -0.098403
vn 0.000000 0.017800 -0.098403
vn 0.000000 0.017800 -0.098403
vn 0.000000 0.017800 -0.098403
vn 0.000000 0.017800 -0.098403
vn 0.000000 0.017800 -0.098403
vn 0.000000 0.017800 -0.098403
vn 0.000000 0.017800 -0.098403
vn 0.000000 0.017800 -0.098403
vn 0.000000 0.017800 -0.098403
vn 0.000000 0.017800 -0.098403
vn 0.100000 0.000000 0.000000
vn 0.095949 0.027723 0.005015
vn 0.084125 0.053201 0.009623
vn 0.065486 0.074368 0.013452
vn 0.041542 0.089511 0.016191
vn 0.014231 0.097402 0.017618
vn -0.014231 0.097402 0.017618
vn -0.041542 0.089511 0.016191
vn -0.065486 0.074368 0.013452
vn -0.084125 0.053201 0.009623
vn -0.095949 0.027723 0.005015
vn -0.100000 0.000000 0.000000
vn -0.100000 0.000000 0.000000
vn -0.095949 0.027723 0.005015
vn -0.084125 0.053201 0.009623
vn -0.065486 0.074368 0.013452
vn -0.041542 0.089511 0.016191
vn -0.014231 0.097402 0.017618
vn 0.014231 0.097402 0.017618
vn 0.041542 0.089511 0.016191
vn 0.065486 0.074368 0.013452
vn 0.084125 0.053201 0.009623
vn 0.095949 0.027723 0.005015
vn 0.100000 0.000000 0.000000
vn 0.000000 0.017800 -0.098403
vn 0.000000 0.017800 -0.098403
vn 0.000000 0.017800 -0.098403
vn 0.000000 0.017800 -0.098403
vn 0.000000 0.017800 -0.098403
vn 0.000000 0.017800 -0.098403
vn 0.000000 0.017800 -0.098403
vn 0.000000 0.017800 -0.098403
vn 0.000000 0.017800 -0.098403
vn 0.000000 0.017800 -0.098403
vn 0.000000 0.017800 -0.098403
vn 0.000000 0.017800 -0.098403
usemtl 255,255,255
f 480/28/28 488/1/1 466/30/30
f 466/30/30 488/1/1 484/2/2
f 466/30/30 484/2/2 476/3/3
f 466/30/30 476/3/3 462/29/29
f 462/29/29 476/3/3 471/4/4
f 462/29/29 471/4/4 457/5/5
f 462/29/29 457/5/5 428/31/31
f 428/31/31 457/5/5 423/6/6
f 428/31/31 423/6/6 414/33/33
f 414/33/33 423/6/6 393/7/7
f 414/33/33 393/7/7 380/35/35
f 380/35/35 393/7/7 371/8/8
f 380/35/35 371/8/8 346/37/37
f 346/37/37 371/8/8 337/9/9
f 346/37/37 337/9/9 317/39/39
f 317/39/39 337/9/9 307/10/10
f 317/39/39 307/10/10 286/41/41
f 286/41/41 307/10/10 273/11/11
f 286/41/41 273/11/11 264/43/43
f 264/43/43 273/11/11 203/12/12
f 264/43/43 203/12/12 194/45/45
f 194/45/45 203/12/12 161/13/13
f 194/45/45 161/13/13 154/47/47
f 154/47/47 161/13/13 135/14/14
f 154/47/47 135/14/14 130/49/49
f 130/49/49 135/14/14 121/15/15
f 130/49/49 121/15/15 110/16/16
f 110/16/16 80/17/17 130/49/49
f 130/49/49 80/17/17 126/50/50
f 130/49/49 126/50/50 154/47/47
f 154/47/47 126/50/50 146/48/48
f 154/47/47 146/48/48 194/45/45
f 194/45/45 146/48/48 188/46/46
f 194/45/45 188/46/46 264/43/43
f 264/43/43 188/46/46 260/44/44
f 264/43/43 260/44/44 286/41/41
f 286/41/41 260/44/44 282/42/42
f 286/41/41 282/42/42 317/39/39
f 317/39/39 282/42/42 318/40/40
f 317/39/39 318/40/40 346/37/37
f 346/37/37 318/40/40 350/38/38
f 346/37/37 350/38/38 380/35/35
f 380/35/35 350/38/38 384/36/36
f 380/35/35 384/36/36 414/33/33
f 414/33/33 384/36/36 418/34/34
f 414/33/33 418/34/34 428/31/31
f 428/31/31 418/34/34 436/32/32
f 428/31/31 436/32/32 462/29/29
f 462/29/29 436/32/32 466/30/30
f 80/17/17 76/18/18 126/50/50
f 126/50/50 76/18/18 96/19/19
f 126/50/50 96/19/19 146/48/48
f 146/48/48 96/19/19 142/20/20
f 146/48/48 142/20/20 188/46/46
f 188/46/46 142/20/20 198/21/21
f 188/46/46 198/21/21 260/44/44
f 260/44/44 198/21/21 268/22/22
f 260/44/44 268/22/22 282/42/42
f 282/42/42 268/22/22 302/23/23
f 282/42/42 302/23/23 318/40/40
f 318/40/40 302/23/23 342/24/24
f 318/40/40 342/24/24 350/38/38
f 350/38/38 342/24/24 376/25/25
f 350/38/38 376/25/25 384/36/36
f 384/36/36 376/25/25 410/26/26
f 384/36/36 410/26/26 418/34/34
f 418/34/34 410/26/26 440/27/27
f 418/34/34 440/27/27 436/32/32
f 436/32/32 440/27/27 480/28/28
f 436/32/32 480/28/28 466/30/30
f 122/74/74 121/51/51 136/73/73
f 136/73/73 121/51/51 135/52/52
f 136/73/73 135/52/52 162/72/72
f 162/72/72 135/52/52 161/53/53
f 162/72/72 161/53/53 204/71/71
f 204/71/71 161/53/53 203/54/54
f 204/71/71 203/54/54 274/70/70
f 274/70/70 203/54/54 273/55/55
f 274/70/70 273/55/55 308/69/69
f 308/69/69 273/55/55 307/56/56
f 308/69/69 307/56/56 338/68/68
f 338/68/68 307/56/56 337/57/57
f 338/68/68 337/57/57 372/67/67
f 372/67/67 337/57/57 371/58/58
f 372/67/67 371/58/58 394/66/66
f 394/66/66 371/58/58 393/59/59
f 394/66/66 393/59/59 424/65/65
f 424/65/65 393/59/59 423/60/60
f 424/65/65 423/60/60 458/64/64
f 458/64/64 423/60/60 457/61/61
f 458/64/64 457/61/61 472/63/63
f 472/63/63 457/61/61 471/62/62
f 456/102/102 470/75/75 461/104/104
f 461/104/104 470/75/75 475/76/76
f 461/104/104 475/76/76 483/77/77
f 461/104/104 483/77/77 465/103/103
f 465/103/103 483/77/77 487/78/78
f 465/103/103 487/78/78 479/79/79
f 465/103/103 479/79/79 435/105/105
f 435/105/105 479/79/79 439/80/80
f 435/105/105 439/80/80 417/107/107
f 417/107/107 439/80/80 409/81/81
f 417/107/107 409/81/81 383/109/109
f 383/109/109 409/81/81 375/82/82
f 383/109/109 375/82/82 349/111/111
f 349/111/111 375/82/82 341/83/83
f 349/111/111 341/83/83 316/113/113
f 316/113/113 341/83/83 301/84/84
f 316/113/113 301/84/84 281/115/115
f 281/115/115 301/84/84 267/85/85
f 281/115/115 267/85/85 259/117/117
f 259/117/117 267/85/85 197/86/86
f 259/117/117 197/86/86 187/119/119
f 187/119/119 197/86/86 141/87/87
f 187/119/119 141/87/87 145/121/121
f 145/121/121 141/87/87 95/88/88
f 145/121/121 95/88/88 125/123/123
f 125/123/123 95/88/88 75/89/89
f 125/123/123 75/89/89 79/90/90
f 79/90/90 109/91/91 125/123/123
f 125/123/123 109/91/91 129/124/124
f 125/123/123 129/124/124 145/121/121
f 145/121/121 129/124/124 153/122/122
f 145/121/121 153/122/122 187/119/119
f 187/119/119 153/122/122 193/120/120
f 187/119/119 193/120/120 259/117/117
f 259/117/117 193/120/120 263/118/118
f 259/117/117 263/118/118 281/115/115
f 281/115/115 263/118/118 285/116/116
f 281/115/115 285/116/116 316/113/113
f 316/113/113 285/116/116 315/114/114
f 316/113/113 315/114/114 349/111/111
f 349/111/111 315/114/114 345/112/112
f 349/111/111 345/112/112 383/109/109
f 383/109/109 345/112/112 379/110/110
f 383/109/109 379/110/110 417/107/107
f 417/107/107 379/110/110 413/108/108
f 417/107/107 413/108/108 435/105/105
f 435/105/105 413/108/108 427/106/106
f 435/105/105 427/106/106 465/103/103
f 465/103/103 427/106/106 461/104/104
f 109/91/91 120/92/92 129/124/124
f 129/124/124 120/92/92 134/93/93
f 129/124/124 134/93/93 153/122/122
f 153/122/122 134/93/93 160/94/94
f 153/122/122 160/94/94 193/120/120
f 193/120/120 160/94/94 202/95/95
f 193/120/120 202/95/95 263/118/118
f 263/118/118 202/95/95 272/96/96
f 263/118/118 272/96/96 285/116/116
f 285/116/116 272/96/96 306/97/97
f 285/116/116 306/97/97 315/114/114
f 315/114/114 306/97/97 336/98/98
f 315/114/114 336/98/98 345/112/112
f 345/112/112 336/98/98 370/99/99
f 345/112/112 370/99/99 379/110/110
f 379/110/110 370/99/99 392/100/100
f 379/110/110 392/100/100 413/108/108
f 413/108/108 392/100/100 422/101/101
f 413/108/108 422/101/101 427/106/106
f 427/106/106 422/101/101 456/102/102
f 427/106/106 456/102/102 461/104/104
f 75/125/125 95/126/126 23/149/149
f 23/149/149 95/126/126 35/148/148
f 35/148/148 95/126/126 141/127/127
f 35/148/148 141/127/127 71/147/147
f 71/147/147 141/127/127 197/128/128
f 71/147/147 197/128/128 149/146/146
f 149/146/146 197/128/128 267/129/129
f 149/146/146 267/129/129 207/145/145
f 207/145/145 267/129/129 277/144/144
f 277/144/144 267/129/129 301/130/130
f 277/144/144 301/130/130 319/143/143
f 319/143/143 301/130/130 341/131/131
f 319/143/143 341/131/131 353/142/142
f 353/142/142 341/131/131 375/132/132
f 353/142/142 375/132/132 387/141/141
f 387/141/141 375/132/132 431/140/140
f 431/140/140 375/132/132 409/133/133
f 431/140/140 409/133/133 491/139/139
f 491/139/139 409/133/133 439/134/134
f 491/139/139 439/134/134 507/138/138
f 507/138/138 439/134/134 479/135/135
f 507/138/138 479/135/135 523/137/137
f 523/137/137 479/135/135 487/136/136
f 478/177/177 486/150/150 464/179/179
f 464/179/179 486/150/150 482/151/151
f 464/179/179 482/151/151 474/152/152
f 464/179/179 474/152/152 460/178/178
f 460/178/178 474/152/152 469/153/153
f 460/178/178 469/153/153 455/154/154
f 460/178/178 455/154/154 426/180/180
f 426/180/180 455/154/154 421/155/155
f 426/180/180 421/155/155 412/182/182
f 412/182/182 421/155/155 391/156/156
f 412/182/182 391/156/156 378/184/184
f 378/184/184 391/156/156 369/157/157
f 378/184/184 369/157/157 344/186/186
f 344/186/186 369/157/157 335/158/158
f 344/186/186 335/158/158 311/188/188
f 311/188/188 335/158/158 305/159/159
f 311/188/188 305/159/159 284/190/190
f 284/190/190 305/159/159 271/160/160
f 284/190/190 271/160/160 262/192/192
f 262/192/192 271/160/160 201/161/161
f 262/192/192 201/161/161 192/194/194
f 192/194/194 201/161/161 159/162/162
f 192/194/194 159/162/162 152/196/196
f 152/196/196 159/162/162 133/163/163
f 152/196/196 133/163/163 128/198/198
f 128/198/198 133/163/163 119/164/164
f 128/198/198 119/164/164 108/165/165
f 108/165/165 78/166/166 128/198/198
f 128/198/198 78/166/166 124/199/199
f 128/198/198 124/199/199 152/196/196
f 152/196/196 124/199/199 144/197/197
f 152/196/196 144/197/197 192/194/194
f 192/194/194 144/197/197 186/195/195
f 192/194/194 186/195/195 262/192/192
f 262/192/192 186/195/195 258/193/193
f 262/192/192 258/193/193 284/190/190
f 284/190/190 258/193/193 280/191/191
f 284/190/190 280/191/191 311/188/188
f 311/188/188 280/191/191 312/189/189
f 311/188/188 312/189/189 344/186/186
f 344/186/186 312/189/189 348/187/187
f 344/186/186 348/187/187 378/184/184
f 378/184/184 348/187/187 382/185/185
f 378/184/184 382/185/185 412/182/182
f 412/182/182 382/185/185 416/183/183
f 412/182/182 416/183/183 426/180/180
f 426/180/180 416/183/183 434/181/181
f 426/180/180 434/181/181 460/178/178
f 460/178/178 434/181/181 464/179/179
f 78/166/166 74/167/167 124/199/199
f 124/199/199 74/167/167 94/168/168
f 124/199/199 94/168/168 144/197/197
f 144/197/197 94/168/168 140/169/169
f 144/197/197 140/169/169 186/195/195
f 186/195/195 140/169/169 196/170/170
f 186/195/195 196/170/170 258/193/193
f 258/193/193 196/170/170 266/171/171
f 258/193/193 266/171/171 280/191/191
f 280/191/191 266/171/171 300/172/172
f 280/191/191 300/172/172 312/189/189
f 312/189/189 300/172/172 340/173/173
f 312/189/189 340/173/173 348/187/187
f 348/187/187 340/173/173 374/174/174
f 348/187/187 374/174/174 382/185/185
f 382/185/185 374/174/174 408/175/175
f 382/185/185 408/175/175 416/183/183
f 416/183/183 408/175/175 438/176/176
f 416/183/183 438/176/176 434/181/181
f 434/181/181 438/176/176 478/177/177
f 434/181/181 478/177/177 464/179/179
f 469/223/223 470/200/200 455/222/222
f 455/222/222 470/200/200 456/201/201
f 455/222/222 456/201/201 421/221/221
f 421/221/221 456/201/201 422/202/202
f 421/221/221 422/202/202 391/220/220
f 391/220/220 422/202/202 392/203/203
f 391/220/220 392/203/203 369/219/219
f 369/219/219 392/203/203 370/204/204
f 369/219/219 370/204/204 335/218/218
f 335/218/218 370/204/204 336/205/205
f 335/218/218 336/205/205 305/217/217
f 305/217/217 336/205/205 306/206/206
f 305/217/217 306/206/206 271/216/216
f 271/216/216 306/206/206 272/207/207
f 271/216/216 272/207/207 201/215/215
f 201/215/215 272/207/207 202/208/208
f 201/215/215 202/208/208 159/214/214
f 159/214/214 202/208/208 160/209/209
f 159/214/214 160/209/209 133/213/213
f 133/213/213 160/209/209 134/210/210
f 133/213/213 134/210/210 119/212/212
f 119/212/212 134/210/210 120/211/211
f 454/251/251 468/224/224 459/253/253
f 459/253/253 468/224/224 473/225/225
f 459/253/253 473/225/225 481/226/226
f 459/253/253 481/226/226 463/252/252
f 463/252/252 481/226/226 485/227/227
f 463/252/252 485/227/227 477/228/228
f 463/252/252 477/228/228 433/254/254
f 433/254/254 477/228/228 437/229/229
f 433/254/254 437/229/229 415/256/256
f 415/256/256 437/229/229 407/230/230
f 415/256/256 407/230/230 381/258/258
f 381/258/258 407/230/230 373/231/231
f 381/258/258 373/231/231 347/260/260
f 347/260/260 373/231/231 339/232/232
f 347/260/260 339/232/232 310/262/262
f 310/262/262 339/232/232 299/233/233
f 310/262/262 299/233/233 279/264/264
f 279/264/264 299/233/233 265/234/234
f 279/264/264 265/234/234 257/266/266
f 257/266/266 265/234/234 195/235/235
f 257/266/266 195/235/235 185/268/268
f 185/268/268 195/235/235 139/236/236
f 185/268/268 139/236/236 143/270/270
f 143/270/270 139/236/236 93/237/237
f 143/270/270 93/237/237 123/272/272
f 123/272/272 93/237/237 73/238/238
f 123/272/272 73/238/238 77/239/239
f 77/239/239 107/240/240 123/272/272
f 123/272/272 107/240/240 127/273/273
f 123/272/272 127/273/273 143/270/270
f 143/270/270 127/273/273 151/271/271
f 143/270/270 151/271/271 185/268/268
f 185/268/268 151/271/271 191/269/269
f 185/268/268 191/269/269 257/266/266
f 257/266/266 191/269/269 261/267/267
f 257/266/266 261/267/267 279/264/264
f 279/264/264 261/267/267 283/265/265
f 279/264/264 283/265/265 310/262/262
f 310/262/262 283/265/265 309/263/263
f 310/262/262 309/263/263 347/260/260
f 347/260/260 309/263/263 343/261/261
f 347/260/260 343/261/261 381/258/258
f 381/258/258 343/261/261 377/259/259
f 381/258/258 377/259/259 415/256/256
f 415/256/256 377/259/259 411/257/257
f 415/256/256 411/257/257 433/254/254
f 433/254/254 411/257/257 425/255/255
f 433/254/254 425/255/255 463/252/252
f 463/252/252 425/255/255 459/253/253
f 107/240/240 118/241/241 127/273/273
f 127/273/273 118/241/241 132/242/242
f 127/273/273 132/242/242 151/271/271
f 151/271/271 132/242/242 158/243/243
f 151/271/271 158/243/243 191/269/269
f 191/269/269 158/243/243 200/244/244
f 191/269/269 200/244/244 261/267/267
f 261/267/267 200/244/244 270/245/245
f 261/267/267 270/245/245 283/265/265
f 283/265/265 270/245/245 304/246/246
f 283/265/265 304/246/246 309/263/263
f 309/263/263 304/246/246 334/247/247
f 309/263/263 334/247/247 343/261/261
f 343/261/261 334/247/247 368/248/248
f 343/261/261 368/248/248 377/259/259
f 377/259/259 368/248/248 390/249/249
f 377/259/259 390/249/249 411/257/257
f 411/257/257 390/249/249 420/250/250
f 411/257/257 420/250/250 425/255/255
f 425/255/255 420/250/250 454/251/251
f 425/255/255 454/251/251 459/253/253
f 73/274/274 93/275/275 21/298/298
f 21/298/298 93/275/275 33/297/297
f 33/297/297 93/275/275 139/276/276
f 33/297/297 139/276/276 69/296/296
f 69/296/296 139/276/276 195/277/277
f 69/296/296 195/277/277 147/295/295
f 147/295/295 195/277/277 265/278/278
f 147/295/295 265/278/278 205/294/294
f 205/294/294 265/278/278 275/293/293
f 275/293/293 265/278/278 299/279/279
f 275/293/293 299/279/279 313/292/292
f 313/292/292 299/279/279 339/280/280
f 313/292/292 339/280/280 351/291/291
f 351/291/291 339/280/280 373/281/281
f 351/291/291 373/281/281 385/290/290
f 385/290/290 373/281/281 429/289/289
f 429/289/289 373/281/281 407/282/282
f 429/289/289 407/282/282 489/288/288
f 489/288/288 407/282/282 437/283/283
f 489/288/288 437/283/283 505/287/287
f 505/287/287 437/283/283 477/284/284
f 505/287/287 477/284/284 521/286/286
f 521/286/286 477/284/284 485/285/285
f 24/330/330 23/299/299 30/329/329
f 30/329/329 23/299/299 32/300/300
f 30/329/329 32/300/300 38/328/328
f 38/328/328 32/300/300 40/301/301
f 38/328/328 40/301/301 66/327/327
f 66/327/327 40/301/301 68/302/302
f 66/327/327 68/302/302 98/326/326
f 98/326/326 68/302/302 116/303/303
f 98/326/326 116/303/303 138/325/325
f 138/325/325 116/303/303 156/304/304
f 138/325/325 156/304/304 184/324/324
f 184/324/324 156/304/304 190/305/305
f 184/324/324 190/305/305 210/323/323
f 210/323/323 190/305/305 212/306/306
f 210/323/323 212/306/306 216/322/322
f 216/322/322 212/306/306 214/307/307
f 216/322/322 214/307/307 230/308/308
f 216/322/322 230/308/308 232/321/321
f 232/321/321 230/308/308 234/309/309
f 232/321/321 234/309/309 236/320/320
f 236/320/320 234/309/309 240/310/310
f 236/320/320 240/310/310 238/319/319
f 238/319/319 240/310/310 244/311/311
f 238/319/319 244/311/311 242/318/318
f 242/318/318 244/311/311 255/314/314
f 242/318/318 255/314/314 256/315/315
f 244/311/311 248/312/312 255/314/314
f 255/314/314 248/312/312 251/313/313
f 252/316/316 246/317/317 256/315/315
f 256/315/315 246/317/317 242/318/318
f 22/362/362 21/331/331 29/361/361
f 29/361/361 21/331/331 31/332/332
f 29/361/361 31/332/332 37/360/360
f 37/360/360 31/332/332 39/333/333
f 37/360/360 39/333/333 65/359/359
f 65/359/359 39/333/333 67/334/334
f 65/359/359 67/334/334 97/358/358
f 97/358/358 67/334/334 115/335/335
f 97/358/358 115/335/335 137/357/357
f 137/357/357 115/335/335 155/336/336
f 137/357/357 155/336/336 183/356/356
f 183/356/356 155/336/336 189/337/337
f 183/356/356 189/337/337 209/355/355
f 209/355/355 189/337/337 211/338/338
f 209/355/355 211/338/338 215/354/354
f 215/354/354 211/338/338 213/339/339
f 215/354/354 213/339/339 229/340/340
f 215/354/354 229/340/340 231/353/353
f 231/353/353 229/340/340 233/341/341
f 231/353/353 233/341/341 235/352/352
f 235/352/352 233/341/341 239/342/342
f 235/352/352 239/342/342 237/351/351
f 237/351/351 239/342/342 243/343/343
f 237/351/351 243/343/343 241/350/350
f 241/350/350 243/343/343 253/346/346
f 241/350/350 253/346/346 254/347/347
f 243/343/343 247/344/344 253/346/346
f 253/346/346 247/344/344 249/345/345
f 250/348/348 245/349/349 254/347/347
f 254/347/347 245/349/349 241/350/350
f 107/364/364 108/371/371 118/363/363
f 118/363/363 108/371/371 119/372/372
f 118/363/363 119/372/372 469/401/401
f 469/401/401 119/372/372 470/400/400
f 470/400/400 119/372/372 120/373/373
f 470/400/400 120/373/373 471/385/385
f 471/385/385 120/373/373 121/382/382
f 471/385/385 121/382/382 472/384/384
f 472/384/384 121/382/382 122/383/383
f 108/371/371 107/364/364 78/370/370
f 78/370/370 107/364/364 77/365/365
f 78/370/370 77/365/365 74/369/369
f 74/369/369 77/365/365 73/366/366
f 74/369/369 73/366/366 21/367/367
f 21/367/367 22/368/368 74/369/369
f 121/382/382 120/373/373 110/381/381
f 110/381/381 120/373/373 109/374/374
f 110/381/381 109/374/374 80/380/380
f 80/380/380 109/374/374 79/375/375
f 80/380/380 79/375/375 76/379/379
f 76/379/379 79/375/375 75/376/376
f 76/379/379 75/376/376 23/377/377
f 23/377/377 24/378/378 76/379/379
f 471/385/385 476/386/386 470/400/400
f 470/400/400 476/386/386 475/399/399
f 475/399/399 476/386/386 484/387/387
f 475/399/399 484/387/387 483/398/398
f 483/398/398 484/387/387 488/388/388
f 483/398/398 488/388/388 487/397/397
f 487/397/397 488/388/388 524/389/389
f 487/397/397 524/389/389 523/396/396
f 523/396/396 524/389/389 527/395/395
f 527/395/395 524/389/389 528/390/390
f 527/395/395 528/390/390 535/393/393
f 535/393/393 528/390/390 536/392/392
f 536/392/392 528/390/390 532/391/391
f 535/393/393 531/394/394 527/395/395
f 118/363/363 469/401/401 468/416/416
f 468/416/416 469/401/401 474/402/402
f 468/416/416 474/402/402 473/415/415
f 473/415/415 474/402/402 482/403/403
f 473/415/415 482/403/403 481/414/414
f 481/414/414 482/403/403 486/404/404
f 481/414/414 486/404/404 485/413/413
f 485/413/413 486/404/404 522/405/405
f 485/413/413 522/405/405 521/412/412
f 521/412/412 522/405/405 525/411/411
f 525/411/411 522/405/405 526/406/406
f 525/411/411 526/406/406 533/409/409
f 533/409/409 526/406/406 534/408/408
f 534/408/408 526/406/406 530/407/407
f 533/409/409 529/410/410 525/411/411
f 467/417/417 117/418/418 468/416/416
f 468/416/416 117/418/418 118/363/363
f 117/419/419 467/420/420 131/430/430
f 131/430/430 467/420/420 453/421/421
f 131/430/430 453/421/421 157/429/429
f 157/429/429 453/421/421 419/422/422
f 157/429/429 419/422/422 199/428/428
f 199/428/428 419/422/422 389/423/423
f 199/428/428 389/423/423 269/427/427
f 269/427/427 389/423/423 367/424/424
f 269/427/427 367/424/424 303/426/426
f 303/426/426 367/424/424 333/425/425
f 253/431/431 249/432/432 175/477/477
f 175/477/477 249/432/432 247/433/433
f 175/477/477 247/433/433 243/434/434
f 243/434/434 239/435/435 175/477/477
f 175/477/477 239/435/435 233/436/436
f 175/477/477 233/436/436 229/437/437
f 229/437/437 213/438/438 175/477/477
f 175/477/477 213/438/438 211/439/439
f 175/477/477 211/439/439 189/440/440
f 175/477/477 189/440/440 179/478/478
f 179/478/478 189/440/440 155/441/441
f 179/478/478 155/441/441 103/480/480
f 103/480/480 155/441/441 111/479/479
f 103/480/480 111/479/479 57/482/482
f 57/482/482 111/479/479 61/481/481
f 57/482/482 61/481/481 13/484/484
f 13/484/484 61/481/481 25/483/483
f 13/484/484 25/483/483 5/486/486
f 5/486/486 25/483/483 17/485/485
f 5/486/486 17/485/485 45/488/488
f 45/488/488 17/485/485 49/487/487
f 45/488/488 49/487/487 85/490/490
f 85/490/490 49/487/487 89/489/489
f 85/490/490 89/489/489 167/492/492
f 167/492/492 89/489/489 171/491/491
f 167/492/492 171/491/491 221/494/494
f 221/494/494 171/491/491 225/493/493
f 221/494/494 225/493/493 291/496/496
f 291/496/496 225/493/493 295/495/495
f 291/496/496 295/495/495 325/498/498
f 325/498/498 295/495/495 321/497/497
f 325/498/498 321/497/497 359/500/500
f 359/500/500 321/497/497 355/499/499
f 359/500/500 355/499/499 399/502/502
f 399/502/502 355/499/499 395/501/501
f 399/502/502 395/501/501 445/504/504
f 445/504/504 395/501/501 441/503/503
f 445/504/504 441/503/503 497/506/506
f 497/506/506 441/503/503 493/505/505
f 497/506/506 493/505/505 513/508/508
f 513/508/508 493/505/505 509/507/507
f 513/508/508 509/507/507 529/460/460
f 529/460/460 509/507/507 525/459/459
f 525/459/459 509/507/507 521/458/458
f 521/458/458 509/507/507 505/457/457
f 505/457/457 509/507/507 493/505/505
f 505/457/457 493/505/505 489/456/456
f 489/456/456 493/505/505 441/503/503
f 489/456/456 441/503/503 429/455/455
f 429/455/455 441/503/503 395/501/501
f 429/455/455 395/501/501 385/454/454
f 385/454/454 395/501/501 355/499/499
f 385/454/454 355/499/499 351/453/453
f 351/453/453 355/499/499 321/497/497
f 351/453/453 321/497/497 313/452/452
f 313/452/452 321/497/497 295/495/495
f 313/452/452 295/495/495 275/451/451
f 275/451/451 295/495/495 225/493/493
f 275/451/451 225/493/493 205/450/450
f 205/450/450 225/493/493 171/491/491
f 205/450/450 171/491/491 147/449/449
f 147/449/449 171/491/491 89/489/489
f 147/449/449 89/489/489 69/448/448
f 69/448/448 89/489/489 49/487/487
f 69/448/448 49/487/487 33/447/447
f 33/447/447 49/487/487 17/485/485
f 33/447/447 17/485/485 21/446/446
f 21/446/446 17/485/485 25/483/483
f 21/446/446 25/483/483 31/445/445
f 31/445/445 25/483/483 39/444/444
f 39/444/444 25/483/483 61/481/481
f 39/444/444 61/481/481 67/443/443
f 67/443/443 61/481/481 111/479/479
f 67/443/443 111/479/479 115/442/442
f 115/442/442 111/479/479 155/441/441
f 529/460/460 533/461/461 513/508/508
f 513/508/508 533/461/461 517/462/462
f 513/508/508 517/462/462 497/506/506
f 497/506/506 517/462/462 501/463/463
f 497/506/506 501/463/463 445/504/504
f 445/504/504 501/463/463 449/464/464
f 445/504/504 449/464/464 399/502/502
f 399/502/502 449/464/464 403/465/465
f 399/502/502 403/465/465 359/500/500
f 359/500/500 403/465/465 363/466/466
f 359/500/500 363/466/466 325/498/498
f 325/498/498 363/466/466 329/467/467
f 325/498/498 329/467/467 291/496/496
f 291/496/496 329/467/467 287/468/468
f 291/496/496 287/468/468 221/494/494
f 221/494/494 287/468/468 217/469/469
f 221/494/494 217/469/469 167/492/492
f 167/492/492 217/469/469 163/470/470
f 167/492/492 163/470/470 85/490/490
f 85/490/490 163/470/470 81/471/471
f 85/490/490 81/471/471 45/488/488
f 45/488/488 81/471/471 41/472/472
f 45/488/488 41/472/472 5/486/486
f 5/486/486 41/472/472 1/473/473
f 5/486/486 1/473/473 13/484/484
f 13/484/484 1/473/473 9/474/474
f 13/484/484 9/474/474 57/482/482
f 57/482/482 9/474/474 53/475/475
f 57/482/482 53/475/475 103/480/480
f 103/480/480 53/475/475 99/476/476
f 103/480/480 99/476/476 179/478/478
f 179/478/478 99/476/476 175/477/477
f 254/509/509 253/510/510 176/544/544
f 176/544/544 253/510/510 175/511/511
f 176/544/544 175/511/511 100/543/543
f 100/543/543 175/511/511 99/512/512
f 100/543/543 99/512/512 54/542/542
f 54/542/542 99/512/512 53/513/513
f 54/542/542 53/513/513 10/541/541
f 10/541/541 53/513/513 9/514/514
f 10/541/541 9/514/514 2/540/540
f 2/540/540 9/514/514 1/515/515
f 2/540/540 1/515/515 42/539/539
f 42/539/539 1/515/515 41/516/516
f 42/539/539 41/516/516 82/538/538
f 82/538/538 41/516/516 81/517/517
f 82/538/538 81/517/517 164/537/537
f 164/537/537 81/517/517 163/518/518
f 164/537/537 163/518/518 218/536/536
f 218/536/536 163/518/518 217/519/519
f 218/536/536 217/519/519 288/535/535
f 288/535/535 217/519/519 287/520/520
f 288/535/535 287/520/520 330/534/534
f 330/534/534 287/520/520 329/521/521
f 330/534/534 329/521/521 364/533/533
f 364/533/533 329/521/521 363/522/522
f 364/533/533 363/522/522 404/532/532
f 404/532/532 363/522/522 403/523/523
f 404/532/532 403/523/523 450/531/531
f 450/531/531 403/523/523 449/524/524
f 450/531/531 449/524/524 502/530/530
f 502/530/530 449/524/524 501/525/525
f 502/530/530 501/525/525 518/529/529
f 518/529/529 501/525/525 517/526/526
f 518/529/529 517/526/526 534/528/528
f 534/528/528 517/526/526 533/527/527
f 29/546/546 26/594/594 22/545/545
f 22/545/545 26/594/594 18/593/593
f 22/545/545 18/593/593 34/591/591
f 34/591/591 18/593/593 50/602/602
f 34/591/591 50/602/602 70/590/590
f 70/590/590 50/602/602 90/604/604
f 70/590/590 90/604/604 148/589/589
f 148/589/589 90/604/604 172/606/606
f 148/589/589 172/606/606 206/588/588
f 206/588/588 172/606/606 226/608/608
f 206/588/588 226/608/608 276/587/587
f 276/587/587 226/608/608 296/610/610
f 276/587/587 296/610/610 314/586/586
f 314/586/586 296/610/610 322/612/612
f 314/586/586 322/612/612 352/585/585
f 352/585/585 322/612/612 356/614/614
f 352/585/585 356/614/614 386/584/584
f 386/584/584 356/614/614 396/616/616
f 386/584/584 396/616/616 430/583/583
f 430/583/583 396/616/616 442/618/618
f 430/583/583 442/618/618 490/582/582
f 490/582/582 442/618/618 494/620/620
f 490/582/582 494/620/620 506/581/581
f 506/581/581 494/620/620 510/622/622
f 506/581/581 510/622/622 522/580/580
f 522/580/580 510/622/622 526/579/579
f 526/579/579 510/622/622 514/621/621
f 526/579/579 514/621/621 530/578/578
f 530/578/578 514/621/621 518/576/576
f 530/578/578 518/576/576 534/577/577
f 29/546/546 37/547/547 26/594/594
f 26/594/594 37/547/547 62/596/596
f 26/594/594 62/596/596 58/597/597
f 58/597/597 62/596/596 105/599/599
f 58/597/597 105/599/599 100/562/562
f 100/562/562 105/599/599 176/561/561
f 176/561/561 105/599/599 180/600/600
f 176/561/561 180/600/600 209/552/552
f 209/552/552 180/600/600 183/551/551
f 183/551/551 180/600/600 105/599/599
f 183/551/551 105/599/599 137/550/550
f 137/550/550 105/599/599 113/598/598
f 137/550/550 113/598/598 97/549/549
f 97/549/549 113/598/598 62/596/596
f 97/549/549 62/596/596 65/548/548
f 65/548/548 62/596/596 37/547/547
f 209/552/552 215/553/553 176/561/561
f 176/561/561 215/553/553 231/554/554
f 176/561/561 231/554/554 235/555/555
f 235/555/555 237/556/556 176/561/561
f 176/561/561 237/556/556 241/557/557
f 176/561/561 241/557/557 245/558/558
f 245/558/558 250/559/559 176/561/561
f 176/561/561 250/559/559 254/560/560
f 100/562/562 54/563/563 58/597/597
f 58/597/597 54/563/563 14/595/595
f 58/597/597 14/595/595 26/594/594
f 26/594/594 14/595/595 18/593/593
f 54/563/563 10/564/564 14/595/595
f 14/595/595 10/564/564 6/592/592
f 14/595/595 6/592/592 18/593/593
f 18/593/593 6/592/592 50/602/602
f 10/564/564 2/565/565 6/592/592
f 6/592/592 2/565/565 46/601/601
f 6/592/592 46/601/601 50/602/602
f 50/602/602 46/601/601 90/604/604
f 2/565/565 42/566/566 46/601/601
f 46/601/601 42/566/566 86/603/603
f 46/601/601 86/603/603 90/604/604
f 90/604/604 86/603/603 172/606/606
f 42/566/566 82/567/567 86/603/603
f 86/603/603 82/567/567 168/605/605
f 86/603/603 168/605/605 172/606/606
f 172/606/606 168/605/605 226/608/608
f 82/567/567 164/568/568 168/605/605
f 168/605/605 164/568/568 222/607/607
f 168/605/605 222/607/607 226/608/608
f 226/608/608 222/607/607 296/610/610
f 164/568/568 218/569/569 222/607/607
f 222/607/607 218/569/569 292/609/609
f 222/607/607 292/609/609 296/610/610
f 296/610/610 292/609/609 322/612/612
f 218/569/569 288/570/570 292/609/609
f 292/609/609 288/570/570 326/611/611
f 292/609/609 326/611/611 322/612/612
f 322/612/612 326/611/611 356/614/614
f 288/570/570 330/571/571 326/611/611
f 326/611/611 330/571/571 360/613/613
f 326/611/611 360/613/613 356/614/614
f 356/614/614 360/613/613 396/616/616
f 330/571/571 364/572/572 360/613/613
f 360/613/613 364/572/572 400/615/615
f 360/613/613 400/615/615 396/616/616
f 396/616/616 400/615/615 442/618/618
f 364/572/572 404/573/573 400/615/615
f 400/615/615 404/573/573 446/617/617
f 400/615/615 446/617/617 442/618/618
f 442/618/618 446/617/617 494/620/620
f 404/573/573 450/574/574 446/617/617
f 446/617/617 450/574/574 498/619/619
f 446/617/617 498/619/619 494/620/620
f 494/620/620 498/619/619 510/622/622
f 450/574/574 502/575/575 498/619/619
f 498/619/619 502/575/575 514/621/621
f 498/619/619 514/621/621 510/622/622
f 502/575/575 518/576/576 514/621/621
f 113/598/598 105/599/599 62/596/596
f 486/623/623 478/624/624 522/647/647
f 522/647/647 478/624/624 506/646/646
f 506/646/646 478/624/624 438/625/625
f 506/646/646 438/625/625 490/645/645
f 490/645/645 438/625/625 408/626/626
f 490/645/645 408/626/626 430/644/644
f 430/644/644 408/626/626 374/627/627
f 430/644/644 374/627/627 386/643/643
f 386/643/643 374/627/627 352/642/642
f 352/642/642 374/627/627 340/628/628
f 352/642/642 340/628/628 314/641/641
f 314/641/641 340/628/628 300/629/629
f 314/641/641 300/629/629 276/640/640
f 276/640/640 300/629/629 266/630/630
f 276/640/640 266/630/630 206/639/639
f 206/639/639 266/630/630 148/638/638
f 148/638/638 266/630/630 196/631/631
f 148/638/638 196/631/631 70/637/637
f 70/637/637 196/631/631 140/632/632
f 70/637/637 140/632/632 34/636/636
f 34/636/636 140/632/632 94/633/633
f 34/636/636 94/633/633 22/635/635
f 22/635/635 94/633/633 74/634/634
f 255/648/648 251/649/649 177/694/694
f 177/694/694 251/649/649 248/650/650
f 177/694/694 248/650/650 244/651/651
f 244/651/651 240/652/652 177/694/694
f 177/694/694 240/652/652 234/653/653
f 177/694/694 234/653/653 230/654/654
f 230/654/654 214/655/655 177/694/694
f 177/694/694 214/655/655 212/656/656
f 177/694/694 212/656/656 190/657/657
f 177/694/694 190/657/657 181/695/695
f 181/695/695 190/657/657 156/658/658
f 181/695/695 156/658/658 104/697/697
f 104/697/697 156/658/658 112/696/696
f 104/697/697 112/696/696 59/699/699
f 59/699/699 112/696/696 63/698/698
f 59/699/699 63/698/698 15/701/701
f 15/701/701 63/698/698 27/700/700
f 15/701/701 27/700/700 7/703/703
f 7/703/703 27/700/700 19/702/702
f 7/703/703 19/702/702 47/705/705
f 47/705/705 19/702/702 51/704/704
f 47/705/705 51/704/704 87/707/707
f 87/707/707 51/704/704 91/706/706
f 87/707/707 91/706/706 169/709/709
f 169/709/709 91/706/706 173/708/708
f 169/709/709 173/708/708 223/711/711
f 223/711/711 173/708/708 227/710/710
f 223/711/711 227/710/710 293/713/713
f 293/713/713 227/710/710 297/712/712
f 293/713/713 297/712/712 327/715/715
f 327/715/715 297/712/712 323/714/714
f 327/715/715 323/714/714 361/717/717
f 361/717/717 323/714/714 357/716/716
f 361/717/717 357/716/716 401/719/719
f 401/719/719 357/716/716 397/718/718
f 401/719/719 397/718/718 447/721/721
f 447/721/721 397/718/718 443/720/720
f 447/721/721 443/720/720 499/723/723
f 499/723/723 443/720/720 495/722/722
f 499/723/723 495/722/722 515/725/725
f 515/725/725 495/722/722 511/724/724
f 515/725/725 511/724/724 531/677/677
f 531/677/677 511/724/724 527/676/676
f 527/676/676 511/724/724 523/675/675
f 523/675/675 511/724/724 507/674/674
f 507/674/674 511/724/724 495/722/722
f 507/674/674 495/722/722 491/673/673
f 491/673/673 495/722/722 443/720/720
f 491/673/673 443/720/720 431/672/672
f 431/672/672 443/720/720 397/718/718
f 431/672/672 397/718/718 387/671/671
f 387/671/671 397/718/718 357/716/716
f 387/671/671 357/716/716 353/670/670
f 353/670/670 357/716/716 323/714/714
f 353/670/670 323/714/714 319/669/669
f 319/669/669 323/714/714 297/712/712
f 319/669/669 297/712/712 277/668/668
f 277/668/668 297/712/712 227/710/710
f 277/668/668 227/710/710 207/667/667
f 207/667/667 227/710/710 173/708/708
f 207/667/667 173/708/708 149/666/666
f 149/666/666 173/708/708 91/706/706
f 149/666/666 91/706/706 71/665/665
f 71/665/665 91/706/706 51/704/704
f 71/665/665 51/704/704 35/664/664
f 35/664/664 51/704/704 19/702/702
f 35/664/664 19/702/702 23/663/663
f 23/663/663 19/702/702 27/700/700
f 23/663/663 27/700/700 32/662/662
f 32/662/662 27/700/700 40/661/661
f 40/661/661 27/700/700 63/698/698
f 40/661/661 63/698/698 68/660/660
f 68/660/660 63/698/698 112/696/696
f 68/660/660 112/696/696 116/659/659
f 116/659/659 112/696/696 156/658/658
f 531/677/677 535/678/678 515/725/725
f 515/725/725 535/678/678 519/679/679
f 515/725/725 519/679/679 499/723/723
f 499/723/723 519/679/679 503/680/680
f 499/723/723 503/680/680 447/721/721
f 447/721/721 503/680/680 451/681/681
f 447/721/721 451/681/681 401/719/719
f 401/719/719 451/681/681 405/682/682
f 401/719/719 405/682/682 361/717/717
f 361/717/717 405/682/682 365/683/683
f 361/717/717 365/683/683 327/715/715
f 327/715/715 365/683/683 331/684/684
f 327/715/715 331/684/684 293/713/713
f 293/713/713 331/684/684 289/685/685
f 293/713/713 289/685/685 223/711/711
f 223/711/711 289/685/685 219/686/686
f 223/711/711 219/686/686 169/709/709
f 169/709/709 219/686/686 165/687/687
f 169/709/709 165/687/687 87/707/707
f 87/707/707 165/687/687 83/688/688
f 87/707/707 83/688/688 47/705/705
f 47/705/705 83/688/688 43/689/689
f 47/705/705 43/689/689 7/703/703
f 7/703/703 43/689/689 3/690/690
f 7/703/703 3/690/690 15/701/701
f 15/701/701 3/690/690 11/691/691
f 15/701/701 11/691/691 59/699/699
f 59/699/699 11/691/691 55/692/692
f 59/699/699 55/692/692 104/697/697
f 104/697/697 55/692/692 101/693/693
f 104/697/697 101/693/693 181/695/695
f 181/695/695 101/693/693 177/694/694
f 256/726/726 255/727/727 178/761/761
f 178/761/761 255/727/727 177/728/728
f 178/761/761 177/728/728 102/760/760
f 102/760/760 177/728/728 101/729/729
f 102/760/760 101/729/729 56/759/759
f 56/759/759 101/729/729 55/730/730
f 56/759/759 55/730/730 12/758/758
f 12/758/758 55/730/730 11/731/731
f 12/758/758 11/731/731 4/757/757
f 4/757/757 11/731/731 3/732/732
f 4/757/757 3/732/732 44/756/756
f 44/756/756 3/732/732 43/733/733
f 44/756/756 43/733/733 84/755/755
f 84/755/755 43/733/733 83/734/734
f 84/755/755 83/734/734 166/754/754
f 166/754/754 83/734/734 165/735/735
f 166/754/754 165/735/735 220/753/753
f 220/753/753 165/735/735 219/736/736
f 220/753/753 219/736/736 290/752/752
f 290/752/752 219/736/736 289/737/737
f 290/752/752 289/737/737 332/751/751
f 332/751/751 289/737/737 331/738/738
f 332/751/751 331/738/738 366/750/750
f 366/750/750 331/738/738 365/739/739
f 366/750/750 365/739/739 406/749/749
f 406/749/749 365/739/739 405/740/740
f 406/749/749 405/740/740 452/748/748
f 452/748/748 405/740/740 451/741/741
f 452/748/748 451/741/741 504/747/747
f 504/747/747 451/741/741 503/742/742
f 504/747/747 503/742/742 520/746/746
f 520/746/746 503/742/742 519/743/743
f 520/746/746 519/743/743 536/745/745
f 536/745/745 519/743/743 535/744/744
f 30/763/763 28/811/811 24/762/762
f 24/762/762 28/811/811 20/810/810
f 24/762/762 20/810/810 36/808/808
f 36/808/808 20/810/810 52/819/819
f 36/808/808 52/819/819 72/807/807
f 72/807/807 52/819/819 92/821/821
f 72/807/807 92/821/821 150/806/806
f 150/806/806 92/821/821 174/823/823
f 150/806/806 174/823/823 208/805/805
f 208/805/805 174/823/823 228/825/825
f 208/805/805 228/825/825 278/804/804
f 278/804/804 228/825/825 298/827/827
f 278/804/804 298/827/827 320/803/803
f 320/803/803 298/827/827 324/829/829
f 320/803/803 324/829/829 354/802/802
f 354/802/802 324/829/829 358/831/831
f 354/802/802 358/831/831 388/801/801
f 388/801/801 358/831/831 398/833/833
f 388/801/801 398/833/833 432/800/800
f 432/800/800 398/833/833 444/835/835
f 432/800/800 444/835/835 492/799/799
f 492/799/799 444/835/835 496/837/837
f 492/799/799 496/837/837 508/798/798
f 508/798/798 496/837/837 512/839/839
f 508/798/798 512/839/839 524/797/797
f 524/797/797 512/839/839 528/796/796
f 528/796/796 512/839/839 516/838/838
f 528/796/796 516/838/838 532/795/795
f 532/795/795 516/838/838 520/793/793
f 532/795/795 520/793/793 536/794/794
f 30/763/763 38/764/764 28/811/811
f 28/811/811 38/764/764 64/813/813
f 28/811/811 64/813/813 60/814/814
f 60/814/814 64/813/813 106/816/816
f 60/814/814 106/816/816 102/779/779
f 102/779/779 106/816/816 178/778/778
f 178/778/778 106/816/816 182/817/817
f 178/778/778 182/817/817 210/769/769
f 210/769/769 182/817/817 184/768/768
f 184/768/768 182/817/817 106/816/816
f 184/768/768 106/816/816 138/767/767
f 138/767/767 106/816/816 114/815/815
f 138/767/767 114/815/815 98/766/766
f 98/766/766 114/815/815 64/813/813
f 98/766/766 64/813/813 66/765/765
f 66/765/765 64/813/813 38/764/764
f 210/769/769 216/770/770 178/778/778
f 178/778/778 216/770/770 232/771/771
f 178/778/778 232/771/771 236/772/772
f 236/772/772 238/773/773 178/778/778
f 178/778/778 238/773/773 242/774/774
f 178/778/778 242/774/774 246/775/775
f 246/775/775 252/776/776 178/778/778
f 178/778/778 252/776/776 256/777/777
f 102/779/779 56/780/780 60/814/814
f 60/814/814 56/780/780 16/812/812
f 60/814/814 16/812/812 28/811/811
f 28/811/811 16/812/812 20/810/810
f 56/780/780 12/781/781 16/812/812
f 16/812/812 12/781/781 8/809/809
f 16/812/812 8/809/809 20/810/810
f 20/810/810 8/809/809 52/819/819
f 12/781/781 4/782/782 8/809/809
f 8/809/809 4/782/782 48/818/818
f 8/809/809 48/818/818 52/819/819
f 52/819/819 48/818/818 92/821/821
f 4/782/782 44/783/783 48/818/818
f 48/818/818 44/783/783 88/820/820
f 48/818/818 88/820/820 92/821/821
f 92/821/821 88/820/820 174/823/823
f 44/783/783 84/784/784 88/820/820
f 88/820/820 84/784/784 170/822/822
f 88/820/820 170/822/822 174/823/823
f 174/823/823 170/822/822 228/825/825
f 84/784/784 166/785/785 170/822/822
f 170/822/822 166/785/785 224/824/824
f 170/822/822 224/824/824 228/825/825
f 228/825/825 224/824/824 298/827/827
f 166/785/785 220/786/786 224/824/824
f 224/824/824 220/786/786 294/826/826
f 224/824/824 294/826/826 298/827/827
f 298/827/827 294/826/826 324/829/829
f 220/786/786 290/787/787 294/826/826
f 294/826/826 290/787/787 328/828/828
f 294/826/826 328/828/828 324/829/829
f 324/829/829 328/828/828 358/831/831
f 290/787/787 332/788/788 328/828/828
f 328/828/828 332/788/788 362/830/830
f 328/828/828 362/830/830 358/831/831
f 358/831/831 362/830/830 398/833/833
f 332/788/788 366/789/789 362/830/830
f 362/830/830 366/789/789 402/832/832
f 362/830/830 402/832/832 398/833/833
f 398/833/833 402/832/832 444/835/835
f 366/789/789 406/790/790 402/832/832
f 402/832/832 406/790/790 448/834/834
f 402/832/832 448/834/834 444/835/835
f 444/835/835 448/834/834 496/837/837
f 406/790/790 452/791/791 448/834/834
f 448/834/834 452/791/791 500/836/836
f 448/834/834 500/836/836 496/837/837
f 496/837/837 500/836/836 512/839/839
f 452/791/791 504/792/792 500/836/836
f 500/836/836 504/792/792 516/838/838
f 500/836/836 516/838/838 512/839/839
f 504/792/792 520/793/793 516/838/838
f 114/815/815 106/816/816 64/813/813
f 488/840/840 480/841/841 524/864/864
f 524/864/864 480/841/841 508/863/863
f 508/863/863 480/841/841 440/842/842
f 508/863/863 440/842/842 492/862/862
f 492/862/862 440/842/842 410/843/843
f 492/862/862 410/843/843 432/861/861
f 432/861/861 410/843/843 376/844/844
f 432/861/861 376/844/844 388/860/860
f 388/860/860 376/844/844 354/859/859
f 354/859/859 376/844/844 342/845/845
f 354/859/859 342/845/845 320/858/858
f 320/858/858 342/845/845 302/846/846
f 320/858/858 302/846/846 278/857/857
f 278/857/857 302/846/846 268/847/847
f 278/857/857 268/847/847 208/856/856
f 208/856/856 268/847/847 150/855/855
f 150/855/855 268/847/847 198/848/848
f 150/855/855 198/848/848 72/854/854
f 72/854/854 198/848/848 142/849/849
f 72/854/854 142/849/849 36/853/853
f 36/853/853 142/849/849 96/850/850
f 36/853/853 96/850/850 24/852/852
f 24/852/852 96/850/850 76/851/851
f 467/888/888 468/865/865 453/887/887
f 453/887/887 468/865/865 454/866/866
f 453/887/887 454/866/866 419/886/886
f 419/886/886 454/866/866 420/867/867
f 419/886/886 420/867/867 389/885/885
f 389/885/885 420/867/867 390/868/868
f 389/885/885 390/868/868 367/884/884
f 367/884/884 390/868/868 368/869/869
f 367/884/884 368/869/869 333/883/883
f 333/883/883 368/869/869 334/870/870
f 333/883/883 334/870/870 303/882/882
f 303/882/882 334/870/870 304/871/871
f 303/882/882 304/871/871 269/881/881
f 269/881/881 304/871/871 270/872/872
f 269/881/881 270/872/872 199/880/880
f 199/880/880 270/872/872 200/873/873
f 199/880/880 200/873/873 157/879/879
f 157/879/879 200/873/873 158/874/874
f 157/879/879 158/874/874 131/878/878
f 131/878/878 158/874/874 132/875/875
f 131/878/878 132/875/875 117/877/877
f 117/877/877 132/875/875 118/876/876
f 472/889/889 122/890/890 458/900/900
f 458/900/900 122/890/890 136/891/891
f 458/900/900 136/891/891 424/899/899
f 424/899/899 136/891/891 162/892/892
f 424/899/899 162/892/892 394/898/898
f 394/898/898 162/892/892 204/893/893
f 394/898/898 204/893/893 372/897/897
f 372/897/897 204/893/893 274/894/894
f 372/897/897 274/894/894 338/896/896
f 338/896/896 274/894/894 308/895/895
# 536 vertices
# 900 texture params
# 900 normals
# 1068 facets

# 1 groups
