# File generated by ImageToStl.com - Free Image and 3D model conversion tools

mtllib 898_folding_fan_close.mtl

o obj1
v 0.00211838 0.01953477 0.00627493
v 0.00153488 0.01926722 0.00633693
v 0.00238274 0.0189494 0.00630849
v 0.00244261 0.01836846 0.00632124
v 0.00292418 0.01828452 0.00629688
v 0.00251424 0.01827701 0.00631964
v 0.00325802 0.01709615 0.00629903
v 0.00376509 0.01681732 0.00627127
v 0.00381725 0.01579964 0.0062764
v 0.00434591 0.01524427 0.00624382
v 0.00420381 0.01447414 0.00625326
v 0.00471501 0.01361546 0.00621539
v 0.00458198 0.01100259 0.00619267
v 0.0049089 0.01164378 0.00618097
v 0.00484239 0.00966365 0.00614641
v 0.0051688 0.00963314 0.00607852
v 0.00483843 0.00762944 0.00604354
v 0.00514626 0.00755826 0.00593244
v 0.00450312 0.00556388 0.00589762
v 0.00477867 0.00545139 0.00574526
v 0.0039455 0.00384341 0.00571719
v 0.00430245 0.00362076 0.00539613
v 0.00301121 0.00205983 0.00536889
v 0.00317922 0.00188183 0.00509553
v 0.00223378 0.00116776 0.00508307
v 0.0023407 0.00099598 0.00477622
v 0.00173213 0.00068352 0.00477076
v 0.00179647 0.00054104 0.00443788
v 0.00106291 0.00029048 0.0044335
v 0.00109029 0.00018708 0.0040818
v 0.00023739 5.804E-05 0.00407955
v 0.0006516 3.935E-05 0.00350092
v -1E-07 -8.61E-06 0.00350008
v -0.00064145 9.88E-05 0.00408026
v -0.00065147 3.945E-05 0.00350092
v -0.00126402 0.00017184 0.00350323
v -0.00145138 0.00029401 0.00408367
v -0.00230751 0.00060313 0.00351076
v -0.00215036 0.00058977 0.00408883
v -0.0030919 0.00119361 0.00409937
v -0.00209894 0.00068412 0.00444038
v -0.00302243 0.00127649 0.00445072
v -0.00202514 0.00082211 0.00477318
v -0.00292277 0.00139802 0.00478324
v -0.00193067 0.00100066 0.00508015
v -0.00279525 0.0015555 0.00508984
v -0.00181728 0.00121669 0.00535417
v -0.00264218 0.00174625 0.00536341
v -0.00162398 0.00158783 0.00567782
v -0.00238122 0.00207432 0.00568631
v -0.00148774 0.00185094 0.00583281
v -0.00219727 0.00230708 0.00584078
v -0.00134353 0.00213046 0.00594755
v -0.00200254 0.0025545 0.00595496
v -0.00119406 0.00242112 0.00601999
v -0.0018007 0.00281189 0.00602681
v -0.0013109 0.00287191 0.00605074
v -0.00168638 0.00314741 0.00605555
v 0.00441469 0.00892481 0.0061564
v 0.00451923 0.00770408 0.0061122
v 0.00421127 0.00568391 0.00600958
v 0.00369377 0.00400183 0.00587036
v 0.00272473 0.00236614 0.0056914
v 0.00210545 0.00137566 0.00535695
v 0.00164975 0.00086783 0.00507783
v 0.00102353 0.00044147 0.00476654
v 0.00023135 0.00016464 0.00443131
v 0.00357719 0.00587907 0.00610323
v 0.00390866 0.0058092 0.00607913
v 0.00342721 0.0041705 0.00598316
v 0.00252276 0.00258354 0.0058456
v 0.00188672 0.00173294 0.00568035
v 0.00155088 0.00109075 0.00535197
v 0.00097312 0.00063668 0.0050738
v 0.00022262 0.00032025 0.00476442
v -0.00062513 0.00020437 0.004432
v -0.00141543 0.00039487 0.00443533
v 0.00334495 0.00537219 0.00609439
v 0.00315085 0.00434625 0.00605359
v 0.00230893 0.00281469 0.0059595
v 0.00173258 0.00198628 0.00583518
v 0.00138241 0.00147365 0.00567583
v 0.00091261 0.00087269 0.00534817
v 0.00021143 0.00052136 0.00507178
v -0.00060172 0.00035848 0.00476509
v -0.00136381 0.00054222 0.0047683
v 0.0023433 0.00380614 0.00606705
v 0.00208728 0.0030552 0.00603105
v 0.00156943 0.00225547 0.00594974
v 0.00126371 0.00174504 0.00583096
v 0.00080952 0.00127788 0.00567241
v 0.00019801 0.00076447 0.00534628
v -0.00057177 0.00055768 0.00507242
v -0.00129772 0.00073275 0.00507547
v 0.00168626 0.00314771 0.00605556
v 0.00140034 0.00253542 0.00602198
v 0.00113808 0.00203333 0.00594586
v 0.0007369 0.00156498 0.00582782
v 0.00017517 0.00118174 0.00567073
v -0.00053582 0.00079849 0.00534687
v -0.0012184 0.00096316 0.00534974
v 0.00093586 0.00266558 0.00604714
v 0.00100791 0.00233308 0.00601845
v 0.00066005 0.00186989 0.00594301
v 0.00015911 0.00147734 0.00582629
v -0.00047453 0.00121186 0.00567126
v -0.0010832 0.0013588 0.00567382
v 0.00046173 0.00250096 0.00604427
v 0.00058042 0.00218686 0.0060159
v 0.00014213 0.00179125 0.00594163
v -0.00043133 0.00150471 0.00582677
v -0.00098792 0.00163916 0.00582912
v 0.00012454 0.00211754 0.00601469
v 0 0.00244726 0.00604333
v -0.00033821 0.002139 0.00601506
v -0.0004617 0.00250084 0.00604427
v -0.00078255 0.00224655 0.00601694
v -0.0009023 0.00265036 0.00604688
v -0.00181707 0.0032599 0.00605752
v -0.00232341 0.00328716 0.0060351
v -0.00255934 0.00306067 0.00596379
v -0.00278694 0.00284308 0.00585013
v -0.00300191 0.00263847 0.00569616
v -0.00330683 0.00235034 0.00537396
v -0.00348565 0.00218301 0.00510079
v -0.00363461 0.00204502 0.00479453
v -0.00375102 0.00193872 0.00446228
v -0.00383219 0.00186645 0.00411111
v -0.00380277 0.00174583 0.00353071
v -0.00483513 0.00300658 0.00355271
v -0.00494642 0.00329189 0.004136
v -0.00559172 0.00431132 0.00357549
v -0.00573118 0.00477028 0.0041618
v -0.00628974 0.00627394 0.00418805
v -0.00562792 0.00481002 0.00451239
v -0.00618193 0.00630125 0.00453842
v -0.0054801 0.00486979 0.00484384
v -0.00602765 0.00634327 0.00486956
v -0.00529103 0.00494827 0.00514906
v -0.00583035 0.00639907 0.00517438
v -0.00506403 0.00504415 0.00542098
v -0.00559345 0.00646773 0.00544583
v -0.00467673 0.00521035 0.00574105
v -0.00518921 0.00658742 0.00576509
v -0.00440353 0.00532892 0.00589352
v -0.00490403 0.00667316 0.00591699
v -0.0041142 0.00545538 0.00600559
v -0.00460199 0.00676484 0.00602845
v -0.00381419 0.00558736 0.00607525
v -0.00428878 0.00686073 0.00609748
v -0.0037162 0.00622567 0.00610928
v -0.00436834 0.00862814 0.00615122
v -0.00234318 0.00380693 0.00606706
v -0.00317311 0.00437938 0.00605417
v -0.00345052 0.00420505 0.00598377
v -0.00313501 0.00496813 0.00608733
v -0.00482707 0.00950466 0.00614363
v -0.00455805 0.0103136 0.00618064
v -0.00487902 0.01219785 0.00619064
v -0.00457061 0.01170977 0.00620501
v -0.00420408 0.01447522 0.00625328
v -0.00325752 0.01709583 0.00629902
v -0.00376481 0.01681712 0.00627127
v -0.00452861 0.01455202 0.00623173
v -0.00520634 0.01222142 0.00612369
v -0.00515333 0.00947084 0.00607568
v -0.00292402 0.01828476 0.00629689
v -0.00251401 0.01827718 0.00631965
v -0.00238203 0.01895039 0.00630851
v -0.00205765 0.01880592 0.00632887
v -0.00154209 0.01927066 0.00633698
v -0.00153488 0.01926722 0.00633693
v -0.00199696 0.01948072 0.00629907
v -0.00262181 0.01917579 0.00624508
v -0.00319071 0.01847697 0.00623289
v -0.00406303 0.01695513 0.00620632
v -0.00435063 0.017089 0.0060988
v -0.00515577 0.0147028 0.00605715
v -0.00544646 0.01477391 0.00590798
v -0.00582 0.012268 0.00586424
v -0.00624241 0.01230253 0.00554768
v -0.00618604 0.00937014 0.00549649
v -0.00643277 0.00934838 0.00522586
v -0.00244349 0.01967612 0.00617901
v -0.00285306 0.01939392 0.00613903
v -0.0034479 0.01866309 0.00612627
v -0.00462217 0.0172162 0.00595061
v -0.00585847 0.01487657 0.00559261
v -0.00648993 0.01232429 0.00527781
v -0.00663827 0.00933163 0.00492172
v -0.00285295 0.01984826 0.00598467
v -0.00307143 0.01960066 0.00599224
v -0.00369075 0.0188396 0.00597895
v -0.00500708 0.01739831 0.00563662
v -0.0060999 0.01493825 0.00532343
v -0.00669609 0.01234383 0.0049743
v -0.00679896 0.00932016 0.00459112
v -0.0032258 0.0200006 0.00571578
v -0.00338099 0.01989545 0.00568021
v -0.00403501 0.01909156 0.00566618
v -0.00523264 0.01750652 0.00536826
v -0.00630097 0.01499104 0.00502051
v -0.00685729 0.01236077 0.00464419
v -0.00691127 0.00931422 0.00424112
v -0.00354373 0.02012841 0.00538217
v -0.00356243 0.02006963 0.005413
v -0.00423678 0.01924065 0.00539853
v -0.00542048 0.01759806 0.00506601
v -0.00645818 0.01503401 0.00469086
v -0.00696995 0.01237475 0.00429454
v -0.00701622 0.00967982 0.0036692
v -0.00656083 0.00697974 0.00362207
v -0.00379714 0.02023011 0.00499017
v -0.00440484 0.01936619 0.00509687
v -0.00453623 0.01946599 0.00476822
v -0.0039671 0.02029995 0.0045741
v -0.00462802 0.01953787 0.00441957
v -0.00405891 0.02034112 0.00413079
v -0.00407603 0.02035309 0.0038555
v -0.00502852 0.01907627 0.00383321
v -0.00566986 0.01772481 0.00438793
v -0.00556732 0.01767135 0.00473689
v -0.00573358 0.01776503 0.00381032
v -0.00663659 0.01509282 0.00376368
v -0.00656804 0.01506619 0.00434152
v -0.00704032 0.01238993 0.0037165
v -0.0031345 0.00114802 0.00352027
v 0.00126465 0.00017152 0.00350323
v 0.00184124 0.00044357 0.00408628
v 0.00242422 0.00086328 0.0044435
v 0.00331918 0.00173496 0.00478912
v 0.00451171 0.00349179 0.00512363
v 0.0051693 0.00529378 0.00542534
v 0.0054369 0.00749188 0.00578087
v 0.00548357 0.00960451 0.00596815
v 0.00523691 0.0116553 0.00611381
v 0.00230802 0.00060269 0.00351075
v 0.00248238 0.00077261 0.00409202
v 0.00342855 0.00162172 0.00445674
v 0.00468602 0.00338576 0.00481793
v 0.00539824 0.00520292 0.0051535
v 0.00584888 0.00739963 0.0054621
v 0.00578078 0.00957831 0.00581729
v 0.00555323 0.01166719 0.00600416
v 0.00503869 0.0136699 0.00614898
v 0.00313452 0.00114822 0.00352028
v 0.00350481 0.00154462 0.0041055
v 0.00482228 0.00330445 0.00448611
v 0.00558892 0.00512863 0.00484836
v 0.00609031 0.00734707 0.00519093
v 0.00620205 0.00954301 0.00549951
v 0.00585188 0.01167924 0.00585397
v 0.00535082 0.01372316 0.00604005
v 0.00466082 0.01533759 0.00617809
v 0.0038045 0.00174575 0.00353071
v 0.00491738 0.00324964 0.00413526
v 0.00573801 0.00507214 0.00451697
v 0.00629139 0.00730467 0.00488634
v 0.00644893 0.00952382 0.00522892
v 0.0062752 0.01169814 0.00553713
v 0.00564552 0.01377426 0.00589053
v 0.00496451 0.01542835 0.00606981
v 0.00406331 0.01695531 0.00620633
v 0.00483492 0.00300679 0.00355272
v 0.00558657 0.0043127 0.00357551
v 0.00584217 0.0050347 0.00416642
v 0.00656144 0.00697909 0.00362205
v 0.00655849 0.00725312 0.00420514
v 0.00701492 0.00968006 0.0036692
v 0.00692769 0.0094946 0.00424427
v 0.00700434 0.01174306 0.00428351
v 0.00689143 0.0117334 0.00463324
v 0.00667128 0.01396422 0.00467218
v 0.00651187 0.01393225 0.00500202
v 0.00609424 0.01577676 0.00503422
v 0.00589586 0.0157135 0.00533697
v 0.00523295 0.01750664 0.00536827
v 0.00500738 0.01739844 0.00563663
v 0.00403519 0.01909127 0.00566617
v 0.00369092 0.01883933 0.00597895
v 0.00338604 0.01988981 0.00568011
v 0.00307482 0.01959679 0.00599217
v 0.00307252 0.01993839 0.00583908
v 0.00266383 0.01976947 0.00608565
v 0.00704303 0.01238963 0.0037165
v 0.0067827 0.01398867 0.00432271
v 0.00624936 0.01582786 0.00470471
v 0.0054208 0.01759817 0.00506601
v 0.00423697 0.01924035 0.00539853
v 0.0035687 0.02006269 0.00541288
v 0.00343177 0.02008353 0.0055142
v 0.00663549 0.01509186 0.00376366
v 0.00635776 0.0158657 0.00435547
v 0.00556764 0.01767145 0.00473689
v 0.00440503 0.01936589 0.00509687
v 0.00370615 0.0201935 0.00515036
v 0.00573392 0.0177651 0.00381033
v 0.00567019 0.0177249 0.00438793
v 0.00453642 0.01946568 0.00476821
v 0.00502898 0.01907609 0.00383321
v 0.00462822 0.01953755 0.00441957
v 0.0039109 0.02027649 0.00473741
v 0.00407604 0.0203528 0.00385549
v 0.00403294 0.02032866 0.00430508
v 0.00285549 0.01939109 0.00613898
v 0.00262334 0.01917392 0.00624505
v 0.00319087 0.01847671 0.00623288
v 0.00344807 0.01866282 0.00612627
v 0.00435092 0.01708917 0.0060988
v 0.00462246 0.01721635 0.00595062
v 0.00565768 0.01563919 0.00560592
v 0.006308 0.01389344 0.0053052
v 0.00672987 0.01172253 0.00496345
v 0.00681533 0.00949941 0.00459425
v 0.00525124 0.01551484 0.00592092
v 0.00606323 0.01384848 0.00557466
v 0.00652327 0.0117107 0.0052671
v 0.00665455 0.00950922 0.00492482
v 0.00644862 0.00727312 0.00455539
v -0.00038561 0.00181571 0.00594206
v -0.00088707 0.00193695 0.00594418
v -0.0037181 0.00403775 0.00587098
v -0.0039708 0.00388064 0.00571784
v -0.00432912 0.00365982 0.00539682
v -0.0045392 0.00353194 0.00512433
v -0.00471418 0.00342682 0.00481865
v -0.00485096 0.00334621 0.00448684
v -0.00546795 0.00943901 0.00596526
v -0.00552199 0.01224495 0.00601424
v -0.00484788 0.01462837 0.00616571
v -0.005765 0.00940978 0.00581435
v -0.01284446 0.26995015 0.00821227
v -0.00496506 0.04486711 0.0042834
v -0.00886305 0.15740216 0.0067027
v -0.00494254 0.04486237 0.00460791
v -0.00487677 0.04485925 0.00492618
v -0.00872934 0.15739872 0.00716804
v -0.00462629 0.04485784 0.00552533
v -0.0084975 0.15739901 0.0076159
v -0.00423522 0.04486276 0.00604353
v -0.00817298 0.15740339 0.00801578
v -0.00399373 0.04486756 0.00626062
v -0.00777348 0.1574117 0.00834069
v -0.00372519 0.04487391 0.00644349
v -0.00732596 0.15742332 0.00857291
v -0.0034305 0.0448818 0.00659006
v -0.00311853 0.044891 0.00669688
v -0.00686092 0.15743725 0.00870697
v -0.00279525 0.04490131 0.00676227
v -0.01025543 0.26740691 0.01066825
v -0.00246665 0.04491257 0.00678457
v -0.01072654 0.26786248 0.01063446
v -0.01120844 0.26833007 0.01050881
v -0.01167217 0.26878184 0.01028468
v -0.01208615 0.26918719 0.00996699
v -0.01242244 0.26951884 0.00957297
v -0.01266268 0.2697586 0.0091293
v -0.01280124 0.26990048 0.00866638
v -0.01072654 0.26786248 0.01063446
v -0.01025543 0.26740691 0.01066825
v 0 0.26786248 0.01063446
v 0.01025543 0.26740691 0.01066825
v 0.01072654 0.26786248 0.01063446
v 0 0.26833007 0.01050881
v 0.01120844 0.26833007 0.01050881
v -0 0.26878184 0.01028468
v 0.01167217 0.26878184 0.01028468
v 0 0.26918719 0.00996699
v 0.01208615 0.26918719 0.00996699
v 0 0.26951884 0.00957297
v 0.01242244 0.26951884 0.00957297
v 0 0.2697586 0.0091293
v 0.01266268 0.2697586 0.0091293
v -0 0.26990048 0.00866638
v 0.01280124 0.26990048 0.00866638
v 0.01284446 0.26995015 0.00821227
v -0.01284446 0.26995015 0.00821227
v -0.01280124 0.26990048 0.00866638
v -0.01266268 0.2697586 0.0091293
v -0.01242244 0.26951884 0.00957297
v -0.01208615 0.26918719 0.00996699
v -0.01167217 0.26878184 0.01028468
v -0.01120844 0.26833007 0.01050881
v 0.00407604 0.0203528 0.00385549
v 0.00496506 0.04486711 0.0042834
v 0.00403294 0.02032866 0.00430508
v 0.00445744 0.03203718 0.00451443
v 0.0039109 0.02027649 0.00473741
v 0.00432373 0.03203392 0.00497977
v 0.00370615 0.0201935 0.00515036
v 0.0040919 0.03203453 0.00542763
v 0.00343177 0.02008353 0.0055142
v 0.0037674 0.03203934 0.00582752
v 0.00307252 0.01993839 0.00583908
v 0.00336792 0.03204818 0.00615245
v 0.00266383 0.01976947 0.00608565
v 0.00292042 0.03206038 0.00638468
v 0.00211838 0.01953477 0.00627493
v 0.0024554 0.03207494 0.00651875
v 0.00153488 0.01926722 0.00633693
v 0.00279525 0.04490116 0.00676227
v 0.00246665 0.04491257 0.00678457
v 0.00494253 0.04486212 0.00460791
v 0.00487675 0.04485882 0.00492617
v 0.00462626 0.04485719 0.00552532
v 0.0042352 0.04486208 0.00604352
v 0.0039937 0.04486693 0.00626061
v 0.00372517 0.04487335 0.00644348
v 0.00343049 0.04488136 0.00659005
v 0.00311852 0.04489069 0.00669687
v 0.00246665 0.04491257 0.00678457
v 0.00279525 0.04490116 0.00676227
v 0.01025543 0.26740691 0.01066825
v 0.01072654 0.26786248 0.01063446
v 0.00686092 0.15743717 0.00870697
v 0.00732596 0.15742322 0.00857291
v 0.00311852 0.04489069 0.00669687
v 0.00343049 0.04488136 0.00659005
v 0.00372517 0.04487335 0.00644348
v 0.00777347 0.15741161 0.00834069
v 0.01120844 0.26833007 0.01050881
v 0.01167217 0.26878184 0.01028468
v 0.00817297 0.15740329 0.00801578
v 0.01208615 0.26918719 0.00996699
v 0.0084975 0.15739892 0.0076159
v 0.01242244 0.26951884 0.00957297
v 0.00872934 0.15739862 0.00716803
v 0.01266268 0.2697586 0.0091293
v 0.00886305 0.15740206 0.00670269
v 0.01280124 0.26990048 0.00866638
v 0.01284446 0.26995015 0.00821227
v 0.00494253 0.04486212 0.00460791
v 0.00496506 0.04486711 0.0042834
v 0.0039937 0.04486693 0.00626061
v 0.0042352 0.04486208 0.00604352
v 0.00462626 0.04485719 0.00552532
v 0.00487675 0.04485882 0.00492617
v -0.00153488 0.01926722 0.00633693
v -0.00246665 0.04491257 0.00678457
v -0.00154209 0.01927066 0.00633698
v -0.00245497 0.03207505 0.00651883
v -0.00199696 0.01948072 0.00629907
v -0.00244349 0.01967612 0.00617901
v -0.00292043 0.03206048 0.00638468
v -0.00285295 0.01984826 0.00598467
v -0.00336792 0.03204827 0.00615245
v -0.0032258 0.0200006 0.00571578
v -0.0037674 0.03203943 0.00582752
v -0.00354373 0.02012841 0.00538217
v -0.00409191 0.03203462 0.00542764
v -0.00379714 0.02023011 0.00499017
v -0.00432374 0.03203402 0.00497977
v -0.0039671 0.02029995 0.0045741
v -0.00445744 0.03203728 0.00451443
v -0.00405891 0.02034112 0.00413079
v -0.00407603 0.02035309 0.0038555
v -0.00494254 0.04486237 0.00460791
v -0.00496506 0.04486711 0.0042834
v -0.00279525 0.04490131 0.00676227
v -0.00311853 0.044891 0.00669688
v -0.0034305 0.0448818 0.00659006
v -0.00372519 0.04487391 0.00644349
v -0.00399373 0.04486756 0.00626062
v -0.00423522 0.04486276 0.00604353
v -0.00462629 0.04485784 0.00552533
v -0.00487677 0.04485925 0.00492618
v 0.00407434 0.02036025 0.00335555
v 0.00407604 0.0203528 0.00385549
v 0.00489953 0.01928156 0.00358676
v 0.00502898 0.01907609 0.00383321
v 0.00563803 0.01797139 0.00356389
v 0.00573392 0.0177651 0.00381033
v 0.00663549 0.01509186 0.00376366
v 0.00670875 0.01477803 0.00350815
v 0.00704303 0.01238963 0.0037165
v 0.00708069 0.01121154 0.00344589
v 0.00701492 0.00968006 0.0036692
v 0.00675058 0.00781581 0.00338662
v 0.00656144 0.00697909 0.00362205
v 0.00578527 0.00473812 0.0033329
v 0.00558657 0.0043127 0.00357551
v 0.00505598 0.00335463 0.00330875
v 0.00483492 0.00300679 0.00355272
v 0.00418367 0.00215976 0.00328789
v 0.0038045 0.00174575 0.00353071
v 0.00320026 0.00120487 0.00327123
v 0.00313452 0.00114822 0.00352028
v 0.00230802 0.00060269 0.00351075
v 0.00214631 0.00052258 0.00325932
v 0.00126465 0.00017152 0.00350323
v 0.0010657 0.00012322 0.00325235
v 0.0006516 3.935E-05 0.00350092
v -5E-08 -4.36E-06 0.00325012
v -1E-07 -8.61E-06 0.00350008
v -0.00065147 3.945E-05 0.00350092
v -0.0010657 0.00012322 0.00325235
v -0.00126402 0.00017184 0.00350323
v -0.00214631 0.00052258 0.00325932
v -0.00230751 0.00060313 0.00351076
v -0.00320026 0.00120487 0.00327123
v -0.0031345 0.00114802 0.00352027
v -0.00380277 0.00174583 0.00353071
v -0.00418367 0.00215976 0.00328789
v -0.00483513 0.00300658 0.00355271
v -0.00544004 0.00402656 0.00332048
v -0.00559172 0.00431132 0.00357549
v -0.00635208 0.00624719 0.00335924
v -0.00656083 0.00697974 0.00362207
v -0.00689127 0.00862241 0.0034007
v -0.00701622 0.00967982 0.0036692
v -0.00708069 0.01121154 0.00344589
v -0.00704032 0.01238993 0.0037165
v -0.00687121 0.01389995 0.00349282
v -0.00663659 0.01509282 0.00376368
v -0.00625181 0.01645408 0.0035374
v -0.00573358 0.01776503 0.00381032
v -0.00528207 0.01865464 0.00357582
v -0.00502852 0.01907627 0.00383321
v -0.00407434 0.02036025 0.00335555
v -0.00407603 0.02035309 0.0038555
v -0.00489953 0.01928592 0.0033368
v -0.00563803 0.01797575 0.00331393
v -0.00670875 0.01478239 0.00325819
v -0.00708069 0.0112159 0.00319593
v -0.00675058 0.00782017 0.00313666
v -0.00578527 0.00474248 0.00308294
v -0.00505598 0.00335899 0.00305879
v -0.00418367 0.00216412 0.00303793
v -0.00320026 0.00120924 0.00302126
v -0.00214631 0.00052694 0.00300935
v -0.0010657 0.00012758 0.00300238
v 0 -0 0.00300016
v 0.0010657 0.00012758 0.00300238
v 0.00214631 0.00052694 0.00300935
v 0.00320026 0.00120924 0.00302126
v 0.00418367 0.00216412 0.00303793
v 0.00505598 0.00335899 0.00305879
v 0.00578527 0.00474248 0.00308294
v 0.00675058 0.00782017 0.00313666
v 0.00708069 0.0112159 0.00319593
v 0.00670875 0.01478239 0.00325819
v 0.00563803 0.01797575 0.00331393
v 0.00489953 0.01928592 0.0033368
v -0.00407434 0.02036025 0.00335555
v -0.00407603 0.02035309 0.0038555
v -0.0045197 0.03261368 0.00381947
v -0.00496506 0.04486711 0.0042834
v -0.00496506 0.04487583 0.00378347
v -0.00496506 0.04487583 0.00378347
v -0.00496506 0.04486711 0.0042834
v -0.00890476 0.157413 0.00599787
v -0.01284446 0.26995015 0.00821227
v -0.01284446 0.26995889 0.00771234
v 0.01025543 0.26740691 0.01066825
v -0.01025543 0.26740691 0.01066825
v -0 0.13492709 0.00835579
v -0.00246665 0.04491257 0.00678457
v -0.00153488 0.01926722 0.00633693
v -0.00205765 0.01880592 0.00632887
v -0.00181707 0.0032599 0.00605752
v -0.00168638 0.00314741 0.00605555
v -0.0013109 0.00287191 0.00605074
v -0.00234318 0.00380693 0.00606706
v -0.00251401 0.01827718 0.00631965
v -0.00313501 0.00496813 0.00608733
v -0.00325752 0.01709583 0.00629902
v -0.0037162 0.00622567 0.00610928
v -0.00420408 0.01447522 0.00625328
v -0.00436834 0.00862814 0.00615122
v -0.00457061 0.01170977 0.00620501
v -0.00455805 0.0103136 0.00618064
v -0.0009023 0.00265036 0.00604688
v -0.0004617 0.00250084 0.00604427
v 0 0.00244726 0.00604333
v 0.00046173 0.00250096 0.00604427
v 0.00153488 0.01926722 0.00633693
v 0.00093586 0.00266558 0.00604714
v 0.00168626 0.00314771 0.00605556
v 0.0023433 0.00380614 0.00606705
v 0.00334495 0.00537219 0.00609439
v 0.00325802 0.01709615 0.00629903
v 0.00251424 0.01827701 0.00631964
v 0.00244261 0.01836846 0.00632124
v 0.00357719 0.00587907 0.00610323
v 0.00381725 0.01579964 0.0062764
v 0.00420381 0.01447414 0.00625326
v 0.00441469 0.00892481 0.0061564
v 0.00458198 0.01100259 0.00619267
v 0.00246665 0.04491257 0.00678457
v 0.01284446 0.26995889 0.00771234
v 0.01284446 0.26995015 0.00821227
v 0.00890476 0.157413 0.00599787
v 0.00496506 0.04486711 0.0042834
v 0.00496506 0.04487583 0.00378347
v 0.00496506 0.04487583 0.00378347
v 0.00496506 0.04486711 0.0042834
v 0.0045197 0.03261368 0.00381947
v 0.00407604 0.0203528 0.00385549
v 0.00407434 0.02036025 0.00335555
v -0.01284446 0.26995889 0.00771234
v -0.01284446 0.26995015 0.00821227
v 0 0.26995452 0.0079623
v 0.01284446 0.26995015 0.00821227
v 0.01284446 0.26995889 0.00771234
v -0.00496506 0.04487583 0.00378347
v -0.01284446 0.26995889 0.00771234
v 0 0.13497944 0.00535625
v 0.01284446 0.26995889 0.00771234
v 0.00496506 0.04487583 0.00378347
v 0 -0 0.00300016
v 0.00407434 0.02036025 0.00335555
v 0.0010657 0.00012758 0.00300238
v 0.00214631 0.00052694 0.00300935
v 0.00320026 0.00120924 0.00302126
v 0.00418367 0.00216412 0.00303793
v 0.00489953 0.01928592 0.0033368
v 0.00505598 0.00335899 0.00305879
v 0.00563803 0.01797575 0.00331393
v 0.00578527 0.00474248 0.00308294
v 0.00670875 0.01478239 0.00325819
v 0.00675058 0.00782017 0.00313666
v 0.00708069 0.0112159 0.00319593
v -0.0010657 0.00012758 0.00300238
v -0.00407434 0.02036025 0.00335555
v -0.00214631 0.00052694 0.00300935
v -0.00320026 0.00120924 0.00302126
v -0.00418367 0.00216412 0.00303793
v -0.00489953 0.01928592 0.0033368
v -0.00505598 0.00335899 0.00305879
v -0.00563803 0.01797575 0.00331393
v -0.00578527 0.00474248 0.00308294
v -0.00670875 0.01478239 0.00325819
v -0.00675058 0.00782017 0.00313666
v -0.00708069 0.0112159 0.00319593
v 0.00396569 0.04491148 0.0037841
v 0.00639755 0.11437999 0.00499668
v 3.39E-05 0.05742684 0.00400255
v -0.00639755 0.11437999 0.00499668
v -0.00396569 0.04491148 0.0037841
v -0.00308464 0.02066199 0.00336082
v -0.00026484 0.0005089 0.00300904
v 0.00308465 0.02066209 0.00336082
v 0.00051336 0.00053341 0.00300947
v 0.00127147 0.0007054 0.00301247
v -0.00336143 0.02038261 0.00335594
v -0.00284744 0.00156749 0.00302752
v -0.0019028 0.00096499 0.003017
v -0.00110539 0.00065539 0.0030116
v -0.00374846 0.00242585 0.0030425
v -0.00382302 0.01988365 0.00334723
v -0.00462588 0.01877477 0.00332787
v -0.0049905 0.0042551 0.00307443
v -0.00551879 0.01700276 0.00329694
v -0.00567901 0.005834 0.00310199
v -0.0062584 0.01447594 0.00325284
v -0.00641796 0.00886157 0.00315484
v -0.00655551 0.01197586 0.0032092
v 0.00209963 0.00106763 0.00301879
v 0.00285314 0.00157167 0.00302759
v 0.00364014 0.00230381 0.00304037
v 0.00390306 0.01978684 0.00334554
v 0.00456925 0.00353287 0.00306182
v 0.00504655 0.01803381 0.00331494
v 0.00548526 0.00533535 0.00309329
v 0.00596977 0.01567992 0.00327385
v 0.00615022 0.00742404 0.00312974
v 0.00642453 0.01346 0.0032351
v 0.00646058 0.0091706 0.00316023
v 0.00654414 0.01223388 0.0032137
v 0.00657403 0.01078898 0.00318848
v 0.00396569 0.04491148 -0.00378408
v 0.00639755 0.11437999 -0.00499665
v 0.00518162 0.07964574 1E-08
v 0.00639755 0.11437999 0.00499668
v 0.00396569 0.04491148 0.0037841
v -0.00308464 0.02066199 -0.00336081
v -0.00308464 0.02066199 0.00336082
v -0.00352517 0.03278673 0
v -0.00396569 0.04491148 0.0037841
v -0.00396569 0.04491148 -0.00378408
v 0.00390306 0.01978684 0.00334554
v 0.003415 0.02032855 0.00168041
v 0.00308465 0.02066209 0.00336082
v 0.003415 0.02032855 0.00084021
v 0.003415 0.02032855 0
v 0.00471709 0.01862672 0.00084021
v 0.00471709 0.01862672 0
v 0.00573148 0.0164348 0.00084021
v 0.00573148 0.0164348 0
v 0.0062264 0.01463299 0.00084021
v 0.0062264 0.01463299 0
v 0.00650867 0.01271544 0.00084021
v 0.00650867 0.01271544 0
v 0.00640992 0.00879059 0.0008402
v 0.00640992 0.00879059 0
v 0.00584273 0.00631278 0.0008402
v 0.00584273 0.00631278 0
v 0.00492557 0.00413904 0.0008402
v 0.00492557 0.00413904 0
v 0.0037201 0.00239389 0.0008402
v 0.0037201 0.00239389 0
v 0.00283881 0.0015618 0.0008402
v 0.00283881 0.0015618 0
v 0.0019026 0.00096621 0.0008402
v 0.0019026 0.00096621 0
v 0.00093221 0.00061108 0.0008402
v 0.00093221 0.00061108 0
v -5.16E-05 0.00050033 0.0008402
v -5.16E-05 0.00050033 0
v -0.00071284 0.00056484 0.0008402
v -0.00071284 0.00056484 0
v -0.00137018 0.00074029 0.0008402
v -0.00137018 0.00074029 0
v -0.00201726 0.00102528 0.0008402
v -0.00201726 0.00102528 0
v -0.00264773 0.00141845 0.0008402
v -0.00264773 0.00141845 0
v -0.00383345 0.00252376 0.0008402
v -0.00383345 0.00252376 0
v -0.00493916 0.00416158 0.0008402
v -0.00493916 0.00416158 0
v -0.00579651 0.00616689 0.0008402
v -0.00579651 0.00616689 0
v -0.00635587 0.00844107 0.0008402
v -0.00635587 0.00844107 0
v -0.00657591 0.01118511 0.00084021
v -0.00657591 0.01118511 0
v -0.0063562 0.01392716 0.00084021
v -0.0063562 0.01392716 0
v -0.00571259 0.01648874 0.00084021
v -0.00571259 0.01648874 0
v -0.00470394 0.01864904 0.00084021
v -0.00470394 0.01864904 0
v -0.00341494 0.02032861 0.00084021
v -0.00341494 0.02032861 0
v -0.00308464 0.02066199 0.00336082
v -0.00308464 0.02066199 -0.00336081
v 0.00471709 0.01862672 0.00168041
v 0.00504655 0.01803381 0.00331494
v 0.00573148 0.0164348 0.00168041
v 0.00596977 0.01567992 0.00327385
v 0.0062264 0.01463299 0.00168041
v 0.00642453 0.01346 0.0032351
v 0.00650867 0.01271544 0.00168041
v 0.00654414 0.01223388 0.0032137
v 0.00657403 0.01078898 0.00318848
v 0.00640992 0.00879059 0.00168041
v 0.00646058 0.0091706 0.00316023
v 0.00615022 0.00742404 0.00312974
v 0.00584273 0.00631278 0.00168041
v 0.00548526 0.00533535 0.00309329
v 0.00492557 0.00413904 0.00168041
v 0.00456925 0.00353287 0.00306182
v 0.0037201 0.00239389 0.00168041
v 0.00364014 0.00230381 0.00304037
v 0.00283881 0.0015618 0.00168041
v 0.00285314 0.00157167 0.00302759
v 0.00209963 0.00106763 0.00301879
v 0.0019026 0.00096621 0.00168041
v 0.00127147 0.0007054 0.00301247
v 0.00093221 0.00061108 0.00168041
v 0.00051336 0.00053341 0.00300947
v -5.16E-05 0.00050033 0.00168041
v -0.00026484 0.0005089 0.00300904
v -0.00071284 0.00056484 0.00168041
v -0.00110539 0.00065539 0.0030116
v -0.00137018 0.00074029 0.00168041
v -0.0019028 0.00096499 0.003017
v -0.00201726 0.00102528 0.00168041
v -0.00264773 0.00141845 0.00168041
v -0.00284744 0.00156749 0.00302752
v -0.00383345 0.00252376 0.00168041
v -0.00374846 0.00242585 0.0030425
v -0.0049905 0.0042551 0.00307443
v -0.00493916 0.00416158 0.00168041
v -0.00567901 0.005834 0.00310199
v -0.00579651 0.00616689 0.00168041
v -0.00635587 0.00844107 0.00168041
v -0.00641796 0.00886157 0.00315484
v -0.00657591 0.01118511 0.00168041
v -0.00655551 0.01197586 0.0032092
v -0.0063562 0.01392716 0.00168041
v -0.0062584 0.01447594 0.00325284
v -0.00571259 0.01648874 0.00168041
v -0.00551879 0.01700276 0.00329694
v -0.00470394 0.01864904 0.00168041
v -0.00462588 0.01877477 0.00332787
v -0.00382302 0.01988365 0.00334723
v -0.00341494 0.02032861 0.00168041
v -0.00336143 0.02038261 0.00335594
v -0.00389469 0.01979717 -0.00334571
v -0.00503293 0.01806056 -0.0033154
v -0.00595336 0.01573611 -0.00327483
v -0.00641416 0.01352777 -0.00323628
v -0.00652742 0.01246213 -0.00321768
v -0.00657678 0.01105809 -0.00319317
v -0.00648479 0.00938697 -0.00316401
v -0.00617397 0.00752007 -0.00313142
v -0.00551835 0.00541118 -0.00309461
v -0.0046059 0.00358861 -0.0030628
v -0.00367352 0.00234018 -0.003041
v -0.00288717 0.00159916 -0.00302807
v -0.00213169 0.00108625 -0.00301912
v -0.00130026 0.00071537 -0.00301264
v -0.00062049 0.00054849 -0.00300973
v 0.00024272 0.0005075 -0.00300901
v 0.00108223 0.00064856 -0.00301148
v 0.00187948 0.00095276 -0.00301679
v 0.00290296 0.0016113 -0.00302828
v 0.00374547 0.00242247 -0.00304244
v 0.0048173 0.00394863 -0.00306908
v 0.00567307 0.00582415 -0.00310182
v 0.00641609 0.00884526 -0.00315455
v 0.00655779 0.01196161 -0.00320895
v 0.0064874 0.01293108 -0.00322587
v 0.00632121 0.01414312 -0.00324702
v 0.00552048 0.01699825 -0.00329686
v 0.00462597 0.01877417 -0.00332786
v 0.00382217 0.01988452 -0.00334724
v 0.00336118 0.02038289 -0.00335594
v 0.00308465 0.02066209 -0.00336081
v 0.00396569 0.04491148 -0.00378408
v 0.00396569 0.04491148 0.0037841
v 0.00352517 0.03278679 0
v 0.00308465 0.02066209 0.00336082
v 0.00308465 0.02066209 -0.00336081
v -0.00396569 0.04491148 -0.00378408
v -0.00639755 0.11437999 -0.00499665
v -5.81E-05 0.0574243 -0.00400249
v 0.00639755 0.11437999 -0.00499665
v 0.00396569 0.04491148 -0.00378408
v 0.00308465 0.02066209 -0.00336081
v 0.00024272 0.0005075 -0.00300901
v -0.00062049 0.00054849 -0.00300973
v 0.00336118 0.02038289 -0.00335594
v 0.00290296 0.0016113 -0.00302828
v 0.00187948 0.00095276 -0.00301679
v 0.00108223 0.00064856 -0.00301148
v 0.00374547 0.00242247 -0.00304244
v 0.00382217 0.01988452 -0.00334724
v 0.00462597 0.01877417 -0.00332786
v 0.0048173 0.00394863 -0.00306908
v 0.00552048 0.01699825 -0.00329686
v 0.00567307 0.00582415 -0.00310182
v 0.00632121 0.01414312 -0.00324702
v 0.00641609 0.00884526 -0.00315455
v 0.0064874 0.01293108 -0.00322587
v 0.00655779 0.01196161 -0.00320895
v -0.00308464 0.02066199 -0.00336081
v -0.00130026 0.00071537 -0.00301264
v -0.00213169 0.00108625 -0.00301912
v -0.00288717 0.00159916 -0.00302807
v -0.00367352 0.00234018 -0.003041
v -0.00389469 0.01979717 -0.00334571
v -0.0046059 0.00358861 -0.0030628
v -0.00503293 0.01806056 -0.0033154
v -0.00551835 0.00541118 -0.00309461
v -0.00595336 0.01573611 -0.00327483
v -0.00617397 0.00752007 -0.00313142
v -0.00641416 0.01352777 -0.00323628
v -0.00648479 0.00938697 -0.00316401
v -0.00652742 0.01246213 -0.00321768
v -0.00657678 0.01105809 -0.00319317
v -0.00396569 0.04491148 0.0037841
v -0.00639755 0.11437999 0.00499668
v -0.00518162 0.07964574 1E-08
v -0.00639755 0.11437999 -0.00499665
v -0.00396569 0.04491148 -0.00378408
v 0.00639755 0.11437999 0.00499668
v 0.00639755 0.11437999 -0.00499665
v 0 0.11437999 2E-08
v -0.00639755 0.11437999 -0.00499665
v -0.00639755 0.11437999 0.00499668
v -0.00153488 0.01926722 -0.00633692
v -0.00205765 0.01880592 -0.00632887
v -0.00154209 0.01927066 -0.00633697
v -0.00238203 0.01895039 -0.0063085
v -0.00199696 0.01948072 -0.00629907
v -0.00262181 0.01917579 -0.00624508
v -0.00244349 0.01967612 -0.006179
v -0.00285306 0.01939392 -0.00613902
v -0.00285295 0.01984826 -0.00598466
v -0.00307143 0.01960066 -0.00599223
v -0.0032258 0.0200006 -0.00571577
v -0.00338099 0.01989545 -0.00568021
v -0.00356243 0.02006963 -0.005413
v -0.00423678 0.01924065 -0.00539853
v -0.00354373 0.02012841 -0.00538216
v -0.00440484 0.01936619 -0.00509687
v -0.00379713 0.02023011 -0.00499017
v -0.00453623 0.01946599 -0.00476821
v -0.0039671 0.02029995 -0.0045741
v -0.00462802 0.01953787 -0.00441957
v -0.00405891 0.02034111 -0.00413078
v -0.00502852 0.01907627 -0.00383321
v -0.00407603 0.02035309 -0.00385549
v -0.00251401 0.01827718 -0.00631964
v -0.00292402 0.01828476 -0.00629688
v -0.00319071 0.01847697 -0.00623288
v -0.00406303 0.01695513 -0.00620632
v -0.00435063 0.017089 -0.00609879
v -0.00515577 0.0147028 -0.00605714
v -0.00544645 0.01477391 -0.00590798
v -0.00582 0.012268 -0.00586424
v -0.00624241 0.01230253 -0.00554767
v -0.00618604 0.00937014 -0.00549649
v -0.00643277 0.00934838 -0.00522586
v -0.00583034 0.00639908 -0.00517438
v -0.00602765 0.00634327 -0.00486956
v -0.0054801 0.00486979 -0.00484384
v -0.00562792 0.00481002 -0.00451239
v -0.00485096 0.00334621 -0.00448684
v -0.00494642 0.00329189 -0.00413599
v -0.00383219 0.00186645 -0.00411111
v -0.00483513 0.00300658 -0.00355271
v -0.00380277 0.00174584 -0.00353071
v -0.0030919 0.00119361 -0.00409937
v -0.0031345 0.00114802 -0.00352027
v -0.00230751 0.00060313 -0.00351076
v -0.00215036 0.00058977 -0.00408883
v -0.00145138 0.00029401 -0.00408367
v -0.00209894 0.00068412 -0.00444038
v -0.00141543 0.00039487 -0.00443533
v -0.00202514 0.00082211 -0.00477318
v -0.00136381 0.00054222 -0.0047683
v -0.00193067 0.00100066 -0.00508015
v -0.00129772 0.00073275 -0.00507547
v -0.00181728 0.0012167 -0.00535417
v -0.0012184 0.00096316 -0.00534974
v -0.00162398 0.00158783 -0.00567782
v -0.0010832 0.0013588 -0.00567382
v -0.00148774 0.00185094 -0.00583281
v -0.00098792 0.00163916 -0.00582912
v -0.00134353 0.00213046 -0.00594755
v -0.00088707 0.00193696 -0.00594418
v -0.00119405 0.00242112 -0.00601998
v -0.00078255 0.00224655 -0.00601694
v -0.0009023 0.00265036 -0.00604687
v -0.0004617 0.00250084 -0.00604426
v -0.00325752 0.01709583 -0.00629902
v -0.00376481 0.01681712 -0.00627127
v -0.00484788 0.01462837 -0.0061657
v -0.00552199 0.01224495 -0.00601424
v -0.00576499 0.00940978 -0.00581435
v -0.00559345 0.00646773 -0.00544583
v -0.00529103 0.00494827 -0.00514905
v -0.00471418 0.00342682 -0.00481865
v -0.00375102 0.00193872 -0.00446227
v -0.00420408 0.01447522 -0.00625328
v -0.00452861 0.01455202 -0.00623173
v -0.00520634 0.01222142 -0.00612369
v -0.00546795 0.00943901 -0.00596526
v -0.00518921 0.00658742 -0.00576508
v -0.00506403 0.00504415 -0.00542098
v -0.00453919 0.00353194 -0.00512433
v -0.00363461 0.00204502 -0.00479453
v -0.00302243 0.00127649 -0.00445072
v -0.00487902 0.01219785 -0.00619064
v -0.00457061 0.01170977 -0.00620501
v -0.00455805 0.0103136 -0.00618064
v -0.00482707 0.00950466 -0.00614363
v -0.00436834 0.00862814 -0.00615122
v -0.00428878 0.00686073 -0.00609748
v -0.0037162 0.00622567 -0.00610928
v -0.00381419 0.00558736 -0.00607525
v -0.00313501 0.00496813 -0.00608733
v -0.00317311 0.00437938 -0.00605417
v -0.00234318 0.00380693 -0.00606706
v -0.00232341 0.00328716 -0.0060351
v -0.00181707 0.0032599 -0.00605751
v -0.0018007 0.00281189 -0.00602681
v -0.00168638 0.00314742 -0.00605555
v -0.0013109 0.00287192 -0.00605074
v -0.00033821 0.002139 -0.00601506
v 0 0.00244726 -0.00604333
v 0.00012454 0.00211754 -0.00601469
v 0.00046173 0.00250096 -0.00604427
v 0.00058042 0.00218686 -0.0060159
v 0.00100791 0.00233308 -0.00601845
v 0.00113808 0.00203333 -0.00594586
v 0.00156943 0.00225547 -0.00594974
v 0.00173258 0.00198629 -0.00583517
v 0.00252276 0.00258355 -0.0058456
v 0.00272473 0.00236614 -0.0056914
v 0.0039455 0.00384341 -0.00571719
v 0.00430245 0.00362076 -0.00539613
v 0.0051693 0.00529378 -0.00542533
v 0.00539824 0.00520292 -0.0051535
v 0.00609031 0.00734707 -0.00519093
v 0.00629139 0.00730467 -0.00488634
v 0.00665455 0.00950922 -0.00492482
v 0.00681533 0.00949941 -0.00459425
v 0.00689143 0.0117334 -0.00463324
v 0.00700434 0.01174306 -0.00428351
v 0.0067827 0.01398867 -0.00432271
v 0.00704302 0.01238963 -0.00371649
v 0.00663549 0.01509186 -0.00376366
v 0.00635776 0.0158657 -0.00435547
v 0.00573392 0.0177651 -0.00381032
v 0.00567019 0.0177249 -0.00438792
v 0.00502897 0.01907609 -0.0038332
v 0.00462822 0.01953755 -0.00441956
v 0.00407604 0.0203528 -0.00385549
v 0.00403294 0.02032866 -0.00430507
v 0.0039109 0.02027649 -0.0047374
v 0.00453642 0.01946568 -0.00476821
v 0.00440503 0.01936589 -0.00509686
v 0.00556764 0.01767145 -0.00473689
v 0.0054208 0.01759817 -0.00506601
v 0.00624936 0.01582786 -0.00470471
v 0.00609424 0.01577676 -0.00503422
v 0.00651187 0.01393225 -0.00500202
v 0.006308 0.01389344 -0.00530519
v 0.00652327 0.0117107 -0.00526709
v 0.0062752 0.01169814 -0.00553712
v 0.00620205 0.00954302 -0.0054995
v 0.00578078 0.00957831 -0.00581729
v 0.0054369 0.00749188 -0.00578087
v 0.00514626 0.00755826 -0.00593243
v 0.00450312 0.00556388 -0.00589762
v 0.00421127 0.00568391 -0.00600958
v 0.00342721 0.0041705 -0.00598316
v 0.00315085 0.00434625 -0.00605359
v 0.00208728 0.0030552 -0.00603105
v 0.0023433 0.00380614 -0.00606705
v 0.00168626 0.00314771 -0.00605556
v 0.00140034 0.00253542 -0.00602198
v 0.00093586 0.00266558 -0.00604714
v 0.00334495 0.00537219 -0.00609438
v 0.00390866 0.0058092 -0.00607912
v 0.00483843 0.00762944 -0.00604354
v 0.00548357 0.00960451 -0.00596815
v 0.00585188 0.01167924 -0.00585396
v 0.00606323 0.01384848 -0.00557466
v 0.00589586 0.0157135 -0.00533696
v 0.00523295 0.01750664 -0.00536826
v 0.00423697 0.01924035 -0.00539852
v 0.00370615 0.0201935 -0.00515035
v 0.00357719 0.00587907 -0.00610323
v 0.00451923 0.00770408 -0.0061122
v 0.0051688 0.00963314 -0.00607851
v 0.00555323 0.01166719 -0.00600415
v 0.00564552 0.01377426 -0.00589053
v 0.00565768 0.01563919 -0.00560591
v 0.00500738 0.01739844 -0.00563662
v 0.00403519 0.01909127 -0.00566617
v 0.0035687 0.02006269 -0.00541288
v 0.00343177 0.02008352 -0.00551419
v 0.00338604 0.01988981 -0.00568011
v 0.00307252 0.0199384 -0.00583907
v 0.00307482 0.01959679 -0.00599216
v 0.00266383 0.01976947 -0.00608565
v 0.00285549 0.01939109 -0.00613897
v 0.00211838 0.01953477 -0.00627492
v 0.00262334 0.01917393 -0.00624505
v 0.00238274 0.0189494 -0.00630848
v 0.00292418 0.01828452 -0.00629688
v 0.00244261 0.01836846 -0.00632123
v 0.00251424 0.01827701 -0.00631964
v 0.00325802 0.01709615 -0.00629903
v 0.00376509 0.01681732 -0.00627127
v 0.00381725 0.01579964 -0.00627639
v 0.00434591 0.01524427 -0.00624381
v 0.00420381 0.01447414 -0.00625326
v 0.00471501 0.01361546 -0.00621538
v 0.00458197 0.01100259 -0.00619266
v 0.0049089 0.01164378 -0.00618097
v 0.00484239 0.00966365 -0.0061464
v 0.00523691 0.0116553 -0.00611381
v 0.00441469 0.00892481 -0.00615639
v 0.00153488 0.01926722 -0.00633692
v 0.00701492 0.00968006 -0.0036692
v 0.00692769 0.0094946 -0.00424426
v 0.00644862 0.00727312 -0.00455539
v 0.00558892 0.00512863 -0.00484835
v 0.00451171 0.00349179 -0.00512363
v 0.00301121 0.00205984 -0.00536889
v 0.00188672 0.00173295 -0.00568035
v 0.00126371 0.00174504 -0.00583096
v 0.00066005 0.00186989 -0.00594301
v 0.00655849 0.00725312 -0.00420514
v 0.00656143 0.00697909 -0.00362205
v 0.00584217 0.0050347 -0.00416642
v 0.00558657 0.0043127 -0.00357551
v 0.00491738 0.00324964 -0.00413526
v 0.00483492 0.00300679 -0.00355272
v 0.0038045 0.00174575 -0.0035307
v 0.00350481 0.00154462 -0.0041055
v 0.00313452 0.00114822 -0.00352027
v 0.00248238 0.00077261 -0.00409202
v 0.00230802 0.00060269 -0.00351075
v 0.00184124 0.00044357 -0.00408628
v 0.00126465 0.00017152 -0.00350323
v 0.00109029 0.00018708 -0.0040818
v 0.0006516 3.935E-05 -0.00350092
v 0.00023739 5.804E-05 -0.00407955
v -1E-07 -8.61E-06 -0.00350008
v -0.00064145 9.88E-05 -0.00408026
v -0.00065147 3.946E-05 -0.00350092
v -0.00126402 0.00017184 -0.00350323
v -0.00559172 0.00431132 -0.00357549
v -0.00573118 0.00477028 -0.0041618
v -0.00618193 0.00630125 -0.00453842
v -0.00663827 0.00933163 -0.00492172
v -0.00648993 0.01232429 -0.0052778
v -0.00585847 0.01487657 -0.0055926
v -0.00462217 0.0172162 -0.00595061
v -0.0034479 0.01866309 -0.00612627
v -0.00628974 0.00627394 -0.00418805
v -0.00656083 0.00697974 -0.00362206
v -0.00691127 0.00931422 -0.00424111
v -0.00701622 0.00967982 -0.00366919
v -0.00696995 0.01237475 -0.00429454
v -0.00704032 0.01238993 -0.0037165
v -0.00656804 0.01506619 -0.00434151
v -0.00663659 0.01509282 -0.00376368
v -0.00566986 0.01772481 -0.00438792
v -0.00573358 0.01776503 -0.00381032
v -0.00369075 0.0188396 -0.00597895
v -0.00403501 0.01909156 -0.00566617
v -0.00500708 0.01739831 -0.00563662
v -0.00523264 0.01750652 -0.00536826
v -0.00542048 0.01759806 -0.00506601
v -0.00556732 0.01767135 -0.00473689
v -0.0060999 0.01493825 -0.00532343
v -0.00630097 0.01499105 -0.0050205
v -0.00645818 0.01503401 -0.00469085
v -0.00515333 0.00947084 -0.00607568
v -0.00490403 0.00667316 -0.00591698
v -0.00467673 0.00521035 -0.00574105
v -0.00432912 0.00365982 -0.00539681
v -0.00348565 0.00218301 -0.00510079
v -0.00292277 0.00139802 -0.00478324
v -0.00669609 0.01234383 -0.00497429
v -0.00685728 0.01236077 -0.00464419
v -0.00679896 0.00932016 -0.00459112
v -0.00460199 0.00676484 -0.00602845
v -0.00440353 0.00532892 -0.00589352
v -0.0039708 0.00388064 -0.00571784
v -0.00330683 0.00235034 -0.00537396
v -0.00279525 0.00155551 -0.00508983
v -0.0041142 0.00545538 -0.00600559
v -0.0037181 0.00403775 -0.00587098
v -0.00300191 0.00263847 -0.00569616
v -0.00264218 0.00174625 -0.00536341
v -0.00345052 0.00420506 -0.00598377
v -0.00278694 0.00284308 -0.00585013
v -0.00238122 0.00207432 -0.00568631
v -0.00255934 0.00306068 -0.00596379
v -0.00219727 0.00230709 -0.00584077
v -0.00200254 0.0025545 -0.00595496
v -0.00038561 0.00181572 -0.00594206
v 0.00014213 0.00179125 -0.00594163
v -0.00043133 0.00150471 -0.00582677
v 0.00015911 0.00147734 -0.00582629
v 0.0007369 0.00156498 -0.00582782
v -0.00047453 0.00121186 -0.00567125
v 0.00017517 0.00118174 -0.00567073
v 0.00080952 0.00127789 -0.00567241
v 0.00138241 0.00147365 -0.00567582
v -0.00053582 0.00079849 -0.00534687
v 0.00019801 0.00076447 -0.00534628
v 0.00091261 0.0008727 -0.00534817
v 0.00155088 0.00109076 -0.00535197
v 0.00210545 0.00137566 -0.00535694
v -0.00057177 0.00055768 -0.00507242
v 0.00021143 0.00052136 -0.00507178
v 0.00097312 0.00063668 -0.0050738
v 0.00164975 0.00086783 -0.00507783
v 0.00223378 0.00116776 -0.00508307
v 0.00317922 0.00188183 -0.00509553
v -0.00060172 0.00035848 -0.00476509
v 0.00022262 0.00032025 -0.00476442
v 0.00102353 0.00044147 -0.00476654
v 0.00173213 0.00068353 -0.00477076
v 0.0023407 0.00099598 -0.00477622
v 0.00331918 0.00173496 -0.00478912
v 0.00468602 0.00338576 -0.00481793
v -0.00062513 0.00020437 -0.004432
v 0.00023135 0.00016464 -0.00443131
v 0.00106291 0.00029048 -0.0044335
v 0.00179647 0.00054104 -0.00443788
v 0.00242422 0.00086328 -0.0044435
v 0.00342855 0.00162172 -0.00445674
v 0.00482228 0.00330445 -0.00448611
v 0.00573801 0.00507214 -0.00451697
v 0.00230893 0.00281469 -0.0059595
v 0.00369377 0.00400183 -0.00587036
v 0.00477867 0.00545139 -0.00574526
v 0.00584888 0.00739963 -0.00546209
v 0.00644893 0.00952382 -0.00522892
v 0.00672987 0.01172253 -0.00496345
v 0.00667128 0.01396422 -0.00467218
v 0.00503869 0.0136699 -0.00614897
v 0.00466082 0.01533759 -0.00617808
v 0.00535082 0.01372316 -0.00604004
v 0.00496451 0.01542835 -0.0060698
v 0.00406331 0.01695531 -0.00620632
v 0.00525124 0.01551484 -0.00592091
v 0.00462246 0.01721635 -0.00595061
v 0.00369092 0.01883933 -0.00597894
v 0.00435092 0.01708917 -0.00609879
v 0.00319087 0.01847671 -0.00623288
v 0.00344807 0.01866282 -0.00612626
v -0.00246665 0.04491256 -0.00678456
v -0.00279525 0.04490131 -0.00676226
v -0.01025543 0.26740689 -0.01066818
v -0.01072654 0.26786246 -0.01063439
v -0.00686092 0.15743725 -0.00870693
v -0.00732596 0.15742331 -0.00857287
v -0.00311853 0.044891 -0.00669686
v -0.0034305 0.0448818 -0.00659005
v -0.00372519 0.0448739 -0.00644348
v -0.00777348 0.1574117 -0.00834065
v -0.01120844 0.26833005 -0.01050874
v -0.01167217 0.26878183 -0.01028461
v -0.00817298 0.15740338 -0.00801573
v -0.01208615 0.26918718 -0.00996691
v -0.0084975 0.157399 -0.00761585
v -0.01242244 0.26951883 -0.0095729
v -0.00872934 0.15739871 -0.00716799
v -0.01266268 0.26975858 -0.00912923
v -0.00886305 0.15740215 -0.00670265
v -0.01280124 0.26990047 -0.0086663
v -0.01284446 0.26995013 -0.00821219
v -0.00494254 0.04486237 -0.0046079
v -0.00496506 0.0448671 -0.00428338
v -0.00399373 0.04486756 -0.00626061
v -0.00423522 0.04486275 -0.00604352
v -0.00462628 0.04485784 -0.00552531
v -0.00487677 0.04485925 -0.00492617
v 0.01072654 0.26786246 -0.01063439
v 0.01025543 0.26740689 -0.01066818
v 0 0.26786246 -0.01063439
v -0.01025543 0.26740689 -0.01066818
v -0.01072654 0.26786246 -0.01063439
v 0 0.26833005 -0.01050874
v -0.01120844 0.26833005 -0.01050874
v 0 0.26878183 -0.01028461
v -0.01167217 0.26878183 -0.01028461
v 0 0.26918718 -0.00996691
v -0.01208615 0.26918718 -0.00996691
v 0 0.26951883 -0.0095729
v -0.01242244 0.26951883 -0.0095729
v 0 0.26975858 -0.00912923
v -0.01266268 0.26975858 -0.00912923
v 0 0.26990047 -0.0086663
v -0.01280124 0.26990047 -0.0086663
v -0.01284446 0.26995013 -0.00821219
v 0.01284446 0.26995013 -0.00821219
v 0.01280124 0.26990047 -0.0086663
v 0.01266268 0.26975858 -0.00912923
v 0.01242244 0.26951883 -0.0095729
v 0.01208615 0.26918718 -0.00996691
v 0.01167217 0.26878183 -0.01028461
v 0.01120844 0.26833005 -0.01050874
v 0.00496506 0.0448671 -0.00428338
v 0.00407604 0.0203528 -0.00385549
v 0.00494253 0.04486212 -0.00460789
v 0.00445744 0.03203718 -0.00451442
v 0.00487675 0.04485882 -0.00492616
v 0.00432373 0.03203392 -0.00497976
v 0.00462626 0.04485718 -0.0055253
v 0.0040919 0.03203453 -0.00542763
v 0.0042352 0.04486207 -0.00604351
v 0.0037674 0.03203933 -0.00582751
v 0.0039937 0.04486692 -0.0062606
v 0.00336792 0.03204818 -0.00615244
v 0.00372517 0.04487335 -0.00644347
v 0.00292042 0.03206038 -0.00638467
v 0.00343049 0.04488136 -0.00659004
v 0.00311852 0.04489069 -0.00669686
v 0.0024554 0.03207494 -0.00651874
v 0.00279525 0.04490115 -0.00676225
v 0.00246665 0.04491256 -0.00678456
v 0.00153488 0.01926722 -0.00633692
v 0.00211838 0.01953477 -0.00627492
v 0.00266383 0.01976947 -0.00608565
v 0.00307252 0.0199384 -0.00583907
v 0.00343177 0.02008352 -0.00551419
v 0.00370615 0.0201935 -0.00515035
v 0.0039109 0.02027649 -0.0047374
v 0.00403294 0.02032866 -0.00430507
v 0.00246665 0.04491256 -0.00678456
v 0.01025543 0.26740689 -0.01066818
v 0.00279525 0.04490115 -0.00676225
v 0.00686092 0.15743716 -0.00870692
v 0.00311852 0.04489069 -0.00669686
v 0.00732596 0.15742322 -0.00857287
v 0.00343049 0.04488136 -0.00659004
v 0.00372517 0.04487335 -0.00644347
v 0.00777347 0.1574116 -0.00834065
v 0.0039937 0.04486692 -0.0062606
v 0.00817297 0.15740329 -0.00801573
v 0.0042352 0.04486207 -0.00604351
v 0.00849749 0.15739891 -0.00761585
v 0.00462626 0.04485718 -0.0055253
v 0.00872933 0.15739861 -0.00716799
v 0.00487675 0.04485882 -0.00492616
v 0.00886305 0.15740205 -0.00670265
v 0.00494253 0.04486212 -0.00460789
v 0.00496506 0.0448671 -0.00428338
v 0.01284446 0.26995013 -0.00821219
v 0.01280124 0.26990047 -0.0086663
v 0.01266268 0.26975858 -0.00912923
v 0.01242244 0.26951883 -0.0095729
v 0.01208615 0.26918718 -0.00996691
v 0.01167217 0.26878183 -0.01028461
v 0.01120844 0.26833005 -0.01050874
v 0.01072654 0.26786246 -0.01063439
v -0.00153488 0.01926722 -0.00633692
v -0.00154209 0.01927066 -0.00633697
v -0.00246665 0.04491256 -0.00678456
v -0.00279525 0.04490131 -0.00676226
v -0.00245497 0.03207505 -0.00651882
v -0.00311853 0.044891 -0.00669686
v -0.00292043 0.03206048 -0.00638467
v -0.0034305 0.0448818 -0.00659005
v -0.00372519 0.0448739 -0.00644348
v -0.00336792 0.03204827 -0.00615244
v -0.00399373 0.04486756 -0.00626061
v -0.0037674 0.03203943 -0.00582751
v -0.00423522 0.04486275 -0.00604352
v -0.00409191 0.03203462 -0.00542763
v -0.00462628 0.04485784 -0.00552531
v -0.00432374 0.03203402 -0.00497976
v -0.00487677 0.04485925 -0.00492617
v -0.00445744 0.03203728 -0.00451442
v -0.00494254 0.04486237 -0.0046079
v -0.00496506 0.0448671 -0.00428338
v -0.00405891 0.02034111 -0.00413078
v -0.00407603 0.02035309 -0.00385549
v -0.00199696 0.01948072 -0.00629907
v -0.00244349 0.01967612 -0.006179
v -0.00285295 0.01984826 -0.00598466
v -0.0032258 0.0200006 -0.00571577
v -0.00354373 0.02012841 -0.00538216
v -0.00379713 0.02023011 -0.00499017
v -0.0039671 0.02029995 -0.0045741
v -0.00502852 0.01907627 -0.00383321
v -0.00528207 0.01865464 -0.00357581
v -0.00407603 0.02035309 -0.00385549
v -0.00489953 0.01928592 -0.00333679
v -0.00407434 0.02036025 -0.00335554
v -0.00573358 0.01776503 -0.00381032
v -0.00625181 0.01645408 -0.0035374
v -0.00563803 0.01797575 -0.00331392
v -0.00670875 0.01478239 -0.00325818
v -0.00687121 0.01389995 -0.00349282
v -0.00708069 0.0112159 -0.00319593
v -0.00708069 0.01121154 -0.00344589
v -0.00689126 0.00862241 -0.0034007
v -0.00701622 0.00967982 -0.00366919
v -0.00656083 0.00697974 -0.00362206
v -0.00663659 0.01509282 -0.00376368
v -0.00704032 0.01238993 -0.0037165
v -0.00635208 0.0062472 -0.00335924
v -0.00559172 0.00431132 -0.00357549
v -0.00544004 0.00402656 -0.00332048
v -0.00483513 0.00300658 -0.00355271
v -0.00418367 0.00215976 -0.00328789
v -0.00380277 0.00174584 -0.00353071
v -0.00320026 0.00120487 -0.00327123
v -0.0031345 0.00114802 -0.00352027
v -0.00230751 0.00060313 -0.00351076
v -0.00214631 0.00052258 -0.00325932
v -0.00126402 0.00017184 -0.00350323
v -0.0010657 0.00012322 -0.00325235
v -0.00065147 3.946E-05 -0.00350092
v -5E-08 -4.36E-06 -0.00325012
v -1E-07 -8.61E-06 -0.00350008
v 0.0006516 3.935E-05 -0.00350092
v 0.0010657 0.00012322 -0.00325235
v 0.00126465 0.00017152 -0.00350323
v 0.00214631 0.00052258 -0.00325932
v 0.00230802 0.00060269 -0.00351075
v 0.00320026 0.00120487 -0.00327123
v 0.00313452 0.00114822 -0.00352027
v 0.0038045 0.00174575 -0.0035307
v 0.00418367 0.00215976 -0.00328789
v 0.00483492 0.00300679 -0.00355272
v 0.00505598 0.00335463 -0.00330875
v 0.00558657 0.0043127 -0.00357551
v 0.00578527 0.00473812 -0.0033329
v 0.00656143 0.00697909 -0.00362205
v 0.00675058 0.00781581 -0.00338662
v 0.00701492 0.00968006 -0.0036692
v 0.00708069 0.01121154 -0.00344589
v 0.00704302 0.01238963 -0.00371649
v 0.00670875 0.01477803 -0.00350814
v 0.00663549 0.01509186 -0.00376366
v 0.00563803 0.01797139 -0.00356388
v 0.00573392 0.0177651 -0.00381032
v 0.00502897 0.01907609 -0.0038332
v 0.00489953 0.01928156 -0.00358675
v 0.00407604 0.0203528 -0.00385549
v 0.00407434 0.02036025 -0.00335554
v 0.00489953 0.01928592 -0.00333679
v 0.00563803 0.01797575 -0.00331392
v 0.00670875 0.01478239 -0.00325818
v 0.00708069 0.0112159 -0.00319593
v 0.00675058 0.00782017 -0.00313666
v 0.00578527 0.00474248 -0.00308294
v 0.00505598 0.00335899 -0.00305879
v 0.00418367 0.00216412 -0.00303793
v 0.00320026 0.00120924 -0.00302126
v 0.00214631 0.00052694 -0.00300935
v 0.0010657 0.00012758 -0.00300238
v 0 -0 -0.00300016
v -0.0010657 0.00012758 -0.00300238
v -0.00214631 0.00052694 -0.00300935
v -0.00320026 0.00120924 -0.00302126
v -0.00418367 0.00216412 -0.00303793
v -0.00505598 0.00335899 -0.00305879
v -0.00578527 0.00474248 -0.00308294
v -0.00675058 0.00782017 -0.00313666
v -0.00496506 0.04487583 -0.00378346
v -0.00496506 0.0448671 -0.00428338
v -0.0045197 0.03261368 -0.00381946
v -0.00407603 0.02035309 -0.00385549
v -0.00407434 0.02036025 -0.00335554
v -0.01284446 0.26995887 -0.00771227
v -0.01284446 0.26995013 -0.00821219
v -0.00890476 0.15741299 -0.00599783
v -0.00496506 0.0448671 -0.00428338
v -0.00496506 0.04487583 -0.00378346
v -0.00153488 0.01926722 -0.00633692
v -0.00246665 0.04491256 -0.00678456
v -0 0.13492708 -0.00835576
v -0.01025543 0.26740689 -0.01066818
v 0.01025543 0.26740689 -0.01066818
v 0.00246665 0.04491256 -0.00678456
v 0.00153488 0.01926722 -0.00633692
v 0 0.00244726 -0.00604333
v 0.00046173 0.00250096 -0.00604427
v 0.00093586 0.00266558 -0.00604714
v 0.00168626 0.00314771 -0.00605556
v 0.0023433 0.00380614 -0.00606705
v 0.00244261 0.01836846 -0.00632123
v 0.00251424 0.01827701 -0.00631964
v 0.00325802 0.01709615 -0.00629903
v 0.00334495 0.00537219 -0.00609438
v 0.00357719 0.00587907 -0.00610323
v 0.00381725 0.01579964 -0.00627639
v 0.00420381 0.01447414 -0.00625326
v 0.00458197 0.01100259 -0.00619266
v 0.00441469 0.00892481 -0.00615639
v -0.0004617 0.00250084 -0.00604426
v -0.0009023 0.00265036 -0.00604687
v -0.0013109 0.00287192 -0.00605074
v -0.00168638 0.00314742 -0.00605555
v -0.00181707 0.0032599 -0.00605751
v -0.00205765 0.01880592 -0.00632887
v -0.00234318 0.00380693 -0.00606706
v -0.00251401 0.01827718 -0.00631964
v -0.00313501 0.00496813 -0.00608733
v -0.00325752 0.01709583 -0.00629902
v -0.0037162 0.00622567 -0.00610928
v -0.00420408 0.01447522 -0.00625328
v -0.00436834 0.00862814 -0.00615122
v -0.00457061 0.01170977 -0.00620501
v -0.00455805 0.0103136 -0.00618064
v 0.00496506 0.04487583 -0.00378346
v 0.00496506 0.0448671 -0.00428338
v 0.00890476 0.15741299 -0.00599783
v 0.01284446 0.26995013 -0.00821219
v 0.01284446 0.26995887 -0.00771227
v 0.00407434 0.02036025 -0.00335554
v 0.00407604 0.0203528 -0.00385549
v 0.0045197 0.03261368 -0.00381946
v 0.00496506 0.0448671 -0.00428338
v 0.00496506 0.04487583 -0.00378346
v 0.01284446 0.26995887 -0.00771227
v 0.01284446 0.26995013 -0.00821219
v 0 0.2699545 -0.00796223
v -0.01284446 0.26995013 -0.00821219
v -0.01284446 0.26995887 -0.00771227
v 0.00496506 0.04487583 -0.00378346
v 0.01284446 0.26995887 -0.00771227
v 0 0.13497943 -0.00535621
v -0.01284446 0.26995887 -0.00771227
v -0.00496506 0.04487583 -0.00378346
v 0 -0 -0.00300016
v -0.00407434 0.02036025 -0.00335554
v -0.0010657 0.00012758 -0.00300238
v -0.00214631 0.00052694 -0.00300935
v -0.00320026 0.00120924 -0.00302126
v -0.00418367 0.00216412 -0.00303793
v -0.00489953 0.01928592 -0.00333679
v -0.00505598 0.00335899 -0.00305879
v -0.00563803 0.01797575 -0.00331392
v -0.00578527 0.00474248 -0.00308294
v -0.00670875 0.01478239 -0.00325818
v -0.00675058 0.00782017 -0.00313666
v -0.00708069 0.0112159 -0.00319593
v 0.0010657 0.00012758 -0.00300238
v 0.00407434 0.02036025 -0.00335554
v 0.00214631 0.00052694 -0.00300935
v 0.00320026 0.00120924 -0.00302126
v 0.00418367 0.00216412 -0.00303793
v 0.00489953 0.01928592 -0.00333679
v 0.00505598 0.00335899 -0.00305879
v 0.00563803 0.01797575 -0.00331392
v 0.00578527 0.00474248 -0.00308294
v 0.00670875 0.01478239 -0.00325818
v 0.00675058 0.00782017 -0.00313666
v 0.00708069 0.0112159 -0.00319593
vn 0.1495 0.97603 -0.15814
vn 2E-05 0.99985 0.01745
vn 0.09905 0.99223 -0.07526
vn 4E-05 0.99985 0.01743
vn 0.11032 0.99198 -0.06168
vn 6E-05 0.99985 0.01741
vn 6E-05 0.99985 0.01742
vn 0.12329 0.9916 -0.03923
vn 0.00018 0.99985 0.01739
vn 0.13029 0.99126 -0.02062
vn 0.00019 0.99985 0.01741
vn 0.13379 0.991 -0.00497
vn 7E-05 0.99985 0.01746
vn 0.13552 0.99069 0.01299
vn 0.13543 0.99032 0.03035
vn 0.26408 0.96355 0.04287
vn 0.25822 0.96294 0.07784
vn 0.37897 0.91938 0.10551
vn 0.35917 0.91826 0.16671
vn 0.46896 0.85746 0.21174
vn 0.42821 0.8563 0.28878
vn 0.57615 0.72308 0.38105
vn 0.46231 0.72059 0.51675
vn 0.53002 0.61047 0.58856
vn 0.40319 0.60903 0.68302
vn 0.44473 0.48936 0.75016
vn 0.3433 0.48821 0.80236
vn 0.36814 0.35963 0.85741
vn 0.22508 0.35884 0.90586
vn 0.23581 0.22087 0.94637
vn 0.05345 0.22042 0.97394
vn 0.14441 -0.01793 0.98936
vn -5E-05 -0.01818 0.99983
vn -0.14037 0.22058 0.96522
vn -0.14459 -0.01774 0.98933
vn -0.27663 -0.01743 0.96082
vn -0.31186 0.22122 0.92401
vn -0.47698 -0.01616 0.87876
vn -0.4402 0.22214 0.86999
vn -0.59981 0.22402 0.76814
vn -0.42023 0.36004 0.83294
vn -0.57246 0.36186 0.73577
vn -0.39195 0.48858 0.77952
vn -0.53386 0.49031 0.68891
vn -0.35549 0.60828 0.70966
vn -0.48395 0.60987 0.62757
vn -0.31017 0.71868 0.62233
vn -0.42206 0.72005 0.55081
vn -0.23069 0.85301 0.46813
vn -0.3136 0.85404 0.41507
vn -0.17676 0.91484 0.36308
vn -0.24013 0.9156 0.3225
vn -0.1205 0.95988 0.2532
vn -0.16355 0.96038 0.22565
vn -0.06175 0.98848 0.1382
vn -0.08366 0.98872 0.12424
vn -4E-05 0.99985 0.01751
vn -3E-05 0.99985 0.0175
vn 8E-05 0.99985 0.01746
vn 0.13197 0.99007 0.04848
vn 0.24478 0.96219 0.11945
vn 0.32796 0.91732 0.22575
vn 0.34362 0.85443 0.38972
vn 0.35174 0.71933 0.59903
vn 0.31128 0.60796 0.7304
vn 0.20994 0.48749 0.84751
vn 0.05096 0.35833 0.9322
vn 0.00016 0.99985 0.01752
vn 0.12517 0.98968 0.06975
vn 0.22343 0.96155 0.15969
vn 0.26318 0.9159 0.30308
vn 0.2615 0.85346 0.45081
vn 0.27153 0.71841 0.64044
vn 0.19036 0.60731 0.77132
vn 0.04748 0.48696 0.87213
vn -0.13394 0.35843 0.9239
vn -0.29767 0.35913 0.88455
vn 0.00026 0.99985 0.01758
vn 0.11426 0.98932 0.09046
vn 0.17933 0.9606 0.21236
vn 0.20035 0.91514 0.34982
vn 0.20185 0.85278 0.48169
vn 0.16602 0.71783 0.67613
vn 0.04308 0.60686 0.79364
vn -0.12495 0.48707 0.86438
vn -0.27761 0.48772 0.82769
vn 2E-05 0.99985 0.01746
vn 0.09169 0.98886 0.11729
vn 0.13654 0.96007 0.24418
vn 0.1546 0.91465 0.37352
vn 0.12341 0.85238 0.50816
vn 0.03755 0.71744 0.69561
vn -0.11328 0.6069 0.78666
vn -0.25164 0.60749 0.75342
vn 1E-05 0.99985 0.01747
vn 0.06995 0.98857 0.13355
vn 0.10534 0.95975 0.26036
vn 0.09452 0.91432 0.3938
vn 0.02786 0.8521 0.52263
vn -0.09884 0.71748 0.68953
vn -0.21948 0.71799 0.66055
vn 3E-05 0.99985 0.0175
vn 0.05388 0.98841 0.14192
vn 0.06441 0.95952 0.27417
vn 0.02131 0.91413 0.40486
vn -0.07347 0.85215 0.51812
vn -0.16309 0.8525 0.49664
vn 1E-05 0.99985 0.01749
vn 0.03295 0.98831 0.14888
vn 0.01449 0.95939 0.28171
vn -0.05626 0.91415 0.40145
vn -0.12487 0.91445 0.38495
vn 0.00739 0.98824 0.15273
vn 0 0.99985 0.01746
vn -0.01961 0.98826 0.15155
vn -2E-05 0.99985 0.01753
vn -0.04347 0.98835 0.14586
vn -5E-05 0.99985 0.01757
vn -5E-05 0.99985 0.01751
vn -0.0979 0.98896 0.11127
vn -0.19147 0.96079 0.20056
vn -0.28107 0.91617 0.28572
vn -0.36699 0.85475 0.36704
vn -0.49374 0.72102 0.48617
vn -0.56604 0.61097 0.55347
vn -0.62428 0.49154 0.60718
vn -0.66936 0.36322 0.6481
vn -0.70129 0.22549 0.67627
vn -0.71068 -0.01304 0.7034
vn -0.8267 -0.01037 0.56255
vn -0.81847 0.22844 0.52718
vn -0.89807 -0.00813 0.43977
vn -0.88959 0.23085 0.39413
vn -0.92757 0.23247 0.29253
vn -0.84904 0.36817 0.37892
vn -0.88545 0.36953 0.28182
vn -0.79184 0.49612 0.35618
vn -0.82598 0.49725 0.26552
vn -0.71788 0.61512 0.326
vn -0.74904 0.6161 0.24365
vn -0.62608 0.72469 0.28783
vn -0.65347 0.72553 0.21582
vn -0.46518 0.85752 0.21971
vn -0.48574 0.8582 0.16595
vn -0.35622 0.91824 0.17303
vn -0.37203 0.91884 0.13163
vn -0.24263 0.96218 0.12384
vn -0.25344 0.96262 0.09554
vn -0.12406 0.98965 0.07209
vn -0.1296 0.98989 0.05755
vn 0 0.99985 0.01745
vn -4E-05 0.99985 0.01746
vn -0.00013 0.99985 0.01756
vn -0.11438 0.98934 0.09016
vn -0.22359 0.96157 0.15935
vn 1E-05 0.99985 0.01745
vn -0.13485 0.99036 0.03174
vn -8E-05 0.99985 0.01745
vn -0.13548 0.99075 0.00801
vn -7E-05 0.99985 0.01745
vn -0.0001 0.99985 0.01743
vn -4E-05 0.99985 0.01743
vn -0.12336 0.99159 -0.0392
vn -0.13207 0.99115 -0.01362
vn -0.26466 0.96434 -0.00113
vn -0.26372 0.96355 0.04505
vn -0.11041 0.99197 -0.06161
vn -0 0.99985 0.01745
vn -0.09903 0.99223 -0.07527
vn -1E-05 0.99985 0.01744
vn -0.00226 0.99986 0.01635
vn 5E-05 0.99985 0.01747
vn -0.11733 0.98537 -0.12359
vn -0.1936 0.96724 -0.16422
vn -0.21573 0.96672 -0.1375
vn -0.24102 0.96597 -0.09391
vn -0.35376 0.92379 -0.14653
vn -0.37925 0.92243 -0.07269
vn -0.49516 0.86294 -0.10078
vn -0.50729 0.86156 -0.01943
vn -0.68257 0.73005 -0.03365
vn -0.68022 0.72802 0.08532
vn -0.77981 0.61891 0.09405
vn -0.2383 0.93915 -0.24739
vn -0.28426 0.92566 -0.24968
vn -0.31672 0.92488 -0.21045
vn -0.46191 0.86469 -0.19736
vn -0.66623 0.7319 -0.14303
vn -0.78248 0.62123 -0.04231
vn -0.85998 0.50035 0.10043
vn -0.35761 0.86311 -0.35659
vn -0.37121 0.86717 -0.332
vn -0.41358 0.86611 -0.28073
vn -0.62145 0.7343 -0.27314
vn -0.76374 0.62336 -0.1677
vn -0.8629 0.50291 -0.04988
vn -0.92197 0.37282 0.10475
vn -0.47543 0.75203 -0.45653
vn -0.49956 0.73764 -0.45423
vn -0.5565 0.73618 -0.38516
vn -0.7124 0.62614 -0.31691
vn -0.84223 0.50527 -0.18803
vn -0.92507 0.3756 -0.05638
vn -0.96587 0.23588 0.107
vn -0.57577 0.6173 -0.53612
vn -0.57275 0.62997 -0.5245
vn -0.63796 0.6283 -0.44525
vn -0.7856 0.50831 -0.35278
vn -0.90291 0.37811 -0.20444
vn -0.9691 0.2388 -0.06178
vn -0.99634 -0.00157 0.08542
vn -0.96844 -0.0045 0.24922
vn -0.65458 0.4653 -0.59584
vn -0.70357 0.51069 -0.49416
vn -0.7543 0.3839 -0.5326
vn -0.70859 0.30456 -0.63651
vn -0.79021 0.24744 -0.56066
vn -0.73945 0.12705 -0.66111
vn -0.74463 0.0115 -0.66737
vn -0.84746 0.00913 -0.53078
vn -0.88232 0.24473 -0.40203
vn -0.84224 0.38131 -0.3811
vn -0.90879 0.00715 -0.41719
vn -0.97363 0.00387 -0.22811
vn -0.94588 0.24142 -0.21685
vn -0.99769 0.00111 -0.06789
vn -0.61645 -0.01449 0.78726
vn 0.27639 -0.01751 0.96089
vn 0.38568 0.22165 0.89561
vn 0.47683 0.36078 0.80154
vn 0.58457 0.49098 0.64592
vn 0.66054 0.61332 0.43304
vn 0.6309 0.72457 0.27741
vn 0.49487 0.85892 0.13177
vn 0.38764 0.92021 0.05434
vn 0.26502 0.96421 0.00845
vn 0.47759 -0.01619 0.87843
vn 0.49956 0.22277 0.83714
vn 0.62679 0.36259 0.68969
vn 0.72854 0.49411 0.47444
vn 0.72321 0.615 0.31423
vn 0.66585 0.72653 0.16973
vn 0.50612 0.86001 0.06503
vn 0.38925 0.92112 0.00377
vn 0.26166 0.96479 -0.02677
vn 0.61667 -0.01472 0.78709
vn 0.65669 0.22479 0.71988
vn 0.78119 0.36595 0.50579
vn 0.79752 0.49605 0.34337
vn 0.76331 0.61721 0.19082
vn 0.68093 0.72796 0.08005
vn 0.50811 0.86129 -0.00101
vn 0.38417 0.92202 -0.04792
vn 0.25471 0.96532 -0.05722
vn 0.7099 -0.013 0.70419
vn 0.81845 0.22836 0.52725
vn 0.85499 0.36818 0.36528
vn 0.84179 0.49846 0.2072
vn 0.7806 0.6188 0.08804
vn 0.68367 0.72974 -0.00883
vn 0.50161 0.86237 -0.06857
vn 0.37394 0.92282 -0.0926
vn 0.24107 0.96597 -0.09375
vn 0.8281 -0.01027 0.56048
vn 0.89752 -0.00804 0.4409
vn 0.8957 0.23095 0.37998
vn 0.96884 -0.00447 0.24765
vn 0.94545 0.23375 0.22688
vn 0.99619 -0.0017 0.08721
vn 0.96665 0.23583 0.09986
vn 0.97085 0.23824 -0.02643
vn 0.92675 0.375 -0.02271
vn 0.91459 0.3771 -0.14605
vn 0.85313 0.50431 -0.13356
vn 0.83062 0.50616 -0.23211
vn 0.75316 0.62419 -0.20768
vn 0.71258 0.62614 -0.3165
vn 0.62162 0.73431 -0.27273
vn 0.55633 0.73617 -0.38542
vn 0.41343 0.86612 -0.28091
vn 0.50013 0.73763 -0.45362
vn 0.37154 0.86716 -0.33166
vn 0.42618 0.80362 -0.41542
vn 0.30138 0.90299 -0.30623
vn 0.99766 0.00114 -0.06831
vn 0.9581 0.2404 -0.15572
vn 0.89052 0.37904 -0.2516
vn 0.78582 0.50829 -0.35231
vn 0.63777 0.6283 -0.44551
vn 0.57352 0.62994 -0.52369
vn 0.54086 0.66974 -0.50884
vn 0.97357 0.00392 -0.22835
vn 0.93293 0.24239 -0.26625
vn 0.84245 0.3813 -0.38063
vn 0.70334 0.51069 -0.49448
vn 0.62634 0.52695 -0.57448
vn 0.90879 0.00705 -0.4172
vn 0.88258 0.24471 -0.40147
vn 0.75407 0.3839 -0.53291
vn 0.84735 0.00912 -0.53096
vn 0.78997 0.24748 -0.56098
vn 0.69055 0.36798 -0.62268
vn 0.74447 0.01154 -0.66756
vn 0.73056 0.19796 -0.65352
vn 0.28444 0.92567 -0.24947
vn 0.19373 0.96723 -0.16413
vn 0.2157 0.96672 -0.13759
vn 0.31659 0.92489 -0.21061
vn 0.35387 0.92378 -0.14631
vn 0.46204 0.86469 -0.19705
vn 0.65698 0.73261 -0.17791
vn 0.77364 0.6225 -0.11819
vn 0.86438 0.5025 -0.01848
vn 0.92282 0.37258 0.09788
vn 0.48825 0.86345 -0.12674
vn 0.67488 0.73114 -0.0998
vn 0.78375 0.62092 -0.01386
vn 0.86076 0.50027 0.09394
vn 0.90248 0.3708 0.21917
vn -0.03833 0.9594 0.27942
vn -0.08504 0.95962 0.26815
vn -0.32811 0.91737 0.22532
vn -0.42836 0.85637 0.28833
vn -0.57624 0.72323 0.38063
vn -0.6606 0.61346 0.43275
vn -0.7286 0.49426 0.47419
vn -0.78122 0.36608 0.50565
vn -0.38721 0.9202 0.05751
vn -0.38858 0.92136 -0.01027
vn -0.25836 0.96506 -0.04365
vn -0.50553 0.86004 0.06904
vn -0.99939 -0.00061 0.03497
vn -0.99937 -0.0006 0.03554
vn -0.9827 0.18137 0.03757
vn -0.9909 0.12922 0.03773
vn -0.96566 0.25689 0.03893
vn -0.92919 0.36754 0.03892
vn -0.86647 0.49765 0.03971
vn -0.83648 0.54662 0.03883
vn -0.70861 0.7046 0.03757
vn -0.70669 0.70655 0.03705
vn -0.61118 0.79069 0.0356
vn -0.54708 0.8364 0.03374
vn -0.50358 0.86332 0.03302
vn -0.36794 0.92939 0.0291
vn -0.38554 0.92221 0.02985
vn -0.26088 0.96502 0.026
vn -0.18188 0.98304 0.02353
vn -0.13159 0.99106 0.02199
vn -0 0.99985 0.01744
vn -2E-05 0.99985 0.01746
vn -0.18183 0.98305 0.02352
vn -0.36785 0.92943 0.0291
vn -0.54688 0.83653 0.03375
vn -0.70668 0.70657 0.03707
vn -0.83649 0.54661 0.03882
vn -0.92922 0.36746 0.03894
vn -0.98271 0.18133 0.03757
vn -0 0.98633 -0.16479
vn 0 0.98633 -0.1648
vn -0 0.99985 0.01743
vn 0 0.98633 -0.16479
vn -0 0.9361 -0.35173
vn 0 0.93606 -0.35183
vn 0 0.84629 -0.53272
vn 0 0.84642 -0.53252
vn 0 0.71935 -0.69465
vn -0 0.71935 -0.69465
vn -0 0.56182 -0.82726
vn 0 0.56174 -0.82731
vn -0 0.38433 -0.9232
vn 0 0.38425 -0.92323
vn 0 0.19917 -0.97997
vn 0 0.19908 -0.97998
vn -0 0.01743 -0.99985
vn 0 0.01743 -0.99985
vn -0 0.19908 -0.97998
vn -0 0.38425 -0.92323
vn -0 0.56174 -0.82731
vn 0 0.71935 -0.69465
vn -0 0.84642 -0.53252
vn -0 0.93606 -0.35183
vn 0.99934 -0.00062 0.03635
vn 0.99936 -0.00065 0.0358
vn 0.98302 0.17936 0.03885
vn 0.98264 0.18141 0.03887
vn 0.93491 0.35261 0.04012
vn 0.92915 0.36752 0.04017
vn 0.85422 0.51837 0.04008
vn 0.83642 0.54663 0.03992
vn 0.7461 0.6647 0.03871
vn 0.70679 0.70642 0.03769
vn 0.60464 0.79569 0.03586
vn 0.54684 0.83653 0.03447
vn 0.44376 0.89558 0.03176
vn 0.36788 0.9294 0.02959
vn 0.22922 0.97305 0.02531
vn 0.18186 0.98304 0.02377
vn 0.13158 0.99106 0.02197
vn 2E-05 0.99985 0.01746
vn 0.99091 0.1292 0.03747
vn 0.96566 0.25689 0.03893
vn 0.86647 0.49764 0.03985
vn 0.70861 0.7046 0.03758
vn 0.61114 0.79072 0.0356
vn 0.50341 0.86342 0.03303
vn 0.38563 0.92217 0.02985
vn 0.26088 0.96502 0.026
vn 0.18184 0.98305 0.02353
vn 0.18184 0.98305 0.02352
vn 0.36798 0.92938 0.0291
vn 0.54687 0.83654 0.03375
vn 0.36786 0.92943 0.0291
vn 0.54688 0.83653 0.03374
vn 0.70669 0.70655 0.03705
vn 0.70668 0.70657 0.03707
vn 0.83643 0.5467 0.03882
vn 0.83649 0.54661 0.03882
vn 0.92918 0.36758 0.03894
vn 0.92922 0.36746 0.03894
vn 0.9827 0.18134 0.03757
vn 0.98271 0.18133 0.03757
vn 0.99939 -0.00062 0.03497
vn -0.18179 0.98305 0.02377
vn -0.1815 0.9831 0.02375
vn -0.35706 0.93362 0.02927
vn -0.36789 0.9294 0.02959
vn -0.51818 0.85461 0.03374
vn -0.54683 0.83653 0.03447
vn -0.66499 0.74593 0.03718
vn -0.70676 0.70645 0.03768
vn -0.79023 0.61155 0.03939
vn -0.83632 0.54679 0.03982
vn -0.89008 0.45403 0.04026
vn -0.92916 0.36748 0.04017
vn -0.95707 0.28711 0.03978
vn -0.98265 0.18133 0.03887
vn -0.99325 0.10955 0.038
vn -0.99934 -0.00063 0.0363
vn 0.74387 0.01167 -0.66822
vn 0.8348 0.00961 -0.55047
vn 0.90145 0.00755 -0.43282
vn 0.97798 0.00363 -0.20866
vn 1 3E-05 -0.00089
vn 0.98057 -0.00343 0.19616
vn 0.91326 -0.0071 0.40731
vn 0.85 -0.00921 0.52671
vn 0.75702 -0.01141 0.65329
vn 0.62544 -0.01361 0.78015
vn 0.44951 -0.01559 0.89314
vn 0.23415 -0.01699 0.97205
vn -1E-05 -0.01747 0.99985
vn -0.23416 -0.017 0.97205
vn -0.44952 -0.01559 0.89314
vn -0.62543 -0.01366 0.78016
vn -0.75702 -0.01143 0.65329
vn -0.88481 -0.00811 0.46589
vn -0.9548 -0.00517 0.29719
vn -0.98905 -0.00258 0.14756
vn -1 3E-05 -0.0009
vn -0.98786 0.00272 -0.15534
vn -0.94789 0.00558 -0.31854
vn -0.87091 0.00856 -0.49137
vn -0.74387 0.01166 -0.66822
vn -0.8348 0.00962 -0.55046
vn -0.90144 0.00756 -0.43285
vn -0.97798 0.00366 -0.20865
vn -1 -1E-05 -0.00089
vn -0.98056 -0.0034 0.19616
vn -0.91326 -0.00712 0.40731
vn -0.85 -0.0092 0.5267
vn -0.75696 -0.0114 0.65336
vn -0.62539 -0.01362 0.78019
vn -0.44949 -0.01559 0.89315
vn -0.23441 -0.01697 0.97199
vn 1E-05 -0.01745 0.99985
vn 0.23441 -0.01697 0.97199
vn 0.44944 -0.01559 0.89317
vn 0.62543 -0.01362 0.78016
vn 0.75703 -0.0114 0.65328
vn 0.84994 -0.0092 0.5268
vn 0.91326 -0.00711 0.40731
vn 0.98056 -0.00342 0.19621
vn 1 1E-05 -0.00089
vn 0.97797 0.00364 -0.20872
vn 0.90144 0.00755 -0.43283
vn 0.8348 0.00961 -0.55047
vn -0.99934 -0.00064 0.0363
vn -0.99934 -0.00059 0.0363
vn -0.99936 -0.00062 0.03564
vn -0.99939 -0.00061 0.03497
vn -0.99939 -0.00061 0.03497
vn -0 0.99985 0.01745
vn 0.99939 -0.00061 0.03497
vn 0.99939 -0.00061 0.03497
vn 0.99936 -0.00062 0.03564
vn 0.99934 -0.00061 0.0363
vn 0.99934 -0.00064 0.0363
vn 0 0.01758 -0.99985
vn -0 0.01735 -0.99985
vn -0 0.01758 -0.99985
vn -0 -0.99985 -0.01745
vn 0 -0.99985 -0.01745
vn 0 -0.99985 -0.01745
vn 0 -0.99985 -0.01745
vn 0 -0.99985 -0.01745
vn -0 -0.99985 -0.01745
vn 0 -0.99985 -0.01745
vn 0 -0.99985 -0.01745
vn 0 -0.99985 -0.01745
vn -0 -0.99985 -0.01745
vn -0 -0.99985 -0.01745
vn -0 -0.99985 -0.01745
vn 0 -0.99985 -0.01745
vn -0 -0.99985 -0.01745
vn 0 -0.99985 -0.01745
vn -0 -0.99985 -0.01745
vn 0 -0.99985 -0.01745
vn 0 -0.99985 -0.01745
vn -0 -0.99985 -0.01745
vn -0 -0.99985 -0.01745
vn -0 -0.99985 -0.01745
vn 0 -0.99985 -0.01745
vn 0 -0.99985 -0.01745
vn 0 -0.99985 -0.01745
vn -0 -0.99985 -0.01745
vn -0 -0.99985 -0.01745
vn -0 -0.99985 -0.01745
vn 0 -0.99985 -0.01745
vn -0 -0.99985 -0.01745
vn -0 0.99985 0.01745
vn -0 0.99985 0.01745
vn -0 0.99985 0.01745
vn 0 0.99985 0.01745
vn 0 0.99985 0.01745
vn 0 0.99985 0.01745
vn 0 0.99985 0.01745
vn 0 0.99985 0.01745
vn -0 0.99985 0.01745
vn 0 0.99985 0.01745
vn 0 0.99985 0.01745
vn -0 0.99985 0.01745
vn -0 0.99985 0.01745
vn 0 0.99985 0.01745
vn -0 0.99985 0.01745
vn 0 0.99985 0.01745
vn -0 0.99985 0.01745
vn 0 0.99985 0.01745
vn 0 0.99985 0.01745
vn 0 0.99985 0.01745
vn 0 0.99985 0.01745
vn -0 0.99985 0.01745
vn 0 0.99985 0.01745
vn -0 0.99985 0.01745
vn -0 0.99985 0.01745
vn -0 0.99985 0.01745
vn 0 0.99985 0.01745
vn -0 0.99985 0.01745
vn 0 0.99985 0.01745
vn -0 0.99985 0.01745
vn -0 0.99985 0.01745
vn 0 0.99985 0.01745
vn 0 0.99985 0.01745
vn 0 0.99985 0.01745
vn 0 0.99985 0.01745
vn 0 0.99985 0.01745
vn 0.99936 0 0.03564
vn 0.99939 0 0.03499
vn 0.99939 0 0.03499
vn 0.99939 -0 0.03499
vn 0.99936 -0 0.03564
vn -0.99934 0 0.03631
vn -0.99934 0 0.03631
vn -0.99936 -0 0.03564
vn -0.99936 0 0.03564
vn 0.77191 -0 -0.63573
vn 0.71049 -0 -0.7037
vn 0.71051 0 -0.70369
vn 0.71051 0 -0.70369
vn 0.71049 0 -0.70371
vn 0.85793 -0 -0.51376
vn 0.85795 -3E-05 -0.51373
vn 0.94449 -0 -0.32853
vn 0.9445 -0 -0.32851
vn 0.97896 -0 -0.20405
vn 0.97898 -1E-05 -0.20396
vn 0.99606 -0 -0.08863
vn 0.99607 -0 -0.08862
vn 0.98985 0 0.14214
vn 0.98985 0 0.14211
vn 0.95222 0 0.3054
vn 0.9524 5E-05 0.30487
vn 0.87948 0 0.47594
vn 0.87948 0 0.47594
vn 0.74612 0 0.66581
vn 0.74611 0 0.66582
vn 0.61657 -0 0.7873
vn 0.61657 1E-05 0.7873
vn 0.44547 0 0.89529
vn 0.44545 -0 0.89531
vn 0.23169 -0 0.97279
vn 0.23173 3E-05 0.97278
vn -0.01297 -0 0.99992
vn -0.01296 0 0.99992
vn -0.17886 -0 0.98388
vn -0.17897 0.00013 0.98385
vn -0.33252 0 0.94309
vn -0.33277 -1E-05 0.94301
vn -0.46852 -0 0.88345
vn -0.46845 1E-05 0.88349
vn -0.58461 0 0.81131
vn -0.5846 -0 0.81132
vn -0.76021 0 0.64967
vn -0.76052 5E-05 0.64931
vn -0.88045 -0 0.47415
vn -0.88045 -0 0.47414
vn -0.9489 0 0.31557
vn -0.94896 -0 0.3154
vn -0.98655 0 0.16348
vn -0.98654 4E-05 0.16352
vn -1 0 -0.00047
vn -1 3E-05 -0.00089
vn -0.98713 0 -0.15994
vn -0.98713 3E-05 -0.15989
vn -0.94309 -0 -0.33254
vn -0.9431 4E-05 -0.33251
vn -0.85663 0 -0.51593
vn -0.85665 1E-05 -0.51589
vn -0.71039 0 -0.70381
vn -0.71038 -0 -0.70382
vn -0.71039 0 -0.70381
vn -0.7104 -0 -0.7038
vn 0.85793 -2E-05 -0.51376
vn 0.88821 -0 -0.45943
vn 0.94449 0 -0.32854
vn 0.96188 1E-05 -0.27348
vn 0.97896 -1E-05 -0.20407
vn 0.99122 0 -0.1322
vn 0.99607 0 -0.08863
vn 0.99815 -2E-05 -0.06086
vn 0.99976 1E-05 0.02202
vn 0.98985 1E-05 0.14213
vn 0.99297 -0 0.11834
vn 0.97317 -3E-05 0.23008
vn 0.95224 -2E-05 0.30536
vn 0.92622 2E-05 0.37699
vn 0.87947 -2E-05 0.47595
vn 0.8456 1E-05 0.53381
vn 0.74611 0 0.66583
vn 0.73542 -0 0.67762
vn 0.61662 -2E-05 0.78726
vn 0.61886 0 0.7855
vn 0.48423 8E-05 0.87494
vn 0.44544 -1E-05 0.89531
vn 0.31022 -0 0.95067
vn 0.23174 -1E-05 0.97278
vn 0.13002 -1E-05 0.99151
vn -0.01297 -0 0.99992
vn -0.06745 2E-05 0.99772
vn -0.17911 4E-05 0.98383
vn -0.27249 -1E-05 0.96216
vn -0.33265 -9E-05 0.94305
vn -0.44558 1E-05 0.89524
vn -0.46854 1E-05 0.88344
vn -0.58459 0 0.81133
vn -0.6179 1E-05 0.78625
vn -0.76058 -2E-05 0.64925
vn -0.74964 0 0.66184
vn -0.88494 0 0.46571
vn -0.88044 -0 0.47416
vn -0.94062 1E-05 0.33946
vn -0.94896 0 0.31539
vn -0.98654 1E-05 0.16355
vn -0.9906 2E-05 0.13683
vn -1 0 -0.00088
vn -0.99894 2E-05 -0.04602
vn -0.98714 -2E-05 -0.15988
vn -0.98105 2E-05 -0.19373
vn -0.94311 -0 -0.33249
vn -0.92788 6E-05 -0.37289
vn -0.85665 -3E-05 -0.5159
vn -0.8492 0 -0.52807
vn -0.76225 1E-05 -0.64728
vn -0.7104 -0 -0.7038
vn -0.71039 -0 -0.70381
vn -0.77085 -0 -0.63702
vn -0.88701 -3E-05 -0.46174
vn -0.96083 -0 -0.27714
vn -0.99072 -0 -0.13594
vn -0.99727 -1E-05 -0.07384
vn -0.99998 -0 0.00636
vn -0.99453 4E-05 0.10444
vn -0.97478 -0 0.22318
vn -0.9286 -3E-05 0.37108
vn -0.84889 1E-05 0.52858
vn -0.73972 1E-05 0.67292
vn -0.62438 -0 0.78112
vn -0.49065 -0 0.87136
vn -0.31695 1E-05 0.94844
vn -0.15642 -1E-05 0.98769
vn 0.06212 -0 0.99807
vn 0.2668 -3E-05 0.96375
vn 0.44062 -0 0.8977
vn 0.62694 -0 0.77906
vn 0.74953 0 0.66197
vn 0.86973 -0 0.49352
vn 0.94028 1E-05 0.34039
vn 0.99034 -3E-05 0.13867
vn 0.99897 -0 -0.04529
vn 0.99487 0 -0.10115
vn 0.98486 -0 -0.17337
vn 0.92798 1E-05 -0.37262
vn 0.84925 0 -0.528
vn 0.76225 0 -0.64728
vn 0.71052 -0 -0.70368
vn 0.7105 0 -0.70369
vn 0.99934 -0 0.03631
vn 0.99934 -0 0.03631
vn 0.99934 0 0.03631
vn 0 -0.99985 0.01745
vn 0 -0.99985 0.01745
vn 0 -0.99985 0.01745
vn -0 -0.99985 0.01745
vn 0 -0.99985 0.01745
vn -0 -0.99985 0.01745
vn 0 -0.99985 0.01745
vn 0 -0.99985 0.01745
vn -0 -0.99985 0.01745
vn 0 -0.99985 0.01745
vn -0 -0.99985 0.01745
vn 0 -0.99985 0.01745
vn 0 -0.99985 0.01745
vn -0 -0.99985 0.01745
vn -0 -0.99985 0.01745
vn -0 -0.99985 0.01745
vn -0 -0.99985 0.01745
vn 0 -0.99985 0.01745
vn 0 -0.99985 0.01745
vn -0 -0.99985 0.01745
vn -0 -0.99985 0.01745
vn -1E-05 -0.99985 0.01745
vn -0 -0.99985 0.01745
vn 0 -0.99985 0.01745
vn -0 -0.99985 0.01745
vn 0 -0.99985 0.01745
vn 0 -0.99985 0.01745
vn 0 -0.99985 0.01745
vn 0 -0.99985 0.01745
vn 0 -0.99985 0.01745
vn -0 -0.99985 0.01745
vn -0 -0.99985 0.01745
vn 0 -0.99985 0.01745
vn -0 -0.99985 0.01745
vn 0 -0.99985 0.01745
vn -0 -0.99985 0.01745
vn 0 -0.99985 0.01745
vn -0.99939 -0 0.03499
vn -0.99939 -0 0.03499
vn -0.99939 0 0.03499
vn 0 0 -1
vn -0.00011 -0.99985 0.01741
vn -1E-05 -0.99985 0.01744
vn -0.00239 -0.99986 0.01652
vn -0.09908 -0.99223 -0.07524
vn -0.11733 -0.98537 -0.12359
vn -0.19365 -0.96723 -0.16419
vn -0.2383 -0.93916 -0.24739
vn -0.28422 -0.92567 -0.24969
vn -0.35762 -0.86311 -0.35659
vn -0.37119 -0.86717 -0.332
vn -0.47544 -0.752 -0.45657
vn -0.49955 -0.73763 -0.45427
vn -0.57273 -0.62997 -0.52452
vn -0.63795 -0.6283 -0.44526
vn -0.57576 -0.61732 -0.53611
vn -0.70357 -0.51069 -0.49415
vn -0.65457 -0.46529 -0.59585
vn -0.7543 -0.3839 -0.5326
vn -0.70859 -0.30456 -0.63651
vn -0.79019 -0.24748 -0.56067
vn -0.73947 -0.12705 -0.66109
vn -0.84747 -0.00907 -0.53077
vn -0.74416 -0.0116 -0.66791
vn 0 -0.99985 0.01745
vn -0.11036 -0.99198 -0.06162
vn -0.21572 -0.96672 -0.13751
vn -0.24102 -0.96597 -0.0939
vn -0.35376 -0.92379 -0.14653
vn -0.37922 -0.92245 -0.07265
vn -0.49516 -0.86294 -0.10078
vn -0.50728 -0.86157 -0.01942
vn -0.68257 -0.73005 -0.03365
vn -0.68021 -0.72803 0.08532
vn -0.77981 -0.61892 0.09403
vn -0.74905 -0.61609 0.24363
vn -0.82598 -0.49725 0.26551
vn -0.79184 -0.49612 0.35616
vn -0.84906 -0.36819 0.37885
vn -0.78122 -0.36608 0.50564
vn -0.81847 -0.22845 0.52718
vn -0.70127 -0.22551 0.67628
vn -0.8267 0.01037 0.56255
vn -0.71068 0.01304 0.7034
vn -0.59981 -0.22401 0.76815
vn -0.61646 0.01448 0.78725
vn -0.47698 0.01616 0.87876
vn -0.44018 -0.22217 0.86999
vn -0.31186 -0.22122 0.92402
vn -0.4202 -0.36004 0.83295
vn -0.29759 -0.35911 0.88458
vn -0.39197 -0.48858 0.77952
vn -0.27757 -0.48771 0.8277
vn -0.35546 -0.60829 0.70967
vn -0.25165 -0.60749 0.75341
vn -0.31016 -0.71867 0.62234
vn -0.21949 -0.71798 0.66055
vn -0.23068 -0.85302 0.46812
vn -0.16308 -0.85251 0.49661
vn -0.17679 -0.91483 0.36308
vn -0.12488 -0.91445 0.38494
vn -0.12047 -0.95988 0.2532
vn -0.08504 -0.95962 0.26815
vn -0.06169 -0.98849 0.13816
vn -0.04347 -0.98836 0.14582
vn -5E-05 -0.99985 0.01757
vn -1E-05 -0.99985 0.01753
vn -4E-05 -0.99985 0.01743
vn -0.12337 -0.99159 -0.0392
vn -0.25839 -0.96505 -0.04369
vn -0.38849 -0.92139 -0.0103
vn -0.50555 -0.86003 0.06905
vn -0.65347 -0.72554 0.2158
vn -0.71788 -0.61513 0.32598
vn -0.72861 -0.49427 0.47416
vn -0.66936 -0.36322 0.6481
vn -0.0001 -0.99985 0.01743
vn -0.13215 -0.99114 -0.01367
vn -0.26471 -0.96433 -0.00112
vn -0.38718 -0.92021 0.0575
vn -0.48572 -0.85822 0.16595
vn -0.62611 -0.72467 0.28783
vn -0.66061 -0.61347 0.43272
vn -0.62428 -0.49154 0.60717
vn -0.57247 -0.36186 0.73575
vn -0.1354 -0.99076 0.00806
vn -7E-05 -0.99985 0.01745
vn -8E-05 -0.99985 0.01746
vn -0.13481 -0.99036 0.03173
vn -4E-05 -0.99985 0.01746
vn -0.12961 -0.9899 0.05749
vn 0 -0.99985 0.01745
vn -0.12406 -0.98965 0.0721
vn 1E-05 -0.99985 0.01745
vn -0.11439 -0.98933 0.09019
vn -0.00013 -0.99985 0.01756
vn -0.09792 -0.98895 0.11127
vn -5E-05 -0.99985 0.01751
vn -0.08362 -0.98874 0.12412
vn -4E-05 -0.99985 0.0175
vn -4E-05 -0.99985 0.01751
vn -0.01961 -0.98826 0.15155
vn 0 -0.99985 0.01746
vn 0.00739 -0.98824 0.15273
vn 0 -0.99985 0.01749
vn 0.03295 -0.9883 0.14892
vn 0.05387 -0.98841 0.14191
vn 0.10534 -0.95976 0.26032
vn 0.13654 -0.96007 0.24418
vn 0.20031 -0.91515 0.34982
vn 0.26318 -0.9159 0.30308
vn 0.34362 -0.85443 0.38972
vn 0.42821 -0.8563 0.28878
vn 0.57614 -0.72309 0.38105
vn 0.63091 -0.72456 0.27742
vn 0.7232 -0.61501 0.31424
vn 0.76331 -0.61721 0.1908
vn 0.8418 -0.49848 0.20713
vn 0.86081 -0.50019 0.09394
vn 0.92275 -0.37277 0.09788
vn 0.92675 -0.375 -0.02272
vn 0.97085 -0.23822 -0.02643
vn 0.9581 -0.24041 -0.15571
vn 0.99766 -0.00114 -0.06831
vn 0.97357 -0.00392 -0.22835
vn 0.93293 -0.24238 -0.26626
vn 0.90879 -0.00705 -0.4172
vn 0.88258 -0.24471 -0.40147
vn 0.84735 -0.00912 -0.53096
vn 0.78997 -0.24748 -0.56098
vn 0.74447 -0.01154 -0.66756
vn 0.73056 -0.19796 -0.65352
vn 0.69052 -0.36797 -0.62272
vn 0.75407 -0.3839 -0.53292
vn 0.70334 -0.51069 -0.49447
vn 0.84245 -0.3813 -0.38063
vn 0.78582 -0.50829 -0.35231
vn 0.89052 -0.37904 -0.25161
vn 0.83062 -0.50616 -0.23212
vn 0.85314 -0.50431 -0.13354
vn 0.77365 -0.6225 -0.11817
vn 0.78375 -0.62092 -0.01386
vn 0.68367 -0.72974 -0.00883
vn 0.68093 -0.72796 0.08005
vn 0.50612 -0.86001 0.06502
vn 0.49486 -0.85892 0.13177
vn 0.37899 -0.91937 0.10553
vn 0.35921 -0.91825 0.16672
vn 0.24477 -0.96219 0.11945
vn 0.22342 -0.96156 0.15965
vn 0.11426 -0.98934 0.09032
vn 0.09171 -0.98885 0.11729
vn 2E-05 -0.99985 0.01746
vn 2E-05 -0.99985 0.01747
vn 0.06994 -0.98857 0.13355
vn 2E-05 -0.99985 0.0175
vn 0.00026 -0.99985 0.01758
vn 0.12511 -0.98969 0.06975
vn 0.25822 -0.96295 0.07784
vn 0.38764 -0.92021 0.05434
vn 0.50811 -0.86129 -0.00101
vn 0.67488 -0.73115 -0.0998
vn 0.75316 -0.62419 -0.20769
vn 0.71258 -0.62614 -0.3165
vn 0.63777 -0.6283 -0.44551
vn 0.62634 -0.52695 -0.57447
vn 0.00016 -0.99985 0.01752
vn 0.13197 -0.99007 0.04848
vn 0.26413 -0.96353 0.04288
vn 0.38912 -0.92118 0.00379
vn 0.50161 -0.86237 -0.06857
vn 0.65699 -0.73261 -0.17791
vn 0.62162 -0.73431 -0.27273
vn 0.55633 -0.7362 -0.38537
vn 0.57352 -0.62994 -0.52369
vn 0.54086 -0.66975 -0.50884
vn 0.50014 -0.73763 -0.45362
vn 0.42618 -0.80362 -0.41542
vn 0.37154 -0.86716 -0.33166
vn 0.30138 -0.90299 -0.30624
vn 0.28444 -0.92568 -0.24942
vn 0.1495 -0.97603 -0.15814
vn 0.19377 -0.96722 -0.16416
vn 0.09896 -0.99224 -0.07524
vn 0.11027 -0.99199 -0.06169
vn 3E-05 -0.99985 0.01743
vn 4E-05 -0.99985 0.01741
vn 6E-05 -0.99985 0.01742
vn 0.12336 -0.99158 -0.0393
vn 0.00018 -0.99985 0.01739
vn 0.13033 -0.99126 -0.02065
vn 0.00019 -0.99985 0.01741
vn 0.1338 -0.991 -0.00497
vn 7E-05 -0.99985 0.01745
vn 0.13544 -0.9907 0.01292
vn 0.13543 -0.99032 0.03035
vn 0.26511 -0.96418 0.00844
vn 7E-05 -0.99985 0.01747
vn -2E-05 -0.99985 0.01746
vn 0.99619 0.0017 0.0872
vn 0.96665 -0.23583 0.09987
vn 0.90247 -0.37078 0.21925
vn 0.79754 -0.49603 0.34336
vn 0.66053 -0.61332 0.43306
vn 0.46231 -0.7206 0.51673
vn 0.26149 -0.85346 0.4508
vn 0.15462 -0.91468 0.37344
vn 0.06441 -0.95952 0.27417
vn 0.94545 -0.23375 0.22689
vn 0.96884 0.00446 0.24766
vn 0.89571 -0.23092 0.37997
vn 0.89752 0.00804 0.4409
vn 0.81844 -0.22833 0.52728
vn 0.8281 0.01027 0.56049
vn 0.7099 0.01301 0.70418
vn 0.65669 -0.22479 0.71988
vn 0.61666 0.01472 0.78709
vn 0.49956 -0.22277 0.83714
vn 0.47759 0.01619 0.87843
vn 0.38568 -0.22167 0.89561
vn 0.27639 0.01751 0.96089
vn 0.23581 -0.22087 0.94637
vn 0.14441 0.01793 0.98936
vn 0.05345 -0.22041 0.97394
vn -5E-05 0.01818 0.99983
vn -0.14037 -0.22056 0.96522
vn -0.14459 0.01774 0.98933
vn -0.27662 0.01743 0.96082
vn -0.89807 0.00813 0.43977
vn -0.88959 -0.23086 0.39413
vn -0.88547 -0.36953 0.28177
vn -0.85997 -0.50037 0.1004
vn -0.78248 -0.62124 -0.04231
vn -0.66623 -0.7319 -0.14303
vn -0.46191 -0.86469 -0.19735
vn -0.31671 -0.92488 -0.21045
vn -0.92757 -0.23246 0.29252
vn -0.96844 0.0045 0.24922
vn -0.96587 -0.23588 0.10701
vn -0.99635 0.00157 0.08537
vn -0.9691 -0.2388 -0.06178
vn -0.99769 -0.00111 -0.06788
vn -0.94588 -0.24142 -0.21685
vn -0.97363 -0.00387 -0.2281
vn -0.88231 -0.24473 -0.40203
vn -0.90879 -0.00715 -0.41719
vn -0.41355 -0.86612 -0.28073
vn -0.55649 -0.73619 -0.38514
vn -0.62145 -0.7343 -0.27314
vn -0.7124 -0.62614 -0.31691
vn -0.78563 -0.5083 -0.35274
vn -0.84221 -0.38133 -0.38114
vn -0.76374 -0.62337 -0.1677
vn -0.84223 -0.50527 -0.18803
vn -0.90291 -0.37811 -0.20444
vn -0.26372 -0.96355 0.04506
vn -0.37203 -0.91884 0.13163
vn -0.46518 -0.85752 0.21971
vn -0.57625 -0.72323 0.38063
vn -0.56601 -0.61097 0.55349
vn -0.53383 -0.49031 0.68893
vn -0.86292 -0.50288 -0.04983
vn -0.92507 -0.3756 -0.05638
vn -0.92197 -0.37284 0.10472
vn -0.25346 -0.96262 0.09552
vn -0.35619 -0.91827 0.17296
vn -0.42834 -0.85639 0.28831
vn -0.49374 -0.72102 0.48617
vn -0.48393 -0.60987 0.6276
vn -0.24264 -0.96218 0.12386
vn -0.32811 -0.91738 0.22531
vn -0.367 -0.85475 0.36704
vn -0.42207 -0.72005 0.55081
vn -0.22358 -0.96157 0.15933
vn -0.28108 -0.91617 0.28572
vn -0.3136 -0.85403 0.41507
vn -0.19147 -0.96079 0.20056
vn -0.24013 -0.91559 0.32254
vn -0.16355 -0.96038 0.22564
vn -0.03833 -0.9594 0.27942
vn 0.01448 -0.95938 0.28176
vn -0.05628 -0.91419 0.40136
vn 0.02131 -0.91413 0.40486
vn 0.09452 -0.91432 0.3938
vn -0.07346 -0.85216 0.5181
vn 0.02786 -0.8521 0.52263
vn 0.12342 -0.85238 0.50816
vn 0.20185 -0.85278 0.48168
vn -0.09884 -0.71749 0.68952
vn 0.03755 -0.71744 0.69561
vn 0.16603 -0.71783 0.67614
vn 0.27153 -0.71841 0.64044
vn 0.35174 -0.71933 0.59903
vn -0.11328 -0.6069 0.78666
vn 0.04308 -0.60686 0.79364
vn 0.19028 -0.60728 0.77137
vn 0.3113 -0.60797 0.73039
vn 0.40321 -0.60903 0.68301
vn 0.53001 -0.61047 0.58857
vn -0.12491 -0.48705 0.86439
vn 0.04747 -0.48696 0.87213
vn 0.20994 -0.48749 0.84751
vn 0.34333 -0.48822 0.80235
vn 0.4447 -0.48936 0.75018
vn 0.58457 -0.49098 0.64592
vn 0.72855 -0.49411 0.47442
vn -0.13398 -0.35845 0.92388
vn 0.05095 -0.35833 0.93221
vn 0.22508 -0.35884 0.90586
vn 0.36812 -0.35962 0.85741
vn 0.47683 -0.36078 0.80154
vn 0.6268 -0.36259 0.68968
vn 0.78119 -0.36595 0.50579
vn 0.85507 -0.3681 0.36519
vn 0.17929 -0.9606 0.21237
vn 0.32796 -0.91732 0.22578
vn 0.46896 -0.85746 0.21174
vn 0.66586 -0.72652 0.16973
vn 0.78066 -0.61873 0.08805
vn 0.86443 -0.50242 -0.01853
vn 0.91459 -0.3771 -0.14603
vn 0.26167 -0.96479 -0.02677
vn 0.25471 -0.96532 -0.05722
vn 0.38422 -0.922 -0.0479
vn 0.37389 -0.92285 -0.09253
vn 0.24107 -0.96597 -0.09375
vn 0.48823 -0.86347 -0.12673
vn 0.46204 -0.86469 -0.19705
vn 0.41343 -0.86612 -0.28091
vn 0.35387 -0.92378 -0.14631
vn 0.21574 -0.96671 -0.13757
vn 0.31659 -0.92489 -0.21061
vn -1E-05 -0.99985 0.01746
vn -0.13167 -0.99105 0.02197
vn -1E-05 -0.99985 0.01744
vn -0.18185 -0.98304 0.02353
vn -0.18188 -0.98304 0.02352
vn -0.36785 -0.92943 0.0291
vn -0.26088 -0.96502 0.026
vn -0.38545 -0.92224 0.02985
vn -0.50341 -0.86342 0.03303
vn -0.54695 -0.83648 0.03374
vn -0.36785 -0.92943 0.0291
vn -0.54688 -0.83653 0.03375
vn -0.70669 -0.70655 0.03705
vn -0.70667 -0.70657 0.03707
vn -0.83645 -0.54666 0.03882
vn -0.83649 -0.54661 0.03882
vn -0.92919 -0.36754 0.03894
vn -0.92922 -0.36746 0.03894
vn -0.98269 -0.18139 0.03757
vn -0.98271 -0.18133 0.03757
vn -0.99939 0.00062 0.03497
vn -0.99091 -0.1292 0.03747
vn -0.99936 0.00065 0.0358
vn -0.61118 -0.79069 0.0356
vn -0.70861 -0.7046 0.03757
vn -0.86648 -0.49767 0.03936
vn -0.96566 -0.25689 0.03893
vn 0 -0.98633 -0.16478
vn 0 -0.99985 0.01745
vn -0 -0.98633 -0.16477
vn 0 -0.98633 -0.16478
vn -0 -0.93604 -0.35188
vn -0 -0.93607 -0.35182
vn -0 -0.84629 -0.53272
vn -0 -0.84643 -0.5325
vn 0 -0.71935 -0.69465
vn 0 -0.71936 -0.69464
vn 0 -0.56178 -0.82729
vn -0 -0.5618 -0.82727
vn 0 -0.38428 -0.92322
vn -0 -0.38429 -0.92321
vn -0 -0.19912 -0.97998
vn -0 -0.199 -0.98
vn -0 -0.01731 -0.99985
vn 0 -0.01731 -0.99985
vn 0 -0.199 -0.98
vn 0 -0.38429 -0.92321
vn 0 -0.5618 -0.82727
vn -0 -0.71936 -0.69464
vn 0 -0.84643 -0.5325
vn 0 -0.93607 -0.35182
vn 0.99937 0.0006 0.03554
vn 0.99934 0.00064 0.0363
vn 0.9909 -0.12922 0.03773
vn 0.98266 -0.18132 0.03887
vn 0.96566 -0.25689 0.03893
vn 0.92917 -0.36747 0.04017
vn 0.86647 -0.49764 0.03976
vn 0.83635 -0.54675 0.03987
vn 0.70861 -0.7046 0.03757
vn 0.70679 -0.70642 0.03769
vn 0.61114 -0.79072 0.0356
vn 0.54692 -0.83648 0.03446
vn 0.50345 -0.86339 0.03303
vn 0.36789 -0.9294 0.02959
vn 0.38559 -0.92219 0.02985
vn 0.26088 -0.96502 0.026
vn 0.18188 -0.98303 0.02377
vn 0.13168 -0.99105 0.02201
vn -0 -0.99985 0.01745
vn 0.22922 -0.97305 0.02531
vn 0.44376 -0.89558 0.03176
vn 0.60463 -0.7957 0.03586
vn 0.7461 -0.6647 0.03871
vn 0.85422 -0.51836 0.04008
vn 0.93491 -0.35261 0.04012
vn 0.98302 -0.17932 0.03885
vn 0.18188 -0.98304 0.02353
vn 0.36807 -0.92934 0.0291
vn 0.54687 -0.83654 0.03375
vn 0.70669 -0.70655 0.03705
vn 0.83632 -0.54687 0.03882
vn 0.92917 -0.36758 0.03894
vn 0.9827 -0.18137 0.03757
vn 0.99939 0.00061 0.03497
vn 0.98271 -0.18133 0.03757
vn 0.92922 -0.36746 0.03894
vn 0.83649 -0.54661 0.03882
vn 0.70667 -0.70657 0.03707
vn 0.54688 -0.83653 0.03375
vn 0.36786 -0.92943 0.0291
vn 0.18183 -0.98305 0.02352
vn -0.18167 -0.98307 0.02376
vn -0.36789 -0.9294 0.02959
vn -0.54687 -0.83651 0.03447
vn -0.70676 -0.70645 0.03768
vn -0.83642 -0.54664 0.03991
vn -0.92918 -0.36743 0.04018
vn -0.98266 -0.1813 0.03887
vn -0.99326 -0.10956 0.03775
vn -0.99934 0.00062 0.03633
vn -0.1815 -0.9831 0.02375
vn -0.35706 -0.93362 0.02927
vn -0.51818 -0.8546 0.03374
vn -0.66499 -0.74593 0.03718
vn -0.79023 -0.61155 0.03939
vn -0.89008 -0.45403 0.04026
vn -0.95707 -0.28711 0.03978
vn -0.87091 -0.00857 -0.49137
vn -0.8348 -0.00963 -0.55046
vn -0.74387 -0.01167 -0.66822
vn -0.94789 -0.00558 -0.31855
vn -0.90144 -0.00756 -0.43284
vn -0.97798 -0.00366 -0.20865
vn -0.98786 -0.00272 -0.15535
vn -1 1E-05 -0.00089
vn -1 -3E-05 -0.00088
vn -0.98905 0.00259 0.14756
vn -0.9548 0.00517 0.2972
vn -0.8848 0.00811 0.46589
vn -0.75703 0.01142 0.65329
vn -0.62544 0.01362 0.78015
vn -0.44953 0.0156 0.89313
vn -0.23415 0.01695 0.97205
vn -1E-05 0.01747 0.99985
vn 0.23415 0.017 0.97205
vn 0.44949 0.01558 0.89315
vn 0.62544 0.01361 0.78015
vn 0.75703 0.01142 0.65328
vn 0.85 0.00917 0.5267
vn 0.91326 0.00711 0.40731
vn 0.98056 0.00342 0.19617
vn 1 -1E-05 -0.00089
vn 0.97799 -0.00366 -0.20864
vn 0.90144 -0.00755 -0.43283
vn 0.83481 -0.0096 -0.55046
vn 0.74387 -0.01167 -0.66822
vn 0.83478 -0.00961 -0.55051
vn 0.90144 -0.00758 -0.43283
vn 0.97797 -0.00364 -0.20872
vn 1 -2E-05 -0.00099
vn 0.98056 0.00342 0.19621
vn 0.91326 0.00711 0.40731
vn 0.84997 0.00919 0.52675
vn 0.75696 0.0114 0.65336
vn 0.62539 0.01362 0.78019
vn 0.44949 0.01559 0.89315
vn 0.23441 0.01697 0.97199
vn 1E-05 0.01745 0.99985
vn -0.23441 0.01697 0.97199
vn -0.44944 0.01559 0.89317
vn -0.62543 0.01362 0.78016
vn -0.75699 0.0114 0.65333
vn -0.85 0.00921 0.5267
vn -0.91326 0.00712 0.40731
vn -0.98057 0.0034 0.19616
vn -0.99936 0.00062 0.03564
vn -0.99934 0.00059 0.0363
vn -0.99934 0.00059 0.0363
vn -0.99939 0.00061 0.03497
vn -0.99939 0.00061 0.03497
vn -0 -0.99985 0.01745
vn 0.99936 0.00062 0.03564
vn 0.99939 0.00061 0.03497
vn 0.99939 0.00061 0.03497
vn 0.99934 0.00059 0.0363
vn 0.99934 0.00061 0.0363
vn 0 -0.01746 -0.99985
vn -0 -0.01758 -0.99985
vn -0 -0.01746 -0.99985
vn 0 0.99985 -0.01745
vn 0 0.99985 -0.01745
vn 0 0.99985 -0.01745
vn -0 0.99985 -0.01745
vn -0 0.99985 -0.01745
vn 0 0.99985 -0.01745
vn -0 0.99985 -0.01745
vn 0 0.99985 -0.01745
vn -0 0.99985 -0.01745
vn -0 0.99985 -0.01745
vn -0 0.99985 -0.01745
vn 0 0.99985 -0.01745
vn 0 0.99985 -0.01745
vn -0 0.99985 -0.01745
vn 0 0.99985 -0.01745
vn 0 0.99985 -0.01745
vn -0 0.99985 -0.01745
vn 0 0.99985 -0.01745
vn 0 0.99985 -0.01745
vn -0 0.99985 -0.01745
vn -0 0.99985 -0.01745
vn -0 0.99985 -0.01745
vn 0 0.99985 -0.01745
vn -0 0.99985 -0.01745
vn -0 0.99985 -0.01745
vn 0 0.99985 -0.01745
vn -0 0.99985 -0.01745
vn -0 0.99985 -0.01745
vt -0.33403 11.6774
vt -0.39164 11.72848
vt -0.35826 11.57417
vt -0.39162 11.48622
vt -0.35826 11.42024
vt -0.39161 11.46427
vt -0.3916 11.20006
vt -0.35826 11.11203
vt -0.39157 10.93269
vt -0.35826 10.80374
vt -0.39154 10.67164
vt -0.35826 10.4955
vt -0.39161 10.00925
vt -0.35826 10.12854
vt -0.35826 9.76158
vt -0.32489 9.76158
vt -0.32489 9.39462
vt -0.29151 9.39462
vt -0.29151 9.02766
vt -0.25814 9.02766
vt -0.25814 8.72675
vt -0.20514 8.72675
vt -0.20514 8.42584
vt -0.16843 8.42584
vt -0.16843 8.27539
vt -0.13172 8.27539
vt -0.13172 8.20016
vt -0.09501 8.20016
vt -0.09501 8.12494
vt -0.05829 8.12494
vt -0.05829 8.04971
vt -0 8.08458
vt -0 8.02952
vt -0.05829 7.97447
vt -0 7.97447
vt -0 7.91942
vt -0.05829 7.89926
vt -0 7.80931
vt -0.05829 7.82403
vt -0.05829 7.69921
vt -0.09501 7.82403
vt -0.09501 7.69922
vt -0.13172 7.82403
vt -0.13172 7.69922
vt -0.16843 7.82403
vt -0.16843 7.69923
vt -0.20514 7.82403
vt -0.20514 7.69923
vt -0.25814 7.82403
vt -0.25814 7.69924
vt -0.29151 7.82403
vt -0.29151 7.69925
vt -0.32489 7.82403
vt -0.32489 7.69925
vt -0.35826 7.82403
vt -0.35826 7.69926
vt -0.39161 7.76532
vt -0.39161 7.67725
vt -0.3916 9.61479
vt -0.35826 9.39462
vt -0.32489 9.02766
vt -0.29151 8.72675
vt -0.25814 8.42584
vt -0.20514 8.27539
vt -0.16843 8.20016
vt -0.13172 8.12494
vt -0.09501 8.04971
vt -0.39154 9.01573
vt -0.35826 9.02766
vt -0.32489 8.72675
vt -0.29151 8.42584
vt -0.25814 8.27539
vt -0.20514 8.20016
vt -0.16843 8.12494
vt -0.13172 8.04971
vt -0.09501 7.97447
vt -0.09501 7.89926
vt -0.39153 8.91023
vt -0.35826 8.72675
vt -0.32489 8.42584
vt -0.29151 8.27539
vt -0.25814 8.20016
vt -0.20514 8.12494
vt -0.16843 8.04971
vt -0.13172 7.97447
vt -0.13172 7.89926
vt -0.39163 8.55795
vt -0.35826 8.42584
vt -0.32489 8.27539
vt -0.29151 8.20016
vt -0.25814 8.12494
vt -0.20514 8.04971
vt -0.16843 7.97447
vt -0.16843 7.89926
vt -0.39164 8.38181
vt -0.35826 8.27539
vt -0.32489 8.20016
vt -0.29151 8.12494
vt -0.25814 8.04971
vt -0.20514 7.97448
vt -0.20514 7.89926
vt -0.39162 8.21265
vt -0.35826 8.20016
vt -0.32489 8.12494
vt -0.29151 8.04971
vt -0.25814 7.97448
vt -0.25814 7.89926
vt -0.39163 8.1176
vt -0.35826 8.12494
vt -0.32489 8.04971
vt -0.29151 7.97448
vt -0.29151 7.89926
vt -0.35826 8.04971
vt -0.39163 8.02952
vt -0.35826 7.97448
vt -0.39161 7.94146
vt -0.35826 7.89926
vt -0.39159 7.85339
vt -0.39159 7.64466
vt -0.35826 7.5745
vt -0.32489 7.5745
vt -0.29151 7.5745
vt -0.25814 7.5745
vt -0.20514 7.5745
vt -0.16843 7.5745
vt -0.13172 7.5745
vt -0.09501 7.5745
vt -0.05829 7.5745
vt -0 7.5891
vt -0 7.36888
vt -0.05829 7.32496
vt -0 7.14867
vt -0.05829 7.07543
vt -0.05829 6.8259
vt -0.09501 7.07543
vt -0.09501 6.8259
vt -0.13172 7.07543
vt -0.13172 6.8259
vt -0.16843 7.07543
vt -0.16843 6.8259
vt -0.20514 7.07543
vt -0.20514 6.8259
vt -0.25814 7.07543
vt -0.25814 6.8259
vt -0.29151 7.07543
vt -0.29151 6.8259
vt -0.32489 7.07543
vt -0.32489 6.8259
vt -0.35826 7.07543
vt -0.35826 6.8259
vt -0.39164 6.97268
vt -0.39163 6.50092
vt -0.39157 7.5011
vt -0.35826 7.32496
vt -0.32489 7.32496
vt -0.39164 7.23454
vt -0.35826 6.32683
vt -0.39161 6.18005
vt -0.35826 5.82773
vt -0.39161 5.91584
vt -0.39161 5.38741
vt -0.39161 4.85899
vt -0.35826 4.94702
vt -0.35826 5.38738
vt -0.32489 5.8277
vt -0.32489 6.32683
vt -0.35826 4.63882
vt -0.39163 4.59478
vt -0.35826 4.48469
vt -0.39164 4.46268
vt -0.39093 4.33127
vt -0.39164 4.33057
vt -0.34617 4.37182
vt -0.32489 4.48469
vt -0.32489 4.63882
vt -0.32489 4.94697
vt -0.29151 4.94693
vt -0.29151 5.3873
vt -0.25814 5.38726
vt -0.25814 5.82764
vt -0.20514 5.82759
vt -0.20514 6.32683
vt -0.16843 6.32683
vt -0.30074 4.40634
vt -0.29151 4.48469
vt -0.29151 4.63882
vt -0.25814 4.94688
vt -0.20514 5.3872
vt -0.16843 5.82755
vt -0.13172 6.32683
vt -0.25599 4.43465
vt -0.25814 4.48469
vt -0.25814 4.63882
vt -0.20514 4.94681
vt -0.16843 5.38716
vt -0.13172 5.82752
vt -0.09501 6.32683
vt -0.21027 4.45825
vt -0.20514 4.48469
vt -0.20514 4.63882
vt -0.16843 4.94676
vt -0.13172 5.38712
vt -0.09501 5.82748
vt -0.05829 6.32683
vt -0.16431 4.47701
vt -0.16843 4.48469
vt -0.16843 4.63882
vt -0.13172 4.94671
vt -0.09501 5.38707
vt -0.05829 5.82745
vt -0 6.26782
vt -0 6.70824
vt -0.11775 4.49121
vt -0.13172 4.63882
vt -0.09501 4.63882
vt -0.07288 4.5004
vt -0.05829 4.63882
vt -0.02758 4.50528
vt -0 4.50611
vt -0 4.72632
vt -0.05829 4.94662
vt -0.09501 4.94666
vt -0 4.94654
vt -0 5.38696
vt -0.05829 5.38703
vt -0 5.82739
vt -0 7.6992
vt -0 8.13963
vt -0.05829 8.20016
vt -0.09501 8.27539
vt -0.13172 8.42584
vt -0.16843 8.72675
vt -0.20514 9.02766
vt -0.25814 9.39462
vt -0.29151 9.76158
vt -0.32489 10.12854
vt -0 8.24974
vt -0.05829 8.27539
vt -0.09501 8.42584
vt -0.13172 8.72675
vt -0.16843 9.02766
vt -0.20514 9.39462
vt -0.25814 9.76158
vt -0.29151 10.12854
vt -0.32489 10.4955
vt -0 8.35984
vt -0.05829 8.42584
vt -0.09501 8.72675
vt -0.13172 9.02766
vt -0.16843 9.39462
vt -0.20514 9.76158
vt -0.25814 10.12854
vt -0.29151 10.4955
vt -0.32489 10.80374
vt -0 8.46995
vt -0.05829 8.72675
vt -0.09501 9.02766
vt -0.13172 9.39462
vt -0.16843 9.76158
vt -0.20514 10.12854
vt -0.25814 10.4955
vt -0.29151 10.80374
vt -0.32489 11.11208
vt -0 8.69016
vt -0 8.91038
vt -0.05829 9.02766
vt -0 9.3508
vt -0.05829 9.39462
vt -0 9.79123
vt -0.05829 9.76158
vt -0.05829 10.12854
vt -0.09501 10.12854
vt -0.09501 10.4955
vt -0.13172 10.4955
vt -0.13172 10.80374
vt -0.16843 10.80374
vt -0.16843 11.11228
vt -0.20514 11.11224
vt -0.20514 11.42024
vt -0.25814 11.42024
vt -0.20514 11.57329
vt -0.25814 11.57359
vt -0.22984 11.6103
vt -0.27717 11.63714
vt -0 10.23165
vt -0.05829 10.4955
vt -0.09501 10.80374
vt -0.13172 11.11233
vt -0.16843 11.42024
vt -0.16843 11.57308
vt -0.18154 11.58854
vt -0 10.67208
vt -0.05829 10.80374
vt -0.09501 11.11238
vt -0.13172 11.42024
vt -0.13609 11.57289
vt -0 11.11251
vt -0.05829 11.11243
vt -0.09501 11.42024
vt -0 11.33272
vt -0.05829 11.42024
vt -0.0901 11.56169
vt -0 11.55294
vt -0.04519 11.55518
vt -0.29151 11.57378
vt -0.32489 11.57398
vt -0.32489 11.42024
vt -0.29151 11.42024
vt -0.29151 11.11212
vt -0.25814 11.11217
vt -0.20514 10.80374
vt -0.16843 10.4955
vt -0.13172 10.12854
vt -0.09501 9.76158
vt -0.25814 10.80374
vt -0.20514 10.4955
vt -0.16843 10.12854
vt -0.13172 9.76158
vt -0.09501 9.39462
vt -0.32489 7.97448
vt -0.32489 7.89926
vt -0.29151 7.32496
vt -0.25814 7.32496
vt -0.20514 7.32496
vt -0.16843 7.32496
vt -0.13172 7.32496
vt -0.09501 7.32496
vt -0.29151 6.32683
vt -0.29151 5.82767
vt -0.32489 5.38734
vt -0.25814 6.32683
vt 6.76833 0.20711
vt -15.75718 0.20711
vt -4.49443 0.15533
vt -15.75717 0.16991
vt -15.75716 0.13432
vt -4.49443 0.10355
vt -15.75713 0.06633
vt -4.49443 0.05178
vt -15.7571 0.00069
vt -4.49443 0
vt -15.75709 -0.03189
vt -4.49443 -0.05178
vt -15.75707 -0.06473
vt -4.49443 -0.10355
vt -15.75706 -0.09857
vt -15.75705 -0.13337
vt -4.49443 -0.15533
vt -15.75703 -0.16944
vt 6.50943 -0.20711
vt -15.75702 -0.20711
vt 6.55654 -0.15533
vt 6.60473 -0.10355
vt 6.6511 -0.05178
vt 6.6925 0
vt 6.72613 0.05178
vt 6.75016 0.10355
vt 6.76401 0.15533
vt -1.71488 -0.15533
vt -1.66777 -0.20711
vt -0.64222 -0.15533
vt 0.38332 -0.20711
vt 0.43043 -0.15533
vt -0.64222 -0.10355
vt 0.47862 -0.10355
vt -0.64222 -0.05178
vt 0.52499 -0.05178
vt -0.64222 0
vt 0.56639 0
vt -0.64222 0.05178
vt 0.60002 0.05178
vt -0.64222 0.10355
vt 0.62405 0.10355
vt -0.64222 0.15533
vt 0.6379 0.15533
vt 0.64222 0.20711
vt -1.92667 0.20711
vt -1.92235 0.15533
vt -1.90849 0.10355
vt -1.88447 0.05178
vt -1.85084 0
vt -1.80944 -0.05178
vt -1.76307 -0.10355
vt 5.72052 0.20711
vt 3.26711 0.20711
vt 5.72231 0.15588
vt 4.5505 0.15533
vt 5.72721 0.10771
vt 4.5505 0.10355
vt 5.73553 0.06022
vt 4.5505 0.05178
vt 5.74688 0.01439
vt 4.5505 0
vt 5.76212 -0.03395
vt 4.5505 -0.05178
vt 5.78005 -0.08204
vt 4.5505 -0.10355
vt 5.80515 -0.14214
vt 4.5505 -0.15533
vt 5.83389 -0.20711
vt 3.26726 -0.16944
vt 3.26727 -0.20711
vt 3.26712 0.16991
vt 3.26714 0.13432
vt 3.26716 0.06633
vt 3.26719 0.00069
vt 3.26721 -0.03189
vt 3.26722 -0.06473
vt 3.26723 -0.09857
vt 3.26725 -0.13337
vt 4.49426 -0.20711
vt 4.49429 -0.16944
vt -17.77219 -0.20711
vt -17.8193 -0.15533
vt -6.76832 -0.15533
vt -6.76832 -0.10355
vt 4.49432 -0.13337
vt 4.49435 -0.09857
vt 4.49437 -0.06473
vt -6.76832 -0.05178
vt -17.86749 -0.10355
vt -17.91386 -0.05178
vt -6.76832 0
vt -17.95526 0
vt -6.76832 0.05178
vt -17.98889 0.05178
vt -6.76832 0.10355
vt -18.01291 0.10355
vt -6.76832 0.15533
vt -18.02677 0.15533
vt -18.03109 0.20711
vt 4.49444 0.16991
vt 4.49443 0.20711
vt 4.49439 -0.03189
vt 4.49441 0.00069
vt 4.49444 0.06633
vt 4.49444 0.13432
vt -7.06067 -0.20711
vt -4.49405 -0.20711
vt -7.0603 -0.20628
vt -5.77727 -0.15538
vt -7.03772 -0.15543
vt -7.01679 -0.10658
vt -5.77727 -0.10355
vt -6.99844 -0.06036
vt -5.77727 -0.05178
vt -6.98233 -0.01434
vt -5.77727 0
vt -6.96899 0.0317
vt -5.77727 0.05178
vt -6.95859 0.079
vt -5.77727 0.10355
vt -6.95172 0.12594
vt -5.77727 0.15533
vt -6.94805 0.17546
vt -6.94727 0.20711
vt -4.49387 0.16991
vt -4.49388 0.20711
vt -4.49402 -0.16944
vt -4.49399 -0.13337
vt -4.49396 -0.09857
vt -4.49394 -0.06473
vt -4.49392 -0.03189
vt -4.4939 0.00069
vt -4.49387 0.06633
vt -4.49387 0.13432
vt 0 1.67349
vt -0.05 1.67348
vt -0.025 1.5689
vt -0.05 1.55158
vt -0.025 1.46431
vt -0.05 1.44956
vt -0.05 1.27443
vt -0.025 1.25512
vt -0.05 1.11486
vt -0.025 1.04593
vt -0.05 0.95495
vt -0.025 0.83675
vt -0.05 0.78149
vt -0.025 0.62756
vt -0.05 0.59689
vt -0.025 0.52297
vt -0.05 0.49479
vt -0.025 0.41837
vt -0.05 0.37688
vt -0.025 0.31378
vt -0.05 0.30708
vt -0.05 0.22495
vt -0.025 0.20919
vt -0.05 0.12385
vt -0.025 0.10459
vt -0.05 0.06434
vt -0.025 -1E-05
vt -0.05 -1E-05
vt -0.05 -0.06433
vt -0.025 -0.10459
vt -0.05 -0.1238
vt -0.025 -0.20919
vt -0.05 -0.22493
vt -0.025 -0.31378
vt -0.05 -0.30707
vt -0.05 -0.37679
vt -0.025 -0.41837
vt -0.05 -0.49479
vt -0.025 -0.57526
vt -0.05 -0.59696
vt -0.025 -0.73215
vt -0.05 -0.78152
vt -0.025 -0.88904
vt -0.05 -0.95494
vt -0.025 -1.04593
vt -0.05 -1.11489
vt -0.025 -1.20282
vt -0.05 -1.27447
vt -0.025 -1.35971
vt -0.05 -1.44956
vt -0.025 -1.5166
vt -0.05 -1.55161
vt 0 -1.67349
vt -0.05 -1.67349
vt 0 -1.5689
vt 0 -1.46431
vt 0 -1.25512
vt 0 -1.04593
vt 0 -0.83675
vt 0 -0.62756
vt 0 -0.52297
vt 0 -0.41837
vt 0 -0.31378
vt 0 -0.20919
vt 0 -0.10459
vt 0 0
vt 0 0.10459
vt 0 0.20919
vt 0 0.31378
vt 0 0.41837
vt 0 0.52297
vt 0 0.62756
vt 0 0.83675
vt 0 1.04593
vt 0 1.25512
vt 0 1.46431
vt 0 1.5689
vt 2.45355 0
vt 2.45339 0.05
vt 1.22677 0.025
vt -0 0.05
vt -0 0
vt 22.52552 0
vt 22.52552 0.05
vt 11.26276 0.025
vt 0 0.05
vt -0 0
vt 1.02554 13.25
vt -1.02554 13.25
vt -0 0
vt -0.24666 -9.00282
vt -0.15349 -11.56775
vt -0.20577 -11.61388
vt -0.18171 -13.16872
vt -0.16864 -13.17997
vt -0.13109 -13.20753
vt -0.23432 -13.11401
vt -0.2514 -11.66677
vt -0.3135 -12.99788
vt -0.32575 -11.78492
vt -0.37162 -12.8721
vt -0.42041 -12.04702
vt -0.43683 -12.63182
vt -0.45706 -12.32361
vt -0.45581 -12.46325
vt -0.09023 -13.22969
vt -0.04617 -13.24464
vt 0 -13.25
vt 0.04617 -13.24463
vt 0.15349 -11.56775
vt 0.09359 -13.22816
vt 0.16863 -13.17994
vt 0.23433 -13.11409
vt 0.3345 -12.95746
vt 0.3258 -11.78489
vt 0.25142 -11.66678
vt 0.24426 -11.65764
vt 0.35772 -12.90677
vt 0.38173 -11.91456
vt 0.42038 -12.04713
vt 0.44147 -12.60215
vt 0.4582 -12.39434
vt 0.24666 -9.00282
vt 0 0.05
vt -0 0
vt 2.45355 0.05
vt 0.00013 0.05
vt 0 0
vt 2.56889 0
vt 2.56889 0.05
vt 1.28445 0.025
vt -0 0.05
vt -0 0
vt 0.49651 -9.01173
vt 1.28445 13.5
vt 0 0
vt -1.28445 13.5
vt -0.49651 -9.01173
vt -0 -13.5
vt -0.40743 -11.46367
vt -0.10657 -13.48724
vt -0.21463 -13.4473
vt -0.32003 -13.37906
vt -0.41837 -13.28356
vt -0.48995 -11.57111
vt -0.5056 -13.16405
vt -0.5638 -11.70215
vt -0.57853 -13.02568
vt -0.67087 -12.02154
vt -0.67506 -12.71786
vt -0.70807 -12.37824
vt 0.10657 -13.48724
vt 0.40743 -11.46367
vt 0.21463 -13.4473
vt 0.32003 -13.37906
vt 0.41837 -13.28356
vt 0.48995 -11.57111
vt 0.5056 -13.16405
vt 0.5638 -11.70215
vt 0.57853 -13.02568
vt 0.67087 -12.02154
vt 0.67506 -12.71786
vt 0.70807 -12.37824
vt 0.39657 -9.00744
vt 0.63976 -2.05953
vt 0.00339 -7.75571
vt -0.63976 -2.05953
vt -0.39657 -9.00744
vt -0.30846 -11.43276
vt -0.02648 -13.44837
vt 0.30846 -11.43275
vt 0.05134 -13.44592
vt 0.12715 -13.42872
vt -0.33614 -11.4607
vt -0.28474 -13.3425
vt -0.19028 -13.40276
vt -0.11054 -13.43372
vt -0.37485 -13.25665
vt -0.3823 -11.5106
vt -0.46259 -11.62151
vt -0.49905 -13.0737
vt -0.55188 -11.79874
vt -0.5679 -12.91578
vt -0.62584 -12.05146
vt -0.6418 -12.61298
vt -0.65555 -12.3015
vt 0.20996 -13.39249
vt 0.28531 -13.34208
vt 0.36401 -13.26886
vt 0.39031 -11.52029
vt 0.45693 -13.14593
vt 0.50466 -11.69562
vt 0.54853 -12.96566
vt 0.59698 -11.93104
vt 0.61502 -12.75675
vt 0.64245 -12.15307
vt 0.64606 -12.58207
vt 0.65441 -12.2757
vt 0.6574 -12.42021
vt 0 -0.37841
vt 6.95111 -0.49967
vt 3.47555 0
vt 6.95111 0.49967
vt -0 0.37841
vt 2.42655 -0.33608
vt 2.42655 0.33608
vt 1.21327 0
vt -0 0.37841
vt -0 -0.37841
vt 1.56984 0.33455
vt 1.62652 0.16804
vt 1.66664 0.33608
vt 1.62652 0.08402
vt 1.62652 0
vt 1.46668 0.08402
vt 1.46668 0
vt 1.30684 0.08402
vt 1.30684 0
vt 1.19241 0.08402
vt 1.19241 0
vt 1.07799 0.08402
vt 1.07799 0
vt 0.84914 0.08402
vt 0.84914 0
vt 0.69556 0.08402
vt 0.69556 0
vt 0.54199 0.08402
vt 0.54199 0
vt 0.38842 0.08402
vt 0.38842 0
vt 0.29002 0.08402
vt 0.29002 0
vt 0.19162 0.08402
vt 0.19162 0
vt 0.09323 0.08402
vt 0.09323 0
vt -0.00517 0.08402
vt -0.00517 0
vt -0.07125 0.08402
vt -0.07125 0
vt -0.13733 0.08402
vt -0.13733 0
vt -0.20342 0.08402
vt -0.20342 0
vt -0.2695 0.08402
vt -0.2695 0
vt -0.40166 0.08402
vt -0.40166 0
vt -0.54387 0.08402
vt -0.54387 0
vt -0.68607 0.08402
vt -0.68607 0
vt -0.82827 0.08402
vt -0.82827 0
vt -0.98899 0.08402
vt -0.98899 0
vt -1.14971 0.08402
vt -1.14971 0
vt -1.31044 0.08402
vt -1.31044 0
vt -1.46848 0.08402
vt -1.46848 0
vt -1.62652 0.08402
vt -1.62652 0
vt -1.66663 0.33608
vt -1.66663 -0.33608
vt 1.46668 0.16804
vt 1.42007 0.33149
vt 1.30684 0.16804
vt 1.25773 0.32739
vt 1.19241 0.16804
vt 1.12186 0.32351
vt 1.07799 0.16804
vt 1.04987 0.32137
vt 0.96603 0.31885
vt 0.84914 0.16804
vt 0.87161 0.31602
vt 0.7663 0.31297
vt 0.69556 0.16804
vt 0.62958 0.30933
vt 0.54199 0.16804
vt 0.49318 0.30618
vt 0.38842 0.16804
vt 0.37906 0.30404
vt 0.29002 0.16804
vt 0.29149 0.30276
vt 0.21187 0.30188
vt 0.19162 0.16804
vt 0.12732 0.30125
vt 0.09323 0.16804
vt 0.05129 0.30095
vt -0.00517 0.16804
vt -0.02648 0.3009
vt -0.07125 0.16804
vt -0.11061 0.30116
vt -0.13733 0.16804
vt -0.19156 0.3017
vt -0.20342 0.16804
vt -0.2695 0.16804
vt -0.29084 0.30275
vt -0.40166 0.16804
vt -0.39171 0.30425
vt -0.55111 0.30744
vt -0.54387 0.16804
vt -0.66385 0.3102
vt -0.68607 0.16804
vt -0.82827 0.16804
vt -0.8533 0.31548
vt -0.98899 0.16804
vt -1.03488 0.32092
vt -1.14971 0.16804
vt -1.18284 0.32528
vt -1.31044 0.16804
vt -1.34535 0.32969
vt -1.46848 0.16804
vt -1.47887 0.33279
vt -1.5794 0.33472
vt -1.62652 0.16804
vt -1.63301 0.33559
vt -1.57084 -0.33457
vt -1.42209 -0.33154
vt -1.26134 -0.32748
vt -1.1259 -0.32363
vt -1.0632 -0.32177
vt -0.98163 -0.31932
vt -0.88432 -0.3164
vt -0.77229 -0.31314
vt -0.63498 -0.30946
vt -0.49796 -0.30628
vt -0.38289 -0.3041
vt -0.29515 -0.30281
vt -0.21519 -0.30191
vt -0.13024 -0.30126
vt -0.062 -0.30097
vt 0.02425 -0.3009
vt 0.10827 -0.30115
vt 0.18916 -0.30168
vt 0.29688 -0.30283
vt 0.39135 -0.30424
vt 0.52697 -0.30691
vt 0.66306 -0.31018
vt 0.85237 -0.31546
vt 1.03403 -0.32089
vt 1.09064 -0.32259
vt 1.16266 -0.3247
vt 1.34504 -0.32969
vt 1.47885 -0.33279
vt 1.5795 -0.33472
vt 1.63305 -0.33559
vt 1.66664 -0.33608
vt 2.49512 -0.37841
vt 2.49512 0.37841
vt 1.28185 0
vt 0.06858 0.33608
vt 0.06858 -0.33608
vt 0.00581 -7.75597
vt -0.30846 -11.43275
vt -0.02427 -13.44851
vt 0.06205 -13.44441
vt -0.33612 -11.46067
vt -0.2903 -13.33812
vt -0.18795 -13.40398
vt -0.10822 -13.43441
vt -0.37455 -13.25699
vt -0.38222 -11.51052
vt -0.4626 -11.62157
vt -0.48173 -13.10435
vt -0.55205 -11.79919
vt -0.56731 -12.91677
vt -0.63212 -12.08474
vt -0.64161 -12.61461
vt -0.64874 -12.20597
vt -0.65578 -12.30293
vt 0.30846 -11.43276
vt 0.13003 -13.42772
vt 0.21317 -13.39063
vt 0.28872 -13.33933
vt 0.36735 -13.26522
vt 0.38947 -11.51925
vt 0.46059 -13.14036
vt 0.50329 -11.69294
vt 0.55184 -12.95807
vt 0.59534 -11.92542
vt 0.6174 -12.74715
vt 0.64142 -12.14629
vt 0.64848 -12.56043
vt 0.65274 -12.25287
vt 0.65768 -12.39329
vt 22.41846 0.37841
vt 15.46736 0.49967
vt 18.94291 0
vt 15.46736 -0.49967
vt 22.41846 -0.37841
vt 0.49967 0.63976
vt -0.49967 0.63976
vt -0.49967 -0.63976
vt 0.49967 -0.63976
vt 0.39164 4.33057
vt 0.39164 4.46268
vt 0.39093 4.33127
vt 0.35826 4.48469
vt 0.34617 4.37182
vt 0.32489 4.48469
vt 0.30074 4.40634
vt 0.29151 4.48469
vt 0.25599 4.43465
vt 0.25814 4.48469
vt 0.21027 4.45825
vt 0.20514 4.48469
vt 0.16843 4.48469
vt 0.16843 4.63882
vt 0.16431 4.47701
vt 0.13172 4.63882
vt 0.11775 4.49121
vt 0.09501 4.63882
vt 0.07288 4.5004
vt 0.05829 4.63882
vt 0.02758 4.50528
vt 0.39163 4.59478
vt 0.35826 4.63882
vt 0.32489 4.63882
vt 0.32489 4.94697
vt 0.29151 4.94693
vt 0.29151 5.3873
vt 0.25814 5.38726
vt 0.25814 5.82764
vt 0.20514 5.82759
vt 0.20514 6.32683
vt 0.16843 6.32683
vt 0.16843 6.8259
vt 0.13172 6.8259
vt 0.13172 7.07543
vt 0.09501 7.07543
vt 0.09501 7.32496
vt 0.05829 7.32496
vt 0.05829 7.5745
vt 0.05829 7.69921
vt 0.05829 7.82403
vt 0.05829 7.89926
vt 0.09501 7.82403
vt 0.09501 7.89926
vt 0.13172 7.82403
vt 0.13172 7.89926
vt 0.16843 7.82403
vt 0.16843 7.89926
vt 0.20514 7.82403
vt 0.20514 7.89926
vt 0.25814 7.82403
vt 0.25814 7.89926
vt 0.29151 7.82403
vt 0.29151 7.89926
vt 0.32489 7.82403
vt 0.32489 7.89926
vt 0.35826 7.82403
vt 0.35826 7.89926
vt 0.39159 7.85339
vt 0.39161 7.94146
vt 0.39161 4.85899
vt 0.35826 4.94702
vt 0.32489 5.38734
vt 0.29151 5.82767
vt 0.25814 6.32683
vt 0.20514 6.8259
vt 0.16843 7.07543
vt 0.13172 7.32496
vt 0.09501 7.5745
vt 0.39161 5.38741
vt 0.35826 5.38738
vt 0.32489 5.8277
vt 0.29151 6.32683
vt 0.25814 6.8259
vt 0.20514 7.07543
vt 0.16843 7.32496
vt 0.13172 7.5745
vt 0.09501 7.69922
vt 0.35826 5.82773
vt 0.39161 5.91584
vt 0.39161 6.18005
vt 0.35826 6.32683
vt 0.39163 6.50092
vt 0.35826 6.8259
vt 0.39164 6.97268
vt 0.35826 7.07543
vt 0.39164 7.23454
vt 0.35826 7.32496
vt 0.39157 7.5011
vt 0.35826 7.5745
vt 0.39159 7.64466
vt 0.35826 7.69926
vt 0.39161 7.67725
vt 0.39161 7.76532
vt 0.35826 7.97448
vt 0.39163 8.02952
vt 0.35826 8.04971
vt 0.39163 8.1176
vt 0.35826 8.12494
vt 0.35826 8.20016
vt 0.32489 8.20016
vt 0.32489 8.27539
vt 0.29151 8.27539
vt 0.29151 8.42584
vt 0.25814 8.42584
vt 0.25814 8.72675
vt 0.20514 8.72675
vt 0.20514 9.02766
vt 0.16843 9.02766
vt 0.16843 9.39462
vt 0.13172 9.39462
vt 0.13172 9.76158
vt 0.09501 9.76158
vt 0.09501 10.12854
vt 0.05829 10.12854
vt 0.05829 10.4955
vt 0.05829 10.80374
vt 0.05829 11.11243
vt 0.05829 11.42024
vt 0.04519 11.55518
vt 0.0901 11.56169
vt 0.09501 11.42024
vt 0.13172 11.42024
vt 0.09501 11.11238
vt 0.13172 11.11233
vt 0.09501 10.80374
vt 0.13172 10.80374
vt 0.13172 10.4955
vt 0.16843 10.4955
vt 0.16843 10.12854
vt 0.20514 10.12854
vt 0.20514 9.76158
vt 0.25814 9.76158
vt 0.25814 9.39462
vt 0.29151 9.39462
vt 0.29151 9.02766
vt 0.32489 9.02766
vt 0.32489 8.72675
vt 0.35826 8.72675
vt 0.35826 8.42584
vt 0.39163 8.55795
vt 0.39164 8.38181
vt 0.35826 8.27539
vt 0.39162 8.21265
vt 0.39153 8.91023
vt 0.35826 9.02766
vt 0.32489 9.39462
vt 0.29151 9.76158
vt 0.25814 10.12854
vt 0.20514 10.4955
vt 0.16843 10.80374
vt 0.16843 11.11228
vt 0.16843 11.42024
vt 0.13609 11.57289
vt 0.39154 9.01573
vt 0.35826 9.39462
vt 0.32489 9.76158
vt 0.29151 10.12854
vt 0.25814 10.4955
vt 0.20514 10.80374
vt 0.20514 11.11224
vt 0.20514 11.42024
vt 0.16843 11.57308
vt 0.18154 11.58854
vt 0.20514 11.57329
vt 0.22984 11.6103
vt 0.25814 11.57359
vt 0.27717 11.63714
vt 0.29151 11.57378
vt 0.33403 11.6774
vt 0.32489 11.57398
vt 0.35826 11.57417
vt 0.35826 11.42024
vt 0.39162 11.48622
vt 0.39161 11.46427
vt 0.3916 11.20006
vt 0.35826 11.11203
vt 0.39157 10.93269
vt 0.35826 10.80374
vt 0.39154 10.67164
vt 0.35826 10.4955
vt 0.39161 10.00925
vt 0.35826 10.12854
vt 0.35826 9.76158
vt 0.32489 10.12854
vt 0.3916 9.61479
vt 0.39164 11.72848
vt 0.05829 9.76158
vt 0.09501 9.39462
vt 0.13172 9.02766
vt 0.16843 8.72675
vt 0.20514 8.42584
vt 0.25814 8.27539
vt 0.29151 8.20016
vt 0.32489 8.12494
vt 0.05829 9.39462
vt 0.05829 9.02766
vt 0.05829 8.72675
vt 0.05829 8.42584
vt 0.05829 8.27539
vt 0.05829 8.20016
vt 0.05829 8.12494
vt 0.05829 8.04971
vt 0.05829 7.97447
vt 0.05829 7.07543
vt 0.09501 6.8259
vt 0.13172 6.32683
vt 0.16843 5.82755
vt 0.20514 5.3872
vt 0.25814 4.94688
vt 0.29151 4.63882
vt 0.05829 6.8259
vt 0.05829 6.32683
vt 0.05829 5.82745
vt 0.05829 5.38703
vt 0.05829 4.94662
vt 0.25814 4.63882
vt 0.20514 4.63882
vt 0.20514 4.94681
vt 0.16843 4.94676
vt 0.13172 4.94671
vt 0.09501 4.94666
vt 0.16843 5.38716
vt 0.13172 5.38712
vt 0.09501 5.38707
vt 0.32489 6.32683
vt 0.29151 6.8259
vt 0.25814 7.07543
vt 0.20514 7.32496
vt 0.16843 7.5745
vt 0.13172 7.69922
vt 0.13172 5.82752
vt 0.09501 5.82748
vt 0.09501 6.32683
vt 0.32489 6.8259
vt 0.29151 7.07543
vt 0.25814 7.32496
vt 0.20514 7.5745
vt 0.16843 7.69923
vt 0.32489 7.07543
vt 0.29151 7.32496
vt 0.25814 7.5745
vt 0.20514 7.69923
vt 0.32489 7.32496
vt 0.29151 7.5745
vt 0.25814 7.69924
vt 0.32489 7.5745
vt 0.29151 7.69925
vt 0.32489 7.69925
vt 0.32489 7.97448
vt 0.32489 8.04971
vt 0.29151 7.97448
vt 0.29151 8.04971
vt 0.29151 8.12494
vt 0.25814 7.97448
vt 0.25814 8.04971
vt 0.25814 8.12494
vt 0.25814 8.20016
vt 0.20514 7.97448
vt 0.20514 8.04971
vt 0.20514 8.12494
vt 0.20514 8.20016
vt 0.20514 8.27539
vt 0.16843 7.97447
vt 0.16843 8.04971
vt 0.16843 8.12494
vt 0.16843 8.20016
vt 0.16843 8.27539
vt 0.16843 8.42584
vt 0.13172 7.97447
vt 0.13172 8.04971
vt 0.13172 8.12494
vt 0.13172 8.20016
vt 0.13172 8.27539
vt 0.13172 8.42584
vt 0.13172 8.72675
vt 0.09501 7.97447
vt 0.09501 8.04971
vt 0.09501 8.12494
vt 0.09501 8.20016
vt 0.09501 8.27539
vt 0.09501 8.42584
vt 0.09501 8.72675
vt 0.09501 9.02766
vt 0.32489 8.42584
vt 0.29151 8.72675
vt 0.25814 9.02766
vt 0.20514 9.39462
vt 0.16843 9.76158
vt 0.13172 10.12854
vt 0.09501 10.4955
vt 0.32489 10.4955
vt 0.32489 10.80374
vt 0.29151 10.4955
vt 0.29151 10.80374
vt 0.32489 11.11208
vt 0.25814 10.80374
vt 0.25814 11.11217
vt 0.25814 11.42024
vt 0.29151 11.11212
vt 0.32489 11.42024
vt 0.29151 11.42024
vt 15.75702 -0.20711
vt 15.75703 -0.16944
vt -6.50943 -0.20711
vt -6.55654 -0.15533
vt 4.49443 -0.15533
vt 4.49443 -0.10355
vt 15.75705 -0.13337
vt 15.75706 -0.09857
vt 15.75707 -0.06473
vt 4.49443 -0.05178
vt -6.60473 -0.10355
vt -6.6511 -0.05178
vt 4.49443 0
vt -6.6925 0
vt 4.49443 0.05178
vt -6.72613 0.05178
vt 4.49443 0.10355
vt -6.75016 0.10355
vt 4.49443 0.15533
vt -6.76401 0.15533
vt -6.76833 0.20711
vt 15.75717 0.16991
vt 15.75718 0.20711
vt 15.75709 -0.03189
vt 15.7571 0.00069
vt 15.75713 0.06633
vt 15.75716 0.13432
vt -0.43043 -0.15533
vt -0.38332 -0.20711
vt 0.64222 -0.15533
vt 1.66777 -0.20711
vt 1.71488 -0.15533
vt 0.64222 -0.10355
vt 1.76307 -0.10355
vt 0.64222 -0.05178
vt 1.80944 -0.05178
vt 0.64222 0
vt 1.85084 0
vt 0.64222 0.05178
vt 1.88447 0.05178
vt 0.64222 0.10355
vt 1.90849 0.10355
vt 0.64222 0.15533
vt 1.92235 0.15533
vt 1.92667 0.20711
vt -0.64222 0.20711
vt -0.6379 0.15533
vt -0.62405 0.10355
vt -0.60002 0.05178
vt -0.56639 0
vt -0.52499 -0.05178
vt -0.47862 -0.10355
vt -3.26711 0.20711
vt -5.72052 0.20711
vt -3.26712 0.16991
vt -4.5505 0.15533
vt -3.26714 0.13432
vt -4.5505 0.10355
vt -3.26716 0.06633
vt -4.5505 0.05178
vt -3.26719 0.00069
vt -4.5505 0
vt -3.26721 -0.03189
vt -4.5505 -0.05178
vt -3.26722 -0.06473
vt -4.5505 -0.10355
vt -3.26723 -0.09857
vt -3.26725 -0.13337
vt -4.5505 -0.15533
vt -3.26726 -0.16944
vt -3.26727 -0.20711
vt -5.83389 -0.20711
vt -5.80515 -0.14214
vt -5.78005 -0.08204
vt -5.76212 -0.03395
vt -5.74688 0.01439
vt -5.73553 0.06022
vt -5.72721 0.10771
vt -5.72231 0.15588
vt -4.49426 -0.20711
vt 17.77219 -0.20711
vt -4.49429 -0.16944
vt 6.76832 -0.15533
vt -4.49432 -0.13337
vt 6.76832 -0.10355
vt -4.49435 -0.09857
vt -4.49437 -0.06473
vt 6.76832 -0.05178
vt -4.49439 -0.03189
vt 6.76832 0
vt -4.49441 0.00069
vt 6.76832 0.05178
vt -4.49444 0.06633
vt 6.76832 0.10355
vt -4.49444 0.13432
vt 6.76832 0.15533
vt -4.49444 0.16991
vt -4.49443 0.20711
vt 18.03109 0.20711
vt 18.02677 0.15533
vt 18.01291 0.10355
vt 17.98889 0.05178
vt 17.95526 0
vt 17.91386 -0.05178
vt 17.86749 -0.10355
vt 17.8193 -0.15533
vt 7.06067 -0.20711
vt 7.0603 -0.20628
vt 4.49405 -0.20711
vt 4.49402 -0.16944
vt 5.77727 -0.15538
vt 4.49399 -0.13337
vt 5.77727 -0.10355
vt 4.49396 -0.09857
vt 4.49394 -0.06473
vt 5.77727 -0.05178
vt 4.49392 -0.03189
vt 5.77727 0
vt 4.4939 0.00069
vt 5.77727 0.05178
vt 4.49387 0.06633
vt 5.77727 0.10355
vt 4.49387 0.13432
vt 5.77727 0.15533
vt 4.49387 0.16991
vt 4.49388 0.20711
vt 6.94805 0.17546
vt 6.94727 0.20711
vt 7.03772 -0.15543
vt 7.01679 -0.10658
vt 6.99844 -0.06036
vt 6.98233 -0.01434
vt 6.96899 0.0317
vt 6.95859 0.079
vt 6.95172 0.12594
vt 0.05 -1.55161
vt 0.025 -1.5166
vt 0.05 -1.67349
vt -0 -1.5689
vt -0 -1.67349
vt 0.05 -1.44956
vt 0.025 -1.35971
vt -0 -1.46431
vt -0 -1.25512
vt 0.025 -1.20282
vt -0 -1.04593
vt 0.025 -1.04593
vt 0.025 -0.88904
vt 0.05 -0.95494
vt 0.05 -0.78152
vt 0.05 -1.27447
vt 0.05 -1.11489
vt 0.025 -0.73215
vt 0.05 -0.59696
vt 0.025 -0.57526
vt 0.05 -0.49479
vt 0.025 -0.41837
vt 0.05 -0.37679
vt 0.025 -0.31378
vt 0.05 -0.30707
vt 0.05 -0.22493
vt 0.025 -0.20919
vt 0.05 -0.1238
vt 0.025 -0.10459
vt 0.05 -0.06433
vt 0.025 -1E-05
vt 0.05 -1E-05
vt 0.05 0.06434
vt 0.025 0.10459
vt 0.05 0.12385
vt 0.025 0.20919
vt 0.05 0.22495
vt 0.025 0.31378
vt 0.05 0.30708
vt 0.05 0.37688
vt 0.025 0.41837
vt 0.05 0.49479
vt 0.025 0.52297
vt 0.05 0.59689
vt 0.025 0.62756
vt 0.05 0.78149
vt 0.025 0.83675
vt 0.05 0.95495
vt 0.025 1.04593
vt 0.05 1.11486
vt 0.025 1.25512
vt 0.05 1.27443
vt 0.025 1.46431
vt 0.05 1.44956
vt 0.05 1.55158
vt 0.025 1.5689
vt 0.05 1.67348
vt -0 1.67349
vt -0 1.5689
vt -0 1.46431
vt -0 1.25512
vt -0 1.04593
vt -0 0.83675
vt -0 0.62756
vt -0 0.52297
vt -0 0.41837
vt -0 0.31378
vt -0 0.20919
vt -0 0.10459
vt -0 0
vt -0 -0.10459
vt -0 -0.20919
vt -0 -0.31378
vt -0 -0.41837
vt -0 -0.52297
vt -0 -0.62756
vt -0 -0.83675
vt 0 0
vt 0 0.05
vt -1.22677 0.025
vt -2.45339 0.05
vt -2.45355 0
vt 0 0
vt 0 0.05
vt -11.26276 0.025
vt -22.52552 0.05
vt -22.52552 0
vt 0 0
vt -0 -13.25
vt -0.04617 -13.24463
vt -0.09359 -13.22816
vt -0.16863 -13.17994
vt -0.23433 -13.11409
vt -0.24426 -11.65764
vt -0.25142 -11.66678
vt -0.3258 -11.78489
vt -0.3345 -12.95746
vt -0.35772 -12.90677
vt -0.38173 -11.91456
vt -0.42038 -12.04713
vt -0.4582 -12.39434
vt -0.44147 -12.60215
vt 0.04617 -13.24464
vt 0.09023 -13.22969
vt 0.13109 -13.20753
vt 0.16864 -13.17997
vt 0.18171 -13.16872
vt 0.20577 -11.61388
vt 0.23432 -13.11401
vt 0.2514 -11.66677
vt 0.3135 -12.99788
vt 0.32575 -11.78492
vt 0.37162 -12.8721
vt 0.42041 -12.04702
vt 0.43683 -12.63182
vt 0.45706 -12.32361
vt 0.45581 -12.46325
vt -0 0
vt -0 0.05
vt 0 0
vt -0.00013 0.05
vt -2.45355 0.05
vt 0 0
vt 0 0.05
vt -1.28445 0.025
vt -2.56889 0.05
vt -2.56889 0
vt 0 -13.5
usemtl mat0
f 1/1/1 2/2/2 3/3/3
f 3/3/3 2/2/2 4/4/4
f 3/3/3 4/4/4 5/5/5
f 5/5/5 4/4/4 6/6/6
f 5/5/5 6/6/6 7/7/7
f 5/5/5 7/7/7 8/8/8
f 8/8/8 7/7/7 9/9/9
f 8/8/8 9/9/9 10/10/10
f 10/10/10 9/9/9 11/11/11
f 10/10/10 11/11/11 12/12/12
f 12/12/12 11/11/11 13/13/13
f 12/12/12 13/13/13 14/14/14
f 14/14/14 13/13/13 15/15/15
f 14/14/14 15/15/15 16/16/16
f 16/16/16 15/15/15 17/17/17
f 16/16/16 17/17/17 18/18/18
f 18/18/18 17/17/17 19/19/19
f 18/18/18 19/19/19 20/20/20
f 20/20/20 19/19/19 21/21/21
f 20/20/20 21/21/21 22/22/22
f 22/22/22 21/21/21 23/23/23
f 22/22/22 23/23/23 24/24/24
f 24/24/24 23/23/23 25/25/25
f 24/24/24 25/25/25 26/26/26
f 26/26/26 25/25/25 27/27/27
f 26/26/26 27/27/27 28/28/28
f 28/28/28 27/27/27 29/29/29
f 28/28/28 29/29/29 30/30/30
f 30/30/30 29/29/29 31/31/31
f 30/30/30 31/31/31 32/32/32
f 32/32/32 31/31/31 33/33/33
f 33/33/33 31/31/31 34/34/34
f 33/33/33 34/34/34 35/35/35
f 35/35/35 34/34/34 36/36/36
f 36/36/36 34/34/34 37/37/37
f 36/36/36 37/37/37 38/38/38
f 38/38/38 37/37/37 39/39/39
f 38/38/38 39/39/39 40/40/40
f 40/40/40 39/39/39 41/41/41
f 40/40/40 41/41/41 42/42/42
f 42/42/42 41/41/41 43/43/43
f 42/42/42 43/43/43 44/44/44
f 44/44/44 43/43/43 45/45/45
f 44/44/44 45/45/45 46/46/46
f 46/46/46 45/45/45 47/47/47
f 46/46/46 47/47/47 48/48/48
f 48/48/48 47/47/47 49/49/49
f 48/48/48 49/49/49 50/50/50
f 50/50/50 49/49/49 51/51/51
f 50/50/50 51/51/51 52/52/52
f 52/52/52 51/51/51 53/53/53
f 52/52/52 53/53/53 54/54/54
f 54/54/54 53/53/53 55/55/55
f 54/54/54 55/55/55 56/56/56
f 56/56/56 55/55/55 57/57/57
f 56/56/56 57/57/57 58/58/58
f 13/13/13 59/59/59 15/15/15
f 15/15/15 59/59/59 60/60/60
f 15/15/15 60/60/60 17/17/17
f 17/17/17 60/60/60 61/61/61
f 17/17/17 61/61/61 19/19/19
f 19/19/19 61/61/61 62/62/62
f 19/19/19 62/62/62 21/21/21
f 21/21/21 62/62/62 63/63/63
f 21/21/21 63/63/63 23/23/23
f 23/23/23 63/63/63 64/64/64
f 23/23/23 64/64/64 25/25/25
f 25/25/25 64/64/64 65/65/65
f 25/25/25 65/65/65 27/27/27
f 27/27/27 65/65/65 66/66/66
f 27/27/27 66/66/66 29/29/29
f 29/29/29 66/66/66 67/67/67
f 29/29/29 67/67/67 31/31/31
f 31/31/31 67/67/67 34/34/34
f 59/59/59 68/68/68 60/60/60
f 60/60/60 68/68/68 69/69/69
f 60/60/60 69/69/69 61/61/61
f 61/61/61 69/69/69 70/70/70
f 61/61/61 70/70/70 62/62/62
f 62/62/62 70/70/70 71/71/71
f 62/62/62 71/71/71 63/63/63
f 63/63/63 71/71/71 72/72/72
f 63/63/63 72/72/72 64/64/64
f 64/64/64 72/72/72 73/73/73
f 64/64/64 73/73/73 65/65/65
f 65/65/65 73/73/73 74/74/74
f 65/65/65 74/74/74 66/66/66
f 66/66/66 74/74/74 75/75/75
f 66/66/66 75/75/75 67/67/67
f 67/67/67 75/75/75 76/76/76
f 67/67/67 76/76/76 34/34/34
f 34/34/34 76/76/76 77/77/77
f 34/34/34 77/77/77 37/37/37
f 37/37/37 77/77/77 39/39/39
f 68/68/68 78/78/78 69/69/69
f 69/69/69 78/78/78 79/79/79
f 69/69/69 79/79/79 70/70/70
f 70/70/70 79/79/79 80/80/80
f 70/70/70 80/80/80 71/71/71
f 71/71/71 80/80/80 81/81/81
f 71/71/71 81/81/81 72/72/72
f 72/72/72 81/81/81 82/82/82
f 72/72/72 82/82/82 73/73/73
f 73/73/73 82/82/82 83/83/83
f 73/73/73 83/83/83 74/74/74
f 74/74/74 83/83/83 84/84/84
f 74/74/74 84/84/84 75/75/75
f 75/75/75 84/84/84 85/85/85
f 75/75/75 85/85/85 76/76/76
f 76/76/76 85/85/85 86/86/86
f 76/76/76 86/86/86 77/77/77
f 77/77/77 86/86/86 41/41/41
f 77/77/77 41/41/41 39/39/39
f 78/78/78 87/87/87 79/79/79
f 79/79/79 87/87/87 88/88/88
f 79/79/79 88/88/88 80/80/80
f 80/80/80 88/88/88 89/89/89
f 80/80/80 89/89/89 81/81/81
f 81/81/81 89/89/89 90/90/90
f 81/81/81 90/90/90 82/82/82
f 82/82/82 90/90/90 91/91/91
f 82/82/82 91/91/91 83/83/83
f 83/83/83 91/91/91 92/92/92
f 83/83/83 92/92/92 84/84/84
f 84/84/84 92/92/92 93/93/93
f 84/84/84 93/93/93 85/85/85
f 85/85/85 93/93/93 94/94/94
f 85/85/85 94/94/94 86/86/86
f 86/86/86 94/94/94 43/43/43
f 86/86/86 43/43/43 41/41/41
f 87/87/87 95/95/95 88/88/88
f 88/88/88 95/95/95 96/96/96
f 88/88/88 96/96/96 89/89/89
f 89/89/89 96/96/96 97/97/97
f 89/89/89 97/97/97 90/90/90
f 90/90/90 97/97/97 98/98/98
f 90/90/90 98/98/98 91/91/91
f 91/91/91 98/98/98 99/99/99
f 91/91/91 99/99/99 92/92/92
f 92/92/92 99/99/99 100/100/100
f 92/92/92 100/100/100 93/93/93
f 93/93/93 100/100/100 101/101/101
f 93/93/93 101/101/101 94/94/94
f 94/94/94 101/101/101 45/45/45
f 94/94/94 45/45/45 43/43/43
f 95/95/95 102/102/102 96/96/96
f 96/96/96 102/102/102 103/103/103
f 96/96/96 103/103/103 97/97/97
f 97/97/97 103/103/103 104/104/104
f 97/97/97 104/104/104 98/98/98
f 98/98/98 104/104/104 105/105/105
f 98/98/98 105/105/105 99/99/99
f 99/99/99 105/105/105 106/106/106
f 99/99/99 106/106/106 100/100/100
f 100/100/100 106/106/106 107/107/107
f 100/100/100 107/107/107 101/101/101
f 101/101/101 107/107/107 47/47/47
f 101/101/101 47/47/47 45/45/45
f 102/102/102 108/108/108 103/103/103
f 103/103/103 108/108/108 109/109/109
f 103/103/103 109/109/109 104/104/104
f 104/104/104 109/109/109 110/110/110
f 104/104/104 110/110/110 105/105/105
f 105/105/105 110/110/110 111/111/111
f 105/105/105 111/111/111 106/106/106
f 106/106/106 111/111/111 112/112/112
f 106/106/106 112/112/112 107/107/107
f 107/107/107 112/112/112 49/49/49
f 107/107/107 49/49/49 47/47/47
f 109/109/109 108/108/108 113/113/113
f 113/113/113 108/108/108 114/114/114
f 113/113/113 114/114/114 115/115/115
f 115/115/115 114/114/114 116/116/116
f 115/115/115 116/116/116 117/117/117
f 117/117/117 116/116/116 118/118/118
f 117/117/117 118/118/118 55/55/55
f 55/55/55 118/118/118 57/57/57
f 58/58/58 119/119/119 56/56/56
f 56/56/56 119/119/119 120/120/120
f 56/56/56 120/120/120 54/54/54
f 54/54/54 120/120/120 121/121/121
f 54/54/54 121/121/121 52/52/52
f 52/52/52 121/121/121 122/122/122
f 52/52/52 122/122/122 50/50/50
f 50/50/50 122/122/122 123/123/123
f 50/50/50 123/123/123 48/48/48
f 48/48/48 123/123/123 124/124/124
f 48/48/48 124/124/124 46/46/46
f 46/46/46 124/124/124 125/125/125
f 46/46/46 125/125/125 44/44/44
f 44/44/44 125/125/125 126/126/126
f 44/44/44 126/126/126 42/42/42
f 42/42/42 126/126/126 127/127/127
f 42/42/42 127/127/127 40/40/40
f 40/40/40 127/127/127 128/128/128
f 40/40/40 128/128/128 129/129/129
f 129/129/129 128/128/128 130/130/130
f 130/130/130 128/128/128 131/131/131
f 130/130/130 131/131/131 132/132/132
f 132/132/132 131/131/131 133/133/133
f 132/132/132 133/133/133 134/134/134
f 134/134/134 133/133/133 135/135/135
f 134/134/134 135/135/135 136/136/136
f 136/136/136 135/135/135 137/137/137
f 136/136/136 137/137/137 138/138/138
f 138/138/138 137/137/137 139/139/139
f 138/138/138 139/139/139 140/140/140
f 140/140/140 139/139/139 141/141/141
f 140/140/140 141/141/141 142/142/142
f 142/142/142 141/141/141 143/143/143
f 142/142/142 143/143/143 144/144/144
f 144/144/144 143/143/143 145/145/145
f 144/144/144 145/145/145 146/146/146
f 146/146/146 145/145/145 147/147/147
f 146/146/146 147/147/147 148/148/148
f 148/148/148 147/147/147 149/149/149
f 148/148/148 149/149/149 150/150/150
f 150/150/150 149/149/149 151/151/151
f 150/150/150 151/151/151 152/152/152
f 119/119/119 153/153/153 120/120/120
f 120/120/120 153/153/153 154/154/154
f 120/120/120 154/154/154 155/155/155
f 155/155/155 154/154/154 147/147/147
f 155/155/155 147/147/147 145/145/145
f 153/153/153 156/156/156 154/154/154
f 154/154/154 156/156/156 149/149/149
f 154/154/154 149/149/149 147/147/147
f 156/156/156 151/151/151 149/149/149
f 150/150/150 152/152/152 157/157/157
f 157/157/157 152/152/152 158/158/158
f 157/157/157 158/158/158 159/159/159
f 159/159/159 158/158/158 160/160/160
f 159/159/159 160/160/160 161/161/161
f 162/162/162 163/163/163 161/161/161
f 161/161/161 163/163/163 164/164/164
f 161/161/161 164/164/164 159/159/159
f 159/159/159 164/164/164 165/165/165
f 159/159/159 165/165/165 157/157/157
f 157/157/157 165/165/165 166/166/166
f 157/157/157 166/166/166 150/150/150
f 150/150/150 166/166/166 148/148/148
f 163/163/163 162/162/162 167/167/167
f 167/167/167 162/162/162 168/168/168
f 167/167/167 168/168/168 169/169/169
f 169/169/169 168/168/168 170/170/170
f 169/169/169 170/170/170 171/171/171
f 171/171/171 170/170/170 172/172/172
f 171/171/171 173/173/173 169/169/169
f 169/169/169 173/173/173 174/174/174
f 169/169/169 174/174/174 167/167/167
f 167/167/167 174/174/174 175/175/175
f 167/167/167 175/175/175 176/176/176
f 176/176/176 175/175/175 177/177/177
f 176/176/176 177/177/177 178/178/178
f 178/178/178 177/177/177 179/179/179
f 178/178/178 179/179/179 180/180/180
f 180/180/180 179/179/179 181/181/181
f 180/180/180 181/181/181 182/182/182
f 182/182/182 181/181/181 183/183/183
f 182/182/182 183/183/183 142/142/142
f 142/142/142 183/183/183 140/140/140
f 173/173/173 184/184/184 174/174/174
f 174/174/174 184/184/184 185/185/185
f 174/174/174 185/185/185 175/175/175
f 175/175/175 185/185/185 186/186/186
f 175/175/175 186/186/186 177/177/177
f 177/177/177 186/186/186 187/187/187
f 177/177/177 187/187/187 179/179/179
f 179/179/179 187/187/187 188/188/188
f 179/179/179 188/188/188 181/181/181
f 181/181/181 188/188/188 189/189/189
f 181/181/181 189/189/189 183/183/183
f 183/183/183 189/189/189 190/190/190
f 183/183/183 190/190/190 140/140/140
f 140/140/140 190/190/190 138/138/138
f 184/184/184 191/191/191 185/185/185
f 185/185/185 191/191/191 192/192/192
f 185/185/185 192/192/192 186/186/186
f 186/186/186 192/192/192 193/193/193
f 186/186/186 193/193/193 187/187/187
f 187/187/187 193/193/193 194/194/194
f 187/187/187 194/194/194 188/188/188
f 188/188/188 194/194/194 195/195/195
f 188/188/188 195/195/195 189/189/189
f 189/189/189 195/195/195 196/196/196
f 189/189/189 196/196/196 190/190/190
f 190/190/190 196/196/196 197/197/197
f 190/190/190 197/197/197 138/138/138
f 138/138/138 197/197/197 136/136/136
f 191/191/191 198/198/198 192/192/192
f 192/192/192 198/198/198 199/199/199
f 192/192/192 199/199/199 193/193/193
f 193/193/193 199/199/199 200/200/200
f 193/193/193 200/200/200 194/194/194
f 194/194/194 200/200/200 201/201/201
f 194/194/194 201/201/201 195/195/195
f 195/195/195 201/201/201 202/202/202
f 195/195/195 202/202/202 196/196/196
f 196/196/196 202/202/202 203/203/203
f 196/196/196 203/203/203 197/197/197
f 197/197/197 203/203/203 204/204/204
f 197/197/197 204/204/204 136/136/136
f 136/136/136 204/204/204 134/134/134
f 198/198/198 205/205/205 199/199/199
f 199/199/199 205/205/205 206/206/206
f 199/199/199 206/206/206 200/200/200
f 200/200/200 206/206/206 207/207/207
f 200/200/200 207/207/207 201/201/201
f 201/201/201 207/207/207 208/208/208
f 201/201/201 208/208/208 202/202/202
f 202/202/202 208/208/208 209/209/209
f 202/202/202 209/209/209 203/203/203
f 203/203/203 209/209/209 210/210/210
f 203/203/203 210/210/210 204/204/204
f 204/204/204 210/210/210 211/211/211
f 204/204/204 211/211/211 212/212/212
f 205/205/205 213/213/213 206/206/206
f 206/206/206 213/213/213 214/214/214
f 206/206/206 214/214/214 207/207/207
f 207/207/207 214/214/214 208/208/208
f 214/214/214 213/213/213 215/215/215
f 215/215/215 213/213/213 216/216/216
f 215/215/215 216/216/216 217/217/217
f 217/217/217 216/216/216 218/218/218
f 217/217/217 218/218/218 219/219/219
f 219/219/219 220/220/220 217/217/217
f 217/217/217 220/220/220 221/221/221
f 217/217/217 221/221/221 215/215/215
f 215/215/215 221/221/221 222/222/222
f 215/215/215 222/222/222 214/214/214
f 214/214/214 222/222/222 208/208/208
f 220/220/220 223/223/223 221/221/221
f 221/221/221 223/223/223 224/224/224
f 221/221/221 224/224/224 225/225/225
f 225/225/225 224/224/224 226/226/226
f 225/225/225 226/226/226 210/210/210
f 210/210/210 226/226/226 211/211/211
f 204/204/204 212/212/212 134/134/134
f 134/134/134 212/212/212 132/132/132
f 129/129/129 227/227/227 40/40/40
f 40/40/40 227/227/227 38/38/38
f 32/32/32 228/228/228 30/30/30
f 30/30/30 228/228/228 229/229/229
f 30/30/30 229/229/229 28/28/28
f 28/28/28 229/229/229 230/230/230
f 28/28/28 230/230/230 26/26/26
f 26/26/26 230/230/230 231/231/231
f 26/26/26 231/231/231 24/24/24
f 24/24/24 231/231/231 232/232/232
f 24/24/24 232/232/232 22/22/22
f 22/22/22 232/232/232 233/233/233
f 22/22/22 233/233/233 20/20/20
f 20/20/20 233/233/233 234/234/234
f 20/20/20 234/234/234 18/18/18
f 18/18/18 234/234/234 235/235/235
f 18/18/18 235/235/235 16/16/16
f 16/16/16 235/235/235 236/236/236
f 16/16/16 236/236/236 14/14/14
f 14/14/14 236/236/236 12/12/12
f 228/228/228 237/237/237 229/229/229
f 229/229/229 237/237/237 238/238/238
f 229/229/229 238/238/238 230/230/230
f 230/230/230 238/238/238 239/239/239
f 230/230/230 239/239/239 231/231/231
f 231/231/231 239/239/239 240/240/240
f 231/231/231 240/240/240 232/232/232
f 232/232/232 240/240/240 241/241/241
f 232/232/232 241/241/241 233/233/233
f 233/233/233 241/241/241 242/242/242
f 233/233/233 242/242/242 234/234/234
f 234/234/234 242/242/242 243/243/243
f 234/234/234 243/243/243 235/235/235
f 235/235/235 243/243/243 244/244/244
f 235/235/235 244/244/244 236/236/236
f 236/236/236 244/244/244 245/245/245
f 236/236/236 245/245/245 12/12/12
f 12/12/12 245/245/245 10/10/10
f 237/237/237 246/246/246 238/238/238
f 238/238/238 246/246/246 247/247/247
f 238/238/238 247/247/247 239/239/239
f 239/239/239 247/247/247 248/248/248
f 239/239/239 248/248/248 240/240/240
f 240/240/240 248/248/248 249/249/249
f 240/240/240 249/249/249 241/241/241
f 241/241/241 249/249/249 250/250/250
f 241/241/241 250/250/250 242/242/242
f 242/242/242 250/250/250 251/251/251
f 242/242/242 251/251/251 243/243/243
f 243/243/243 251/251/251 252/252/252
f 243/243/243 252/252/252 244/244/244
f 244/244/244 252/252/252 253/253/253
f 244/244/244 253/253/253 245/245/245
f 245/245/245 253/253/253 254/254/254
f 245/245/245 254/254/254 10/10/10
f 10/10/10 254/254/254 8/8/8
f 246/246/246 255/255/255 247/247/247
f 247/247/247 255/255/255 256/256/256
f 247/247/247 256/256/256 248/248/248
f 248/248/248 256/256/256 257/257/257
f 248/248/248 257/257/257 249/249/249
f 249/249/249 257/257/257 258/258/258
f 249/249/249 258/258/258 250/250/250
f 250/250/250 258/258/258 259/259/259
f 250/250/250 259/259/259 251/251/251
f 251/251/251 259/259/259 260/260/260
f 251/251/251 260/260/260 252/252/252
f 252/252/252 260/260/260 261/261/261
f 252/252/252 261/261/261 253/253/253
f 253/253/253 261/261/261 262/262/262
f 253/253/253 262/262/262 254/254/254
f 254/254/254 262/262/262 263/263/263
f 254/254/254 263/263/263 8/8/8
f 8/8/8 263/263/263 5/5/5
f 255/255/255 264/264/264 256/256/256
f 256/256/256 264/264/264 265/265/265
f 256/256/256 265/265/265 266/266/266
f 266/266/266 265/265/265 267/267/267
f 266/266/266 267/267/267 268/268/268
f 268/268/268 267/267/267 269/269/269
f 268/268/268 269/269/269 270/270/270
f 270/270/270 269/269/269 271/271/271
f 270/270/270 271/271/271 272/272/272
f 272/272/272 271/271/271 273/273/273
f 272/272/272 273/273/273 274/274/274
f 274/274/274 273/273/273 275/275/275
f 274/274/274 275/275/275 276/276/276
f 276/276/276 275/275/275 277/277/277
f 276/276/276 277/277/277 278/278/278
f 278/278/278 277/277/277 279/279/279
f 278/278/278 279/279/279 280/280/280
f 280/280/280 279/279/279 281/281/281
f 280/280/280 281/281/281 282/282/282
f 282/282/282 281/281/281 283/283/283
f 282/282/282 283/283/283 284/284/284
f 269/269/269 285/285/285 271/271/271
f 271/271/271 285/285/285 286/286/286
f 271/271/271 286/286/286 273/273/273
f 273/273/273 286/286/286 287/287/287
f 273/273/273 287/287/287 275/275/275
f 275/275/275 287/287/287 288/288/288
f 275/275/275 288/288/288 277/277/277
f 277/277/277 288/288/288 289/289/289
f 277/277/277 289/289/289 279/279/279
f 279/279/279 289/289/289 290/290/290
f 279/279/279 290/290/290 281/281/281
f 281/281/281 290/290/290 291/291/291
f 281/281/281 291/291/291 283/283/283
f 285/285/285 292/292/292 286/286/286
f 286/286/286 292/292/292 293/293/293
f 286/286/286 293/293/293 287/287/287
f 287/287/287 293/293/293 294/294/294
f 287/287/287 294/294/294 288/288/288
f 288/288/288 294/294/294 295/295/295
f 288/288/288 295/295/295 289/289/289
f 289/289/289 295/295/295 296/296/296
f 289/289/289 296/296/296 290/290/290
f 290/290/290 296/296/296 291/291/291
f 292/292/292 297/297/297 293/293/293
f 293/293/293 297/297/297 298/298/298
f 293/293/293 298/298/298 294/294/294
f 294/294/294 298/298/298 299/299/299
f 294/294/294 299/299/299 295/295/295
f 295/295/295 299/299/299 296/296/296
f 297/297/297 300/300/300 298/298/298
f 298/298/298 300/300/300 301/301/301
f 298/298/298 301/301/301 299/299/299
f 299/299/299 301/301/301 302/302/302
f 299/299/299 302/302/302 296/296/296
f 300/300/300 303/303/303 301/301/301
f 301/301/301 303/303/303 304/304/304
f 301/301/301 304/304/304 302/302/302
f 282/282/282 284/284/284 305/305/305
f 305/305/305 284/284/284 1/1/1
f 305/305/305 1/1/1 306/306/306
f 306/306/306 1/1/1 3/3/3
f 306/306/306 3/3/3 5/5/5
f 222/222/222 221/221/221 225/225/225
f 305/305/305 306/306/306 307/307/307
f 307/307/307 306/306/306 5/5/5
f 307/307/307 5/5/5 263/263/263
f 282/282/282 305/305/305 308/308/308
f 308/308/308 305/305/305 307/307/307
f 308/308/308 307/307/307 309/309/309
f 309/309/309 307/307/307 263/263/263
f 309/309/309 263/263/263 262/262/262
f 282/282/282 308/308/308 280/280/280
f 280/280/280 308/308/308 310/310/310
f 280/280/280 310/310/310 278/278/278
f 278/278/278 310/310/310 311/311/311
f 278/278/278 311/311/311 276/276/276
f 276/276/276 311/311/311 312/312/312
f 276/276/276 312/312/312 274/274/274
f 274/274/274 312/312/312 313/313/313
f 274/274/274 313/313/313 272/272/272
f 272/272/272 313/313/313 314/314/314
f 272/272/272 314/314/314 270/270/270
f 270/270/270 314/314/314 268/268/268
f 310/310/310 308/308/308 309/309/309
f 310/310/310 309/309/309 315/315/315
f 315/315/315 309/309/309 262/262/262
f 315/315/315 262/262/262 261/261/261
f 310/310/310 315/315/315 311/311/311
f 311/311/311 315/315/315 316/316/316
f 311/311/311 316/316/316 312/312/312
f 312/312/312 316/316/316 317/317/317
f 312/312/312 317/317/317 313/313/313
f 313/313/313 317/317/317 318/318/318
f 313/313/313 318/318/318 314/314/314
f 314/314/314 318/318/318 319/319/319
f 314/314/314 319/319/319 268/268/268
f 268/268/268 319/319/319 266/266/266
f 316/316/316 315/315/315 261/261/261
f 317/317/317 316/316/316 260/260/260
f 260/260/260 316/316/316 261/261/261
f 318/318/318 317/317/317 259/259/259
f 259/259/259 317/317/317 260/260/260
f 319/319/319 318/318/318 258/258/258
f 258/258/258 318/318/318 259/259/259
f 266/266/266 319/319/319 257/257/257
f 257/257/257 319/319/319 258/258/258
f 266/266/266 257/257/257 256/256/256
f 109/109/109 113/113/113 110/110/110
f 110/110/110 113/113/113 320/320/320
f 110/110/110 320/320/320 111/111/111
f 111/111/111 320/320/320 321/321/321
f 111/111/111 321/321/321 112/112/112
f 112/112/112 321/321/321 51/51/51
f 112/112/112 51/51/51 49/49/49
f 113/113/113 115/115/115 320/320/320
f 320/320/320 115/115/115 117/117/117
f 320/320/320 117/117/117 321/321/321
f 321/321/321 117/117/117 53/53/53
f 321/321/321 53/53/53 51/51/51
f 55/55/55 53/53/53 117/117/117
f 120/120/120 155/155/155 121/121/121
f 121/121/121 155/155/155 322/322/322
f 121/121/121 322/322/322 122/122/122
f 122/122/122 322/322/322 323/323/323
f 122/122/122 323/323/323 123/123/123
f 123/123/123 323/323/323 324/324/324
f 123/123/123 324/324/324 124/124/124
f 124/124/124 324/324/324 325/325/325
f 124/124/124 325/325/325 125/125/125
f 125/125/125 325/325/325 326/326/326
f 125/125/125 326/326/326 126/126/126
f 126/126/126 326/326/326 327/327/327
f 126/126/126 327/327/327 127/127/127
f 127/127/127 327/327/327 131/131/131
f 127/127/127 131/131/131 128/128/128
f 155/155/155 145/145/145 322/322/322
f 322/322/322 145/145/145 143/143/143
f 322/322/322 143/143/143 323/323/323
f 323/323/323 143/143/143 141/141/141
f 323/323/323 141/141/141 324/324/324
f 324/324/324 141/141/141 139/139/139
f 324/324/324 139/139/139 325/325/325
f 325/325/325 139/139/139 137/137/137
f 325/325/325 137/137/137 326/326/326
f 326/326/326 137/137/137 135/135/135
f 326/326/326 135/135/135 327/327/327
f 327/327/327 135/135/135 133/133/133
f 327/327/327 133/133/133 131/131/131
f 146/146/146 148/148/148 328/328/328
f 328/328/328 148/148/148 166/166/166
f 328/328/328 166/166/166 329/329/329
f 329/329/329 166/166/166 165/165/165
f 329/329/329 165/165/165 330/330/330
f 330/330/330 165/165/165 164/164/164
f 330/330/330 164/164/164 163/163/163
f 182/182/182 142/142/142 144/144/144
f 144/144/144 146/146/146 331/331/331
f 331/331/331 146/146/146 328/328/328
f 331/331/331 328/328/328 180/180/180
f 180/180/180 328/328/328 329/329/329
f 180/180/180 329/329/329 178/178/178
f 178/178/178 329/329/329 330/330/330
f 178/178/178 330/330/330 176/176/176
f 176/176/176 330/330/330 163/163/163
f 176/176/176 163/163/163 167/167/167
f 180/180/180 182/182/182 331/331/331
f 331/331/331 182/182/182 144/144/144
f 225/225/225 210/210/210 209/209/209
f 225/225/225 209/209/209 222/222/222
f 222/222/222 209/209/209 208/208/208
f 332/332/332 333/333/333 334/334/334
f 334/334/334 333/333/333 335/335/335
f 334/334/334 335/335/335 336/336/336
f 334/334/334 336/336/336 337/337/337
f 337/337/337 336/336/336 338/338/338
f 337/337/337 338/338/338 339/339/339
f 339/339/339 338/338/338 340/340/340
f 339/339/339 340/340/340 341/341/341
f 341/341/341 340/340/340 342/342/342
f 341/341/341 342/342/342 343/343/343
f 343/343/343 342/342/342 344/344/344
f 343/343/343 344/344/344 345/345/345
f 345/345/345 344/344/344 346/346/346
f 345/345/345 346/346/346 347/347/347
f 345/345/345 347/347/347 348/348/348
f 348/348/348 347/347/347 349/349/349
f 348/348/348 349/349/349 350/350/350
f 350/350/350 349/349/349 351/351/351
f 350/350/350 352/352/352 348/348/348
f 348/348/348 352/352/352 345/345/345
f 352/352/352 353/353/353 345/345/345
f 345/345/345 353/353/353 343/343/343
f 353/353/353 354/354/354 343/343/343
f 343/343/343 354/354/354 341/341/341
f 354/354/354 355/355/355 341/341/341
f 341/341/341 355/355/355 339/339/339
f 355/355/355 356/356/356 339/339/339
f 339/339/339 356/356/356 337/337/337
f 356/356/356 357/357/357 337/337/337
f 337/337/337 357/357/357 334/334/334
f 357/357/357 358/358/358 334/334/334
f 334/334/334 358/358/358 332/332/332
f 359/359/359 360/360/350 361/361/360
f 361/361/360 360/360/350 362/362/361
f 361/361/360 362/362/361 363/363/362
f 361/361/360 363/363/362 364/364/363
f 364/364/363 363/363/362 365/365/364
f 364/364/363 365/365/364 366/366/365
f 366/366/365 365/365/364 367/367/366
f 366/366/365 367/367/366 368/368/367
f 368/368/367 367/367/366 369/369/368
f 368/368/367 369/369/368 370/370/369
f 370/370/369 369/369/368 371/371/370
f 370/370/369 371/371/370 372/372/371
f 372/372/371 371/371/370 373/373/372
f 372/372/371 373/373/372 374/374/373
f 374/374/373 373/373/372 375/375/374
f 374/374/373 375/375/374 376/376/375
f 376/376/375 377/377/376 374/374/373
f 374/374/373 377/377/376 378/378/377
f 374/374/373 378/378/377 379/379/378
f 374/374/373 379/379/378 372/372/371
f 372/372/371 379/379/378 380/380/379
f 372/372/371 380/380/379 370/370/369
f 370/370/369 380/380/379 381/381/380
f 370/370/369 381/381/380 368/368/367
f 368/368/367 381/381/380 382/382/381
f 368/368/367 382/382/381 366/366/365
f 366/366/365 382/382/381 383/383/382
f 366/366/365 383/383/382 364/364/363
f 364/364/363 383/383/382 359/359/359
f 364/364/363 359/359/359 361/361/360
f 384/384/383 385/385/384 386/386/385
f 386/386/385 385/385/384 387/387/386
f 386/386/385 387/387/386 388/388/387
f 388/388/387 387/387/386 389/389/388
f 388/388/387 389/389/388 390/390/389
f 390/390/389 389/389/388 391/391/390
f 390/390/389 391/391/390 392/392/391
f 392/392/391 391/391/390 393/393/392
f 392/392/391 393/393/392 394/394/393
f 394/394/393 393/393/392 395/395/394
f 394/394/393 395/395/394 396/396/395
f 396/396/395 395/395/394 397/397/396
f 396/396/395 397/397/396 398/398/397
f 398/398/397 397/397/396 399/399/398
f 398/398/397 399/399/398 400/400/2
f 400/400/2 399/399/398 401/401/399
f 400/400/2 401/401/399 402/402/400
f 385/385/384 403/403/401 387/387/386
f 387/387/386 403/403/401 404/404/402
f 387/387/386 404/404/402 389/389/388
f 389/389/388 404/404/402 405/405/403
f 389/389/388 405/405/403 391/391/390
f 391/391/390 405/405/403 406/406/404
f 391/391/390 406/406/404 393/393/392
f 393/393/392 406/406/404 407/407/405
f 393/393/392 407/407/405 395/395/394
f 395/395/394 407/407/405 408/408/406
f 395/395/394 408/408/406 397/397/396
f 397/397/396 408/408/406 409/409/407
f 397/397/396 409/409/407 410/410/408
f 397/397/396 410/410/408 399/399/398
f 399/399/398 410/410/408 401/401/399
f 411/411/400 412/412/399 413/413/361
f 413/413/361 412/412/399 414/414/409
f 414/414/409 412/412/399 415/415/410
f 414/414/409 415/415/410 416/416/411
f 416/416/411 415/415/410 417/417/408
f 416/416/411 417/417/408 418/418/407
f 412/412/399 417/417/408 415/415/410
f 418/418/407 419/419/406 416/416/411
f 416/416/411 419/419/406 420/420/412
f 416/416/411 420/420/412 421/421/413
f 421/421/413 420/420/412 422/422/414
f 422/422/414 420/420/412 423/423/415
f 422/422/414 423/423/415 424/424/416
f 424/424/416 423/423/415 425/425/417
f 424/424/416 425/425/417 426/426/418
f 426/426/418 425/425/417 427/427/419
f 426/426/418 427/427/419 428/428/420
f 428/428/420 427/427/419 429/429/421
f 428/428/420 429/429/421 430/430/422
f 430/430/422 429/429/421 431/431/423
f 431/431/423 429/429/421 432/432/401
f 431/431/423 432/432/401 433/433/384
f 419/419/406 434/434/405 420/420/412
f 420/420/412 434/434/405 423/423/415
f 434/434/405 435/435/404 423/423/415
f 423/423/415 435/435/404 425/425/417
f 435/435/404 436/436/403 425/425/417
f 425/425/417 436/436/403 427/427/419
f 436/436/403 437/437/402 427/427/419
f 427/427/419 437/437/402 429/429/421
f 437/437/402 432/432/401 429/429/421
f 421/421/413 414/414/409 416/416/411
f 438/438/172 439/439/351 440/440/171
f 440/440/171 439/439/351 441/441/424
f 440/440/171 441/441/424 442/442/425
f 442/442/425 441/441/424 443/443/426
f 443/443/426 441/441/424 444/444/427
f 443/443/426 444/444/427 445/445/428
f 445/445/428 444/444/427 446/446/429
f 445/445/428 446/446/429 447/447/430
f 447/447/430 446/446/429 448/448/431
f 447/447/430 448/448/431 449/449/432
f 449/449/432 448/448/431 450/450/433
f 449/449/432 450/450/433 451/451/434
f 451/451/434 450/450/433 452/452/435
f 451/451/434 452/452/435 453/453/436
f 453/453/436 452/452/435 454/454/437
f 453/453/436 454/454/437 455/455/438
f 455/455/438 454/454/437 456/456/439
f 456/456/439 454/454/437 457/457/335
f 456/456/439 457/457/335 458/458/333
f 439/439/351 459/459/349 441/441/424
f 441/441/424 459/459/349 460/460/347
f 441/441/424 460/460/347 444/444/427
f 444/444/427 460/460/347 461/461/346
f 444/444/427 461/461/346 462/462/344
f 444/444/427 462/462/344 446/446/429
f 446/446/429 462/462/344 463/463/342
f 446/446/429 463/463/342 448/448/431
f 448/448/431 463/463/342 464/464/340
f 448/448/431 464/464/340 450/450/433
f 450/450/433 464/464/340 465/465/338
f 450/450/433 465/465/338 452/452/435
f 452/452/435 465/465/338 466/466/336
f 452/452/435 466/466/336 454/454/437
f 454/454/437 466/466/336 457/457/335
f 467/467/440 468/468/303 469/469/441
f 469/469/441 468/468/303 470/470/300
f 469/469/441 470/470/300 471/471/442
f 471/471/442 470/470/300 472/472/297
f 471/471/442 472/472/297 473/473/292
f 471/471/442 473/473/292 474/474/443
f 474/474/443 473/473/292 475/475/285
f 474/474/443 475/475/285 476/476/444
f 476/476/444 475/475/285 477/477/269
f 476/476/444 477/477/269 478/478/445
f 478/478/445 477/477/269 479/479/267
f 478/478/445 479/479/267 480/480/446
f 480/480/446 479/479/267 481/481/265
f 480/480/446 481/481/265 482/482/447
f 482/482/447 481/481/265 483/483/264
f 482/482/447 483/483/264 484/484/448
f 484/484/448 483/483/264 485/485/255
f 484/484/448 485/485/255 486/486/449
f 486/486/449 485/485/255 487/487/246
f 486/486/449 487/487/246 488/488/237
f 486/486/449 488/488/237 489/489/450
f 489/489/450 488/488/237 490/490/228
f 489/489/450 490/490/228 491/491/451
f 491/491/451 490/490/228 492/492/32
f 491/491/451 492/492/32 493/493/452
f 493/493/452 492/492/32 494/494/33
f 493/493/452 494/494/33 495/495/35
f 493/493/452 495/495/35 496/496/453
f 496/496/453 495/495/35 497/497/36
f 496/496/453 497/497/36 498/498/454
f 498/498/454 497/497/36 499/499/38
f 498/498/454 499/499/38 500/500/455
f 500/500/455 499/499/38 501/501/227
f 500/500/455 501/501/227 502/502/129
f 500/500/455 502/502/129 503/503/456
f 503/503/456 502/502/129 504/504/130
f 503/503/456 504/504/130 505/505/457
f 505/505/457 504/504/130 506/506/132
f 505/505/457 506/506/132 507/507/458
f 507/507/458 506/506/132 508/508/212
f 507/507/458 508/508/212 509/509/459
f 509/509/459 508/508/212 510/510/211
f 509/509/459 510/510/211 511/511/460
f 511/511/460 510/510/211 512/512/226
f 511/511/460 512/512/226 513/513/461
f 513/513/461 512/512/226 514/514/224
f 513/513/461 514/514/224 515/515/462
f 515/515/462 514/514/224 516/516/223
f 515/515/462 516/516/223 517/517/463
f 517/517/463 516/516/223 518/518/220
f 517/517/463 518/518/220 519/519/464
f 519/519/464 518/518/220 520/520/219
f 519/519/464 521/521/465 517/517/463
f 517/517/463 521/521/465 522/522/466
f 517/517/463 522/522/466 515/515/462
f 515/515/462 522/522/466 523/523/467
f 515/515/462 523/523/467 513/513/461
f 513/513/461 523/523/467 524/524/468
f 513/513/461 524/524/468 511/511/460
f 511/511/460 524/524/468 509/509/459
f 524/524/468 525/525/469 509/509/459
f 509/509/459 525/525/469 507/507/458
f 525/525/469 526/526/470 507/507/458
f 507/507/458 526/526/470 505/505/457
f 526/526/470 527/527/471 505/505/457
f 505/505/457 527/527/471 503/503/456
f 527/527/471 528/528/472 503/503/456
f 503/503/456 528/528/472 500/500/455
f 528/528/472 529/529/473 500/500/455
f 500/500/455 529/529/473 498/498/454
f 529/529/473 530/530/474 498/498/454
f 498/498/454 530/530/474 496/496/453
f 530/530/474 531/531/475 496/496/453
f 496/496/453 531/531/475 493/493/452
f 531/531/475 532/532/476 493/493/452
f 493/493/452 532/532/476 491/491/451
f 532/532/476 533/533/477 491/491/451
f 491/491/451 533/533/477 489/489/450
f 533/533/477 534/534/478 489/489/450
f 489/489/450 534/534/478 486/486/449
f 534/534/478 535/535/479 486/486/449
f 486/486/449 535/535/479 484/484/448
f 535/535/479 536/536/480 484/484/448
f 484/484/448 536/536/480 482/482/447
f 536/536/480 537/537/481 482/482/447
f 482/482/447 537/537/481 480/480/446
f 537/537/481 538/538/482 480/480/446
f 480/480/446 538/538/482 478/478/445
f 538/538/482 539/539/483 478/478/445
f 478/478/445 539/539/483 476/476/444
f 539/539/483 540/540/484 476/476/444
f 476/476/444 540/540/484 474/474/443
f 540/540/484 541/541/485 474/474/443
f 474/474/443 541/541/485 471/471/442
f 541/541/485 542/542/486 471/471/442
f 471/471/442 542/542/486 469/469/441
f 542/542/486 543/543/487 469/469/441
f 469/469/441 543/543/487 467/467/440
f 544/544/488 545/545/439 546/546/489
f 546/546/489 545/545/439 547/547/333
f 546/546/489 547/547/333 548/548/490
f 548/548/490 544/544/488 546/546/489
f 549/549/490 550/550/333 551/551/491
f 551/551/491 550/550/333 552/552/332
f 551/551/491 552/552/332 553/553/492
f 553/553/492 549/549/490 551/551/491
f 554/554/361 555/555/350 556/556/493
f 556/556/493 555/555/350 557/557/351
f 556/556/493 557/557/351 558/558/172
f 559/559/170 560/560/119 558/558/172
f 558/558/172 560/560/119 561/561/58
f 558/558/172 561/561/58 562/562/57
f 560/560/119 559/559/170 563/563/153
f 563/563/153 559/559/170 564/564/168
f 563/563/153 564/564/168 565/565/156
f 565/565/156 564/564/168 566/566/162
f 565/565/156 566/566/162 567/567/151
f 567/567/151 566/566/162 568/568/161
f 567/567/151 568/568/161 569/569/152
f 569/569/152 568/568/161 570/570/160
f 569/569/152 570/570/160 571/571/158
f 562/562/57 572/572/118 558/558/172
f 558/558/172 572/572/118 573/573/116
f 558/558/172 573/573/116 574/574/114
f 575/575/108 576/576/2 574/574/114
f 574/574/114 576/576/2 556/556/493
f 574/574/114 556/556/493 558/558/172
f 575/575/108 577/577/102 576/576/2
f 576/576/2 577/577/102 578/578/95
f 576/576/2 578/578/95 579/579/87
f 580/580/78 581/581/7 579/579/87
f 579/579/87 581/581/7 582/582/6
f 579/579/87 582/582/6 583/583/4
f 580/580/78 584/584/68 581/581/7
f 581/581/7 584/584/68 585/585/9
f 585/585/9 584/584/68 586/586/11
f 586/586/11 584/584/68 587/587/59
f 586/586/11 587/587/59 588/588/13
f 583/583/4 576/576/2 579/579/87
f 576/576/2 589/589/400 556/556/493
f 556/556/493 589/589/400 554/554/361
f 590/549/494 591/550/423 592/551/495
f 592/551/495 591/550/423 593/590/384
f 592/551/495 593/590/384 594/591/496
f 594/591/496 590/549/494 592/551/495
f 595/544/496 596/592/384 597/546/497
f 597/546/497 596/592/384 598/593/383
f 597/546/497 598/593/383 599/594/498
f 599/594/498 595/544/496 597/546/497
f 600/595/499 601/596/376 602/597/500
f 602/597/500 601/596/376 603/598/375
f 602/597/500 603/598/375 604/599/501
f 604/599/501 600/595/499 602/597/500
f 605/600/502 606/601/503 607/602/504
f 607/602/504 606/601/503 608/603/503
f 607/602/504 608/603/503 609/604/505
f 607/602/504 609/604/505 610/605/506
f 610/605/506 609/604/505 611/606/507
f 610/605/506 611/606/507 612/607/508
f 612/607/508 611/606/507 613/608/509
f 613/608/509 611/606/507 614/609/510
f 614/609/510 611/606/507 615/610/511
f 615/610/511 611/606/507 616/611/512
f 615/610/511 616/611/512 617/612/513
f 617/612/513 616/611/512 618/613/514
f 617/612/513 618/613/514 619/614/515
f 619/614/515 618/613/514 620/615/516
f 619/614/515 620/615/516 621/616/517
f 621/616/517 620/615/516 622/617/518
f 623/618/519 624/619/520 610/605/506
f 610/605/506 624/619/520 605/600/502
f 610/605/506 605/600/502 607/602/504
f 623/618/519 625/620/521 624/619/520
f 624/619/520 625/620/521 626/621/522
f 624/619/520 626/621/522 627/622/523
f 624/619/520 627/622/523 628/623/524
f 628/623/524 627/622/523 629/624/525
f 628/623/524 629/624/525 630/625/526
f 630/625/526 629/624/525 631/626/527
f 630/625/526 631/626/527 632/627/528
f 632/627/528 631/626/527 633/628/529
f 632/627/528 633/628/529 634/629/530
f 635/630/531 636/631/532 637/632/533
f 637/632/533 636/631/532 638/633/534
f 637/632/533 638/633/534 639/634/535
f 639/634/535 640/635/536 637/632/533
f 637/632/533 640/635/536 641/636/537
f 637/632/533 641/636/537 642/637/538
f 642/637/538 641/636/537 643/638/539
f 642/637/538 643/638/539 644/639/540
f 645/640/541 646/641/542 640/635/536
f 640/635/536 646/641/542 647/642/543
f 640/635/536 647/642/543 648/643/544
f 646/641/542 645/640/541 649/644/545
f 649/644/545 645/640/541 650/645/546
f 649/644/545 650/645/546 651/646/547
f 649/644/545 651/646/547 652/647/548
f 652/647/548 651/646/547 653/648/549
f 652/647/548 653/648/549 654/649/550
f 654/649/550 653/648/549 655/650/551
f 654/649/550 655/650/551 656/651/552
f 656/651/552 655/650/551 657/652/553
f 648/643/544 641/636/537 640/635/536
f 644/639/540 658/653/554 642/637/538
f 642/637/538 658/653/554 659/654/555
f 642/637/538 659/654/555 660/655/556
f 642/637/538 660/655/556 661/656/557
f 661/656/557 660/655/556 662/657/558
f 661/656/557 662/657/558 663/658/559
f 663/658/559 662/657/558 664/659/560
f 663/658/559 664/659/560 665/660/561
f 665/660/561 664/659/560 666/661/562
f 665/660/561 666/661/562 667/662/563
f 667/662/563 666/661/562 668/663/564
f 667/662/563 668/663/564 669/664/565
f 669/664/565 668/663/564 670/665/566
f 642/637/538 635/630/531 637/632/533
f 671/666/567 672/667/568 673/668/569
f 673/668/569 672/667/568 674/669/570
f 673/668/569 674/669/570 675/670/571
f 675/670/571 671/666/567 673/668/569
f 676/671/572 677/672/572 678/673/573
f 678/673/573 677/672/572 679/674/574
f 678/673/573 679/674/574 680/675/575
f 680/675/575 676/671/572 678/673/573
f 681/676/576 682/677/577 683/678/578
f 683/678/578 682/677/577 684/679/579
f 683/678/578 684/679/579 685/680/580
f 685/680/580 684/679/579 686/681/581
f 685/680/580 686/681/581 687/682/582
f 687/682/582 686/681/581 688/683/583
f 687/682/582 688/683/583 689/684/584
f 689/684/584 688/683/583 690/685/585
f 689/684/584 690/685/585 691/686/586
f 691/686/586 690/685/585 692/687/587
f 691/686/586 692/687/587 693/688/588
f 693/688/588 692/687/587 694/689/589
f 693/688/588 694/689/589 695/690/590
f 695/690/590 694/689/589 696/691/591
f 695/690/590 696/691/591 697/692/592
f 697/692/592 696/691/591 698/693/593
f 697/692/592 698/693/593 699/694/594
f 699/694/594 698/693/593 700/695/595
f 699/694/594 700/695/595 701/696/596
f 701/696/596 700/695/595 702/697/597
f 701/696/596 702/697/597 703/698/598
f 703/698/598 702/697/597 704/699/599
f 703/698/598 704/699/599 705/700/600
f 705/700/600 704/699/599 706/701/601
f 705/700/600 706/701/601 707/702/602
f 707/702/602 706/701/601 708/703/603
f 707/702/602 708/703/603 709/704/604
f 709/704/604 708/703/603 710/705/605
f 709/704/604 710/705/605 711/706/606
f 711/706/606 710/705/605 712/707/607
f 711/706/606 712/707/607 713/708/608
f 713/708/608 712/707/607 714/709/609
f 713/708/608 714/709/609 715/710/610
f 715/710/610 714/709/609 716/711/611
f 715/710/610 716/711/611 717/712/612
f 717/712/612 716/711/611 718/713/613
f 717/712/612 718/713/613 719/714/614
f 719/714/614 718/713/613 720/715/615
f 719/714/614 720/715/615 721/716/616
f 721/716/616 720/715/615 722/717/617
f 721/716/616 722/717/617 723/718/618
f 723/718/618 722/717/617 724/719/619
f 723/718/618 724/719/619 725/720/620
f 725/720/620 724/719/619 726/721/621
f 725/720/620 726/721/621 727/722/622
f 727/722/622 726/721/621 728/723/623
f 727/722/622 728/723/623 729/724/624
f 729/724/624 728/723/623 730/725/625
f 729/724/624 730/725/625 731/726/626
f 731/726/626 730/725/625 732/727/627
f 731/726/626 732/727/627 733/728/628
f 733/728/628 732/727/627 734/729/629
f 733/728/628 734/729/629 735/730/630
f 735/730/630 734/729/629 736/731/631
f 735/730/630 736/731/631 737/732/632
f 682/677/577 681/676/576 738/733/633
f 738/733/633 681/676/576 739/734/634
f 738/733/633 739/734/634 740/735/635
f 740/735/635 739/734/634 741/736/636
f 740/735/635 741/736/636 742/737/637
f 742/737/637 741/736/636 743/738/638
f 742/737/637 743/738/638 744/739/639
f 744/739/639 743/738/638 745/740/640
f 744/739/639 745/740/640 746/741/641
f 744/739/639 746/741/641 747/742/642
f 747/742/642 746/741/641 748/743/643
f 747/742/642 748/743/643 749/744/644
f 747/742/642 749/744/644 750/745/645
f 750/745/645 749/744/644 751/746/646
f 750/745/645 751/746/646 752/747/647
f 752/747/647 751/746/646 753/748/648
f 752/747/647 753/748/648 754/749/649
f 754/749/649 753/748/648 755/750/650
f 754/749/649 755/750/650 756/751/651
f 756/751/651 755/750/650 757/752/652
f 756/751/651 757/752/652 758/753/653
f 756/751/651 758/753/653 759/754/654
f 759/754/654 758/753/653 760/755/655
f 759/754/654 760/755/655 761/756/656
f 761/756/656 760/755/655 762/757/657
f 761/756/656 762/757/657 763/758/658
f 763/758/658 762/757/657 764/759/659
f 763/758/658 764/759/659 765/760/660
f 765/760/660 764/759/659 766/761/661
f 765/760/660 766/761/661 767/762/662
f 767/762/662 766/761/661 768/763/663
f 767/762/662 768/763/663 769/764/664
f 769/764/664 768/763/663 770/765/665
f 769/764/664 770/765/665 714/709/609
f 714/709/609 770/765/665 716/711/611
f 768/763/663 771/766/666 770/765/665
f 770/765/665 771/766/666 772/767/667
f 770/765/665 772/767/667 716/711/611
f 716/711/611 772/767/667 718/713/613
f 771/766/666 773/768/668 772/767/667
f 772/767/667 773/768/668 774/769/669
f 772/767/667 774/769/669 775/770/670
f 775/770/670 774/769/669 776/771/671
f 775/770/670 776/771/671 777/772/672
f 777/772/672 776/771/671 778/773/673
f 777/772/672 778/773/673 722/717/617
f 722/717/617 778/773/673 724/719/619
f 776/771/671 779/774/674 778/773/673
f 778/773/673 779/774/674 780/775/675
f 778/773/673 780/775/675 724/719/619
f 724/719/619 780/775/675 726/721/621
f 779/774/674 781/776/676 780/775/675
f 780/775/675 781/776/676 782/777/677
f 780/775/675 782/777/677 726/721/621
f 726/721/621 782/777/677 728/723/623
f 781/776/676 783/778/678 782/777/677
f 782/777/677 783/778/678 784/779/679
f 782/777/677 784/779/679 728/723/623
f 728/723/623 784/779/679 730/725/625
f 783/778/678 785/780/680 784/779/679
f 784/779/679 785/780/680 786/781/681
f 784/779/679 786/781/681 730/725/625
f 730/725/625 786/781/681 732/727/627
f 785/780/680 787/782/682 786/781/681
f 786/781/681 787/782/682 788/783/683
f 786/781/681 788/783/683 789/784/684
f 789/784/684 788/783/683 790/785/685
f 789/784/684 790/785/685 736/731/631
f 737/732/632 791/786/686 735/730/630
f 735/730/630 791/786/686 733/728/628
f 791/786/686 792/787/687 733/728/628
f 733/728/628 792/787/687 731/726/626
f 792/787/687 793/788/688 731/726/626
f 731/726/626 793/788/688 729/724/624
f 793/788/688 794/789/689 729/724/624
f 729/724/624 794/789/689 795/790/690
f 729/724/624 795/790/690 727/722/622
f 727/722/622 795/790/690 796/791/691
f 727/722/622 796/791/691 797/792/692
f 727/722/622 797/792/692 725/720/620
f 725/720/620 797/792/692 798/793/693
f 725/720/620 798/793/693 723/718/618
f 723/718/618 798/793/693 799/794/694
f 723/718/618 799/794/694 721/716/616
f 721/716/616 799/794/694 800/795/695
f 721/716/616 800/795/695 719/714/614
f 719/714/614 800/795/695 801/796/696
f 719/714/614 801/796/696 802/797/697
f 719/714/614 802/797/697 717/712/612
f 717/712/612 802/797/697 803/798/698
f 717/712/612 803/798/698 715/710/610
f 715/710/610 803/798/698 804/799/699
f 715/710/610 804/799/699 713/708/608
f 713/708/608 804/799/699 711/706/606
f 804/799/699 805/800/700 711/706/606
f 711/706/606 805/800/700 709/704/604
f 805/800/700 806/801/701 709/704/604
f 709/704/604 806/801/701 707/702/602
f 806/801/701 807/802/702 707/702/602
f 707/702/602 807/802/702 705/700/600
f 807/802/702 808/803/703 705/700/600
f 705/700/600 808/803/703 703/698/598
f 808/803/703 809/804/704 703/698/598
f 703/698/598 809/804/704 701/696/596
f 809/804/704 810/805/705 701/696/596
f 701/696/596 810/805/705 811/806/706
f 701/696/596 811/806/706 699/694/594
f 699/694/594 811/806/706 812/807/707
f 699/694/594 812/807/707 697/692/592
f 697/692/592 812/807/707 813/808/708
f 697/692/592 813/808/708 695/690/590
f 695/690/590 813/808/708 814/809/709
f 695/690/590 814/809/709 693/688/588
f 693/688/588 814/809/709 815/810/710
f 693/688/588 815/810/710 816/811/711
f 817/812/712 689/684/584 816/811/711
f 816/811/711 689/684/584 691/686/586
f 816/811/711 691/686/586 693/688/588
f 689/684/584 817/812/712 687/682/582
f 687/682/582 817/812/712 818/813/713
f 687/682/582 818/813/713 819/814/714
f 687/682/582 819/814/714 685/680/580
f 685/680/580 819/814/714 820/815/715
f 685/680/580 820/815/715 821/816/716
f 821/816/716 683/678/578 685/680/580
f 732/727/627 786/781/681 789/784/684
f 734/729/629 732/727/627 789/784/684
f 718/713/613 772/767/667 775/770/670
f 722/717/617 720/715/615 777/772/672
f 777/772/672 720/715/615 775/770/670
f 720/715/615 718/713/613 775/770/670
f 714/709/609 712/707/607 769/764/664
f 769/764/664 712/707/607 767/762/662
f 712/707/607 710/705/605 767/762/662
f 767/762/662 710/705/605 765/760/660
f 710/705/605 708/703/603 765/760/660
f 765/760/660 708/703/603 763/758/658
f 708/703/603 706/701/601 763/758/658
f 763/758/658 706/701/601 761/756/656
f 706/701/601 704/699/599 761/756/656
f 761/756/656 704/699/599 759/754/654
f 704/699/599 702/697/597 759/754/654
f 759/754/654 702/697/597 756/751/651
f 702/697/597 700/695/595 756/751/651
f 756/751/651 700/695/595 754/749/649
f 700/695/595 698/693/593 754/749/649
f 754/749/649 698/693/593 752/747/647
f 698/693/593 696/691/591 752/747/647
f 752/747/647 696/691/591 750/745/645
f 696/691/591 694/689/589 750/745/645
f 750/745/645 694/689/589 747/742/642
f 694/689/589 692/687/587 747/742/642
f 747/742/642 692/687/587 744/739/639
f 692/687/587 690/685/585 744/739/639
f 744/739/639 690/685/585 742/737/637
f 690/685/585 688/683/583 742/737/637
f 742/737/637 688/683/583 740/735/635
f 684/679/579 682/677/577 738/733/633
f 688/683/583 686/681/581 740/735/635
f 740/735/635 686/681/581 738/733/633
f 686/681/581 684/679/579 738/733/633
f 789/784/684 736/731/631 734/729/629
f 822/817/567 823/818/571 824/819/717
f 824/819/717 823/818/571 825/820/718
f 824/819/717 825/820/718 826/821/719
f 826/821/719 822/817/567 824/819/717
f 827/630/720 828/631/721 829/822/722
f 829/822/722 828/631/721 830/633/723
f 829/822/722 830/633/723 831/634/724
f 831/634/724 832/823/725 829/822/722
f 829/822/722 832/823/725 833/824/726
f 829/822/722 833/824/726 834/825/727
f 835/826/728 836/827/729 832/823/725
f 832/823/725 836/827/729 837/828/730
f 832/823/725 837/828/730 838/829/731
f 836/827/729 835/826/728 839/830/732
f 839/830/732 835/826/728 840/831/733
f 839/830/732 840/831/733 841/832/734
f 839/830/732 841/832/734 842/833/735
f 842/833/735 841/832/734 843/834/736
f 842/833/735 843/834/736 844/835/737
f 844/835/737 843/834/736 845/836/738
f 844/835/737 845/836/738 846/837/739
f 846/837/739 845/836/738 847/838/740
f 846/837/739 847/838/740 848/839/741
f 838/829/731 833/824/726 832/823/725
f 829/822/722 834/825/727 849/840/742
f 849/840/742 834/825/727 850/841/743
f 849/840/742 850/841/743 851/842/744
f 851/842/744 852/843/745 849/840/742
f 849/840/742 852/843/745 853/844/746
f 849/840/742 853/844/746 854/845/747
f 854/845/747 853/844/746 855/846/748
f 854/845/747 855/846/748 856/847/749
f 856/847/749 855/846/748 857/848/750
f 856/847/749 857/848/750 858/849/751
f 858/849/751 857/848/750 859/850/752
f 858/849/751 859/850/752 860/851/753
f 860/851/753 859/850/752 861/852/754
f 860/851/753 861/852/754 862/853/755
f 862/853/755 861/852/754 863/854/756
f 849/840/742 827/630/720 829/822/722
f 864/855/574 865/856/757 866/857/758
f 866/857/758 865/856/757 867/858/759
f 866/857/758 867/858/759 868/859/575
f 868/859/575 864/855/574 866/857/758
f 869/860/760 870/861/760 871/602/760
f 871/602/760 870/861/760 872/862/760
f 871/602/760 872/862/760 873/863/760
f 873/863/760 869/860/760 871/602/760
f 874/864/761 875/865/762 876/866/763
f 876/866/763 875/865/762 877/867/764
f 876/866/763 877/867/764 878/868/765
f 878/868/765 877/867/764 879/869/766
f 878/868/765 879/869/766 880/870/767
f 880/870/767 879/869/766 881/871/768
f 880/870/767 881/871/768 882/872/769
f 882/872/769 881/871/768 883/873/770
f 882/872/769 883/873/770 884/874/771
f 884/874/771 883/873/770 885/875/772
f 884/874/771 885/875/772 886/876/773
f 886/876/773 885/875/772 887/877/774
f 886/876/773 887/877/774 888/878/775
f 888/878/775 887/877/774 889/879/776
f 888/878/775 889/879/776 890/880/777
f 890/880/777 889/879/776 891/881/778
f 890/880/777 891/881/778 892/882/779
f 892/882/779 891/881/778 893/883/780
f 892/882/779 893/883/780 894/884/781
f 894/884/781 893/883/780 895/220/782
f 894/884/781 895/220/782 896/219/783
f 875/865/762 897/885/784 877/867/764
f 877/867/764 897/885/784 898/886/785
f 877/867/764 898/886/785 899/887/786
f 899/887/786 898/886/785 900/888/787
f 899/887/786 900/888/787 901/889/788
f 901/889/788 900/888/787 902/890/789
f 901/889/788 902/890/789 903/891/790
f 903/891/790 902/890/789 904/892/791
f 903/891/790 904/892/791 905/893/792
f 905/893/792 904/892/791 906/894/793
f 905/893/792 906/894/793 907/895/794
f 907/895/794 906/894/793 908/896/795
f 907/895/794 908/896/795 909/897/796
f 909/897/796 908/896/795 910/898/797
f 909/897/796 910/898/797 911/899/798
f 911/899/798 910/898/797 912/900/799
f 911/899/798 912/900/799 913/901/800
f 913/901/800 912/900/799 914/902/801
f 913/901/800 914/902/801 915/130/802
f 915/130/802 914/902/801 916/129/803
f 916/129/803 914/902/801 917/903/804
f 916/129/803 917/903/804 918/227/805
f 918/227/805 917/903/804 919/38/806
f 919/38/806 917/903/804 920/904/807
f 919/38/806 920/904/807 921/905/808
f 921/905/808 920/904/807 922/906/809
f 921/905/808 922/906/809 923/907/810
f 923/907/810 922/906/809 924/908/811
f 923/907/810 924/908/811 925/909/812
f 925/909/812 924/908/811 926/910/813
f 925/909/812 926/910/813 927/911/814
f 927/911/814 926/910/813 928/912/815
f 927/911/814 928/912/815 929/913/816
f 929/913/816 928/912/815 930/914/817
f 929/913/816 930/914/817 931/915/818
f 931/915/818 930/914/817 932/916/819
f 931/915/818 932/916/819 933/917/820
f 933/917/820 932/916/819 934/918/821
f 933/917/820 934/918/821 935/919/822
f 935/919/822 934/918/821 936/920/823
f 935/919/822 936/920/823 937/921/824
f 937/921/824 936/920/823 938/922/825
f 937/921/824 938/922/825 939/923/826
f 897/885/784 940/924/827 898/886/785
f 898/886/785 940/924/827 941/925/828
f 898/886/785 941/925/828 900/888/787
f 900/888/787 941/925/828 942/926/829
f 900/888/787 942/926/829 902/890/789
f 902/890/789 942/926/829 943/927/830
f 902/890/789 943/927/830 904/892/791
f 904/892/791 943/927/830 944/928/831
f 904/892/791 944/928/831 906/894/793
f 906/894/793 944/928/831 945/929/832
f 906/894/793 945/929/832 908/896/795
f 908/896/795 945/929/832 946/930/833
f 908/896/795 946/930/833 910/898/797
f 910/898/797 946/930/833 947/931/834
f 910/898/797 947/931/834 912/900/799
f 912/900/799 947/931/834 948/932/835
f 912/900/799 948/932/835 914/902/801
f 914/902/801 948/932/835 917/903/804
f 940/924/827 949/933/836 941/925/828
f 941/925/828 949/933/836 950/934/837
f 941/925/828 950/934/837 942/926/829
f 942/926/829 950/934/837 951/935/838
f 942/926/829 951/935/838 943/927/830
f 943/927/830 951/935/838 952/936/839
f 943/927/830 952/936/839 944/928/831
f 944/928/831 952/936/839 953/937/840
f 944/928/831 953/937/840 945/929/832
f 945/929/832 953/937/840 954/938/841
f 945/929/832 954/938/841 946/930/833
f 946/930/833 954/938/841 955/939/842
f 946/930/833 955/939/842 947/931/834
f 947/931/834 955/939/842 956/940/843
f 947/931/834 956/940/843 948/932/835
f 948/932/835 956/940/843 957/941/844
f 948/932/835 957/941/844 917/903/804
f 917/903/804 957/941/844 920/904/807
f 950/934/837 949/933/836 958/942/845
f 958/942/845 949/933/836 959/943/846
f 958/942/845 959/943/846 960/944/847
f 958/942/845 960/944/847 961/945/848
f 961/945/848 960/944/847 962/946/849
f 961/945/848 962/946/849 963/947/850
f 963/947/850 962/946/849 964/948/851
f 963/947/850 964/948/851 965/949/852
f 965/949/852 964/948/851 966/950/853
f 965/949/852 966/950/853 967/951/854
f 967/951/854 966/950/853 968/952/855
f 967/951/854 968/952/855 969/953/856
f 969/953/856 968/952/855 970/954/857
f 969/953/856 970/954/857 971/955/858
f 971/955/858 970/954/857 972/956/859
f 971/955/858 972/956/859 973/957/860
f 971/955/858 973/957/860 936/920/823
f 936/920/823 973/957/860 938/922/825
f 937/921/824 939/923/826 974/958/861
f 974/958/861 939/923/826 975/959/862
f 974/958/861 975/959/862 976/960/863
f 976/960/863 975/959/862 977/961/864
f 976/960/863 977/961/864 978/962/865
f 978/962/865 977/961/864 979/963/866
f 978/962/865 979/963/866 980/964/867
f 980/964/867 979/963/866 981/965/868
f 980/964/867 981/965/868 982/966/869
f 982/966/869 981/965/868 983/967/870
f 982/966/869 983/967/870 984/968/871
f 984/968/871 983/967/870 985/969/872
f 984/968/871 985/969/872 986/970/873
f 986/970/873 985/969/872 987/971/874
f 986/970/873 987/971/874 988/972/875
f 988/972/875 987/971/874 989/973/876
f 988/972/875 989/973/876 990/974/877
f 990/974/877 989/973/876 991/975/878
f 990/974/877 991/975/878 992/976/879
f 992/976/879 991/975/878 993/977/880
f 992/976/879 993/977/880 994/978/881
f 994/978/881 993/977/880 995/979/882
f 994/978/881 995/979/882 996/285/883
f 996/285/883 995/979/882 997/292/884
f 997/292/884 995/979/882 998/980/885
f 997/292/884 998/980/885 999/297/886
f 999/297/886 998/980/885 1000/981/887
f 999/297/886 1000/981/887 1001/300/888
f 1001/300/888 1000/981/887 1002/982/889
f 1001/300/888 1002/982/889 1003/303/890
f 1003/303/890 1002/982/889 1004/983/891
f 1004/983/891 1002/982/889 1005/984/892
f 1005/984/892 1002/982/889 1006/985/893
f 1005/984/892 1006/985/893 1007/986/894
f 1007/986/894 1006/985/893 1008/987/895
f 1007/986/894 1008/987/895 1009/988/896
f 1009/988/896 1008/987/895 1010/989/897
f 1009/988/896 1010/989/897 1011/990/898
f 1011/990/898 1010/989/897 1012/991/899
f 1011/990/898 1012/991/899 1013/992/900
f 1013/992/900 1012/991/899 1014/993/901
f 1013/992/900 1014/993/901 1015/994/902
f 1015/994/902 1014/993/901 1016/995/903
f 1015/994/902 1016/995/903 1017/996/904
f 1017/996/904 1016/995/903 1018/997/905
f 1017/996/904 1018/997/905 1019/998/906
f 1019/998/906 1018/997/905 1020/999/907
f 1019/998/906 1020/999/907 1021/1000/908
f 1021/1000/908 1020/999/907 1022/1001/909
f 1021/1000/908 1022/1001/909 1023/1002/910
f 1023/1002/910 1022/1001/909 1024/1003/911
f 1023/1002/910 1024/1003/911 1025/1004/912
f 1025/1004/912 1024/1003/911 1026/1005/913
f 1026/1005/913 1024/1003/911 1027/1006/914
f 1026/1005/913 1027/1006/914 1028/1007/915
f 1028/1007/915 1027/1006/914 979/963/866
f 1028/1007/915 979/963/866 977/961/864
f 1025/1004/912 1029/1008/916 1023/1002/910
f 1023/1002/910 1029/1008/916 1030/1009/917
f 1023/1002/910 1030/1009/917 1021/1000/908
f 1021/1000/908 1030/1009/917 1031/1010/918
f 1021/1000/908 1031/1010/918 1019/998/906
f 1019/998/906 1031/1010/918 1032/1011/919
f 1019/998/906 1032/1011/919 1017/996/904
f 1017/996/904 1032/1011/919 1033/1012/920
f 1017/996/904 1033/1012/920 1015/994/902
f 1015/994/902 1033/1012/920 1034/1013/921
f 1015/994/902 1034/1013/921 1013/992/900
f 1013/992/900 1034/1013/921 1035/1014/922
f 1013/992/900 1035/1014/922 1011/990/898
f 1011/990/898 1035/1014/922 1036/1015/923
f 1011/990/898 1036/1015/923 1009/988/896
f 1009/988/896 1036/1015/923 1037/1016/924
f 1009/988/896 1037/1016/924 1007/986/894
f 1007/986/894 1037/1016/924 1038/1017/925
f 1007/986/894 1038/1017/925 1005/984/892
f 1029/1008/916 1039/1018/926 1030/1009/917
f 1030/1009/917 1039/1018/926 1040/1019/927
f 1030/1009/917 1040/1019/927 1031/1010/918
f 1031/1010/918 1040/1019/927 1041/1020/928
f 1031/1010/918 1041/1020/928 1032/1011/919
f 1032/1011/919 1041/1020/928 1042/1021/929
f 1032/1011/919 1042/1021/929 1033/1012/920
f 1033/1012/920 1042/1021/929 1043/1022/930
f 1033/1012/920 1043/1022/930 1034/1013/921
f 1034/1013/921 1043/1022/930 1044/1023/931
f 1034/1013/921 1044/1023/931 1035/1014/922
f 1035/1014/922 1044/1023/931 1045/1024/932
f 1035/1014/922 1045/1024/932 1036/1015/923
f 1036/1015/923 1045/1024/932 1046/1025/933
f 1036/1015/923 1046/1025/933 1037/1016/924
f 1037/1016/924 1046/1025/933 1047/1026/934
f 1037/1016/924 1047/1026/934 1038/1017/925
f 1038/1017/925 1047/1026/934 1048/1027/935
f 1048/1027/935 1047/1026/934 1049/1028/936
f 1048/1027/935 1049/1028/936 1050/1029/937
f 1050/1029/937 1049/1028/936 1051/1030/938
f 1050/1029/937 1051/1030/938 1052/1031/939
f 1052/1031/939 1051/1030/938 1053/1032/940
f 1052/1031/939 1053/1032/940 1054/1033/941
f 1054/1033/941 1053/1032/940 1055/1034/942
f 1054/1033/941 1055/1034/942 1056/1035/943
f 1056/1035/943 1055/1034/942 1057/1036/944
f 1056/1035/943 1057/1036/944 1058/1037/945
f 1058/1037/945 1057/1036/944 1059/1038/946
f 1059/1038/946 1057/1036/944 1060/1039/947
f 1060/1039/947 1057/1036/944 1061/1040/948
f 1060/1039/947 1061/1040/948 1062/1041/949
f 1062/1041/949 1061/1040/948 1063/1042/950
f 1062/1041/949 1063/1042/950 1064/1043/951
f 1064/1043/951 1063/1042/950 1065/1044/952
f 1064/1043/951 1065/1044/952 1066/1045/953
f 1066/1045/953 1065/1044/952 1067/1046/954
f 1066/1045/953 1067/1046/954 1068/1047/955
f 1068/1047/955 1067/1046/954 1069/1048/956
f 1068/1047/955 1069/1048/956 1041/1020/928
f 1041/1020/928 1069/1048/956 1042/1021/929
f 1039/1018/926 1070/1049/957 1040/1019/927
f 1040/1019/927 1070/1049/957 1068/1047/955
f 1040/1019/927 1068/1047/955 1041/1020/928
f 1070/1049/957 1066/1045/953 1068/1047/955
f 1058/1037/945 1071/1050/958 1056/1035/943
f 1056/1035/943 1071/1050/958 1054/1033/941
f 996/285/883 1072/269/959 994/978/881
f 994/978/881 1072/269/959 1073/1051/960
f 994/978/881 1073/1051/960 992/976/879
f 992/976/879 1073/1051/960 1074/1052/961
f 992/976/879 1074/1052/961 990/974/877
f 990/974/877 1074/1052/961 1075/1053/962
f 990/974/877 1075/1053/962 988/972/875
f 988/972/875 1075/1053/962 1076/1054/963
f 988/972/875 1076/1054/963 986/970/873
f 986/970/873 1076/1054/963 1077/1055/964
f 986/970/873 1077/1055/964 984/968/871
f 984/968/871 1077/1055/964 1078/1056/965
f 984/968/871 1078/1056/965 982/966/869
f 982/966/869 1078/1056/965 1079/1057/966
f 982/966/869 1079/1057/966 980/964/867
f 980/964/867 1079/1057/966 1080/1058/967
f 980/964/867 1080/1058/967 978/962/865
f 978/962/865 1080/1058/967 976/960/863
f 1073/1051/960 1072/269/959 1081/1059/968
f 1081/1059/968 1072/269/959 1082/267/969
f 1081/1059/968 1082/267/969 1083/1060/970
f 1083/1060/970 1082/267/969 1084/265/971
f 1083/1060/970 1084/265/971 1085/1061/972
f 1085/1061/972 1084/265/971 1086/264/973
f 1085/1061/972 1086/264/973 1087/255/974
f 1085/1061/972 1087/255/974 1088/1062/975
f 1088/1062/975 1087/255/974 1089/246/976
f 1088/1062/975 1089/246/976 1090/1063/977
f 1090/1063/977 1089/246/976 1091/237/978
f 1090/1063/977 1091/237/978 1092/1064/979
f 1092/1064/979 1091/237/978 1093/228/980
f 1092/1064/979 1093/228/980 1094/1065/981
f 1094/1065/981 1093/228/980 1095/32/982
f 1094/1065/981 1095/32/982 1096/1066/983
f 1096/1066/983 1095/32/982 1097/33/984
f 1096/1066/983 1097/33/984 1098/1067/985
f 1098/1067/985 1097/33/984 1099/35/986
f 1098/1067/985 1099/35/986 1100/36/987
f 1098/1067/985 1100/36/987 921/905/808
f 921/905/808 1100/36/987 919/38/806
f 915/130/802 1101/132/988 913/901/800
f 913/901/800 1101/132/988 1102/1068/989
f 913/901/800 1102/1068/989 911/899/798
f 911/899/798 1102/1068/989 1103/1069/990
f 911/899/798 1103/1069/990 909/897/796
f 909/897/796 1103/1069/990 1104/1070/991
f 909/897/796 1104/1070/991 907/895/794
f 907/895/794 1104/1070/991 1105/1071/992
f 907/895/794 1105/1071/992 905/893/792
f 905/893/792 1105/1071/992 1106/1072/993
f 905/893/792 1106/1072/993 903/891/790
f 903/891/790 1106/1072/993 1107/1073/994
f 903/891/790 1107/1073/994 901/889/788
f 901/889/788 1107/1073/994 1108/1074/995
f 901/889/788 1108/1074/995 899/887/786
f 899/887/786 1108/1074/995 879/869/766
f 899/887/786 879/869/766 877/867/764
f 1102/1068/989 1101/132/988 1109/1075/996
f 1109/1075/996 1101/132/988 1110/212/997
f 1109/1075/996 1110/212/997 1111/1076/998
f 1111/1076/998 1110/212/997 1112/211/999
f 1111/1076/998 1112/211/999 1113/1077/1000
f 1113/1077/1000 1112/211/999 1114/226/1001
f 1113/1077/1000 1114/226/1001 1115/1078/1002
f 1115/1078/1002 1114/226/1001 1116/224/1003
f 1115/1078/1002 1116/224/1003 1117/1079/1004
f 1117/1079/1004 1116/224/1003 1118/223/1005
f 1117/1079/1004 1118/223/1005 895/220/782
f 888/878/775 884/874/771 886/876/773
f 1117/1079/1004 895/220/782 893/883/780
f 879/869/766 1108/1074/995 881/871/768
f 881/871/768 1108/1074/995 1119/1080/1006
f 881/871/768 1119/1080/1006 883/873/770
f 883/873/770 1119/1080/1006 1120/1081/1007
f 883/873/770 1120/1081/1007 885/875/772
f 885/875/772 1120/1081/1007 887/877/774
f 1108/1074/995 1107/1073/994 1119/1080/1006
f 1119/1080/1006 1107/1073/994 1121/1082/1008
f 1119/1080/1006 1121/1082/1008 1120/1081/1007
f 1120/1081/1007 1121/1082/1008 1122/1083/1009
f 1120/1081/1007 1122/1083/1009 887/877/774
f 887/877/774 1122/1083/1009 1123/1084/1010
f 887/877/774 1123/1084/1010 889/879/776
f 889/879/776 1123/1084/1010 1124/1085/1011
f 889/879/776 1124/1085/1011 891/881/778
f 891/881/778 1124/1085/1011 1117/1079/1004
f 891/881/778 1117/1079/1004 893/883/780
f 1107/1073/994 1106/1072/993 1121/1082/1008
f 1121/1082/1008 1106/1072/993 1125/1086/1012
f 1121/1082/1008 1125/1086/1012 1122/1083/1009
f 1122/1083/1009 1125/1086/1012 1126/1087/1013
f 1122/1083/1009 1126/1087/1013 1123/1084/1010
f 1123/1084/1010 1126/1087/1013 1127/1088/1014
f 1123/1084/1010 1127/1088/1014 1124/1085/1011
f 1124/1085/1011 1127/1088/1014 1115/1078/1002
f 1124/1085/1011 1115/1078/1002 1117/1079/1004
f 950/934/837 958/942/845 951/935/838
f 951/935/838 958/942/845 1128/1089/1015
f 951/935/838 1128/1089/1015 952/936/839
f 952/936/839 1128/1089/1015 1129/1090/1016
f 952/936/839 1129/1090/1016 953/937/840
f 953/937/840 1129/1090/1016 1130/1091/1017
f 953/937/840 1130/1091/1017 954/938/841
f 954/938/841 1130/1091/1017 1131/1092/1018
f 954/938/841 1131/1092/1018 955/939/842
f 955/939/842 1131/1092/1018 1132/1093/1019
f 955/939/842 1132/1093/1019 956/940/843
f 956/940/843 1132/1093/1019 1133/1094/1020
f 956/940/843 1133/1094/1020 957/941/844
f 957/941/844 1133/1094/1020 922/906/809
f 957/941/844 922/906/809 920/904/807
f 1125/1086/1012 1106/1072/993 1105/1071/992
f 1126/1087/1013 1125/1086/1012 1134/1095/1021
f 1134/1095/1021 1125/1086/1012 1105/1071/992
f 1134/1095/1021 1105/1071/992 1104/1070/991
f 1127/1088/1014 1126/1087/1013 1135/1096/1022
f 1135/1096/1022 1126/1087/1013 1134/1095/1021
f 1135/1096/1022 1134/1095/1021 1136/1097/1023
f 1136/1097/1023 1134/1095/1021 1104/1070/991
f 1136/1097/1023 1104/1070/991 1103/1069/990
f 1115/1078/1002 1127/1088/1014 1113/1077/1000
f 1113/1077/1000 1127/1088/1014 1135/1096/1022
f 1113/1077/1000 1135/1096/1022 1111/1076/998
f 1111/1076/998 1135/1096/1022 1136/1097/1023
f 1111/1076/998 1136/1097/1023 1109/1075/996
f 1109/1075/996 1136/1097/1023 1103/1069/990
f 1109/1075/996 1103/1069/990 1102/1068/989
f 958/942/845 961/945/848 1128/1089/1015
f 1128/1089/1015 961/945/848 1137/1098/1024
f 1128/1089/1015 1137/1098/1024 1129/1090/1016
f 1129/1090/1016 1137/1098/1024 1138/1099/1025
f 1129/1090/1016 1138/1099/1025 1130/1091/1017
f 1130/1091/1017 1138/1099/1025 1139/1100/1026
f 1130/1091/1017 1139/1100/1026 1131/1092/1018
f 1131/1092/1018 1139/1100/1026 1140/1101/1027
f 1131/1092/1018 1140/1101/1027 1132/1093/1019
f 1132/1093/1019 1140/1101/1027 1141/1102/1028
f 1132/1093/1019 1141/1102/1028 1133/1094/1020
f 1133/1094/1020 1141/1102/1028 924/908/811
f 1133/1094/1020 924/908/811 922/906/809
f 961/945/848 963/947/850 1137/1098/1024
f 1137/1098/1024 963/947/850 1142/1103/1029
f 1137/1098/1024 1142/1103/1029 1138/1099/1025
f 1138/1099/1025 1142/1103/1029 1143/1104/1030
f 1138/1099/1025 1143/1104/1030 1139/1100/1026
f 1139/1100/1026 1143/1104/1030 1144/1105/1031
f 1139/1100/1026 1144/1105/1031 1140/1101/1027
f 1140/1101/1027 1144/1105/1031 1145/1106/1032
f 1140/1101/1027 1145/1106/1032 1141/1102/1028
f 1141/1102/1028 1145/1106/1032 926/910/813
f 1141/1102/1028 926/910/813 924/908/811
f 963/947/850 965/949/852 1142/1103/1029
f 1142/1103/1029 965/949/852 1146/1107/1033
f 1142/1103/1029 1146/1107/1033 1143/1104/1030
f 1143/1104/1030 1146/1107/1033 1147/1108/1034
f 1143/1104/1030 1147/1108/1034 1144/1105/1031
f 1144/1105/1031 1147/1108/1034 1148/1109/1035
f 1144/1105/1031 1148/1109/1035 1145/1106/1032
f 1145/1106/1032 1148/1109/1035 928/912/815
f 1145/1106/1032 928/912/815 926/910/813
f 965/949/852 967/951/854 1146/1107/1033
f 1146/1107/1033 967/951/854 1149/1110/1036
f 1146/1107/1033 1149/1110/1036 1147/1108/1034
f 1147/1108/1034 1149/1110/1036 1150/1111/1037
f 1147/1108/1034 1150/1111/1037 1148/1109/1035
f 1148/1109/1035 1150/1111/1037 930/914/817
f 1148/1109/1035 930/914/817 928/912/815
f 967/951/854 969/953/856 1149/1110/1036
f 1149/1110/1036 969/953/856 1151/1112/1038
f 1149/1110/1036 1151/1112/1038 1150/1111/1037
f 1150/1111/1037 1151/1112/1038 932/916/819
f 1150/1111/1037 932/916/819 930/914/817
f 969/953/856 971/955/858 1151/1112/1038
f 1151/1112/1038 971/955/858 934/918/821
f 1151/1112/1038 934/918/821 932/916/819
f 936/920/823 934/918/821 971/955/858
f 935/919/822 937/921/824 1152/1113/1039
f 1152/1113/1039 937/921/824 974/958/861
f 1152/1113/1039 974/958/861 1153/1114/1040
f 1153/1114/1040 974/958/861 976/960/863
f 1153/1114/1040 976/960/863 1080/1058/967
f 933/917/820 935/919/822 1154/1115/1041
f 1154/1115/1041 935/919/822 1152/1113/1039
f 1154/1115/1041 1152/1113/1039 1155/1116/1042
f 1155/1116/1042 1152/1113/1039 1153/1114/1040
f 1155/1116/1042 1153/1114/1040 1156/1117/1043
f 1156/1117/1043 1153/1114/1040 1080/1058/967
f 1156/1117/1043 1080/1058/967 1079/1057/966
f 931/915/818 933/917/820 1157/1118/1044
f 1157/1118/1044 933/917/820 1154/1115/1041
f 1157/1118/1044 1154/1115/1041 1158/1119/1045
f 1158/1119/1045 1154/1115/1041 1155/1116/1042
f 1158/1119/1045 1155/1116/1042 1159/1120/1046
f 1159/1120/1046 1155/1116/1042 1156/1117/1043
f 1159/1120/1046 1156/1117/1043 1160/1121/1047
f 1160/1121/1047 1156/1117/1043 1079/1057/966
f 1160/1121/1047 1079/1057/966 1078/1056/965
f 929/913/816 931/915/818 1161/1122/1048
f 1161/1122/1048 931/915/818 1157/1118/1044
f 1161/1122/1048 1157/1118/1044 1162/1123/1049
f 1162/1123/1049 1157/1118/1044 1158/1119/1045
f 1162/1123/1049 1158/1119/1045 1163/1124/1050
f 1163/1124/1050 1158/1119/1045 1159/1120/1046
f 1163/1124/1050 1159/1120/1046 1164/1125/1051
f 1164/1125/1051 1159/1120/1046 1160/1121/1047
f 1164/1125/1051 1160/1121/1047 1165/1126/1052
f 1165/1126/1052 1160/1121/1047 1078/1056/965
f 1165/1126/1052 1078/1056/965 1077/1055/964
f 927/911/814 929/913/816 1166/1127/1053
f 1166/1127/1053 929/913/816 1161/1122/1048
f 1166/1127/1053 1161/1122/1048 1167/1128/1054
f 1167/1128/1054 1161/1122/1048 1162/1123/1049
f 1167/1128/1054 1162/1123/1049 1168/1129/1055
f 1168/1129/1055 1162/1123/1049 1163/1124/1050
f 1168/1129/1055 1163/1124/1050 1169/1130/1056
f 1169/1130/1056 1163/1124/1050 1164/1125/1051
f 1169/1130/1056 1164/1125/1051 1170/1131/1057
f 1170/1131/1057 1164/1125/1051 1165/1126/1052
f 1170/1131/1057 1165/1126/1052 1171/1132/1058
f 1171/1132/1058 1165/1126/1052 1077/1055/964
f 1171/1132/1058 1077/1055/964 1076/1054/963
f 925/909/812 927/911/814 1172/1133/1059
f 1172/1133/1059 927/911/814 1166/1127/1053
f 1172/1133/1059 1166/1127/1053 1173/1134/1060
f 1173/1134/1060 1166/1127/1053 1167/1128/1054
f 1173/1134/1060 1167/1128/1054 1174/1135/1061
f 1174/1135/1061 1167/1128/1054 1168/1129/1055
f 1174/1135/1061 1168/1129/1055 1175/1136/1062
f 1175/1136/1062 1168/1129/1055 1169/1130/1056
f 1175/1136/1062 1169/1130/1056 1176/1137/1063
f 1176/1137/1063 1169/1130/1056 1170/1131/1057
f 1176/1137/1063 1170/1131/1057 1177/1138/1064
f 1177/1138/1064 1170/1131/1057 1171/1132/1058
f 1177/1138/1064 1171/1132/1058 1178/1139/1065
f 1178/1139/1065 1171/1132/1058 1076/1054/963
f 1178/1139/1065 1076/1054/963 1075/1053/962
f 1098/1067/985 921/905/808 923/907/810
f 923/907/810 925/909/812 1179/1140/1066
f 1179/1140/1066 925/909/812 1172/1133/1059
f 1179/1140/1066 1172/1133/1059 1180/1141/1067
f 1180/1141/1067 1172/1133/1059 1173/1134/1060
f 1180/1141/1067 1173/1134/1060 1181/1142/1068
f 1181/1142/1068 1173/1134/1060 1174/1135/1061
f 1181/1142/1068 1174/1135/1061 1182/1143/1069
f 1182/1143/1069 1174/1135/1061 1175/1136/1062
f 1182/1143/1069 1175/1136/1062 1183/1144/1070
f 1183/1144/1070 1175/1136/1062 1176/1137/1063
f 1183/1144/1070 1176/1137/1063 1184/1145/1071
f 1184/1145/1071 1176/1137/1063 1177/1138/1064
f 1184/1145/1071 1177/1138/1064 1185/1146/1072
f 1185/1146/1072 1177/1138/1064 1178/1139/1065
f 1185/1146/1072 1178/1139/1065 1186/1147/1073
f 1186/1147/1073 1178/1139/1065 1075/1053/962
f 1186/1147/1073 1075/1053/962 1074/1052/961
f 1096/1066/983 1098/1067/985 1179/1140/1066
f 1179/1140/1066 1098/1067/985 923/907/810
f 1096/1066/983 1179/1140/1066 1180/1141/1067
f 1094/1065/981 1096/1066/983 1180/1141/1067
f 1094/1065/981 1180/1141/1067 1181/1142/1068
f 1092/1064/979 1094/1065/981 1181/1142/1068
f 1092/1064/979 1181/1142/1068 1182/1143/1069
f 979/963/866 1027/1006/914 981/965/868
f 981/965/868 1027/1006/914 1187/1148/1074
f 981/965/868 1187/1148/1074 983/967/870
f 983/967/870 1187/1148/1074 1188/1149/1075
f 983/967/870 1188/1149/1075 985/969/872
f 985/969/872 1188/1149/1075 1189/1150/1076
f 985/969/872 1189/1150/1076 987/971/874
f 987/971/874 1189/1150/1076 1190/1151/1077
f 987/971/874 1190/1151/1077 989/973/876
f 989/973/876 1190/1151/1077 1191/1152/1078
f 989/973/876 1191/1152/1078 991/975/878
f 991/975/878 1191/1152/1078 1192/1153/1079
f 991/975/878 1192/1153/1079 993/977/880
f 993/977/880 1192/1153/1079 1193/1154/1080
f 993/977/880 1193/1154/1080 995/979/882
f 995/979/882 1193/1154/1080 998/980/885
f 1092/1064/979 1182/1143/1069 1090/1063/977
f 1090/1063/977 1182/1143/1069 1183/1144/1070
f 1090/1063/977 1183/1144/1070 1088/1062/975
f 1088/1062/975 1183/1144/1070 1184/1145/1071
f 1088/1062/975 1184/1145/1071 1085/1061/972
f 1085/1061/972 1184/1145/1071 1185/1146/1072
f 1085/1061/972 1185/1146/1072 1083/1060/970
f 1083/1060/970 1185/1146/1072 1186/1147/1073
f 1083/1060/970 1186/1147/1073 1081/1059/968
f 1081/1059/968 1186/1147/1073 1074/1052/961
f 1081/1059/968 1074/1052/961 1073/1051/960
f 1027/1006/914 1024/1003/911 1187/1148/1074
f 1187/1148/1074 1024/1003/911 1022/1001/909
f 1187/1148/1074 1022/1001/909 1188/1149/1075
f 1188/1149/1075 1022/1001/909 1020/999/907
f 1188/1149/1075 1020/999/907 1189/1150/1076
f 1189/1150/1076 1020/999/907 1018/997/905
f 1189/1150/1076 1018/997/905 1190/1151/1077
f 1190/1151/1077 1018/997/905 1016/995/903
f 1190/1151/1077 1016/995/903 1191/1152/1078
f 1191/1152/1078 1016/995/903 1014/993/901
f 1191/1152/1078 1014/993/901 1192/1153/1079
f 1192/1153/1079 1014/993/901 1012/991/899
f 1192/1153/1079 1012/991/899 1193/1154/1080
f 1193/1154/1080 1012/991/899 1010/989/897
f 1193/1154/1080 1010/989/897 998/980/885
f 998/980/885 1010/989/897 1008/987/895
f 998/980/885 1008/987/895 1000/981/887
f 1000/981/887 1008/987/895 1006/985/893
f 1000/981/887 1006/985/893 1002/982/889
f 1069/1048/956 1067/1046/954 1194/1155/1081
f 1194/1155/1081 1067/1046/954 1065/1044/952
f 1194/1155/1081 1065/1044/952 1195/1156/1082
f 1195/1156/1082 1065/1044/952 1063/1042/950
f 1195/1156/1082 1063/1042/950 1061/1040/948
f 1042/1021/929 1069/1048/956 1196/1157/1083
f 1196/1157/1083 1069/1048/956 1194/1155/1081
f 1196/1157/1083 1194/1155/1081 1197/1158/1084
f 1197/1158/1084 1194/1155/1081 1195/1156/1082
f 1197/1158/1084 1195/1156/1082 1198/1159/1085
f 1198/1159/1085 1195/1156/1082 1061/1040/948
f 1198/1159/1085 1061/1040/948 1057/1036/944
f 1197/1158/1084 1199/1160/1086 1196/1157/1083
f 1196/1157/1083 1199/1160/1086 1043/1022/930
f 1196/1157/1083 1043/1022/930 1042/1021/929
f 1043/1022/930 1199/1160/1086 1044/1023/931
f 1044/1023/931 1199/1160/1086 1200/1161/1087
f 1044/1023/931 1200/1161/1087 1045/1024/932
f 1045/1024/932 1200/1161/1087 1201/1162/1088
f 1045/1024/932 1201/1162/1088 1046/1025/933
f 1046/1025/933 1201/1162/1088 1049/1028/936
f 1046/1025/933 1049/1028/936 1047/1026/934
f 1199/1160/1086 1197/1158/1084 1202/1163/1089
f 1202/1163/1089 1197/1158/1084 1198/1159/1085
f 1202/1163/1089 1198/1159/1085 1203/1164/1090
f 1203/1164/1090 1198/1159/1085 1057/1036/944
f 1203/1164/1090 1057/1036/944 1055/1034/942
f 1199/1160/1086 1202/1163/1089 1200/1161/1087
f 1200/1161/1087 1202/1163/1089 1204/1165/1091
f 1200/1161/1087 1204/1165/1091 1201/1162/1088
f 1201/1162/1088 1204/1165/1091 1051/1030/938
f 1201/1162/1088 1051/1030/938 1049/1028/936
f 1204/1165/1091 1202/1163/1089 1203/1164/1090
f 1055/1034/942 1053/1032/940 1203/1164/1090
f 1203/1164/1090 1053/1032/940 1204/1165/1091
f 1053/1032/940 1051/1030/938 1204/1165/1091
f 1205/1166/1092 1206/1167/1093 1207/1168/1094
f 1207/1168/1094 1206/1167/1093 1208/1169/1095
f 1208/1169/1095 1206/1167/1093 1209/1170/1096
f 1208/1169/1095 1209/1170/1096 1210/1171/1097
f 1210/1171/1097 1209/1170/1096 1211/1172/1098
f 1210/1171/1097 1211/1172/1098 1212/1173/1099
f 1206/1167/1093 1211/1172/1098 1209/1170/1096
f 1212/1173/1099 1213/1174/1100 1210/1171/1097
f 1210/1171/1097 1213/1174/1100 1214/1175/1101
f 1210/1171/1097 1214/1175/1101 1215/1176/1102
f 1215/1176/1102 1214/1175/1101 1216/1177/1103
f 1216/1177/1103 1214/1175/1101 1217/1178/1104
f 1216/1177/1103 1217/1178/1104 1218/1179/1105
f 1218/1179/1105 1217/1178/1104 1219/1180/1106
f 1218/1179/1105 1219/1180/1106 1220/1181/1107
f 1220/1181/1107 1219/1180/1106 1221/1182/1108
f 1220/1181/1107 1221/1182/1108 1222/1183/1109
f 1222/1183/1109 1221/1182/1108 1223/1184/1110
f 1222/1183/1109 1223/1184/1110 1224/1185/1111
f 1224/1185/1111 1223/1184/1110 1225/1186/1112
f 1225/1186/1112 1223/1184/1110 1226/1187/1113
f 1225/1186/1112 1226/1187/1113 1227/1188/1114
f 1213/1174/1100 1228/1189/1115 1214/1175/1101
f 1214/1175/1101 1228/1189/1115 1217/1178/1104
f 1228/1189/1115 1229/1190/1116 1217/1178/1104
f 1217/1178/1104 1229/1190/1116 1219/1180/1106
f 1229/1190/1116 1230/1191/1117 1219/1180/1106
f 1219/1180/1106 1230/1191/1117 1221/1182/1108
f 1230/1191/1117 1231/1192/1118 1221/1182/1108
f 1221/1182/1108 1231/1192/1118 1223/1184/1110
f 1231/1192/1118 1226/1187/1113 1223/1184/1110
f 1215/1176/1102 1208/1169/1095 1210/1171/1097
f 1232/1193/1119 1233/1194/1120 1234/1195/1121
f 1234/1195/1121 1233/1194/1120 1235/1196/1094
f 1234/1195/1121 1235/1196/1094 1236/1197/1122
f 1234/1195/1121 1236/1197/1122 1237/1198/1123
f 1237/1198/1123 1236/1197/1122 1238/1199/1124
f 1237/1198/1123 1238/1199/1124 1239/1200/1125
f 1239/1200/1125 1238/1199/1124 1240/1201/1126
f 1239/1200/1125 1240/1201/1126 1241/1202/1127
f 1241/1202/1127 1240/1201/1126 1242/1203/1128
f 1241/1202/1127 1242/1203/1128 1243/1204/1129
f 1243/1204/1129 1242/1203/1128 1244/1205/1130
f 1243/1204/1129 1244/1205/1130 1245/1206/1131
f 1245/1206/1131 1244/1205/1130 1246/1207/1132
f 1245/1206/1131 1246/1207/1132 1247/1208/1133
f 1247/1208/1133 1246/1207/1132 1248/1209/1134
f 1247/1208/1133 1248/1209/1134 1249/1210/1135
f 1249/1210/1135 1250/1211/1136 1247/1208/1133
f 1247/1208/1133 1250/1211/1136 1251/1212/1137
f 1247/1208/1133 1251/1212/1137 1252/1213/1138
f 1247/1208/1133 1252/1213/1138 1245/1206/1131
f 1245/1206/1131 1252/1213/1138 1253/1214/1139
f 1245/1206/1131 1253/1214/1139 1243/1204/1129
f 1243/1204/1129 1253/1214/1139 1254/1215/1140
f 1243/1204/1129 1254/1215/1140 1241/1202/1127
f 1241/1202/1127 1254/1215/1140 1255/1216/1141
f 1241/1202/1127 1255/1216/1141 1239/1200/1125
f 1239/1200/1125 1255/1216/1141 1256/1217/1142
f 1239/1200/1125 1256/1217/1142 1237/1198/1123
f 1237/1198/1123 1256/1217/1142 1232/1193/1119
f 1237/1198/1123 1232/1193/1119 1234/1195/1121
f 1257/1218/1143 1258/1219/1144 1259/1220/1145
f 1259/1220/1145 1258/1219/1144 1260/1221/1146
f 1259/1220/1145 1260/1221/1146 1261/1222/1147
f 1261/1222/1147 1260/1221/1146 1262/1223/1148
f 1261/1222/1147 1262/1223/1148 1263/1224/1149
f 1263/1224/1149 1262/1223/1148 1264/1225/1150
f 1263/1224/1149 1264/1225/1150 1265/1226/1151
f 1265/1226/1151 1264/1225/1150 1266/1227/1152
f 1265/1226/1151 1266/1227/1152 1267/1228/1153
f 1267/1228/1153 1266/1227/1152 1268/1229/1154
f 1267/1228/1153 1268/1229/1154 1269/1230/1155
f 1269/1230/1155 1268/1229/1154 1270/1231/1156
f 1269/1230/1155 1270/1231/1156 1271/1232/1157
f 1271/1232/1157 1270/1231/1156 1272/1233/1158
f 1272/1233/1158 1270/1231/1156 1273/1234/1159
f 1272/1233/1158 1273/1234/1159 1274/1235/1160
f 1274/1235/1160 1273/1234/1159 1275/1236/1161
f 1275/1236/1161 1273/1234/1159 1276/1237/958
f 1276/1237/958 1273/1234/1159 1277/1238/1162
f 1277/1238/1162 1273/1234/1159 1270/1231/1156
f 1277/1238/1162 1270/1231/1156 1278/1239/1163
f 1278/1239/1163 1270/1231/1156 1268/1229/1154
f 1278/1239/1163 1268/1229/1154 1279/1240/1164
f 1279/1240/1164 1268/1229/1154 1266/1227/1152
f 1279/1240/1164 1266/1227/1152 1280/1241/1165
f 1280/1241/1165 1266/1227/1152 1264/1225/1150
f 1280/1241/1165 1264/1225/1150 1281/1242/1166
f 1281/1242/1166 1264/1225/1150 1262/1223/1148
f 1281/1242/1166 1262/1223/1148 1282/1243/1167
f 1282/1243/1167 1262/1223/1148 1260/1221/1146
f 1282/1243/1167 1260/1221/1146 1283/1244/1168
f 1283/1244/1168 1260/1221/1146 1258/1219/1144
f 1284/1245/1161 1285/1246/1120 1286/1247/1160
f 1286/1247/1160 1285/1246/1120 1287/1248/1169
f 1286/1247/1160 1287/1248/1169 1288/1249/1158
f 1288/1249/1158 1287/1248/1169 1289/1250/1170
f 1288/1249/1158 1289/1250/1170 1290/1251/1157
f 1290/1251/1157 1289/1250/1170 1291/1252/1155
f 1291/1252/1155 1289/1250/1170 1292/1253/1171
f 1291/1252/1155 1292/1253/1171 1293/1254/1153
f 1293/1254/1153 1292/1253/1171 1294/1255/1172
f 1293/1254/1153 1294/1255/1172 1295/1256/1151
f 1295/1256/1151 1294/1255/1172 1296/1257/1173
f 1295/1256/1151 1296/1257/1173 1297/1258/1149
f 1297/1258/1149 1296/1257/1173 1298/1259/1174
f 1297/1258/1149 1298/1259/1174 1299/1260/1147
f 1299/1260/1147 1298/1259/1174 1300/1261/1175
f 1299/1260/1147 1300/1261/1175 1301/1262/1145
f 1301/1262/1145 1300/1261/1175 1302/1263/1143
f 1302/1263/1143 1300/1261/1175 1303/1264/1176
f 1303/1264/1176 1300/1261/1175 1304/1265/1177
f 1304/1265/1177 1300/1261/1175 1305/1266/1178
f 1305/1266/1178 1300/1261/1175 1298/1259/1174
f 1305/1266/1178 1298/1259/1174 1306/1267/1179
f 1306/1267/1179 1298/1259/1174 1296/1257/1173
f 1306/1267/1179 1296/1257/1173 1307/1268/1180
f 1307/1268/1180 1296/1257/1173 1294/1255/1172
f 1307/1268/1180 1294/1255/1172 1308/1269/1181
f 1308/1269/1181 1294/1255/1172 1292/1253/1171
f 1308/1269/1181 1292/1253/1171 1309/1270/1182
f 1309/1270/1182 1292/1253/1171 1289/1250/1170
f 1309/1270/1182 1289/1250/1170 1310/1271/1183
f 1310/1271/1183 1289/1250/1170 1287/1248/1169
f 1310/1271/1183 1287/1248/1169 1285/1246/1120
f 1311/1272/761 1312/1273/763 1313/1274/1092
f 1313/1274/1092 1312/1273/763 1314/1275/1093
f 1314/1275/1093 1312/1273/763 1315/1276/1184
f 1314/1275/1093 1315/1276/1184 1316/1277/1098
f 1316/1277/1098 1315/1276/1184 1317/1278/1185
f 1316/1277/1098 1317/1278/1185 1318/1279/1099
f 1318/1279/1099 1317/1278/1185 1319/1280/1100
f 1319/1280/1100 1317/1278/1185 1320/1281/1186
f 1319/1280/1100 1320/1281/1186 1321/1282/1115
f 1321/1282/1115 1320/1281/1186 1322/1283/1187
f 1321/1282/1115 1322/1283/1187 1323/1284/1116
f 1323/1284/1116 1322/1283/1187 1324/1285/1188
f 1323/1284/1116 1324/1285/1188 1325/1286/1117
f 1325/1286/1117 1324/1285/1188 1326/1287/1189
f 1325/1286/1117 1326/1287/1189 1327/1288/1118
f 1327/1288/1118 1326/1287/1189 1328/1289/1190
f 1327/1288/1118 1328/1289/1190 1329/1290/1113
f 1329/1290/1113 1328/1289/1190 1330/1291/1114
f 1330/1291/1114 1328/1289/1190 1331/1292/1191
f 1330/1291/1114 1331/1292/1191 1332/1293/1192
f 1312/1273/763 1333/1294/1193 1315/1276/1184
f 1315/1276/1184 1333/1294/1193 1334/1295/1194
f 1315/1276/1184 1334/1295/1194 1317/1278/1185
f 1317/1278/1185 1334/1295/1194 1335/1296/1195
f 1317/1278/1185 1335/1296/1195 1320/1281/1186
f 1320/1281/1186 1335/1296/1195 1336/1297/1196
f 1320/1281/1186 1336/1297/1196 1322/1283/1187
f 1322/1283/1187 1336/1297/1196 1337/1298/1197
f 1322/1283/1187 1337/1298/1197 1324/1285/1188
f 1324/1285/1188 1337/1298/1197 1338/1299/1198
f 1324/1285/1188 1338/1299/1198 1326/1287/1189
f 1326/1287/1189 1338/1299/1198 1339/1300/1199
f 1326/1287/1189 1339/1300/1199 1328/1289/1190
f 1328/1289/1190 1339/1300/1199 1331/1292/1191
f 1340/1301/782 1341/1302/1200 1342/1303/783
f 1342/1303/783 1341/1302/1200 1343/1304/1201
f 1342/1303/783 1343/1304/1201 1344/1305/1202
f 1340/1301/782 1345/1306/1005 1341/1302/1200
f 1341/1302/1200 1345/1306/1005 1346/1307/1203
f 1341/1302/1200 1346/1307/1203 1347/1308/1204
f 1347/1308/1204 1346/1307/1203 1348/1309/1205
f 1348/1309/1205 1346/1307/1203 1349/1310/1206
f 1348/1309/1205 1349/1310/1206 1350/1311/1207
f 1350/1311/1207 1349/1310/1206 1351/1312/1208
f 1350/1311/1207 1351/1312/1208 1352/1313/1209
f 1352/1313/1209 1351/1312/1208 1353/1314/999
f 1352/1313/1209 1353/1314/999 1354/1315/997
f 1345/1306/1005 1355/1316/1003 1346/1307/1203
f 1346/1307/1203 1355/1316/1003 1349/1310/1206
f 1355/1316/1003 1356/1317/1001 1349/1310/1206
f 1349/1310/1206 1356/1317/1001 1351/1312/1208
f 1356/1317/1001 1353/1314/999 1351/1312/1208
f 1352/1313/1209 1354/1315/997 1357/1318/1210
f 1357/1318/1210 1354/1315/997 1358/1319/988
f 1357/1318/1210 1358/1319/988 1359/1320/1211
f 1359/1320/1211 1358/1319/988 1360/1321/802
f 1359/1320/1211 1360/1321/802 1361/1322/1212
f 1361/1322/1212 1360/1321/802 1362/1323/803
f 1361/1322/1212 1362/1323/803 1363/1324/1213
f 1363/1324/1213 1362/1323/803 1364/1325/805
f 1363/1324/1213 1364/1325/805 1365/1326/806
f 1363/1324/1213 1365/1326/806 1366/1327/1214
f 1366/1327/1214 1365/1326/806 1367/1328/987
f 1366/1327/1214 1367/1328/987 1368/1329/1215
f 1368/1329/1215 1367/1328/987 1369/1330/986
f 1368/1329/1215 1369/1330/986 1370/1331/1216
f 1370/1331/1216 1369/1330/986 1371/1332/984
f 1370/1331/1216 1371/1332/984 1372/1333/982
f 1370/1331/1216 1372/1333/982 1373/1334/1217
f 1373/1334/1217 1372/1333/982 1374/1335/980
f 1373/1334/1217 1374/1335/980 1375/1336/1218
f 1375/1336/1218 1374/1335/980 1376/1337/978
f 1375/1336/1218 1376/1337/978 1377/1338/1219
f 1377/1338/1219 1376/1337/978 1378/1339/976
f 1377/1338/1219 1378/1339/976 1379/1340/974
f 1377/1338/1219 1379/1340/974 1380/1341/1220
f 1380/1341/1220 1379/1340/974 1381/1342/973
f 1380/1341/1220 1381/1342/973 1382/1343/1221
f 1382/1343/1221 1381/1342/973 1383/1344/971
f 1382/1343/1221 1383/1344/971 1384/1345/1222
f 1384/1345/1222 1383/1344/971 1385/1346/969
f 1384/1345/1222 1385/1346/969 1386/1347/1223
f 1386/1347/1223 1385/1346/969 1387/1348/959
f 1386/1347/1223 1387/1348/959 1388/1349/1224
f 1388/1349/1224 1387/1348/959 1389/1350/883
f 1388/1349/1224 1389/1350/883 1390/1351/1225
f 1390/1351/1225 1389/1350/883 1391/1352/884
f 1390/1351/1225 1391/1352/884 1392/1353/1226
f 1392/1353/1226 1391/1352/884 1393/1354/886
f 1392/1353/1226 1393/1354/886 1394/1355/888
f 1392/1353/1226 1394/1355/888 1395/1356/1227
f 1395/1356/1227 1394/1355/888 1396/1357/890
f 1395/1356/1227 1396/1357/890 1397/1358/1228
f 1397/1358/1228 1398/1359/1229 1395/1356/1227
f 1395/1356/1227 1398/1359/1229 1392/1353/1226
f 1398/1359/1229 1399/1360/1230 1392/1353/1226
f 1392/1353/1226 1399/1360/1230 1390/1351/1225
f 1399/1360/1230 1400/1361/1231 1390/1351/1225
f 1390/1351/1225 1400/1361/1231 1388/1349/1224
f 1400/1361/1231 1401/1362/1232 1388/1349/1224
f 1388/1349/1224 1401/1362/1232 1386/1347/1223
f 1401/1362/1232 1402/1363/1233 1386/1347/1223
f 1386/1347/1223 1402/1363/1233 1384/1345/1222
f 1402/1363/1233 1403/1364/1234 1384/1345/1222
f 1384/1345/1222 1403/1364/1234 1382/1343/1221
f 1403/1364/1234 1404/1365/1235 1382/1343/1221
f 1382/1343/1221 1404/1365/1235 1380/1341/1220
f 1404/1365/1235 1405/1366/1236 1380/1341/1220
f 1380/1341/1220 1405/1366/1236 1377/1338/1219
f 1405/1366/1236 1406/1367/1237 1377/1338/1219
f 1377/1338/1219 1406/1367/1237 1375/1336/1218
f 1406/1367/1237 1407/1368/1238 1375/1336/1218
f 1375/1336/1218 1407/1368/1238 1373/1334/1217
f 1407/1368/1238 1408/1369/1239 1373/1334/1217
f 1373/1334/1217 1408/1369/1239 1409/1370/1240
f 1373/1334/1217 1409/1370/1240 1370/1331/1216
f 1370/1331/1216 1409/1370/1240 1410/1371/1241
f 1370/1331/1216 1410/1371/1241 1368/1329/1215
f 1368/1329/1215 1410/1371/1241 1366/1327/1214
f 1410/1371/1241 1411/1372/1242 1366/1327/1214
f 1366/1327/1214 1411/1372/1242 1363/1324/1213
f 1411/1372/1242 1412/1373/1243 1363/1324/1213
f 1363/1324/1213 1412/1373/1243 1361/1322/1212
f 1412/1373/1243 1413/1374/1244 1361/1322/1212
f 1361/1322/1212 1413/1374/1244 1414/1375/1245
f 1361/1322/1212 1414/1375/1245 1359/1320/1211
f 1359/1320/1211 1414/1375/1245 1415/1376/1246
f 1359/1320/1211 1415/1376/1246 1357/1318/1210
f 1357/1318/1210 1415/1376/1246 1416/1377/1247
f 1357/1318/1210 1416/1377/1247 1352/1313/1209
f 1352/1313/1209 1416/1377/1247 1350/1311/1207
f 1347/1308/1204 1343/1304/1201 1341/1302/1200
f 1417/1378/1248 1418/1379/1114 1419/1380/1249
f 1419/1380/1249 1418/1379/1114 1420/1381/1192
f 1419/1380/1249 1420/1381/1192 1421/1382/1250
f 1421/1382/1250 1417/1378/1248 1419/1380/1249
f 1422/1383/1251 1423/1384/1112 1424/1385/1252
f 1424/1385/1252 1423/1384/1112 1425/1386/1114
f 1424/1385/1252 1425/1386/1114 1426/1387/1248
f 1426/1387/1248 1422/1383/1251 1424/1385/1252
f 1427/576/761 1428/589/1092 1429/1388/1253
f 1429/1388/1253 1428/589/1092 1430/554/1094
f 1429/1388/1253 1430/554/1094 1431/555/1120
f 1431/555/1120 1432/557/1161 1429/1388/1253
f 1429/1388/1253 1432/557/1161 1433/558/958
f 1429/1388/1253 1433/558/958 1434/1389/862
f 1434/1389/862 1433/558/958 1435/1390/864
f 1435/1390/864 1433/558/958 1436/1391/915
f 1436/1391/915 1433/558/958 1437/1392/913
f 1437/1392/913 1433/558/958 1438/1393/912
f 1438/1393/912 1433/558/958 1439/1394/945
f 1438/1393/912 1439/1394/945 1440/1395/946
f 1440/1395/946 1441/1396/947 1438/1393/912
f 1438/1393/912 1441/1396/947 1442/1397/916
f 1442/1397/916 1441/1396/947 1443/1398/926
f 1443/1398/926 1441/1396/947 1444/1399/949
f 1443/1398/926 1444/1399/949 1445/1400/951
f 1446/1401/953 1447/1402/957 1445/1400/951
f 1445/1400/951 1447/1402/957 1443/1398/926
f 1429/1388/1253 1434/1389/862 1427/576/761
f 1427/576/761 1434/1389/862 1448/1403/826
f 1427/576/761 1448/1403/826 1449/1404/825
f 1449/1404/825 1450/1405/860 1427/576/761
f 1427/576/761 1450/1405/860 1451/1406/859
f 1427/576/761 1451/1406/859 1452/1407/857
f 1427/576/761 1452/1407/857 1453/1408/762
f 1453/1408/762 1452/1407/857 1454/1409/855
f 1453/1408/762 1454/1409/855 1455/1410/784
f 1455/1410/784 1454/1409/855 1456/1411/853
f 1455/1410/784 1456/1411/853 1457/1412/827
f 1457/1412/827 1456/1411/853 1458/1413/851
f 1457/1412/827 1458/1413/851 1459/1414/836
f 1459/1414/836 1458/1413/851 1460/1415/849
f 1459/1414/836 1460/1415/849 1461/1416/846
f 1461/1416/846 1460/1415/849 1462/1417/847
f 1463/1418/1254 1464/1419/1143 1465/1385/1255
f 1465/1385/1255 1464/1419/1143 1466/1386/1176
f 1465/1385/1255 1466/1386/1176 1467/1387/1256
f 1467/1387/1256 1463/1418/1254 1465/1385/1255
f 1468/1420/1257 1469/1421/1144 1470/1380/1258
f 1470/1380/1258 1469/1421/1144 1471/1422/1143
f 1470/1380/1258 1471/1422/1143 1472/1382/1254
f 1472/1382/1254 1468/1420/1257 1470/1380/1258
f 1473/1423/1259 1474/1424/1136 1475/1425/1260
f 1475/1425/1260 1474/1424/1136 1476/1426/1135
f 1475/1425/1260 1476/1426/1135 1477/1427/1261
f 1477/1427/1261 1473/1423/1259 1475/1425/1260
f 1478/600/1262 1479/601/1263 1480/602/1264
f 1480/602/1264 1479/601/1263 1481/603/1263
f 1480/602/1264 1481/603/1263 1482/604/1265
f 1480/602/1264 1482/604/1265 1483/1428/1263
f 1483/1428/1263 1482/604/1265 1484/606/1266
f 1483/1428/1263 1484/606/1266 1485/607/1267
f 1485/607/1267 1484/606/1266 1486/608/1268
f 1486/608/1268 1484/606/1266 1487/609/1269
f 1487/609/1269 1484/606/1266 1488/610/1270
f 1488/610/1270 1484/606/1266 1489/611/1271
f 1488/610/1270 1489/611/1271 1490/612/1272
f 1490/612/1272 1489/611/1271 1491/613/1273
f 1490/612/1272 1491/613/1273 1492/614/1274
f 1492/614/1274 1491/613/1273 1493/615/1275
f 1492/614/1274 1493/615/1275 1494/616/1276
f 1494/616/1276 1493/615/1275 1495/617/1277
f 1496/618/1278 1497/619/1279 1483/1428/1263
f 1483/1428/1263 1497/619/1279 1478/600/1262
f 1483/1428/1263 1478/600/1262 1480/602/1264
f 1496/618/1278 1498/620/1280 1497/619/1279
f 1497/619/1279 1498/620/1280 1499/621/1281
f 1497/619/1279 1499/621/1281 1500/622/1282
f 1497/619/1279 1500/622/1282 1501/623/1283
f 1501/623/1283 1500/622/1282 1502/624/1284
f 1501/623/1283 1502/624/1284 1503/625/1285
f 1503/625/1285 1502/624/1284 1504/626/1286
f 1503/625/1285 1504/626/1286 1505/627/1287
f 1505/627/1287 1504/626/1286 1506/628/1288
f 1505/627/1287 1506/628/1288 1507/629/1289
# Vertices: 1507, normals: 1289, texture coordinates: 1428, faces: 2160

o obj2
v -0.00689786 0.11437999 0.00499668
v -0.00689786 0.11437999 -0.00499665
v -0 0.11437999 2E-08
v 0.00689786 0.11437999 -0.00499665
v 0.00689786 0.11437999 0.00499668
v -0.01230915 0.26895886 0.00769489
v -0.00689786 0.11437999 0.00499668
v 0 0.19166943 0.00634578
v 0.00689786 0.11437999 0.00499668
v 0.01230915 0.26895886 0.00769489
v 0.01230915 0.26895886 0.00769489
v 0.00689786 0.11437999 0.00499668
v 0.0096035 0.19166943 3E-08
v 0.00689786 0.11437999 -0.00499665
v 0.01230915 0.26895887 -0.00769481
v 0.01230915 0.26895887 -0.00769481
v 0.00689786 0.11437999 -0.00499665
v -0 0.19166943 -0.00634573
v -0.00689786 0.11437999 -0.00499665
v -0.01230915 0.26895887 -0.00769481
v -0.01230915 0.26895887 -0.00769481
v -0.00689786 0.11437999 -0.00499665
v -0.0096035 0.19166943 3E-08
v -0.00689786 0.11437999 0.00499668
v -0.01230915 0.26895886 0.00769489
v -0.01230915 0.26895887 -0.00769481
v -0.01230915 0.26895886 0.00769489
v 0 0.26895886 4E-08
v 0.01230915 0.26895886 0.00769489
v 0.01230915 0.26895887 -0.00769481
vn 0 0 1
vn 0 0 1
vn 0 0.99985 0.01745
vn 0 0.99985 0.01745
vn 0 0.99985 0.01745
vn 0.99939 0 0.03499
vn 0.99939 0 0.03499
vn 0.99939 0 0.03499
vn 0 -0.99985 0.01745
vn 0 -0.99985 0.01745
vn 0 -0.99985 0.01745
vn -0.99939 0 0.03499
vn -0.99939 0 0.03499
vn -0.99939 0 0.03499
vn 0 0 -1
vn 0 0 -1
vt -0.49967 -0.68979
vt 0.49967 -0.68979
vt 0 0
vt 0.49967 0.68979
vt -0.49967 0.68979
vt -1.23091 13.40071
vt -0.68979 -2.05953
vt 0 5.67059
vt 0.68979 -2.05953
vt 1.23091 13.40071
vt 22.42021 0.76949
vt 6.95286 0.49967
vt 14.68654 0
vt 6.95286 -0.49967
vt 22.42021 -0.76949
vt 0 5.67059
vt -0.00175 -0.76949
vt 15.46561 -0.49967
vt 7.73193 0
vt 15.46561 0.49967
vt -0.00175 0.76949
vt 2.4118 -0.76949
vt 2.4118 0.76949
vt 1.18088 0
vt -0.05003 0.76949
vt -0.05003 -0.76949
usemtl mat1
f 1508/1429/1290 1509/1430/1290 1510/1431/1291
f 1510/1431/1291 1509/1430/1290 1511/1432/1290
f 1510/1431/1291 1511/1432/1290 1512/1433/1290
f 1512/1433/1290 1508/1429/1290 1510/1431/1291
f 1513/1434/1292 1514/1435/1293 1515/1436/1294
f 1515/1436/1294 1514/1435/1293 1516/1437/1293
f 1515/1436/1294 1516/1437/1293 1517/1438/1292
f 1517/1438/1292 1513/1434/1292 1515/1436/1294
f 1518/1439/1295 1519/1440/1296 1520/1441/1297
f 1520/1441/1297 1519/1440/1296 1521/1442/1296
f 1520/1441/1297 1521/1442/1296 1522/1443/1295
f 1522/1443/1295 1518/1439/1295 1520/1441/1297
f 1523/1434/1298 1524/1435/1299 1525/1444/1300
f 1525/1444/1300 1524/1435/1299 1526/1437/1299
f 1525/1444/1300 1526/1437/1299 1527/1438/1298
f 1527/1438/1298 1523/1434/1298 1525/1444/1300
f 1528/1445/1301 1529/1446/1302 1530/1447/1303
f 1530/1447/1303 1529/1446/1302 1531/1448/1302
f 1530/1447/1303 1531/1448/1302 1532/1449/1301
f 1532/1449/1301 1528/1445/1301 1530/1447/1303
f 1533/1450/1304 1534/1451/1304 1535/1452/1305
f 1535/1452/1305 1534/1451/1304 1536/1453/1304
f 1535/1452/1305 1536/1453/1304 1537/1454/1304
f 1537/1454/1304 1533/1450/1304 1535/1452/1305
# Vertices: 30, normals: 16, texture coordinates: 26, faces: 24

o obj3
v -0.00236652 0.01401358 -0.00624522
v -0.00248542 0.01470608 -0.00625731
v -0.00240554 0.01416952 -0.00659799
v -0.00248542 0.01469386 -0.0069572
v -0.00240554 0.01416647 -0.00677297
v -0.00236652 0.01400136 -0.00694511
v -0.00213109 0.01335036 -0.00675872
v -0.00213109 0.01334731 -0.0069337
v -0.00184233 0.01283908 -0.00692483
v -0.00184233 0.01284213 -0.00674985
v -0.00145643 0.01238635 -0.00691692
v -0.00145643 0.01238941 -0.00674195
v -0.00124703 0.01221063 -0.00673883
v -0.00145643 0.01239246 -0.00656698
v -0.00124703 0.01221368 -0.00656386
v -0.00145643 0.01239857 -0.00621703
v -0.00112925 0.01213565 -0.00621244
v -0.00100228 0.01205071 -0.00656101
v -0.00071933 0.01192052 -0.00620868
v -0.00071933 0.01191441 -0.00655863
v -0.00035591 0.01180972 -0.0065568
v -0.00035591 0.01180667 -0.00673178
v 3.841E-05 0.01177349 -0.0067312
v 3.841E-05 0.01177044 -0.00690617
v 0.00040895 0.01181425 -0.00690694
v -0.00112925 0.01212343 -0.00691233
v -0.00100228 0.01204765 -0.00673598
v -0.00071933 0.0119083 -0.00690858
v -0.00071933 0.01191135 -0.00673361
v -0.00035591 0.01180361 -0.00690675
v 0.00040895 0.0118173 -0.00673196
v 0.00075514 0.01192279 -0.00690883
v 0.00075514 0.01192585 -0.00673386
v 0.00111274 0.01211266 -0.00691215
v 0.00111274 0.01211571 -0.00673717
v 0.00141126 0.01234444 -0.00691619
v 0.00141126 0.01234749 -0.00674122
v 0.00168805 0.01263532 -0.00692127
v 0.00168805 0.01263837 -0.00674629
v 0.00190919 0.01294106 -0.0069266
v 0.00190919 0.01294412 -0.00675163
v 0.00219933 0.01350215 -0.0069364
v 0.00219933 0.0135052 -0.00676143
v 0.00239507 0.0141201 -0.00694718
v 0.00239507 0.01412316 -0.00677221
v 0.00245264 0.01442283 -0.00677744
v 0.00239507 0.01412621 -0.00659724
v 0.00245264 0.01442588 -0.00660247
v 0.00239507 0.01413232 -0.00624729
v 0.0025 0.01504929 -0.0062633
v 0.0025 0.01503707 -0.00696319
v 0.00219933 0.01351436 -0.00623651
v 0.00219933 0.01350825 -0.00658645
v 0.00190919 0.01295328 -0.00622671
v 0.00190919 0.01294717 -0.00657666
v 0.00168805 0.01264753 -0.00622137
v 0.00168805 0.01264143 -0.00657132
v 0.00141126 0.01235666 -0.0062163
v 0.00141126 0.01235055 -0.00656624
v 0.00111274 0.01212488 -0.00621225
v 0.00111274 0.01211877 -0.0065622
v 0.00075514 0.01193501 -0.00620894
v 0.00075514 0.0119289 -0.00655888
v 0.00040895 0.01182647 -0.00620704
v 0.00040895 0.01182036 -0.00655699
v 3.841E-05 0.01178266 -0.00620628
v 3.841E-05 0.01177655 -0.00655623
v -0.00035591 0.01181583 -0.00620686
v -0.00184233 0.01285129 -0.00622493
v -0.00184233 0.01284518 -0.00657488
v -0.00213109 0.01335952 -0.0062338
v -0.00213109 0.01335341 -0.00658375
v -0.0015 -0.01798619 -0
v -0.0015 -0.01793147 -0.00088865
v -0.00147496 -0.01825913 -0
v -0.00148056 -0.01814099 -0.00109234
v -0.00142402 -0.01836776 -0.00112529
v -0.00148056 -0.01790252 -0.00217439
v -0.00142402 -0.01812216 -0.00223882
v -0.00148056 -0.01750943 -0.00323594
v -0.00142402 -0.01771835 -0.00332953
v -0.00142402 -0.01716086 -0.00438634
v -0.00133302 -0.01734693 -0.00450012
v -0.00133302 -0.0166266 -0.00553384
v -0.00121022 -0.01678527 -0.00565849
v -0.00121022 -0.01590927 -0.00665383
v -0.00105826 -0.01603793 -0.00677947
v -0.00105826 -0.01501627 -0.00772347
v -0.00087982 -0.01511419 -0.0078402
v -0.00087982 -0.0139588 -0.00872148
v -0.00067862 -0.01402775 -0.00882089
v -0.00067862 -0.01230385 -0.00988087
v -0.00046025 -0.01234582 -0.00995845
v -0.00046025 -0.01044195 -0.0108703
v -0.00017748 -0.01046573 -0.01092712
v -0.00017748 -0.00841107 -0.01167683
v 0.00011189 -0.00841354 -0.01168464
v 0.00011189 -0.00624012 -0.01226061
v 0.00048063 -0.00622438 -0.0121895
v 0.00048063 -0.00396993 -0.01258739
v 0.00081911 -0.00394762 -0.01242424
v 0.00081911 -0.00165136 -0.01264294
v 0.00110415 -0.00163763 -0.01239877
v 0.00110415 0.00066213 -0.01243907
v 0.00131974 0.00065515 -0.01213181
v 0.00131974 0.00292095 -0.01199581
v 0.00145328 0.00288614 -0.01165529
v 0.00145328 0.00480982 -0.01139426
v 0.0015 0.00501639 -0.01099084
v 0.00145328 0.00667874 -0.01099874
v 0.0015 0.00713372 -0.0105041
v 0.00145328 0.00847202 -0.01047442
v 0.0015 0.00913962 -0.00985234
v 0.00145328 0.01016922 -0.00982929
v 0.0015 0.01093393 -0.00908171
v 0.00145328 0.01174996 -0.00907133
v 0.0015 0.01271977 -0.00808599
v 0.00145328 0.01319603 -0.00820875
v 0.0015 0.01428424 -0.00695005
v 0.00145328 0.01449182 -0.00725002
v 0.00146428 0.01477547 -0.00695862
v 0.00135586 0.01523929 -0.00696672
v 0.00131974 0.01471017 -0.00751383
v 0.00118939 0.01562957 -0.00697353
v 0.00110415 0.01490614 -0.00775048
v 0.00096912 0.01595429 -0.0069792
v 0.00081911 0.01506197 -0.00793873
v 0.00076624 0.01615501 -0.0069827
v 0.00048063 0.01516686 -0.00806556
v 0.000528 0.01631245 -0.00698545
v 0.00031496 0.01639802 -0.00698695
v 0.00011189 0.01521327 -0.00812172
v -0.00012667 0.01643631 -0.00698761
v -0.00017748 0.01520802 -0.0081154
v -0.00033823 0.01639093 -0.00698682
v -0.00046025 0.01516872 -0.00806789
v -0.00055333 0.01629903 -0.00698522
v -0.00067862 0.01511245 -0.00799987
v -0.00074936 0.01616862 -0.00698294
v -0.00087982 0.01503529 -0.00790659
v -0.00096199 0.01596266 -0.00697935
v -0.00105826 0.01493816 -0.00778918
v -0.00113685 0.01572094 -0.00697513
v -0.00121022 0.01482359 -0.00765069
v -0.00131273 0.01536092 -0.00696884
v -0.00133302 0.01469501 -0.00749528
v -0.00143399 0.01494508 -0.00696159
v -0.00142402 0.01455586 -0.00732711
v -0.00148056 0.01440958 -0.00715036
v -0.00148056 0.01312459 -0.00810101
v -0.0015 0.01428395 -0.00694971
v -0.0015 0.01241837 -0.00827083
v -0.00148056 0.01168907 -0.00895732
v -0.0015 0.01025354 -0.00939531
v -0.00148056 0.01011852 -0.00971044
v -0.00148056 0.00843116 -0.01035188
v -0.00142402 0.01020856 -0.00992141
v -0.00142402 0.00850375 -0.0105694
v -0.00133302 0.01029422 -0.01012212
v -0.00133302 0.00857282 -0.01077634
v -0.00121022 0.01037337 -0.01030761
v -0.00121022 0.00863664 -0.01096759
v -0.00105826 0.01044391 -0.01047289
v -0.00105826 0.00869351 -0.01113801
v -0.00087982 0.01050371 -0.01061301
v -0.00087982 0.00874173 -0.01128248
v -0.00067862 0.01055121 -0.01072433
v -0.00067862 0.00878003 -0.01139727
v -0.00046025 0.01058586 -0.01080551
v -0.00046025 0.00880796 -0.01148096
v -0.00017748 0.01061005 -0.01086221
v -0.00017748 0.00882747 -0.01153943
v 0.00011189 0.01061328 -0.01086976
v 0.00011189 0.00883007 -0.01154721
v 0.00048063 0.01058469 -0.01080275
v 0.00048063 0.00880702 -0.01147813
v 0.00081911 0.0105201 -0.01065141
v 0.00081911 0.00875495 -0.01132208
v 0.00110415 0.0104242 -0.0104267
v 0.00110415 0.00867762 -0.01109039
v 0.00131974 0.01030361 -0.01014418
v 0.00131974 0.00858038 -0.01079909
v -0.0015 -0.01776836 -0.00177215
v -0.0015 -0.01749838 -0.00264499
v -0.0015 -0.01712306 -0.00350166
v -0.00148056 -0.01696529 -0.00426675
v -0.00142402 -0.01645491 -0.00539896
v -0.00133302 -0.01576488 -0.00651285
v -0.00121022 -0.01490076 -0.00758577
v -0.00105826 -0.01387201 -0.00859635
v -0.00087982 -0.01224628 -0.00977448
v -0.00067862 -0.01040791 -0.01078894
v -0.00046025 -0.00839261 -0.01161806
v -0.00017748 -0.00623834 -0.01225261
v 0.00011189 -0.0039798 -0.01265962
v 0.00048063 -0.00166062 -0.0128074
v 0.00081911 0.00066766 -0.01268346
v 0.00110415 0.00295222 -0.01230129
v 0.00131974 0.0048686 -0.01173127
v -0.0015 -0.01664395 -0.00433663
v -0.00148056 -0.01627446 -0.0052572
v -0.00142402 -0.01560864 -0.0063603
v -0.00133302 -0.01477114 -0.00743125
v -0.00121022 -0.01376965 -0.00844875
v -0.00105826 -0.01217383 -0.00964056
v -0.00087982 -0.01036122 -0.01067736
v -0.00067862 -0.00836617 -0.01153393
v -0.00046025 -0.006225 -0.01219243
v -0.00017748 -0.00397869 -0.01265148
v 0.00011189 -0.00166472 -0.01288022
v 0.00048063 0.00067135 -0.01284809
v 0.00081911 0.00297708 -0.01254429
v 0.00110415 0.00492138 -0.01203362
v 0.00131974 0.00676197 -0.0113306
v -0.0015 -0.0160635 -0.00514479
v -0.0015 -0.01538602 -0.00592181
v -0.00148056 -0.01544442 -0.00619996
v -0.0015 -0.01461605 -0.00666345
v -0.00148056 -0.01448344 -0.00708832
v -0.0015 -0.01375812 -0.0073655
v -0.00148056 -0.01339976 -0.00791555
v -0.0015 -0.01281682 -0.00802371
v -0.00148056 -0.01177951 -0.00891197
v -0.0015 -0.01070741 -0.00919247
v -0.00148056 -0.00998265 -0.00977282
v -0.0015 -0.0083402 -0.01013816
v -0.00148056 -0.00803596 -0.01048314
v -0.0015 -0.00577018 -0.01083222
v -0.00148056 -0.00596732 -0.01103018
v -0.00148056 -0.00380887 -0.01140991
v -0.00142402 -0.00383998 -0.01163732
v -0.00142402 -0.00160673 -0.01184971
v -0.00133302 -0.001619 -0.01206781
v -0.00133302 0.00065467 -0.01210778
v -0.00121022 0.00065921 -0.01230953
v -0.00121022 0.00293908 -0.0121725
v -0.00105826 0.00295733 -0.01235125
v -0.00105826 0.00493 -0.01208306
v -0.00087982 0.00495613 -0.01223304
v -0.00087982 0.00688589 -0.0118247
v -0.00067862 0.00691531 -0.01194203
v -0.0015 -0.00306071 -0.01126388
v -0.00148056 -0.00159384 -0.01162047
v -0.00142402 0.00064974 -0.01188948
v -0.00133302 0.00291859 -0.01197191
v -0.00121022 0.00489917 -0.01190616
v -0.00105826 0.00684887 -0.01167702
v -0.0015 -0.00027844 -0.01142926
v -0.00148056 0.00064456 -0.01166003
v -0.00142402 0.00289642 -0.01175485
v -0.00133302 0.00486456 -0.01170763
v -0.00121022 0.0068052 -0.01150282
v -0.0015 0.00251 -0.01132452
v -0.00148056 0.0028731 -0.01152672
v -0.00142402 0.00482711 -0.0114928
v -0.00133302 0.00675619 -0.01130733
v -0.00148056 0.00478774 -0.01126701
v -0.0015 0.00523796 -0.01094582
v -0.00148056 0.0066474 -0.01087346
v -0.0015 0.00783987 -0.01029552
v 8.86E-05 0.01644004 -0.00698768
v 0.00149999 0.00231017 -0.01134682
v 0.00145328 0.00064741 -0.01178933
v 0.00131974 -0.00162037 -0.0120918
v 0.00110415 -0.00391448 -0.01218201
v 0.00081911 -0.00618878 -0.01202886
v 0.00048063 -0.00839175 -0.01161519
v 0.00011189 -0.01046891 -0.01093468
v -0.00017748 -0.01237514 -0.01001263
v -0.00046025 -0.01407802 -0.00889338
v -0.00067862 -0.01519199 -0.00793295
v -0.00087982 -0.01614701 -0.00688597
v -0.00105826 -0.01692666 -0.00576956
v -0.00121022 -0.01751889 -0.00460527
v -0.00133302 -0.01791713 -0.00341859
v -0.00133302 -0.01833113 -0.00230015
v -0.00133302 -0.01858351 -0.00115666
v -0.00139468 -0.01853833 -0
v 0.00149998 -0.00045152 -0.01143476
v 0.00145328 -0.00160112 -0.01174965
v 0.00131974 -0.0038728 -0.01187748
v 0.00110415 -0.00613587 -0.01179037
v 0.00081911 -0.00834248 -0.01145833
v 0.00048063 -0.01044083 -0.01086751
v 0.00011189 -0.01237906 -0.01001983
v -0.00017748 -0.01411314 -0.00894401
v -0.00046025 -0.01524872 -0.00800058
v -0.00067862 -0.01623367 -0.00697059
v -0.00087982 -0.01704652 -0.00586372
v -0.00105826 -0.01767212 -0.00469897
v -0.00121022 -0.01810083 -0.00350091
v -0.00121022 -0.01852425 -0.00235684
v -0.00121022 -0.01878288 -0.00118567
v -0.00125549 -0.018807 -0
v 0.00149997 -0.00320332 -0.0112572
v 0.00145328 -0.00382636 -0.01153804
v 0.00131974 -0.00606933 -0.01149054
v 0.00110415 -0.00826925 -0.01122546
v 0.00081911 -0.01037738 -0.01071581
v 0.00048063 -0.01234443 -0.00995577
v 0.00011189 -0.01411782 -0.00895074
v -0.00017748 -0.01528834 -0.00804781
v -0.00046025 -0.01629686 -0.00703229
v -0.00067862 -0.01714176 -0.00593854
v -0.00087982 -0.01780202 -0.00477841
v -0.00105826 -0.01826453 -0.00357427
v -0.00105826 -0.01869633 -0.00240736
v -0.00105826 -0.01896054 -0.00121152
v -0.00106066 -0.01904685 -0
v 0.00149998 -0.00587986 -0.01081669
v 0.00145328 -0.00599521 -0.01115635
v 0.00131974 -0.00817716 -0.01093269
v 0.00110415 -0.01028308 -0.01049064
v 0.00081911 -0.01226618 -0.00981111
v 0.00048063 -0.01407634 -0.00889088
v 0.00011189 -0.01529362 -0.00805409
v -0.00017748 -0.01634099 -0.00707538
v -0.00046025 -0.01721119 -0.00599309
v -0.00067862 -0.01790523 -0.00484153
v -0.00087982 -0.0184033 -0.00363646
v -0.00087982 -0.01884221 -0.0024502
v -0.00087982 -0.01911115 -0.00123345
v 0.00149999 -0.00796721 -0.01026448
v 0.00145328 -0.00807456 -0.01060636
v 0.00131974 -0.0101645 -0.01020757
v 0.00110415 -0.01214994 -0.00959642
v 0.00081911 -0.01398261 -0.00875571
v 0.00048063 -0.0152468 -0.00799825
v 0.00011189 -0.01634687 -0.00708112
v -0.00017748 -0.0172597 -0.00603119
v -0.00046025 -0.01798048 -0.00488755
v -0.00067862 -0.01851355 -0.00368587
v -0.00067862 -0.01895812 -0.00248424
v -0.00067862 -0.01923081 -0.00125087
v -0.00082081 -0.01924168 -0
v 0.00149999 -0.00942501 -0.00975041
v 0.00145328 -0.01003238 -0.00989202
v 0.00131974 -0.01200376 -0.00932655
v 0.00110415 -0.0138434 -0.00855511
v 0.00081911 -0.01514104 -0.00787215
v 0.00048063 -0.01629471 -0.00703018
v 0.00011189 -0.01726615 -0.00603626
v -0.00017748 -0.01803305 -0.00491969
v -0.00046025 -0.01859394 -0.0037219
v -0.00046025 -0.01904263 -0.00250906
v -0.00046025 -0.01931806 -0.00126357
v -0.00055214 -0.01938087 -0
v 0.0015 -0.01080176 -0.00915121
v 0.00145328 -0.01184088 -0.00902568
v 0.00131974 -0.01366838 -0.00830294
v 0.00110415 -0.01498399 -0.00768499
v 0.00081911 -0.01617689 -0.00691513
v 0.00048063 -0.01720883 -0.00599122
v 0.00011189 -0.01804004 -0.00492396
v -0.00017748 -0.0186501 -0.00374706
v -0.00017748 -0.01910166 -0.00252638
v -0.00017748 -0.01937901 -0.00127243
v -0.00027294 -0.01946114 -0
v 0.0015 -0.01208612 -0.0084735
v 0.00145328 -0.01347332 -0.00802181
v 0.00131974 -0.01478654 -0.00744971
v 0.00110415 -0.01600198 -0.00674435
v 0.00081911 -0.01707935 -0.00588951
v 0.00048063 -0.01797792 -0.00488597
v 0.00048063 -0.01859121 -0.00372063
v 0.00011189 -0.01865757 -0.0037504
v 0.00048063 -0.01903977 -0.00250814
v 0.00011189 -0.01910952 -0.00252867
v 0.00048063 -0.01931512 -0.00126307
v 0.00011189 -0.01938712 -0.0012736
v 0.00027294 -0.01946114 -0
v -0 -0.01948619 -0
v 0.0015 -0.01326678 -0.00772389
v 0.00145328 -0.01456648 -0.00718743
v 0.00131974 -0.01578208 -0.00652966
v 0.00110415 -0.01688715 -0.00573852
v 0.00081911 -0.0178376 -0.00480016
v 0.00081911 -0.01844132 -0.00365344
v 0.00081911 -0.0188822 -0.00246184
v 0.00081911 -0.01915245 -0.00123936
v 0.00055214 -0.01938087 -0
v 0.0015 -0.01433305 -0.00690908
v 0.00145328 -0.01553696 -0.00629034
v 0.00131974 -0.01664552 -0.00554869
v 0.00110415 -0.0176293 -0.00467279
v 0.00110415 -0.01821878 -0.00355377
v 0.00110415 -0.01864824 -0.00239325
v 0.00110415 -0.01891089 -0.00120431
v 0.00106066 -0.01904685 -0
v 0.00082081 -0.01924168 -0
v 0.0015 -0.01527663 -0.00603612
v 0.00145328 -0.01637618 -0.00533709
v 0.00131974 -0.01736743 -0.00451267
v 0.00131974 -0.01793901 -0.00342851
v 0.00131974 -0.01835409 -0.00230709
v 0.00131974 -0.01860718 -0.00116029
v 0.00125549 -0.018807 -0
v 0.0015 -0.01608984 -0.00511214
v 0.00145328 -0.01707553 -0.00433418
v 0.00145328 -0.01762716 -0.00328883
v 0.00145328 -0.01802625 -0.00221094
v 0.00145328 -0.0182687 -0.00111114
v 0.00139468 -0.01853833 -0
v 0.0015 -0.01676503 -0.0041443
v 0.0015 -0.01729537 -0.00314006
v 0.0015 -0.01767742 -0.00210839
v 0.0015 -0.01790856 -0.0010586
v 0.00147496 -0.01825913 -0
v 0.0015 -0.01798619 -0
v -0.00142402 -0.01463087 -0.00726405
v -0.00133302 -0.01365476 -0.00828312
v -0.00121022 -0.01208836 -0.00948261
v -0.00105826 -0.01030246 -0.01053693
v -0.00087982 -0.00832992 -0.01141855
v -0.00067862 -0.0062059 -0.01210627
v -0.00046025 -0.00397033 -0.01259036
v -0.00017748 -0.00166426 -0.01287202
v 0.00011189 0.00067298 -0.01292097
v 0.00048063 0.00299378 -0.01270797
v 0.00081911 0.00496334 -0.01227412
v 0.00110415 0.00683667 -0.01162834
v -0.00142402 -0.01353044 -0.0081039
v -0.00133302 -0.01199243 -0.00930535
v -0.00121022 -0.01023314 -0.01037128
v -0.00105826 -0.0082843 -0.01127333
v -0.00087982 -0.00617971 -0.01198812
v -0.00067862 -0.00395836 -0.01250286
v -0.00046025 -0.00166079 -0.0128104
v -0.00017748 0.00067279 -0.01291276
v 0.00011189 0.00300115 -0.01278044
v 0.00048063 0.00499156 -0.01243612
v 0.00081911 0.00689607 -0.01186516
v -0.00142402 -0.01188863 -0.00911355
v -0.00133302 -0.01015534 -0.01018538
v -0.00121022 -0.00823047 -0.01110203
v -0.00105826 -0.00614674 -0.0118394
v -0.00087982 -0.00394195 -0.01238285
v -0.00067862 -0.00165583 -0.0127222
v -0.00046025 0.0006714 -0.01285109
v -0.00017748 0.00300031 -0.01277228
v 0.00011189 0.00500403 -0.01250784
v 0.00048063 0.00693605 -0.01202467
v -0.00142402 -0.01007115 -0.00998423
v -0.00133302 -0.00817006 -0.01090979
v -0.00121022 -0.00610785 -0.01166397
v -0.00105826 -0.00392129 -0.01223181
v -0.00087982 -0.00164902 -0.01260123
v -0.00067862 0.00066941 -0.0127628
v -0.00046025 0.00299405 -0.01271096
v -0.00017748 0.00500262 -0.01249976
v 0.00011189 0.00695374 -0.01209529
v -0.00142402 -0.00810469 -0.01070177
v -0.00133302 -0.00606421 -0.01146711
v -0.00121022 -0.00389692 -0.01205363
v -0.00105826 -0.00164045 -0.01244897
v -0.00087982 0.00066669 -0.01264171
v -0.00067862 0.00298509 -0.01262318
v -0.00046025 0.00499204 -0.01243908
v -0.00017748 0.00695174 -0.01208734
v -0.00142402 -0.00601697 -0.01125408
v -0.00133302 -0.00386957 -0.01185368
v -0.00121022 -0.00163034 -0.01226936
v -0.00105826 0.00066326 -0.01248931
v -0.00087982 0.0029728 -0.01250278
v -0.00067862 0.0049769 -0.01235219
v -0.00046025 0.00693675 -0.01202758
v -0.00142402 0.00670315 -0.01109579
v -0.00142402 0.01179727 -0.00915963
v -0.00142402 0.01325164 -0.0082921
v -0.00133302 0.01190021 -0.00935211
v -0.00133302 0.01337249 -0.00847392
v -0.00121022 0.01199534 -0.00953
v -0.00121022 0.01348418 -0.00864195
v -0.00105826 0.0120801 -0.00968851
v -0.00105826 0.01358369 -0.00879168
v -0.00087982 0.01215196 -0.00982288
v -0.00087982 0.01366804 -0.00891861
v -0.00067862 0.01220905 -0.00992965
v -0.00067862 0.01373506 -0.00901947
v -0.00046025 0.01225067 -0.01000749
v -0.00046025 0.01378393 -0.009093
v -0.00017748 0.01227975 -0.01006187
v -0.00017748 0.01381808 -0.00914437
v 0.00011189 0.01228363 -0.0100691
v 0.00011189 0.01382263 -0.0091512
v 0.00048063 0.01224928 -0.01000484
v 0.00048063 0.01378232 -0.00909048
v 0.00081911 0.01217168 -0.0098597
v 0.00081911 0.01369122 -0.00895337
v 0.00110415 0.01205641 -0.00964421
v 0.00110415 0.01355587 -0.00874984
v 0.00131974 0.01191148 -0.0093733
v 0.00131974 0.01338567 -0.00849397
v -0.00145319 0.01484444 0.00695983
v -0.0015 0.01428501 0.00695098
v -0.00147699 0.01425172 0.00730889
v -0.0015 0.01242324 0.00827701
v -0.00147699 0.01274581 0.00837819
v -0.00147699 0.01104749 0.0093174
v -0.00141026 0.01115617 0.0095406
v -0.00141026 0.00926556 0.01034365
v -0.00130322 0.00934718 0.01056304
v -0.00130322 0.00676755 0.01135441
v -0.0011593 0.00681925 0.01156096
v -0.0011593 0.00406654 0.01209777
v -0.00093574 0.00409809 0.01231853
v -0.00093574 0.00123582 0.01258548
v -0.00075919 0.00124092 0.01270542
v -0.00075919 -0.00165737 0.01268862
v -0.00056657 -0.00166261 0.01278173
v -0.00056657 -0.00453245 0.01247416
v -0.0003622 -0.00454268 0.01253906
v -0.0003622 -0.00732268 0.01194956
v -0.00015042 -0.00733225 0.01198545
v -0.00015042 -0.00996165 0.01112686
v 0.00011189 -0.00996353 0.01113163
v 0.00011189 -0.01238101 0.01001784
v 0.00047941 -0.0123466 0.00995411
v 0.00047941 -0.01387539 0.00903356
v 0.00081696 -0.01378426 0.00889803
v 0.00081696 -0.01514679 0.00787537
v 0.00110157 -0.01499074 0.00768962
v 0.00110157 -0.0161633 0.00658395
v 0.00131732 -0.01594095 0.00637445
v 0.00131732 -0.01690508 0.00521053
v 0.00145264 -0.01662635 0.00500808
v 0.00145264 -0.01736979 0.00381468
v 0.0015 -0.01676538 0.00414317
v 0.0015 -0.01729518 0.0031384
v 0.00145264 -0.01791069 0.00257187
v 0.0015 -0.01767716 0.00210716
v 0.00145264 -0.01824103 0.00129512
v 0.0015 -0.01790845 0.00105814
v 0.00147496 -0.01825913 -0
v 0.0015 -0.01798619 -0
v -0.0015 0.01025899 0.00939999
v -0.00147699 0.00917894 0.01011081
v -0.00141026 0.00671066 0.01112713
v -0.00130322 0.00403642 0.01188705
v -0.0011593 0.00122636 0.01236296
v -0.00093574 -0.00165062 0.01256884
v -0.00075919 -0.0045179 0.01238191
v -0.00056657 -0.00730573 0.01188598
v -0.0003622 -0.00994814 0.01109227
v -0.00015042 -0.01237857 0.01001335
v 0.00011189 -0.01391574 0.00909361
v 0.00047941 -0.01525185 0.00800052
v 0.00081696 -0.01634006 0.00675054
v 0.00110157 -0.01715232 0.00539007
v 0.00131732 -0.0176739 0.0039756
v -0.0015 0.00784099 0.01029111
v -0.00147699 0.00665027 0.01088592
v -0.00141026 0.00400329 0.01165519
v -0.00130322 0.00121734 0.01215056
v -0.0011593 -0.00163812 0.01234662
v -0.00093574 -0.00449919 0.01226325
v -0.00075919 -0.00728164 0.0117956
v -0.00056657 -0.00992422 0.01103097
v -0.0003622 -0.01236093 0.00998074
v -0.00015042 -0.01391287 0.00908938
v 0.00011189 -0.01529837 0.00805598
v 0.00047941 -0.01645909 0.00686276
v 0.00081696 -0.01734889 0.00553283
v 0.00110157 -0.01794364 0.00411828
v 0.00131732 -0.01823568 0.0026838
v -0.0015 0.00523393 0.01093647
v -0.00147699 0.00396811 0.01140911
v -0.00141026 0.0012074 0.01191685
v -0.00130322 -0.00162618 0.01213451
v -0.0011593 -0.00446448 0.01204309
v -0.00093574 -0.00725065 0.01167934
v -0.00075919 -0.00989022 0.01094386
v -0.00056657 -0.01232968 0.00992297
v -0.0003622 -0.0138922 0.00905865
v -0.00015042 -0.01529507 0.00805206
v 0.00011189 -0.01651181 0.00691247
v 0.00047941 -0.01748127 0.00562901
v 0.00081696 -0.01815809 0.00423174
v 0.00110157 -0.01852396 0.002783
v 0.00131732 -0.01858019 0.00135269
v 0.00139468 -0.01853833 -0
v -0.0015 0.00250403 0.01132365
v -0.00147699 0.00119685 0.0116688
v -0.00141026 -0.00161305 0.01190112
v -0.00130322 -0.00443134 0.01183296
v -0.0011593 -0.00719316 0.01146367
v -0.00093574 -0.00984648 0.01083178
v -0.00075919 -0.01228528 0.00984085
v -0.00056657 -0.01385557 0.00900421
v -0.0003622 -0.01527124 0.00802369
v -0.00015042 -0.01650808 0.00690897
v 0.00011189 -0.0175399 0.00567162
v 0.00047941 -0.01830252 0.00430822
v 0.00081696 -0.01875314 0.00286191
v 0.00110157 -0.01888106 0.00140366
v 0.00125549 -0.018807 -0
v -0.0015 -0.00028248 0.01144018
v -0.00147699 -0.00159912 0.01165342
v -0.00141026 -0.00439488 0.01160175
v -0.00130322 -0.00713828 0.01125781
v -0.0011593 -0.00976534 0.01062387
v -0.00093574 -0.01222816 0.00973521
v -0.00075919 -0.01380353 0.00892683
v -0.00056657 -0.01522902 0.00797341
v -0.0003622 -0.01648108 0.00688352
v -0.00015042 -0.01753575 0.00566861
v 0.00011189 -0.01836649 0.00434212
v 0.00047941 -0.01890748 0.00291516
v 0.00081696 -0.01912025 0.00144424
v 0.00106066 -0.01904685 -0
v -0.0015 -0.00305948 0.01127443
v -0.00147699 -0.00435618 0.01135636
v -0.00141026 -0.00707788 0.01103131
v -0.00130322 -0.00968788 0.01042543
v -0.0011593 -0.01212218 0.00953923
v -0.00093574 -0.01373657 0.00882728
v -0.00075919 -0.01516902 0.00790195
v -0.00056657 -0.01643325 0.00683844
v -0.0003622 -0.01750573 0.00564681
v -0.00015042 -0.01836197 0.00433973
v 0.00011189 -0.01897583 0.00293879
v 0.00047941 -0.0192813 0.00147167
v 0.00055214 -0.01938087 -0
v 0.00082081 -0.01924168 -0
v -0.0015 -0.00576328 0.01083081
v -0.00147699 -0.00701378 0.01079093
v -0.00141026 -0.00960264 0.01020709
v -0.00130322 -0.01202102 0.00935218
v -0.0011593 -0.01361235 0.00864261
v -0.00093574 -0.01509184 0.00781003
v -0.00075919 -0.01636528 0.00677436
v -0.00056657 -0.01745254 0.00560817
v -0.0003622 -0.01832921 0.0043224
v -0.00015042 -0.01897099 0.00293714
v 0.00011189 -0.01935262 0.00148386
v 0.00027294 -0.01946114 -0
v -0.0015 -0.00833241 0.01012844
v -0.00147699 -0.00951216 0.00997537
v -0.00141026 -0.0119097 0.00914637
v -0.00130322 -0.01349377 0.00846635
v -0.0011593 -0.01494865 0.00763949
v -0.00093574 -0.01627784 0.00669193
v -0.00075919 -0.01737695 0.00555325
v -0.00056657 -0.01827119 0.00429168
v -0.0003622 -0.01893599 0.00292508
v -0.00015042 -0.01934757 0.00148302
v -0 -0.01948619 -0
v -0.0015 -0.01070548 0.00918702
v -0.00147699 -0.01179154 0.00892797
v -0.00141026 -0.01336329 0.00827242
v -0.00130322 -0.01481197 0.00747672
v -0.0011593 -0.01611561 0.006539
v -0.00093574 -0.0172797 0.00548261
v -0.00075919 -0.01818871 0.00424801
v -0.00056657 -0.01887398 0.0029037
v -0.0003622 -0.01931104 0.00147681
v -0.00027294 -0.01946114 -0
v -0.0015 -0.01282109 0.00802621
v -0.00147699 -0.0132248 0.00806662
v -0.00141026 -0.01466157 0.00729762
v -0.00130322 -0.01596077 0.00639304
v -0.0011593 -0.01709929 0.00535155
v -0.00093574 -0.01808261 0.00419184
v -0.00075919 -0.01878584 0.0028733
v -0.00056657 -0.01924633 0.00146581
v -0.00055214 -0.01938087 -0
v -0.0015 -0.01376327 0.00736975
v -0.00147699 -0.01450195 0.00710756
v -0.00141026 -0.01579039 0.00623244
v -0.00130322 -0.01692709 0.00522646
v -0.0011593 -0.01788578 0.00408764
v -0.00093574 -0.01867247 0.0028342
v -0.00075919 -0.01915435 0.00145016
v -0.0015 -0.01462022 0.00666728
v -0.00147699 -0.01560956 0.006062
v -0.00141026 -0.01673761 0.00508882
v -0.00130322 -0.01769791 0.00398819
v -0.0011593 -0.01846213 0.00276167
v -0.00093574 -0.01903604 0.00143002
v -0.00082081 -0.01924168 -0
v -0.0015 -0.01538814 0.00592386
v -0.0015 -0.01606327 0.00514459
v -0.00147699 -0.01653652 0.00494275
v -0.0015 -0.01664187 0.00433458
v -0.00147699 -0.01727179 0.00376266
v -0.0015 -0.01712032 0.00349893
v -0.0015 -0.01749604 0.00264266
v -0.00147699 -0.017806 0.00253553
v -0.0015 -0.01776697 0.00177076
v -0.00147699 -0.01813181 0.0012763
v -0.0015 -0.01793104 0.00088821
v -0.00147496 -0.01825913 -0
v -0.0015 -0.01798619 -0
v -0.00141026 -0.01837649 0.00131786
v -0.00139468 -0.01853833 -0
v -0.00130322 -0.01860703 0.00135705
v -0.00125549 -0.018807 -0
v -0.0011593 -0.01881654 0.00139268
v -0.00106066 -0.01904685 -0
v 0.0015 -0.01638941 0.00471346
v 0.0015 -0.01575315 0.00552393
v 0.00145264 -0.0156903 0.00613822
v 0.0015 -0.01501938 0.00630036
v 0.00145264 -0.01457317 0.00719259
v 0.0015 -0.01419181 0.00703733
v 0.00149999 -0.01327414 0.00772939
v 0.00145264 -0.01328654 0.00815872
v 0.00149999 -0.01196052 0.00855031
v 0.00145264 -0.01184419 0.00902571
v 0.00149998 -0.01051968 0.00928067
v 0.00145264 -0.00955246 0.01007903
v 0.00149998 -0.00896914 0.00991432
v 0.00145264 -0.00704235 0.0108984
v 0.00149999 -0.00732636 0.01044512
v 0.0015 -0.00451731 0.01107424
v 0.00145264 -0.00437345 0.011466
v 0.0015 -0.00158491 0.01140085
v 0.00145264 -0.00160536 0.01176404
v 0.00145264 0.00120153 0.01177955
v 0.00131732 0.00121616 0.01212337
v 0.00131732 0.00403255 0.01186008
v 0.00110157 0.00407581 0.01216266
v 0.00110157 0.00683517 0.01162456
v 0.00081696 0.0068942 0.01186034
v 0.00081696 0.00952886 0.01105142
v 0.00047941 0.00958587 0.0112047
v 0.00047941 0.01155824 0.01036596
v 0.00011189 0.01158984 0.01043109
v 0.00011189 0.01340293 0.00942879
v -0.00015042 0.0134002 0.00942446
v -0.00015042 0.0150241 0.00827197
v -0.0003622 0.0150009 0.00824303
v -0.00025482 0.0164139 0.00698723
v -0.00046843 0.01634118 0.00698596
v 0.0015 0.00139534 0.01140623
v 0.00145264 0.0039838 0.01151899
v 0.00131732 0.00676092 0.011328
v 0.00110157 0.00944418 0.01082383
v 0.00081696 0.0114868 0.01021896
v 0.00047941 0.01336457 0.00936737
v 0.00011189 0.01502732 0.00827596
v -2.985E-05 0.0164432 0.00698774
v 0.00149999 0.00433744 0.0110994
v 0.00149999 0.00609998 0.01075999
v 0.00145264 0.00667722 0.01099365
v 0.00149999 0.0078001 0.01030928
v 0.00145264 0.00921758 0.01021485
v 0.00149999 0.00941889 0.0097512
v 0.00145264 0.01109647 0.00941692
v 0.0015 0.01093738 0.00908973
v 0.00145264 0.01280447 0.00847236
v 0.0015 0.01272232 0.00809141
v 0.00145264 0.01432097 0.00739555
v 0.0015 0.01428501 0.00695098
v 0.00145906 0.014809 0.00695921
v 0.00135195 0.01525132 0.00696693
v 0.00131732 0.0145365 0.00766417
v 0.00131732 0.01298708 0.00876417
v 0.00131732 0.01124704 0.00972634
v 0.00131732 0.00933766 0.01053758
v 0.00118468 0.01563821 0.00697369
v 0.00110157 0.01472775 0.0079024
v 0.00110157 0.01314912 0.00902297
v 0.00110157 0.01138063 0.01000076
v 0.00101431 0.01589866 0.00697823
v 0.00081696 0.01487976 0.00809182
v 0.00081696 0.01327791 0.00922874
v 0.00080351 0.01612334 0.00698216
v 0.00047941 0.01498205 0.00821942
v 0.00060927 0.01626675 0.00698466
v 0.00039422 0.01637167 0.00698649
v 0.00018484 0.01642803 0.00698747
v -0.00056657 0.01495979 0.00819177
v -0.00070576 0.016202 0.00698353
v -0.00075919 0.01490136 0.0081189
v -0.00091069 0.01601973 0.00698035
v -0.00093574 0.0148262 0.00802517
v -0.00113556 0.01572303 0.00697517
v -0.0011593 0.01468677 0.00785128
v -0.00131209 0.01536245 0.00696887
v -0.00130322 0.01455367 0.00768531
v -0.00141026 0.0144072 0.00750269
v -0.00130322 0.01300163 0.00878712
v -0.00141026 0.01287754 0.00858873
v -0.00130322 0.01125857 0.00975092
v -0.0011593 0.0131144 0.00896743
v -0.0011593 0.01135163 0.00994206
v -0.0011593 0.00942134 0.01076242
v -0.00093574 0.01323253 0.00915635
v -0.00093574 0.01144912 0.01014232
v -0.00093574 0.00949905 0.01097132
v -0.00093574 0.00687341 0.01177735
v -0.00075919 0.01329621 0.00925818
v -0.00075919 0.01150168 0.01025026
v -0.00075919 0.00954093 0.01108392
v -0.00075919 0.00690261 0.01189399
v -0.00075919 0.00411509 0.01243752
v -0.00056657 0.01334571 0.00933733
v -0.00056657 0.01154254 0.01033417
v -0.00056657 0.00957348 0.01117145
v -0.00056657 0.00692531 0.01198467
v -0.00056657 0.00412831 0.01253002
v -0.00056657 0.00124488 0.01279866
v -0.0003622 0.01338053 0.00939303
v -0.0003622 0.0115713 0.0103932
v -0.0003622 0.00959639 0.01123304
v -0.0003622 0.00694127 0.01204847
v -0.0003622 0.00413761 0.0125951
v -0.0003622 0.00124767 0.01286426
v -0.0003622 -0.00166629 0.01284724
v -0.00015042 0.01158755 0.01042651
v 0.00011189 0.00961111 0.0112726
v 0.00047941 0.00693394 0.01201913
v 0.00081696 0.00411019 0.0124032
v 0.00110157 0.00122914 0.01242836
v 0.00131732 -0.00162467 0.01210738
v -0.00015042 0.00960932 0.0112678
v -0.00015042 0.00695029 0.01208448
v -0.00015042 0.00414286 0.01263184
v -0.00015042 0.00124924 0.01290129
v -0.00015042 -0.00166837 0.01288422
v -0.00015042 -0.00454846 0.0125757
v 0.00011189 0.00695154 0.01208945
v 0.00047941 0.00413334 0.01256518
v 0.00081696 0.00123946 0.01267083
v 0.00110157 -0.0016418 0.01241194
v 0.00131732 -0.00442709 0.01180612
v 0.00011189 0.00414359 0.01263692
v 0.00011189 0.00124946 0.01290641
v 0.00011189 -0.00166866 0.01288934
v 0.00011189 -0.00454926 0.01258076
v 0.00011189 -0.00733358 0.0119904
v 0.00047941 0.00124639 0.0128341
v 0.00081696 -0.00165541 0.01265407
v 0.00110157 -0.00447468 0.01210781
v 0.00131732 -0.00713121 0.01123157
v 0.00047941 -0.00166459 0.01281712
v 0.00047941 -0.00453798 0.0125092
v 0.00047941 -0.00731491 0.01192028
v 0.00047941 -0.00993718 0.01106403
v 0.00081696 -0.00451251 0.01234766
v 0.00110157 -0.00721006 0.01152707
v 0.00131732 -0.00967789 0.01040018
v 0.00081696 -0.00727273 0.01176202
v 0.00081696 -0.00987765 0.01091145
v 0.00081696 -0.01226885 0.00981029
v 0.00110157 -0.00978918 0.01068499
v 0.00131732 -0.01200799 0.00932841
v 0.00110157 -0.01215333 0.00959684
v 0.00110157 -0.01364886 0.0086969
v 0.00131732 -0.01347852 0.00844395
v 0.00131732 -0.01479444 0.00745601
v -0.00141026 -0.01749119 0.00387877
v -0.00130322 -0.01826137 0.00269245
v -0.00141026 -0.01804046 0.00261631
v -0.00249636 0.01487861 0.00626032
v -0.00248542 0.01470608 0.00625731
v -0.00249636 0.01487251 0.00661027
v -0.00248542 0.01469386 0.0069572
v -0.00249636 0.01486945 0.00678524
v -0.00249636 0.0148664 0.00696022
v -0.00247064 0.0155181 0.00697159
v -0.00247064 0.01552115 0.00679662
v -0.00232762 0.01616784 0.00698293
v -0.00232762 0.0161709 0.00680796
v -0.00220381 0.01649611 0.00681364
v -0.00232762 0.01617395 0.00663299
v -0.00220381 0.01649917 0.00663866
v -0.00232762 0.01618006 0.00628304
v -0.00212749 0.0166648 0.0062915
v -0.00183508 0.01711671 0.00664944
v -0.00183508 0.01712282 0.0062995
v -0.00152995 0.01744575 0.00665519
v -0.00152995 0.01745186 0.00630524
v -0.00115796 0.01772397 0.00666004
v -0.00115796 0.01773007 0.00631009
v -0.00078092 0.01790847 0.00666326
v -0.00078092 0.01791458 0.00631332
v -0.00036905 0.01802138 0.00666523
v -0.00036905 0.01802749 0.00631529
v 6.125E-05 0.01805187 0.00666577
v 6.125E-05 0.01805798 0.00631582
v 0.00048383 0.01799846 0.00666483
v 0.00048383 0.01800457 0.00631489
v 0.00092096 0.01784978 0.00666224
v 0.00092096 0.01785589 0.00631229
v 0.00130341 0.01762815 0.00665837
v 0.00130341 0.01763426 0.00630842
v 0.00169121 0.01728592 0.0066524
v 0.00169121 0.01729203 0.00630245
v 0.00200357 0.01687619 0.00664524
v 0.00200357 0.0168823 0.0062953
v 0.00220339 0.01650027 0.00663868
v 0.0022832 0.01630975 0.0062853
v 0.00235005 0.01610217 0.00663173
v 0.00244621 0.01569362 0.00627455
v 0.00244621 0.01568751 0.00662449
v 0.0025 0.01504929 0.0062633
v 0.0025 0.01503707 0.0069632
v 0.00244621 0.01568446 0.00679947
v 0.00244621 0.0156814 0.00697444
v 0.00235005 0.01609912 0.00680671
v 0.0022832 0.01629753 0.0069852
v 0.00220339 0.01649722 0.00681366
v 0.00200357 0.01687008 0.00699519
v 0.00200357 0.01687314 0.00682022
v 0.00169121 0.01728287 0.00682737
v -0.00212749 0.01665259 0.00699139
v -0.00183508 0.01711366 0.00682442
v -0.00183508 0.0171106 0.00699939
v -0.00152995 0.01743964 0.00700513
v -0.00152995 0.01744269 0.00683016
v -0.00115796 0.01771786 0.00700999
v -0.00115796 0.01772091 0.00683502
v -0.00078092 0.01790236 0.00701321
v -0.00078092 0.01790541 0.00683824
v -0.00036905 0.01801527 0.00701518
v -0.00036905 0.01801833 0.00684021
v 6.125E-05 0.01804577 0.00701571
v 6.125E-05 0.01804882 0.00684074
v 0.00048383 0.01799235 0.00701478
v 0.00048383 0.01799541 0.00683981
v 0.00092096 0.01784367 0.00701218
v 0.00092096 0.01784673 0.00683721
v 0.00130341 0.01762204 0.00700832
v 0.00130341 0.0176251 0.00683334
v 0.00169121 0.01727981 0.00700234
v -0.00247064 0.01553031 0.0062717
v -0.00247064 0.0155242 0.00662164
v -0.00236652 0.01400136 0.00694512
v -0.0015 0.01428501 0.00695098
v -0.00248542 0.01469386 0.0069572
v -0.00145319 0.01484444 0.00695983
v -0.00249636 0.0148664 0.00696022
v -0.00247064 0.0155181 0.00697159
v -0.00131209 0.01536245 0.00696887
v -0.00232762 0.01616784 0.00698293
v -0.00113556 0.01572303 0.00697517
v -0.00212749 0.01665259 0.00699139
v -0.00183508 0.0171106 0.00699939
v -0.00091069 0.01601973 0.00698035
v -0.00152995 0.01743964 0.00700513
v -0.00070576 0.016202 0.00698353
v -0.00115796 0.01771786 0.00700999
v -0.00046843 0.01634118 0.00698596
v -0.00078092 0.01790236 0.00701321
v -0.00025482 0.0164139 0.00698723
v -0.00036905 0.01801527 0.00701518
v -2.985E-05 0.0164432 0.00698774
v 6.125E-05 0.01804577 0.00701571
v 0.00018484 0.01642803 0.00698747
v 0.00048383 0.01799235 0.00701478
v 0.00039422 0.01637167 0.00698649
v 0.00092096 0.01784367 0.00701218
v 0.00060927 0.01626675 0.00698466
v 0.00130341 0.01762204 0.00700832
v 0.00080351 0.01612334 0.00698216
v 0.00169121 0.01727981 0.00700234
v 0.00101431 0.01589866 0.00697823
v 0.00200357 0.01687008 0.00699519
v 0.00118468 0.01563821 0.00697369
v 0.0022832 0.01629753 0.0069852
v 0.00135195 0.01525132 0.00696693
v 0.00244621 0.0156814 0.00697444
v 0.0025 0.01503707 0.0069632
v 0.00145906 0.014809 0.00695921
v 0.00239507 0.0141201 0.00694719
v 0.0015 0.01428501 0.00695098
v 0.00139442 0.01341268 0.00693484
v -0.00149926 0.01421172 0.00694879
v -0.00213109 0.0133473 0.0069337
v -0.00142539 0.01355094 0.00693725
v -0.00184233 0.01283907 0.00692483
v -0.00124427 0.01294208 0.00692663
v -0.00145643 0.01238635 0.00691693
v -0.00105979 0.01256047 0.00691997
v -0.00112925 0.01212343 0.00691234
v -0.00083872 0.01224165 0.0069144
v -0.00071933 0.0119083 0.00690858
v -0.00067073 0.01206643 0.00691134
v -0.00047873 0.01192185 0.00690882
v -0.00035591 0.01180361 0.00690675
v -0.00032481 0.01184355 0.00690745
v -0.0001609 0.01179407 0.00690659
v 3.841E-05 0.01177044 0.00690618
v 3.33E-06 0.01177814 0.00690631
v 0.00016634 0.01179517 0.00690661
v 0.00040895 0.01181425 0.00690694
v 0.00035112 0.01185468 0.00690765
v 0.00052022 0.0119485 0.00690928
v 0.00075514 0.01192279 0.00690883
v 0.00074226 0.01213495 0.00691254
v 0.00111274 0.01211266 0.00691215
v 0.00094207 0.01237635 0.00691675
v 0.00141126 0.01234444 0.00691619
v 0.00120732 0.01285369 0.00692508
v 0.00168805 0.01263532 0.00692127
v 0.00190919 0.01294106 0.00692661
v 0.00219933 0.01350214 0.0069364
v -0.00248542 0.01470608 0.00625731
v -0.00240554 0.01416952 0.006598
v -0.00248542 0.01469386 0.0069572
v -0.00240554 0.01416646 0.00677297
v -0.00236652 0.01400136 0.00694512
v -0.00213109 0.01335036 0.00675873
v -0.00213109 0.0133473 0.0069337
v -0.00184233 0.01284213 0.00674985
v -0.00184233 0.01283907 0.00692483
v -0.00145643 0.01238941 0.00674195
v -0.00145643 0.01238635 0.00691693
v -0.00124703 0.01221063 0.00673883
v -0.00112925 0.01212343 0.00691234
v -0.00100228 0.01204765 0.00673599
v -0.00071933 0.0119083 0.00690858
v -0.00071933 0.01191135 0.00673361
v -0.00035591 0.01180667 0.00673178
v -0.00035591 0.01180972 0.00655681
v 3.841E-05 0.01177655 0.00655623
v 3.841E-05 0.01178266 0.00620628
v 0.00040895 0.01182646 0.00620705
v -0.00236652 0.01401358 0.00624522
v -0.00213109 0.01335341 0.00658375
v -0.00213109 0.01335952 0.00623381
v -0.00184233 0.01285129 0.00622493
v -0.00184233 0.01284518 0.00657488
v -0.00145643 0.01239857 0.00621703
v -0.00145643 0.01239246 0.00656698
v -0.00124703 0.01221368 0.00656386
v -0.00112925 0.01213565 0.00621244
v -0.00100228 0.01205071 0.00656101
v -0.00071933 0.01192051 0.00620869
v -0.00071933 0.01191441 0.00655863
v -0.00035591 0.01181583 0.00620686
v 0.00040895 0.01182036 0.00655699
v 0.00075514 0.01193501 0.00620894
v 0.00075514 0.0119289 0.00655889
v 0.00111274 0.01212487 0.00621226
v 0.00111274 0.01211877 0.0065622
v 0.00141126 0.01235666 0.0062163
v 0.00141126 0.01235055 0.00656625
v 0.00168805 0.01264753 0.00622138
v 0.00168805 0.01264142 0.00657133
v 0.00190919 0.01295328 0.00622672
v 0.00190919 0.01294717 0.00657666
v 0.00219933 0.01351436 0.00623651
v 0.00219933 0.01350825 0.00658646
v 0.00239507 0.01413232 0.0062473
v 0.00239507 0.01412621 0.00659724
v 0.00245264 0.01442588 0.00660247
v 0.00239507 0.01412315 0.00677222
v 0.00245264 0.01442283 0.00677745
v 0.00239507 0.0141201 0.00694719
v 0.0025 0.01503707 0.0069632
v 0.0025 0.01504929 0.0062633
v 0.00219933 0.01350214 0.0069364
v 0.00219933 0.0135052 0.00676143
v 0.00190919 0.01294106 0.00692661
v 0.00190919 0.01294412 0.00675164
v 0.00168805 0.01263532 0.00692127
v 0.00168805 0.01263837 0.0067463
v 0.00141126 0.01234444 0.00691619
v 0.00141126 0.01234749 0.00674122
v 0.00111274 0.01211266 0.00691215
v 0.00111274 0.01211571 0.00673718
v 0.00075514 0.01192279 0.00690883
v 0.00075514 0.01192585 0.00673386
v 0.00040895 0.01181425 0.00690694
v 0.00040895 0.0118173 0.00673197
v 3.841E-05 0.01177044 0.00690618
v 3.841E-05 0.01177349 0.0067312
v -0.00035591 0.01180361 0.00690675
v 0.00244621 0.01569362 0.00627455
v 0.0025 0.01504929 0.0062633
v -7.35E-06 0.01492696 0.00626117
v 0.00239507 0.01413232 0.0062473
v 0.00219933 0.01351436 0.00623651
v 0.00190919 0.01295328 0.00622672
v 0.00168805 0.01264753 0.00622138
v 0.00141126 0.01235666 0.0062163
v 0.00111274 0.01212487 0.00621226
v 0.00075514 0.01193501 0.00620894
v 0.00040895 0.01182646 0.00620705
v 3.841E-05 0.01178266 0.00620628
v -0.00035591 0.01181583 0.00620686
v -0.00071933 0.01192051 0.00620869
v -0.00112925 0.01213565 0.00621244
v -0.00145643 0.01239857 0.00621703
v -0.00184233 0.01285129 0.00622493
v -0.00213109 0.01335952 0.00623381
v -0.00236652 0.01401358 0.00624522
v -0.00248542 0.01470608 0.00625731
v -0.00249636 0.01487861 0.00626032
v -0.00247064 0.01553031 0.0062717
v -0.00232762 0.01618006 0.00628304
v -0.00212749 0.0166648 0.0062915
v -0.00183508 0.01712282 0.0062995
v -0.00152995 0.01745186 0.00630524
v -0.00115796 0.01773007 0.00631009
v -0.00078092 0.01791458 0.00631332
v -0.00036905 0.01802749 0.00631529
v 6.125E-05 0.01805798 0.00631582
v 0.00048383 0.01800457 0.00631489
v 0.00092096 0.01785589 0.00631229
v 0.00130341 0.01763426 0.00630842
v 0.00169121 0.01729203 0.00630245
v 0.00200357 0.0168823 0.0062953
v 0.0022832 0.01630975 0.0062853
v -0.0015 -0.01798619 -0
v -0.0015 -0.01793104 0.00088821
v -0.00147496 -0.01771324 -0
v -0.00145388 -0.01747222 0.00144563
v -0.00139468 -0.01743404 -0
v -0.00132203 -0.01713951 0.00137582
v -0.0011066 -0.01683775 0.00131261
v -0.0011066 -0.01642255 0.00261523
v -0.00082116 -0.01619712 0.00251854
v -0.00082116 -0.01552041 0.00375697
v -0.00048179 -0.01538259 0.0036653
v -0.00048179 -0.0144456 0.00484618
v -0.00011189 -0.01439188 0.00479635
v -0.00011189 -0.0131973 0.00590883
v 0.00017614 -0.01320235 0.00591507
v 0.00017614 -0.01175263 0.00693783
v 0.00045769 -0.01178464 0.00698973
v 0.00045769 -0.01009932 0.00789901
v 0.00067653 -0.01013681 0.00797864
v 0.00067653 -0.00824792 0.00875038
v 0.0008782 -0.00828796 0.00886446
v 0.0008782 -0.00693015 0.00929174
v 0.0010571 -0.0069713 0.00943839
v 0.0010571 -0.00554396 0.00979125
v 0.00120945 -0.0055821 0.00996696
v 0.00120945 -0.0025831 0.01042965
v 0.00133257 -0.00260223 0.01063058
v 0.00133257 0.00050741 0.01074869
v 0.00142381 0.00051145 0.01096712
v 0.00142381 0.00362939 0.01073288
v 0.00148051 0.00365975 0.01096051
v 0.00148051 0.00519362 0.01070996
v 0.00149999 0.00433744 0.0110994
v 0.00148051 0.00668632 0.01037394
v 0.00149999 0.00609998 0.01075999
v 0.00149999 0.0078001 0.01030928
v 0.00148051 0.00812548 0.00995572
v 0.00149999 0.00941889 0.0097512
v 0.00148051 0.00949943 0.00945842
v 0.0015 0.01093738 0.00908973
v 0.00148051 0.01079677 0.00888563
v 0.00148051 0.01200779 0.00824263
v 0.00142381 0.01069659 0.00867893
v 0.00142381 0.01189241 0.00804399
v 0.00133257 0.01060129 0.0084823
v 0.00133257 0.01178267 0.00785502
v 0.00120945 0.01051325 0.00830063
v 0.00120945 0.01168128 0.00768042
v 0.0010571 0.01043484 0.00813881
v 0.0010571 0.01159098 0.0075249
v 0.0008782 0.0103684 0.00800172
v 0.0008782 0.01151448 0.00739314
v 0.00067653 0.01031567 0.0078929
v 0.00067653 0.01145376 0.00728856
v 0.00045769 0.01027728 0.00781368
v 0.00045769 0.01140955 0.00721242
v 0.00017614 0.01025068 0.00775879
v 0.00017614 0.01137891 0.00715967
v -0.00011189 0.01024716 0.00775155
v -0.00011189 0.01137486 0.00715272
v -0.00048179 0.01027909 0.00781747
v -0.00048179 0.01141162 0.00721607
v -0.00082116 0.01035126 0.00796641
v -0.00082116 0.01149472 0.00735922
v -0.0011066 0.01045844 0.00818751
v -0.0011066 0.01161816 0.0075717
v -0.00132203 0.01059314 0.00846535
v -0.00132203 0.01177332 0.0078387
v -0.00145388 0.01074163 0.00877171
v -0.00145388 0.01194435 0.00813313
v -0.0015 0.01242324 0.00827701
v -0.00145388 0.01305122 0.00743115
v -0.00149926 0.01421172 0.00694879
v -0.00142539 0.01355094 0.00693725
v -0.0015 -0.01776697 0.00177076
v -0.0015 -0.01749604 0.00264266
v -0.00145388 -0.01701819 0.00287069
v -0.0015 -0.01712032 0.00349893
v -0.00145388 -0.01626554 0.0042525
v -0.0015 -0.01664187 0.00433458
v -0.0015 -0.01606327 0.00514459
v -0.00145388 -0.01522332 0.00556737
v -0.0015 -0.01538814 0.00592386
v -0.0015 -0.01462022 0.00666728
v -0.00145388 -0.01390943 0.00678998
v -0.0015 -0.01376327 0.00736975
v -0.00145388 -0.01234324 0.00789525
v -0.0015 -0.01282109 0.00802621
v -0.0015 -0.01070548 0.00918702
v -0.0015 -0.00833241 0.01012844
v -0.00145388 -0.00857134 0.00967169
v -0.00145388 -0.01055259 0.00886207
v -0.00132203 -0.01040763 0.00855411
v -0.00132203 -0.0121646 0.00760568
v -0.0011066 -0.01027615 0.00827483
v -0.0011066 -0.01200258 0.00734312
v -0.00082116 -0.01017153 0.00805258
v -0.00082116 -0.01187366 0.00713415
v -0.00048179 -0.01010107 0.00790284
v -0.00048179 -0.01178683 0.00699334
v -0.00011189 -0.0100699 0.00783656
v -0.00011189 -0.01174841 0.006931
v 0.00017614 -0.01007334 0.00784383
v -0.00145388 -0.00716135 0.01011549
v -0.0015 -0.00576328 0.01083081
v -0.00145388 -0.0056882 0.01047959
v -0.00145388 -0.00263276 0.01095067
v -0.00132203 -0.00260049 0.01061183
v -0.00132203 0.00050707 0.01072986
v -0.0011066 0.00050134 0.01042121
v -0.0011066 0.00355724 0.0101917
v -0.00082116 0.00352475 0.0099482
v -0.0011066 0.00504374 0.00994891
v -0.00082116 0.00499734 0.00970765
v -0.0011066 0.00649311 0.00962269
v -0.00082116 0.00643192 0.00938475
v -0.00082116 0.00780928 0.00898457
v -0.00048179 0.00775804 0.00882723
v -0.00048179 0.00905806 0.00835676
v -0.00011189 0.00903082 0.00828879
v -0.0015 -0.00305948 0.01127443
v -0.0015 -0.00028248 0.01144018
v -0.00145388 0.00051338 0.0110702
v -0.0015 0.00250403 0.01132365
v -0.00145388 0.00364308 0.01083509
v -0.0015 0.00523393 0.01093647
v -0.00145388 0.0051665 0.01058634
v -0.00145388 0.0066548 0.01025141
v -0.00132203 0.00510212 0.01025207
v -0.00132203 0.00657001 0.00992171
v -0.0015 0.00784099 0.01029111
v -0.00145388 0.00808628 0.00983543
v -0.00132203 0.0079809 0.00951174
v -0.00132203 0.00932577 0.00902499
v -0.0011066 0.00921097 0.00873841
v -0.00145388 0.00945237 0.00934097
v -0.0015 0.01025899 0.00939999
v -0.0015 0.01428501 0.00695098
v -0.00132203 0.01285713 0.00715143
v -0.00124427 0.01294208 0.00692663
v -0.00105979 0.01256047 0.00691997
v -0.00083872 0.01224165 0.0069144
v -0.00067073 0.01206643 0.00691134
v -0.00047873 0.01192185 0.00690882
v -0.00032481 0.01184355 0.00690745
v -0.0001609 0.01179407 0.00690659
v 3.33E-06 0.01177814 0.00690631
v 0.00016634 0.01179517 0.00690661
v 0.00035112 0.01185468 0.00690765
v 0.00052022 0.0119485 0.00690928
v 0.00074226 0.01213495 0.00691254
v 0.00094207 0.01237635 0.00691675
v 0.00120732 0.01285369 0.00692508
v 0.00120945 0.01275268 0.00700104
v 0.00133257 0.01286774 0.00716692
v 0.00139442 0.01341268 0.00693484
v 0.00142381 0.01299228 0.00734645
v 0.00148051 0.01312322 0.00753518
v 0.0015 0.01428501 0.00695098
v 0.0015 0.01272232 0.00809141
v 0.0015 0.00139534 0.01140623
v 0.00148051 0.00051571 0.01119674
v 0.00142381 -0.00262294 0.01084805
v 0.00133257 -0.00562489 0.01016422
v 0.00120945 -0.00701988 0.0096115
v 0.0010571 -0.0083384 0.00900817
v 0.0008782 -0.0101883 0.00808803
v 0.00067653 -0.01183082 0.00706461
v 0.00045769 -0.01324067 0.00596249
v 0.00017614 -0.01439778 0.00480181
v -0.00011189 -0.0153216 0.00362473
v -0.00048179 -0.01604527 0.00245335
v -0.00082116 -0.01659763 0.00126226
v -0.00125549 -0.01716537 -0
v 0.0015 -0.00158491 0.01140085
v 0.00148051 -0.00264471 0.01107666
v 0.00142381 -0.00567119 0.01037774
v 0.00133257 -0.00707441 0.00980584
v 0.00120945 -0.00839795 0.00917781
v 0.0010571 -0.01025317 0.00822584
v 0.0008782 -0.01189426 0.00716749
v 0.00067653 -0.01329597 0.00603093
v 0.00045769 -0.01444252 0.0048433
v 0.00017614 -0.01532829 0.00362918
v -0.00011189 -0.01597807 0.00242447
v -0.00048179 -0.0164359 0.00122824
v -0.00082081 -0.01673069 -0
v -0.00106066 -0.01692553 -0
v 0.0015 -0.00451731 0.01107424
v 0.00148051 -0.00571985 0.0106022
v 0.00142381 -0.00713344 0.01001619
v 0.00133257 -0.0084648 0.00936826
v 0.00120945 -0.01032974 0.00838851
v 0.0010571 -0.01197419 0.00729709
v 0.0008782 -0.01337192 0.00612494
v 0.00067653 -0.01450709 0.00490318
v 0.00045769 -0.01537908 0.00366296
v 0.00017614 -0.01598545 0.00242762
v -0.00011189 -0.01636434 0.00121314
v -0.00055214 -0.0165915 -0
v 0.00149999 -0.00732636 0.01044512
v 0.00148051 -0.0071955 0.01023731
v 0.00142381 -0.00853715 0.00957439
v 0.00133257 -0.0104157 0.00857113
v 0.00120945 -0.01206853 0.00745006
v 0.0010571 -0.01346761 0.00624337
v 0.0008782 -0.01459577 0.00498543
v 0.00067653 -0.01545238 0.00371172
v 0.00045769 -0.01604142 0.00245164
v 0.00017614 -0.0163722 0.00121477
v -0.00027294 -0.01651123 -0
v 0.00148051 -0.00861322 0.00979108
v 0.00149998 -0.00896914 0.00991432
v 0.00148051 -0.01060656 0.00897657
v 0.00149998 -0.01051968 0.00928067
v 0.00149999 -0.01196052 0.00855031
v 0.00148051 -0.01240961 0.00800303
v 0.00149999 -0.01327414 0.00772939
v 0.00148051 -0.01398891 0.00688849
v 0.0015 -0.01419181 0.00703733
v 0.0015 -0.01501938 0.00630036
v 0.00148051 -0.01531616 0.00565351
v 0.0015 -0.01575315 0.00552393
v 0.00148051 -0.01637094 0.00432263
v 0.0015 -0.01638941 0.00471346
v 0.0015 -0.01676538 0.00414317
v 0.0015 -0.01729518 0.0031384
v 0.00148051 -0.01713431 0.00292066
v 0.00142381 -0.01692357 0.00283025
v 0.00142381 -0.01737139 0.00142472
v 0.00133257 -0.01715786 0.00137988
v 0.00125549 -0.01716537 -0
v 0.00106066 -0.01692553 -0
v 0.0015 -0.01767716 0.00210716
v 0.00148051 -0.01759586 0.00147184
v 0.00139468 -0.01743404 -0
v 0.0015 -0.01790845 0.00105814
v 0.00147496 -0.01771324 -0
v 0.0015 -0.01798619 -0
v 0.00120945 -0.01696058 0.00133843
v 0.00082081 -0.01673069 -0
v 0.0010571 -0.01678486 0.00130151
v 0.0008782 -0.016636 0.00127022
v 0.0010571 -0.0163729 0.00259392
v 0.0008782 -0.01623313 0.00253393
v 0.0010571 -0.01567993 0.00386305
v 0.0008782 -0.01555308 0.00377868
v 0.0010571 -0.0147075 0.00508906
v 0.00055214 -0.0165915 -0
v 0.00067653 -0.01651783 0.00124538
v 0.00067653 -0.01612218 0.00248631
v 0.00027294 -0.01651123 -0
v 0.00045769 -0.01643181 0.0012273
v -0 -0.01648619 -0
v -0.00132203 -0.01670583 0.00273669
v -0.00132203 -0.01598206 0.00406398
v -0.00132203 -0.01497363 0.00533583
v -0.00132203 -0.01369557 0.00652537
v 0.00120945 -0.01653788 0.00266473
v 0.00120945 -0.01582965 0.00396263
v 0.00120945 -0.01483938 0.00521137
v 0.00120945 -0.01358056 0.00638317
v 0.00133257 -0.01672309 0.00274422
v 0.00133257 -0.01599775 0.00407443
v 0.00133257 -0.01498744 0.00534868
v 0.00133257 -0.01370737 0.0065401
v 0.00133257 -0.01217445 0.00762179
v -0.0011066 -0.01572498 0.00389302
v -0.00082116 -0.01456699 0.00495877
v -0.00048179 -0.0132433 0.0059658
v 0.00142381 -0.01617969 0.00419544
v -0.0011066 -0.01474719 0.00512586
v -0.0011066 -0.01350161 0.00628544
v 0.00142381 -0.0151477 0.00549729
v 0.00142381 -0.01384463 0.00670995
v 0.00142381 -0.01228909 0.00780766
v 0.00142381 -0.01050875 0.00876879
v -0.00082116 -0.01334726 0.00609448
v 0.00045769 -0.00821877 0.00866734
v 0.00017614 -0.00819857 0.00860979
v 0.00045769 -0.00687371 0.00909059
v 0.00017614 -0.00685723 0.00903186
v 0.00045769 -0.00546707 0.00943828
v 0.00017614 -0.00545389 0.00937872
v 0.00045769 -0.00253184 0.00989109
v 0.00017614 -0.00252606 0.00983037
v 0.00045769 0.00049365 0.01000593
v 0.00017614 0.00049252 0.00994495
v 0.00045769 0.00350236 0.00978002
v 0.00017614 0.0034943 0.00971956
v 0.00045769 0.00496609 0.00954088
v 0.00017614 0.00495429 0.00948104
v 0.00017614 0.00637446 0.00916135
v -0.00011189 0.00637245 0.00915356
v 0.00017614 0.00773785 0.00876525
v -0.00011189 0.00773536 0.0087576
v 0.00017614 0.00903381 0.00829625
v -0.00011189 -0.00819591 0.0086022
v -0.00011189 -0.00685505 0.00902412
v -0.00011189 -0.00545186 0.00937093
v -0.00011189 -0.00252529 0.00982237
v -0.00011189 0.00049237 0.00993691
v -0.00011189 0.00349323 0.00971159
v -0.00011189 0.00495256 0.00947318
v -0.00048179 0.00496619 0.00954513
v -0.00048179 0.0063907 0.00922448
v -0.00048179 -0.00822015 0.0086713
v -0.00048179 -0.00687483 0.00909462
v -0.00048179 -0.00546682 0.00944262
v -0.00048179 -0.00253222 0.00989527
v -0.00048179 0.00049372 0.01001013
v -0.00048179 0.00350289 0.00978418
v -0.00082116 -0.00827495 0.00882743
v -0.00082116 -0.00691953 0.00925395
v -0.00082116 -0.00550119 0.0096045
v -0.00082116 -0.0025479 0.01006
v -0.00082116 0.00049678 0.01017559
v -0.0011066 -0.00835633 0.00905923
v -0.0011066 -0.00698592 0.00949049
v -0.0011066 -0.00555246 0.00984477
v -0.0011066 -0.0025712 0.01030454
v -0.00132203 -0.00845859 0.00935051
v -0.00132203 -0.00706936 0.00978774
v -0.00132203 -0.005617 0.01014669
v 0.00067653 -0.00689749 0.00917533
v 0.0008782 -0.00551161 0.0096424
v 0.0010571 -0.00256607 0.01025068
v 0.00120945 0.00050367 0.01054687
v 0.00133257 0.00360052 0.01051633
v 0.00142381 0.00514979 0.01048451
v 0.00142381 0.00662911 0.01015151
v 0.00067653 -0.00548588 0.00952426
v 0.00067653 -0.00254018 0.0099787
v 0.00067653 0.00049528 0.01009393
v 0.00067653 0.00351399 0.00986726
v 0.00067653 0.00498298 0.00962726
v 0.00045769 0.00638965 0.00922043
v 0.00045769 0.00775673 0.00882325
v 0.00045769 0.0090565 0.00835287
v 0.0008782 -0.00255164 0.01009906
v 0.0010571 0.00050034 0.01036711
v 0.00120945 0.00357384 0.01031627
v 0.00133257 0.0051081 0.01027006
v 0.00133257 0.0065747 0.00993991
v 0.00142381 0.00805438 0.00973735
v 0.0008782 0.00049752 0.01021482
v 0.0008782 0.00352996 0.0099871
v 0.0008782 0.00500612 0.00974593
v 0.00067653 0.00641157 0.00930567
v 0.00067653 0.00778398 0.00890694
v 0.00067653 0.00908923 0.00843457
v -0.00132203 0.00359808 0.01049769
v 0.0010571 0.00355009 0.01013807
v 0.00120945 0.00506957 0.01007192
v 0.00120945 0.00652442 0.00974442
v 0.00133257 0.00798674 0.00952961
v 0.00142381 0.00941402 0.00924524
v 0.0010571 0.00503524 0.00989544
v 0.0008782 0.00644169 0.00942277
v 0.0008782 0.00782142 0.0090219
v 0.0008782 0.0091342 0.0085468
v -0.0011066 0.00788533 0.00921818
v 0.0010571 0.00647963 0.00957029
v 0.00120945 0.00792424 0.00933768
v 0.00133257 0.00933278 0.00904244
v 0.0010571 0.00786858 0.00916673
v 0.0010571 0.00919084 0.00868819
v -0.00082116 0.0091196 0.00851037
v 0.00120945 0.00925771 0.00885508
v -0.0015 0.01428395 -0.00694971
v -0.0015 0.01241837 -0.00827083
v -0.00146154 0.01375823 -0.00694087
v -0.00145385 0.01287387 -0.00755157
v -0.00132189 0.01268359 -0.00726906
v -0.00132189 0.01139049 -0.00805263
v -0.00110645 0.01124226 -0.00778178
v -0.00110645 0.00984517 -0.00846924
v -0.00082103 0.00974605 -0.00824446
v -0.00082103 0.00825433 -0.00883354
v -0.00048172 0.00819972 -0.00867737
v -0.00048172 0.00662237 -0.0091654
v -0.00011189 0.00660341 -0.00909471
v -0.00011189 0.00495344 -0.00947709
v 0.00017625 0.00495498 -0.00948499
v 0.00017625 0.00324661 -0.00975526
v 0.0004579 0.0032541 -0.00981581
v 0.0004579 0.00150374 -0.00996873
v 0.0006767 0.00150868 -0.01005662
v 0.0006767 -0.00051863 -0.01008871
v 0.00087833 -0.00052096 -0.01020968
v 0.00087833 -0.00254988 -0.01009167
v 0.00105719 -0.00256435 -0.01024344
v 0.00105719 -0.00456718 -0.00997682
v 0.00120951 -0.00459803 -0.01015403
v 0.00120951 -0.00654721 -0.00973953
v 0.00133261 -0.00659768 -0.0099349
v 0.00133261 -0.00846581 -0.00937256
v 0.00142383 -0.00853815 -0.00957852
v 0.00142383 -0.01029914 -0.00886997
v 0.00148051 -0.01039455 -0.00907875
v 0.00148051 -0.01202691 -0.00823305
v 0.0015 -0.01080176 -0.00915121
v 0.0015 -0.01208612 -0.0084735
v 0.0015 -0.01326678 -0.00772389
v 0.00148051 -0.01348853 -0.00727317
v 0.0015 -0.01433305 -0.00690908
v 0.00148051 -0.0144596 -0.00648753
v 0.0015 -0.01527663 -0.00603612
v 0.00148051 -0.01531573 -0.00565288
v 0.0015 -0.01608984 -0.00511214
v 0.00148051 -0.01605088 -0.00477577
v 0.0015 -0.01676503 -0.0041443
v 0.00148051 -0.01665899 -0.00386282
v 0.0015 -0.01729537 -0.00314006
v 0.00148051 -0.01713478 -0.00292092
v 0.0015 -0.01767742 -0.00210839
v 0.00148051 -0.01747618 -0.0019581
v 0.0015 -0.01790856 -0.0010586
v 0.00148051 -0.01768193 -0.00098233
v 0.0015 -0.01798619 -0
v 0.00147496 -0.01771324 -0
v 0.00142383 -0.01745452 -0.00095049
v 0.00139468 -0.01743404 -0
v 0.00133261 -0.01723819 -0.00092018
v 0.00125549 -0.01716537 -0
v 0.00120951 -0.01703832 -0.00089216
v 0.00105719 -0.01686029 -0.0008672
v 0.00105719 -0.01667769 -0.00173249
v 0.00087833 -0.0165311 -0.00169105
v 0.00087833 -0.01623275 -0.00253325
v 0.0006767 -0.01612168 -0.0024855
v 0.0006767 -0.01570701 -0.0033064
v 0.0004579 -0.01563102 -0.00326198
v 0.0004579 -0.01509744 -0.00406191
v 0.00017625 -0.01504857 -0.00402532
v 0.00017625 -0.01439749 -0.00480128
v -0.00011189 -0.01439158 -0.00479582
v -0.00011189 -0.01362323 -0.00554475
v -0.00048172 -0.01367183 -0.00559954
v -0.00048172 -0.01278365 -0.00631823
v -0.00082103 -0.01288188 -0.00645135
v -0.00082103 -0.01151307 -0.00735025
v -0.00110645 -0.01163664 -0.00756248
v -0.00110645 -0.01007224 -0.00837332
v -0.00132189 -0.01020054 -0.00865388
v -0.00132189 -0.00845958 -0.00935445
v -0.00145385 -0.00857238 -0.00967548
v -0.00145385 -0.00667819 -0.01024591
v -0.0015 -0.0083402 -0.01013816
v -0.0015 -0.00577018 -0.01083222
v -0.00145385 -0.0046879 -0.01066968
v -0.0015 -0.00306071 -0.01126388
v -0.00145385 -0.00263112 -0.01094382
v -0.0015 -0.00027844 -0.01142926
v -0.00145385 -0.00053743 -0.01106533
v -0.00145385 0.00156357 -0.01103126
v -0.00132189 -0.00053087 -0.01072467
v -0.00132189 0.00154442 -0.01069129
v -0.00110645 -0.00052495 -0.01041594
v -0.00110645 0.00152703 -0.01038317
v -0.00082103 -0.00052022 -0.01017026
v -0.00082103 0.00151321 -0.01013799
v -0.00048172 -0.00051702 -0.01000476
v -0.00048172 0.00150394 -0.00997283
v -0.00011189 -0.00051559 -0.00993151
v -0.00011189 0.00149985 -0.00989974
v 0.00017625 -0.00051575 -0.00993956
v 0.00017625 0.00150031 -0.00990778
v 0.0004579 -0.00051692 -0.01000064
v -0.00145385 0.011554 -0.00835151
v -0.0015 0.01025354 -0.00939531
v -0.00145385 0.01010721 -0.00906336
v -0.00145385 0.00854972 -0.00967819
v -0.00132189 0.0084373 -0.00935673
v -0.00132189 0.00680884 -0.00986034
v -0.00110645 0.00672886 -0.0095623
v -0.00110645 0.00504547 -0.00995223
v -0.00082103 0.00499876 -0.00971124
v -0.00082103 0.00327484 -0.00998397
v -0.00048172 0.00325457 -0.00981988
v -0.0015 0.00783987 -0.01029552
v -0.00145385 0.00689708 -0.01018918
v -0.00132189 0.00510417 -0.01025509
v -0.00110645 0.00330499 -0.01022757
v -0.0015 0.00523796 -0.01094582
v -0.00145385 0.00516892 -0.01058924
v -0.00132189 0.0033429 -0.0105337
v -0.00145385 0.00338469 -0.01087148
v -0.0015 0.00251 -0.01132452
v -0.0015 -0.01070741 -0.00919247
v -0.00145385 -0.01034204 -0.00896347
v -0.00132189 -0.01179195 -0.00782917
v -0.00110645 -0.01302775 -0.00664891
v -0.00082103 -0.01378165 -0.00572331
v -0.00048172 -0.01444527 -0.00484565
v -0.00011189 -0.01504212 -0.00402051
v 0.00017625 -0.01557833 -0.00323119
v 0.0004579 -0.01604082 -0.00245074
v 0.0006767 -0.01641474 -0.00165816
v 0.00087833 -0.01670946 -0.00084604
v 0.00106066 -0.01692553 -0
v -0.00145385 -0.01196327 -0.00812346
v -0.0015 -0.01281682 -0.00802371
v -0.00145385 -0.01341334 -0.00717112
v -0.0015 -0.01375812 -0.0073655
v -0.00145385 -0.01437568 -0.00639246
v -0.0015 -0.01461605 -0.00666345
v -0.0015 -0.01538602 -0.00592181
v -0.00145385 -0.01522282 -0.00556652
v -0.0015 -0.0160635 -0.00514479
v -0.00145385 -0.01594946 -0.00469962
v -0.0015 -0.01664395 -0.00433663
v -0.00145385 -0.01654963 -0.00379869
v -0.0015 -0.01712306 -0.00350166
v -0.00145385 -0.01701839 -0.00287072
v -0.0015 -0.01749838 -0.00264499
v -0.00145385 -0.01735425 -0.00192349
v -0.0015 -0.01776836 -0.00177215
v -0.00145385 -0.0175565 -0.00096458
v -0.0015 -0.01793147 -0.00088865
v -0.00147496 -0.01771324 -0
v -0.0015 -0.01798619 -0
v -0.00139468 -0.01743404 -0
v -0.00132189 -0.01721927 -0.00091738
v -0.00132189 -0.01702653 -0.00183094
v -0.00132189 -0.01670561 -0.00273635
v -0.00132189 -0.01625571 -0.00362698
v -0.00132189 -0.01567685 -0.00449559
v -0.00132189 -0.01497307 -0.00533497
v -0.00132189 -0.01414961 -0.00613777
v -0.00132189 -0.01321108 -0.00689717
v -0.00125549 -0.01716537 -0
v -0.00110645 -0.01691361 -0.00087466
v -0.00110645 -0.01672951 -0.00174712
v -0.00110645 -0.01642212 -0.00261465
v -0.00110645 -0.01598932 -0.00347143
v -0.00110645 -0.01542976 -0.00431076
v -0.00110645 -0.01474671 -0.00512518
v -0.00110645 -0.0139447 -0.00590698
v -0.00106066 -0.01692553 -0
v -0.00082081 -0.01673069 -0
v -0.00082103 -0.0166704 -0.00084064
v -0.00055214 -0.0165915 -0
v -0.00048172 -0.01650659 -0.00081765
v -0.00027294 -0.01651123 -0
v -0 -0.01648619 -0
v -0.00011189 -0.01643411 -0.00080744
v 0.00027294 -0.01651123 -0
v 0.00017625 -0.01644209 -0.00080855
v 0.00055214 -0.0165915 -0
v 0.0004579 -0.01650254 -0.00081702
v 0.00082081 -0.01673069 -0
v 0.0006767 -0.01658972 -0.00082925
v 0.00149999 -0.00942501 -0.00975041
v 0.00148051 -0.00861421 -0.00979502
v 0.00142383 -0.00665232 -0.01014636
v 0.00133261 -0.00463267 -0.01035298
v 0.00120951 -0.00258142 -0.01042257
v 0.00105719 -0.00052391 -0.01036207
v 0.00087833 0.00151546 -0.01017734
v 0.0006767 0.00326489 -0.00990314
v 0.0004579 0.00496659 -0.00954489
v 0.00017625 0.0066055 -0.00910249
v -0.00011189 0.00817556 -0.00860827
v -0.00048172 0.00967932 -0.00809304
v -0.00082103 0.01112433 -0.00756624
v -0.00084494 0.01224912 -0.00691453
v -0.00110645 0.01251108 -0.00701303
v -0.00104938 0.01254276 -0.00691965
v -0.00130632 0.01310991 -0.00692955
v 0.00149999 -0.00796721 -0.01026448
v 0.00148051 -0.00670977 -0.01036864
v 0.00142383 -0.00467017 -0.0105683
v 0.00133261 -0.00260059 -0.01062367
v 0.00120951 -0.00052739 -0.01054193
v 0.00105719 0.00152401 -0.01032942
v 0.00087833 0.00327971 -0.01002307
v 0.0006767 0.00498332 -0.00963128
v 0.0004579 0.00662132 -0.00916144
v 0.00017625 0.00817822 -0.00861587
v -0.00011189 0.00964982 -0.00802602
v -0.00048172 0.01104494 -0.00742103
v -0.00061157 0.01201597 -0.00691046
v 0.00149998 -0.00587986 -0.01081669
v 0.00148051 -0.00470959 -0.01079464
v 0.00142383 -0.00262134 -0.01084132
v 0.00133261 -0.00053129 -0.01074385
v 0.00120951 0.0015341 -0.01050891
v 0.00105719 0.00329838 -0.01017416
v 0.00087833 0.00500631 -0.00974993
v 0.0006767 0.00664412 -0.00924645
v 0.0004579 0.00819837 -0.0086735
v 0.00017625 0.00965311 -0.00803337
v -0.00011189 0.01100983 -0.00735676
v -0.00024408 0.01181492 -0.00690695
v -0.00043761 0.01189778 -0.00690839
v 0.00149997 -0.00320332 -0.0112572
v 0.00148051 -0.00264315 -0.01107011
v 0.00142383 -0.0005355 -0.0109624
v 0.00133261 0.00154543 -0.01071042
v 0.00120951 0.00332042 -0.01035249
v 0.00105719 0.00503526 -0.00989939
v 0.00087833 0.00667545 -0.00936322
v 0.0006767 0.00822743 -0.00875661
v 0.0004579 0.00967779 -0.00808923
v 0.00017625 0.01101371 -0.00736383
v -8.254E-05 0.01178232 -0.00690638
v 0.00149998 -0.00045152 -0.01143476
v 0.00148051 -0.00053993 -0.01119213
v 0.00142383 0.0015577 -0.01092851
v 0.00133261 0.00334517 -0.01055269
v 0.00120951 0.00506944 -0.0100758
v 0.00105719 0.00671491 -0.0095103
v 0.00087833 0.00826735 -0.00887075
v 0.0006767 0.00971336 -0.00816979
v 0.0004579 0.01104301 -0.00741741
v 8.287E-05 0.01178236 -0.00690638
v 0.00148051 0.0015706 -0.01115778
v 0.00149999 0.00231017 -0.01134682
v 0.00148051 0.00340014 -0.01099716
v 0.0015 0.00501639 -0.01099084
v 0.00148051 0.005193 -0.01071354
v 0.0015 0.00713372 -0.0105041
v 0.00148051 0.00692988 -0.01031152
v 0.00148051 0.00859153 -0.00979779
v 0.00142383 0.00851572 -0.00958101
v 0.00142383 0.01006606 -0.00896898
v 0.00133261 0.00997784 -0.00876907
v 0.00133261 0.01139958 -0.00806948
v 0.00120951 0.0113027 -0.00789233
v 0.00120951 0.01258142 -0.00711752
v 0.00105719 0.012481 -0.00696835
v 0.00114339 0.0127164 -0.00692268
v 0.00095758 0.01239861 -0.00691714
v 0.0015 0.00913962 -0.00985234
v 0.00148051 0.01015881 -0.00917913
v 0.00142383 0.01150445 -0.00826122
v 0.00133261 0.01269417 -0.00728498
v 0.00137388 0.01333234 -0.00693343
v 0.0015 0.01093393 -0.00908171
v 0.00148051 0.0116147 -0.00846278
v 0.00142383 0.01281621 -0.00746622
v 0.0015 0.01271977 -0.00808599
v 0.00148051 0.01294451 -0.00765674
v 0.00149015 0.01401903 -0.00694542
v 0.0015 0.01428424 -0.00695005
v 0.00105719 0.01121641 -0.00773452
v 0.00074321 0.01213595 -0.00691255
v 0.00087833 0.0111433 -0.00760082
v 0.0005802 0.01199141 -0.00691003
v 0.0006767 0.01108526 -0.00749468
v 0.00039707 0.01187635 -0.00690802
v 0.0002438 0.01181484 -0.00690695
v -0.00132189 0.00996976 -0.0087517
v -0.00110645 0.00833541 -0.00906537
v -0.00082103 0.00666522 -0.00932514
v -0.00048172 0.00496734 -0.00954892
v -0.00011189 0.00324562 -0.00974727
v 0.00087833 0.0097622 -0.00828044
v 0.00105719 0.00982372 -0.00841983
v 0.00120951 0.00989632 -0.00858436
v 0.00105719 0.00831763 -0.00901454
v 0.00120951 0.00837698 -0.00918426
v 0.00120951 0.00676149 -0.00968391
v 0.00133261 0.00844361 -0.00937479
v 0.00133261 0.00681378 -0.00987881
v 0.00133261 0.00510781 -0.01027385
v 0.00142383 0.00687038 -0.01008976
v 0.00142383 0.00514934 -0.01048821
v 0.00142383 0.00337196 -0.01076938
v -0.00132189 -0.00259878 -0.01060455
v -0.00132189 -0.00462944 -0.01033405
v -0.00132189 -0.00659299 -0.00991631
v -0.00110645 -0.00256946 -0.01029709
v -0.00110645 -0.00457642 -0.01002989
v -0.00110645 -0.00651573 -0.00961761
v -0.00110645 -0.00835729 -0.00906352
v -0.00082103 -0.00254614 -0.01005242
v -0.00082103 -0.00453425 -0.00978784
v -0.00082103 -0.00645427 -0.00937991
v -0.00082103 -0.00827592 -0.008832
v -0.00082103 -0.00997018 -0.00815005
v -0.00048172 -0.00253043 -0.00988758
v -0.00048172 -0.00450587 -0.00962477
v -0.00048172 -0.00641292 -0.00921976
v -0.00048172 -0.00822117 -0.00867602
v -0.00048172 -0.00990149 -0.00799963
v -0.00048172 -0.01142988 -0.00720726
v -0.00011189 -0.00252348 -0.00981463
v -0.00011189 -0.00449332 -0.00955259
v -0.00011189 -0.00639464 -0.00914888
v -0.00011189 -0.00819696 -0.00860698
v -0.00011189 -0.00987111 -0.00793305
v -0.00011189 -0.01139308 -0.00714397
v -0.00011189 -0.01274019 -0.0062593
v 0.00017625 -0.00252424 -0.00982265
v 0.00017625 -0.00449471 -0.00956053
v 0.00017625 -0.00639666 -0.00915667
v 0.00017625 -0.00819964 -0.00861457
v 0.00017625 -0.00987446 -0.00794036
v 0.00017625 -0.01139714 -0.00715092
v 0.00017625 -0.01274497 -0.00626577
v 0.00017625 -0.01362857 -0.00555077
v 0.0004579 -0.00253004 -0.00988348
v 0.0004579 -0.00450518 -0.0096207
v 0.0004579 -0.00641193 -0.00921577
v 0.0004579 -0.00821985 -0.00867212
v 0.0004579 -0.00989982 -0.00799587
v 0.0004579 -0.01142784 -0.00720369
v 0.0004579 -0.01278123 -0.00631489
v 0.0004579 -0.01366908 -0.00559645
v 0.0004579 -0.01444226 -0.0048428
v 0.0006767 -0.0025384 -0.00997119
v 0.0006767 -0.00452029 -0.00970748
v 0.0006767 -0.00643394 -0.00930099
v 0.0006767 -0.008249 -0.00875513
v 0.0006767 -0.00993639 -0.00807592
v 0.0006767 -0.01147212 -0.00727978
v 0.0006767 -0.01283351 -0.00638573
v 0.0006767 -0.01372751 -0.00566233
v 0.0006767 -0.01450683 -0.00490269
v 0.0006767 -0.01516792 -0.00411469
v 0.00087833 -0.00454104 -0.00982667
v 0.00105719 -0.00650226 -0.00956549
v 0.00120951 -0.00839898 -0.00918226
v 0.00133261 -0.01020839 -0.00867135
v 0.00142383 -0.01191139 -0.00803459
v 0.00087833 -0.00646417 -0.00941804
v 0.00087833 -0.00828903 -0.00886914
v 0.00087833 -0.00998661 -0.00818587
v 0.00087833 -0.01153294 -0.00738429
v 0.00087833 -0.01290532 -0.00648303
v 0.00087833 -0.01380776 -0.00575281
v 0.00087833 -0.01459551 -0.00498494
v 0.00087833 -0.01526472 -0.00418717
v 0.00087833 -0.01581138 -0.00336742
v 0.00105719 -0.00833946 -0.00901275
v 0.00120951 -0.01012455 -0.00848783
v 0.00133261 -0.0118015 -0.00784578
v 0.00142383 -0.01335215 -0.00708842
v 0.00105719 -0.01004987 -0.00832436
v 0.00105719 -0.01160955 -0.00751595
v 0.00105719 -0.01299577 -0.00660559
v 0.00105719 -0.01390886 -0.00586678
v 0.00105719 -0.01470722 -0.00508856
v 0.00105719 -0.01538666 -0.00427849
v 0.00105719 -0.01594285 -0.00344428
v 0.00105719 -0.01637266 -0.00259339
v 0.00120951 -0.01169998 -0.00767134
v 0.00133261 -0.01322241 -0.00691265
v 0.00142383 -0.01430717 -0.00631575
v 0.00120951 -0.01310254 -0.00675025
v 0.00120951 -0.01402819 -0.0060013
v 0.00120951 -0.01483907 -0.00521085
v 0.00120951 -0.01553058 -0.00438626
v 0.00120951 -0.01609802 -0.00353499
v 0.00120951 -0.0165378 -0.00266438
v 0.00120951 -0.01685071 -0.00178139
v 0.00133261 -0.01416216 -0.00615231
v 0.00142383 -0.01514731 -0.00549671
v -0.00082103 -0.01456659 -0.00495821
v -0.00082103 -0.01523316 -0.00416363
v -0.00082103 -0.01577735 -0.00334762
v -0.00082103 -0.01619654 -0.00251776
v -0.00082103 -0.01649316 -0.0016804
v 0.00133261 -0.01498709 -0.00534814
v 0.00133261 -0.01569216 -0.00450724
v 0.00133261 -0.01627223 -0.00363681
v 0.00133261 -0.01672319 -0.00274406
v 0.00133261 -0.01704495 -0.00183628
v -0.00048172 -0.01510073 -0.00406444
v -0.00011189 -0.01557138 -0.00322714
v 0.00017625 -0.01598474 -0.00242664
v 0.0004579 -0.01633001 -0.00163421
v 0.00142383 -0.01586704 -0.00463816
v -0.00048172 -0.01563457 -0.00326412
v -0.00048172 -0.01604459 -0.00245242
v -0.00048172 -0.01633396 -0.00163538
v 0.00142383 -0.01646078 -0.003747
v 0.00142383 -0.01692385 -0.00283029
v 0.00142383 -0.01725518 -0.00189568
v -0.00011189 -0.01597734 -0.00242348
v 0.00017625 -0.01627126 -0.00161761
v -0.00011189 -0.01626351 -0.00161543
v -0.00248542 0.01470608 -0.00625731
v -0.00249636 0.01487251 -0.00661026
v -0.00248542 0.01469386 -0.0069572
v -0.00249636 0.01486945 -0.00678524
v -0.00249636 0.0148664 -0.00696021
v -0.00247064 0.01552115 -0.00679661
v -0.00247064 0.0155181 -0.00697159
v -0.00232762 0.0161709 -0.00680795
v -0.00232762 0.01616784 -0.00698293
v -0.00220381 0.01649612 -0.00681363
v -0.00212749 0.01665259 -0.00699139
v -0.00183508 0.01711366 -0.00682441
v -0.00183508 0.01711061 -0.00699938
v -0.00152995 0.0174427 -0.00683015
v -0.00152995 0.01743964 -0.00700513
v -0.00115796 0.01772091 -0.00683501
v -0.00115796 0.01771786 -0.00700998
v -0.00078092 0.01790542 -0.00683823
v -0.00078092 0.01790236 -0.0070132
v -0.00036905 0.01801833 -0.0068402
v -0.00036905 0.01801527 -0.00701517
v 6.125E-05 0.01804882 -0.00684073
v 6.125E-05 0.01804577 -0.00701571
v 0.00048383 0.01799541 -0.0068398
v 0.00048383 0.01799236 -0.00701477
v 0.00092096 0.01784673 -0.00683721
v 0.00092096 0.01784368 -0.00701218
v 0.00130341 0.0176251 -0.00683334
v 0.00130341 0.01762204 -0.00700831
v 0.00169121 0.01728287 -0.00682736
v 0.00169121 0.01727981 -0.00700234
v 0.00200357 0.01687314 -0.00682021
v 0.00200357 0.01687009 -0.00699519
v 0.00220339 0.01649722 -0.00681365
v 0.0022832 0.01629754 -0.00698519
v 0.00235005 0.01609912 -0.0068067
v 0.00244621 0.0156814 -0.00697444
v 0.00244621 0.01568446 -0.00679946
v 0.0025 0.01503707 -0.00696319
v 0.00244621 0.01568751 -0.00662449
v 0.0025 0.01504929 -0.0062633
v 0.00244621 0.01569362 -0.00627454
v 0.00235005 0.01610217 -0.00663173
v 0.0022832 0.01630975 -0.0062853
v 0.00220339 0.01650027 -0.00663868
v 0.00200357 0.0168823 -0.00629529
v 0.00200357 0.01687619 -0.00664524
v 0.00169121 0.01728592 -0.00665239
v -0.00249636 0.01487862 -0.00626032
v -0.00247064 0.01553031 -0.00627169
v -0.00247064 0.01552421 -0.00662164
v -0.00232762 0.01618006 -0.00628304
v -0.00232762 0.01617395 -0.00663298
v -0.00220381 0.01649917 -0.00663866
v -0.00212749 0.01666481 -0.0062915
v -0.00183508 0.01711672 -0.00664944
v -0.00183508 0.01712282 -0.00629949
v -0.00152995 0.01745186 -0.00630523
v -0.00152995 0.01744575 -0.00665518
v -0.00115796 0.01773008 -0.00631009
v -0.00115796 0.01772397 -0.00666004
v -0.00078092 0.01791458 -0.00631331
v -0.00078092 0.01790847 -0.00666326
v -0.00036905 0.01802749 -0.00631528
v -0.00036905 0.01802138 -0.00666523
v 6.125E-05 0.01805798 -0.00631581
v 6.125E-05 0.01805188 -0.00666576
v 0.00048383 0.01800457 -0.00631488
v 0.00048383 0.01799846 -0.00666483
v 0.00092096 0.01785589 -0.00631229
v 0.00092096 0.01784978 -0.00666223
v 0.00130341 0.01763426 -0.00630842
v 0.00130341 0.01762815 -0.00665836
v 0.00169121 0.01729203 -0.00630244
v 0.00149015 0.01401903 -0.00694542
v 0.0015 0.01428424 -0.00695005
v 0.00239507 0.0141201 -0.00694718
v 0.00146428 0.01477547 -0.00695862
v 0.0025 0.01503707 -0.00696319
v 0.00135586 0.01523929 -0.00696672
v 0.00244621 0.0156814 -0.00697444
v 0.0022832 0.01629754 -0.00698519
v 0.00118939 0.01562957 -0.00697353
v 0.00200357 0.01687009 -0.00699519
v 0.00096912 0.01595429 -0.0069792
v 0.00169121 0.01727981 -0.00700234
v 0.00076624 0.01615501 -0.0069827
v 0.00130341 0.01762204 -0.00700831
v 0.000528 0.01631245 -0.00698545
v 0.00092096 0.01784368 -0.00701218
v 0.00031496 0.01639802 -0.00698695
v 0.00048383 0.01799236 -0.00701477
v 8.86E-05 0.01644004 -0.00698768
v 6.125E-05 0.01804577 -0.00701571
v -0.00012667 0.01643631 -0.00698761
v -0.00036905 0.01801527 -0.00701517
v -0.00033823 0.01639093 -0.00698682
v -0.00078092 0.01790236 -0.0070132
v -0.00055333 0.01629903 -0.00698522
v -0.00115796 0.01771786 -0.00700998
v -0.00074936 0.01616862 -0.00698294
v -0.00152995 0.01743964 -0.00700513
v -0.00096199 0.01596266 -0.00697935
v -0.00183508 0.01711061 -0.00699938
v -0.00212749 0.01665259 -0.00699139
v -0.00113685 0.01572094 -0.00697513
v -0.00232762 0.01616784 -0.00698293
v -0.00131273 0.01536092 -0.00696884
v -0.00247064 0.0155181 -0.00697159
v -0.00143399 0.01494508 -0.00696159
v -0.00249636 0.0148664 -0.00696021
v -0.00248542 0.01469386 -0.0069572
v -0.0015 0.01428395 -0.00694971
v -0.00236652 0.01400136 -0.00694511
v -0.00146154 0.01375823 -0.00694087
v -0.00213109 0.01334731 -0.0069337
v -0.00184233 0.01283908 -0.00692483
v -0.00130632 0.01310991 -0.00692955
v -0.00145643 0.01238635 -0.00691692
v -0.00104938 0.01254276 -0.00691965
v -0.00112925 0.01212343 -0.00691233
v -0.00084494 0.01224912 -0.00691453
v -0.00071933 0.0119083 -0.00690858
v -0.00061157 0.01201597 -0.00691046
v -0.00043761 0.01189778 -0.00690839
v -0.00035591 0.01180361 -0.00690675
v -0.00024408 0.01181492 -0.00690695
v -8.254E-05 0.01178232 -0.00690638
v 3.841E-05 0.01177044 -0.00690617
v 8.287E-05 0.01178236 -0.00690638
v 0.00040895 0.01181425 -0.00690694
v 0.0002438 0.01181484 -0.00690695
v 0.00039707 0.01187635 -0.00690802
v 0.0005802 0.01199141 -0.00691003
v 0.00075514 0.01192279 -0.00690883
v 0.00074321 0.01213595 -0.00691255
v 0.00111274 0.01211266 -0.00691215
v 0.00095758 0.01239861 -0.00691714
v 0.00141126 0.01234444 -0.00691619
v 0.00114339 0.0127164 -0.00692268
v 0.00168805 0.01263532 -0.00692127
v 0.00137388 0.01333234 -0.00693343
v 0.00190919 0.01294106 -0.0069266
v 0.00219933 0.01350215 -0.0069364
v -0.00249636 0.01487862 -0.00626032
v -0.00248542 0.01470608 -0.00625731
v -7.35E-06 0.01492696 -0.00626116
v -0.00236652 0.01401358 -0.00624522
v -0.00213109 0.01335952 -0.0062338
v -0.00184233 0.01285129 -0.00622493
v -0.00145643 0.01239857 -0.00621703
v -0.00112925 0.01213565 -0.00621244
v -0.00071933 0.01192052 -0.00620868
v -0.00035591 0.01181583 -0.00620686
v 3.841E-05 0.01178266 -0.00620628
v 0.00040895 0.01182647 -0.00620704
v 0.00075514 0.01193501 -0.00620894
v 0.00111274 0.01212488 -0.00621225
v 0.00141126 0.01235666 -0.0062163
v 0.00168805 0.01264753 -0.00622137
v 0.00190919 0.01295328 -0.00622671
v 0.00219933 0.01351436 -0.00623651
v 0.00239507 0.01413232 -0.00624729
v 0.0025 0.01504929 -0.0062633
v 0.00244621 0.01569362 -0.00627454
v 0.0022832 0.01630975 -0.0062853
v 0.00200357 0.0168823 -0.00629529
v 0.00169121 0.01729203 -0.00630244
v 0.00130341 0.01763426 -0.00630842
v 0.00092096 0.01785589 -0.00631229
v 0.00048383 0.01800457 -0.00631488
v 6.125E-05 0.01805798 -0.00631581
v -0.00036905 0.01802749 -0.00631528
v -0.00078092 0.01791458 -0.00631331
v -0.00115796 0.01773008 -0.00631009
v -0.00152995 0.01745186 -0.00630523
v -0.00183508 0.01712282 -0.00629949
v -0.00212749 0.01666481 -0.0062915
v -0.00232762 0.01618006 -0.00628304
v -0.00247064 0.01553031 -0.00627169
vn -0.96714 0.00444 0.2542
vn -0.99647 0.00147 0.08397
vn -0.97688 0.00373 0.21376
vn -0.99647 0.00147 0.08397
vn -0.97688 0.00373 0.21377
vn -0.96714 0.00441 0.2542
vn -0.90687 0.00734 0.42134
vn -0.90691 0.00735 0.42127
vn -0.82264 0.00994 0.56847
vn -0.82265 0.00993 0.56846
vn -0.68881 0.01266 0.72483
vn -0.68881 0.01266 0.72483
vn -0.60619 0.01386 0.7952
vn -0.68882 0.01265 0.72482
vn -0.60613 0.01393 0.79524
vn -0.68884 0.01266 0.7248
vn -0.55556 0.01449 0.83135
vn -0.4985 0.01515 0.86676
vn -0.36651 0.01622 0.93027
vn -0.36652 0.01624 0.93027
vn -0.18469 0.01715 0.98265
vn -0.1847 0.01715 0.98265
vn 0.01998 0.01745 0.99965
vn 0.02004 0.01745 0.99965
vn 0.21172 0.01706 0.97718
vn -0.55555 0.01448 0.83136
vn -0.49856 0.01514 0.86672
vn -0.3665 0.01624 0.93027
vn -0.3665 0.01624 0.93028
vn -0.18467 0.01714 0.98265
vn 0.21176 0.01707 0.97717
vn 0.3839 0.01613 0.92323
vn 0.38382 0.01612 0.92327
vn 0.54836 0.01459 0.83612
vn 0.54833 0.01459 0.83613
vn 0.67131 0.01294 0.74107
vn 0.6713 0.01294 0.74107
vn 0.77228 0.01109 0.63518
vn 0.77224 0.01109 0.63523
vn 0.84335 0.00939 0.53728
vn 0.84336 0.00938 0.53728
vn 0.92493 0.00664 0.38008
vn 0.92494 0.00663 0.38004
vn 0.9744 0.00391 0.2248
vn 0.97439 0.00393 0.22482
vn 0.98837 0.00265 0.15206
vn 0.9744 0.00392 0.22479
vn 0.98837 0.00267 0.15204
vn 0.9744 0.00393 0.2248
vn 1 -3E-05 2E-05
vn 1 2E-05 3E-05
vn 0.92497 0.00663 0.37999
vn 0.92494 0.00663 0.38005
vn 0.84335 0.00938 0.53728
vn 0.84337 0.00938 0.53726
vn 0.77225 0.01109 0.63523
vn 0.77227 0.01109 0.6352
vn 0.67131 0.01293 0.74107
vn 0.67152 0.01293 0.74087
vn 0.54834 0.0146 0.83613
vn 0.54832 0.01459 0.83614
vn 0.38391 0.01612 0.92323
vn 0.38387 0.01611 0.92325
vn 0.21177 0.01705 0.97717
vn 0.2118 0.01706 0.97716
vn 0.01998 0.01745 0.99965
vn 0.01997 0.01745 0.99965
vn -0.18466 0.01715 0.98265
vn -0.82264 0.00992 0.56848
vn -0.82265 0.00993 0.56846
vn -0.90692 0.00735 0.42123
vn -0.90687 0.00735 0.42134
vn -1 -0 -1E-05
vn -1 1E-05 -8E-05
vn -0.98219 1E-05 0.18788
vn -0.98664 -0.02373 0.16117
vn -0.94947 -0.04568 0.31052
vn -0.98661 -0.04611 0.15644
vn -0.94935 -0.08885 0.30141
vn -0.98662 -0.06662 0.14881
vn -0.94933 -0.12837 0.28687
vn -0.94947 -0.16358 0.26787
vn -0.89102 -0.23651 0.38749
vn -0.89124 -0.28043 0.35643
vn -0.81192 -0.36092 0.45883
vn -0.81197 -0.40824 0.41718
vn -0.71004 -0.49251 0.50327
vn -0.70982 -0.53979 0.45253
vn -0.58358 -0.62234 0.52165
vn -0.58335 -0.66698 0.4635
vn -0.4453 -0.73527 0.51097
vn -0.44524 -0.78671 0.4276
vn -0.30242 -0.83751 0.4551
vn -0.30238 -0.87888 0.36896
vn -0.12158 -0.91518 0.38426
vn -0.12151 -0.94715 0.2969
vn 0.06649 -0.95215 0.29831
vn 0.06654 -0.97459 0.2139
vn 0.31924 -0.92566 0.2031
vn 0.31932 -0.9391 0.12697
vn 0.54817 -0.82883 0.11201
vn 0.54812 -0.83508 0.04691
vn 0.74233 -0.66898 0.03756
vn 0.74217 -0.67006 -0.01412
vn 0.88215 -0.47086 -0.00987
vn 0.88199 -0.46895 -0.0468
vn 0.96839 -0.2482 -0.02469
vn 0.96838 -0.24584 -0.04251
vn 1 -0.00125 -0.00023
vn 0.96845 -0.24175 -0.06055
vn 1 -0.00051 -0.00014
vn 0.9684 -0.23646 -0.07925
vn 1 -0.00057 -0.00021
vn 0.96841 -0.22926 -0.0981
vn 1 -0.00069 -0.00033
vn 0.96846 -0.21964 -0.11767
vn 1 -0.00053 -0.00034
vn 0.96845 -0.20762 -0.13784
vn 1 -0.00037 -0.0003
vn 0.96843 -0.19221 -0.15873
vn 0.97466 -0.1683 -0.14736
vn 0.90343 -0.31543 -0.29039
vn 0.8821 -0.36318 -0.30001
vn 0.79694 -0.43584 -0.41825
vn 0.74211 -0.51671 -0.42695
vn 0.65107 -0.53865 -0.53476
vn 0.54801 -0.64479 -0.53284
vn 0.51255 -0.60307 -0.61123
vn 0.3192 -0.73052 -0.6037
vn 0.35174 -0.65205 -0.67164
vn 0.20476 -0.67875 -0.70524
vn 0.06653 -0.7691 -0.63566
vn -0.08904 -0.68932 -0.71896
vn -0.12173 -0.7651 -0.6323
vn -0.22406 -0.67608 -0.70194
vn -0.30266 -0.73467 -0.60718
vn -0.36248 -0.64968 -0.66823
vn -0.44552 -0.69014 -0.57028
vn -0.49314 -0.61057 -0.61969
vn -0.5836 -0.62597 -0.51727
vn -0.64277 -0.54343 -0.53994
vn -0.70986 -0.54297 -0.44864
vn -0.76301 -0.46424 -0.44977
vn -0.81183 -0.45014 -0.37189
vn -0.87684 -0.3516 -0.32792
vn -0.8912 -0.34969 -0.28891
vn -0.95467 -0.22215 -0.19813
vn -0.94957 -0.24175 -0.19967
vn -0.98669 -0.12538 -0.10355
vn -0.98669 -0.13546 -0.08994
vn -1 -0.00014 -0.00012
vn -1 0.00028 0.00017
vn -0.9867 -0.14331 -0.07673
vn -1 2E-05 1E-05
vn -0.98667 -0.14952 -0.06425
vn -0.98669 -0.15418 -0.05171
vn -0.94953 -0.28838 -0.12343
vn -0.94948 -0.29755 -0.09973
vn -0.89117 -0.41709 -0.17848
vn -0.89105 -0.43039 -0.14422
vn -0.81176 -0.53691 -0.22974
vn -0.8117 -0.55383 -0.18554
vn -0.70979 -0.64763 -0.27709
vn -0.70964 -0.66808 -0.22379
vn -0.58344 -0.74657 -0.31975
vn -0.58331 -0.77007 -0.25835
vn -0.44549 -0.82307 -0.35227
vn -0.44538 -0.84899 -0.28435
vn -0.3026 -0.8763 -0.37487
vn -0.30253 -0.90381 -0.30265
vn -0.12171 -0.91255 -0.39042
vn -0.12161 -0.94119 -0.31523
vn 0.06653 -0.91737 -0.39243
vn 0.06653 -0.94615 -0.31682
vn 0.3191 -0.87133 -0.37279
vn 0.31905 -0.89868 -0.30095
vn 0.54796 -0.76908 -0.32901
vn 0.54779 -0.7933 -0.2657
vn 0.74196 -0.61639 -0.26374
vn 0.74195 -0.63574 -0.21295
vn 0.88204 -0.43319 -0.18537
vn 0.882 -0.44684 -0.14971
vn -1 3E-05 -0.00012
vn -1 5E-05 -0.00015
vn -1 4E-05 -7E-05
vn -0.98668 -0.08484 0.13877
vn -0.94958 -0.19388 0.24637
vn -0.89122 -0.3172 0.32421
vn -0.81183 -0.44743 0.37515
vn -0.70961 -0.57858 0.40211
vn -0.58329 -0.71368 0.38785
vn -0.44519 -0.82562 0.34663
vn -0.30239 -0.90959 0.28497
vn -0.12178 -0.96949 0.21274
vn 0.06657 -0.98878 0.13369
vn 0.31947 -0.94611 0.05312
vn 0.54819 -0.83617 -0.01769
vn 0.74193 -0.66715 -0.06669
vn 0.88187 -0.4646 -0.08038
vn -1 1E-05 -2E-05
vn -0.98667 -0.10063 0.12787
vn -0.94955 -0.2193 0.22418
vn -0.89119 -0.34758 0.29149
vn -0.81165 -0.47963 0.33343
vn -0.7096 -0.61909 0.33644
vn -0.58322 -0.74896 0.3145
vn -0.44518 -0.85447 0.26777
vn -0.30256 -0.93098 0.2043
vn -0.12169 -0.98361 0.13307
vn 0.0666 -0.99621 0.05593
vn 0.31937 -0.94742 -0.0201
vn 0.54783 -0.83244 -0.08323
vn 0.74172 -0.66089 -0.11437
vn 0.88193 -0.45717 -0.11491
vn -1 -1E-05 1E-05
vn -1 -0 -0
vn -0.9867 -0.11368 0.11619
vn -1 -1E-05 1E-05
vn -0.98659 -0.12506 0.10485
vn -1 -1E-05 1E-05
vn -0.98667 -0.13363 0.09291
vn -1 1E-05 -1E-05
vn -0.98668 -0.14293 0.0777
vn -1 8E-05 -4E-05
vn -0.98668 -0.15001 0.063
vn -1 0 -0
vn -0.98668 -0.15525 0.04849
vn -1 3E-05 -1E-05
vn -0.98667 -0.15896 0.03499
vn -0.98669 -0.16113 0.0217
vn -0.94958 -0.3107 0.04191
vn -0.94963 -0.31288 0.01757
vn -0.89127 -0.45275 0.02543
vn -0.8912 -0.45351 -0.00952
vn -0.81194 -0.58362 -0.01227
vn -0.81173 -0.58115 -0.05805
vn -0.70974 -0.70097 -0.07008
vn -0.70949 -0.69439 -0.12018
vn -0.58321 -0.80036 -0.1389
vn -0.58321 -0.78779 -0.19812
vn -0.44551 -0.86825 -0.21835
vn -1 8E-05 -1E-05
vn -0.98672 -0.1622 0.00911
vn -0.94954 -0.31356 -0.00656
vn -0.89113 -0.4515 -0.04506
vn -0.8115 -0.5758 -0.09965
vn -0.70956 -0.6834 -0.17172
vn -1 0.00103 -2E-05
vn -0.9867 -0.16249 -0.00338
vn -0.94953 -0.31213 -0.03111
vn -0.89101 -0.44733 -0.07739
vn -0.81156 -0.56666 -0.14241
vn -1 0.00081 7E-05
vn -0.9867 -0.16178 -0.01617
vn -0.94946 -0.30929 -0.0535
vn -0.89099 -0.44032 -0.11068
vn -0.98666 -0.16044 -0.02776
vn -1 -2E-05 -0
vn -0.98667 -0.15783 -0.03969
vn -1 -1E-05 -1E-05
vn 0.05102 -0.69102 -0.72104
vn 1 -0.00191 -0.00015
vn 0.96848 -0.24905 -0.00521
vn 0.8822 -0.47013 0.0264
vn 0.74223 -0.66412 0.08969
vn 0.54782 -0.81716 0.1793
vn 0.31894 -0.90442 0.28337
vn 0.06652 -0.92001 0.38622
vn -0.1216 -0.8721 0.47398
vn -0.30247 -0.78272 0.54394
vn -0.44554 -0.68593 0.57532
vn -0.58366 -0.56772 0.58055
vn -0.70998 -0.43534 0.55353
vn -0.81158 -0.30428 0.49875
vn -0.89082 -0.18555 0.41475
vn -0.89075 -0.12854 0.43594
vn -0.89096 -0.06622 0.44922
vn -0.92923 -3E-05 0.36951
vn 1 -0.00226 4E-05
vn 0.9685 -0.24863 0.01398
vn 0.88216 -0.46672 0.06298
vn 0.74196 -0.65489 0.14357
vn 0.54752 -0.79851 0.25021
vn 0.31905 -0.87386 0.36685
vn 0.06652 -0.87672 0.47639
vn -0.12169 -0.8151 0.5664
vn -0.30264 -0.7305 0.61219
vn -0.4457 -0.62613 0.63978
vn -0.58362 -0.50175 0.63847
vn -0.70962 -0.36687 0.60154
vn -0.81128 -0.23869 0.53371
vn -0.81119 -0.16543 0.56089
vn -0.81147 -0.0853 0.57814
vn -0.84034 -0 0.54206
vn 1 -0.00303 0.00035
vn 0.96847 -0.24689 0.03341
vn 0.88197 -0.46038 0.10087
vn 0.74172 -0.64005 0.20047
vn 0.54761 -0.77149 0.32393
vn 0.31912 -0.83272 0.45248
vn 0.06651 -0.81937 0.56939
vn -0.12169 -0.7607 0.63759
vn -0.30279 -0.66662 0.68112
vn -0.44564 -0.55328 0.70376
vn -0.58326 -0.42276 0.6936
vn -0.70915 -0.28777 0.64365
vn -0.70911 -0.19951 0.67628
vn -0.70944 -0.10296 0.6972
vn -0.7117 1E-05 0.70249
vn 1 -0.00257 0.00056
vn 0.96841 -0.24359 0.05332
vn 0.8819 -0.44989 0.14088
vn 0.74171 -0.61842 0.25967
vn 0.54768 -0.73515 0.39951
vn 0.31913 -0.77824 0.54084
vn 0.06656 -0.76476 0.64086
vn -0.12175 -0.69417 0.70944
vn -0.30272 -0.58905 0.74925
vn -0.44524 -0.46589 0.76467
vn -0.58277 -0.33156 0.74192
vn -0.58263 -0.22988 0.77955
vn -0.58297 -0.11858 0.80379
vn 1 -0.00185 0.00058
vn 0.96837 -0.23812 0.07455
vn 0.88189 -0.43469 0.18254
vn 0.74173 -0.5893 0.32026
vn 0.54774 -0.68702 0.47747
vn 0.31925 -0.72633 0.60871
vn 0.0666 -0.69791 0.71309
vn -0.12177 -0.61338 0.78034
vn -0.30244 -0.49602 0.81394
vn -0.44479 -0.36538 0.81772
vn -0.44467 -0.25331 0.85913
vn -0.44501 -0.13151 0.88582
vn -0.54247 4E-05 0.84008
vn 1 -0.00142 0.00056
vn 0.96839 -0.22999 0.09658
vn 0.88189 -0.41424 0.22513
vn 0.74179 -0.55066 0.38279
vn 0.54789 -0.64109 0.53742
vn 0.31941 -0.66281 0.67725
vn 0.06659 -0.61665 0.78441
vn -0.1216 -0.51641 0.84766
vn -0.3021 -0.3889 0.87034
vn -0.30205 -0.26983 0.91431
vn -0.3023 -0.13952 0.94295
vn -0.36172 1E-05 0.93229
vn 1 -0.00106 0.0005
vn 0.96835 -0.2193 0.1192
vn 0.88192 -0.38704 0.2691
vn 0.74197 -0.51376 0.43073
vn 0.54815 -0.58498 0.59777
vn 0.3194 -0.58569 0.74495
vn 0.06652 -0.51919 0.85207
vn -0.12138 -0.4048 0.90631
vn -0.12146 -0.28093 0.95201
vn -0.1216 -0.14539 0.98187
vn -0.18246 2E-05 0.98321
vn 1 -0.00087 0.00051
vn 0.96838 -0.20483 0.14241
vn 0.88203 -0.36103 0.30277
vn 0.74217 -0.46876 0.47901
vn 0.5481 -0.51698 0.65751
vn 0.31905 -0.49318 0.80931
vn 0.3186 -0.38667 0.86544
vn 0.06646 -0.40702 0.911
vn 0.31862 -0.26829 0.90912
vn 0.06641 -0.28245 0.95698
vn 0.31888 -0.13876 0.93758
vn 0.06646 -0.1461 0.98704
vn 0.1756 1E-05 0.98446
vn -0.0072 -1E-05 0.99997
vn 1 -0.00048 0.00034
vn 0.96838 -0.19111 0.16038
vn 0.88216 -0.32938 0.33661
vn 0.74208 -0.41438 0.52688
vn 0.54767 -0.4355 0.71442
vn 0.54717 -0.34153 0.76417
vn 0.54706 -0.23687 0.80288
vn 0.54758 -0.12237 0.82776
vn 0.36812 2E-05 0.92978
vn 1 -0.0003 0.00026
vn 0.96843 -0.17432 0.1782
vn 0.88213 -0.29125 0.37017
vn 0.74172 -0.34925 0.57261
vn 0.74132 -0.27396 0.6127
vn 0.74126 -0.18991 0.64379
vn 0.74169 -0.09797 0.66355
vn 0.71277 -0 0.7014
vn 0.54949 2E-05 0.8355
vn 1 -0.00017 0.00018
vn 0.9684 -0.15423 0.19601
vn 0.88188 -0.24564 0.40243
vn 0.88165 -0.19271 0.43077
vn 0.88162 -0.13349 0.4527
vn 0.88186 -0.06873 0.46647
vn 0.83934 0 0.54361
vn 1 -9E-05 0.00012
vn 0.96837 -0.13008 0.21293
vn 0.96827 -0.1021 0.2281
vn 0.96827 -0.07064 0.2397
vn 0.96836 -0.0363 0.2469
vn 0.92853 1E-05 0.37125
vn 1 -3E-05 5E-05
vn 1 3E-05 -6E-05
vn 1 4E-05 -0.00012
vn 1 1E-05 -5E-05
vn 0.98209 3E-05 0.1884
vn 1 0 3E-05
vn -0.94954 -0.2403 0.20159
vn -0.89104 -0.37273 0.25906
vn -0.81162 -0.51329 0.27895
vn -0.70955 -0.64971 0.27279
vn -0.58316 -0.77517 0.24298
vn -0.4454 -0.87454 0.19182
vn -0.30277 -0.94447 0.12768
vn -0.12163 -0.99101 0.05568
vn 0.06658 -0.99756 -0.02118
vn 0.31911 -0.94301 -0.09436
vn 0.54759 -0.82448 -0.14274
vn 0.74175 -0.65045 -0.16345
vn -0.9495 -0.2576 0.17913
vn -0.89102 -0.39885 0.21679
vn -0.81158 -0.53867 0.22619
vn -0.70952 -0.67247 0.21063
vn -0.58347 -0.79327 0.17403
vn -0.44593 -0.88695 0.1203
vn -0.30288 -0.95153 0.05342
vn -0.12167 -0.99235 -0.0211
vn 0.06655 -0.99282 -0.09944
vn 0.31892 -0.93389 -0.1617
vn 0.54759 -0.81152 -0.2039
vn -0.94948 -0.27572 0.14987
vn -0.891 -0.41859 0.17579
vn -0.81154 -0.55759 0.17464
vn -0.70967 -0.68818 0.15091
vn -0.58366 -0.80464 0.1091
vn -0.44607 -0.89358 0.05028
vn -0.30278 -0.95285 -0.02021
vn -0.12171 -0.98763 -0.09887
vn 0.06649 -0.98316 -0.17023
vn 0.31898 -0.9192 -0.2309
vn -0.94944 -0.28944 0.12158
vn -0.89095 -0.43334 0.13573
vn -0.81169 -0.57055 0.12507
vn -0.71007 -0.6978 0.09424
vn -0.58381 -0.81061 0.04561
vn -0.44594 -0.89486 -0.01914
vn -0.30253 -0.9484 -0.09496
vn -0.12159 -0.97802 -0.16938
vn 0.06647 -0.96773 -0.24308
vn -0.94943 -0.29962 0.09384
vn -0.89112 -0.44326 0.09711
vn -0.81198 -0.57843 0.07809
vn -0.71012 -0.70298 0.03947
vn -0.58367 -0.81181 -0.01734
vn -0.44541 -0.89088 -0.0891
vn -0.3024 -0.93921 -0.16261
vn -0.12166 -0.96267 -0.24181
vn -0.94953 -0.30642 0.0671
vn -0.8913 -0.44934 0.06063
vn -0.81207 -0.58264 0.03272
vn -0.71002 -0.70403 -0.01485
vn -0.58346 -0.80812 -0.08072
vn -0.44551 -0.88209 -0.15311
vn -0.30241 -0.92446 -0.23222
vn -0.94946 -0.30442 -0.07654
vn -0.94955 -0.27649 -0.14804
vn -0.94954 -0.26126 -0.17353
vn -0.89121 -0.3999 -0.21407
vn -0.89128 -0.37776 -0.25083
vn -0.81179 -0.51482 -0.27559
vn -0.81187 -0.48636 -0.32299
vn -0.70987 -0.62098 -0.33237
vn -0.70993 -0.58669 -0.38961
vn -0.58361 -0.71593 -0.3832
vn -0.58365 -0.67638 -0.44929
vn -0.44557 -0.78922 -0.42261
vn -0.44561 -0.74567 -0.49539
vn -0.30265 -0.84034 -0.4497
vn -0.30271 -0.79396 -0.52725
vn -0.12169 -0.87509 -0.46841
vn -0.12182 -0.82684 -0.54908
vn 0.06652 -0.87975 -0.47077
vn 0.06654 -0.8312 -0.55198
vn 0.31925 -0.83555 -0.44714
vn 0.31925 -0.78943 -0.52429
vn 0.548 -0.73749 -0.39471
vn 0.54812 -0.69677 -0.46269
vn 0.74203 -0.59103 -0.31635
vn 0.74214 -0.55834 -0.37078
vn 0.88209 -0.41532 -0.22233
vn 0.8821 -0.39241 -0.26059
vn -0.96754 0.1892 -0.16755
vn -1 1E-05 -1E-05
vn -0.98429 0.13758 -0.11061
vn -1 1E-05 -1E-05
vn -0.98427 0.14961 -0.09397
vn -0.98427 0.1589 -0.07719
vn -0.94053 0.30556 -0.14845
vn -0.94067 0.31831 -0.11758
vn -0.87202 0.45913 -0.16963
vn -0.87222 0.47463 -0.11817
vn -0.77841 0.60916 -0.15169
vn -0.77831 0.62152 -0.08916
vn -0.62361 0.77382 -0.11094
vn -0.62316 0.78134 -0.03432
vn -0.49951 0.86549 -0.03774
vn -0.49924 0.86509 0.04874
vn -0.37088 0.92721 0.05224
vn -0.3713 0.91697 0.14598
vn -0.23934 0.95887 0.15262
vn -0.23993 0.93775 0.25111
vn -0.10451 0.96074 0.25702
vn -0.10454 0.92649 0.3615
vn 0.06667 0.92952 0.36269
vn 0.06655 0.87808 0.47386
vn 0.31829 0.8343 0.45014
vn 0.31791 0.78703 0.52869
vn 0.54586 0.69556 0.46716
vn 0.54605 0.64152 0.53877
vn 0.73983 0.51513 0.43277
vn 0.74029 0.46063 0.48969
vn 0.88045 0.32479 0.34543
vn 0.88055 0.27771 0.38408
vn 0.968 0.14704 0.20334
vn 0.96794 0.11714 0.22218
vn 1 0.0007 0.00114
vn 1 0.00035 0.00077
vn 0.96789 0.08222 0.23755
vn 1 0.00013 0.00043
vn 0.96791 0.04281 0.24761
vn 1 2E-05 0.00013
vn -1 -1E-05 1E-05
vn -0.9843 0.16557 -0.0611
vn -0.94075 0.32906 -0.08191
vn -0.87214 0.48429 -0.06951
vn -0.77791 0.62777 -0.02765
vn -0.62287 0.78109 0.04385
vn -0.49973 0.8554 0.13623
vn -0.37187 0.89668 0.24016
vn -0.23997 0.90432 0.35302
vn -0.10434 0.87523 0.47231
vn 0.06644 0.82828 0.55636
vn 0.31806 0.72606 0.60965
vn 0.54644 0.57387 0.60998
vn 0.74037 0.39382 0.54476
vn 0.88028 0.22113 0.41977
vn -1 -0.00056 0.00017
vn -0.98431 0.17124 -0.04261
vn -0.94071 0.33577 -0.04822
vn -0.8718 0.48939 -0.0216
vn -0.77771 0.62763 0.03525
vn -0.62339 0.77219 0.1229
vn -0.5003 0.83636 0.22408
vn -0.37189 0.86477 0.33746
vn -0.23963 0.85442 0.46103
vn -0.10424 0.82559 0.55456
vn 0.06651 0.76419 0.64155
vn 0.31848 0.64968 0.69028
vn 0.54652 0.49055 0.67873
vn 0.73992 0.31336 0.59526
vn 0.88009 0.15527 0.44871
vn -1 -0.00196 0.00038
vn -0.98431 0.17463 -0.02509
vn -0.94055 0.33933 -0.01502
vn -0.87171 0.48926 0.0275
vn -0.77813 0.62028 0.09882
vn -0.62397 0.75488 0.20203
vn -0.50028 0.80664 0.31474
vn -0.37134 0.81716 0.44086
vn -0.23937 0.80594 0.54145
vn -0.10428 0.76171 0.63947
vn 0.06658 0.68387 0.72656
vn 0.31846 0.55528 0.76828
vn 0.54611 0.39007 0.74136
vn 0.7396 0.22006 0.63605
vn 0.88028 0.08082 0.46753
vn -1 -0.00071 7E-05
vn -0.98428 0.17644 -0.00783
vn -0.94047 0.33934 0.01908
vn -0.87204 0.48332 0.07707
vn -0.77857 0.60621 0.1623
vn -0.62393 0.72806 0.28397
vn -0.49963 0.7624 0.41124
vn -0.371 0.77086 0.51781
vn -0.23955 0.74366 0.62417
vn -0.10439 0.68164 0.7242
vn 0.06657 0.5845 0.80866
vn 0.31813 0.44133 0.83906
vn 0.54576 0.27395 0.7919
vn 0.73992 0.11474 0.66284
vn -1 -2E-05 -1E-05
vn -0.98426 0.17643 0.00993
vn -0.94062 0.33521 0.05351
vn -0.87233 0.47227 0.12647
vn -0.77855 0.5847 0.22799
vn -0.62327 0.68829 0.37121
vn -0.49924 0.71921 0.48322
vn -0.37115 0.71105 0.59721
vn -0.23975 0.66533 0.70701
vn -0.10443 0.5826 0.80602
vn 0.0665 0.46445 0.8831
vn 0.31782 0.30991 0.89607
vn 0.54604 0.14302 0.82546
vn -1 0 0
vn -0.98429 0.17432 0.02786
vn -0.9408 0.32741 0.08771
vn -0.87231 0.45556 0.17759
vn -0.77802 0.553 0.29811
vn -0.62287 0.64945 0.43617
vn -0.49944 0.66347 0.55711
vn -0.37152 0.63621 0.67617
vn -0.23978 0.56862 0.78687
vn -0.1043 0.46295 0.88023
vn 0.06642 0.32615 0.94298
vn 0.31804 0.16194 0.93414
vn -1 -0.00108 -0.00024
vn -0.98433 0.17032 0.04565
vn -0.94079 0.31584 0.12309
vn -0.87195 0.431 0.23226
vn -0.77771 0.52188 0.35044
vn -0.62308 0.59893 0.50304
vn -0.49987 0.59355 0.63074
vn -0.37159 0.54377 0.75248
vn -0.23952 0.45194 0.85929
vn -0.10422 0.3251 0.93992
vn 0.06644 0.17046 0.98312
vn -1 -0.00201 -0.00066
vn -0.98435 0.16419 0.064
vn -0.94059 0.29897 0.16094
vn -0.87169 0.40685 0.27318
vn -0.77786 0.48115 0.40425
vn -0.62353 0.53572 0.5694
vn -0.49997 0.50742 0.70182
vn -0.37119 0.43225 0.82181
vn -0.23932 0.31739 0.9176
vn -0.10429 0.1699 0.97993
vn -1 -0.00102 -0.00048
vn -0.98428 0.15554 0.08371
vn -0.9405 0.28212 0.18939
vn -0.87183 0.37497 0.31514
vn -0.77821 0.43027 0.45745
vn -0.62361 0.45798 0.63354
vn -0.49948 0.40337 0.76669
vn -0.37086 0.30349 0.8777
vn -0.23917 0.16557 0.95676
vn -1 1E-05 1E-05
vn -0.9842 0.14698 0.09877
vn -0.94053 0.26 0.21861
vn -0.87205 0.33526 0.35655
vn -0.77828 0.36788 0.50886
vn -0.62311 0.36425 0.69214
vn -0.49908 0.28321 0.81897
vn -0.37112 0.15856 0.91494
vn -1 -1E-05 -1E-05
vn -0.98424 0.13535 0.11384
vn -0.94065 0.23244 0.2473
vn -0.87211 0.28668 0.39653
vn -0.7779 0.29275 0.55603
vn -0.62275 0.2558 0.73943
vn -0.49937 0.14791 0.85367
vn -1 -0 -0
vn -0.98426 0.12102 0.12882
vn -0.94071 0.19876 0.27488
vn -0.87185 0.22825 0.43333
vn -0.77761 0.20559 0.59419
vn -0.62303 0.13349 0.77072
vn -1 1E-05 1E-05
vn -1 -5E-05 -6E-05
vn -0.98427 0.1035 0.14318
vn -1 -0.00032 -0.00049
vn -0.98425 0.08246 0.15638
vn -1 -0.00057 -0.00114
vn -1 -0.00033 -0.00087
vn -0.98421 0.05788 0.16725
vn -1 -0.0001 -0.00042
vn -0.98424 0.03009 0.17426
vn -1 2E-05 -0.00021
vn -0.94054 0.05784 0.33472
vn -0.87181 0.08348 0.48269
vn -0.77781 0.10718 0.61929
vn 1 0.00058 0.00082
vn 1 0.00055 0.00064
vn 0.968 0.17185 0.18285
vn 1 0.00065 0.00063
vn 0.96793 0.19228 0.1617
vn 1 0.00094 0.00077
vn 1 0.00131 0.00091
vn 0.9679 0.20867 0.14007
vn 1 0.00184 0.00103
vn 0.96796 0.22111 0.11902
vn 1 0.00272 0.00124
vn 0.96807 0.23358 0.09101
vn 1 0.00234 0.00086
vn 0.96803 0.24231 0.06477
vn 1 0.00132 0.00037
vn 1 0.00118 0.0002
vn 0.96798 0.24787 0.03958
vn 1 0.00102 6E-05
vn 0.96789 0.25098 0.01412
vn 0.96794 0.25094 -0.01111
vn 0.88034 0.47388 -0.02093
vn 0.88056 0.46912 -0.06733
vn 0.74042 0.66533 -0.09543
vn 0.74053 0.65211 -0.16239
vn 0.54671 0.81249 -0.20241
vn 0.54642 0.78554 -0.29045
vn 0.31835 0.88911 -0.32884
vn 0.31815 0.85272 -0.4143
vn 0.06648 0.89747 -0.43603
vn 0.06653 0.84546 -0.52988
vn -0.10437 0.84271 -0.52815
vn -0.1044 0.77508 -0.62318
vn -0.23956 0.75673 -0.60825
vn -0.17091 0.68266 -0.71047
vn -0.30744 0.66176 -0.68378
vn 1 0.00105 -6E-05
vn 0.96802 0.24835 -0.03563
vn 0.88065 0.45974 -0.11445
vn 0.74022 0.63067 -0.23311
vn 0.54618 0.75346 -0.36604
vn 0.31824 0.80327 -0.50347
vn 0.06648 0.77761 -0.62522
vn -0.0266 0.69156 -0.72183
vn 1 0.00104 -0.00016
vn 1 0.00237 -0.00054
vn 0.96802 0.24343 -0.06061
vn 1 0.00181 -0.00055
vn 0.96799 0.23547 -0.08693
vn 1 0.00139 -0.00053
vn 0.96796 0.22587 -0.10969
vn 1 0.00072 -0.00035
vn 0.96797 0.21269 -0.13342
vn 1 0.00024 -0.00015
vn 0.968 0.19558 -0.15726
vn 1 -0 0
vn 0.97129 0.17839 -0.15739
vn 0.90105 0.31848 -0.29443
vn 0.88049 0.36943 -0.29708
vn 0.88038 0.40179 -0.25198
vn 0.8803 0.42673 -0.20729
vn 0.88043 0.4448 -0.1643
vn 0.79398 0.43805 -0.42156
vn 0.74031 0.52388 -0.42129
vn 0.74011 0.56976 -0.35722
vn 0.73995 0.60504 -0.29393
vn 0.68178 0.52032 -0.51425
vn 0.54644 0.6527 -0.52478
vn 0.54627 0.70969 -0.44489
vn 0.53778 0.59287 -0.59941
vn 0.31829 0.73881 -0.59401
vn 0.40676 0.63774 -0.65409
vn 0.26003 0.67047 -0.69488
vn 0.1154 0.68772 -0.71675
vn -0.37145 0.72362 -0.58173
vn -0.46354 0.62063 -0.63242
vn -0.49978 0.67504 -0.54272
vn -0.60597 0.56235 -0.56264
vn -0.62343 0.60933 -0.48995
vn -0.76223 0.46446 -0.45087
vn -0.77814 0.48947 -0.39359
vn -0.87658 0.35149 -0.32873
vn -0.87205 0.38138 -0.30673
vn -0.94067 0.26441 -0.21267
vn -0.8719 0.41485 -0.26018
vn -0.94063 0.28755 -0.18036
vn -0.87187 0.44052 -0.21398
vn -0.77802 0.53226 -0.33373
vn -0.77792 0.56521 -0.27456
vn -0.77814 0.58914 -0.21774
vn -0.62329 0.66257 -0.41535
vn -0.62316 0.70348 -0.34174
vn -0.62339 0.73339 -0.27115
vn -0.62373 0.75847 -0.1889
vn -0.49964 0.73395 -0.46009
vn -0.49951 0.77916 -0.37867
vn -0.49979 0.81238 -0.30042
vn -0.50009 0.84031 -0.20928
vn -0.49996 0.85724 -0.12321
vn -0.37133 0.78667 -0.49322
vn -0.37123 0.83514 -0.40587
vn -0.37147 0.87079 -0.3221
vn -0.3717 0.90078 -0.22459
vn -0.37168 0.91899 -0.1316
vn -0.37111 0.92771 -0.04042
vn -0.2396 0.82258 -0.51571
vn -0.23952 0.87323 -0.42438
vn -0.23971 0.91056 -0.33679
vn -0.23991 0.942 -0.23468
vn -0.23948 0.96103 -0.13809
vn -0.23921 0.97005 -0.04224
vn -0.23904 0.96947 0.05462
vn -0.10433 0.89456 -0.43461
vn 0.06652 0.93581 -0.34617
vn 0.31856 0.91979 -0.22914
vn 0.54663 0.8289 -0.11882
vn 0.73997 0.67198 -0.02957
vn 0.88021 0.47384 0.02662
vn -0.10439 0.93277 -0.34503
vn -0.1045 0.96503 -0.2404
vn -0.10444 0.98448 -0.14103
vn -0.10433 0.99359 -0.04349
vn -0.10426 0.99299 0.05571
vn -0.10438 0.98221 0.1561
vn 0.06658 0.96819 -0.24119
vn 0.31838 0.93838 -0.13447
vn 0.54612 0.8369 -0.03672
vn 0.73977 0.6718 0.03773
vn 0.88045 0.46822 0.07467
vn 0.06655 0.9877 -0.14149
vn 0.06645 0.99684 -0.04363
vn 0.06645 0.99622 0.05589
vn 0.06652 0.98542 0.15661
vn 0.06665 0.96388 0.25785
vn 0.31811 0.94715 -0.04148
vn 0.54593 0.83652 0.04696
vn 0.74021 0.66401 0.10575
vn 0.88072 0.45752 0.12252
vn 0.31783 0.94666 0.05313
vn 0.31834 0.93622 0.14884
vn 0.31875 0.91563 0.245
vn 0.31877 0.883 0.34453
vn 0.54638 0.82713 0.1316
vn 0.74065 0.64903 0.17374
vn 0.88069 0.44136 0.17204
vn 0.5469 0.80873 0.21646
vn 0.54687 0.77995 0.30431
vn 0.54627 0.73719 0.39766
vn 0.74061 0.62602 0.24412
vn 0.88035 0.41757 0.22499
vn 0.74002 0.59203 0.31917
vn 0.73969 0.55867 0.37517
vn 0.88015 0.39411 0.26461
vn 0.88026 0.36324 0.3053
vn -0.94054 0.15836 0.30051
vn -0.87162 0.16029 0.46323
vn -0.94045 0.11117 0.32123
vn -0.99909 -0.00074 0.04253
vn -0.99647 -0.00146 0.08397
vn -0.99909 -0.00074 0.04253
vn -0.99647 -0.00146 0.08397
vn -0.99909 -0.00074 0.04255
vn -0.99909 -0.00074 0.04258
vn -0.99227 0.00217 -0.12409
vn -0.99227 0.00217 -0.12406
vn -0.95193 0.00535 -0.30628
vn -0.95193 0.00533 -0.30626
vn -0.91405 0.00708 -0.40554
vn -0.95192 0.00534 -0.30629
vn -0.91404 0.00709 -0.40556
vn -0.95192 0.00535 -0.30629
vn -0.88923 0.008 -0.45738
vn -0.7878 0.01075 -0.61584
vn -0.7878 0.01075 -0.61584
vn -0.67179 0.01293 -0.74063
vn -0.6718 0.01293 -0.74062
vn -0.51928 0.01492 -0.85447
vn -0.51928 0.01492 -0.85448
vn -0.35547 0.01632 -0.93455
vn -0.35543 0.01631 -0.93456
vn -0.16946 0.0172 -0.98539
vn -0.16961 0.0172 -0.98536
vn 0.02784 0.01745 -0.99946
vn 0.02749 0.01744 -0.99947
vn 0.22197 0.01702 -0.97491
vn 0.22195 0.01702 -0.97491
vn 0.41721 0.01586 -0.90867
vn 0.41714 0.01587 -0.90871
vn 0.58012 0.01421 -0.81441
vn 0.58014 0.01422 -0.8144
vn 0.73425 0.01185 -0.67878
vn 0.73422 0.01185 -0.67881
vn 0.84754 0.00926 -0.53064
vn 0.84757 0.00927 -0.53061
vn 0.9135 0.00709 -0.40677
vn 0.93852 0.00602 -0.34517
vn 0.95863 0.00494 -0.2846
vn 0.98578 0.00291 -0.16803
vn 0.98577 0.00293 -0.16805
vn 1 2E-05 2E-05
vn 1 -2E-05 3E-05
vn 0.98578 0.00293 -0.16802
vn 0.98577 0.00293 -0.16805
vn 0.95863 0.005 -0.2846
vn 0.93852 0.00602 -0.34517
vn 0.91351 0.00711 -0.40676
vn 0.84756 0.00928 -0.53062
vn 0.84756 0.00926 -0.53062
vn 0.73425 0.01185 -0.67877
vn -0.88924 0.00798 -0.45736
vn -0.78779 0.01075 -0.61585
vn -0.78781 0.01075 -0.61583
vn -0.67173 0.01294 -0.74068
vn -0.67176 0.01293 -0.74066
vn -0.51918 0.01492 -0.85453
vn -0.51932 0.01492 -0.85445
vn -0.35539 0.01632 -0.93458
vn -0.35547 0.01632 -0.93454
vn -0.16956 0.01718 -0.98537
vn -0.16936 0.01719 -0.9854
vn 0.02809 0.01745 -0.99945
vn 0.02799 0.01744 -0.99946
vn 0.22199 0.01702 -0.9749
vn 0.22191 0.01702 -0.97492
vn 0.41719 0.01586 -0.90868
vn 0.41717 0.01586 -0.90869
vn 0.58013 0.0142 -0.8144
vn 0.58011 0.01421 -0.81441
vn 0.73419 0.01185 -0.67884
vn -0.99227 0.00217 -0.1241
vn -0.99228 0.00217 -0.12401
vn -0.00017 0.99984 0.01762
vn 1E-05 0.99985 0.01747
vn -0.00037 0.99985 0.01721
vn -0 0.99985 0.01745
vn -0 0.99985 0.01745
vn -0 0.99985 0.01745
vn -0 0.99985 0.01745
vn -0 0.99985 0.01745
vn -0 0.99985 0.01745
vn 0 0.99985 0.01745
vn 0 0.99985 0.01745
vn 0 0.99985 0.01745
vn -0 0.99985 0.01745
vn 0 0.99985 0.01745
vn -0 0.99985 0.01745
vn -0 0.99985 0.01745
vn 0 0.99985 0.01745
vn -1E-05 0.99985 0.01745
vn 0 0.99985 0.01745
vn -1E-05 0.99985 0.01745
vn 0 0.99985 0.01745
vn -0 0.99985 0.01745
vn -0 0.99985 0.01745
vn 0 0.99985 0.01745
vn -0 0.99985 0.01745
vn 0 0.99985 0.01745
vn -0 0.99985 0.01745
vn 0 0.99985 0.01745
vn 0 0.99985 0.01745
vn 0 0.99985 0.01745
vn -0 0.99985 0.01745
vn -0 0.99985 0.01745
vn -0 0.99985 0.01745
vn -0 0.99985 0.01745
vn -0 0.99985 0.01745
vn -0 0.99985 0.01745
vn -4E-05 0.99985 0.01751
vn 9E-05 0.99985 0.01746
vn 2E-05 0.99985 0.01744
vn -0.00013 0.99985 0.01727
vn -0 0.99985 0.01744
vn -0 0.99985 0.01745
vn -0 0.99985 0.01745
vn 0 0.99985 0.01745
vn 0 0.99985 0.01745
vn 0 0.99985 0.01745
vn -0 0.99985 0.01745
vn -0 0.99985 0.01745
vn -0 0.99985 0.01745
vn -0 0.99985 0.01745
vn -0 0.99985 0.01745
vn -0 0.99985 0.01745
vn 1E-05 0.99985 0.01745
vn 1E-05 0.99985 0.01745
vn 2E-05 0.99985 0.01743
vn 1E-05 0.99985 0.01747
vn -1E-05 0.99985 0.01754
vn -1E-05 0.99985 0.01743
vn -1E-05 0.99985 0.01745
vn -0 0.99985 0.01745
vn 0 0.99985 0.01745
vn 0 0.99985 0.01745
vn 0 0.99985 0.01745
vn -0 0.99985 0.01745
vn 0 0.99985 0.01745
vn -0 0.99985 0.01745
vn 0 0.99985 0.01745
vn 0 0.99985 0.01745
vn 0 0.99985 0.01745
vn -0 0.99985 0.01745
vn -0.97688 -0.00373 0.21378
vn -0.97688 -0.00375 0.21375
vn -0.96714 -0.00442 0.25419
vn -0.90689 -0.00737 0.42131
vn -0.90692 -0.00735 0.42124
vn -0.82265 -0.00992 0.56846
vn -0.82261 -0.00992 0.56852
vn -0.68884 -0.01265 0.7248
vn -0.68881 -0.01267 0.72483
vn -0.60619 -0.01387 0.7952
vn -0.55555 -0.01447 0.83136
vn -0.49855 -0.01513 0.86673
vn -0.36651 -0.01625 0.93027
vn -0.36652 -0.01624 0.93027
vn -0.18465 -0.01716 0.98265
vn -0.1846 -0.01715 0.98266
vn 0.02007 -0.01745 0.99965
vn 0.02003 -0.01745 0.99965
vn 0.21177 -0.01706 0.97717
vn -0.96714 -0.00444 0.2542
vn -0.90688 -0.00736 0.42132
vn -0.90691 -0.00735 0.42127
vn -0.82264 -0.00992 0.56848
vn -0.82265 -0.00992 0.56846
vn -0.68882 -0.01265 0.72483
vn -0.68881 -0.01265 0.72483
vn -0.60613 -0.01393 0.79524
vn -0.55556 -0.01449 0.83135
vn -0.49854 -0.01514 0.86673
vn -0.36651 -0.01623 0.93027
vn -0.36653 -0.01624 0.93026
vn -0.18471 -0.01715 0.98264
vn 0.21175 -0.01705 0.97717
vn 0.38386 -0.01612 0.92325
vn 0.38387 -0.01611 0.92325
vn 0.54835 -0.01459 0.83612
vn 0.54837 -0.01459 0.83611
vn 0.67138 -0.01293 0.741
vn 0.67141 -0.01293 0.74097
vn 0.77225 -0.01109 0.63522
vn 0.77224 -0.01108 0.63524
vn 0.84334 -0.00939 0.5373
vn 0.84336 -0.00938 0.53727
vn 0.92497 -0.00663 0.37999
vn 0.92494 -0.00663 0.38005
vn 0.9744 -0.00395 0.2248
vn 0.97439 -0.00392 0.22482
vn 0.98837 -0.00266 0.15205
vn 0.9744 -0.00393 0.22478
vn 0.98837 -0.00266 0.15207
vn 0.9744 -0.00394 0.22479
vn 0.92499 -0.00664 0.37994
vn 0.92487 -0.00664 0.38023
vn 0.84334 -0.00938 0.53729
vn 0.84336 -0.00938 0.53727
vn 0.77228 -0.01109 0.63518
vn 0.77227 -0.01109 0.63519
vn 0.67142 -0.01293 0.74097
vn 0.67138 -0.01293 0.741
vn 0.54836 -0.01461 0.83612
vn 0.54833 -0.0146 0.83613
vn 0.38381 -0.01612 0.92327
vn 0.38382 -0.01612 0.92327
vn 0.21172 -0.01705 0.97718
vn 0.21176 -0.01705 0.97717
vn 0.02004 -0.01744 0.99965
vn 0.02003 -0.01745 0.99965
vn -0.18467 -0.01715 0.98265
vn -0 -0.99985 -0.01745
vn -0 -0.99985 -0.01745
vn 0 -0.99985 -0.01745
vn -0 -0.99985 -0.01745
vn 0 -0.99985 -0.01745
vn -0 -0.99985 -0.01745
vn 0 -0.99985 -0.01745
vn -0 -0.99985 -0.01745
vn -0 -0.99985 -0.01745
vn 0 -0.99985 -0.01745
vn -0 -0.99985 -0.01745
vn -0 -0.99985 -0.01745
vn 0 -0.99985 -0.01745
vn 0 -0.99985 -0.01745
vn 0 -0.99985 -0.01745
vn -0 -0.99985 -0.01745
vn -0 -0.99985 -0.01745
vn 0 -0.99985 -0.01745
vn -0 -0.99985 -0.01745
vn -0 -0.99985 -0.01745
vn 0 -0.99985 -0.01745
vn 0 -0.99985 -0.01745
vn 0 -0.99985 -0.01745
vn 0 -0.99985 -0.01745
vn 0 -0.99985 -0.01745
vn 0 -0.99985 -0.01745
vn 0 -0.99985 -0.01745
vn 0 -0.99985 -0.01745
vn 0 -0.99985 -0.01745
vn 0 -0.99985 -0.01745
vn -0 -0.99985 -0.01745
vn 0 -0.99985 -0.01745
vn 0 -0.99985 -0.01745
vn -0 -0.99985 -0.01745
vn 0 -0.99985 -0.01745
vn -0 -0.99985 -0.01745
vn -0.9821 -0 -0.18838
vn -0.96874 -0.05121 -0.24273
vn -0.92857 -3E-05 -0.37117
vn -0.88325 -0.0967 -0.45882
vn -0.74316 -0.13773 -0.65479
vn -0.74309 -0.26426 -0.61481
vn -0.54878 -0.3303 -0.76795
vn -0.54934 -0.46351 -0.69526
vn -0.32005 -0.52564 -0.78821
vn -0.32015 -0.64408 -0.69475
vn -0.06657 -0.67837 -0.7317
vn -0.06654 -0.77533 -0.62804
vn 0.12082 -0.7713 -0.6249
vn 0.12082 -0.84487 -0.52115
vn 0.30084 -0.81173 -0.50059
vn 0.30089 -0.86272 -0.40643
vn 0.44409 -0.81053 -0.38188
vn 0.44401 -0.84546 -0.29674
vn 0.58233 -0.76708 -0.26921
vn 0.58237 -0.78277 -0.21935
vn 0.70874 -0.67922 -0.19063
vn 0.70898 -0.68943 -0.14848
vn 0.81127 -0.57157 -0.12313
vn 0.81126 -0.58204 -0.05552
vn 0.89086 -0.45223 -0.04314
vn 0.89091 -0.45411 0.00837
vn 0.94941 -0.31399 0.00579
vn 0.9494 -0.3113 0.04154
vn 0.98664 -0.16147 0.02148
vn 0.98664 -0.15995 0.03103
vn 0.98665 -0.15772 0.04058
vn 0.98665 -0.15489 0.05039
vn 0.98666 -0.15112 0.06055
vn 0.98666 -0.14651 0.07104
vn 0.98667 -0.14077 0.08163
vn 0.94943 -0.28252 0.13699
vn 0.94943 -0.27154 0.15763
vn 0.89093 -0.40861 0.19817
vn 0.89092 -0.39278 0.22802
vn 0.81139 -0.5259 0.25512
vn 0.81143 -0.5054 0.29351
vn 0.70892 -0.63445 0.30805
vn 0.70905 -0.60985 0.35402
vn 0.58244 -0.73138 0.35476
vn 0.58246 -0.70302 0.40805
vn 0.44417 -0.8061 0.39104
vn 0.44413 -0.77491 0.44974
vn 0.30093 -0.85802 0.41622
vn 0.30094 -0.82477 0.47874
vn 0.12061 -0.89299 0.43361
vn 0.12091 -0.85853 0.4983
vn -0.06654 -0.89773 0.43549
vn -0.0665 -0.86293 0.50093
vn -0.31984 -0.85231 0.41385
vn -0.32001 -0.8194 0.47558
vn -0.54935 -0.75182 0.36467
vn -0.54938 -0.72264 0.4195
vn -0.74351 -0.60157 0.29207
vn -0.74366 -0.57818 0.33569
vn -0.88378 -0.42092 0.20435
vn -0.88355 -0.40504 0.23511
vn -0.96884 -0.22284 0.10812
vn -0.96884 -0.21423 0.12436
vn -0.96882 -0.20363 0.14116
vn -0.99944 -0.02577 0.02125
vn -0.94865 -0.25125 0.19217
vn -0.96873 -0.09785 -0.22799
vn -0.96883 -0.13726 -0.20623
vn -0.96884 -0.16846 -0.18156
vn -0.96879 -0.19269 -0.15591
vn -0.9688 -0.21093 -0.13016
vn -0.96882 -0.2338 -0.08205
vn -0.96882 -0.22412 -0.10561
vn -0.88352 -0.42371 -0.19967
vn -0.88343 -0.39876 -0.24606
vn -0.74363 -0.60479 -0.28504
vn -0.74341 -0.56923 -0.35116
vn -0.54934 -0.75591 -0.35613
vn -0.5492 -0.71126 -0.43873
vn -0.32004 -0.85697 -0.40395
vn -0.31992 -0.8064 -0.49736
vn -0.06654 -0.90264 -0.42522
vn -0.06655 -0.84928 -0.52373
vn 0.12086 -0.89797 -0.42314
vn -0.96879 -0.23868 -0.06688
vn -0.96882 -0.24223 -0.05214
vn -0.96883 -0.2466 -0.02351
vn -0.8835 -0.46631 -0.04448
vn -0.88354 -0.46827 0.00863
vn -0.74364 -0.66847 0.01233
vn -0.74358 -0.66277 0.0884
vn -0.54926 -0.82832 0.11049
vn -0.74367 -0.65633 0.1272
vn -0.54932 -0.82034 0.15904
vn -0.74364 -0.64749 0.16657
vn -0.54938 -0.80922 0.2082
vn -0.54924 -0.79468 0.2585
vn -0.31992 -0.90096 0.29312
vn -0.31975 -0.87936 0.35283
vn -0.06651 -0.92619 0.37114
vn -0.96882 -0.24773 0.00457
vn -0.96881 -0.24565 0.0326
vn -0.96883 -0.24321 0.04713
vn -0.96879 -0.24007 0.06173
vn -0.88356 -0.45975 0.08919
vn -0.8836 -0.45345 0.11679
vn -0.96881 -0.23565 0.07666
vn -0.88363 -0.44514 0.14506
vn -0.88369 -0.43441 0.17429
vn -0.74339 -0.62076 0.24906
vn -0.96883 -0.22999 0.09209
vn -0.88354 -0.38497 0.26676
vn -0.8323 -0.45137 0.32178
vn -0.71239 -0.57986 0.39529
vn -0.56195 -0.69149 0.45393
vn -0.44846 -0.75184 0.48334
vn -0.31842 -0.8014 0.50632
vn -0.21184 -0.82844 0.51847
vn -0.09935 -0.84489 0.52564
vn 0.00934 -0.84952 0.52748
vn 0.11455 -0.84349 0.52479
vn 0.23245 -0.82414 0.51649
vn 0.34119 -0.79396 0.50321
vn 0.4886 -0.73218 0.47454
vn 0.62883 -0.64685 0.43147
vn 0.80945 -0.47978 0.33852
vn 0.81129 -0.48056 0.33297
vn 0.89089 -0.37334 0.25871
vn 0.92908 -0.29549 0.22246
vn 0.94944 -0.25806 0.17879
vn 0.98665 -0.13386 0.09275
vn 0.98666 -0.16277 0.00261
vn 0.94942 -0.31259 -0.02982
vn 0.89088 -0.44407 -0.09561
vn 0.81125 -0.56302 -0.15776
vn 0.70895 -0.66546 -0.23357
vn 0.58236 -0.7354 -0.34646
vn 0.44386 -0.76272 -0.47037
vn 0.30079 -0.74109 -0.60026
vn 0.12093 -0.67482 -0.72801
vn -0.06658 -0.55366 -0.83008
vn -0.3196 -0.37455 -0.87039
vn -0.54879 -0.17183 -0.81811
vn -0.83935 -2E-05 -0.54358
vn 0.98663 -0.16225 -0.01565
vn 0.94942 -0.30696 -0.0661
vn 0.89097 -0.43722 -0.12256
vn 0.81125 -0.55171 -0.19365
vn 0.70894 -0.63802 -0.30054
vn 0.5822 -0.69201 -0.42681
vn 0.44391 -0.69633 -0.56397
vn 0.30101 -0.64836 -0.6993
vn 0.1209 -0.55079 -0.82584
vn -0.06646 -0.39448 -0.9165
vn -0.31959 -0.1946 -0.92736
vn -0.5495 1E-05 -0.83549
vn -0.7128 6E-05 -0.70137
vn 0.98664 -0.15926 -0.03429
vn 0.94944 -0.30231 -0.08473
vn 0.89086 -0.42866 -0.15043
vn 0.81125 -0.52894 -0.2492
vn 0.70886 -0.60029 -0.37036
vn 0.58226 -0.6318 -0.51166
vn 0.44422 -0.60913 -0.65698
vn 0.30092 -0.5291 -0.79341
vn 0.1207 -0.3925 -0.9118
vn -0.06646 -0.20484 -0.97654
vn -0.36812 -2E-05 -0.92978
vn 0.98665 -0.1568 -0.04394
vn 0.94941 -0.29631 -0.104
vn 0.89087 -0.41093 -0.19361
vn 0.8112 -0.49766 -0.30707
vn 0.70887 -0.54815 -0.44389
vn 0.58253 -0.55267 -0.596
vn 0.44408 -0.49706 -0.74547
vn 0.30053 -0.37701 -0.87609
vn 0.12073 -0.20381 -0.97154
vn -0.17559 -1E-05 -0.98446
vn 0.98664 -0.15371 -0.05394
vn 0.98665 -0.14733 -0.06942
vn 0.98664 -0.13862 -0.08555
vn 0.98664 -0.12663 -0.10246
vn 0.98666 -0.11073 -0.11934
vn 0.98665 -0.09023 -0.1356
vn 0.98661 -0.0643 -0.14986
vn 0.9493 -0.12401 -0.28889
vn 0.94929 -0.06486 -0.30764
vn 0.89063 -0.09374 -0.44497
vn 0.84032 -1E-05 -0.54209
vn 0.71169 -1E-05 -0.70249
vn 0.98662 -0.03368 -0.15951
vn 0.92924 -2E-05 -0.36947
vn 0.9822 -0 -0.18783
vn 0.81089 -0.12053 -0.57265
vn 0.54244 -0 -0.84009
vn 0.7085 -0.14518 -0.69062
vn 0.58189 -0.16726 -0.79588
vn 0.70846 -0.27873 -0.64837
vn 0.58182 -0.32132 -0.74715
vn 0.70907 -0.39097 -0.58682
vn 0.5824 -0.4509 -0.67639
vn 0.70916 -0.47938 -0.517
vn 0.3617 1E-05 -0.9323
vn 0.44355 -0.18415 -0.87713
vn 0.44352 -0.3542 -0.82331
vn 0.18245 1E-05 -0.98322
vn 0.30057 -0.19586 -0.93343
vn 0.00719 -0 -0.99997
vn -0.88322 -0.18506 -0.4309
vn -0.88355 -0.25957 -0.38982
vn -0.88359 -0.31845 -0.34331
vn -0.88343 -0.3642 -0.29481
vn 0.81091 -0.23099 -0.53764
vn 0.81131 -0.32411 -0.48654
vn 0.8114 -0.39747 -0.42855
vn 0.8112 -0.45448 -0.36797
vn 0.89061 -0.17946 -0.41786
vn 0.89092 -0.25172 -0.37803
vn 0.89095 -0.30882 -0.33292
vn 0.89079 -0.35322 -0.28589
vn 0.89079 -0.38673 -0.2386
vn -0.74363 -0.37073 -0.5564
vn -0.54949 -0.56807 -0.61266
vn -0.31991 -0.73623 -0.59633
vn 0.94943 -0.17398 -0.26137
vn -0.74368 -0.45462 -0.49017
vn -0.7434 -0.51982 -0.42088
vn 0.94945 -0.21351 -0.23013
vn 0.94936 -0.24424 -0.19764
vn 0.9494 -0.26727 -0.16493
vn 0.9494 -0.28412 -0.13386
vn -0.54918 -0.64944 -0.52596
vn 0.3009 -0.89985 -0.3158
vn 0.12088 -0.93665 -0.32875
vn 0.30092 -0.91828 -0.2573
vn 0.12056 -0.95579 -0.26821
vn 0.30091 -0.93228 -0.20076
vn 0.12089 -0.97042 -0.20896
vn 0.30089 -0.94935 -0.09056
vn 0.12073 -0.98816 -0.09466
vn 0.3009 -0.95349 0.01757
vn 0.12073 -0.99252 0.01837
vn 0.30089 -0.94529 0.12607
vn 0.12088 -0.98395 0.13126
vn 0.3009 -0.93621 0.18155
vn 0.12055 -0.97453 0.18912
vn 0.12056 -0.96133 0.2476
vn -0.06652 -0.96632 0.2486
vn 0.12075 -0.94393 0.30727
vn -0.06653 -0.94885 0.30865
vn 0.12058 -0.92131 0.36966
vn -0.06649 -0.94149 -0.3304
vn -0.06651 -0.96078 -0.2692
vn -0.06653 -0.97543 -0.21003
vn -0.06654 -0.99327 -0.09475
vn -0.06652 -0.99761 0.01846
vn -0.06652 -0.98903 0.13191
vn -0.06654 -0.97954 0.18994
vn -0.31963 -0.93019 0.1805
vn -0.31966 -0.91759 0.23633
vn -0.31994 -0.89399 -0.31371
vn -0.31967 -0.91229 -0.256
vn -0.31996 -0.9262 -0.19945
vn -0.32033 -0.94299 -0.09032
vn -0.32032 -0.94715 0.01753
vn -0.31994 -0.93912 0.12528
vn -0.54928 -0.78847 -0.27676
vn -0.54932 -0.80462 -0.22547
vn -0.5493 -0.81691 -0.17587
vn -0.54932 -0.83183 -0.07936
vn -0.54929 -0.83549 0.0154
vn -0.74359 -0.6309 -0.22142
vn -0.74328 -0.64409 -0.18075
vn -0.74363 -0.65362 -0.14071
vn -0.74365 -0.66555 -0.06351
vn -0.8835 -0.44199 -0.15515
vn -0.88361 -0.45081 -0.12652
vn -0.88352 -0.45792 -0.09853
vn 0.44406 -0.86276 -0.24176
vn 0.58236 -0.79471 -0.17117
vn 0.70885 -0.70218 -0.06692
vn 0.81138 -0.58442 0.01078
vn 0.89085 -0.4503 0.06006
vn 0.94943 -0.30824 0.05977
vn 0.94943 -0.30407 0.07823
vn 0.44403 -0.87593 -0.18864
vn 0.44402 -0.89197 -0.08509
vn 0.44409 -0.89583 0.01651
vn 0.444 -0.88816 0.11847
vn 0.44408 -0.8796 0.17058
vn 0.30092 -0.92358 0.23761
vn 0.30092 -0.90688 0.295
vn 0.3009 -0.88523 0.35472
vn 0.58236 -0.80926 -0.0772
vn 0.70941 -0.70468 0.01304
vn 0.81124 -0.57958 0.0773
vn 0.89095 -0.44579 0.08645
vn 0.89087 -0.43994 0.11318
vn 0.94947 -0.29847 0.09712
vn 0.58234 -0.8128 0.01498
vn 0.58232 -0.80582 0.10748
vn 0.58243 -0.79801 0.15476
vn 0.44404 -0.86775 0.22325
vn 0.44409 -0.85203 0.27718
vn 0.44408 -0.8317 0.33328
vn -0.88349 -0.46434 0.0619
vn 0.70894 -0.69908 0.09324
vn 0.81146 -0.57371 0.11134
vn 0.81149 -0.5659 0.14576
vn 0.8909 -0.43192 0.14053
vn 0.94943 -0.29145 0.11677
vn 0.7087 -0.69259 0.13441
vn 0.58243 -0.78724 0.20254
vn 0.58236 -0.77305 0.25148
vn 0.58237 -0.7546 0.30237
vn -0.7435 -0.63589 0.207
vn 0.70874 -0.68317 0.17597
vn 0.81134 -0.55586 0.18094
vn 0.89091 -0.42159 0.16893
vn 0.70877 -0.67073 0.21856
vn 0.70894 -0.65466 0.26234
vn -0.54927 -0.77569 0.31081
vn 0.81131 -0.54267 0.21748
vn -0.97288 0.18214 0.1426
vn -0.9688 0.2057 0.13825
vn -0.88347 0.38885 0.2613
vn -0.88355 0.41094 0.22463
vn -0.74351 0.58681 0.3207
vn -0.74364 0.61138 0.27059
vn -0.54931 0.76431 0.33777
vn -0.54933 0.78846 0.2767
vn -0.31981 0.89384 0.31427
vn -0.31969 0.91472 0.24714
vn -0.06649 0.96331 0.26002
vn -0.06651 0.97938 0.19074
vn 0.12093 0.97435 0.18977
vn 0.12059 0.98532 0.12082
vn 0.30089 0.94661 0.11572
vn 0.301 0.95227 0.05086
vn 0.44414 0.89468 0.0478
vn 0.44449 0.89558 -0.0191
vn 0.58272 0.81249 -0.0173
vn 0.58282 0.80894 -0.07711
vn 0.70951 0.70155 -0.06654
vn 0.70919 0.69475 -0.11991
vn 0.8116 0.57574 -0.09919
vn 0.81133 0.5664 -0.14469
vn 0.89082 0.44023 -0.11241
vn 0.89077 0.42893 -0.15014
vn 0.94939 0.29646 -0.10378
vn 0.9494 0.28552 -0.13084
vn 0.98663 0.14814 -0.06787
vn 0.98665 0.14062 -0.08209
vn 0.98665 0.13093 -0.0968
vn 0.98667 0.12175 -0.10801
vn 0.98667 0.11079 -0.11921
vn 0.98665 0.09775 -0.13024
vn 0.98665 0.08212 -0.1406
vn 0.98665 0.06416 -0.14971
vn 0.98665 0.04422 -0.15675
vn 0.98665 0.02263 -0.16128
vn 0.94942 0.04364 -0.31096
vn 0.89089 0.0631 -0.44981
vn 0.81114 0.08123 -0.57919
vn 0.70902 0.09807 -0.69833
vn 0.70916 0.19129 -0.67861
vn 0.58254 0.22056 -0.78231
vn 0.58236 0.31994 -0.74732
vn 0.44409 0.35258 -0.8237
vn 0.44413 0.45213 -0.77352
vn 0.30097 0.48127 -0.82328
vn 0.30108 0.57286 -0.76235
vn 0.12094 0.59631 -0.79359
vn 0.12095 0.67591 -0.72699
vn -0.0666 0.67949 -0.73066
vn -0.06657 0.74635 -0.66222
vn -0.32002 0.70867 -0.62878
vn -0.31996 0.76177 -0.56332
vn -0.54922 0.67193 -0.49685
vn -0.54927 0.72158 -0.42145
vn -0.7435 0.57747 -0.33725
vn -0.74338 0.608 -0.27877
vn -0.88346 0.42588 -0.19526
vn -0.88335 0.44238 -0.1549
vn -0.96875 0.23413 -0.08194
vn -0.96877 0.24026 -0.06133
vn -0.96886 0.24403 -0.04193
vn -0.96885 0.24653 -0.02349
vn -0.96884 0.24762 -0.00522
vn -0.96879 0.24755 0.01308
vn -0.88365 0.46804 -0.00985
vn -0.88345 0.46785 0.02495
vn -0.74358 0.6685 -0.01407
vn -0.74346 0.66783 0.03567
vn -0.54945 0.83534 -0.0178
vn -0.54921 0.8345 0.04462
vn -0.31995 0.94722 -0.02005
vn -0.31991 0.9461 0.05053
vn -0.0666 0.99755 -0.02133
vn -0.06652 0.99637 0.05319
vn 0.12073 0.99246 -0.02104
vn 0.12092 0.99126 0.05275
vn 0.30122 0.95334 -0.02037
vn -0.96884 0.21743 0.11865
vn -0.96881 0.22667 0.10013
vn -0.96883 0.23371 0.08221
vn -0.88354 0.44191 0.15513
vn -0.8835 0.45226 0.12204
vn -0.74366 0.64555 0.17389
vn -0.74319 0.65675 0.12784
vn -0.54903 0.8204 0.15974
vn -0.54897 0.82966 0.10145
vn -0.31957 0.94052 0.11533
vn -0.96878 0.23936 0.06453
vn -0.88341 0.45997 0.08951
vn -0.74315 0.66414 0.08148
vn -0.96876 0.24343 0.04736
vn -0.88328 0.46537 0.05694
vn -0.96876 0.24616 0.0302
vn -0.96878 0.2254 -0.10327
vn -0.88344 0.40461 -0.23628
vn -0.74348 0.53772 -0.3976
vn -0.54932 0.62506 -0.55457
vn -0.32011 0.64498 -0.69392
vn -0.06657 0.59944 -0.79765
vn 0.1209 0.50087 -0.85704
vn 0.30099 0.37522 -0.87671
vn 0.44416 0.24312 -0.86233
vn 0.58241 0.11307 -0.80499
vn -0.9688 0.21405 -0.12496
vn -0.9688 0.19928 -0.14734
vn -0.96881 0.18538 -0.16445
vn -0.96882 0.1687 -0.18148
vn -0.9688 0.14878 -0.19821
vn -0.96879 0.12506 -0.21405
vn -0.96878 0.09766 -0.22786
vn -0.96881 0.06728 -0.23848
vn -0.9688 0.03444 -0.24545
vn -0.88341 0.06514 -0.46405
vn -0.88345 0.12718 -0.45094
vn -0.88335 0.18458 -0.43085
vn -0.88333 0.2365 -0.40472
vn -0.8834 0.28139 -0.37475
vn -0.8835 0.31892 -0.34311
vn -0.88356 0.35026 -0.31086
vn -0.8834 0.37679 -0.27863
vn -0.74351 0.09299 -0.66223
vn -0.74364 0.18141 -0.6435
vn -0.74343 0.26327 -0.61482
vn -0.74336 0.3375 -0.5775
vn -0.74355 0.40147 -0.53475
vn -0.74366 0.45507 -0.48978
vn -0.74357 0.5001 -0.44385
vn -0.54918 0.11622 -0.82759
vn -0.31981 0.13179 -0.93827
vn -0.0665 0.13881 -0.98808
vn 0.12095 0.13818 -0.98299
vn 0.30103 0.13268 -0.94434
vn 0.44411 0.12461 -0.88727
vn 0.98664 0.15378 -0.05383
vn 0.94943 0.30421 -0.07773
vn 0.89099 0.44744 -0.07703
vn 0.81191 0.58114 -0.05551
vn 0.70918 0.70487 -0.01486
vn 0.58247 0.81169 0.04339
vn 0.44393 0.88944 0.10875
vn 0.30091 0.93607 0.18229
vn 0.12064 0.95833 0.25894
vn -0.06655 0.94148 0.33042
vn -0.31995 0.86636 0.38349
vn -0.54936 0.73324 0.40069
vn -0.5664 0.68905 0.4521
vn -0.74362 0.55499 0.37285
vn -0.70565 0.58608 0.39822
vn -0.87194 0.39614 0.28774
vn 0.98666 0.15773 -0.04034
vn 0.94951 0.30918 -0.05326
vn 0.89112 0.45171 -0.04307
vn 0.81184 0.58375 -0.01228
vn 0.70902 0.70418 0.03777
vn 0.58232 0.80695 0.0987
vn 0.44393 0.87954 0.17127
vn 0.3009 0.92071 0.24851
vn 0.12094 0.93663 0.32878
vn -0.06655 0.91261 0.40337
vn -0.32001 0.83141 0.45426
vn -0.4088 0.76937 0.49087
vn 0.98661 0.16075 -0.02748
vn 0.94952 0.31229 -0.02977
vn 0.89105 0.4538 -0.00958
vn 0.81135 0.58373 0.0311
vn 0.70872 0.70023 0.08593
vn 0.58224 0.79803 0.15538
vn 0.44418 0.86498 0.23346
vn 0.30107 0.8998 0.31578
vn 0.12098 0.90791 0.40132
vn -0.06654 0.87558 0.47847
vn -0.156 0.83849 0.52212
vn -0.29041 0.81 0.50948
vn 0.98669 0.16187 -0.01536
vn 0.94948 0.31376 -0.00661
vn 0.89087 0.45361 0.0244
vn 0.81111 0.58057 0.07101
vn 0.70875 0.69246 0.13481
vn 0.58238 0.78484 0.2118
vn 0.44424 0.84536 0.29668
vn 0.30107 0.8722 0.38551
vn 0.12101 0.87107 0.47602
vn -0.04708 0.84886 0.52652
vn 0.98667 0.16271 -0.00342
vn 0.94948 0.31337 0.01682
vn 0.89081 0.45101 0.05521
vn 0.81149 0.57359 0.11165
vn 0.70887 0.68094 0.18393
vn 0.58252 0.76696 0.26914
vn 0.44424 0.81944 0.36217
vn 0.30116 0.83679 0.45726
vn 0.06097 0.84822 0.52612
vn 0.98665 0.1626 0.00883
vn 0.98663 0.16176 0.01982
vn 0.98665 0.15988 0.03111
vn 0.98665 0.15723 0.04238
vn 0.98667 0.1536 0.05383
vn 0.94943 0.29627 0.10392
vn 0.94948 0.28707 0.12683
vn 0.89097 0.41533 0.18351
vn 0.89102 0.39835 0.21773
vn 0.81152 0.5127 0.2803
vn 0.81136 0.48521 0.326
vn 0.7091 0.58529 0.39321
vn 0.76772 0.52654 0.36519
vn 0.64013 0.63888 0.42669
vn 0.98671 0.1487 0.06558
vn 0.94949 0.27536 0.15049
vn 0.89093 0.37695 0.25329
vn 0.91595 0.32175 0.23983
vn 0.98661 0.143 0.0784
vn 0.94945 0.26055 0.17509
vn 0.98665 0.13516 0.09088
vn 0.99282 0.09308 0.07507
vn 0.70916 0.6187 0.33808
vn 0.48946 0.73206 0.47384
vn 0.5826 0.71322 0.38975
vn 0.38054 0.78028 0.49633
vn 0.44428 0.78617 0.42959
vn 0.262 0.81752 0.51286
vn 0.16412 0.83737 0.52142
vn -0.88357 0.42832 0.18932
vn -0.74347 0.63092 0.22178
vn -0.54918 0.80684 0.21774
vn -0.31959 0.93009 0.18109
vn -0.06651 0.99041 0.12106
vn 0.5826 0.7434 0.32855
vn 0.70916 0.64473 0.28535
vn 0.81152 0.53442 0.23626
vn 0.70906 0.6654 0.2334
vn 0.81146 0.55142 0.19359
vn 0.8116 0.56401 0.15232
vn 0.89098 0.42843 0.15032
vn 0.89085 0.43862 0.1183
vn 0.89082 0.44599 0.08679
vn 0.94944 0.30311 0.08174
vn 0.94942 0.30824 0.05997
vn 0.94939 0.31177 0.03818
vn -0.88386 0.46564 -0.04446
vn -0.88362 0.46141 -0.07952
vn -0.8834 0.45403 -0.116
vn -0.74365 0.66554 -0.06355
vn -0.74365 0.65891 -0.11323
vn -0.74342 0.64801 -0.16557
vn -0.74331 0.63135 -0.22111
vn -0.54954 0.8317 -0.07927
vn -0.54951 0.8234 -0.14159
vn -0.54914 0.8098 -0.20657
vn -0.54891 0.78896 -0.27611
vn -0.54912 0.75967 -0.34839
vn -0.32004 0.94312 -0.09005
vn -0.32009 0.93369 -0.16052
vn -0.31988 0.91807 -0.23414
vn -0.31977 0.89418 -0.31335
vn -0.31995 0.86099 -0.39538
vn -0.31998 0.81798 -0.47804
vn -0.06658 0.99328 -0.09467
vn -0.06659 0.98337 -0.16897
vn -0.06654 0.96686 -0.24649
vn -0.06647 0.94179 -0.32957
vn -0.06651 0.90693 -0.41601
vn -0.06651 0.86158 -0.50325
vn -0.06656 0.80225 -0.59327
vn 0.12117 0.98816 -0.09411
vn 0.12088 0.97828 -0.16837
vn 0.12088 0.96186 -0.2454
vn 0.12078 0.93687 -0.32816
vn 0.1207 0.90211 -0.41428
vn 0.12092 0.85705 -0.50084
vn 0.12096 0.79813 -0.59021
vn 0.12089 0.74235 -0.65902
vn 0.30129 0.94923 -0.09047
vn 0.3012 0.93979 -0.16151
vn 0.30099 0.92406 -0.23561
vn 0.30085 0.90014 -0.31501
vn 0.30095 0.86681 -0.39758
vn 0.30104 0.82344 -0.48097
vn 0.30108 0.76672 -0.567
vn 0.30111 0.7133 -0.63288
vn 0.30115 0.64938 -0.6983
vn 0.44445 0.89176 -0.085
vn 0.44437 0.88289 -0.15177
vn 0.44407 0.8682 -0.22142
vn 0.4439 0.84578 -0.29599
vn 0.44401 0.81445 -0.37353
vn 0.44414 0.77366 -0.45187
vn 0.44415 0.72037 -0.53273
vn 0.44423 0.67016 -0.5946
vn 0.44423 0.6101 -0.65608
vn 0.44421 0.53817 -0.71627
vn 0.58268 0.80095 -0.13772
vn 0.70898 0.68328 -0.17459
vn 0.81116 0.55198 -0.19324
vn 0.89088 0.41293 -0.18928
vn 0.94943 0.27115 -0.15831
vn 0.58236 0.78771 -0.20093
vn 0.58218 0.76742 -0.26858
vn 0.58237 0.73893 -0.33887
vn 0.58246 0.70192 -0.40995
vn 0.58247 0.65358 -0.48327
vn 0.5825 0.60803 -0.53944
vn 0.58263 0.55343 -0.5952
vn 0.58254 0.4882 -0.64986
vn 0.58238 0.41022 -0.70182
vn 0.70894 0.6655 -0.23348
vn 0.8112 0.53157 -0.24369
vn 0.89095 0.39214 -0.229
vn 0.94943 0.25247 -0.18666
vn 0.70912 0.64078 -0.2942
vn 0.70918 0.60864 -0.35584
vn 0.70906 0.56697 -0.41927
vn 0.70927 0.52696 -0.46824
vn 0.70924 0.47983 -0.51647
vn 0.70912 0.42338 -0.56382
vn 0.7091 0.35564 -0.60885
vn 0.70895 0.27762 -0.64832
vn 0.81136 0.50475 -0.29481
vn 0.89091 0.36522 -0.26999
vn 0.94945 0.23483 -0.20831
vn 0.81132 0.47007 -0.34755
vn 0.8114 0.43721 -0.38791
vn 0.81145 0.3979 -0.42805
vn 0.81138 0.35099 -0.46741
vn 0.81123 0.29504 -0.50484
vn 0.8113 0.23016 -0.53742
vn 0.81133 0.15867 -0.56265
vn 0.89095 0.3397 -0.30135
vn 0.94947 0.21368 -0.22987
vn -0.54936 0.569 -0.61192
vn -0.54929 0.50193 -0.6681
vn -0.54913 0.42174 -0.72152
vn -0.54911 0.3289 -0.76831
vn -0.54927 0.22675 -0.80429
vn 0.89094 0.30921 -0.33259
vn 0.8909 0.27273 -0.3632
vn 0.89087 0.22918 -0.39221
vn 0.89086 0.17889 -0.41757
vn 0.89088 0.12331 -0.43718
vn -0.32002 0.56914 -0.75741
vn -0.06654 0.50357 -0.86139
vn 0.12082 0.39027 -0.91274
vn 0.30107 0.25875 -0.91783
vn 0.94942 0.18852 -0.25111
vn -0.32002 0.47794 -0.81802
vn -0.32003 0.3727 -0.87102
vn -0.32004 0.25699 -0.91188
vn 0.9494 0.15844 -0.27116
vn 0.94941 0.12369 -0.28865
vn 0.94945 0.08522 -0.30213
vn -0.06653 0.39256 -0.91732
vn 0.12095 0.26926 -0.95544
vn -0.06657 0.27072 -0.96035
vn -0.99909 0.00075 0.04257
vn -0.99909 0.00074 0.04254
vn -0.99909 0.00074 0.04255
vn -0.99227 -0.00216 -0.12406
vn -0.99227 -0.00216 -0.12404
vn -0.95192 -0.00535 -0.3063
vn -0.95192 -0.00534 -0.3063
vn -0.91405 -0.00707 -0.40553
vn -0.88924 -0.00798 -0.45736
vn -0.7878 -0.01075 -0.61584
vn -0.78779 -0.01074 -0.61585
vn -0.67176 -0.01293 -0.74066
vn -0.67177 -0.01293 -0.74065
vn -0.51928 -0.01491 -0.85447
vn -0.51927 -0.01492 -0.85448
vn -0.35542 -0.0163 -0.93456
vn -0.35543 -0.01631 -0.93456
vn -0.16926 -0.01722 -0.98542
vn -0.16951 -0.01721 -0.98538
vn 0.02749 -0.01745 -0.99947
vn 0.02749 -0.01744 -0.99947
vn 0.22191 -0.01701 -0.97492
vn 0.22185 -0.01701 -0.97493
vn 0.41722 -0.01585 -0.90867
vn 0.41723 -0.01585 -0.90866
vn 0.58015 -0.01422 -0.81438
vn 0.58013 -0.01422 -0.8144
vn 0.73422 -0.01184 -0.67881
vn 0.73426 -0.01184 -0.67876
vn 0.84755 -0.00927 -0.53063
vn 0.84756 -0.00929 -0.53063
vn 0.91351 -0.00707 -0.40675
vn 0.93852 -0.00602 -0.34517
vn 0.95863 -0.00498 -0.2846
vn 0.98577 -0.00293 -0.16805
vn 0.98577 -0.00293 -0.16806
vn 0.98578 -0.00293 -0.16804
vn 0.98577 -0.00295 -0.16806
vn 0.95864 -0.0049 -0.28458
vn 0.93852 -0.00602 -0.34517
vn 0.9135 -0.00708 -0.40678
vn 0.84756 -0.00924 -0.53062
vn 0.84756 -0.00927 -0.53062
vn 0.73421 -0.01185 -0.67881
vn -0.9991 0.00074 0.04253
vn -0.99227 -0.00216 -0.12405
vn -0.99228 -0.00216 -0.12401
vn -0.95193 -0.00534 -0.30627
vn -0.95193 -0.00535 -0.30626
vn -0.91404 -0.00708 -0.40556
vn -0.88923 -0.008 -0.45738
vn -0.7878 -0.01076 -0.61584
vn -0.78781 -0.01075 -0.61583
vn -0.67176 -0.01293 -0.74065
vn -0.67179 -0.01293 -0.74063
vn -0.51927 -0.01491 -0.85448
vn -0.51928 -0.01491 -0.85447
vn -0.35538 -0.01631 -0.93458
vn -0.35547 -0.01631 -0.93455
vn -0.16951 -0.0172 -0.98538
vn -0.16926 -0.01721 -0.98542
vn 0.02749 -0.01744 -0.99947
vn 0.02749 -0.01745 -0.99947
vn 0.2219 -0.01701 -0.97492
vn 0.22197 -0.01701 -0.97491
vn 0.41723 -0.01586 -0.90866
vn 0.41721 -0.01586 -0.90867
vn 0.58014 -0.01421 -0.81439
vn 0.58012 -0.01422 -0.81441
vn 0.73422 -0.01185 -0.6788
vn -0 -0.99985 0.01745
vn -0 -0.99985 0.01745
vn -0 -0.99985 0.01745
vn -0 -0.99985 0.01745
vn -0 -0.99985 0.01745
vn -0 -0.99985 0.01745
vn -0 -0.99985 0.01745
vn -0 -0.99985 0.01745
vn -0 -0.99985 0.01745
vn -0 -0.99985 0.01745
vn -0 -0.99985 0.01745
vn 0 -0.99985 0.01745
vn 0 -0.99985 0.01745
vn -0 -0.99985 0.01745
vn 0 -0.99985 0.01745
vn -0 -0.99985 0.01745
vn 0 -0.99985 0.01745
vn -0 -0.99985 0.01745
vn 0 -0.99985 0.01745
vn -0 -0.99985 0.01745
vn 0 -0.99985 0.01745
vn -0 -0.99985 0.01745
vn 0 -0.99985 0.01745
vn -0 -0.99985 0.01745
vn 0 -0.99985 0.01745
vn -0 -0.99985 0.01745
vn -0 -0.99985 0.01745
vn -0 -0.99985 0.01745
vn -0 -0.99985 0.01745
vn 0 -0.99985 0.01745
vn 0 -0.99985 0.01745
vn 0 -0.99985 0.01745
vn 0 -0.99985 0.01745
vn 0 -0.99985 0.01745
vn -0 -0.99985 0.01745
vn 5E-05 -0.99984 0.01765
vn -0 -0.99985 0.01745
vn 0.00015 -0.99985 0.01754
vn 0.0002 -0.99985 0.01738
vn 0.00021 -0.99985 0.01729
vn 7E-05 -0.99985 0.01721
vn 0 -0.99985 0.01745
vn 0 -0.99985 0.01745
vn 0 -0.99985 0.01745
vn 0 -0.99985 0.01745
vn -0 -0.99985 0.01745
vn -0 -0.99985 0.01745
vn -0 -0.99985 0.01745
vn 0 -0.99985 0.01745
vn 0 -0.99985 0.01745
vn 0 -0.99985 0.01745
vn 0 -0.99985 0.01745
vn 0 -0.99985 0.01745
vn 2E-05 -0.99985 0.01747
vn 0 -0.99985 0.01746
vn -2E-05 -0.99985 0.01745
vn 0 -0.99985 0.01745
vn 0 -0.99985 0.01744
vn 0 -0.99985 0.01746
vn -0 -0.99985 0.01745
vn -0 -0.99985 0.01745
vn -0 -0.99985 0.01745
vn -0 -0.99985 0.01745
vn -0 -0.99985 0.01745
vn 0 -0.99985 0.01745
vn 0 -0.99985 0.01745
vn 0 -0.99985 0.01745
vn -0 -0.99985 0.01745
vn 0 -0.99985 0.01745
vn -0 -0.99985 0.01745
vn 0 0.99985 -0.01745
vn 0 0.99985 -0.01745
vn 0 0.99985 -0.01745
vn -0 0.99985 -0.01745
vn 0 0.99985 -0.01745
vn -0 0.99985 -0.01745
vn -0 0.99985 -0.01745
vn 0 0.99985 -0.01745
vn 0 0.99985 -0.01745
vn 0 0.99985 -0.01745
vn -0 0.99985 -0.01745
vn -0 0.99985 -0.01745
vn 0 0.99985 -0.01745
vn -0 0.99985 -0.01745
vn -0 0.99985 -0.01745
vn 0 0.99985 -0.01745
vn -0 0.99985 -0.01745
vn 0 0.99985 -0.01745
vn -0 0.99985 -0.01745
vn -0 0.99985 -0.01745
vn -0 0.99985 -0.01745
vn -0 0.99985 -0.01745
vn 0 0.99985 -0.01745
vn -0 0.99985 -0.01745
vn 0 0.99985 -0.01745
vn 0 0.99985 -0.01745
vn -0 0.99985 -0.01745
vn -0 0.99985 -0.01745
vn 0 0.99985 -0.01745
vn 0 0.99985 -0.01745
vn 0 0.99985 -0.01745
vn -0 0.99985 -0.01745
vn -0 0.99985 -0.01745
vn -0 0.99985 -0.01745
vn 0 0.99985 -0.01745
vn 0 0.99985 -0.01745
vt 0.71401 0
vt 0.81116 0
vt 0.73715 0.035
vt 0.81116 0.07
vt 0.73715 0.0525
vt 0.71401 0.07
vt 0.61686 0.0525
vt 0.61686 0.07
vt 0.53523 0.07
vt 0.53523 0.0525
vt 0.4536 0.07
vt 0.4536 0.0525
vt 0.41783 0.0525
vt 0.4536 0.035
vt 0.41783 0.035
vt 0.4536 0
vt 0.39995 0
vt 0.38206 0.035
vt 0.34629 0
vt 0.34629 0.035
vt 0.30596 0.035
vt 0.30596 0.0525
vt 0.26562 0.0525
vt 0.26562 0.07
vt 0.22795 0.07
vt 0.39995 0.07
vt 0.38206 0.0525
vt 0.34629 0.07
vt 0.34629 0.0525
vt 0.30596 0.07
vt 0.22795 0.0525
vt 0.19027 0.07
vt 0.19027 0.0525
vt 0.14581 0.07
vt 0.14581 0.0525
vt 0.10135 0.07
vt 0.10135 0.0525
vt 0.05068 0.07
vt 0.05068 0.0525
vt -0 0.07
vt 0 0.0525
vt -0.08683 0.07
vt -0.08683 0.0525
vt -0.17366 0.07
vt -0.17366 0.0525
vt -0.21362 0.0525
vt -0.17366 0.035
vt -0.21362 0.035
vt -0.17366 0
vt -0.29354 0
vt -0.29354 0.07
vt -0.08683 0
vt -0.08683 0.035
vt 0 0
vt 0 0.035
vt 0.05068 0
vt 0.05068 0.035
vt 0.10135 0
vt 0.10135 0.035
vt 0.14581 0
vt 0.14581 0.035
vt 0.19027 0
vt 0.19027 0.035
vt 0.22795 0
vt 0.22795 0.035
vt 0.26562 0
vt 0.26562 0.035
vt 0.30596 0
vt 0.53523 0
vt 0.53523 0.035
vt 0.61686 0
vt 0.61686 0.035
vt 0 5.83966
vt 0 5.98421
vt -0.02747 5.83966
vt -0.02364 6.01192
vt -0.04728 6.01192
vt -0.02364 6.18418
vt -0.04728 6.18418
vt -0.02364 6.35644
vt -0.04728 6.35644
vt -0.04728 6.5287
vt -0.07093 6.5287
vt -0.07093 6.70096
vt -0.09457 6.70096
vt -0.09457 6.87322
vt -0.11821 6.87322
vt -0.11821 7.04548
vt -0.14185 7.04548
vt -0.14185 7.21774
vt -0.1655 7.21774
vt -0.1655 7.44742
vt -0.18914 7.44742
vt -0.18914 7.6771
vt -0.21813 7.6771
vt -0.21813 7.90678
vt -0.24712 7.90678
vt -0.24712 8.13646
vt -0.28482 8.13646
vt -0.28482 8.36614
vt -0.32252 8.36614
vt -0.32252 8.59582
vt -0.36022 8.59582
vt -0.36022 8.8255
vt -0.39792 8.8255
vt -0.39792 9.05518
vt -0.43485 9.05518
vt -0.43485 9.25603
vt -0.47145 9.28486
vt -0.43485 9.45688
vt -0.47159 9.5176
vt -0.43485 9.65773
vt -0.4716 9.75024
vt -0.43485 9.85858
vt -0.47155 9.9739
vt -0.43485 10.05943
vt -0.47157 10.21952
vt -0.43485 10.26028
vt -0.47168 10.46521
vt -0.43485 10.46113
vt -0.43883 10.51309
vt -0.40534 10.55669
vt -0.39792 10.46113
vt -0.37336 10.59213
vt -0.36022 10.46113
vt -0.34134 10.62072
vt -0.32252 10.46113
vt -0.31637 10.63799
vt -0.28482 10.46113
vt -0.2899 10.65132
vt -0.26767 10.65848
vt -0.24712 10.46113
vt -0.22325 10.66167
vt -0.21813 10.46113
vt -0.20186 10.65789
vt -0.18914 10.46113
vt -0.1793 10.6502
vt -0.1655 10.46113
vt -0.15743 10.63916
vt -0.14185 10.46113
vt -0.13128 10.62145
vt -0.11821 10.46113
vt -0.10656 10.60025
vt -0.09457 10.46113
vt -0.07571 10.56784
vt -0.07093 10.46113
vt -0.04471 10.5292
vt -0.04728 10.46113
vt -0.02364 10.46113
vt -0.02364 10.26028
vt -5E-05 10.46521
vt 0 10.17611
vt -0.02364 10.05943
vt 0 9.88701
vt -0.02364 9.85858
vt -0.02364 9.65773
vt -0.04728 9.85858
vt -0.04728 9.65773
vt -0.07093 9.85858
vt -0.07093 9.65773
vt -0.09457 9.85858
vt -0.09457 9.65773
vt -0.11821 9.85858
vt -0.11821 9.65773
vt -0.14185 9.85858
vt -0.14185 9.65773
vt -0.1655 9.85858
vt -0.1655 9.65773
vt -0.18914 9.85858
vt -0.18914 9.65773
vt -0.21813 9.85858
vt -0.21813 9.65773
vt -0.24712 9.85858
vt -0.24712 9.65773
vt -0.28482 9.85858
vt -0.28482 9.65773
vt -0.32252 9.85858
vt -0.32252 9.65773
vt -0.36022 9.85858
vt -0.36022 9.65773
vt -0.39792 9.85858
vt -0.39792 9.65773
vt 0 6.12875
vt 0 6.2733
vt 0 6.41785
vt -0.02364 6.5287
vt -0.04728 6.70096
vt -0.07093 6.87322
vt -0.09457 7.04548
vt -0.11821 7.21774
vt -0.14185 7.44742
vt -0.1655 7.6771
vt -0.18914 7.90678
vt -0.21813 8.13646
vt -0.24712 8.36614
vt -0.28482 8.59582
vt -0.32252 8.8255
vt -0.36022 9.05518
vt -0.39792 9.25603
vt 0 6.5624
vt -0.02364 6.70096
vt -0.04728 6.87322
vt -0.07093 7.04548
vt -0.09457 7.21774
vt -0.11821 7.44742
vt -0.14185 7.6771
vt -0.1655 7.90678
vt -0.18914 8.13646
vt -0.21813 8.36614
vt -0.24712 8.59582
vt -0.28482 8.8255
vt -0.32252 9.05518
vt -0.36022 9.25603
vt -0.39792 9.45688
vt 0 6.70695
vt 0 6.8515
vt -0.02364 6.87322
vt 0 6.99604
vt -0.02364 7.04548
vt 0 7.14059
vt -0.02364 7.21774
vt 0 7.28514
vt -0.02364 7.44742
vt 0 7.57424
vt -0.02364 7.6771
vt 0 7.86333
vt -0.02364 7.90678
vt 0 8.15243
vt -0.02364 8.13646
vt -0.02364 8.36614
vt -0.04728 8.36614
vt -0.04728 8.59582
vt -0.07093 8.59582
vt -0.07093 8.8255
vt -0.09457 8.8255
vt -0.09457 9.05518
vt -0.11821 9.05518
vt -0.11821 9.25603
vt -0.14185 9.25603
vt -0.14185 9.45688
vt -0.1655 9.45688
vt 0 8.44153
vt -0.02364 8.59582
vt -0.04728 8.8255
vt -0.07093 9.05518
vt -0.09457 9.25603
vt -0.11821 9.45688
vt 0 8.73063
vt -0.02364 8.8255
vt -0.04728 9.05518
vt -0.07093 9.25603
vt -0.09457 9.45688
vt 0 9.01972
vt -0.02364 9.05518
vt -0.04728 9.25603
vt -0.07093 9.45688
vt -0.02364 9.25603
vt 0 9.30882
vt -0.02364 9.45688
vt 0 9.59791
vt -0.24478 10.66198
vt -0.47121 8.99883
vt -0.43485 8.8255
vt -0.39792 8.59582
vt -0.36022 8.36614
vt -0.32252 8.13646
vt -0.28482 7.90678
vt -0.24712 7.6771
vt -0.21813 7.44742
vt -0.18914 7.21774
vt -0.1655 7.04548
vt -0.14185 6.87322
vt -0.11821 6.70096
vt -0.09457 6.5287
vt -0.07093 6.35644
vt -0.07093 6.18418
vt -0.07093 6.01192
vt -0.05651 5.83966
vt -0.47098 8.71274
vt -0.43485 8.59582
vt -0.39792 8.36614
vt -0.36022 8.13646
vt -0.32252 7.90678
vt -0.28482 7.6771
vt -0.24712 7.44742
vt -0.21813 7.21774
vt -0.18914 7.04548
vt -0.1655 6.87322
vt -0.14185 6.70096
vt -0.11821 6.5287
vt -0.09457 6.35644
vt -0.09457 6.18418
vt -0.09457 6.01192
vt -0.08677 5.83966
vt -0.47086 8.42667
vt -0.43485 8.36614
vt -0.39792 8.13646
vt -0.36022 7.90678
vt -0.32252 7.6771
vt -0.28482 7.44742
vt -0.24712 7.21774
vt -0.21813 7.04548
vt -0.18914 6.87322
vt -0.1655 6.70096
vt -0.14185 6.5287
vt -0.11821 6.35644
vt -0.11821 6.18418
vt -0.11821 6.01192
vt -0.11781 5.83966
vt -0.47098 8.14064
vt -0.43485 8.13646
vt -0.39792 7.90678
vt -0.36022 7.6771
vt -0.32252 7.44742
vt -0.28482 7.21774
vt -0.24712 7.04548
vt -0.21813 6.87322
vt -0.18914 6.70096
vt -0.1655 6.5287
vt -0.14185 6.35644
vt -0.14185 6.18418
vt -0.14185 6.01192
vt -0.4712 7.90678
vt -0.43485 7.90678
vt -0.39792 7.6771
vt -0.36022 7.44742
vt -0.32252 7.21774
vt -0.28482 7.04548
vt -0.24712 6.87322
vt -0.21813 6.70096
vt -0.18914 6.5287
vt -0.1655 6.35644
vt -0.1655 6.18418
vt -0.1655 6.01192
vt -0.14899 5.83966
vt -0.47133 7.73452
vt -0.43485 7.6771
vt -0.39792 7.44742
vt -0.36022 7.21774
vt -0.32252 7.04548
vt -0.28482 6.87322
vt -0.24712 6.70096
vt -0.21813 6.5287
vt -0.18914 6.35644
vt -0.18914 6.18418
vt -0.18914 6.01192
vt -0.17943 5.83966
vt -0.47144 7.56225
vt -0.43485 7.44742
vt -0.39792 7.21774
vt -0.36022 7.04548
vt -0.32252 6.87322
vt -0.28482 6.70096
vt -0.24712 6.5287
vt -0.21813 6.35644
vt -0.21813 6.18418
vt -0.21813 6.01192
vt -0.20852 5.83966
vt -0.47153 7.39
vt -0.43485 7.21774
vt -0.39792 7.04548
vt -0.36022 6.87322
vt -0.32252 6.70096
vt -0.28482 6.5287
vt -0.28482 6.35644
vt -0.24712 6.35644
vt -0.28482 6.18418
vt -0.24712 6.18418
vt -0.28482 6.01192
vt -0.24712 6.01192
vt -0.26338 5.83966
vt -0.23592 5.83966
vt -0.4716 7.21774
vt -0.43485 7.04548
vt -0.39792 6.87322
vt -0.36022 6.70096
vt -0.32252 6.5287
vt -0.32252 6.35644
vt -0.32252 6.18418
vt -0.32252 6.01192
vt -0.29249 5.83966
vt -0.47166 7.04548
vt -0.43485 6.87322
vt -0.39792 6.70096
vt -0.36022 6.5287
vt -0.36022 6.35644
vt -0.36022 6.18418
vt -0.36022 6.01192
vt -0.35381 5.83966
vt -0.3228 5.83966
vt -0.4717 6.87322
vt -0.43485 6.70096
vt -0.39792 6.5287
vt -0.39792 6.35644
vt -0.39792 6.18418
vt -0.39792 6.01192
vt -0.3848 5.83966
vt -0.47173 6.70096
vt -0.43485 6.5287
vt -0.43485 6.35644
vt -0.43485 6.18418
vt -0.43485 6.01192
vt -0.41511 5.83966
vt -0.47175 6.5287
vt -0.47176 6.35644
vt -0.47177 6.18418
vt -0.47177 6.01192
vt -0.44426 5.83966
vt -0.47177 5.83966
vt -0.04728 7.04548
vt -0.07093 7.21774
vt -0.09457 7.44742
vt -0.11821 7.6771
vt -0.14185 7.90678
vt -0.1655 8.13646
vt -0.18914 8.36614
vt -0.21813 8.59582
vt -0.24712 8.8255
vt -0.28482 9.05518
vt -0.32252 9.25603
vt -0.36022 9.45688
vt -0.04728 7.21774
vt -0.07093 7.44742
vt -0.09457 7.6771
vt -0.11821 7.90678
vt -0.14185 8.13646
vt -0.1655 8.36614
vt -0.18914 8.59582
vt -0.21813 8.8255
vt -0.24712 9.05518
vt -0.28482 9.25603
vt -0.32252 9.45688
vt -0.04728 7.44742
vt -0.07093 7.6771
vt -0.09457 7.90678
vt -0.11821 8.13646
vt -0.14185 8.36614
vt -0.1655 8.59582
vt -0.18914 8.8255
vt -0.21813 9.05518
vt -0.24712 9.25603
vt -0.28482 9.45688
vt -0.04728 7.6771
vt -0.07093 7.90678
vt -0.09457 8.13646
vt -0.11821 8.36614
vt -0.14185 8.59582
vt -0.1655 8.8255
vt -0.18914 9.05518
vt -0.21813 9.25603
vt -0.24712 9.45688
vt -0.04728 7.90678
vt -0.07093 8.13646
vt -0.09457 8.36614
vt -0.11821 8.59582
vt -0.14185 8.8255
vt -0.1655 9.05518
vt -0.18914 9.25603
vt -0.21813 9.45688
vt -0.04728 8.13646
vt -0.07093 8.36614
vt -0.09457 8.59582
vt -0.11821 8.8255
vt -0.14185 9.05518
vt -0.1655 9.25603
vt -0.18914 9.45688
vt -0.04728 9.45688
vt -0.04728 10.05943
vt -0.04728 10.26028
vt -0.07093 10.05943
vt -0.07093 10.26028
vt -0.09457 10.05943
vt -0.09457 10.26028
vt -0.11821 10.05943
vt -0.11821 10.26028
vt -0.14185 10.05943
vt -0.14185 10.26028
vt -0.1655 10.05943
vt -0.1655 10.26028
vt -0.18914 10.05943
vt -0.18914 10.26028
vt -0.21813 10.05943
vt -0.21813 10.26028
vt -0.24712 10.05943
vt -0.24712 10.26028
vt -0.28482 10.05943
vt -0.28482 10.26028
vt -0.32252 10.05943
vt -0.32252 10.26028
vt -0.36022 10.05943
vt -0.36022 10.26028
vt -0.39792 10.05943
vt -0.39792 10.26028
vt -0.03753 1.15826
vt 0 1.21263
vt -0.02575 1.24516
vt 0 1.50138
vt -0.02575 1.47447
vt -0.02575 1.70377
vt -0.0515 1.70376
vt -0.0515 1.93308
vt -0.07724 1.93308
vt -0.07724 2.21981
vt -0.10299 2.21981
vt -0.10299 2.50655
vt -0.13479 2.50655
vt -0.13479 2.79328
vt -0.15631 2.79328
vt -0.15631 3.08001
vt -0.17782 3.08001
vt -0.17782 3.36675
vt -0.19934 3.36675
vt -0.19934 3.65348
vt -0.22085 3.65348
vt -0.22085 3.94021
vt -0.24712 3.94021
vt -0.24712 4.22695
vt -0.28469 4.22695
vt -0.28469 4.42766
vt -0.32226 4.42766
vt -0.32226 4.62837
vt -0.35984 4.62837
vt -0.35984 4.82909
vt -0.39741 4.82909
vt -0.39741 5.0298
vt -0.43459 5.0298
vt -0.43459 5.23051
vt -0.47146 5.14449
vt -0.47149 5.31651
vt -0.43459 5.43123
vt -0.47161 5.48853
vt -0.43459 5.63194
vt -0.47172 5.66059
vt -0.44426 5.83265
vt -0.47177 5.83265
vt 0 1.79013
vt -0.02575 1.93308
vt -0.0515 2.21981
vt -0.07724 2.50655
vt -0.10299 2.79328
vt -0.13479 3.08001
vt -0.15631 3.36675
vt -0.17782 3.65348
vt -0.19934 3.94021
vt -0.22085 4.22695
vt -0.24712 4.42766
vt -0.28469 4.62837
vt -0.32226 4.82909
vt -0.35984 5.0298
vt -0.39741 5.23051
vt 0 2.07888
vt -0.02575 2.21981
vt -0.0515 2.50655
vt -0.07724 2.79328
vt -0.10299 3.08001
vt -0.13479 3.36675
vt -0.15631 3.65348
vt -0.17782 3.94021
vt -0.19934 4.22695
vt -0.22085 4.42766
vt -0.24712 4.62837
vt -0.28469 4.82909
vt -0.32226 5.0298
vt -0.35984 5.23051
vt -0.39741 5.43123
vt 0 2.36763
vt -0.02575 2.50655
vt -0.0515 2.79328
vt -0.07724 3.08001
vt -0.10299 3.36675
vt -0.13479 3.65348
vt -0.15631 3.94021
vt -0.17782 4.22695
vt -0.19934 4.42766
vt -0.22085 4.62837
vt -0.24712 4.82909
vt -0.28469 5.0298
vt -0.32226 5.23051
vt -0.35984 5.43123
vt -0.39741 5.63194
vt -0.41511 5.83265
vt 0 2.65639
vt -0.02575 2.79328
vt -0.0515 3.08001
vt -0.07724 3.36675
vt -0.10299 3.65348
vt -0.13479 3.94021
vt -0.15631 4.22695
vt -0.17782 4.42766
vt -0.19934 4.62837
vt -0.22085 4.82909
vt -0.24712 5.0298
vt -0.28469 5.23051
vt -0.32226 5.43123
vt -0.35984 5.63194
vt -0.3848 5.83265
vt 0 2.94514
vt -0.02575 3.08001
vt -0.0515 3.36675
vt -0.07724 3.65348
vt -0.10299 3.94021
vt -0.13479 4.22695
vt -0.15631 4.42766
vt -0.17782 4.62837
vt -0.19934 4.82909
vt -0.22085 5.0298
vt -0.24712 5.23051
vt -0.28469 5.43123
vt -0.32226 5.63194
vt -0.35381 5.83265
vt 0 3.23389
vt -0.02575 3.36675
vt -0.0515 3.65348
vt -0.07724 3.94021
vt -0.10299 4.22695
vt -0.13479 4.42766
vt -0.15631 4.62837
vt -0.17782 4.82909
vt -0.19934 5.0298
vt -0.22085 5.23051
vt -0.24712 5.43123
vt -0.28469 5.63194
vt -0.29249 5.83265
vt -0.3228 5.83265
vt 0 3.52264
vt -0.02575 3.65348
vt -0.0515 3.94021
vt -0.07724 4.22695
vt -0.10299 4.42766
vt -0.13479 4.62837
vt -0.15631 4.82909
vt -0.17782 5.0298
vt -0.19934 5.23051
vt -0.22085 5.43123
vt -0.24712 5.63194
vt -0.26338 5.83265
vt 0 3.81139
vt -0.02575 3.94021
vt -0.0515 4.22695
vt -0.07724 4.42766
vt -0.10299 4.62837
vt -0.13479 4.82909
vt -0.15631 5.0298
vt -0.17782 5.23051
vt -0.19934 5.43123
vt -0.22085 5.63194
vt -0.23592 5.83265
vt 0 4.10014
vt -0.02575 4.22695
vt -0.0515 4.42766
vt -0.07724 4.62837
vt -0.10299 4.82909
vt -0.13479 5.0298
vt -0.15631 5.23051
vt -0.17782 5.43123
vt -0.19934 5.63194
vt -0.20852 5.83265
vt 0 4.3889
vt -0.02575 4.42766
vt -0.0515 4.62837
vt -0.07724 4.82909
vt -0.10299 5.0298
vt -0.13479 5.23051
vt -0.15631 5.43123
vt -0.17782 5.63194
vt -0.17943 5.83265
vt 0 4.53327
vt -0.02575 4.62837
vt -0.0515 4.82909
vt -0.07724 5.0298
vt -0.10299 5.23051
vt -0.13479 5.43123
vt -0.15631 5.63194
vt 0 4.67765
vt -0.02575 4.82909
vt -0.0515 5.0298
vt -0.07724 5.23051
vt -0.10299 5.43123
vt -0.13479 5.63194
vt -0.14899 5.83265
vt 0 4.82202
vt 0 4.9664
vt -0.02575 5.0298
vt 0 5.11077
vt -0.02575 5.23051
vt 0 5.25515
vt 0 5.39953
vt -0.02575 5.43123
vt 0 5.5439
vt -0.02575 5.63194
vt 0 5.68828
vt -0.02747 5.83265
vt -0 5.83265
vt -0.0515 5.63194
vt -0.05651 5.83265
vt -0.07724 5.63194
vt -0.08677 5.83265
vt -0.10299 5.63194
vt -0.11781 5.83265
vt -0.47149 5.04416
vt -0.47154 4.89717
vt -0.43459 4.82909
vt -0.4715 4.75021
vt -0.43459 4.62837
vt -0.47142 4.60326
vt -0.47131 4.45633
vt -0.43459 4.42766
vt -0.47116 4.2662
vt -0.43459 4.22695
vt -0.47105 4.07608
vt -0.43459 3.94021
vt -0.47103 3.88598
vt -0.43459 3.65348
vt -0.47116 3.69587
vt -0.47143 3.38813
vt -0.43459 3.36675
vt -0.47152 3.08001
vt -0.43459 3.08001
vt -0.43459 2.79328
vt -0.39741 2.79328
vt -0.39741 2.50655
vt -0.35984 2.50655
vt -0.35984 2.21981
vt -0.32226 2.21981
vt -0.32226 1.93308
vt -0.28469 1.93308
vt -0.28469 1.70372
vt -0.24712 1.70373
vt -0.24712 1.47447
vt -0.22085 1.47447
vt -0.22085 1.24516
vt -0.19934 1.24516
vt -0.21035 1.01829
vt -0.18834 1.02435
vt -0.47148 2.77161
vt -0.43459 2.50655
vt -0.39741 2.21981
vt -0.35984 1.93308
vt -0.32226 1.70372
vt -0.28469 1.47447
vt -0.24712 1.24516
vt -0.23294 1.01585
vt -0.47127 2.46364
vt -0.47118 2.27371
vt -0.43459 2.21981
vt -0.47122 2.08374
vt -0.43459 1.93308
vt -0.47134 1.89374
vt -0.43459 1.7037
vt -0.4715 1.70369
vt -0.43459 1.47447
vt -0.47169 1.4582
vt -0.43459 1.24516
vt -0.47177 1.21263
vt -0.43663 1.16161
vt -0.40447 1.12016
vt -0.39741 1.24516
vt -0.39741 1.47447
vt -0.39741 1.7037
vt -0.39741 1.93308
vt -0.37261 1.08511
vt -0.35984 1.24516
vt -0.35984 1.47447
vt -0.35984 1.70371
vt -0.34738 1.06216
vt -0.32226 1.24516
vt -0.32226 1.47447
vt -0.32075 1.04277
vt -0.28469 1.24516
vt -0.29869 1.0306
vt -0.27583 1.0218
vt -0.25445 1.01711
vt -0.17782 1.24516
vt -0.16244 1.03608
vt -0.15631 1.24516
vt -0.13789 1.05166
vt -0.13479 1.24516
vt -0.10674 1.07758
vt -0.10299 1.24516
vt -0.07579 1.10999
vt -0.07724 1.24516
vt -0.0515 1.24516
vt -0.07724 1.47447
vt -0.0515 1.47447
vt -0.07724 1.70376
vt -0.10299 1.47447
vt -0.10299 1.70375
vt -0.10299 1.93308
vt -0.13479 1.47447
vt -0.13479 1.70375
vt -0.13479 1.93308
vt -0.13479 2.21981
vt -0.15631 1.47447
vt -0.15631 1.70375
vt -0.15631 1.93308
vt -0.15631 2.21981
vt -0.15631 2.50655
vt -0.17782 1.47447
vt -0.17782 1.70374
vt -0.17782 1.93308
vt -0.17782 2.21981
vt -0.17782 2.50655
vt -0.17782 2.79328
vt -0.19934 1.47447
vt -0.19934 1.70374
vt -0.19934 1.93308
vt -0.19934 2.21981
vt -0.19934 2.50655
vt -0.19934 2.79328
vt -0.19934 3.08001
vt -0.22085 1.70373
vt -0.24712 1.93308
vt -0.28469 2.21981
vt -0.32226 2.50655
vt -0.35984 2.79328
vt -0.39741 3.08001
vt -0.22085 1.93308
vt -0.22085 2.21981
vt -0.22085 2.50655
vt -0.22085 2.79328
vt -0.22085 3.08001
vt -0.22085 3.36675
vt -0.24712 2.21981
vt -0.28469 2.50655
vt -0.32226 2.79328
vt -0.35984 3.08001
vt -0.39741 3.36675
vt -0.24712 2.50655
vt -0.24712 2.79328
vt -0.24712 3.08001
vt -0.24712 3.36675
vt -0.24712 3.65348
vt -0.28469 2.79328
vt -0.32226 3.08001
vt -0.35984 3.36675
vt -0.39741 3.65348
vt -0.28469 3.08001
vt -0.28469 3.36675
vt -0.28469 3.65348
vt -0.28469 3.94021
vt -0.32226 3.36675
vt -0.35984 3.65348
vt -0.39741 3.94021
vt -0.32226 3.65348
vt -0.32226 3.94021
vt -0.32226 4.22695
vt -0.35984 3.94021
vt -0.39741 4.22695
vt -0.35984 4.22695
vt -0.35984 4.42766
vt -0.39741 4.42766
vt -0.39741 4.62837
vt -0.0515 5.23051
vt -0.07724 5.43123
vt -0.0515 5.43123
vt -0.76478 0
vt -0.74313 0
vt -0.76478 0.035
vt -0.74313 0.07
vt -0.76478 0.0525
vt -0.76478 0.07
vt -0.84571 0.07
vt -0.84571 0.0525
vt -0.92665 0.07
vt -0.92665 0.0525
vt -0.96786 0.0525
vt -0.92665 0.035
vt -0.96786 0.035
vt -0.92665 0
vt -0.98847 0
vt -1.05029 0.035
vt -1.05029 0
vt -1.09934 0.035
vt -1.09934 0
vt -1.14839 0.035
vt -1.14839 0
vt -1.19139 0.035
vt -1.19139 0
vt -1.2344 0.035
vt -1.2344 0
vt -1.27769 0.035
vt -1.27769 0
vt -1.32099 0.035
vt -1.32099 0
vt -1.36946 0.035
vt -1.36946 0
vt -1.41794 0.035
vt -1.41794 0
vt -1.47643 0.035
vt -1.47643 0
vt -1.53493 0.035
vt -1.53493 0
vt -1.58347 0.035
vt -1.60774 0
vt -1.63201 0.035
vt -1.68055 0
vt -1.68055 0.035
vt -1.75517 0
vt -1.75517 0.07
vt -1.68055 0.0525
vt -1.68055 0.07
vt -1.63201 0.0525
vt -1.60774 0.07
vt -1.58347 0.0525
vt -1.53493 0.07
vt -1.53493 0.0525
vt -1.47643 0.0525
vt -0.98847 0.07
vt -1.05029 0.0525
vt -1.05029 0.07
vt -1.09934 0.07
vt -1.09934 0.0525
vt -1.14839 0.07
vt -1.14839 0.0525
vt -1.19139 0.07
vt -1.19139 0.0525
vt -1.2344 0.07
vt -1.2344 0.0525
vt -1.27769 0.07
vt -1.27769 0.0525
vt -1.32099 0.07
vt -1.32099 0.0525
vt -1.36946 0.07
vt -1.36946 0.0525
vt -1.41794 0.07
vt -1.41794 0.0525
vt -1.47643 0.07
vt -0.84571 0
vt -0.84571 0.035
vt -0.23592 -0.09135
vt -0.14926 -0.06298
vt -0.24781 -0.02209
vt -0.14458 -0.00703
vt -0.2489 -0.00484
vt -0.24633 0.06034
vt -0.13047 0.04478
vt -0.23203 0.12533
vt -0.11282 0.08084
vt -0.21201 0.17381
vt -0.18277 0.21962
vt -0.09033 0.11052
vt -0.15226 0.25253
vt -0.06984 0.12875
vt -0.11506 0.28035
vt -0.04611 0.14267
vt -0.07736 0.29881
vt -0.02475 0.14994
vt -0.03617 0.3101
vt -0.00225 0.15287
vt 0.00686 0.31315
vt 0.01922 0.15135
vt 0.04912 0.30781
vt 0.04016 0.14571
vt 0.09283 0.29294
vt 0.06166 0.13522
vt 0.13108 0.27077
vt 0.08109 0.12088
vt 0.16986 0.23654
vt 0.10217 0.09841
vt 0.20109 0.19556
vt 0.1192 0.07236
vt 0.22906 0.1383
vt 0.13593 0.03366
vt 0.24536 0.07668
vt 0.25074 0.01223
vt 0.14664 -0.01058
vt 0.24024 -0.07948
vt 0.15074 -0.06298
vt 0.14018 -0.15023
vt -0.14919 -0.07031
vt -0.21237 -0.15677
vt -0.1418 -0.1364
vt -0.1835 -0.2076
vt -0.12369 -0.1973
vt -0.14491 -0.25288
vt -0.10524 -0.23546
vt -0.11219 -0.27917
vt -0.08314 -0.26735
vt -0.0712 -0.30069
vt -0.06634 -0.28487
vt -0.04714 -0.29934
vt -0.03486 -0.31116
vt -0.03175 -0.30717
vt -0.01535 -0.31211
vt 0.00458 -0.31448
vt 0.00107 -0.31371
vt 0.01737 -0.312
vt 0.04163 -0.3101
vt 0.03585 -0.30605
vt 0.05276 -0.29667
vt 0.07625 -0.29924
vt 0.07496 -0.27802
vt 0.11201 -0.28025
vt 0.09494 -0.25388
vt 0.14186 -0.25707
vt 0.12147 -0.20614
vt 0.16954 -0.22798
vt 0.19165 -0.1974
vt 0.22067 -0.14128
vt -0.81116 0
vt -0.73715 0.035
vt -0.81116 0.07
vt -0.73715 0.0525
vt -0.71401 0.07
vt -0.61686 0.0525
vt -0.61686 0.07
vt -0.53523 0.0525
vt -0.53523 0.07
vt -0.4536 0.0525
vt -0.4536 0.07
vt -0.41783 0.0525
vt -0.39995 0.07
vt -0.38206 0.0525
vt -0.34629 0.07
vt -0.34629 0.0525
vt -0.30596 0.0525
vt -0.30596 0.035
vt -0.26562 0.035
vt -0.26562 0
vt -0.22795 0
vt -0.71401 0
vt -0.61686 0.035
vt -0.61686 0
vt -0.53523 0
vt -0.53523 0.035
vt -0.4536 0
vt -0.4536 0.035
vt -0.41783 0.035
vt -0.39995 0
vt -0.38206 0.035
vt -0.34629 0
vt -0.34629 0.035
vt -0.30596 0
vt -0.22795 0.035
vt -0.19027 0
vt -0.19027 0.035
vt -0.14581 0
vt -0.14581 0.035
vt -0.10135 0
vt -0.10135 0.035
vt -0.05068 0
vt -0.05068 0.035
vt 0 0.035
vt 0.08683 0
vt 0.08683 0.035
vt 0.17366 0
vt 0.17366 0.035
vt 0.21362 0.035
vt 0.17366 0.0525
vt 0.21362 0.0525
vt 0.17366 0.07
vt 0.29354 0.07
vt 0.29354 0
vt 0.08683 0.07
vt 0.08683 0.0525
vt 0 0.07
vt -0 0.0525
vt -0.05068 0.07
vt -0.05068 0.0525
vt -0.10135 0.07
vt -0.10135 0.0525
vt -0.14581 0.07
vt -0.14581 0.0525
vt -0.19027 0.07
vt -0.19027 0.0525
vt -0.22795 0.07
vt -0.22795 0.0525
vt -0.26562 0.07
vt -0.26562 0.0525
vt -0.30596 0.07
vt -0.24536 0.07668
vt -0.25074 0.01223
vt -0.24024 -0.07948
vt -0.22067 -0.14128
vt -0.19165 -0.1974
vt -0.16954 -0.22798
vt -0.14186 -0.25707
vt -0.11201 -0.28025
vt -0.07625 -0.29924
vt -0.04163 -0.3101
vt -0.00458 -0.31448
vt 0.03486 -0.31116
vt 0.0712 -0.30069
vt 0.11219 -0.27917
vt 0.14491 -0.25288
vt 0.1835 -0.2076
vt 0.21237 -0.15677
vt 0.23592 -0.09135
vt 0.24781 -0.02209
vt 0.2489 -0.00484
vt 0.24633 0.06034
vt 0.23203 0.12533
vt 0.21201 0.17381
vt 0.18277 0.21962
vt 0.15226 0.25253
vt 0.11506 0.28035
vt 0.07736 0.29881
vt 0.03617 0.3101
vt -0.00686 0.31315
vt -0.04912 0.30781
vt -0.09283 0.29294
vt -0.13108 0.27077
vt -0.16986 0.23654
vt -0.20109 0.19556
vt -0.22906 0.1383
vt 0 5.15532
vt 5E-05 5.02774
vt 0.02751 5.15532
vt 0.03668 4.93656
vt 0.05666 5.15532
vt 0.07337 4.93656
vt 0.11119 4.93656
vt 0.11119 4.7178
vt 0.14901 4.7178
vt 0.14901 4.49904
vt 0.18684 4.49904
vt 0.18684 4.28028
vt 0.22466 4.28028
vt 0.22466 4.06152
vt 0.25351 4.06152
vt 0.25351 3.84276
vt 0.28237 3.84276
vt 0.28237 3.62399
vt 0.30605 3.62399
vt 0.30605 3.40524
vt 0.32972 3.40524
vt 0.32972 3.2594
vt 0.3534 3.2594
vt 0.3534 3.11342
vt 0.37708 3.11345
vt 0.37708 2.82188
vt 0.40075 2.82188
vt 0.40075 2.5302
vt 0.42443 2.5302
vt 0.42443 2.23852
vt 0.44811 2.23852
vt 0.44811 2.0927
vt 0.47176 2.17799
vt 0.44811 1.94684
vt 0.47178 2.00987
vt 0.47178 1.84168
vt 0.44811 1.801
vt 0.47178 1.67351
vt 0.44811 1.65516
vt 0.47178 1.50545
vt 0.44811 1.50932
vt 0.44811 1.36348
vt 0.42443 1.50932
vt 0.42443 1.36348
vt 0.40075 1.50932
vt 0.40075 1.36348
vt 0.37708 1.50932
vt 0.37708 1.36348
vt 0.3534 1.50932
vt 0.3534 1.36348
vt 0.32972 1.50932
vt 0.32972 1.36348
vt 0.30605 1.50932
vt 0.30605 1.36348
vt 0.28237 1.50932
vt 0.28237 1.36348
vt 0.25351 1.50932
vt 0.25351 1.36348
vt 0.22466 1.50932
vt 0.22466 1.36348
vt 0.18684 1.50932
vt 0.18684 1.36348
vt 0.14901 1.50932
vt 0.14901 1.36348
vt 0.11119 1.50932
vt 0.11119 1.36348
vt 0.07337 1.50932
vt 0.07337 1.36348
vt 0.03668 1.50932
vt 0.03668 1.36348
vt -0 1.32679
vt 0.03668 1.21764
vt 0.00473 1.07816
vt 0.04761 1.13755
vt 0.00016 4.90016
vt 0.00027 4.77255
vt 0.03668 4.7178
vt 0.00031 4.6449
vt 0.03668 4.49904
vt 0.00022 4.51726
vt 2E-05 4.38965
vt 0.03668 4.28028
vt -0 4.2621
vt -0 4.13459
vt 0.03668 4.06152
vt -0 4.00708
vt 0.03668 3.84276
vt -0 3.8795
vt 0.00029 3.62398
vt 0.00069 3.3683
vt 0.03668 3.40524
vt 0.03668 3.62399
vt 0.07337 3.62399
vt 0.07337 3.84276
vt 0.11119 3.62399
vt 0.11119 3.84276
vt 0.14901 3.62399
vt 0.14901 3.84276
vt 0.18684 3.62399
vt 0.18684 3.84276
vt 0.22466 3.62399
vt 0.22466 3.84276
vt 0.25351 3.62399
vt 0.03668 3.2594
vt 0.00028 3.11299
vt 0.03668 3.11304
vt 0.03668 2.82188
vt 0.07337 2.82188
vt 0.07337 2.5302
vt 0.11119 2.5302
vt 0.11119 2.23852
vt 0.14901 2.23852
vt 0.11119 2.09294
vt 0.14901 2.09291
vt 0.11119 1.94684
vt 0.14901 1.94684
vt 0.14901 1.801
vt 0.18684 1.801
vt 0.18684 1.65516
vt 0.22466 1.65516
vt -0 2.85811
vt -0 2.60342
vt 0.03668 2.5302
vt 0.00021 2.34845
vt 0.03668 2.23852
vt 0.00054 2.09302
vt 0.03668 2.093
vt 0.03668 1.94684
vt 0.07337 2.09297
vt 0.07337 1.94684
vt 0.00015 1.83738
vt 0.03668 1.801
vt 0.07337 1.801
vt 0.07337 1.65516
vt 0.11119 1.65516
vt 0.03668 1.65516
vt -0 1.58186
vt -0 1.0718
vt 0.07337 1.21764
vt 0.08898 1.19436
vt 0.11805 1.2309
vt 0.14678 1.26193
vt 0.16626 1.27917
vt 0.18708 1.29349
vt 0.20308 1.30128
vt 0.21973 1.30622
vt 0.23619 1.30781
vt 0.25251 1.30611
vt 0.27126 1.30018
vt 0.28895 1.29085
vt 0.31356 1.27242
vt 0.33795 1.24877
vt 0.3766 1.20276
vt 0.37708 1.21764
vt 0.40075 1.21764
vt 0.41521 1.15027
vt 0.42443 1.21764
vt 0.44811 1.21764
vt 0.47178 1.0718
vt 0.47178 1.28867
vt 0.47178 2.45025
vt 0.44811 2.5302
vt 0.42443 2.82188
vt 0.40075 3.11347
vt 0.37708 3.2594
vt 0.3534 3.40524
vt 0.32972 3.62399
vt 0.30605 3.84276
vt 0.28237 4.06152
vt 0.25351 4.28028
vt 0.22466 4.49904
vt 0.18684 4.7178
vt 0.14901 4.93656
vt 0.08697 5.15532
vt 0.47178 2.72239
vt 0.44811 2.82188
vt 0.42443 3.1135
vt 0.40075 3.2594
vt 0.37708 3.40524
vt 0.3534 3.624
vt 0.32972 3.84276
vt 0.30605 4.06152
vt 0.28237 4.28028
vt 0.25351 4.49904
vt 0.22466 4.7178
vt 0.18684 4.93656
vt 0.14897 5.15532
vt 0.11796 5.15532
vt 0.47178 2.99421
vt 0.44811 3.11353
vt 0.42443 3.2594
vt 0.40075 3.40524
vt 0.37708 3.624
vt 0.3534 3.84276
vt 0.32972 4.06152
vt 0.30605 4.28028
vt 0.28237 4.49904
vt 0.25351 4.7178
vt 0.22466 4.93656
vt 0.17928 5.15532
vt 0.47178 3.26611
vt 0.44811 3.2594
vt 0.42443 3.40524
vt 0.40075 3.624
vt 0.37708 3.84276
vt 0.3534 4.06152
vt 0.32972 4.28028
vt 0.30605 4.49904
vt 0.28237 4.7178
vt 0.25351 4.93656
vt 0.2084 5.15532
vt 0.44811 3.40524
vt 0.47178 3.43432
vt 0.44811 3.624
vt 0.47178 3.60267
vt 0.47178 3.77098
vt 0.44811 3.84276
vt 0.47178 3.93911
vt 0.44811 4.06152
vt 0.47178 4.0689
vt 0.47178 4.19867
vt 0.44811 4.28028
vt 0.47178 4.32849
vt 0.44811 4.49904
vt 0.47178 4.45837
vt 0.47178 4.54707
vt 0.47176 4.69915
vt 0.44811 4.7178
vt 0.42443 4.7178
vt 0.42443 4.93656
vt 0.40075 4.93656
vt 0.38501 5.15532
vt 0.35397 5.15532
vt 0.47175 4.85122
vt 0.44811 4.93656
vt 0.41527 5.15532
vt 0.47177 5.00327
vt 0.44431 5.15532
vt 0.47178 5.15532
vt 0.37708 4.93656
vt 0.32279 5.15532
vt 0.3534 4.93656
vt 0.32972 4.93656
vt 0.3534 4.7178
vt 0.32972 4.7178
vt 0.3534 4.49904
vt 0.32972 4.49904
vt 0.3534 4.28028
vt 0.29235 5.15532
vt 0.30605 4.93656
vt 0.30605 4.7178
vt 0.26326 5.15532
vt 0.28237 4.93656
vt 0.23586 5.15532
vt 0.07337 4.7178
vt 0.07337 4.49904
vt 0.07337 4.28028
vt 0.07337 4.06152
vt 0.37708 4.7178
vt 0.37708 4.49904
vt 0.37708 4.28028
vt 0.37708 4.06152
vt 0.40075 4.7178
vt 0.40075 4.49904
vt 0.40075 4.28028
vt 0.40075 4.06152
vt 0.40075 3.84276
vt 0.11119 4.49904
vt 0.14901 4.28028
vt 0.18684 4.06152
vt 0.42443 4.49904
vt 0.11119 4.28028
vt 0.11119 4.06152
vt 0.42443 4.28028
vt 0.42443 4.06152
vt 0.42443 3.84276
vt 0.42443 3.624
vt 0.14901 4.06152
vt 0.28237 3.40524
vt 0.25351 3.40524
vt 0.28237 3.2594
vt 0.25351 3.2594
vt 0.28237 3.11333
vt 0.25351 3.1133
vt 0.28237 2.82188
vt 0.25351 2.82188
vt 0.28237 2.5302
vt 0.25351 2.5302
vt 0.28237 2.23852
vt 0.25351 2.23852
vt 0.28237 2.09282
vt 0.25351 2.09284
vt 0.25351 1.94684
vt 0.22466 1.94684
vt 0.25351 1.801
vt 0.22466 1.801
vt 0.25351 1.65516
vt 0.22466 3.40524
vt 0.22466 3.2594
vt 0.22466 3.11326
vt 0.22466 2.82188
vt 0.22466 2.5302
vt 0.22466 2.23852
vt 0.22466 2.09286
vt 0.18684 2.09289
vt 0.18684 1.94684
vt 0.18684 3.40524
vt 0.18684 3.2594
vt 0.18684 3.11322
vt 0.18684 2.82188
vt 0.18684 2.5302
vt 0.18684 2.23852
vt 0.14901 3.40524
vt 0.14901 3.2594
vt 0.14901 3.11317
vt 0.14901 2.82188
vt 0.14901 2.5302
vt 0.11119 3.40524
vt 0.11119 3.2594
vt 0.11119 3.11313
vt 0.11119 2.82188
vt 0.07337 3.40524
vt 0.07337 3.2594
vt 0.07337 3.11308
vt 0.30605 3.2594
vt 0.32972 3.11339
vt 0.3534 2.82188
vt 0.37708 2.5302
vt 0.40075 2.23852
vt 0.42443 2.09271
vt 0.42443 1.94684
vt 0.30605 3.11336
vt 0.30605 2.82188
vt 0.30605 2.5302
vt 0.30605 2.23852
vt 0.30605 2.0928
vt 0.28237 1.94684
vt 0.28237 1.801
vt 0.28237 1.65516
vt 0.32972 2.82188
vt 0.3534 2.5302
vt 0.37708 2.23852
vt 0.40075 2.09273
vt 0.40075 1.94684
vt 0.42443 1.801
vt 0.32972 2.5302
vt 0.32972 2.23852
vt 0.32972 2.09278
vt 0.30605 1.94684
vt 0.30605 1.801
vt 0.30605 1.65516
vt 0.07337 2.23852
vt 0.3534 2.23852
vt 0.37708 2.09275
vt 0.37708 1.94684
vt 0.40075 1.801
vt 0.42443 1.65516
vt 0.3534 2.09277
vt 0.32972 1.94684
vt 0.32972 1.801
vt 0.32972 1.65516
vt 0.11119 1.801
vt 0.3534 1.94684
vt 0.37708 1.801
vt 0.40075 1.65516
vt 0.3534 1.801
vt 0.3534 1.65516
vt 0.14901 1.65516
vt 0.37708 1.65516
vt 0.94361 9.23982
vt 0.94365 8.98462
vt 0.97768 9.19296
vt 0.98027 9.06966
vt 1.01696 9.06966
vt 1.01696 8.89949
vt 1.05478 8.89949
vt 1.05478 8.72928
vt 1.09259 8.72929
vt 1.09259 8.55916
vt 1.13041 8.55916
vt 1.13041 8.389
vt 1.16823 8.389
vt 1.16823 8.21883
vt 1.19709 8.21883
vt 1.19709 8.04867
vt 1.22596 8.04867
vt 1.22596 7.87851
vt 1.24963 7.87851
vt 1.24963 7.68403
vt 1.27331 7.68403
vt 1.27331 7.48956
vt 1.29698 7.48956
vt 1.29698 7.29508
vt 1.32065 7.29508
vt 1.32065 7.10061
vt 1.34433 7.10061
vt 1.34433 6.90614
vt 1.368 6.90614
vt 1.368 6.71166
vt 1.39168 6.71166
vt 1.39168 6.51719
vt 1.41535 6.67677
vt 1.41535 6.52464
vt 1.41535 6.37254
vt 1.39168 6.32271
vt 1.41535 6.22047
vt 1.39168 6.17686
vt 1.41535 6.06839
vt 1.39168 6.031
vt 1.41535 5.91631
vt 1.39168 5.88515
vt 1.41535 5.76427
vt 1.39168 5.73929
vt 1.41533 5.61225
vt 1.39168 5.59344
vt 1.41531 5.46019
vt 1.39168 5.44758
vt 1.41533 5.30802
vt 1.39168 5.30172
vt 1.41535 5.15587
vt 1.38788 5.15587
vt 1.368 5.30172
vt 1.35883 5.15587
vt 1.34433 5.30172
vt 1.32858 5.15587
vt 1.32065 5.30172
vt 1.29698 5.30172
vt 1.29698 5.44758
vt 1.27331 5.44758
vt 1.27331 5.59344
vt 1.24963 5.59344
vt 1.24963 5.73929
vt 1.22596 5.73929
vt 1.22596 5.88515
vt 1.19709 5.88515
vt 1.19709 6.031
vt 1.16823 6.031
vt 1.16823 6.17684
vt 1.13041 6.17684
vt 1.13041 6.32271
vt 1.09259 6.32271
vt 1.09259 6.51719
vt 1.05478 6.51719
vt 1.05478 6.71166
vt 1.01696 6.71166
vt 1.01696 6.90614
vt 0.98027 6.90614
vt 0.98027 7.10061
vt 0.94357 6.94263
vt 0.94357 7.19781
vt 0.98027 7.29508
vt 0.94359 7.45303
vt 0.98027 7.48956
vt 0.94384 7.70832
vt 0.98027 7.68403
vt 0.98027 7.87851
vt 1.01696 7.68403
vt 1.01696 7.87851
vt 1.05478 7.68403
vt 1.05478 7.87851
vt 1.09259 7.68403
vt 1.09259 7.87851
vt 1.13041 7.68403
vt 1.13041 7.87851
vt 1.16823 7.68403
vt 1.16823 7.87851
vt 1.19709 7.68403
vt 1.19709 7.87851
vt 1.22596 7.68403
vt 0.98027 8.89949
vt 0.94357 8.72927
vt 0.98027 8.72927
vt 0.98027 8.55916
vt 1.01696 8.55916
vt 1.01696 8.389
vt 1.05478 8.389
vt 1.05478 8.21883
vt 1.09259 8.21883
vt 1.09259 8.04867
vt 1.13041 8.04867
vt 0.94357 8.47395
vt 0.98027 8.389
vt 1.01696 8.21883
vt 1.05478 8.04867
vt 0.94357 8.21883
vt 0.98027 8.21883
vt 1.01696 8.04867
vt 0.98027 8.04867
vt 0.94383 7.96363
vt 0.94359 6.68735
vt 0.98027 6.71166
vt 1.01696 6.51719
vt 1.05478 6.32271
vt 1.09259 6.17684
vt 1.13041 6.031
vt 1.16823 5.88515
vt 1.19709 5.73929
vt 1.22596 5.59344
vt 1.24963 5.44758
vt 1.27331 5.30172
vt 1.29754 5.15587
vt 0.98027 6.51719
vt 0.94357 6.43205
vt 0.98027 6.32271
vt 0.94357 6.30444
vt 0.98027 6.17683
vt 0.94357 6.17683
vt 0.94357 6.04921
vt 0.98027 6.031
vt 0.94357 5.9216
vt 0.98027 5.88515
vt 0.94357 5.79401
vt 0.98027 5.73929
vt 0.94359 5.66645
vt 0.98027 5.59344
vt 0.94361 5.53887
vt 0.98027 5.44758
vt 0.94361 5.41123
vt 0.98027 5.30172
vt 0.94359 5.28354
vt 0.97108 5.15587
vt 0.94357 5.15587
vt 1.00022 5.15587
vt 1.01696 5.30172
vt 1.01696 5.44758
vt 1.01696 5.59344
vt 1.01696 5.73929
vt 1.01696 5.88515
vt 1.01696 6.031
vt 1.01696 6.17683
vt 1.01696 6.32271
vt 1.03054 5.15587
vt 1.05478 5.30172
vt 1.05478 5.44758
vt 1.05478 5.59344
vt 1.05478 5.73929
vt 1.05478 5.88515
vt 1.05478 6.031
vt 1.05478 6.17683
vt 1.06153 5.15587
vt 1.09254 5.15587
vt 1.09259 5.30172
vt 1.12285 5.15587
vt 1.13041 5.30172
vt 1.15197 5.15587
vt 1.17942 5.15587
vt 1.16823 5.30172
vt 1.20683 5.15587
vt 1.19709 5.30172
vt 1.23591 5.15587
vt 1.22596 5.30172
vt 1.26636 5.15587
vt 1.24963 5.30172
vt 1.41535 6.8289
vt 1.39168 6.90614
vt 1.368 7.10061
vt 1.34433 7.29508
vt 1.32065 7.48956
vt 1.29698 7.68403
vt 1.27331 7.87851
vt 1.24963 8.04867
vt 1.22596 8.21883
vt 1.19709 8.389
vt 1.16823 8.55916
vt 1.13041 8.72929
vt 1.09259 8.89949
vt 1.08957 9.05033
vt 1.05478 9.06966
vt 1.06305 9.07894
vt 1.02071 9.13307
vt 1.41535 6.98098
vt 1.39168 7.10061
vt 1.368 7.29508
vt 1.34433 7.48956
vt 1.32065 7.68403
vt 1.29698 7.87851
vt 1.27331 8.04867
vt 1.24963 8.21883
vt 1.22596 8.389
vt 1.19709 8.55916
vt 1.16823 8.7293
vt 1.13041 8.89949
vt 1.11634 9.02736
vt 1.41535 7.1874
vt 1.39168 7.29508
vt 1.368 7.48956
vt 1.34433 7.68403
vt 1.32065 7.87851
vt 1.29698 8.04867
vt 1.27331 8.21883
vt 1.24963 8.389
vt 1.22596 8.55916
vt 1.19709 8.7293
vt 1.16823 8.89949
vt 1.15488 9.00736
vt 1.13495 9.01562
vt 1.41535 7.43991
vt 1.39168 7.48956
vt 1.368 7.68403
vt 1.34433 7.87851
vt 1.32065 8.04867
vt 1.29698 8.21883
vt 1.27331 8.389
vt 1.24963 8.55916
vt 1.22596 8.7293
vt 1.19709 8.89949
vt 1.17116 9.0041
vt 1.41535 7.69253
vt 1.39168 7.68403
vt 1.368 7.87851
vt 1.34433 8.04867
vt 1.32065 8.21883
vt 1.29698 8.389
vt 1.27331 8.55916
vt 1.24963 8.72931
vt 1.22596 8.89949
vt 1.18772 9.00411
vt 1.39168 7.87851
vt 1.41535 7.94518
vt 1.39168 8.04867
vt 1.41535 8.19769
vt 1.39168 8.21883
vt 1.41535 8.40306
vt 1.39168 8.389
vt 1.39168 8.55916
vt 1.368 8.55916
vt 1.368 8.72932
vt 1.34433 8.72932
vt 1.34433 8.89949
vt 1.32065 8.89949
vt 1.32065 9.06966
vt 1.29698 9.06966
vt 1.30987 9.09568
vt 1.28357 9.06494
vt 1.41535 8.60844
vt 1.39168 8.72933
vt 1.368 8.89949
vt 1.34433 9.06966
vt 1.35346 9.15388
vt 1.41535 8.80604
vt 1.39168 8.89949
vt 1.368 9.06966
vt 1.41535 9.02294
vt 1.39168 9.06966
vt 1.39814 9.2164
vt 1.41535 9.23982
vt 1.29698 8.89949
vt 1.25727 9.0392
vt 1.27331 8.89949
vt 1.23901 9.02491
vt 1.24963 8.89949
vt 1.2196 9.01348
vt 1.2039 9.00735
vt 1.01696 8.72927
vt 1.05478 8.55916
vt 1.09259 8.389
vt 1.13041 8.21883
vt 1.16823 8.04867
vt 1.27331 8.72931
vt 1.29698 8.72931
vt 1.32065 8.72932
vt 1.29698 8.55916
vt 1.32065 8.55916
vt 1.32065 8.389
vt 1.34433 8.55916
vt 1.34433 8.389
vt 1.34433 8.21883
vt 1.368 8.389
vt 1.368 8.21883
vt 1.368 8.04867
vt 1.01696 7.48956
vt 1.01696 7.29508
vt 1.01696 7.10061
vt 1.05478 7.48956
vt 1.05478 7.29508
vt 1.05478 7.10061
vt 1.05478 6.90614
vt 1.09259 7.48956
vt 1.09259 7.29508
vt 1.09259 7.10061
vt 1.09259 6.90614
vt 1.09259 6.71166
vt 1.13041 7.48956
vt 1.13041 7.29508
vt 1.13041 7.10061
vt 1.13041 6.90614
vt 1.13041 6.71166
vt 1.13041 6.51719
vt 1.16823 7.48956
vt 1.16823 7.29508
vt 1.16823 7.10061
vt 1.16823 6.90614
vt 1.16823 6.71166
vt 1.16823 6.51719
vt 1.16823 6.32271
vt 1.19709 7.48956
vt 1.19709 7.29508
vt 1.19709 7.10061
vt 1.19709 6.90614
vt 1.19709 6.71166
vt 1.19709 6.51719
vt 1.19709 6.32271
vt 1.19709 6.17684
vt 1.22596 7.48956
vt 1.22596 7.29508
vt 1.22596 7.10061
vt 1.22596 6.90614
vt 1.22596 6.71166
vt 1.22596 6.51719
vt 1.22596 6.32271
vt 1.22596 6.17685
vt 1.22596 6.031
vt 1.24963 7.48956
vt 1.24963 7.29508
vt 1.24963 7.10061
vt 1.24963 6.90614
vt 1.24963 6.71166
vt 1.24963 6.51719
vt 1.24963 6.32271
vt 1.24963 6.17685
vt 1.24963 6.031
vt 1.24963 5.88515
vt 1.27331 7.29508
vt 1.29698 7.10061
vt 1.32065 6.90614
vt 1.34433 6.71166
vt 1.368 6.51719
vt 1.27331 7.10061
vt 1.27331 6.90614
vt 1.27331 6.71166
vt 1.27331 6.51719
vt 1.27331 6.32271
vt 1.27331 6.17685
vt 1.27331 6.031
vt 1.27331 5.88515
vt 1.27331 5.73929
vt 1.29698 6.90614
vt 1.32065 6.71166
vt 1.34433 6.51719
vt 1.368 6.32271
vt 1.29698 6.71166
vt 1.29698 6.51719
vt 1.29698 6.32271
vt 1.29698 6.17685
vt 1.29698 6.031
vt 1.29698 5.88515
vt 1.29698 5.73929
vt 1.29698 5.59344
vt 1.32065 6.51719
vt 1.34433 6.32271
vt 1.368 6.17685
vt 1.32065 6.32271
vt 1.32065 6.17685
vt 1.32065 6.031
vt 1.32065 5.88515
vt 1.32065 5.73929
vt 1.32065 5.59344
vt 1.32065 5.44758
vt 1.34433 6.17685
vt 1.368 6.031
vt 1.09259 6.031
vt 1.09259 5.88515
vt 1.09259 5.73929
vt 1.09259 5.59344
vt 1.09259 5.44758
vt 1.34433 6.031
vt 1.34433 5.88515
vt 1.34433 5.73929
vt 1.34433 5.59344
vt 1.34433 5.44758
vt 1.13041 5.88515
vt 1.16823 5.73929
vt 1.19709 5.59344
vt 1.22596 5.44758
vt 1.368 5.88515
vt 1.13041 5.73929
vt 1.13041 5.59344
vt 1.13041 5.44758
vt 1.368 5.73929
vt 1.368 5.59344
vt 1.368 5.44758
vt 1.16823 5.59344
vt 1.19709 5.44758
vt 1.16823 5.44758
vt 0.74313 0
vt 0.76478 0.035
vt 0.74313 0.07
vt 0.76478 0.0525
vt 0.76478 0.07
vt 0.84571 0.0525
vt 0.84571 0.07
vt 0.92665 0.0525
vt 0.92665 0.07
vt 0.96786 0.0525
vt 0.98847 0.07
vt 1.05029 0.0525
vt 1.05029 0.07
vt 1.09934 0.0525
vt 1.09934 0.07
vt 1.14839 0.0525
vt 1.14839 0.07
vt 1.19139 0.0525
vt 1.19139 0.07
vt 1.2344 0.0525
vt 1.2344 0.07
vt 1.27769 0.0525
vt 1.27769 0.07
vt 1.32099 0.0525
vt 1.32099 0.07
vt 1.36946 0.0525
vt 1.36946 0.07
vt 1.41794 0.0525
vt 1.41794 0.07
vt 1.47643 0.0525
vt 1.47643 0.07
vt 1.53493 0.0525
vt 1.53493 0.07
vt 1.58347 0.0525
vt 1.60774 0.07
vt 1.63201 0.0525
vt 1.68055 0.07
vt 1.68055 0.0525
vt 1.75517 0.07
vt 1.68055 0.035
vt 1.75517 0
vt 1.68055 0
vt 1.63201 0.035
vt 1.60774 0
vt 1.58347 0.035
vt 1.53493 0
vt 1.53493 0.035
vt 1.47643 0.035
vt 0.76478 0
vt 0.84571 0
vt 0.84571 0.035
vt 0.92665 0
vt 0.92665 0.035
vt 0.96786 0.035
vt 0.98847 0
vt 1.05029 0.035
vt 1.05029 0
vt 1.09934 0
vt 1.09934 0.035
vt 1.14839 0
vt 1.14839 0.035
vt 1.19139 0
vt 1.19139 0.035
vt 1.2344 0
vt 1.2344 0.035
vt 1.27769 0
vt 1.27769 0.035
vt 1.32099 0
vt 1.32099 0.035
vt 1.36946 0
vt 1.36946 0.035
vt 1.41794 0
vt 1.41794 0.035
vt 1.47643 0
vt -0.14975 -0.08959
vt -0.15074 -0.06306
vt -0.14716 -0.01393
vt -0.13632 0.03246
vt -0.11967 0.07149
vt -0.09765 0.10397
vt -0.07736 0.12405
vt -0.05354 0.13979
vt -0.03223 0.14835
vt -0.0096 0.15255
vt 0.01193 0.15218
vt 0.03309 0.14764
vt 0.0546 0.13845
vt 0.0742 0.12541
vt 0.09546 0.10481
vt 0.11295 0.08063
vt 0.13054 0.04462
vt 0.14266 0.00303
vt 0.14926 -0.06309
vt 0.14542 -0.11567
vt 0.1299 -0.18051
vt 0.1042 -0.23723
vt 0.08376 -0.2666
vt 0.06042 -0.28992
vt 0.04303 -0.30174
vt 0.02367 -0.31003
vt 0.00752 -0.31329
vt -0.00902 -0.31329
vt -0.02512 -0.31004
vt -0.04044 -0.30389
vt -0.05876 -0.29238
vt -0.07506 -0.27792
vt -0.09649 -0.25165
vt -0.11507 -0.21987
vt -0.13812 -0.15826
usemtl mat2
f 1538/1455/1306 1539/1456/1307 1540/1457/1308
f 1540/1457/1308 1539/1456/1307 1541/1458/1309
f 1540/1457/1308 1541/1458/1309 1542/1459/1310
f 1542/1459/1310 1541/1458/1309 1543/1460/1311
f 1542/1459/1310 1543/1460/1311 1544/1461/1312
f 1544/1461/1312 1543/1460/1311 1545/1462/1313
f 1544/1461/1312 1545/1462/1313 1546/1463/1314
f 1544/1461/1312 1546/1463/1314 1547/1464/1315
f 1547/1464/1315 1546/1463/1314 1548/1465/1316
f 1547/1464/1315 1548/1465/1316 1549/1466/1317
f 1549/1466/1317 1548/1465/1316 1550/1467/1318
f 1549/1466/1317 1550/1467/1318 1551/1468/1319
f 1551/1468/1319 1550/1467/1318 1552/1469/1320
f 1551/1468/1319 1552/1469/1320 1553/1470/1321
f 1553/1470/1321 1552/1469/1320 1554/1471/1322
f 1554/1471/1322 1552/1469/1320 1555/1472/1323
f 1554/1471/1322 1555/1472/1323 1556/1473/1324
f 1556/1473/1324 1555/1472/1323 1557/1474/1325
f 1556/1473/1324 1557/1474/1325 1558/1475/1326
f 1558/1475/1326 1557/1474/1325 1559/1476/1327
f 1558/1475/1326 1559/1476/1327 1560/1477/1328
f 1560/1477/1328 1559/1476/1327 1561/1478/1329
f 1560/1477/1328 1561/1478/1329 1562/1479/1330
f 1548/1465/1316 1563/1480/1331 1550/1467/1318
f 1550/1467/1318 1563/1480/1331 1564/1481/1332
f 1550/1467/1318 1564/1481/1332 1552/1469/1320
f 1552/1469/1320 1564/1481/1332 1555/1472/1323
f 1563/1480/1331 1565/1482/1333 1564/1481/1332
f 1564/1481/1332 1565/1482/1333 1566/1483/1334
f 1564/1481/1332 1566/1483/1334 1555/1472/1323
f 1555/1472/1323 1566/1483/1334 1557/1474/1325
f 1565/1482/1333 1567/1484/1335 1566/1483/1334
f 1566/1483/1334 1567/1484/1335 1559/1476/1327
f 1566/1483/1334 1559/1476/1327 1557/1474/1325
f 1567/1484/1335 1561/1478/1329 1559/1476/1327
f 1560/1477/1328 1562/1479/1330 1568/1485/1336
f 1568/1485/1336 1562/1479/1330 1569/1486/1337
f 1568/1485/1336 1569/1486/1337 1570/1487/1338
f 1570/1487/1338 1569/1486/1337 1571/1488/1339
f 1570/1487/1338 1571/1488/1339 1572/1489/1340
f 1572/1489/1340 1571/1488/1339 1573/1490/1341
f 1572/1489/1340 1573/1490/1341 1574/1491/1342
f 1574/1491/1342 1573/1490/1341 1575/1492/1343
f 1574/1491/1342 1575/1492/1343 1576/1493/1344
f 1576/1493/1344 1575/1492/1343 1577/1494/1345
f 1576/1493/1344 1577/1494/1345 1578/1495/1346
f 1578/1495/1346 1577/1494/1345 1579/1496/1347
f 1578/1495/1346 1579/1496/1347 1580/1497/1348
f 1580/1497/1348 1579/1496/1347 1581/1498/1349
f 1580/1497/1348 1581/1498/1349 1582/1499/1350
f 1582/1499/1350 1581/1498/1349 1583/1500/1351
f 1582/1499/1350 1583/1500/1351 1584/1501/1352
f 1584/1501/1352 1583/1500/1351 1585/1502/1353
f 1584/1501/1352 1585/1502/1353 1586/1503/1354
f 1586/1503/1354 1585/1502/1353 1587/1504/1355
f 1587/1504/1355 1585/1502/1353 1588/1505/1356
f 1588/1505/1356 1585/1502/1353 1583/1500/1351
f 1588/1505/1356 1583/1500/1351 1581/1498/1349
f 1586/1503/1354 1589/1506/1357 1584/1501/1352
f 1584/1501/1352 1589/1506/1357 1590/1507/1358
f 1584/1501/1352 1590/1507/1358 1582/1499/1350
f 1582/1499/1350 1590/1507/1358 1580/1497/1348
f 1589/1506/1357 1591/1508/1359 1590/1507/1358
f 1590/1507/1358 1591/1508/1359 1592/1509/1360
f 1590/1507/1358 1592/1509/1360 1580/1497/1348
f 1580/1497/1348 1592/1509/1360 1578/1495/1346
f 1591/1508/1359 1593/1510/1361 1592/1509/1360
f 1592/1509/1360 1593/1510/1361 1594/1511/1362
f 1592/1509/1360 1594/1511/1362 1578/1495/1346
f 1578/1495/1346 1594/1511/1362 1576/1493/1344
f 1593/1510/1361 1595/1512/1363 1594/1511/1362
f 1594/1511/1362 1595/1512/1363 1596/1513/1364
f 1594/1511/1362 1596/1513/1364 1576/1493/1344
f 1576/1493/1344 1596/1513/1364 1574/1491/1342
f 1595/1512/1363 1597/1514/1365 1596/1513/1364
f 1596/1513/1364 1597/1514/1365 1598/1515/1366
f 1596/1513/1364 1598/1515/1366 1574/1491/1342
f 1574/1491/1342 1598/1515/1366 1572/1489/1340
f 1597/1514/1365 1599/1516/1367 1598/1515/1366
f 1598/1515/1366 1599/1516/1367 1600/1517/1368
f 1598/1515/1366 1600/1517/1368 1572/1489/1340
f 1572/1489/1340 1600/1517/1368 1570/1487/1338
f 1599/1516/1367 1601/1518/1369 1600/1517/1368
f 1600/1517/1368 1601/1518/1369 1602/1519/1370
f 1600/1517/1368 1602/1519/1370 1570/1487/1338
f 1570/1487/1338 1602/1519/1370 1568/1485/1336
f 1601/1518/1369 1603/1520/1371 1602/1519/1370
f 1602/1519/1370 1603/1520/1371 1604/1521/1372
f 1602/1519/1370 1604/1521/1372 1568/1485/1336
f 1568/1485/1336 1604/1521/1372 1560/1477/1328
f 1603/1520/1371 1605/1522/1373 1604/1521/1372
f 1604/1521/1372 1605/1522/1373 1558/1475/1326
f 1604/1521/1372 1558/1475/1326 1560/1477/1328
f 1605/1522/1373 1556/1473/1324 1558/1475/1326
f 1553/1470/1321 1606/1523/1374 1551/1468/1319
f 1551/1468/1319 1606/1523/1374 1607/1524/1375
f 1551/1468/1319 1607/1524/1375 1549/1466/1317
f 1549/1466/1317 1607/1524/1375 1547/1464/1315
f 1606/1523/1374 1608/1525/1376 1607/1524/1375
f 1607/1524/1375 1608/1525/1376 1609/1526/1377
f 1607/1524/1375 1609/1526/1377 1547/1464/1315
f 1547/1464/1315 1609/1526/1377 1544/1461/1312
f 1608/1525/1376 1538/1455/1306 1609/1526/1377
f 1609/1526/1377 1538/1455/1306 1540/1457/1308
f 1609/1526/1377 1540/1457/1308 1544/1461/1312
f 1544/1461/1312 1540/1457/1308 1542/1459/1310
f 1610/1527/1378 1611/1528/1379 1612/1529/1380
f 1612/1529/1380 1611/1528/1379 1613/1530/1381
f 1612/1529/1380 1613/1530/1381 1614/1531/1382
f 1614/1531/1382 1613/1530/1381 1615/1532/1383
f 1614/1531/1382 1615/1532/1383 1616/1533/1384
f 1616/1533/1384 1615/1532/1383 1617/1534/1385
f 1616/1533/1384 1617/1534/1385 1618/1535/1386
f 1618/1535/1386 1617/1534/1385 1619/1536/1387
f 1618/1535/1386 1619/1536/1387 1620/1537/1388
f 1620/1537/1388 1619/1536/1387 1621/1538/1389
f 1620/1537/1388 1621/1538/1389 1622/1539/1390
f 1622/1539/1390 1621/1538/1389 1623/1540/1391
f 1622/1539/1390 1623/1540/1391 1624/1541/1392
f 1624/1541/1392 1623/1540/1391 1625/1542/1393
f 1624/1541/1392 1625/1542/1393 1626/1543/1394
f 1626/1543/1394 1625/1542/1393 1627/1544/1395
f 1626/1543/1394 1627/1544/1395 1628/1545/1396
f 1628/1545/1396 1627/1544/1395 1629/1546/1397
f 1628/1545/1396 1629/1546/1397 1630/1547/1398
f 1630/1547/1398 1629/1546/1397 1631/1548/1399
f 1630/1547/1398 1631/1548/1399 1632/1549/1400
f 1632/1549/1400 1631/1548/1399 1633/1550/1401
f 1632/1549/1400 1633/1550/1401 1634/1551/1402
f 1634/1551/1402 1633/1550/1401 1635/1552/1403
f 1634/1551/1402 1635/1552/1403 1636/1553/1404
f 1636/1553/1404 1635/1552/1403 1637/1554/1405
f 1636/1553/1404 1637/1554/1405 1638/1555/1406
f 1638/1555/1406 1637/1554/1405 1639/1556/1407
f 1638/1555/1406 1639/1556/1407 1640/1557/1408
f 1640/1557/1408 1639/1556/1407 1641/1558/1409
f 1640/1557/1408 1641/1558/1409 1642/1559/1410
f 1642/1559/1410 1641/1558/1409 1643/1560/1411
f 1642/1559/1410 1643/1560/1411 1644/1561/1412
f 1644/1561/1412 1643/1560/1411 1645/1562/1413
f 1644/1561/1412 1645/1562/1413 1646/1563/1414
f 1646/1563/1414 1645/1562/1413 1647/1564/1415
f 1646/1563/1414 1647/1564/1415 1648/1565/1416
f 1648/1565/1416 1647/1564/1415 1649/1566/1417
f 1648/1565/1416 1649/1566/1417 1650/1567/1418
f 1650/1567/1418 1649/1566/1417 1651/1568/1419
f 1650/1567/1418 1651/1568/1419 1652/1569/1420
f 1652/1569/1420 1651/1568/1419 1653/1570/1421
f 1652/1569/1420 1653/1570/1421 1654/1571/1422
f 1654/1571/1422 1653/1570/1421 1655/1572/1423
f 1654/1571/1422 1655/1572/1423 1656/1573/1424
f 1656/1573/1424 1655/1572/1423 1657/1574/1425
f 1656/1573/1424 1657/1574/1425 1658/1575/1426
f 1658/1575/1426 1657/1574/1425 1659/1576/1427
f 1659/1576/1427 1657/1574/1425 1660/1577/1428
f 1659/1576/1427 1660/1577/1428 1661/1578/1429
f 1661/1578/1429 1660/1577/1428 1662/1579/1430
f 1661/1578/1429 1662/1579/1430 1663/1580/1431
f 1663/1580/1431 1662/1579/1430 1664/1581/1432
f 1663/1580/1431 1664/1581/1432 1665/1582/1433
f 1665/1582/1433 1664/1581/1432 1666/1583/1434
f 1665/1582/1433 1666/1583/1434 1667/1584/1435
f 1667/1584/1435 1666/1583/1434 1668/1585/1436
f 1668/1585/1436 1666/1583/1434 1669/1586/1437
f 1668/1585/1436 1669/1586/1437 1670/1587/1438
f 1670/1587/1438 1669/1586/1437 1671/1588/1439
f 1670/1587/1438 1671/1588/1439 1672/1589/1440
f 1672/1589/1440 1671/1588/1439 1673/1590/1441
f 1672/1589/1440 1673/1590/1441 1674/1591/1442
f 1674/1591/1442 1673/1590/1441 1675/1592/1443
f 1674/1591/1442 1675/1592/1443 1676/1593/1444
f 1676/1593/1444 1675/1592/1443 1677/1594/1445
f 1676/1593/1444 1677/1594/1445 1678/1595/1446
f 1678/1595/1446 1677/1594/1445 1679/1596/1447
f 1678/1595/1446 1679/1596/1447 1680/1597/1448
f 1680/1597/1448 1679/1596/1447 1681/1598/1449
f 1680/1597/1448 1681/1598/1449 1682/1599/1450
f 1682/1599/1450 1681/1598/1449 1683/1600/1451
f 1682/1599/1450 1683/1600/1451 1684/1601/1452
f 1684/1601/1452 1683/1600/1451 1685/1602/1453
f 1684/1601/1452 1685/1602/1453 1686/1603/1454
f 1686/1603/1454 1685/1602/1453 1687/1604/1455
f 1686/1603/1454 1687/1604/1455 1688/1605/1456
f 1688/1605/1456 1687/1604/1455 1689/1606/1457
f 1689/1606/1457 1687/1604/1455 1690/1607/1458
f 1689/1606/1457 1690/1607/1458 1691/1608/1459
f 1691/1608/1459 1690/1607/1458 1692/1609/1460
f 1691/1608/1459 1692/1609/1460 1693/1610/1461
f 1693/1610/1461 1692/1609/1460 1694/1611/1462
f 1693/1610/1461 1694/1611/1462 1695/1612/1463
f 1695/1612/1463 1694/1611/1462 1696/1613/1464
f 1695/1612/1463 1696/1613/1464 1697/1614/1465
f 1697/1614/1465 1696/1613/1464 1698/1615/1466
f 1697/1614/1465 1698/1615/1466 1699/1616/1467
f 1699/1616/1467 1698/1615/1466 1700/1617/1468
f 1699/1616/1467 1700/1617/1468 1701/1618/1469
f 1701/1618/1469 1700/1617/1468 1702/1619/1470
f 1701/1618/1469 1702/1619/1470 1703/1620/1471
f 1703/1620/1471 1702/1619/1470 1704/1621/1472
f 1703/1620/1471 1704/1621/1472 1705/1622/1473
f 1705/1622/1473 1704/1621/1472 1706/1623/1474
f 1705/1622/1473 1706/1623/1474 1707/1624/1475
f 1707/1624/1475 1706/1623/1474 1708/1625/1476
f 1707/1624/1475 1708/1625/1476 1709/1626/1477
f 1709/1626/1477 1708/1625/1476 1710/1627/1478
f 1709/1626/1477 1710/1627/1478 1711/1628/1479
f 1711/1628/1479 1710/1627/1478 1712/1629/1480
f 1711/1628/1479 1712/1629/1480 1713/1630/1481
f 1713/1630/1481 1712/1629/1480 1714/1631/1482
f 1713/1630/1481 1714/1631/1482 1715/1632/1483
f 1715/1632/1483 1714/1631/1482 1716/1633/1484
f 1715/1632/1483 1716/1633/1484 1717/1634/1485
f 1717/1634/1485 1716/1633/1484 1718/1635/1486
f 1717/1634/1485 1718/1635/1486 1719/1636/1487
f 1719/1636/1487 1718/1635/1486 1651/1568/1419
f 1719/1636/1487 1651/1568/1419 1649/1566/1417
f 1611/1528/1379 1720/1637/1488 1613/1530/1381
f 1613/1530/1381 1720/1637/1488 1615/1532/1383
f 1720/1637/1488 1721/1638/1489 1615/1532/1383
f 1615/1532/1383 1721/1638/1489 1617/1534/1385
f 1721/1638/1489 1722/1639/1490 1617/1534/1385
f 1617/1534/1385 1722/1639/1490 1723/1640/1491
f 1617/1534/1385 1723/1640/1491 1619/1536/1387
f 1619/1536/1387 1723/1640/1491 1724/1641/1492
f 1619/1536/1387 1724/1641/1492 1621/1538/1389
f 1621/1538/1389 1724/1641/1492 1725/1642/1493
f 1621/1538/1389 1725/1642/1493 1623/1540/1391
f 1623/1540/1391 1725/1642/1493 1726/1643/1494
f 1623/1540/1391 1726/1643/1494 1625/1542/1393
f 1625/1542/1393 1726/1643/1494 1727/1644/1495
f 1625/1542/1393 1727/1644/1495 1627/1544/1395
f 1627/1544/1395 1727/1644/1495 1728/1645/1496
f 1627/1544/1395 1728/1645/1496 1629/1546/1397
f 1629/1546/1397 1728/1645/1496 1729/1646/1497
f 1629/1546/1397 1729/1646/1497 1631/1548/1399
f 1631/1548/1399 1729/1646/1497 1730/1647/1498
f 1631/1548/1399 1730/1647/1498 1633/1550/1401
f 1633/1550/1401 1730/1647/1498 1731/1648/1499
f 1633/1550/1401 1731/1648/1499 1635/1552/1403
f 1635/1552/1403 1731/1648/1499 1732/1649/1500
f 1635/1552/1403 1732/1649/1500 1637/1554/1405
f 1637/1554/1405 1732/1649/1500 1733/1650/1501
f 1637/1554/1405 1733/1650/1501 1639/1556/1407
f 1639/1556/1407 1733/1650/1501 1734/1651/1502
f 1639/1556/1407 1734/1651/1502 1641/1558/1409
f 1641/1558/1409 1734/1651/1502 1735/1652/1503
f 1641/1558/1409 1735/1652/1503 1643/1560/1411
f 1643/1560/1411 1735/1652/1503 1736/1653/1504
f 1643/1560/1411 1736/1653/1504 1645/1562/1413
f 1645/1562/1413 1736/1653/1504 1647/1564/1415
f 1722/1639/1490 1737/1654/1505 1723/1640/1491
f 1723/1640/1491 1737/1654/1505 1738/1655/1506
f 1723/1640/1491 1738/1655/1506 1724/1641/1492
f 1724/1641/1492 1738/1655/1506 1739/1656/1507
f 1724/1641/1492 1739/1656/1507 1725/1642/1493
f 1725/1642/1493 1739/1656/1507 1740/1657/1508
f 1725/1642/1493 1740/1657/1508 1726/1643/1494
f 1726/1643/1494 1740/1657/1508 1741/1658/1509
f 1726/1643/1494 1741/1658/1509 1727/1644/1495
f 1727/1644/1495 1741/1658/1509 1742/1659/1510
f 1727/1644/1495 1742/1659/1510 1728/1645/1496
f 1728/1645/1496 1742/1659/1510 1743/1660/1511
f 1728/1645/1496 1743/1660/1511 1729/1646/1497
f 1729/1646/1497 1743/1660/1511 1744/1661/1512
f 1729/1646/1497 1744/1661/1512 1730/1647/1498
f 1730/1647/1498 1744/1661/1512 1745/1662/1513
f 1730/1647/1498 1745/1662/1513 1731/1648/1499
f 1731/1648/1499 1745/1662/1513 1746/1663/1514
f 1731/1648/1499 1746/1663/1514 1732/1649/1500
f 1732/1649/1500 1746/1663/1514 1747/1664/1515
f 1732/1649/1500 1747/1664/1515 1733/1650/1501
f 1733/1650/1501 1747/1664/1515 1748/1665/1516
f 1733/1650/1501 1748/1665/1516 1734/1651/1502
f 1734/1651/1502 1748/1665/1516 1749/1666/1517
f 1734/1651/1502 1749/1666/1517 1735/1652/1503
f 1735/1652/1503 1749/1666/1517 1750/1667/1518
f 1735/1652/1503 1750/1667/1518 1736/1653/1504
f 1736/1653/1504 1750/1667/1518 1751/1668/1519
f 1736/1653/1504 1751/1668/1519 1647/1564/1415
f 1647/1564/1415 1751/1668/1519 1649/1566/1417
f 1737/1654/1505 1752/1669/1520 1738/1655/1506
f 1738/1655/1506 1752/1669/1520 1753/1670/1521
f 1738/1655/1506 1753/1670/1521 1754/1671/1522
f 1754/1671/1522 1753/1670/1521 1755/1672/1523
f 1754/1671/1522 1755/1672/1523 1756/1673/1524
f 1756/1673/1524 1755/1672/1523 1757/1674/1525
f 1756/1673/1524 1757/1674/1525 1758/1675/1526
f 1758/1675/1526 1757/1674/1525 1759/1676/1527
f 1758/1675/1526 1759/1676/1527 1760/1677/1528
f 1760/1677/1528 1759/1676/1527 1761/1678/1529
f 1760/1677/1528 1761/1678/1529 1762/1679/1530
f 1762/1679/1530 1761/1678/1529 1763/1680/1531
f 1762/1679/1530 1763/1680/1531 1764/1681/1532
f 1764/1681/1532 1763/1680/1531 1765/1682/1533
f 1764/1681/1532 1765/1682/1533 1766/1683/1534
f 1766/1683/1534 1765/1682/1533 1767/1684/1535
f 1766/1683/1534 1767/1684/1535 1768/1685/1536
f 1768/1685/1536 1767/1684/1535 1769/1686/1537
f 1768/1685/1536 1769/1686/1537 1770/1687/1538
f 1770/1687/1538 1769/1686/1537 1771/1688/1539
f 1770/1687/1538 1771/1688/1539 1772/1689/1540
f 1772/1689/1540 1771/1688/1539 1773/1690/1541
f 1772/1689/1540 1773/1690/1541 1774/1691/1542
f 1774/1691/1542 1773/1690/1541 1775/1692/1543
f 1774/1691/1542 1775/1692/1543 1776/1693/1544
f 1776/1693/1544 1775/1692/1543 1777/1694/1545
f 1776/1693/1544 1777/1694/1545 1778/1695/1546
f 1778/1695/1546 1777/1694/1545 1705/1622/1473
f 1778/1695/1546 1705/1622/1473 1707/1624/1475
f 1765/1682/1533 1779/1696/1547 1767/1684/1535
f 1767/1684/1535 1779/1696/1547 1780/1697/1548
f 1767/1684/1535 1780/1697/1548 1769/1686/1537
f 1769/1686/1537 1780/1697/1548 1781/1698/1549
f 1769/1686/1537 1781/1698/1549 1771/1688/1539
f 1771/1688/1539 1781/1698/1549 1782/1699/1550
f 1771/1688/1539 1782/1699/1550 1773/1690/1541
f 1773/1690/1541 1782/1699/1550 1783/1700/1551
f 1773/1690/1541 1783/1700/1551 1775/1692/1543
f 1775/1692/1543 1783/1700/1551 1784/1701/1552
f 1775/1692/1543 1784/1701/1552 1777/1694/1545
f 1777/1694/1545 1784/1701/1552 1703/1620/1471
f 1777/1694/1545 1703/1620/1471 1705/1622/1473
f 1779/1696/1547 1785/1702/1553 1780/1697/1548
f 1780/1697/1548 1785/1702/1553 1786/1703/1554
f 1780/1697/1548 1786/1703/1554 1781/1698/1549
f 1781/1698/1549 1786/1703/1554 1787/1704/1555
f 1781/1698/1549 1787/1704/1555 1782/1699/1550
f 1782/1699/1550 1787/1704/1555 1788/1705/1556
f 1782/1699/1550 1788/1705/1556 1783/1700/1551
f 1783/1700/1551 1788/1705/1556 1789/1706/1557
f 1783/1700/1551 1789/1706/1557 1784/1701/1552
f 1784/1701/1552 1789/1706/1557 1701/1618/1469
f 1784/1701/1552 1701/1618/1469 1703/1620/1471
f 1785/1702/1553 1790/1707/1558 1786/1703/1554
f 1786/1703/1554 1790/1707/1558 1791/1708/1559
f 1786/1703/1554 1791/1708/1559 1787/1704/1555
f 1787/1704/1555 1791/1708/1559 1792/1709/1560
f 1787/1704/1555 1792/1709/1560 1788/1705/1556
f 1788/1705/1556 1792/1709/1560 1793/1710/1561
f 1788/1705/1556 1793/1710/1561 1789/1706/1557
f 1789/1706/1557 1793/1710/1561 1699/1616/1467
f 1789/1706/1557 1699/1616/1467 1701/1618/1469
f 1791/1708/1559 1790/1707/1558 1794/1711/1562
f 1794/1711/1562 1790/1707/1558 1795/1712/1563
f 1794/1711/1562 1795/1712/1563 1796/1713/1564
f 1796/1713/1564 1795/1712/1563 1797/1714/1565
f 1796/1713/1564 1797/1714/1565 1693/1610/1461
f 1693/1610/1461 1797/1714/1565 1691/1608/1459
f 1688/1605/1456 1684/1601/1452 1686/1603/1454
f 1670/1587/1438 1798/1715/1566 1668/1585/1436
f 1646/1563/1414 1799/1716/1567 1644/1561/1412
f 1644/1561/1412 1799/1716/1567 1800/1717/1568
f 1644/1561/1412 1800/1717/1568 1642/1559/1410
f 1642/1559/1410 1800/1717/1568 1801/1718/1569
f 1642/1559/1410 1801/1718/1569 1640/1557/1408
f 1640/1557/1408 1801/1718/1569 1802/1719/1570
f 1640/1557/1408 1802/1719/1570 1638/1555/1406
f 1638/1555/1406 1802/1719/1570 1803/1720/1571
f 1638/1555/1406 1803/1720/1571 1636/1553/1404
f 1636/1553/1404 1803/1720/1571 1804/1721/1572
f 1636/1553/1404 1804/1721/1572 1634/1551/1402
f 1634/1551/1402 1804/1721/1572 1805/1722/1573
f 1634/1551/1402 1805/1722/1573 1632/1549/1400
f 1632/1549/1400 1805/1722/1573 1806/1723/1574
f 1632/1549/1400 1806/1723/1574 1630/1547/1398
f 1630/1547/1398 1806/1723/1574 1807/1724/1575
f 1630/1547/1398 1807/1724/1575 1628/1545/1396
f 1628/1545/1396 1807/1724/1575 1808/1725/1576
f 1628/1545/1396 1808/1725/1576 1626/1543/1394
f 1626/1543/1394 1808/1725/1576 1809/1726/1577
f 1626/1543/1394 1809/1726/1577 1624/1541/1392
f 1624/1541/1392 1809/1726/1577 1810/1727/1578
f 1624/1541/1392 1810/1727/1578 1622/1539/1390
f 1622/1539/1390 1810/1727/1578 1811/1728/1579
f 1622/1539/1390 1811/1728/1579 1620/1537/1388
f 1620/1537/1388 1811/1728/1579 1812/1729/1580
f 1620/1537/1388 1812/1729/1580 1618/1535/1386
f 1618/1535/1386 1812/1729/1580 1813/1730/1581
f 1618/1535/1386 1813/1730/1581 1616/1533/1384
f 1616/1533/1384 1813/1730/1581 1814/1731/1582
f 1616/1533/1384 1814/1731/1582 1614/1531/1382
f 1614/1531/1382 1814/1731/1582 1815/1732/1583
f 1614/1531/1382 1815/1732/1583 1612/1529/1380
f 1799/1716/1567 1816/1733/1584 1800/1717/1568
f 1800/1717/1568 1816/1733/1584 1817/1734/1585
f 1800/1717/1568 1817/1734/1585 1801/1718/1569
f 1801/1718/1569 1817/1734/1585 1818/1735/1586
f 1801/1718/1569 1818/1735/1586 1802/1719/1570
f 1802/1719/1570 1818/1735/1586 1819/1736/1587
f 1802/1719/1570 1819/1736/1587 1803/1720/1571
f 1803/1720/1571 1819/1736/1587 1820/1737/1588
f 1803/1720/1571 1820/1737/1588 1804/1721/1572
f 1804/1721/1572 1820/1737/1588 1821/1738/1589
f 1804/1721/1572 1821/1738/1589 1805/1722/1573
f 1805/1722/1573 1821/1738/1589 1822/1739/1590
f 1805/1722/1573 1822/1739/1590 1806/1723/1574
f 1806/1723/1574 1822/1739/1590 1823/1740/1591
f 1806/1723/1574 1823/1740/1591 1807/1724/1575
f 1807/1724/1575 1823/1740/1591 1824/1741/1592
f 1807/1724/1575 1824/1741/1592 1808/1725/1576
f 1808/1725/1576 1824/1741/1592 1825/1742/1593
f 1808/1725/1576 1825/1742/1593 1809/1726/1577
f 1809/1726/1577 1825/1742/1593 1826/1743/1594
f 1809/1726/1577 1826/1743/1594 1810/1727/1578
f 1810/1727/1578 1826/1743/1594 1827/1744/1595
f 1810/1727/1578 1827/1744/1595 1811/1728/1579
f 1811/1728/1579 1827/1744/1595 1828/1745/1596
f 1811/1728/1579 1828/1745/1596 1812/1729/1580
f 1812/1729/1580 1828/1745/1596 1829/1746/1597
f 1812/1729/1580 1829/1746/1597 1813/1730/1581
f 1813/1730/1581 1829/1746/1597 1830/1747/1598
f 1813/1730/1581 1830/1747/1598 1814/1731/1582
f 1814/1731/1582 1830/1747/1598 1831/1748/1599
f 1814/1731/1582 1831/1748/1599 1815/1732/1583
f 1816/1733/1584 1832/1749/1600 1817/1734/1585
f 1817/1734/1585 1832/1749/1600 1833/1750/1601
f 1817/1734/1585 1833/1750/1601 1818/1735/1586
f 1818/1735/1586 1833/1750/1601 1834/1751/1602
f 1818/1735/1586 1834/1751/1602 1819/1736/1587
f 1819/1736/1587 1834/1751/1602 1835/1752/1603
f 1819/1736/1587 1835/1752/1603 1820/1737/1588
f 1820/1737/1588 1835/1752/1603 1836/1753/1604
f 1820/1737/1588 1836/1753/1604 1821/1738/1589
f 1821/1738/1589 1836/1753/1604 1837/1754/1605
f 1821/1738/1589 1837/1754/1605 1822/1739/1590
f 1822/1739/1590 1837/1754/1605 1838/1755/1606
f 1822/1739/1590 1838/1755/1606 1823/1740/1591
f 1823/1740/1591 1838/1755/1606 1839/1756/1607
f 1823/1740/1591 1839/1756/1607 1824/1741/1592
f 1824/1741/1592 1839/1756/1607 1840/1757/1608
f 1824/1741/1592 1840/1757/1608 1825/1742/1593
f 1825/1742/1593 1840/1757/1608 1841/1758/1609
f 1825/1742/1593 1841/1758/1609 1826/1743/1594
f 1826/1743/1594 1841/1758/1609 1842/1759/1610
f 1826/1743/1594 1842/1759/1610 1827/1744/1595
f 1827/1744/1595 1842/1759/1610 1843/1760/1611
f 1827/1744/1595 1843/1760/1611 1828/1745/1596
f 1828/1745/1596 1843/1760/1611 1844/1761/1612
f 1828/1745/1596 1844/1761/1612 1829/1746/1597
f 1829/1746/1597 1844/1761/1612 1845/1762/1613
f 1829/1746/1597 1845/1762/1613 1830/1747/1598
f 1830/1747/1598 1845/1762/1613 1846/1763/1614
f 1830/1747/1598 1846/1763/1614 1831/1748/1599
f 1832/1749/1600 1847/1764/1615 1833/1750/1601
f 1833/1750/1601 1847/1764/1615 1848/1765/1616
f 1833/1750/1601 1848/1765/1616 1834/1751/1602
f 1834/1751/1602 1848/1765/1616 1849/1766/1617
f 1834/1751/1602 1849/1766/1617 1835/1752/1603
f 1835/1752/1603 1849/1766/1617 1850/1767/1618
f 1835/1752/1603 1850/1767/1618 1836/1753/1604
f 1836/1753/1604 1850/1767/1618 1851/1768/1619
f 1836/1753/1604 1851/1768/1619 1837/1754/1605
f 1837/1754/1605 1851/1768/1619 1852/1769/1620
f 1837/1754/1605 1852/1769/1620 1838/1755/1606
f 1838/1755/1606 1852/1769/1620 1853/1770/1621
f 1838/1755/1606 1853/1770/1621 1839/1756/1607
f 1839/1756/1607 1853/1770/1621 1854/1771/1622
f 1839/1756/1607 1854/1771/1622 1840/1757/1608
f 1840/1757/1608 1854/1771/1622 1855/1772/1623
f 1840/1757/1608 1855/1772/1623 1841/1758/1609
f 1841/1758/1609 1855/1772/1623 1856/1773/1624
f 1841/1758/1609 1856/1773/1624 1842/1759/1610
f 1842/1759/1610 1856/1773/1624 1857/1774/1625
f 1842/1759/1610 1857/1774/1625 1843/1760/1611
f 1843/1760/1611 1857/1774/1625 1858/1775/1626
f 1843/1760/1611 1858/1775/1626 1844/1761/1612
f 1844/1761/1612 1858/1775/1626 1859/1776/1627
f 1844/1761/1612 1859/1776/1627 1845/1762/1613
f 1845/1762/1613 1859/1776/1627 1846/1763/1614
f 1847/1764/1615 1860/1777/1628 1848/1765/1616
f 1848/1765/1616 1860/1777/1628 1861/1778/1629
f 1848/1765/1616 1861/1778/1629 1849/1766/1617
f 1849/1766/1617 1861/1778/1629 1862/1779/1630
f 1849/1766/1617 1862/1779/1630 1850/1767/1618
f 1850/1767/1618 1862/1779/1630 1863/1780/1631
f 1850/1767/1618 1863/1780/1631 1851/1768/1619
f 1851/1768/1619 1863/1780/1631 1864/1781/1632
f 1851/1768/1619 1864/1781/1632 1852/1769/1620
f 1852/1769/1620 1864/1781/1632 1865/1782/1633
f 1852/1769/1620 1865/1782/1633 1853/1770/1621
f 1853/1770/1621 1865/1782/1633 1866/1783/1634
f 1853/1770/1621 1866/1783/1634 1854/1771/1622
f 1854/1771/1622 1866/1783/1634 1867/1784/1635
f 1854/1771/1622 1867/1784/1635 1855/1772/1623
f 1855/1772/1623 1867/1784/1635 1868/1785/1636
f 1855/1772/1623 1868/1785/1636 1856/1773/1624
f 1856/1773/1624 1868/1785/1636 1869/1786/1637
f 1856/1773/1624 1869/1786/1637 1857/1774/1625
f 1857/1774/1625 1869/1786/1637 1870/1787/1638
f 1857/1774/1625 1870/1787/1638 1858/1775/1626
f 1858/1775/1626 1870/1787/1638 1871/1788/1639
f 1858/1775/1626 1871/1788/1639 1859/1776/1627
f 1859/1776/1627 1871/1788/1639 1872/1789/1640
f 1859/1776/1627 1872/1789/1640 1846/1763/1614
f 1860/1777/1628 1873/1790/1641 1861/1778/1629
f 1861/1778/1629 1873/1790/1641 1874/1791/1642
f 1861/1778/1629 1874/1791/1642 1862/1779/1630
f 1862/1779/1630 1874/1791/1642 1875/1792/1643
f 1862/1779/1630 1875/1792/1643 1863/1780/1631
f 1863/1780/1631 1875/1792/1643 1876/1793/1644
f 1863/1780/1631 1876/1793/1644 1864/1781/1632
f 1864/1781/1632 1876/1793/1644 1877/1794/1645
f 1864/1781/1632 1877/1794/1645 1865/1782/1633
f 1865/1782/1633 1877/1794/1645 1878/1795/1646
f 1865/1782/1633 1878/1795/1646 1866/1783/1634
f 1866/1783/1634 1878/1795/1646 1879/1796/1647
f 1866/1783/1634 1879/1796/1647 1867/1784/1635
f 1867/1784/1635 1879/1796/1647 1880/1797/1648
f 1867/1784/1635 1880/1797/1648 1868/1785/1636
f 1868/1785/1636 1880/1797/1648 1881/1798/1649
f 1868/1785/1636 1881/1798/1649 1869/1786/1637
f 1869/1786/1637 1881/1798/1649 1882/1799/1650
f 1869/1786/1637 1882/1799/1650 1870/1787/1638
f 1870/1787/1638 1882/1799/1650 1883/1800/1651
f 1870/1787/1638 1883/1800/1651 1871/1788/1639
f 1871/1788/1639 1883/1800/1651 1884/1801/1652
f 1871/1788/1639 1884/1801/1652 1872/1789/1640
f 1873/1790/1641 1885/1802/1653 1874/1791/1642
f 1874/1791/1642 1885/1802/1653 1886/1803/1654
f 1874/1791/1642 1886/1803/1654 1875/1792/1643
f 1875/1792/1643 1886/1803/1654 1887/1804/1655
f 1875/1792/1643 1887/1804/1655 1876/1793/1644
f 1876/1793/1644 1887/1804/1655 1888/1805/1656
f 1876/1793/1644 1888/1805/1656 1877/1794/1645
f 1877/1794/1645 1888/1805/1656 1889/1806/1657
f 1877/1794/1645 1889/1806/1657 1878/1795/1646
f 1878/1795/1646 1889/1806/1657 1890/1807/1658
f 1878/1795/1646 1890/1807/1658 1879/1796/1647
f 1879/1796/1647 1890/1807/1658 1891/1808/1659
f 1879/1796/1647 1891/1808/1659 1880/1797/1648
f 1880/1797/1648 1891/1808/1659 1892/1809/1660
f 1880/1797/1648 1892/1809/1660 1881/1798/1649
f 1881/1798/1649 1892/1809/1660 1893/1810/1661
f 1881/1798/1649 1893/1810/1661 1882/1799/1650
f 1882/1799/1650 1893/1810/1661 1894/1811/1662
f 1882/1799/1650 1894/1811/1662 1883/1800/1651
f 1883/1800/1651 1894/1811/1662 1895/1812/1663
f 1883/1800/1651 1895/1812/1663 1884/1801/1652
f 1885/1802/1653 1896/1813/1664 1886/1803/1654
f 1886/1803/1654 1896/1813/1664 1897/1814/1665
f 1886/1803/1654 1897/1814/1665 1887/1804/1655
f 1887/1804/1655 1897/1814/1665 1898/1815/1666
f 1887/1804/1655 1898/1815/1666 1888/1805/1656
f 1888/1805/1656 1898/1815/1666 1899/1816/1667
f 1888/1805/1656 1899/1816/1667 1889/1806/1657
f 1889/1806/1657 1899/1816/1667 1900/1817/1668
f 1889/1806/1657 1900/1817/1668 1890/1807/1658
f 1890/1807/1658 1900/1817/1668 1901/1818/1669
f 1890/1807/1658 1901/1818/1669 1891/1808/1659
f 1891/1808/1659 1901/1818/1669 1902/1819/1670
f 1891/1808/1659 1902/1819/1670 1903/1820/1671
f 1903/1820/1671 1902/1819/1670 1904/1821/1672
f 1903/1820/1671 1904/1821/1672 1905/1822/1673
f 1905/1822/1673 1904/1821/1672 1906/1823/1674
f 1905/1822/1673 1906/1823/1674 1907/1824/1675
f 1907/1824/1675 1906/1823/1674 1908/1825/1676
f 1907/1824/1675 1908/1825/1676 1909/1826/1677
f 1896/1813/1664 1910/1827/1678 1897/1814/1665
f 1897/1814/1665 1910/1827/1678 1911/1828/1679
f 1897/1814/1665 1911/1828/1679 1898/1815/1666
f 1898/1815/1666 1911/1828/1679 1912/1829/1680
f 1898/1815/1666 1912/1829/1680 1899/1816/1667
f 1899/1816/1667 1912/1829/1680 1913/1830/1681
f 1899/1816/1667 1913/1830/1681 1900/1817/1668
f 1900/1817/1668 1913/1830/1681 1914/1831/1682
f 1900/1817/1668 1914/1831/1682 1901/1818/1669
f 1901/1818/1669 1914/1831/1682 1915/1832/1683
f 1901/1818/1669 1915/1832/1683 1902/1819/1670
f 1902/1819/1670 1915/1832/1683 1916/1833/1684
f 1902/1819/1670 1916/1833/1684 1904/1821/1672
f 1904/1821/1672 1916/1833/1684 1917/1834/1685
f 1904/1821/1672 1917/1834/1685 1906/1823/1674
f 1906/1823/1674 1917/1834/1685 1918/1835/1686
f 1906/1823/1674 1918/1835/1686 1908/1825/1676
f 1910/1827/1678 1919/1836/1687 1911/1828/1679
f 1911/1828/1679 1919/1836/1687 1920/1837/1688
f 1911/1828/1679 1920/1837/1688 1912/1829/1680
f 1912/1829/1680 1920/1837/1688 1921/1838/1689
f 1912/1829/1680 1921/1838/1689 1913/1830/1681
f 1913/1830/1681 1921/1838/1689 1922/1839/1690
f 1913/1830/1681 1922/1839/1690 1914/1831/1682
f 1914/1831/1682 1922/1839/1690 1923/1840/1691
f 1914/1831/1682 1923/1840/1691 1915/1832/1683
f 1915/1832/1683 1923/1840/1691 1924/1841/1692
f 1915/1832/1683 1924/1841/1692 1916/1833/1684
f 1916/1833/1684 1924/1841/1692 1925/1842/1693
f 1916/1833/1684 1925/1842/1693 1917/1834/1685
f 1917/1834/1685 1925/1842/1693 1926/1843/1694
f 1917/1834/1685 1926/1843/1694 1927/1844/1695
f 1919/1836/1687 1928/1845/1696 1920/1837/1688
f 1920/1837/1688 1928/1845/1696 1929/1846/1697
f 1920/1837/1688 1929/1846/1697 1921/1838/1689
f 1921/1838/1689 1929/1846/1697 1930/1847/1698
f 1921/1838/1689 1930/1847/1698 1922/1839/1690
f 1922/1839/1690 1930/1847/1698 1931/1848/1699
f 1922/1839/1690 1931/1848/1699 1923/1840/1691
f 1923/1840/1691 1931/1848/1699 1932/1849/1700
f 1923/1840/1691 1932/1849/1700 1924/1841/1692
f 1924/1841/1692 1932/1849/1700 1933/1850/1701
f 1924/1841/1692 1933/1850/1701 1925/1842/1693
f 1925/1842/1693 1933/1850/1701 1934/1851/1702
f 1925/1842/1693 1934/1851/1702 1926/1843/1694
f 1928/1845/1696 1935/1852/1703 1929/1846/1697
f 1929/1846/1697 1935/1852/1703 1936/1853/1704
f 1929/1846/1697 1936/1853/1704 1930/1847/1698
f 1930/1847/1698 1936/1853/1704 1937/1854/1705
f 1930/1847/1698 1937/1854/1705 1931/1848/1699
f 1931/1848/1699 1937/1854/1705 1938/1855/1706
f 1931/1848/1699 1938/1855/1706 1932/1849/1700
f 1932/1849/1700 1938/1855/1706 1939/1856/1707
f 1932/1849/1700 1939/1856/1707 1933/1850/1701
f 1933/1850/1701 1939/1856/1707 1940/1857/1708
f 1933/1850/1701 1940/1857/1708 1934/1851/1702
f 1935/1852/1703 1941/1858/1709 1936/1853/1704
f 1936/1853/1704 1941/1858/1709 1937/1854/1705
f 1941/1858/1709 1942/1859/1710 1937/1854/1705
f 1937/1854/1705 1942/1859/1710 1943/1860/1711
f 1937/1854/1705 1943/1860/1711 1938/1855/1706
f 1938/1855/1706 1943/1860/1711 1944/1861/1712
f 1938/1855/1706 1944/1861/1712 1939/1856/1707
f 1939/1856/1707 1944/1861/1712 1945/1862/1713
f 1939/1856/1707 1945/1862/1713 1940/1857/1708
f 1944/1861/1712 1946/1863/1714 1945/1862/1713
f 1927/1844/1695 1918/1835/1686 1917/1834/1685
f 1907/1824/1675 1909/1826/1677 1894/1811/1662
f 1894/1811/1662 1909/1826/1677 1895/1812/1663
f 1905/1822/1673 1907/1824/1675 1893/1810/1661
f 1893/1810/1661 1907/1824/1675 1894/1811/1662
f 1903/1820/1671 1905/1822/1673 1892/1809/1660
f 1892/1809/1660 1905/1822/1673 1893/1810/1661
f 1891/1808/1659 1903/1820/1671 1892/1809/1660
f 1738/1655/1506 1754/1671/1522 1739/1656/1507
f 1739/1656/1507 1754/1671/1522 1947/1864/1715
f 1739/1656/1507 1947/1864/1715 1740/1657/1508
f 1740/1657/1508 1947/1864/1715 1948/1865/1716
f 1740/1657/1508 1948/1865/1716 1741/1658/1509
f 1741/1658/1509 1948/1865/1716 1949/1866/1717
f 1741/1658/1509 1949/1866/1717 1742/1659/1510
f 1742/1659/1510 1949/1866/1717 1950/1867/1718
f 1742/1659/1510 1950/1867/1718 1743/1660/1511
f 1743/1660/1511 1950/1867/1718 1951/1868/1719
f 1743/1660/1511 1951/1868/1719 1744/1661/1512
f 1744/1661/1512 1951/1868/1719 1952/1869/1720
f 1744/1661/1512 1952/1869/1720 1745/1662/1513
f 1745/1662/1513 1952/1869/1720 1953/1870/1721
f 1745/1662/1513 1953/1870/1721 1746/1663/1514
f 1746/1663/1514 1953/1870/1721 1954/1871/1722
f 1746/1663/1514 1954/1871/1722 1747/1664/1515
f 1747/1664/1515 1954/1871/1722 1955/1872/1723
f 1747/1664/1515 1955/1872/1723 1748/1665/1516
f 1748/1665/1516 1955/1872/1723 1956/1873/1724
f 1748/1665/1516 1956/1873/1724 1749/1666/1517
f 1749/1666/1517 1956/1873/1724 1957/1874/1725
f 1749/1666/1517 1957/1874/1725 1750/1667/1518
f 1750/1667/1518 1957/1874/1725 1958/1875/1726
f 1750/1667/1518 1958/1875/1726 1751/1668/1519
f 1751/1668/1519 1958/1875/1726 1719/1636/1487
f 1751/1668/1519 1719/1636/1487 1649/1566/1417
f 1754/1671/1522 1756/1673/1524 1947/1864/1715
f 1947/1864/1715 1756/1673/1524 1959/1876/1727
f 1947/1864/1715 1959/1876/1727 1948/1865/1716
f 1948/1865/1716 1959/1876/1727 1960/1877/1728
f 1948/1865/1716 1960/1877/1728 1949/1866/1717
f 1949/1866/1717 1960/1877/1728 1961/1878/1729
f 1949/1866/1717 1961/1878/1729 1950/1867/1718
f 1950/1867/1718 1961/1878/1729 1962/1879/1730
f 1950/1867/1718 1962/1879/1730 1951/1868/1719
f 1951/1868/1719 1962/1879/1730 1963/1880/1731
f 1951/1868/1719 1963/1880/1731 1952/1869/1720
f 1952/1869/1720 1963/1880/1731 1964/1881/1732
f 1952/1869/1720 1964/1881/1732 1953/1870/1721
f 1953/1870/1721 1964/1881/1732 1965/1882/1733
f 1953/1870/1721 1965/1882/1733 1954/1871/1722
f 1954/1871/1722 1965/1882/1733 1966/1883/1734
f 1954/1871/1722 1966/1883/1734 1955/1872/1723
f 1955/1872/1723 1966/1883/1734 1967/1884/1735
f 1955/1872/1723 1967/1884/1735 1956/1873/1724
f 1956/1873/1724 1967/1884/1735 1968/1885/1736
f 1956/1873/1724 1968/1885/1736 1957/1874/1725
f 1957/1874/1725 1968/1885/1736 1969/1886/1737
f 1957/1874/1725 1969/1886/1737 1958/1875/1726
f 1958/1875/1726 1969/1886/1737 1717/1634/1485
f 1958/1875/1726 1717/1634/1485 1719/1636/1487
f 1756/1673/1524 1758/1675/1526 1959/1876/1727
f 1959/1876/1727 1758/1675/1526 1970/1887/1738
f 1959/1876/1727 1970/1887/1738 1960/1877/1728
f 1960/1877/1728 1970/1887/1738 1971/1888/1739
f 1960/1877/1728 1971/1888/1739 1961/1878/1729
f 1961/1878/1729 1971/1888/1739 1972/1889/1740
f 1961/1878/1729 1972/1889/1740 1962/1879/1730
f 1962/1879/1730 1972/1889/1740 1973/1890/1741
f 1962/1879/1730 1973/1890/1741 1963/1880/1731
f 1963/1880/1731 1973/1890/1741 1974/1891/1742
f 1963/1880/1731 1974/1891/1742 1964/1881/1732
f 1964/1881/1732 1974/1891/1742 1975/1892/1743
f 1964/1881/1732 1975/1892/1743 1965/1882/1733
f 1965/1882/1733 1975/1892/1743 1976/1893/1744
f 1965/1882/1733 1976/1893/1744 1966/1883/1734
f 1966/1883/1734 1976/1893/1744 1977/1894/1745
f 1966/1883/1734 1977/1894/1745 1967/1884/1735
f 1967/1884/1735 1977/1894/1745 1978/1895/1746
f 1967/1884/1735 1978/1895/1746 1968/1885/1736
f 1968/1885/1736 1978/1895/1746 1979/1896/1747
f 1968/1885/1736 1979/1896/1747 1969/1886/1737
f 1969/1886/1737 1979/1896/1747 1715/1632/1483
f 1969/1886/1737 1715/1632/1483 1717/1634/1485
f 1758/1675/1526 1760/1677/1528 1970/1887/1738
f 1970/1887/1738 1760/1677/1528 1980/1897/1748
f 1970/1887/1738 1980/1897/1748 1971/1888/1739
f 1971/1888/1739 1980/1897/1748 1981/1898/1749
f 1971/1888/1739 1981/1898/1749 1972/1889/1740
f 1972/1889/1740 1981/1898/1749 1982/1899/1750
f 1972/1889/1740 1982/1899/1750 1973/1890/1741
f 1973/1890/1741 1982/1899/1750 1983/1900/1751
f 1973/1890/1741 1983/1900/1751 1974/1891/1742
f 1974/1891/1742 1983/1900/1751 1984/1901/1752
f 1974/1891/1742 1984/1901/1752 1975/1892/1743
f 1975/1892/1743 1984/1901/1752 1985/1902/1753
f 1975/1892/1743 1985/1902/1753 1976/1893/1744
f 1976/1893/1744 1985/1902/1753 1986/1903/1754
f 1976/1893/1744 1986/1903/1754 1977/1894/1745
f 1977/1894/1745 1986/1903/1754 1987/1904/1755
f 1977/1894/1745 1987/1904/1755 1978/1895/1746
f 1978/1895/1746 1987/1904/1755 1988/1905/1756
f 1978/1895/1746 1988/1905/1756 1979/1896/1747
f 1979/1896/1747 1988/1905/1756 1713/1630/1481
f 1979/1896/1747 1713/1630/1481 1715/1632/1483
f 1760/1677/1528 1762/1679/1530 1980/1897/1748
f 1980/1897/1748 1762/1679/1530 1989/1906/1757
f 1980/1897/1748 1989/1906/1757 1981/1898/1749
f 1981/1898/1749 1989/1906/1757 1990/1907/1758
f 1981/1898/1749 1990/1907/1758 1982/1899/1750
f 1982/1899/1750 1990/1907/1758 1991/1908/1759
f 1982/1899/1750 1991/1908/1759 1983/1900/1751
f 1983/1900/1751 1991/1908/1759 1992/1909/1760
f 1983/1900/1751 1992/1909/1760 1984/1901/1752
f 1984/1901/1752 1992/1909/1760 1993/1910/1761
f 1984/1901/1752 1993/1910/1761 1985/1902/1753
f 1985/1902/1753 1993/1910/1761 1994/1911/1762
f 1985/1902/1753 1994/1911/1762 1986/1903/1754
f 1986/1903/1754 1994/1911/1762 1995/1912/1763
f 1986/1903/1754 1995/1912/1763 1987/1904/1755
f 1987/1904/1755 1995/1912/1763 1996/1913/1764
f 1987/1904/1755 1996/1913/1764 1988/1905/1756
f 1988/1905/1756 1996/1913/1764 1711/1628/1479
f 1988/1905/1756 1711/1628/1479 1713/1630/1481
f 1762/1679/1530 1764/1681/1532 1989/1906/1757
f 1989/1906/1757 1764/1681/1532 1997/1914/1765
f 1989/1906/1757 1997/1914/1765 1990/1907/1758
f 1990/1907/1758 1997/1914/1765 1998/1915/1766
f 1990/1907/1758 1998/1915/1766 1991/1908/1759
f 1991/1908/1759 1998/1915/1766 1999/1916/1767
f 1991/1908/1759 1999/1916/1767 1992/1909/1760
f 1992/1909/1760 1999/1916/1767 2000/1917/1768
f 1992/1909/1760 2000/1917/1768 1993/1910/1761
f 1993/1910/1761 2000/1917/1768 2001/1918/1769
f 1993/1910/1761 2001/1918/1769 1994/1911/1762
f 1994/1911/1762 2001/1918/1769 2002/1919/1770
f 1994/1911/1762 2002/1919/1770 1995/1912/1763
f 1995/1912/1763 2002/1919/1770 2003/1920/1771
f 1995/1912/1763 2003/1920/1771 1996/1913/1764
f 1996/1913/1764 2003/1920/1771 1709/1626/1477
f 1996/1913/1764 1709/1626/1477 1711/1628/1479
f 1766/1683/1534 1768/1685/1536 1997/1914/1765
f 1997/1914/1765 1768/1685/1536 1998/1915/1766
f 1999/1916/1767 1998/1915/1766 1770/1687/1538
f 1770/1687/1538 1998/1915/1766 1768/1685/1536
f 1764/1681/1532 1766/1683/1534 1997/1914/1765
f 2000/1917/1768 1999/1916/1767 1772/1689/1540
f 1772/1689/1540 1999/1916/1767 1770/1687/1538
f 2001/1918/1769 2000/1917/1768 1774/1691/1542
f 1774/1691/1542 2000/1917/1768 1772/1689/1540
f 2002/1919/1770 2001/1918/1769 1776/1693/1544
f 1776/1693/1544 2001/1918/1769 1774/1691/1542
f 1796/1713/1564 2004/1921/1772 1794/1711/1562
f 1794/1711/1562 2004/1921/1772 1792/1709/1560
f 1794/1711/1562 1792/1709/1560 1791/1708/1559
f 1792/1709/1560 2004/1921/1772 1793/1710/1561
f 1793/1710/1561 2004/1921/1772 1697/1614/1465
f 1793/1710/1561 1697/1614/1465 1699/1616/1467
f 1693/1610/1461 1695/1612/1463 1796/1713/1564
f 1796/1713/1564 1695/1612/1463 2004/1921/1772
f 1695/1612/1463 1697/1614/1465 2004/1921/1772
f 2002/1919/1770 1776/1693/1544 1778/1695/1546
f 2002/1919/1770 1778/1695/1546 2003/1920/1771
f 2003/1920/1771 1778/1695/1546 1707/1624/1475
f 2003/1920/1771 1707/1624/1475 1709/1626/1477
f 1694/1611/1462 1692/1609/1460 2005/1922/1773
f 2005/1922/1773 1692/1609/1460 1690/1607/1458
f 2005/1922/1773 1690/1607/1458 2006/1923/1774
f 2006/1923/1774 1690/1607/1458 1687/1604/1455
f 2006/1923/1774 1687/1604/1455 1685/1602/1453
f 1696/1613/1464 1694/1611/1462 2007/1924/1775
f 2007/1924/1775 1694/1611/1462 2005/1922/1773
f 2007/1924/1775 2005/1922/1773 2008/1925/1776
f 2008/1925/1776 2005/1922/1773 2006/1923/1774
f 2008/1925/1776 2006/1923/1774 1683/1600/1451
f 1683/1600/1451 2006/1923/1774 1685/1602/1453
f 1698/1615/1466 1696/1613/1464 2009/1926/1777
f 2009/1926/1777 1696/1613/1464 2007/1924/1775
f 2009/1926/1777 2007/1924/1775 2010/1927/1778
f 2010/1927/1778 2007/1924/1775 2008/1925/1776
f 2010/1927/1778 2008/1925/1776 1681/1598/1449
f 1681/1598/1449 2008/1925/1776 1683/1600/1451
f 1700/1617/1468 1698/1615/1466 2011/1928/1779
f 2011/1928/1779 1698/1615/1466 2009/1926/1777
f 2011/1928/1779 2009/1926/1777 2012/1929/1780
f 2012/1929/1780 2009/1926/1777 2010/1927/1778
f 2012/1929/1780 2010/1927/1778 1679/1596/1447
f 1679/1596/1447 2010/1927/1778 1681/1598/1449
f 1702/1619/1470 1700/1617/1468 2013/1930/1781
f 2013/1930/1781 1700/1617/1468 2011/1928/1779
f 2013/1930/1781 2011/1928/1779 2014/1931/1782
f 2014/1931/1782 2011/1928/1779 2012/1929/1780
f 2014/1931/1782 2012/1929/1780 1677/1594/1445
f 1677/1594/1445 2012/1929/1780 1679/1596/1447
f 1704/1621/1472 1702/1619/1470 2015/1932/1783
f 2015/1932/1783 1702/1619/1470 2013/1930/1781
f 2015/1932/1783 2013/1930/1781 2016/1933/1784
f 2016/1933/1784 2013/1930/1781 2014/1931/1782
f 2016/1933/1784 2014/1931/1782 1675/1592/1443
f 1675/1592/1443 2014/1931/1782 1677/1594/1445
f 1706/1623/1474 1704/1621/1472 2017/1934/1785
f 2017/1934/1785 1704/1621/1472 2015/1932/1783
f 2017/1934/1785 2015/1932/1783 2018/1935/1786
f 2018/1935/1786 2015/1932/1783 2016/1933/1784
f 2018/1935/1786 2016/1933/1784 1673/1590/1441
f 1673/1590/1441 2016/1933/1784 1675/1592/1443
f 1708/1625/1476 1706/1623/1474 2019/1936/1787
f 2019/1936/1787 1706/1623/1474 2017/1934/1785
f 2019/1936/1787 2017/1934/1785 2020/1937/1788
f 2020/1937/1788 2017/1934/1785 2018/1935/1786
f 2020/1937/1788 2018/1935/1786 1671/1588/1439
f 1671/1588/1439 2018/1935/1786 1673/1590/1441
f 1710/1627/1478 1708/1625/1476 2021/1938/1789
f 2021/1938/1789 1708/1625/1476 2019/1936/1787
f 2021/1938/1789 2019/1936/1787 2022/1939/1790
f 2022/1939/1790 2019/1936/1787 2020/1937/1788
f 2022/1939/1790 2020/1937/1788 1669/1586/1437
f 1669/1586/1437 2020/1937/1788 1671/1588/1439
f 1712/1629/1480 1710/1627/1478 2023/1940/1791
f 2023/1940/1791 1710/1627/1478 2021/1938/1789
f 2023/1940/1791 2021/1938/1789 2024/1941/1792
f 2024/1941/1792 2021/1938/1789 2022/1939/1790
f 2024/1941/1792 2022/1939/1790 1666/1583/1434
f 1666/1583/1434 2022/1939/1790 1669/1586/1437
f 1714/1631/1482 1712/1629/1480 2025/1942/1793
f 2025/1942/1793 1712/1629/1480 2023/1940/1791
f 2025/1942/1793 2023/1940/1791 2026/1943/1794
f 2026/1943/1794 2023/1940/1791 2024/1941/1792
f 2026/1943/1794 2024/1941/1792 1664/1581/1432
f 1664/1581/1432 2024/1941/1792 1666/1583/1434
f 1716/1633/1484 1714/1631/1482 2027/1944/1795
f 2027/1944/1795 1714/1631/1482 2025/1942/1793
f 2027/1944/1795 2025/1942/1793 2028/1945/1796
f 2028/1945/1796 2025/1942/1793 2026/1943/1794
f 2028/1945/1796 2026/1943/1794 1662/1579/1430
f 1662/1579/1430 2026/1943/1794 1664/1581/1432
f 1718/1635/1486 1716/1633/1484 2029/1946/1797
f 2029/1946/1797 1716/1633/1484 2027/1944/1795
f 2029/1946/1797 2027/1944/1795 2030/1947/1798
f 2030/1947/1798 2027/1944/1795 2028/1945/1796
f 2030/1947/1798 2028/1945/1796 1660/1577/1428
f 1660/1577/1428 2028/1945/1796 1662/1579/1430
f 1651/1568/1419 1718/1635/1486 1653/1570/1421
f 1653/1570/1421 1718/1635/1486 2029/1946/1797
f 1653/1570/1421 2029/1946/1797 1655/1572/1423
f 1655/1572/1423 2029/1946/1797 2030/1947/1798
f 1655/1572/1423 2030/1947/1798 1657/1574/1425
f 1657/1574/1425 2030/1947/1798 1660/1577/1428
f 2031/1948/1799 2032/1949/1800 2033/1950/1801
f 2033/1950/1801 2032/1949/1800 2034/1951/1802
f 2033/1950/1801 2034/1951/1802 2035/1952/1803
f 2035/1952/1803 2034/1951/1802 2036/1953/1804
f 2035/1952/1803 2036/1953/1804 2037/1954/1805
f 2037/1954/1805 2036/1953/1804 2038/1955/1806
f 2037/1954/1805 2038/1955/1806 2039/1956/1807
f 2039/1956/1807 2038/1955/1806 2040/1957/1808
f 2039/1956/1807 2040/1957/1808 2041/1958/1809
f 2041/1958/1809 2040/1957/1808 2042/1959/1810
f 2041/1958/1809 2042/1959/1810 2043/1960/1811
f 2043/1960/1811 2042/1959/1810 2044/1961/1812
f 2043/1960/1811 2044/1961/1812 2045/1962/1813
f 2045/1962/1813 2044/1961/1812 2046/1963/1814
f 2045/1962/1813 2046/1963/1814 2047/1964/1815
f 2047/1964/1815 2046/1963/1814 2048/1965/1816
f 2047/1964/1815 2048/1965/1816 2049/1966/1817
f 2049/1966/1817 2048/1965/1816 2050/1967/1818
f 2049/1966/1817 2050/1967/1818 2051/1968/1819
f 2051/1968/1819 2050/1967/1818 2052/1969/1820
f 2051/1968/1819 2052/1969/1820 2053/1970/1821
f 2053/1970/1821 2052/1969/1820 2054/1971/1822
f 2053/1970/1821 2054/1971/1822 2055/1972/1823
f 2055/1972/1823 2054/1971/1822 2056/1973/1824
f 2055/1972/1823 2056/1973/1824 2057/1974/1825
f 2057/1974/1825 2056/1973/1824 2058/1975/1826
f 2057/1974/1825 2058/1975/1826 2059/1976/1827
f 2059/1976/1827 2058/1975/1826 2060/1977/1828
f 2059/1976/1827 2060/1977/1828 2061/1978/1829
f 2061/1978/1829 2060/1977/1828 2062/1979/1830
f 2061/1978/1829 2062/1979/1830 2063/1980/1831
f 2063/1980/1831 2062/1979/1830 2064/1981/1832
f 2063/1980/1831 2064/1981/1832 2065/1982/1833
f 2065/1982/1833 2064/1981/1832 2066/1983/1834
f 2066/1983/1834 2064/1981/1832 2067/1984/1835
f 2066/1983/1834 2067/1984/1835 2068/1985/1836
f 2068/1985/1836 2067/1984/1835 2069/1986/1837
f 2068/1985/1836 2069/1986/1837 2070/1987/1838
f 2070/1987/1838 2069/1986/1837 2071/1988/1713
f 2070/1987/1838 2071/1988/1713 2072/1989/1714
f 2034/1951/1802 2073/1990/1839 2036/1953/1804
f 2036/1953/1804 2073/1990/1839 2074/1991/1840
f 2036/1953/1804 2074/1991/1840 2038/1955/1806
f 2038/1955/1806 2074/1991/1840 2075/1992/1841
f 2038/1955/1806 2075/1992/1841 2040/1957/1808
f 2040/1957/1808 2075/1992/1841 2076/1993/1842
f 2040/1957/1808 2076/1993/1842 2042/1959/1810
f 2042/1959/1810 2076/1993/1842 2077/1994/1843
f 2042/1959/1810 2077/1994/1843 2044/1961/1812
f 2044/1961/1812 2077/1994/1843 2078/1995/1844
f 2044/1961/1812 2078/1995/1844 2046/1963/1814
f 2046/1963/1814 2078/1995/1844 2079/1996/1845
f 2046/1963/1814 2079/1996/1845 2048/1965/1816
f 2048/1965/1816 2079/1996/1845 2080/1997/1846
f 2048/1965/1816 2080/1997/1846 2050/1967/1818
f 2050/1967/1818 2080/1997/1846 2081/1998/1847
f 2050/1967/1818 2081/1998/1847 2052/1969/1820
f 2052/1969/1820 2081/1998/1847 2082/1999/1848
f 2052/1969/1820 2082/1999/1848 2054/1971/1822
f 2054/1971/1822 2082/1999/1848 2083/2000/1849
f 2054/1971/1822 2083/2000/1849 2056/1973/1824
f 2056/1973/1824 2083/2000/1849 2084/2001/1850
f 2056/1973/1824 2084/2001/1850 2058/1975/1826
f 2058/1975/1826 2084/2001/1850 2085/2002/1851
f 2058/1975/1826 2085/2002/1851 2060/1977/1828
f 2060/1977/1828 2085/2002/1851 2086/2003/1852
f 2060/1977/1828 2086/2003/1852 2062/1979/1830
f 2062/1979/1830 2086/2003/1852 2087/2004/1853
f 2062/1979/1830 2087/2004/1853 2064/1981/1832
f 2064/1981/1832 2087/2004/1853 2067/1984/1835
f 2073/1990/1839 2088/2005/1854 2074/1991/1840
f 2074/1991/1840 2088/2005/1854 2089/2006/1855
f 2074/1991/1840 2089/2006/1855 2075/1992/1841
f 2075/1992/1841 2089/2006/1855 2090/2007/1856
f 2075/1992/1841 2090/2007/1856 2076/1993/1842
f 2076/1993/1842 2090/2007/1856 2091/2008/1857
f 2076/1993/1842 2091/2008/1857 2077/1994/1843
f 2077/1994/1843 2091/2008/1857 2092/2009/1858
f 2077/1994/1843 2092/2009/1858 2078/1995/1844
f 2078/1995/1844 2092/2009/1858 2093/2010/1859
f 2078/1995/1844 2093/2010/1859 2079/1996/1845
f 2079/1996/1845 2093/2010/1859 2094/2011/1860
f 2079/1996/1845 2094/2011/1860 2080/1997/1846
f 2080/1997/1846 2094/2011/1860 2095/2012/1861
f 2080/1997/1846 2095/2012/1861 2081/1998/1847
f 2081/1998/1847 2095/2012/1861 2096/2013/1862
f 2081/1998/1847 2096/2013/1862 2082/1999/1848
f 2082/1999/1848 2096/2013/1862 2097/2014/1863
f 2082/1999/1848 2097/2014/1863 2083/2000/1849
f 2083/2000/1849 2097/2014/1863 2098/2015/1864
f 2083/2000/1849 2098/2015/1864 2084/2001/1850
f 2084/2001/1850 2098/2015/1864 2099/2016/1865
f 2084/2001/1850 2099/2016/1865 2085/2002/1851
f 2085/2002/1851 2099/2016/1865 2100/2017/1866
f 2085/2002/1851 2100/2017/1866 2086/2003/1852
f 2086/2003/1852 2100/2017/1866 2101/2018/1867
f 2086/2003/1852 2101/2018/1867 2087/2004/1853
f 2087/2004/1853 2101/2018/1867 2102/2019/1868
f 2087/2004/1853 2102/2019/1868 2067/1984/1835
f 2067/1984/1835 2102/2019/1868 2069/1986/1837
f 2088/2005/1854 2103/2020/1869 2089/2006/1855
f 2089/2006/1855 2103/2020/1869 2104/2021/1870
f 2089/2006/1855 2104/2021/1870 2090/2007/1856
f 2090/2007/1856 2104/2021/1870 2105/2022/1871
f 2090/2007/1856 2105/2022/1871 2091/2008/1857
f 2091/2008/1857 2105/2022/1871 2106/2023/1872
f 2091/2008/1857 2106/2023/1872 2092/2009/1858
f 2092/2009/1858 2106/2023/1872 2107/2024/1873
f 2092/2009/1858 2107/2024/1873 2093/2010/1859
f 2093/2010/1859 2107/2024/1873 2108/2025/1874
f 2093/2010/1859 2108/2025/1874 2094/2011/1860
f 2094/2011/1860 2108/2025/1874 2109/2026/1875
f 2094/2011/1860 2109/2026/1875 2095/2012/1861
f 2095/2012/1861 2109/2026/1875 2110/2027/1876
f 2095/2012/1861 2110/2027/1876 2096/2013/1862
f 2096/2013/1862 2110/2027/1876 2111/2028/1877
f 2096/2013/1862 2111/2028/1877 2097/2014/1863
f 2097/2014/1863 2111/2028/1877 2112/2029/1878
f 2097/2014/1863 2112/2029/1878 2098/2015/1864
f 2098/2015/1864 2112/2029/1878 2113/2030/1879
f 2098/2015/1864 2113/2030/1879 2099/2016/1865
f 2099/2016/1865 2113/2030/1879 2114/2031/1880
f 2099/2016/1865 2114/2031/1880 2100/2017/1866
f 2100/2017/1866 2114/2031/1880 2115/2032/1881
f 2100/2017/1866 2115/2032/1881 2101/2018/1867
f 2101/2018/1867 2115/2032/1881 2116/2033/1882
f 2101/2018/1867 2116/2033/1882 2102/2019/1868
f 2102/2019/1868 2116/2033/1882 2117/2034/1883
f 2102/2019/1868 2117/2034/1883 2069/1986/1837
f 2069/1986/1837 2117/2034/1883 2118/2035/1708
f 2069/1986/1837 2118/2035/1708 2071/1988/1713
f 2103/2020/1869 2119/2036/1884 2104/2021/1870
f 2104/2021/1870 2119/2036/1884 2120/2037/1885
f 2104/2021/1870 2120/2037/1885 2105/2022/1871
f 2105/2022/1871 2120/2037/1885 2121/2038/1886
f 2105/2022/1871 2121/2038/1886 2106/2023/1872
f 2106/2023/1872 2121/2038/1886 2122/2039/1887
f 2106/2023/1872 2122/2039/1887 2107/2024/1873
f 2107/2024/1873 2122/2039/1887 2123/2040/1888
f 2107/2024/1873 2123/2040/1888 2108/2025/1874
f 2108/2025/1874 2123/2040/1888 2124/2041/1889
f 2108/2025/1874 2124/2041/1889 2109/2026/1875
f 2109/2026/1875 2124/2041/1889 2125/2042/1890
f 2109/2026/1875 2125/2042/1890 2110/2027/1876
f 2110/2027/1876 2125/2042/1890 2126/2043/1891
f 2110/2027/1876 2126/2043/1891 2111/2028/1877
f 2111/2028/1877 2126/2043/1891 2127/2044/1892
f 2111/2028/1877 2127/2044/1892 2112/2029/1878
f 2112/2029/1878 2127/2044/1892 2128/2045/1893
f 2112/2029/1878 2128/2045/1893 2113/2030/1879
f 2113/2030/1879 2128/2045/1893 2129/2046/1894
f 2113/2030/1879 2129/2046/1894 2114/2031/1880
f 2114/2031/1880 2129/2046/1894 2130/2047/1895
f 2114/2031/1880 2130/2047/1895 2115/2032/1881
f 2115/2032/1881 2130/2047/1895 2131/2048/1896
f 2115/2032/1881 2131/2048/1896 2116/2033/1882
f 2116/2033/1882 2131/2048/1896 2132/2049/1897
f 2116/2033/1882 2132/2049/1897 2117/2034/1883
f 2117/2034/1883 2132/2049/1897 2133/2050/1702
f 2117/2034/1883 2133/2050/1702 2118/2035/1708
f 2119/2036/1884 2134/2051/1898 2120/2037/1885
f 2120/2037/1885 2134/2051/1898 2135/2052/1899
f 2120/2037/1885 2135/2052/1899 2121/2038/1886
f 2121/2038/1886 2135/2052/1899 2136/2053/1900
f 2121/2038/1886 2136/2053/1900 2122/2039/1887
f 2122/2039/1887 2136/2053/1900 2137/2054/1901
f 2122/2039/1887 2137/2054/1901 2123/2040/1888
f 2123/2040/1888 2137/2054/1901 2138/2055/1902
f 2123/2040/1888 2138/2055/1902 2124/2041/1889
f 2124/2041/1889 2138/2055/1902 2139/2056/1903
f 2124/2041/1889 2139/2056/1903 2125/2042/1890
f 2125/2042/1890 2139/2056/1903 2140/2057/1904
f 2125/2042/1890 2140/2057/1904 2126/2043/1891
f 2126/2043/1891 2140/2057/1904 2141/2058/1905
f 2126/2043/1891 2141/2058/1905 2127/2044/1892
f 2127/2044/1892 2141/2058/1905 2142/2059/1906
f 2127/2044/1892 2142/2059/1906 2128/2045/1893
f 2128/2045/1893 2142/2059/1906 2143/2060/1907
f 2128/2045/1893 2143/2060/1907 2129/2046/1894
f 2129/2046/1894 2143/2060/1907 2144/2061/1908
f 2129/2046/1894 2144/2061/1908 2130/2047/1895
f 2130/2047/1895 2144/2061/1908 2145/2062/1909
f 2130/2047/1895 2145/2062/1909 2131/2048/1896
f 2131/2048/1896 2145/2062/1909 2146/2063/1910
f 2131/2048/1896 2146/2063/1910 2132/2049/1897
f 2132/2049/1897 2146/2063/1910 2147/2064/1694
f 2132/2049/1897 2147/2064/1694 2133/2050/1702
f 2134/2051/1898 2148/2065/1911 2135/2052/1899
f 2135/2052/1899 2148/2065/1911 2149/2066/1912
f 2135/2052/1899 2149/2066/1912 2136/2053/1900
f 2136/2053/1900 2149/2066/1912 2150/2067/1913
f 2136/2053/1900 2150/2067/1913 2137/2054/1901
f 2137/2054/1901 2150/2067/1913 2151/2068/1914
f 2137/2054/1901 2151/2068/1914 2138/2055/1902
f 2138/2055/1902 2151/2068/1914 2152/2069/1915
f 2138/2055/1902 2152/2069/1915 2139/2056/1903
f 2139/2056/1903 2152/2069/1915 2153/2070/1916
f 2139/2056/1903 2153/2070/1916 2140/2057/1904
f 2140/2057/1904 2153/2070/1916 2154/2071/1917
f 2140/2057/1904 2154/2071/1917 2141/2058/1905
f 2141/2058/1905 2154/2071/1917 2155/2072/1918
f 2141/2058/1905 2155/2072/1918 2142/2059/1906
f 2142/2059/1906 2155/2072/1918 2156/2073/1919
f 2142/2059/1906 2156/2073/1919 2143/2060/1907
f 2143/2060/1907 2156/2073/1919 2157/2074/1920
f 2143/2060/1907 2157/2074/1920 2144/2061/1908
f 2144/2061/1908 2157/2074/1920 2158/2075/1921
f 2144/2061/1908 2158/2075/1921 2145/2062/1909
f 2145/2062/1909 2158/2075/1921 2159/2076/1922
f 2145/2062/1909 2159/2076/1922 2146/2063/1910
f 2146/2063/1910 2159/2076/1922 2160/2077/1686
f 2146/2063/1910 2160/2077/1686 2161/2078/1695
f 2148/2065/1911 2162/2079/1923 2149/2066/1912
f 2149/2066/1912 2162/2079/1923 2163/2080/1924
f 2149/2066/1912 2163/2080/1924 2150/2067/1913
f 2150/2067/1913 2163/2080/1924 2164/2081/1925
f 2150/2067/1913 2164/2081/1925 2151/2068/1914
f 2151/2068/1914 2164/2081/1925 2165/2082/1926
f 2151/2068/1914 2165/2082/1926 2152/2069/1915
f 2152/2069/1915 2165/2082/1926 2166/2083/1927
f 2152/2069/1915 2166/2083/1927 2153/2070/1916
f 2153/2070/1916 2166/2083/1927 2167/2084/1928
f 2153/2070/1916 2167/2084/1928 2154/2071/1917
f 2154/2071/1917 2167/2084/1928 2168/2085/1929
f 2154/2071/1917 2168/2085/1929 2155/2072/1918
f 2155/2072/1918 2168/2085/1929 2169/2086/1930
f 2155/2072/1918 2169/2086/1930 2156/2073/1919
f 2156/2073/1919 2169/2086/1930 2170/2087/1931
f 2156/2073/1919 2170/2087/1931 2157/2074/1920
f 2157/2074/1920 2170/2087/1931 2171/2088/1932
f 2157/2074/1920 2171/2088/1932 2158/2075/1921
f 2158/2075/1921 2171/2088/1932 2172/2089/1933
f 2158/2075/1921 2172/2089/1933 2159/2076/1922
f 2159/2076/1922 2172/2089/1933 2173/2090/1676
f 2159/2076/1922 2173/2090/1676 2160/2077/1686
f 2162/2079/1923 2174/2091/1934 2163/2080/1924
f 2163/2080/1924 2174/2091/1934 2175/2092/1935
f 2163/2080/1924 2175/2092/1935 2164/2081/1925
f 2164/2081/1925 2175/2092/1935 2176/2093/1936
f 2164/2081/1925 2176/2093/1936 2165/2082/1926
f 2165/2082/1926 2176/2093/1936 2177/2094/1937
f 2165/2082/1926 2177/2094/1937 2166/2083/1927
f 2166/2083/1927 2177/2094/1937 2178/2095/1938
f 2166/2083/1927 2178/2095/1938 2167/2084/1928
f 2167/2084/1928 2178/2095/1938 2179/2096/1939
f 2167/2084/1928 2179/2096/1939 2168/2085/1929
f 2168/2085/1929 2179/2096/1939 2180/2097/1940
f 2168/2085/1929 2180/2097/1940 2169/2086/1930
f 2169/2086/1930 2180/2097/1940 2181/2098/1941
f 2169/2086/1930 2181/2098/1941 2170/2087/1931
f 2170/2087/1931 2181/2098/1941 2182/2099/1942
f 2170/2087/1931 2182/2099/1942 2171/2088/1932
f 2171/2088/1932 2182/2099/1942 2183/2100/1943
f 2171/2088/1932 2183/2100/1943 2172/2089/1933
f 2172/2089/1933 2183/2100/1943 2184/2101/1677
f 2172/2089/1933 2184/2101/1677 2173/2090/1676
f 2174/2091/1934 2185/2102/1944 2175/2092/1935
f 2175/2092/1935 2185/2102/1944 2186/2103/1945
f 2175/2092/1935 2186/2103/1945 2176/2093/1936
f 2176/2093/1936 2186/2103/1945 2187/2104/1946
f 2176/2093/1936 2187/2104/1946 2177/2094/1937
f 2177/2094/1937 2187/2104/1946 2188/2105/1947
f 2177/2094/1937 2188/2105/1947 2178/2095/1938
f 2178/2095/1938 2188/2105/1947 2189/2106/1948
f 2178/2095/1938 2189/2106/1948 2179/2096/1939
f 2179/2096/1939 2189/2106/1948 2190/2107/1949
f 2179/2096/1939 2190/2107/1949 2180/2097/1940
f 2180/2097/1940 2190/2107/1949 2191/2108/1950
f 2180/2097/1940 2191/2108/1950 2181/2098/1941
f 2181/2098/1941 2191/2108/1950 2192/2109/1951
f 2181/2098/1941 2192/2109/1951 2182/2099/1942
f 2182/2099/1942 2192/2109/1951 2193/2110/1952
f 2182/2099/1942 2193/2110/1952 2183/2100/1943
f 2183/2100/1943 2193/2110/1952 2194/2111/1663
f 2183/2100/1943 2194/2111/1663 2184/2101/1677
f 2185/2102/1944 2195/2112/1953 2186/2103/1945
f 2186/2103/1945 2195/2112/1953 2196/2113/1954
f 2186/2103/1945 2196/2113/1954 2187/2104/1946
f 2187/2104/1946 2196/2113/1954 2197/2114/1955
f 2187/2104/1946 2197/2114/1955 2188/2105/1947
f 2188/2105/1947 2197/2114/1955 2198/2115/1956
f 2188/2105/1947 2198/2115/1956 2189/2106/1948
f 2189/2106/1948 2198/2115/1956 2199/2116/1957
f 2189/2106/1948 2199/2116/1957 2190/2107/1949
f 2190/2107/1949 2199/2116/1957 2200/2117/1958
f 2190/2107/1949 2200/2117/1958 2191/2108/1950
f 2191/2108/1950 2200/2117/1958 2201/2118/1959
f 2191/2108/1950 2201/2118/1959 2192/2109/1951
f 2192/2109/1951 2201/2118/1959 2202/2119/1960
f 2192/2109/1951 2202/2119/1960 2193/2110/1952
f 2193/2110/1952 2202/2119/1960 2203/2120/1652
f 2193/2110/1952 2203/2120/1652 2194/2111/1663
f 2195/2112/1953 2204/2121/1961 2196/2113/1954
f 2196/2113/1954 2204/2121/1961 2205/2122/1962
f 2196/2113/1954 2205/2122/1962 2197/2114/1955
f 2197/2114/1955 2205/2122/1962 2206/2123/1963
f 2197/2114/1955 2206/2123/1963 2198/2115/1956
f 2198/2115/1956 2206/2123/1963 2207/2124/1964
f 2198/2115/1956 2207/2124/1964 2199/2116/1957
f 2199/2116/1957 2207/2124/1964 2208/2125/1965
f 2199/2116/1957 2208/2125/1965 2200/2117/1958
f 2200/2117/1958 2208/2125/1965 2209/2126/1966
f 2200/2117/1958 2209/2126/1966 2201/2118/1959
f 2201/2118/1959 2209/2126/1966 2210/2127/1967
f 2201/2118/1959 2210/2127/1967 2202/2119/1960
f 2202/2119/1960 2210/2127/1967 2203/2120/1652
f 2204/2121/1961 2211/2128/1968 2205/2122/1962
f 2205/2122/1962 2211/2128/1968 2212/2129/1969
f 2205/2122/1962 2212/2129/1969 2206/2123/1963
f 2206/2123/1963 2212/2129/1969 2213/2130/1970
f 2206/2123/1963 2213/2130/1970 2207/2124/1964
f 2207/2124/1964 2213/2130/1970 2214/2131/1971
f 2207/2124/1964 2214/2131/1971 2208/2125/1965
f 2208/2125/1965 2214/2131/1971 2215/2132/1972
f 2208/2125/1965 2215/2132/1972 2209/2126/1966
f 2209/2126/1966 2215/2132/1972 2216/2133/1973
f 2209/2126/1966 2216/2133/1973 2210/2127/1967
f 2210/2127/1967 2216/2133/1973 2217/2134/1640
f 2210/2127/1967 2217/2134/1640 2203/2120/1652
f 2211/2128/1968 2218/2135/1974 2212/2129/1969
f 2212/2129/1969 2218/2135/1974 2219/2136/1975
f 2212/2129/1969 2219/2136/1975 2220/2137/1976
f 2220/2137/1976 2219/2136/1975 2221/2138/1977
f 2220/2137/1976 2221/2138/1977 2222/2139/1978
f 2222/2139/1978 2221/2138/1977 2223/2140/1979
f 2222/2139/1978 2223/2140/1979 2224/2141/1980
f 2222/2139/1978 2224/2141/1980 2225/2142/1981
f 2225/2142/1981 2224/2141/1980 2226/2143/1982
f 2225/2142/1981 2226/2143/1982 2227/2144/1983
f 2227/2144/1983 2226/2143/1982 2228/2145/1984
f 2227/2144/1983 2228/2145/1984 2229/2146/1380
f 2229/2146/1380 2228/2145/1984 2230/2147/1378
f 2227/2144/1983 2229/2146/1380 2231/2148/1985
f 2231/2148/1985 2229/2146/1380 2232/2149/1583
f 2231/2148/1985 2232/2149/1583 2233/2150/1986
f 2233/2150/1986 2232/2149/1583 2234/2151/1599
f 2233/2150/1986 2234/2151/1599 2235/2152/1987
f 2235/2152/1987 2234/2151/1599 2236/2153/1614
f 2235/2152/1987 2236/2153/1614 2216/2133/1973
f 2216/2133/1973 2236/2153/1614 2217/2134/1640
f 2161/2078/1695 2147/2064/1694 2146/2063/1910
f 2065/1982/1833 2237/2154/1988 2063/1980/1831
f 2063/1980/1831 2237/2154/1988 2238/2155/1989
f 2063/1980/1831 2238/2155/1989 2239/2156/1990
f 2239/2156/1990 2238/2155/1989 2240/2157/1991
f 2239/2156/1990 2240/2157/1991 2241/2158/1992
f 2241/2158/1992 2240/2157/1991 2242/2159/1993
f 2241/2158/1992 2242/2159/1993 2243/2160/1994
f 2241/2158/1992 2243/2160/1994 2244/2161/1995
f 2244/2161/1995 2243/2160/1994 2245/2162/1996
f 2244/2161/1995 2245/2162/1996 2246/2163/1997
f 2246/2163/1997 2245/2162/1996 2247/2164/1998
f 2246/2163/1997 2247/2164/1998 2248/2165/1999
f 2248/2165/1999 2247/2164/1998 2249/2166/2000
f 2248/2165/1999 2249/2166/2000 2250/2167/2001
f 2250/2167/2001 2249/2166/2000 2251/2168/2002
f 2250/2167/2001 2251/2168/2002 2252/2169/2003
f 2250/2167/2001 2252/2169/2003 2253/2170/2004
f 2253/2170/2004 2252/2169/2003 2254/2171/2005
f 2253/2170/2004 2254/2171/2005 2255/2172/2006
f 2255/2172/2006 2254/2171/2005 2256/2173/2007
f 2255/2172/2006 2256/2173/2007 2257/2174/2008
f 2257/2174/2008 2256/2173/2007 2258/2175/2009
f 2257/2174/2008 2258/2175/2009 2259/2176/2010
f 2259/2176/2010 2258/2175/2009 2260/2177/2011
f 2259/2176/2010 2260/2177/2011 2261/2178/2012
f 2261/2178/2012 2260/2177/2011 2262/2179/2013
f 2261/2178/2012 2262/2179/2013 2263/2180/2014
f 2263/2180/2014 2262/2179/2013 2264/2181/2015
f 2263/2180/2014 2264/2181/2015 2265/2182/2016
f 2265/2182/2016 2264/2181/2015 2266/2183/2017
f 2265/2182/2016 2266/2183/2017 2267/2184/2018
f 2267/2184/2018 2266/2183/2017 2268/2185/2019
f 2267/2184/2018 2268/2185/2019 2269/2186/2020
f 2269/2186/2020 2268/2185/2019 2270/2187/2021
f 2269/2186/2020 2270/2187/2021 2271/2188/2022
f 2254/2171/2005 2272/2189/2023 2256/2173/2007
f 2256/2173/2007 2272/2189/2023 2273/2190/2024
f 2256/2173/2007 2273/2190/2024 2258/2175/2009
f 2258/2175/2009 2273/2190/2024 2274/2191/2025
f 2258/2175/2009 2274/2191/2025 2260/2177/2011
f 2260/2177/2011 2274/2191/2025 2275/2192/2026
f 2260/2177/2011 2275/2192/2026 2262/2179/2013
f 2262/2179/2013 2275/2192/2026 2276/2193/2027
f 2262/2179/2013 2276/2193/2027 2264/2181/2015
f 2264/2181/2015 2276/2193/2027 2277/2194/2028
f 2264/2181/2015 2277/2194/2028 2266/2183/2017
f 2266/2183/2017 2277/2194/2028 2278/2195/2029
f 2266/2183/2017 2278/2195/2029 2268/2185/2019
f 2268/2185/2019 2278/2195/2029 2279/2196/2030
f 2268/2185/2019 2279/2196/2030 2270/2187/2021
f 2272/2189/2023 2280/2197/2031 2273/2190/2024
f 2273/2190/2024 2280/2197/2031 2281/2198/2032
f 2273/2190/2024 2281/2198/2032 2282/2199/2033
f 2282/2199/2033 2281/2198/2032 2283/2200/2034
f 2282/2199/2033 2283/2200/2034 2284/2201/2035
f 2284/2201/2035 2283/2200/2034 2285/2202/2036
f 2284/2201/2035 2285/2202/2036 2286/2203/2037
f 2286/2203/2037 2285/2202/2036 2287/2204/2038
f 2286/2203/2037 2287/2204/2038 2288/2205/2039
f 2288/2205/2039 2287/2204/2038 2289/2206/2040
f 2288/2205/2039 2289/2206/2040 2290/2207/2041
f 2290/2207/2041 2289/2206/2040 2291/2208/2042
f 2290/2207/2041 2291/2208/2042 2292/2209/2043
f 2292/2209/2043 2293/2210/2044 2290/2207/2041
f 2290/2207/2041 2293/2210/2044 2294/2211/2045
f 2290/2207/2041 2294/2211/2045 2288/2205/2039
f 2288/2205/2039 2294/2211/2045 2295/2212/2046
f 2288/2205/2039 2295/2212/2046 2286/2203/2037
f 2286/2203/2037 2295/2212/2046 2296/2213/2047
f 2286/2203/2037 2296/2213/2047 2284/2201/2035
f 2284/2201/2035 2296/2213/2047 2297/2214/2048
f 2284/2201/2035 2297/2214/2048 2282/2199/2033
f 2282/2199/2033 2297/2214/2048 2274/2191/2025
f 2282/2199/2033 2274/2191/2025 2273/2190/2024
f 2293/2210/2044 2298/2215/2049 2294/2211/2045
f 2294/2211/2045 2298/2215/2049 2299/2216/2050
f 2294/2211/2045 2299/2216/2050 2295/2212/2046
f 2295/2212/2046 2299/2216/2050 2300/2217/2051
f 2295/2212/2046 2300/2217/2051 2296/2213/2047
f 2296/2213/2047 2300/2217/2051 2301/2218/2052
f 2296/2213/2047 2301/2218/2052 2297/2214/2048
f 2297/2214/2048 2301/2218/2052 2275/2192/2026
f 2297/2214/2048 2275/2192/2026 2274/2191/2025
f 2298/2215/2049 2302/2219/2053 2299/2216/2050
f 2299/2216/2050 2302/2219/2053 2303/2220/2054
f 2299/2216/2050 2303/2220/2054 2300/2217/2051
f 2300/2217/2051 2303/2220/2054 2304/2221/2055
f 2300/2217/2051 2304/2221/2055 2301/2218/2052
f 2301/2218/2052 2304/2221/2055 2276/2193/2027
f 2301/2218/2052 2276/2193/2027 2275/2192/2026
f 2302/2219/2053 2305/2222/2056 2303/2220/2054
f 2303/2220/2054 2305/2222/2056 2306/2223/2057
f 2303/2220/2054 2306/2223/2057 2304/2221/2055
f 2304/2221/2055 2306/2223/2057 2277/2194/2028
f 2304/2221/2055 2277/2194/2028 2276/2193/2027
f 2307/2224/2058 2308/2225/2059 2305/2222/2056
f 2305/2222/2056 2308/2225/2059 2306/2223/2057
f 2309/2226/2060 2279/2196/2030 2308/2225/2059
f 2308/2225/2059 2279/2196/2030 2278/2195/2029
f 2308/2225/2059 2278/2195/2029 2306/2223/2057
f 2306/2223/2057 2278/2195/2029 2277/2194/2028
f 2269/2186/2020 2271/2188/2022 2310/2227/2061
f 2310/2227/2061 2271/2188/2022 2311/2228/2062
f 2310/2227/2061 2311/2228/2062 2312/2229/2063
f 2312/2229/2063 2311/2228/2062 2313/2230/2064
f 2312/2229/2063 2313/2230/2064 2314/2231/2065
f 2314/2231/2065 2313/2230/2064 2315/2232/2066
f 2314/2231/2065 2315/2232/2066 2316/2233/2067
f 2316/2233/2067 2315/2232/2066 2317/2234/2068
f 2316/2233/2067 2317/2234/2068 2318/2235/2069
f 2318/2235/2069 2317/2234/2068 2319/2236/2070
f 2318/2235/2069 2319/2236/2070 2320/2237/2071
f 2320/2237/2071 2319/2236/2070 2321/2238/2072
f 2320/2237/2071 2321/2238/2072 2322/2239/2073
f 2322/2239/2073 2321/2238/2072 2037/1954/1805
f 2322/2239/2073 2037/1954/1805 2039/1956/1807
f 2317/2234/2068 2031/1948/1799 2319/2236/2070
f 2319/2236/2070 2031/1948/1799 2033/1950/1801
f 2319/2236/2070 2033/1950/1801 2321/2238/2072
f 2321/2238/2072 2033/1950/1801 2035/1952/1803
f 2321/2238/2072 2035/1952/1803 2037/1954/1805
f 2316/2233/2067 2318/2235/2069 2323/2240/2074
f 2323/2240/2074 2318/2235/2069 2320/2237/2071
f 2323/2240/2074 2320/2237/2071 2324/2241/2075
f 2324/2241/2075 2320/2237/2071 2322/2239/2073
f 2324/2241/2075 2322/2239/2073 2325/2242/2076
f 2325/2242/2076 2322/2239/2073 2039/1956/1807
f 2325/2242/2076 2039/1956/1807 2041/1958/1809
f 2314/2231/2065 2316/2233/2067 2326/2243/2077
f 2326/2243/2077 2316/2233/2067 2323/2240/2074
f 2326/2243/2077 2323/2240/2074 2327/2244/2078
f 2327/2244/2078 2323/2240/2074 2324/2241/2075
f 2327/2244/2078 2324/2241/2075 2328/2245/2079
f 2328/2245/2079 2324/2241/2075 2325/2242/2076
f 2328/2245/2079 2325/2242/2076 2329/2246/2080
f 2329/2246/2080 2325/2242/2076 2041/1958/1809
f 2329/2246/2080 2041/1958/1809 2043/1960/1811
f 2312/2229/2063 2314/2231/2065 2330/2247/2081
f 2330/2247/2081 2314/2231/2065 2326/2243/2077
f 2330/2247/2081 2326/2243/2077 2331/2248/2082
f 2331/2248/2082 2326/2243/2077 2327/2244/2078
f 2331/2248/2082 2327/2244/2078 2332/2249/2083
f 2332/2249/2083 2327/2244/2078 2328/2245/2079
f 2332/2249/2083 2328/2245/2079 2333/2250/2084
f 2333/2250/2084 2328/2245/2079 2329/2246/2080
f 2333/2250/2084 2329/2246/2080 2334/2251/2085
f 2334/2251/2085 2329/2246/2080 2043/1960/1811
f 2334/2251/2085 2043/1960/1811 2045/1962/1813
f 2310/2227/2061 2312/2229/2063 2335/2252/2086
f 2335/2252/2086 2312/2229/2063 2330/2247/2081
f 2335/2252/2086 2330/2247/2081 2336/2253/2087
f 2336/2253/2087 2330/2247/2081 2331/2248/2082
f 2336/2253/2087 2331/2248/2082 2337/2254/2088
f 2337/2254/2088 2331/2248/2082 2332/2249/2083
f 2337/2254/2088 2332/2249/2083 2338/2255/2089
f 2338/2255/2089 2332/2249/2083 2333/2250/2084
f 2338/2255/2089 2333/2250/2084 2339/2256/2090
f 2339/2256/2090 2333/2250/2084 2334/2251/2085
f 2339/2256/2090 2334/2251/2085 2340/2257/2091
f 2340/2257/2091 2334/2251/2085 2045/1962/1813
f 2340/2257/2091 2045/1962/1813 2047/1964/1815
f 2269/2186/2020 2310/2227/2061 2341/2258/2092
f 2341/2258/2092 2310/2227/2061 2335/2252/2086
f 2341/2258/2092 2335/2252/2086 2342/2259/2093
f 2342/2259/2093 2335/2252/2086 2336/2253/2087
f 2342/2259/2093 2336/2253/2087 2343/2260/2094
f 2343/2260/2094 2336/2253/2087 2337/2254/2088
f 2343/2260/2094 2337/2254/2088 2344/2261/2095
f 2344/2261/2095 2337/2254/2088 2338/2255/2089
f 2344/2261/2095 2338/2255/2089 2345/2262/2096
f 2345/2262/2096 2338/2255/2089 2339/2256/2090
f 2345/2262/2096 2339/2256/2090 2346/2263/2097
f 2346/2263/2097 2339/2256/2090 2340/2257/2091
f 2346/2263/2097 2340/2257/2091 2347/2264/2098
f 2347/2264/2098 2340/2257/2091 2047/1964/1815
f 2347/2264/2098 2047/1964/1815 2049/1966/1817
f 2342/2259/2093 2348/2265/2099 2341/2258/2092
f 2341/2258/2092 2348/2265/2099 2267/2184/2018
f 2341/2258/2092 2267/2184/2018 2269/2186/2020
f 2267/2184/2018 2348/2265/2099 2265/2182/2016
f 2265/2182/2016 2348/2265/2099 2349/2266/2100
f 2265/2182/2016 2349/2266/2100 2263/2180/2014
f 2263/2180/2014 2349/2266/2100 2350/2267/2101
f 2263/2180/2014 2350/2267/2101 2261/2178/2012
f 2261/2178/2012 2350/2267/2101 2351/2268/2102
f 2261/2178/2012 2351/2268/2102 2259/2176/2010
f 2259/2176/2010 2351/2268/2102 2352/2269/2103
f 2259/2176/2010 2352/2269/2103 2257/2174/2008
f 2257/2174/2008 2352/2269/2103 2353/2270/2104
f 2257/2174/2008 2353/2270/2104 2255/2172/2006
f 2255/2172/2006 2353/2270/2104 2253/2170/2004
f 2348/2265/2099 2342/2259/2093 2354/2271/2105
f 2354/2271/2105 2342/2259/2093 2343/2260/2094
f 2354/2271/2105 2343/2260/2094 2355/2272/2106
f 2355/2272/2106 2343/2260/2094 2344/2261/2095
f 2355/2272/2106 2344/2261/2095 2356/2273/2107
f 2356/2273/2107 2344/2261/2095 2345/2262/2096
f 2356/2273/2107 2345/2262/2096 2357/2274/2108
f 2357/2274/2108 2345/2262/2096 2346/2263/2097
f 2357/2274/2108 2346/2263/2097 2358/2275/2109
f 2358/2275/2109 2346/2263/2097 2347/2264/2098
f 2358/2275/2109 2347/2264/2098 2359/2276/2110
f 2359/2276/2110 2347/2264/2098 2049/1966/1817
f 2359/2276/2110 2049/1966/1817 2051/1968/1819
f 2348/2265/2099 2354/2271/2105 2349/2266/2100
f 2349/2266/2100 2354/2271/2105 2360/2277/2111
f 2349/2266/2100 2360/2277/2111 2350/2267/2101
f 2350/2267/2101 2360/2277/2111 2361/2278/2112
f 2350/2267/2101 2361/2278/2112 2351/2268/2102
f 2351/2268/2102 2361/2278/2112 2362/2279/2113
f 2351/2268/2102 2362/2279/2113 2352/2269/2103
f 2352/2269/2103 2362/2279/2113 2363/2280/2114
f 2352/2269/2103 2363/2280/2114 2353/2270/2104
f 2353/2270/2104 2363/2280/2114 2364/2281/2115
f 2353/2270/2104 2364/2281/2115 2253/2170/2004
f 2253/2170/2004 2364/2281/2115 2250/2167/2001
f 2360/2277/2111 2354/2271/2105 2355/2272/2106
f 2360/2277/2111 2355/2272/2106 2365/2282/2116
f 2365/2282/2116 2355/2272/2106 2356/2273/2107
f 2365/2282/2116 2356/2273/2107 2366/2283/2117
f 2366/2283/2117 2356/2273/2107 2357/2274/2108
f 2366/2283/2117 2357/2274/2108 2367/2284/2118
f 2367/2284/2118 2357/2274/2108 2358/2275/2109
f 2367/2284/2118 2358/2275/2109 2368/2285/2119
f 2368/2285/2119 2358/2275/2109 2359/2276/2110
f 2368/2285/2119 2359/2276/2110 2369/2286/2120
f 2369/2286/2120 2359/2276/2110 2051/1968/1819
f 2369/2286/2120 2051/1968/1819 2053/1970/1821
f 2360/2277/2111 2365/2282/2116 2361/2278/2112
f 2361/2278/2112 2365/2282/2116 2370/2287/2121
f 2361/2278/2112 2370/2287/2121 2362/2279/2113
f 2362/2279/2113 2370/2287/2121 2371/2288/2122
f 2362/2279/2113 2371/2288/2122 2363/2280/2114
f 2363/2280/2114 2371/2288/2122 2372/2289/2123
f 2363/2280/2114 2372/2289/2123 2364/2281/2115
f 2364/2281/2115 2372/2289/2123 2373/2290/2124
f 2364/2281/2115 2373/2290/2124 2250/2167/2001
f 2250/2167/2001 2373/2290/2124 2248/2165/1999
f 2370/2287/2121 2365/2282/2116 2366/2283/2117
f 2370/2287/2121 2366/2283/2117 2374/2291/2125
f 2374/2291/2125 2366/2283/2117 2367/2284/2118
f 2374/2291/2125 2367/2284/2118 2375/2292/2126
f 2375/2292/2126 2367/2284/2118 2368/2285/2119
f 2375/2292/2126 2368/2285/2119 2376/2293/2127
f 2376/2293/2127 2368/2285/2119 2369/2286/2120
f 2376/2293/2127 2369/2286/2120 2377/2294/2128
f 2377/2294/2128 2369/2286/2120 2053/1970/1821
f 2377/2294/2128 2053/1970/1821 2055/1972/1823
f 2370/2287/2121 2374/2291/2125 2371/2288/2122
f 2371/2288/2122 2374/2291/2125 2378/2295/2129
f 2371/2288/2122 2378/2295/2129 2372/2289/2123
f 2372/2289/2123 2378/2295/2129 2379/2296/2130
f 2372/2289/2123 2379/2296/2130 2373/2290/2124
f 2373/2290/2124 2379/2296/2130 2380/2297/2131
f 2373/2290/2124 2380/2297/2131 2248/2165/1999
f 2248/2165/1999 2380/2297/2131 2246/2163/1997
f 2378/2295/2129 2374/2291/2125 2375/2292/2126
f 2378/2295/2129 2375/2292/2126 2381/2298/2132
f 2381/2298/2132 2375/2292/2126 2376/2293/2127
f 2381/2298/2132 2376/2293/2127 2382/2299/2133
f 2382/2299/2133 2376/2293/2127 2377/2294/2128
f 2382/2299/2133 2377/2294/2128 2383/2300/2134
f 2383/2300/2134 2377/2294/2128 2055/1972/1823
f 2383/2300/2134 2055/1972/1823 2057/1974/1825
f 2378/2295/2129 2381/2298/2132 2379/2296/2130
f 2379/2296/2130 2381/2298/2132 2384/2301/2135
f 2379/2296/2130 2384/2301/2135 2380/2297/2131
f 2380/2297/2131 2384/2301/2135 2385/2302/2136
f 2380/2297/2131 2385/2302/2136 2246/2163/1997
f 2246/2163/1997 2385/2302/2136 2244/2161/1995
f 2384/2301/2135 2381/2298/2132 2382/2299/2133
f 2384/2301/2135 2382/2299/2133 2386/2303/2137
f 2386/2303/2137 2382/2299/2133 2383/2300/2134
f 2386/2303/2137 2383/2300/2134 2387/2304/2138
f 2387/2304/2138 2383/2300/2134 2057/1974/1825
f 2387/2304/2138 2057/1974/1825 2059/1976/1827
f 2384/2301/2135 2386/2303/2137 2385/2302/2136
f 2385/2302/2136 2386/2303/2137 2388/2305/2139
f 2385/2302/2136 2388/2305/2139 2244/2161/1995
f 2244/2161/1995 2388/2305/2139 2241/2158/1992
f 2388/2305/2139 2386/2303/2137 2387/2304/2138
f 2388/2305/2139 2387/2304/2138 2389/2306/2140
f 2389/2306/2140 2387/2304/2138 2059/1976/1827
f 2389/2306/2140 2059/1976/1827 2061/1978/1829
f 2239/2156/1990 2241/2158/1992 2389/2306/2140
f 2389/2306/2140 2241/2158/1992 2388/2305/2139
f 2239/2156/1990 2389/2306/2140 2061/1978/1829
f 2063/1980/1831 2239/2156/1990 2061/1978/1829
f 2212/2129/1969 2220/2137/1976 2213/2130/1970
f 2213/2130/1970 2220/2137/1976 2390/2307/2141
f 2213/2130/1970 2390/2307/2141 2214/2131/1971
f 2214/2131/1971 2390/2307/2141 2391/2308/2142
f 2214/2131/1971 2391/2308/2142 2215/2132/1972
f 2215/2132/1972 2391/2308/2142 2235/2152/1987
f 2215/2132/1972 2235/2152/1987 2216/2133/1973
f 2220/2137/1976 2222/2139/1978 2390/2307/2141
f 2390/2307/2141 2222/2139/1978 2392/2309/2143
f 2390/2307/2141 2392/2309/2143 2391/2308/2142
f 2391/2308/2142 2392/2309/2143 2233/2150/1986
f 2391/2308/2142 2233/2150/1986 2235/2152/1987
f 2222/2139/1978 2225/2142/1981 2392/2309/2143
f 2392/2309/2143 2225/2142/1981 2231/2148/1985
f 2392/2309/2143 2231/2148/1985 2233/2150/1986
f 2227/2144/1983 2231/2148/1985 2225/2142/1981
f 2393/2310/2144 2394/2311/2145 2395/2312/2146
f 2395/2312/2146 2394/2311/2145 2396/2313/2147
f 2395/2312/2146 2396/2313/2147 2397/2314/2148
f 2397/2314/2148 2396/2313/2147 2398/2315/2149
f 2397/2314/2148 2398/2315/2149 2399/2316/2150
f 2397/2314/2148 2399/2316/2150 2400/2317/2151
f 2400/2317/2151 2399/2316/2150 2401/2318/2152
f 2400/2317/2151 2401/2318/2152 2402/2319/2153
f 2402/2319/2153 2401/2318/2152 2403/2320/2154
f 2402/2319/2153 2403/2320/2154 2404/2321/2155
f 2404/2321/2155 2403/2320/2154 2405/2322/2156
f 2404/2321/2155 2405/2322/2156 2406/2323/2157
f 2406/2323/2157 2405/2322/2156 2407/2324/2158
f 2407/2324/2158 2405/2322/2156 2408/2325/2159
f 2407/2324/2158 2408/2325/2159 2409/2326/2160
f 2409/2326/2160 2408/2325/2159 2410/2327/2161
f 2409/2326/2160 2410/2327/2161 2411/2328/2162
f 2411/2328/2162 2410/2327/2161 2412/2329/2163
f 2411/2328/2162 2412/2329/2163 2413/2330/2164
f 2413/2330/2164 2412/2329/2163 2414/2331/2165
f 2413/2330/2164 2414/2331/2165 2415/2332/2166
f 2415/2332/2166 2414/2331/2165 2416/2333/2167
f 2415/2332/2166 2416/2333/2167 2417/2334/2168
f 2417/2334/2168 2416/2333/2167 2418/2335/2169
f 2417/2334/2168 2418/2335/2169 2419/2336/2170
f 2419/2336/2170 2418/2335/2169 2420/2337/2171
f 2419/2336/2170 2420/2337/2171 2421/2338/2172
f 2421/2338/2172 2420/2337/2171 2422/2339/2173
f 2421/2338/2172 2422/2339/2173 2423/2340/2174
f 2423/2340/2174 2422/2339/2173 2424/2341/2175
f 2423/2340/2174 2424/2341/2175 2425/2342/2176
f 2425/2342/2176 2424/2341/2175 2426/2343/2177
f 2425/2342/2176 2426/2343/2177 2427/2344/2178
f 2427/2344/2178 2426/2343/2177 2428/2345/2179
f 2427/2344/2178 2428/2345/2179 2429/2346/2180
f 2429/2346/2180 2428/2345/2179 2430/2347/2181
f 2429/2346/2180 2430/2347/2181 2431/2348/2182
f 2431/2348/2182 2430/2347/2181 2432/2349/2183
f 2431/2348/2182 2432/2349/2183 2433/2350/2184
f 2433/2350/2184 2432/2349/2183 2434/2351/2185
f 2433/2350/2184 2434/2351/2185 2435/2352/2186
f 2435/2352/2186 2434/2351/2185 2436/2353/2187
f 2436/2353/2187 2434/2351/2185 2437/2354/2188
f 2436/2353/2187 2437/2354/2188 2438/2355/2189
f 2438/2355/2189 2437/2354/2188 2439/2356/2190
f 2438/2355/2189 2439/2356/2190 2440/2357/2191
f 2440/2357/2191 2439/2356/2190 2441/2358/2192
f 2440/2357/2191 2441/2358/2192 2442/2359/2193
f 2442/2359/2193 2441/2358/2192 2443/2360/2194
f 2442/2359/2193 2443/2360/2194 2444/2361/2195
f 2444/2361/2195 2443/2360/2194 2426/2343/2177
f 2444/2361/2195 2426/2343/2177 2424/2341/2175
f 2401/2318/2152 2445/2362/2196 2403/2320/2154
f 2403/2320/2154 2445/2362/2196 2446/2363/2197
f 2403/2320/2154 2446/2363/2197 2405/2322/2156
f 2405/2322/2156 2446/2363/2197 2408/2325/2159
f 2445/2362/2196 2447/2364/2198 2446/2363/2197
f 2446/2363/2197 2447/2364/2198 2448/2365/2199
f 2446/2363/2197 2448/2365/2199 2449/2366/2200
f 2449/2366/2200 2448/2365/2199 2450/2367/2201
f 2449/2366/2200 2450/2367/2201 2451/2368/2202
f 2451/2368/2202 2450/2367/2201 2452/2369/2203
f 2451/2368/2202 2452/2369/2203 2453/2370/2204
f 2453/2370/2204 2452/2369/2203 2454/2371/2205
f 2453/2370/2204 2454/2371/2205 2455/2372/2206
f 2455/2372/2206 2454/2371/2205 2456/2373/2207
f 2455/2372/2206 2456/2373/2207 2457/2374/2208
f 2457/2374/2208 2456/2373/2207 2458/2375/2209
f 2457/2374/2208 2458/2375/2209 2459/2376/2210
f 2459/2376/2210 2458/2375/2209 2460/2377/2211
f 2459/2376/2210 2460/2377/2211 2461/2378/2212
f 2461/2378/2212 2460/2377/2211 2462/2379/2213
f 2461/2378/2212 2462/2379/2213 2463/2380/2214
f 2463/2380/2214 2462/2379/2213 2464/2381/2215
f 2463/2380/2214 2464/2381/2215 2444/2361/2195
f 2444/2361/2195 2464/2381/2215 2442/2359/2193
f 2406/2323/2157 2465/2382/2216 2404/2321/2155
f 2404/2321/2155 2465/2382/2216 2466/2383/2217
f 2404/2321/2155 2466/2383/2217 2402/2319/2153
f 2402/2319/2153 2466/2383/2217 2400/2317/2151
f 2465/2382/2216 2393/2310/2144 2466/2383/2217
f 2466/2383/2217 2393/2310/2144 2395/2312/2146
f 2466/2383/2217 2395/2312/2146 2400/2317/2151
f 2400/2317/2151 2395/2312/2146 2397/2314/2148
f 2446/2363/2197 2449/2366/2200 2408/2325/2159
f 2408/2325/2159 2449/2366/2200 2410/2327/2161
f 2449/2366/2200 2451/2368/2202 2410/2327/2161
f 2410/2327/2161 2451/2368/2202 2412/2329/2163
f 2451/2368/2202 2453/2370/2204 2412/2329/2163
f 2412/2329/2163 2453/2370/2204 2414/2331/2165
f 2453/2370/2204 2455/2372/2206 2414/2331/2165
f 2414/2331/2165 2455/2372/2206 2416/2333/2167
f 2455/2372/2206 2457/2374/2208 2416/2333/2167
f 2416/2333/2167 2457/2374/2208 2418/2335/2169
f 2457/2374/2208 2459/2376/2210 2418/2335/2169
f 2418/2335/2169 2459/2376/2210 2420/2337/2171
f 2459/2376/2210 2461/2378/2212 2420/2337/2171
f 2420/2337/2171 2461/2378/2212 2422/2339/2173
f 2461/2378/2212 2463/2380/2214 2422/2339/2173
f 2422/2339/2173 2463/2380/2214 2424/2341/2175
f 2463/2380/2214 2444/2361/2195 2424/2341/2175
f 2426/2343/2177 2443/2360/2194 2428/2345/2179
f 2428/2345/2179 2443/2360/2194 2441/2358/2192
f 2428/2345/2179 2441/2358/2192 2430/2347/2181
f 2430/2347/2181 2441/2358/2192 2439/2356/2190
f 2430/2347/2181 2439/2356/2190 2432/2349/2183
f 2432/2349/2183 2439/2356/2190 2437/2354/2188
f 2432/2349/2183 2437/2354/2188 2434/2351/2185
f 2467/2384/2218 2468/2385/2219 2469/2386/2220
f 2469/2386/2220 2468/2385/2219 2470/2387/2221
f 2469/2386/2220 2470/2387/2221 2471/2388/2222
f 2471/2388/2222 2470/2387/2221 2472/2389/2223
f 2472/2389/2223 2470/2387/2221 2473/2390/2224
f 2472/2389/2223 2473/2390/2224 2474/2391/2225
f 2474/2391/2225 2473/2390/2224 2475/2392/2226
f 2474/2391/2225 2475/2392/2226 2476/2393/2227
f 2476/2393/2227 2475/2392/2226 2477/2394/2228
f 2477/2394/2228 2475/2392/2226 2478/2395/2229
f 2477/2394/2228 2478/2395/2229 2479/2396/2230
f 2479/2396/2230 2478/2395/2229 2480/2397/2231
f 2479/2396/2230 2480/2397/2231 2481/2398/2232
f 2481/2398/2232 2480/2397/2231 2482/2399/2233
f 2481/2398/2232 2482/2399/2233 2483/2400/2234
f 2483/2400/2234 2482/2399/2233 2484/2401/2235
f 2483/2400/2234 2484/2401/2235 2485/2402/2236
f 2485/2402/2236 2484/2401/2235 2486/2403/2237
f 2485/2402/2236 2486/2403/2237 2487/2404/2238
f 2487/2404/2238 2486/2403/2237 2488/2405/2239
f 2487/2404/2238 2488/2405/2239 2489/2406/2240
f 2489/2406/2240 2488/2405/2239 2490/2407/2241
f 2489/2406/2240 2490/2407/2241 2491/2408/2242
f 2491/2408/2242 2490/2407/2241 2492/2409/2243
f 2491/2408/2242 2492/2409/2243 2493/2410/2244
f 2493/2410/2244 2492/2409/2243 2494/2411/2245
f 2493/2410/2244 2494/2411/2245 2495/2412/2246
f 2495/2412/2246 2494/2411/2245 2496/2413/2247
f 2495/2412/2246 2496/2413/2247 2497/2414/2248
f 2497/2414/2248 2496/2413/2247 2498/2415/2249
f 2497/2414/2248 2498/2415/2249 2499/2416/2250
f 2499/2416/2250 2498/2415/2249 2500/2417/2251
f 2499/2416/2250 2500/2417/2251 2501/2418/2252
f 2501/2418/2252 2500/2417/2251 2502/2419/2253
f 2502/2419/2253 2500/2417/2251 2503/2420/2254
f 2502/2419/2253 2503/2420/2254 2504/2421/2255
f 2504/2421/2255 2503/2420/2254 2505/2422/2256
f 2504/2421/2255 2505/2422/2256 2506/2423/2257
f 2468/2385/2219 2467/2384/2218 2507/2424/2258
f 2507/2424/2258 2467/2384/2218 2508/2425/2259
f 2507/2424/2258 2508/2425/2259 2509/2426/2260
f 2509/2426/2260 2508/2425/2259 2510/2427/2261
f 2509/2426/2260 2510/2427/2261 2511/2428/2262
f 2511/2428/2262 2510/2427/2261 2512/2429/2263
f 2511/2428/2262 2512/2429/2263 2513/2430/2264
f 2513/2430/2264 2512/2429/2263 2514/2431/2265
f 2513/2430/2264 2514/2431/2265 2515/2432/2266
f 2515/2432/2266 2514/2431/2265 2516/2433/2267
f 2515/2432/2266 2516/2433/2267 2517/2434/2268
f 2517/2434/2268 2516/2433/2267 2518/2435/2269
f 2518/2435/2269 2516/2433/2267 2519/2436/2270
f 2518/2435/2269 2519/2436/2270 2520/2437/2271
f 2520/2437/2271 2519/2436/2270 2521/2438/2272
f 2521/2438/2272 2519/2436/2270 2522/2439/2273
f 2521/2438/2272 2522/2439/2273 2523/2440/2274
f 2523/2440/2274 2522/2439/2273 2524/2441/2275
f 2524/2441/2275 2522/2439/2273 2525/2442/2276
f 2524/2441/2275 2525/2442/2276 2526/2443/2277
f 2526/2443/2277 2525/2442/2276 2527/2444/2278
f 2527/2444/2278 2525/2442/2276 2528/2445/2279
f 2527/2444/2278 2528/2445/2279 2529/2446/2280
f 2529/2446/2280 2528/2445/2279 2530/2447/2281
f 2529/2446/2280 2530/2447/2281 2531/2448/2282
f 2531/2448/2282 2530/2447/2281 2532/2449/2283
f 2531/2448/2282 2532/2449/2283 2533/2450/2284
f 2533/2450/2284 2532/2449/2283 2534/2451/2285
f 2533/2450/2284 2534/2451/2285 2506/2423/2257
f 2506/2423/2257 2534/2451/2285 2535/2452/2286
f 2506/2423/2257 2535/2452/2286 2536/2453/2287
f 2536/2453/2287 2504/2421/2255 2506/2423/2257
f 2537/2454/2145 2538/2455/2288 2539/2456/2147
f 2539/2456/2147 2538/2455/2288 2540/2457/2289
f 2539/2456/2147 2540/2457/2289 2541/2458/2290
f 2541/2458/2290 2540/2457/2289 2542/2459/2291
f 2541/2458/2290 2542/2459/2291 2543/2460/2292
f 2543/2460/2292 2542/2459/2291 2544/2461/2293
f 2543/2460/2292 2544/2461/2293 2545/2462/2294
f 2545/2462/2294 2544/2461/2293 2546/2463/2295
f 2545/2462/2294 2546/2463/2295 2547/2464/2296
f 2547/2464/2296 2546/2463/2295 2548/2465/2297
f 2547/2464/2296 2548/2465/2297 2549/2466/2298
f 2549/2466/2298 2548/2465/2297 2550/2467/2299
f 2549/2466/2298 2550/2467/2299 2551/2468/2300
f 2551/2468/2300 2550/2467/2299 2552/2469/2301
f 2551/2468/2300 2552/2469/2301 2553/2470/2302
f 2553/2470/2302 2552/2469/2301 2554/2471/2303
f 2553/2470/2302 2554/2471/2303 2555/2472/2304
f 2555/2472/2304 2554/2471/2303 2556/2473/2305
f 2555/2472/2304 2556/2473/2305 2557/2474/2306
f 2537/2454/2145 2558/2475/2307 2538/2455/2288
f 2538/2455/2288 2558/2475/2307 2559/2476/2308
f 2538/2455/2288 2559/2476/2308 2540/2457/2289
f 2540/2457/2289 2559/2476/2308 2542/2459/2291
f 2558/2475/2307 2560/2477/2309 2559/2476/2308
f 2559/2476/2308 2560/2477/2309 2561/2478/2310
f 2559/2476/2308 2561/2478/2310 2562/2479/2311
f 2562/2479/2311 2561/2478/2310 2563/2480/2312
f 2562/2479/2311 2563/2480/2312 2564/2481/2313
f 2564/2481/2313 2563/2480/2312 2565/2482/2314
f 2564/2481/2313 2565/2482/2314 2546/2463/2295
f 2546/2463/2295 2565/2482/2314 2548/2465/2297
f 2563/2480/2312 2566/2483/2315 2565/2482/2314
f 2565/2482/2314 2566/2483/2315 2567/2484/2316
f 2565/2482/2314 2567/2484/2316 2548/2465/2297
f 2548/2465/2297 2567/2484/2316 2550/2467/2299
f 2566/2483/2315 2568/2485/2317 2567/2484/2316
f 2567/2484/2316 2568/2485/2317 2569/2486/2318
f 2567/2484/2316 2569/2486/2318 2550/2467/2299
f 2550/2467/2299 2569/2486/2318 2552/2469/2301
f 2568/2485/2317 2570/2487/2319 2569/2486/2318
f 2569/2486/2318 2570/2487/2319 2554/2471/2303
f 2569/2486/2318 2554/2471/2303 2552/2469/2301
f 2570/2487/2319 2556/2473/2305 2554/2471/2303
f 2555/2472/2304 2557/2474/2306 2571/2488/2320
f 2571/2488/2320 2557/2474/2306 2572/2489/2321
f 2571/2488/2320 2572/2489/2321 2573/2490/2322
f 2573/2490/2322 2572/2489/2321 2574/2491/2323
f 2573/2490/2322 2574/2491/2323 2575/2492/2324
f 2575/2492/2324 2574/2491/2323 2576/2493/2325
f 2575/2492/2324 2576/2493/2325 2577/2494/2326
f 2577/2494/2326 2576/2493/2325 2578/2495/2327
f 2577/2494/2326 2578/2495/2327 2579/2496/2328
f 2579/2496/2328 2578/2495/2327 2580/1508/2329
f 2579/2496/2328 2580/1508/2329 2581/2497/2330
f 2581/2497/2330 2580/1508/2329 2582/2498/2331
f 2581/2497/2330 2582/2498/2331 2583/2499/2332
f 2583/2499/2332 2582/2498/2331 2584/2500/2333
f 2583/2499/2332 2584/2500/2333 2585/2501/2334
f 2585/2501/2334 2584/2500/2333 2586/2502/2335
f 2585/2501/2334 2586/2502/2335 2587/2503/2336
f 2587/2503/2336 2586/2502/2335 2588/2504/2337
f 2587/2503/2336 2588/2504/2337 2589/2505/2338
f 2589/2505/2338 2588/2504/2337 2590/2506/2187
f 2590/2506/2187 2588/2504/2337 2586/2502/2335
f 2590/2506/2187 2586/2502/2335 2591/2507/2186
f 2591/2507/2186 2586/2502/2335 2584/2500/2333
f 2589/2505/2338 2592/2508/2339 2587/2503/2336
f 2587/2503/2336 2592/2508/2339 2593/2509/2340
f 2587/2503/2336 2593/2509/2340 2585/2501/2334
f 2585/2501/2334 2593/2509/2340 2583/2499/2332
f 2592/2508/2339 2594/2510/2341 2593/2509/2340
f 2593/2509/2340 2594/2510/2341 2595/2511/2342
f 2593/2509/2340 2595/2511/2342 2583/2499/2332
f 2583/2499/2332 2595/2511/2342 2581/2497/2330
f 2594/2510/2341 2596/2512/2343 2595/2511/2342
f 2595/2511/2342 2596/2512/2343 2597/2513/2344
f 2595/2511/2342 2597/2513/2344 2581/2497/2330
f 2581/2497/2330 2597/2513/2344 2579/2496/2328
f 2596/2512/2343 2598/2514/2345 2597/2513/2344
f 2597/2513/2344 2598/2514/2345 2599/2515/2346
f 2597/2513/2344 2599/2515/2346 2579/2496/2328
f 2579/2496/2328 2599/2515/2346 2577/2494/2326
f 2598/2514/2345 2600/2516/2347 2599/2515/2346
f 2599/2515/2346 2600/2516/2347 2601/2517/2348
f 2599/2515/2346 2601/2517/2348 2577/2494/2326
f 2577/2494/2326 2601/2517/2348 2575/2492/2324
f 2600/2516/2347 2602/2518/2349 2601/2517/2348
f 2601/2517/2348 2602/2518/2349 2603/2519/2350
f 2601/2517/2348 2603/2519/2350 2575/2492/2324
f 2575/2492/2324 2603/2519/2350 2573/2490/2322
f 2602/2518/2349 2604/2520/2351 2603/2519/2350
f 2603/2519/2350 2604/2520/2351 2605/2521/2352
f 2603/2519/2350 2605/2521/2352 2573/2490/2322
f 2573/2490/2322 2605/2521/2352 2571/2488/2320
f 2604/2520/2351 2606/2522/2353 2605/2521/2352
f 2605/2521/2352 2606/2522/2353 2607/2523/2354
f 2605/2521/2352 2607/2523/2354 2571/2488/2320
f 2571/2488/2320 2607/2523/2354 2555/2472/2304
f 2606/2522/2353 2608/2524/2355 2607/2523/2354
f 2607/2523/2354 2608/2524/2355 2553/2470/2302
f 2607/2523/2354 2553/2470/2302 2555/2472/2304
f 2608/2524/2355 2551/2468/2300 2553/2470/2302
f 2564/2481/2313 2546/2463/2295 2544/2461/2293
f 2559/2476/2308 2562/2479/2311 2542/2459/2291
f 2542/2459/2291 2562/2479/2311 2544/2461/2293
f 2562/2479/2311 2564/2481/2313 2544/2461/2293
f 2609/2525/2356 2610/2526/2357 2611/1508/2358
f 2611/1508/2358 2610/2526/2357 2612/2527/2359
f 2611/1508/2358 2612/2527/2359 2613/2528/2360
f 2613/2528/2360 2614/2529/2361 2611/1508/2358
f 2611/1508/2358 2614/2529/2361 2615/2530/2362
f 2611/1508/2358 2615/2530/2362 2616/2531/2363
f 2616/2531/2363 2617/2532/2364 2611/1508/2358
f 2611/1508/2358 2617/2532/2364 2618/2533/2365
f 2611/1508/2358 2618/2533/2365 2619/2534/2366
f 2619/2534/2366 2620/2535/2367 2611/1508/2358
f 2611/1508/2358 2620/2535/2367 2621/2536/2368
f 2611/1508/2358 2621/2536/2368 2622/2537/2369
f 2622/2537/2369 2623/2538/2370 2611/1508/2358
f 2611/1508/2358 2623/2538/2370 2624/2539/2371
f 2611/1508/2358 2624/2539/2371 2625/2540/2372
f 2625/2540/2372 2626/2541/2373 2611/1508/2358
f 2611/1508/2358 2626/2541/2373 2627/2542/2374
f 2611/1508/2358 2627/2542/2374 2628/2543/2375
f 2628/2543/2375 2629/2544/2376 2611/1508/2358
f 2611/1508/2358 2629/2544/2376 2630/2545/2377
f 2611/1508/2358 2630/2545/2377 2631/2546/2378
f 2631/2546/2378 2632/2547/2379 2611/1508/2358
f 2611/1508/2358 2632/2547/2379 2633/2548/2380
f 2611/1508/2358 2633/2548/2380 2634/2549/2381
f 2634/2549/2381 2635/2550/2382 2611/1508/2358
f 2611/1508/2358 2635/2550/2382 2636/2551/2383
f 2611/1508/2358 2636/2551/2383 2637/2552/2384
f 2637/2552/2384 2638/2553/2385 2611/1508/2358
f 2611/1508/2358 2638/2553/2385 2639/2554/2386
f 2611/1508/2358 2639/2554/2386 2640/2555/2387
f 2640/2555/2387 2641/2556/2388 2611/1508/2358
f 2611/1508/2358 2641/2556/2388 2642/2557/2389
f 2611/1508/2358 2642/2557/2389 2643/2558/2390
f 2643/2558/2390 2644/2559/2391 2611/1508/2358
f 2611/1508/2358 2644/2559/2391 2609/2525/2356
f 2645/2560/1378 2646/2561/1984 2647/2562/2392
f 2647/2562/2392 2646/2561/1984 2648/2563/2393
f 2647/2562/2392 2648/2563/2393 2649/2564/2394
f 2649/2564/2394 2648/2563/2393 2650/2565/2395
f 2649/2564/2394 2650/2565/2395 2651/2566/2396
f 2651/2566/2396 2650/2565/2395 2652/2567/2397
f 2651/2566/2396 2652/2567/2397 2653/2568/2398
f 2653/2568/2398 2652/2567/2397 2654/2569/2399
f 2653/2568/2398 2654/2569/2399 2655/2570/2400
f 2655/2570/2400 2654/2569/2399 2656/2571/2401
f 2655/2570/2400 2656/2571/2401 2657/2572/2402
f 2657/2572/2402 2656/2571/2401 2658/2573/2403
f 2657/2572/2402 2658/2573/2403 2659/2574/2404
f 2659/2574/2404 2658/2573/2403 2660/2575/2405
f 2659/2574/2404 2660/2575/2405 2661/2576/2406
f 2661/2576/2406 2660/2575/2405 2662/2577/2407
f 2661/2576/2406 2662/2577/2407 2663/2578/2408
f 2663/2578/2408 2662/2577/2407 2664/2579/2409
f 2663/2578/2408 2664/2579/2409 2665/2580/2410
f 2665/2580/2410 2664/2579/2409 2666/2581/2411
f 2665/2580/2410 2666/2581/2411 2667/2582/2412
f 2667/2582/2412 2666/2581/2411 2668/2583/2413
f 2667/2582/2412 2668/2583/2413 2669/2584/2414
f 2669/2584/2414 2668/2583/2413 2670/2585/2415
f 2669/2584/2414 2670/2585/2415 2671/2586/2416
f 2671/2586/2416 2670/2585/2415 2672/2587/2417
f 2671/2586/2416 2672/2587/2417 2673/2588/2418
f 2673/2588/2418 2672/2587/2417 2674/2589/2419
f 2673/2588/2418 2674/2589/2419 2675/2590/2420
f 2675/2590/2420 2674/2589/2419 2676/2591/2421
f 2675/2590/2420 2676/2591/2421 2677/2592/2031
f 2677/2592/2031 2676/2591/2421 2678/2593/2422
f 2677/2592/2031 2678/2593/2422 2679/2594/2032
f 2679/2594/2032 2678/2593/2422 2680/2595/2034
f 2680/2595/2034 2678/2593/2422 2681/2596/2423
f 2680/2595/2034 2681/2596/2423 2682/2597/2036
f 2682/2597/2036 2681/2596/2423 2683/2598/2424
f 2682/2597/2036 2683/2598/2424 2684/2599/2038
f 2684/2599/2038 2683/2598/2424 2685/2600/2425
f 2684/2599/2038 2685/2600/2425 2686/2601/2426
f 2686/2601/2426 2685/2600/2425 2687/2602/2427
f 2686/2601/2426 2687/2602/2427 2688/2603/2428
f 2688/2603/2428 2687/2602/2427 2689/2604/2429
f 2688/2603/2428 2689/2604/2429 2690/2605/2430
f 2690/2605/2430 2689/2604/2429 2691/2606/2431
f 2690/2605/2430 2691/2606/2431 2692/2607/2432
f 2692/2607/2432 2691/2606/2431 2693/2608/2433
f 2692/2607/2432 2693/2608/2433 2694/2609/2434
f 2694/2609/2434 2693/2608/2433 2695/2610/2435
f 2694/2609/2434 2695/2610/2435 2696/2611/2436
f 2696/2611/2436 2695/2610/2435 2697/2612/2437
f 2696/2611/2436 2697/2612/2437 2698/2613/2438
f 2698/2613/2438 2697/2612/2437 2699/2614/2439
f 2698/2613/2438 2699/2614/2439 2700/2615/2440
f 2700/2615/2440 2699/2614/2439 2701/2616/2441
f 2700/2615/2440 2701/2616/2441 2702/2617/2442
f 2702/2617/2442 2701/2616/2441 2703/2618/2443
f 2702/2617/2442 2703/2618/2443 2704/2619/2444
f 2704/2619/2444 2703/2618/2443 2705/2620/2445
f 2704/2619/2444 2705/2620/2445 2706/2621/2446
f 2706/2621/2446 2705/2620/2445 2707/2622/2447
f 2706/2621/2446 2707/2622/2447 2708/2623/2448
f 2708/2623/2448 2707/2622/2447 2709/2624/2449
f 2708/2623/2448 2709/2624/2449 2710/2625/2450
f 2710/2625/2450 2709/2624/2449 2711/2626/2451
f 2710/2625/2450 2711/2626/2451 2712/2627/2452
f 2712/2627/2452 2711/2626/2451 2713/2628/2453
f 2712/2627/2452 2713/2628/2453 2714/2629/2454
f 2714/2629/2454 2713/2628/2453 2715/2630/1802
f 2714/2629/2454 2715/2630/1802 2716/2631/2455
f 2716/2631/2455 2715/2630/1802 2717/2632/2456
f 2716/2631/2455 2717/2632/2456 2718/2633/2457
f 2646/2561/1984 2719/2634/1982 2648/2563/2393
f 2648/2563/2393 2719/2634/1982 2720/2635/1980
f 2648/2563/2393 2720/2635/1980 2721/2636/2458
f 2721/2636/2458 2720/2635/1980 2722/2637/1979
f 2721/2636/2458 2722/2637/1979 2723/2638/2459
f 2723/2638/2459 2722/2637/1979 2724/2639/1977
f 2723/2638/2459 2724/2639/1977 2725/2640/1975
f 2723/2638/2459 2725/2640/1975 2726/2641/2460
f 2726/2641/2460 2725/2640/1975 2727/2642/1974
f 2726/2641/2460 2727/2642/1974 2728/2643/1968
f 2726/2641/2460 2728/2643/1968 2729/2644/2461
f 2729/2644/2461 2728/2643/1968 2730/2645/1961
f 2729/2644/2461 2730/2645/1961 2731/2646/2462
f 2731/2646/2462 2730/2645/1961 2732/2647/1953
f 2731/2646/2462 2732/2647/1953 2733/2648/1944
f 2734/2649/1934 2735/2650/2463 2733/2648/1944
f 2733/2648/1944 2735/2650/2463 2736/2651/2464
f 2733/2648/1944 2736/2651/2464 2731/2646/2462
f 2731/2646/2462 2736/2651/2464 2737/2652/2465
f 2731/2646/2462 2737/2652/2465 2738/2653/2466
f 2738/2653/2466 2737/2652/2465 2739/2654/2467
f 2738/2653/2466 2739/2654/2467 2740/2655/2468
f 2740/2655/2468 2739/2654/2467 2741/2656/2469
f 2740/2655/2468 2741/2656/2469 2742/2657/2470
f 2742/2657/2470 2741/2656/2469 2743/2658/2471
f 2742/2657/2470 2743/2658/2471 2744/2659/2472
f 2744/2659/2472 2743/2658/2471 2745/2660/2473
f 2744/2659/2472 2745/2660/2473 2746/2661/2474
f 2746/2661/2474 2745/2660/2473 2747/2662/2475
f 2746/2661/2474 2747/2662/2475 2660/2575/2405
f 2660/2575/2405 2747/2662/2475 2662/2577/2407
f 2735/2650/2463 2734/2649/1934 2748/2663/2476
f 2748/2663/2476 2734/2649/1934 2749/2664/1923
f 2748/2663/2476 2749/2664/1923 2750/2665/2477
f 2750/2665/2477 2749/2664/1923 2751/2666/2478
f 2750/2665/2477 2751/2666/2478 2752/2667/2479
f 2752/2667/2479 2751/2666/2478 2753/2668/2480
f 2752/2667/2479 2753/2668/2480 2754/2669/2481
f 2754/2669/2481 2753/2668/2480 2755/2670/2482
f 2754/2669/2481 2755/2670/2482 2756/2671/2483
f 2756/2671/2483 2755/2670/2482 2757/2672/2484
f 2756/2671/2483 2757/2672/2484 2758/2673/2485
f 2758/2673/2485 2757/2672/2484 2759/2674/2486
f 2758/2673/2485 2759/2674/2486 2760/2675/2487
f 2760/2675/2487 2759/2674/2486 2761/2676/2488
f 2760/2675/2487 2761/2676/2488 2762/2677/2489
f 2762/2677/2489 2761/2676/2488 2763/2678/2490
f 2762/2677/2489 2763/2678/2490 2764/2679/2491
f 2764/2679/2491 2763/2678/2490 2703/2618/2443
f 2764/2679/2491 2703/2618/2443 2701/2616/2441
f 2749/2664/1923 2765/2680/1911 2751/2666/2478
f 2751/2666/2478 2765/2680/1911 2766/2681/1898
f 2751/2666/2478 2766/2681/1898 2767/2682/2492
f 2767/2682/2492 2766/2681/1898 2768/2683/1884
f 2767/2682/2492 2768/2683/1884 2769/2684/2493
f 2769/2684/2493 2768/2683/1884 2770/2685/1869
f 2769/2684/2493 2770/2685/1869 2771/2686/2494
f 2771/2686/2494 2770/2685/1869 2772/2687/2495
f 2771/2686/2494 2772/2687/2495 2773/2688/2496
f 2773/2688/2496 2772/2687/2495 2774/2689/2497
f 2773/2688/2496 2774/2689/2497 2757/2672/2484
f 2757/2672/2484 2774/2689/2497 2759/2674/2486
f 2770/2685/1869 2775/2690/1854 2772/2687/2495
f 2772/2687/2495 2775/2690/1854 2776/2691/2498
f 2772/2687/2495 2776/2691/2498 2777/2692/2499
f 2777/2692/2499 2776/2691/2498 2778/2693/2500
f 2777/2692/2499 2778/2693/2500 2779/2694/2501
f 2779/2694/2501 2778/2693/2500 2709/2624/2449
f 2779/2694/2501 2709/2624/2449 2707/2622/2447
f 2776/2691/2498 2775/2690/1854 2780/2695/2502
f 2780/2695/2502 2775/2690/1854 2781/2696/1839
f 2780/2695/2502 2781/2696/1839 2713/2628/2453
f 2713/2628/2453 2781/2696/1839 2715/2630/1802
f 2715/2630/1802 2782/2697/1800 2717/2632/2456
f 2716/2631/2455 2718/2633/2457 2783/2698/2503
f 2783/2698/2503 2718/2633/2457 2784/2699/2504
f 2783/2698/2503 2784/2699/2504 2712/2627/2452
f 2712/2627/2452 2784/2699/2504 2710/2625/2450
f 2784/2699/2504 2785/2700/2505 2710/2625/2450
f 2710/2625/2450 2785/2700/2505 2786/2701/2506
f 2710/2625/2450 2786/2701/2506 2708/2623/2448
f 2708/2623/2448 2786/2701/2506 2787/2702/2507
f 2708/2623/2448 2787/2702/2507 2706/2621/2446
f 2706/2621/2446 2787/2702/2507 2788/2703/2508
f 2706/2621/2446 2788/2703/2508 2789/2704/2509
f 2706/2621/2446 2789/2704/2509 2704/2619/2444
f 2704/2619/2444 2789/2704/2509 2790/2705/2510
f 2704/2619/2444 2790/2705/2510 2791/2706/2511
f 2704/2619/2444 2791/2706/2511 2702/2617/2442
f 2702/2617/2442 2791/2706/2511 2792/2707/2512
f 2702/2617/2442 2792/2707/2512 2793/2708/2513
f 2702/2617/2442 2793/2708/2513 2700/2615/2440
f 2700/2615/2440 2793/2708/2513 2794/2709/2514
f 2700/2615/2440 2794/2709/2514 2698/2613/2438
f 2698/2613/2438 2794/2709/2514 2795/2710/2515
f 2698/2613/2438 2795/2710/2515 2696/2611/2436
f 2696/2611/2436 2795/2710/2515 2796/2711/2516
f 2696/2611/2436 2796/2711/2516 2694/2609/2434
f 2694/2609/2434 2796/2711/2516 2797/2712/2517
f 2694/2609/2434 2797/2712/2517 2798/2713/2518
f 2798/2713/2518 2797/2712/2517 2799/2714/2519
f 2798/2713/2518 2799/2714/2519 2692/2607/2432
f 2692/2607/2432 2799/2714/2519 2690/2605/2430
f 2797/2712/2517 2800/2715/2520 2799/2714/2519
f 2799/2714/2519 2800/2715/2520 2801/2716/2521
f 2799/2714/2519 2801/2716/2521 2690/2605/2430
f 2690/2605/2430 2801/2716/2521 2688/2603/2428
f 2801/2716/2521 2800/2715/2520 2802/2717/2522
f 2802/2717/2522 2800/2715/2520 2803/2718/2042
f 2802/2717/2522 2803/2718/2042 2804/2719/2040
f 2802/2717/2522 2804/2719/2040 2686/2601/2426
f 2686/2601/2426 2804/2719/2040 2684/2599/2038
f 2677/2592/2031 2805/2720/2023 2675/2590/2420
f 2675/2590/2420 2805/2720/2023 2806/2721/2523
f 2675/2590/2420 2806/2721/2523 2673/2588/2418
f 2673/2588/2418 2806/2721/2523 2807/2722/2524
f 2673/2588/2418 2807/2722/2524 2671/2586/2416
f 2671/2586/2416 2807/2722/2524 2808/2723/2525
f 2671/2586/2416 2808/2723/2525 2669/2584/2414
f 2669/2584/2414 2808/2723/2525 2809/2724/2526
f 2669/2584/2414 2809/2724/2526 2667/2582/2412
f 2667/2582/2412 2809/2724/2526 2810/2725/2527
f 2667/2582/2412 2810/2725/2527 2665/2580/2410
f 2665/2580/2410 2810/2725/2527 2811/2726/2528
f 2665/2580/2410 2811/2726/2528 2663/2578/2408
f 2663/2578/2408 2811/2726/2528 2812/2727/2529
f 2663/2578/2408 2812/2727/2529 2661/2576/2406
f 2661/2576/2406 2812/2727/2529 2813/2728/2530
f 2661/2576/2406 2813/2728/2530 2659/2574/2404
f 2659/2574/2404 2813/2728/2530 2814/2729/2531
f 2659/2574/2404 2814/2729/2531 2657/2572/2402
f 2657/2572/2402 2814/2729/2531 2815/2730/2532
f 2657/2572/2402 2815/2730/2532 2655/2570/2400
f 2655/2570/2400 2815/2730/2532 2816/2731/2533
f 2655/2570/2400 2816/2731/2533 2653/2568/2398
f 2653/2568/2398 2816/2731/2533 2817/2732/2534
f 2653/2568/2398 2817/2732/2534 2651/2566/2396
f 2651/2566/2396 2817/2732/2534 2818/2733/2535
f 2651/2566/2396 2818/2733/2535 2649/2564/2394
f 2805/2720/2023 2819/2734/2005 2806/2721/2523
f 2806/2721/2523 2819/2734/2005 2820/2735/2536
f 2806/2721/2523 2820/2735/2536 2807/2722/2524
f 2807/2722/2524 2820/2735/2536 2821/2736/2537
f 2807/2722/2524 2821/2736/2537 2808/2723/2525
f 2808/2723/2525 2821/2736/2537 2822/2737/2538
f 2808/2723/2525 2822/2737/2538 2809/2724/2526
f 2809/2724/2526 2822/2737/2538 2823/2738/2539
f 2809/2724/2526 2823/2738/2539 2810/2725/2527
f 2810/2725/2527 2823/2738/2539 2824/2739/2540
f 2810/2725/2527 2824/2739/2540 2811/2726/2528
f 2811/2726/2528 2824/2739/2540 2825/2740/2541
f 2811/2726/2528 2825/2740/2541 2812/2727/2529
f 2812/2727/2529 2825/2740/2541 2826/2741/2542
f 2812/2727/2529 2826/2741/2542 2813/2728/2530
f 2813/2728/2530 2826/2741/2542 2827/2742/2543
f 2813/2728/2530 2827/2742/2543 2814/2729/2531
f 2814/2729/2531 2827/2742/2543 2828/2743/2544
f 2814/2729/2531 2828/2743/2544 2815/2730/2532
f 2815/2730/2532 2828/2743/2544 2829/2744/2545
f 2815/2730/2532 2829/2744/2545 2816/2731/2533
f 2816/2731/2533 2829/2744/2545 2830/2745/2546
f 2816/2731/2533 2830/2745/2546 2817/2732/2534
f 2817/2732/2534 2830/2745/2546 2831/2746/2547
f 2817/2732/2534 2831/2746/2547 2832/2747/2548
f 2819/2734/2005 2833/2748/2003 2820/2735/2536
f 2820/2735/2536 2833/2748/2003 2834/2749/2549
f 2820/2735/2536 2834/2749/2549 2821/2736/2537
f 2821/2736/2537 2834/2749/2549 2835/2750/2550
f 2821/2736/2537 2835/2750/2550 2822/2737/2538
f 2822/2737/2538 2835/2750/2550 2836/2751/2551
f 2822/2737/2538 2836/2751/2551 2823/2738/2539
f 2823/2738/2539 2836/2751/2551 2837/2752/2552
f 2823/2738/2539 2837/2752/2552 2824/2739/2540
f 2824/2739/2540 2837/2752/2552 2838/2753/2553
f 2824/2739/2540 2838/2753/2553 2825/2740/2541
f 2825/2740/2541 2838/2753/2553 2839/2754/2554
f 2825/2740/2541 2839/2754/2554 2826/2741/2542
f 2826/2741/2542 2839/2754/2554 2840/2755/2555
f 2826/2741/2542 2840/2755/2555 2827/2742/2543
f 2827/2742/2543 2840/2755/2555 2841/2756/2556
f 2827/2742/2543 2841/2756/2556 2828/2743/2544
f 2828/2743/2544 2841/2756/2556 2842/2757/2557
f 2828/2743/2544 2842/2757/2557 2829/2744/2545
f 2829/2744/2545 2842/2757/2557 2843/2758/2558
f 2829/2744/2545 2843/2758/2558 2830/2745/2546
f 2830/2745/2546 2843/2758/2558 2844/2759/2559
f 2830/2745/2546 2844/2759/2559 2831/2746/2547
f 2833/2748/2003 2845/2760/2002 2834/2749/2549
f 2834/2749/2549 2845/2760/2002 2846/2761/2560
f 2834/2749/2549 2846/2761/2560 2835/2750/2550
f 2835/2750/2550 2846/2761/2560 2847/2762/2561
f 2835/2750/2550 2847/2762/2561 2836/2751/2551
f 2836/2751/2551 2847/2762/2561 2848/2763/2562
f 2836/2751/2551 2848/2763/2562 2837/2752/2552
f 2837/2752/2552 2848/2763/2562 2849/2764/2563
f 2837/2752/2552 2849/2764/2563 2838/2753/2553
f 2838/2753/2553 2849/2764/2563 2850/2765/2564
f 2838/2753/2553 2850/2765/2564 2839/2754/2554
f 2839/2754/2554 2850/2765/2564 2851/2766/2565
f 2839/2754/2554 2851/2766/2565 2840/2755/2555
f 2840/2755/2555 2851/2766/2565 2852/2767/2566
f 2840/2755/2555 2852/2767/2566 2841/2756/2556
f 2841/2756/2556 2852/2767/2566 2853/2768/2567
f 2841/2756/2556 2853/2768/2567 2842/2757/2557
f 2842/2757/2557 2853/2768/2567 2854/2769/2568
f 2842/2757/2557 2854/2769/2568 2843/2758/2558
f 2843/2758/2558 2854/2769/2568 2855/2770/2569
f 2843/2758/2558 2855/2770/2569 2844/2759/2559
f 2846/2761/2560 2845/2760/2002 2856/2771/2570
f 2856/2771/2570 2845/2760/2002 2857/2772/2000
f 2856/2771/2570 2857/2772/2000 2858/2773/2571
f 2858/2773/2571 2857/2772/2000 2859/2774/1998
f 2858/2773/2571 2859/2774/1998 2860/2775/1996
f 2858/2773/2571 2860/2775/1996 2861/2776/2572
f 2861/2776/2572 2860/2775/1996 2862/2777/1994
f 2861/2776/2572 2862/2777/1994 2863/2778/2573
f 2863/2778/2573 2862/2777/1994 2864/2779/1993
f 2863/2778/2573 2864/2779/1993 2865/2780/1991
f 2863/2778/2573 2865/2780/1991 2866/2781/2574
f 2866/2781/2574 2865/2780/1991 2867/2782/1989
f 2866/2781/2574 2867/2782/1989 2868/2783/2575
f 2868/2783/2575 2867/2782/1989 2869/2784/1988
f 2868/2783/2575 2869/2784/1988 2870/2785/1833
f 2870/2785/1833 2871/2786/1834 2868/2783/2575
f 2868/2783/2575 2871/2786/1834 2872/2787/2576
f 2868/2783/2575 2872/2787/2576 2873/2788/2577
f 2873/2788/2577 2872/2787/2576 2874/2789/2578
f 2873/2788/2577 2874/2789/2578 2875/2790/2579
f 2875/2790/2579 2874/2789/2578 2876/2791/2580
f 2875/2790/2579 2876/2791/2580 2877/2792/2581
f 2871/2786/1834 2878/2793/1836 2872/2787/2576
f 2872/2787/2576 2878/2793/1836 2879/2794/2582
f 2872/2787/2576 2879/2794/2582 2874/2789/2578
f 2874/2789/2578 2879/2794/2582 2880/2795/2583
f 2874/2789/2578 2880/2795/2583 2876/2791/2580
f 2878/2793/1836 2881/2796/1838 2879/2794/2582
f 2879/2794/2582 2881/2796/1838 2882/2797/2584
f 2879/2794/2582 2882/2797/2584 2880/2795/2583
f 2881/2796/1838 2883/2798/1714 2882/2797/2584
f 2875/2790/2579 2877/2792/2581 2884/2799/2585
f 2884/2799/2585 2877/2792/2581 2885/2800/2586
f 2884/2799/2585 2885/2800/2586 2886/2801/2587
f 2886/2801/2587 2885/2800/2586 2887/2802/2588
f 2886/2801/2587 2887/2802/2588 2888/2803/2589
f 2888/2803/2589 2887/2802/2588 2889/2804/2590
f 2888/2803/2589 2889/2804/2590 2890/2805/2591
f 2890/2805/2591 2889/2804/2590 2891/2806/2592
f 2890/2805/2591 2891/2806/2592 2892/2807/2593
f 2892/2807/2593 2891/2806/2592 2851/2766/2565
f 2892/2807/2593 2851/2766/2565 2850/2765/2564
f 2885/2800/2586 2893/2808/2594 2887/2802/2588
f 2887/2802/2588 2893/2808/2594 2894/2809/2595
f 2887/2802/2588 2894/2809/2595 2889/2804/2590
f 2889/2804/2590 2894/2809/2595 2895/2810/2596
f 2889/2804/2590 2895/2810/2596 2891/2806/2592
f 2891/2806/2592 2895/2810/2596 2852/2767/2566
f 2891/2806/2592 2852/2767/2566 2851/2766/2565
f 2893/2808/2594 2896/2811/2597 2894/2809/2595
f 2894/2809/2595 2896/2811/2597 2897/2812/2598
f 2894/2809/2595 2897/2812/2598 2895/2810/2596
f 2895/2810/2596 2897/2812/2598 2853/2768/2567
f 2895/2810/2596 2853/2768/2567 2852/2767/2566
f 2896/2811/2597 2898/2813/2599 2897/2812/2598
f 2897/2812/2598 2898/2813/2599 2854/2769/2568
f 2897/2812/2598 2854/2769/2568 2853/2768/2567
f 2898/2813/2599 2855/2770/2569 2854/2769/2568
f 2832/2747/2548 2818/2733/2535 2817/2732/2534
f 2650/2565/2395 2648/2563/2393 2899/2814/2600
f 2899/2814/2600 2648/2563/2393 2721/2636/2458
f 2899/2814/2600 2721/2636/2458 2900/2815/2601
f 2900/2815/2601 2721/2636/2458 2723/2638/2459
f 2900/2815/2601 2723/2638/2459 2901/2816/2602
f 2901/2816/2602 2723/2638/2459 2726/2641/2460
f 2901/2816/2602 2726/2641/2460 2902/2817/2603
f 2902/2817/2603 2726/2641/2460 2729/2644/2461
f 2902/2817/2603 2729/2644/2461 2738/2653/2466
f 2738/2653/2466 2729/2644/2461 2731/2646/2462
f 2884/2799/2585 2886/2801/2587 2903/2818/2604
f 2903/2818/2604 2886/2801/2587 2888/2803/2589
f 2903/2818/2604 2888/2803/2589 2904/2819/2605
f 2904/2819/2605 2888/2803/2589 2890/2805/2591
f 2904/2819/2605 2890/2805/2591 2905/2820/2606
f 2905/2820/2606 2890/2805/2591 2892/2807/2593
f 2905/2820/2606 2892/2807/2593 2906/2821/2607
f 2906/2821/2607 2892/2807/2593 2850/2765/2564
f 2906/2821/2607 2850/2765/2564 2849/2764/2563
f 2875/2790/2579 2884/2799/2585 2907/2822/2608
f 2907/2822/2608 2884/2799/2585 2903/2818/2604
f 2907/2822/2608 2903/2818/2604 2908/2823/2609
f 2908/2823/2609 2903/2818/2604 2904/2819/2605
f 2908/2823/2609 2904/2819/2605 2909/2824/2610
f 2909/2824/2610 2904/2819/2605 2905/2820/2606
f 2909/2824/2610 2905/2820/2606 2910/2825/2611
f 2910/2825/2611 2905/2820/2606 2906/2821/2607
f 2910/2825/2611 2906/2821/2607 2911/2826/2612
f 2911/2826/2612 2906/2821/2607 2849/2764/2563
f 2911/2826/2612 2849/2764/2563 2848/2763/2562
f 2650/2565/2395 2899/2814/2600 2652/2567/2397
f 2652/2567/2397 2899/2814/2600 2912/2827/2613
f 2652/2567/2397 2912/2827/2613 2654/2569/2399
f 2654/2569/2399 2912/2827/2613 2913/2828/2614
f 2654/2569/2399 2913/2828/2614 2656/2571/2401
f 2656/2571/2401 2913/2828/2614 2914/2829/2615
f 2656/2571/2401 2914/2829/2615 2658/2573/2403
f 2658/2573/2403 2914/2829/2615 2746/2661/2474
f 2658/2573/2403 2746/2661/2474 2660/2575/2405
f 2912/2827/2613 2899/2814/2600 2900/2815/2601
f 2875/2790/2579 2907/2822/2608 2873/2788/2577
f 2873/2788/2577 2907/2822/2608 2915/2830/2616
f 2873/2788/2577 2915/2830/2616 2868/2783/2575
f 2868/2783/2575 2915/2830/2616 2866/2781/2574
f 2915/2830/2616 2907/2822/2608 2908/2823/2609
f 2912/2827/2613 2900/2815/2601 2916/2831/2617
f 2916/2831/2617 2900/2815/2601 2901/2816/2602
f 2916/2831/2617 2901/2816/2602 2917/2832/2618
f 2917/2832/2618 2901/2816/2602 2902/2817/2603
f 2917/2832/2618 2902/2817/2603 2740/2655/2468
f 2740/2655/2468 2902/2817/2603 2738/2653/2466
f 2915/2830/2616 2908/2823/2609 2918/2833/2619
f 2918/2833/2619 2908/2823/2609 2909/2824/2610
f 2918/2833/2619 2909/2824/2610 2919/2834/2620
f 2919/2834/2620 2909/2824/2610 2910/2825/2611
f 2919/2834/2620 2910/2825/2611 2920/2835/2621
f 2920/2835/2621 2910/2825/2611 2911/2826/2612
f 2920/2835/2621 2911/2826/2612 2921/2836/2622
f 2921/2836/2622 2911/2826/2612 2848/2763/2562
f 2921/2836/2622 2848/2763/2562 2847/2762/2561
f 2912/2827/2613 2916/2831/2617 2913/2828/2614
f 2913/2828/2614 2916/2831/2617 2922/2837/2623
f 2913/2828/2614 2922/2837/2623 2914/2829/2615
f 2914/2829/2615 2922/2837/2623 2744/2659/2472
f 2914/2829/2615 2744/2659/2472 2746/2661/2474
f 2922/2837/2623 2916/2831/2617 2917/2832/2618
f 2863/2778/2573 2866/2781/2574 2918/2833/2619
f 2918/2833/2619 2866/2781/2574 2915/2830/2616
f 2863/2778/2573 2918/2833/2619 2919/2834/2620
f 2740/2655/2468 2742/2657/2470 2917/2832/2618
f 2917/2832/2618 2742/2657/2470 2922/2837/2623
f 2742/2657/2470 2744/2659/2472 2922/2837/2623
f 2861/2776/2572 2863/2778/2573 2919/2834/2620
f 2861/2776/2572 2919/2834/2620 2920/2835/2621
f 2858/2773/2571 2861/2776/2572 2920/2835/2621
f 2858/2773/2571 2920/2835/2621 2921/2836/2622
f 2858/2773/2571 2921/2836/2622 2856/2771/2570
f 2856/2771/2570 2921/2836/2622 2847/2762/2561
f 2856/2771/2570 2847/2762/2561 2846/2761/2560
f 2662/2577/2407 2747/2662/2475 2923/2838/2624
f 2923/2838/2624 2747/2662/2475 2924/2839/2625
f 2923/2838/2624 2924/2839/2625 2925/2840/2626
f 2925/2840/2626 2924/2839/2625 2926/2841/2627
f 2925/2840/2626 2926/2841/2627 2927/2842/2628
f 2927/2842/2628 2926/2841/2627 2928/2843/2629
f 2927/2842/2628 2928/2843/2629 2929/2844/2630
f 2929/2844/2630 2928/2843/2629 2930/2845/2631
f 2929/2844/2630 2930/2845/2631 2931/2846/2632
f 2931/2846/2632 2930/2845/2631 2932/2847/2633
f 2931/2846/2632 2932/2847/2633 2933/2848/2634
f 2933/2848/2634 2932/2847/2633 2934/2849/2635
f 2933/2848/2634 2934/2849/2635 2935/2850/2636
f 2935/2850/2636 2934/2849/2635 2936/2851/2637
f 2935/2850/2636 2936/2851/2637 2937/2852/2638
f 2937/2852/2638 2936/2851/2637 2938/2853/2639
f 2937/2852/2638 2938/2853/2639 2939/2854/2640
f 2939/2854/2640 2938/2853/2639 2940/2855/2641
f 2939/2854/2640 2940/2855/2641 2941/2856/2642
f 2941/2856/2642 2940/2855/2641 2764/2679/2491
f 2941/2856/2642 2764/2679/2491 2701/2616/2441
f 2747/2662/2475 2745/2660/2473 2924/2839/2625
f 2924/2839/2625 2745/2660/2473 2942/2857/2643
f 2924/2839/2625 2942/2857/2643 2926/2841/2627
f 2926/2841/2627 2942/2857/2643 2943/2858/2644
f 2926/2841/2627 2943/2858/2644 2928/2843/2629
f 2928/2843/2629 2943/2858/2644 2944/2859/2645
f 2928/2843/2629 2944/2859/2645 2930/2845/2631
f 2930/2845/2631 2944/2859/2645 2945/2860/2646
f 2930/2845/2631 2945/2860/2646 2932/2847/2633
f 2932/2847/2633 2945/2860/2646 2946/2861/2647
f 2932/2847/2633 2946/2861/2647 2934/2849/2635
f 2934/2849/2635 2946/2861/2647 2947/2862/2648
f 2934/2849/2635 2947/2862/2648 2948/2863/2649
f 2948/2863/2649 2947/2862/2648 2949/2864/2650
f 2948/2863/2649 2949/2864/2650 2950/2865/2651
f 2950/2865/2651 2949/2864/2650 2760/2675/2487
f 2950/2865/2651 2760/2675/2487 2762/2677/2489
f 2745/2660/2473 2743/2658/2471 2942/2857/2643
f 2942/2857/2643 2743/2658/2471 2951/2866/2652
f 2942/2857/2643 2951/2866/2652 2943/2858/2644
f 2943/2858/2644 2951/2866/2652 2952/2867/2653
f 2943/2858/2644 2952/2867/2653 2944/2859/2645
f 2944/2859/2645 2952/2867/2653 2953/2868/2654
f 2944/2859/2645 2953/2868/2654 2945/2860/2646
f 2945/2860/2646 2953/2868/2654 2954/2869/2655
f 2945/2860/2646 2954/2869/2655 2946/2861/2647
f 2946/2861/2647 2954/2869/2655 2955/2870/2656
f 2946/2861/2647 2955/2870/2656 2947/2862/2648
f 2947/2862/2648 2955/2870/2656 2956/2871/2657
f 2947/2862/2648 2956/2871/2657 2949/2864/2650
f 2949/2864/2650 2956/2871/2657 2758/2673/2485
f 2949/2864/2650 2758/2673/2485 2760/2675/2487
f 2743/2658/2471 2741/2656/2469 2951/2866/2652
f 2951/2866/2652 2741/2656/2469 2957/2872/2658
f 2951/2866/2652 2957/2872/2658 2952/2867/2653
f 2952/2867/2653 2957/2872/2658 2958/2873/2659
f 2952/2867/2653 2958/2873/2659 2953/2868/2654
f 2953/2868/2654 2958/2873/2659 2959/2874/2660
f 2953/2868/2654 2959/2874/2660 2954/2869/2655
f 2954/2869/2655 2959/2874/2660 2960/2875/2661
f 2954/2869/2655 2960/2875/2661 2955/2870/2656
f 2955/2870/2656 2960/2875/2661 2961/2876/2662
f 2955/2870/2656 2961/2876/2662 2956/2871/2657
f 2956/2871/2657 2961/2876/2662 2756/2671/2483
f 2956/2871/2657 2756/2671/2483 2758/2673/2485
f 2741/2656/2469 2739/2654/2467 2957/2872/2658
f 2957/2872/2658 2739/2654/2467 2962/2877/2663
f 2957/2872/2658 2962/2877/2663 2958/2873/2659
f 2958/2873/2659 2962/2877/2663 2963/2878/2664
f 2958/2873/2659 2963/2878/2664 2959/2874/2660
f 2959/2874/2660 2963/2878/2664 2964/2879/2665
f 2959/2874/2660 2964/2879/2665 2960/2875/2661
f 2960/2875/2661 2964/2879/2665 2965/2880/2666
f 2960/2875/2661 2965/2880/2666 2961/2876/2662
f 2961/2876/2662 2965/2880/2666 2754/2669/2481
f 2961/2876/2662 2754/2669/2481 2756/2671/2483
f 2739/2654/2467 2737/2652/2465 2962/2877/2663
f 2962/2877/2663 2737/2652/2465 2966/2881/2667
f 2962/2877/2663 2966/2881/2667 2963/2878/2664
f 2963/2878/2664 2966/2881/2667 2967/2882/2668
f 2963/2878/2664 2967/2882/2668 2964/2879/2665
f 2964/2879/2665 2967/2882/2668 2968/2883/2669
f 2964/2879/2665 2968/2883/2669 2965/2880/2666
f 2965/2880/2666 2968/2883/2669 2752/2667/2479
f 2965/2880/2666 2752/2667/2479 2754/2669/2481
f 2737/2652/2465 2736/2651/2464 2966/2881/2667
f 2966/2881/2667 2736/2651/2464 2735/2650/2463
f 2966/2881/2667 2735/2650/2463 2967/2882/2668
f 2967/2882/2668 2735/2650/2463 2748/2663/2476
f 2967/2882/2668 2748/2663/2476 2968/2883/2669
f 2968/2883/2669 2748/2663/2476 2750/2665/2477
f 2968/2883/2669 2750/2665/2477 2752/2667/2479
f 2662/2577/2407 2923/2838/2624 2664/2579/2409
f 2664/2579/2409 2923/2838/2624 2969/2884/2670
f 2664/2579/2409 2969/2884/2670 2666/2581/2411
f 2666/2581/2411 2969/2884/2670 2970/2885/2671
f 2666/2581/2411 2970/2885/2671 2668/2583/2413
f 2668/2583/2413 2970/2885/2671 2971/2886/2672
f 2668/2583/2413 2971/2886/2672 2670/2585/2415
f 2670/2585/2415 2971/2886/2672 2972/2887/2673
f 2670/2585/2415 2972/2887/2673 2672/2587/2417
f 2672/2587/2417 2972/2887/2673 2973/2888/2674
f 2672/2587/2417 2973/2888/2674 2674/2589/2419
f 2674/2589/2419 2973/2888/2674 2974/2889/2675
f 2674/2589/2419 2974/2889/2675 2676/2591/2421
f 2676/2591/2421 2974/2889/2675 2975/2890/2676
f 2676/2591/2421 2975/2890/2676 2678/2593/2422
f 2678/2593/2422 2975/2890/2676 2681/2596/2423
f 2969/2884/2670 2923/2838/2624 2925/2840/2626
f 2969/2884/2670 2925/2840/2626 2976/2891/2677
f 2976/2891/2677 2925/2840/2626 2927/2842/2628
f 2976/2891/2677 2927/2842/2628 2977/2892/2678
f 2977/2892/2678 2927/2842/2628 2929/2844/2630
f 2977/2892/2678 2929/2844/2630 2978/2893/2679
f 2978/2893/2679 2929/2844/2630 2931/2846/2632
f 2978/2893/2679 2931/2846/2632 2979/2894/2680
f 2979/2894/2680 2931/2846/2632 2933/2848/2634
f 2979/2894/2680 2933/2848/2634 2980/2895/2681
f 2980/2895/2681 2933/2848/2634 2935/2850/2636
f 2980/2895/2681 2935/2850/2636 2981/2896/2682
f 2981/2896/2682 2935/2850/2636 2937/2852/2638
f 2981/2896/2682 2937/2852/2638 2982/2897/2683
f 2982/2897/2683 2937/2852/2638 2939/2854/2640
f 2982/2897/2683 2939/2854/2640 2983/2898/2684
f 2983/2898/2684 2939/2854/2640 2941/2856/2642
f 2983/2898/2684 2941/2856/2642 2699/2614/2439
f 2699/2614/2439 2941/2856/2642 2701/2616/2441
f 2977/2892/2678 2984/2899/2685 2976/2891/2677
f 2976/2891/2677 2984/2899/2685 2970/2885/2671
f 2976/2891/2677 2970/2885/2671 2969/2884/2670
f 2970/2885/2671 2984/2899/2685 2971/2886/2672
f 2971/2886/2672 2984/2899/2685 2985/2900/2686
f 2971/2886/2672 2985/2900/2686 2972/2887/2673
f 2972/2887/2673 2985/2900/2686 2986/2901/2687
f 2972/2887/2673 2986/2901/2687 2973/2888/2674
f 2973/2888/2674 2986/2901/2687 2987/2902/2688
f 2973/2888/2674 2987/2902/2688 2974/2889/2675
f 2974/2889/2675 2987/2902/2688 2988/2903/2689
f 2974/2889/2675 2988/2903/2689 2975/2890/2676
f 2975/2890/2676 2988/2903/2689 2989/2904/2690
f 2975/2890/2676 2989/2904/2690 2681/2596/2423
f 2681/2596/2423 2989/2904/2690 2683/2598/2424
f 2984/2899/2685 2977/2892/2678 2990/2905/2691
f 2990/2905/2691 2977/2892/2678 2978/2893/2679
f 2990/2905/2691 2978/2893/2679 2991/2906/2692
f 2991/2906/2692 2978/2893/2679 2979/2894/2680
f 2991/2906/2692 2979/2894/2680 2992/2907/2693
f 2992/2907/2693 2979/2894/2680 2980/2895/2681
f 2992/2907/2693 2980/2895/2681 2993/2908/2694
f 2993/2908/2694 2980/2895/2681 2981/2896/2682
f 2993/2908/2694 2981/2896/2682 2994/2909/2695
f 2994/2909/2695 2981/2896/2682 2982/2897/2683
f 2994/2909/2695 2982/2897/2683 2995/2910/2696
f 2995/2910/2696 2982/2897/2683 2983/2898/2684
f 2995/2910/2696 2983/2898/2684 2697/2612/2437
f 2697/2612/2437 2983/2898/2684 2699/2614/2439
f 2751/2666/2478 2767/2682/2492 2753/2668/2480
f 2753/2668/2480 2767/2682/2492 2996/2911/2697
f 2753/2668/2480 2996/2911/2697 2755/2670/2482
f 2755/2670/2482 2996/2911/2697 2773/2688/2496
f 2755/2670/2482 2773/2688/2496 2757/2672/2484
f 2984/2899/2685 2990/2905/2691 2985/2900/2686
f 2985/2900/2686 2990/2905/2691 2997/2912/2698
f 2985/2900/2686 2997/2912/2698 2986/2901/2687
f 2986/2901/2687 2997/2912/2698 2998/2913/2699
f 2986/2901/2687 2998/2913/2699 2987/2902/2688
f 2987/2902/2688 2998/2913/2699 2999/2914/2700
f 2987/2902/2688 2999/2914/2700 2988/2903/2689
f 2988/2903/2689 2999/2914/2700 3000/2915/2701
f 2988/2903/2689 3000/2915/2701 2989/2904/2690
f 2989/2904/2690 3000/2915/2701 3001/2916/2702
f 2989/2904/2690 3001/2916/2702 2683/2598/2424
f 2683/2598/2424 3001/2916/2702 2685/2600/2425
f 2997/2912/2698 2990/2905/2691 2991/2906/2692
f 2767/2682/2492 2769/2684/2493 2996/2911/2697
f 2996/2911/2697 2769/2684/2493 2771/2686/2494
f 2996/2911/2697 2771/2686/2494 2773/2688/2496
f 2936/2851/2637 2934/2849/2635 2948/2863/2649
f 2997/2912/2698 2991/2906/2692 3002/2917/2703
f 3002/2917/2703 2991/2906/2692 2992/2907/2693
f 3002/2917/2703 2992/2907/2693 3003/2918/2704
f 3003/2918/2704 2992/2907/2693 2993/2908/2694
f 3003/2918/2704 2993/2908/2694 3004/2919/2705
f 3004/2919/2705 2993/2908/2694 2994/2909/2695
f 3004/2919/2705 2994/2909/2695 3005/2920/2706
f 3005/2920/2706 2994/2909/2695 2995/2910/2696
f 3005/2920/2706 2995/2910/2696 2695/2610/2435
f 2695/2610/2435 2995/2910/2696 2697/2612/2437
f 2772/2687/2495 2777/2692/2499 2774/2689/2497
f 2774/2689/2497 2777/2692/2499 3006/2921/2707
f 2774/2689/2497 3006/2921/2707 2759/2674/2486
f 2759/2674/2486 3006/2921/2707 2761/2676/2488
f 2936/2851/2637 2948/2863/2649 2938/2853/2639
f 2938/2853/2639 2948/2863/2649 2950/2865/2651
f 2938/2853/2639 2950/2865/2651 2940/2855/2641
f 2940/2855/2641 2950/2865/2651 2762/2677/2489
f 2940/2855/2641 2762/2677/2489 2764/2679/2491
f 3003/2918/2704 3007/2922/2708 3002/2917/2703
f 3002/2917/2703 3007/2922/2708 2998/2913/2699
f 3002/2917/2703 2998/2913/2699 2997/2912/2698
f 2998/2913/2699 3007/2922/2708 2999/2914/2700
f 2999/2914/2700 3007/2922/2708 3008/2923/2709
f 2999/2914/2700 3008/2923/2709 3000/2915/2701
f 3000/2915/2701 3008/2923/2709 3009/2924/2710
f 3000/2915/2701 3009/2924/2710 3001/2916/2702
f 3001/2916/2702 3009/2924/2710 2687/2602/2427
f 3001/2916/2702 2687/2602/2427 2685/2600/2425
f 3007/2922/2708 3003/2918/2704 3010/2925/2711
f 3010/2925/2711 3003/2918/2704 3004/2919/2705
f 3010/2925/2711 3004/2919/2705 3011/2926/2712
f 3011/2926/2712 3004/2919/2705 3005/2920/2706
f 3011/2926/2712 3005/2920/2706 2693/2608/2433
f 2693/2608/2433 3005/2920/2706 2695/2610/2435
f 2777/2692/2499 2779/2694/2501 3006/2921/2707
f 3006/2921/2707 2779/2694/2501 3012/2927/2713
f 3006/2921/2707 3012/2927/2713 2761/2676/2488
f 2761/2676/2488 3012/2927/2713 2763/2678/2490
f 3007/2922/2708 3010/2925/2711 3008/2923/2709
f 3008/2923/2709 3010/2925/2711 3013/2928/2714
f 3008/2923/2709 3013/2928/2714 3009/2924/2710
f 3009/2924/2710 3013/2928/2714 2689/2604/2429
f 3009/2924/2710 2689/2604/2429 2687/2602/2427
f 3013/2928/2714 3010/2925/2711 3011/2926/2712
f 2713/2628/2453 2711/2626/2451 2780/2695/2502
f 2780/2695/2502 2711/2626/2451 2778/2693/2500
f 2780/2695/2502 2778/2693/2500 2776/2691/2498
f 2711/2626/2451 2709/2624/2449 2778/2693/2500
f 3012/2927/2713 2779/2694/2501 2707/2622/2447
f 2763/2678/2490 3012/2927/2713 2705/2620/2445
f 2705/2620/2445 3012/2927/2713 2707/2622/2447
f 2705/2620/2445 2703/2618/2443 2763/2678/2490
f 3013/2928/2714 3011/2926/2712 2691/2606/2431
f 2691/2606/2431 3011/2926/2712 2693/2608/2433
f 2691/2606/2431 2689/2604/2429 3013/2928/2714
f 2712/2627/2452 2714/2629/2454 2783/2698/2503
f 2783/2698/2503 2714/2629/2454 2716/2631/2455
f 2694/2609/2434 2798/2713/2518 2692/2607/2432
f 2686/2601/2426 2688/2603/2428 2802/2717/2522
f 2802/2717/2522 2688/2603/2428 2801/2716/2521
f 3014/2929/1456 3015/2930/1457 3016/2931/2715
f 3016/2931/2715 3015/2930/1457 3017/2932/2716
f 3016/2931/2715 3017/2932/2716 3018/2933/2717
f 3018/2933/2717 3017/2932/2716 3019/2934/2718
f 3018/2933/2717 3019/2934/2718 3020/2935/2719
f 3020/2935/2719 3019/2934/2718 3021/2936/2720
f 3020/2935/2719 3021/2936/2720 3022/2937/2721
f 3022/2937/2721 3021/2936/2720 3023/2938/2722
f 3022/2937/2721 3023/2938/2722 3024/2939/2723
f 3024/2939/2723 3023/2938/2722 3025/2940/2724
f 3024/2939/2723 3025/2940/2724 3026/2941/2725
f 3026/2941/2725 3025/2940/2724 3027/2942/2726
f 3026/2941/2725 3027/2942/2726 3028/2943/2727
f 3028/2943/2727 3027/2942/2726 3029/2944/2728
f 3028/2943/2727 3029/2944/2728 3030/2945/2729
f 3030/2945/2729 3029/2944/2728 3031/2946/2730
f 3030/2945/2729 3031/2946/2730 3032/2947/2731
f 3032/2947/2731 3031/2946/2730 3033/2948/2732
f 3032/2947/2731 3033/2948/2732 3034/2949/2733
f 3034/2949/2733 3033/2948/2732 3035/2950/2734
f 3034/2949/2733 3035/2950/2734 3036/2951/2735
f 3036/2951/2735 3035/2950/2734 3037/2952/2736
f 3036/2951/2735 3037/2952/2736 3038/2953/2737
f 3038/2953/2737 3037/2952/2736 3039/2954/2738
f 3038/2953/2737 3039/2954/2738 3040/2955/2739
f 3040/2955/2739 3039/2954/2738 3041/2956/2740
f 3040/2955/2739 3041/2956/2740 3042/2957/2741
f 3042/2957/2741 3041/2956/2740 3043/2958/2742
f 3042/2957/2741 3043/2958/2742 3044/2959/2743
f 3044/2959/2743 3043/2958/2742 3045/2960/2744
f 3044/2959/2743 3045/2960/2744 3046/2961/1653
f 3046/2961/1653 3045/2960/2744 3047/2962/1664
f 3047/2962/1664 3045/2960/2744 3048/2963/1678
f 3048/2963/1678 3045/2960/2744 3049/2964/2745
f 3048/2963/1678 3049/2964/2745 3050/2965/1687
f 3050/2965/1687 3049/2964/2745 3051/2966/2746
f 3050/2965/1687 3051/2966/2746 3052/2967/1696
f 3052/2967/1696 3051/2966/2746 3053/2968/2747
f 3052/2967/1696 3053/2968/2747 3054/2969/1703
f 3054/2969/1703 3053/2968/2747 3055/2970/2748
f 3054/2969/1703 3055/2970/2748 3056/2971/1709
f 3056/2971/1709 3055/2970/2748 3057/2972/2749
f 3056/2971/1709 3057/2972/2749 3058/2973/1710
f 3058/2973/1710 3057/2972/2749 3059/2974/2750
f 3058/2973/1710 3059/2974/2750 3060/2975/1711
f 3060/2975/1711 3059/2974/2750 3061/2976/2751
f 3060/2975/1711 3061/2976/2751 3062/2977/1712
f 3062/2977/1712 3061/2976/2751 3063/2978/2752
f 3062/2977/1712 3063/2978/2752 3064/2979/1714
f 3064/2979/1714 3063/2978/2752 3065/2980/2584
f 3065/2980/2584 3063/2978/2752 3066/2981/2753
f 3065/2980/2584 3066/2981/2753 3067/2982/2583
f 3067/2982/2583 3066/2981/2753 3068/2983/2754
f 3067/2982/2583 3068/2983/2754 3069/2984/2580
f 3069/2984/2580 3068/2983/2754 3070/2985/2755
f 3069/2984/2580 3070/2985/2755 3071/2986/2756
f 3071/2986/2756 3070/2985/2755 3072/2987/2757
f 3071/2986/2756 3072/2987/2757 3073/2988/2758
f 3073/2988/2758 3072/2987/2757 3074/2989/2759
f 3073/2988/2758 3074/2989/2759 3075/2990/2760
f 3075/2990/2760 3074/2989/2759 3076/2991/2761
f 3075/2990/2760 3076/2991/2761 3077/2992/2762
f 3077/2992/2762 3076/2991/2761 3078/2993/2763
f 3077/2992/2762 3078/2993/2763 3079/2994/2764
f 3079/2994/2764 3078/2993/2763 3080/2995/2765
f 3079/2994/2764 3080/2995/2765 3081/2996/2766
f 3081/2996/2766 3080/2995/2765 3082/2997/2767
f 3081/2996/2766 3082/2997/2767 3083/2998/2768
f 3083/2998/2768 3082/2997/2767 3084/2999/2769
f 3083/2998/2768 3084/2999/2769 3085/3000/2770
f 3085/3000/2770 3084/2999/2769 3086/3001/2771
f 3085/3000/2770 3086/3001/2771 3087/3002/2772
f 3087/3002/2772 3086/3001/2771 3088/3003/2773
f 3087/3002/2772 3088/3003/2773 3089/3004/2774
f 3089/3004/2774 3088/3003/2773 3090/3005/2775
f 3089/3004/2774 3090/3005/2775 3091/3006/2776
f 3091/3006/2776 3090/3005/2775 3092/3007/2777
f 3091/3006/2776 3092/3007/2777 3093/3008/1531
f 3093/3008/1531 3092/3007/2777 3094/3009/1533
f 3094/3009/1533 3092/3007/2777 3095/3010/2778
f 3094/3009/1533 3095/3010/2778 3096/3011/1547
f 3096/3011/1547 3095/3010/2778 3097/3012/2779
f 3096/3011/1547 3097/3012/2779 3098/3013/1553
f 3098/3013/1553 3097/3012/2779 3099/3014/2780
f 3098/3013/1553 3099/3014/2780 3100/3015/2781
f 3100/3015/2781 3099/3014/2780 3101/3016/2782
f 3100/3015/2781 3101/3016/2782 3102/3017/2783
f 3102/3017/2783 3101/3016/2782 3103/3018/2784
f 3102/3017/2783 3103/3018/2784 3104/3019/2785
f 3104/3019/2785 3103/3018/2784 3105/3020/2786
f 3104/3019/2785 3105/3020/2786 3106/3021/2787
f 3106/3021/2787 3105/3020/2786 3107/3022/2788
f 3106/3021/2787 3107/3022/2788 3108/3023/2789
f 3108/3023/2789 3107/3022/2788 3109/3024/2790
f 3108/3023/2789 3109/3024/2790 3110/3025/2791
f 3110/3025/2791 3109/3024/2790 3111/3026/2792
f 3110/3025/2791 3111/3026/2792 3112/3027/2793
f 3112/3027/2793 3111/3026/2792 3113/3028/2794
f 3112/3027/2793 3113/3028/2794 3031/2946/2730
f 3031/2946/2730 3113/3028/2794 3033/2948/2732
f 3017/2932/2716 3015/2930/1457 3114/3029/2795
f 3114/3029/2795 3015/2930/1457 3115/3030/1459
f 3114/3029/2795 3115/3030/1459 3116/3031/2796
f 3116/3031/2796 3115/3030/1459 3117/3032/2797
f 3116/3031/2796 3117/3032/2797 3118/3033/2798
f 3118/3033/2798 3117/3032/2797 3119/3034/2799
f 3118/3033/2798 3119/3034/2799 3120/3035/2800
f 3120/3035/2800 3119/3034/2799 3121/3036/2801
f 3120/3035/2800 3121/3036/2801 3122/3037/2802
f 3122/3037/2802 3121/3036/2801 3123/3038/2803
f 3122/3037/2802 3123/3038/2803 3124/3039/2804
f 3124/3039/2804 3123/3038/2803 3108/3023/2789
f 3124/3039/2804 3108/3023/2789 3110/3025/2791
f 3115/3030/1459 3125/3040/1565 3117/3032/2797
f 3117/3032/2797 3125/3040/1565 3126/3041/2805
f 3117/3032/2797 3126/3041/2805 3119/3034/2799
f 3119/3034/2799 3126/3041/2805 3127/3042/2806
f 3119/3034/2799 3127/3042/2806 3121/3036/2801
f 3121/3036/2801 3127/3042/2806 3128/3043/2807
f 3121/3036/2801 3128/3043/2807 3123/3038/2803
f 3123/3038/2803 3128/3043/2807 3106/3021/2787
f 3123/3038/2803 3106/3021/2787 3108/3023/2789
f 3125/3040/1565 3129/3044/1563 3126/3041/2805
f 3126/3041/2805 3129/3044/1563 3130/3045/2808
f 3126/3041/2805 3130/3045/2808 3127/3042/2806
f 3127/3042/2806 3130/3045/2808 3131/3046/2809
f 3127/3042/2806 3131/3046/2809 3128/3043/2807
f 3128/3043/2807 3131/3046/2809 3104/3019/2785
f 3128/3043/2807 3104/3019/2785 3106/3021/2787
f 3130/3045/2808 3129/3044/1563 3132/3047/2810
f 3132/3047/2810 3129/3044/1563 3133/3048/1558
f 3132/3047/2810 3133/3048/1558 3100/3015/2781
f 3100/3015/2781 3133/3048/1558 3098/3013/1553
f 3093/3008/1531 3134/3049/1529 3091/3006/2776
f 3091/3006/2776 3134/3049/1529 3135/3050/2811
f 3091/3006/2776 3135/3050/2811 3089/3004/2774
f 3089/3004/2774 3135/3050/2811 3136/3051/2812
f 3089/3004/2774 3136/3051/2812 3087/3002/2772
f 3087/3002/2772 3136/3051/2812 3137/3052/2813
f 3087/3002/2772 3137/3052/2813 3085/3000/2770
f 3085/3000/2770 3137/3052/2813 3138/3053/2814
f 3085/3000/2770 3138/3053/2814 3083/2998/2768
f 3083/2998/2768 3138/3053/2814 3139/3054/2815
f 3083/2998/2768 3139/3054/2815 3081/2996/2766
f 3081/2996/2766 3139/3054/2815 3140/3055/2816
f 3081/2996/2766 3140/3055/2816 3079/2994/2764
f 3079/2994/2764 3140/3055/2816 3141/3056/2817
f 3079/2994/2764 3141/3056/2817 3077/2992/2762
f 3077/2992/2762 3141/3056/2817 3142/3057/2818
f 3077/2992/2762 3142/3057/2818 3075/2990/2760
f 3075/2990/2760 3142/3057/2818 3143/3058/2819
f 3075/2990/2760 3143/3058/2819 3073/2988/2758
f 3073/2988/2758 3143/3058/2819 3144/3059/2820
f 3073/2988/2758 3144/3059/2820 3071/2986/2756
f 3071/2986/2756 3144/3059/2820 3145/3060/2581
f 3071/2986/2756 3145/3060/2581 3069/2984/2580
f 3135/3050/2811 3134/3049/1529 3146/3061/2821
f 3146/3061/2821 3134/3049/1529 3147/3062/1527
f 3146/3061/2821 3147/3062/1527 3148/3063/2822
f 3148/3063/2822 3147/3062/1527 3149/3064/1525
f 3148/3063/2822 3149/3064/1525 3150/3065/2823
f 3150/3065/2823 3149/3064/1525 3151/3066/1523
f 3150/3065/2823 3151/3066/1523 3152/3067/1521
f 3150/3065/2823 3152/3067/1521 3153/3068/2824
f 3153/3068/2824 3152/3067/1521 3154/3069/1520
f 3153/3068/2824 3154/3069/1520 3155/3070/2825
f 3155/3070/2825 3154/3069/1520 3156/3071/1505
f 3155/3070/2825 3156/3071/1505 3157/3072/2826
f 3157/3072/2826 3156/3071/1505 3158/3073/1490
f 3157/3072/2826 3158/3073/1490 3159/3074/2827
f 3159/3074/2827 3158/3073/1490 3160/3075/1489
f 3159/3074/2827 3160/3075/1489 3161/3076/2828
f 3161/3076/2828 3160/3075/1489 3162/3077/1488
f 3161/3076/2828 3162/3077/1488 3163/3078/2829
f 3163/3078/2829 3162/3077/1488 3164/3079/1379
f 3163/3078/2829 3164/3079/1379 3165/3080/2392
f 3165/3080/2392 3164/3079/1379 3166/3081/1378
f 3165/3080/2392 3167/3082/2394 3163/3078/2829
f 3163/3078/2829 3167/3082/2394 3168/3083/2830
f 3163/3078/2829 3168/3083/2830 3161/3076/2828
f 3161/3076/2828 3168/3083/2830 3169/3084/2831
f 3161/3076/2828 3169/3084/2831 3159/3074/2827
f 3159/3074/2827 3169/3084/2831 3170/3085/2832
f 3159/3074/2827 3170/3085/2832 3157/3072/2826
f 3157/3072/2826 3170/3085/2832 3171/3086/2833
f 3157/3072/2826 3171/3086/2833 3155/3070/2825
f 3155/3070/2825 3171/3086/2833 3172/3087/2834
f 3155/3070/2825 3172/3087/2834 3153/3068/2824
f 3153/3068/2824 3172/3087/2834 3173/3088/2835
f 3153/3068/2824 3173/3088/2835 3150/3065/2823
f 3150/3065/2823 3173/3088/2835 3174/3089/2836
f 3150/3065/2823 3174/3089/2836 3148/3063/2822
f 3148/3063/2822 3174/3089/2836 3175/3090/2837
f 3148/3063/2822 3175/3090/2837 3146/3061/2821
f 3146/3061/2821 3175/3090/2837 3136/3051/2812
f 3146/3061/2821 3136/3051/2812 3135/3050/2811
f 3167/3082/2394 3176/3091/2535 3168/3083/2830
f 3168/3083/2830 3176/3091/2535 3177/3092/2838
f 3168/3083/2830 3177/3092/2838 3169/3084/2831
f 3169/3084/2831 3177/3092/2838 3178/3093/2839
f 3169/3084/2831 3178/3093/2839 3170/3085/2832
f 3170/3085/2832 3178/3093/2839 3179/3094/2840
f 3170/3085/2832 3179/3094/2840 3171/3086/2833
f 3171/3086/2833 3179/3094/2840 3180/3095/2841
f 3171/3086/2833 3180/3095/2841 3172/3087/2834
f 3172/3087/2834 3180/3095/2841 3181/3096/2842
f 3172/3087/2834 3181/3096/2842 3173/3088/2835
f 3173/3088/2835 3181/3096/2842 3182/3097/2843
f 3173/3088/2835 3182/3097/2843 3174/3089/2836
f 3174/3089/2836 3182/3097/2843 3183/3098/2844
f 3174/3089/2836 3183/3098/2844 3175/3090/2837
f 3175/3090/2837 3183/3098/2844 3137/3052/2813
f 3175/3090/2837 3137/3052/2813 3136/3051/2812
f 3176/3091/2535 3184/3099/2548 3177/3092/2838
f 3177/3092/2838 3184/3099/2548 3185/3100/2547
f 3177/3092/2838 3185/3100/2547 3186/3101/2845
f 3186/3101/2845 3185/3100/2547 3187/3102/2559
f 3186/3101/2845 3187/3102/2559 3188/3103/2846
f 3188/3103/2846 3187/3102/2559 3189/3104/2569
f 3188/3103/2846 3189/3104/2569 3190/3105/2599
f 3188/3103/2846 3190/3105/2599 3191/3106/2847
f 3191/3106/2847 3190/3105/2599 3192/3107/2597
f 3191/3106/2847 3192/3107/2597 3193/3108/2848
f 3193/3108/2848 3192/3107/2597 3194/3109/2594
f 3193/3108/2848 3194/3109/2594 3195/3110/2849
f 3195/3110/2849 3194/3109/2594 3196/3111/2586
f 3195/3110/2849 3196/3111/2586 3197/3112/2850
f 3197/3112/2850 3196/3111/2586 3145/3060/2581
f 3197/3112/2850 3145/3060/2581 3144/3059/2820
f 3046/2961/1653 3198/3113/1641 3044/2959/2743
f 3044/2959/2743 3198/3113/1641 3199/3114/2851
f 3044/2959/2743 3199/3114/2851 3042/2957/2741
f 3042/2957/2741 3199/3114/2851 3200/3115/2852
f 3042/2957/2741 3200/3115/2852 3040/2955/2739
f 3040/2955/2739 3200/3115/2852 3201/3116/2853
f 3040/2955/2739 3201/3116/2853 3038/2953/2737
f 3038/2953/2737 3201/3116/2853 3202/3117/2854
f 3038/2953/2737 3202/3117/2854 3036/2951/2735
f 3036/2951/2735 3202/3117/2854 3203/3118/2855
f 3036/2951/2735 3203/3118/2855 3034/2949/2733
f 3034/2949/2733 3203/3118/2855 3204/3119/2856
f 3034/2949/2733 3204/3119/2856 3032/2947/2731
f 3032/2947/2731 3204/3119/2856 3205/3120/2857
f 3032/2947/2731 3205/3120/2857 3030/2945/2729
f 3030/2945/2729 3205/3120/2857 3206/3121/2858
f 3030/2945/2729 3206/3121/2858 3028/2943/2727
f 3028/2943/2727 3206/3121/2858 3207/3122/2859
f 3028/2943/2727 3207/3122/2859 3026/2941/2725
f 3026/2941/2725 3207/3122/2859 3208/3123/2860
f 3026/2941/2725 3208/3123/2860 3024/2939/2723
f 3024/2939/2723 3208/3123/2860 3209/3124/2861
f 3024/2939/2723 3209/3124/2861 3022/2937/2721
f 3022/2937/2721 3209/3124/2861 3210/3125/2862
f 3022/2937/2721 3210/3125/2862 3020/2935/2719
f 3020/2935/2719 3210/3125/2862 3211/3126/2863
f 3020/2935/2719 3211/3126/2863 3212/3127/2864
f 3212/3127/2864 3211/3126/2863 3213/3128/2865
f 3212/3127/2864 3213/3128/2865 3214/3129/2866
f 3198/3113/1641 3215/3130/1628 3199/3114/2851
f 3199/3114/2851 3215/3130/1628 3216/3131/2867
f 3199/3114/2851 3216/3131/2867 3200/3115/2852
f 3200/3115/2852 3216/3131/2867 3217/3132/2868
f 3200/3115/2852 3217/3132/2868 3201/3116/2853
f 3201/3116/2853 3217/3132/2868 3218/3133/2869
f 3201/3116/2853 3218/3133/2869 3202/3117/2854
f 3202/3117/2854 3218/3133/2869 3219/3134/2870
f 3202/3117/2854 3219/3134/2870 3203/3118/2855
f 3203/3118/2855 3219/3134/2870 3220/3135/2871
f 3203/3118/2855 3220/3135/2871 3204/3119/2856
f 3204/3119/2856 3220/3135/2871 3221/3136/2872
f 3204/3119/2856 3221/3136/2872 3205/3120/2857
f 3205/3120/2857 3221/3136/2872 3222/3137/2873
f 3205/3120/2857 3222/3137/2873 3206/3121/2858
f 3206/3121/2858 3222/3137/2873 3223/3138/2874
f 3206/3121/2858 3223/3138/2874 3207/3122/2859
f 3207/3122/2859 3223/3138/2874 3224/3139/2875
f 3207/3122/2859 3224/3139/2875 3208/3123/2860
f 3208/3123/2860 3224/3139/2875 3225/3140/2876
f 3208/3123/2860 3225/3140/2876 3209/3124/2861
f 3209/3124/2861 3225/3140/2876 3226/3141/2877
f 3209/3124/2861 3226/3141/2877 3210/3125/2862
f 3210/3125/2862 3226/3141/2877 3227/3142/2878
f 3210/3125/2862 3227/3142/2878 3211/3126/2863
f 3215/3130/1628 3228/3143/1615 3216/3131/2867
f 3216/3131/2867 3228/3143/1615 3229/3144/2879
f 3216/3131/2867 3229/3144/2879 3217/3132/2868
f 3217/3132/2868 3229/3144/2879 3230/3145/2880
f 3217/3132/2868 3230/3145/2880 3218/3133/2869
f 3218/3133/2869 3230/3145/2880 3231/3146/2881
f 3218/3133/2869 3231/3146/2881 3219/3134/2870
f 3219/3134/2870 3231/3146/2881 3232/3147/2882
f 3219/3134/2870 3232/3147/2882 3220/3135/2871
f 3220/3135/2871 3232/3147/2882 3233/3148/2883
f 3220/3135/2871 3233/3148/2883 3221/3136/2872
f 3221/3136/2872 3233/3148/2883 3234/3149/2884
f 3221/3136/2872 3234/3149/2884 3222/3137/2873
f 3222/3137/2873 3234/3149/2884 3235/3150/2885
f 3222/3137/2873 3235/3150/2885 3223/3138/2874
f 3223/3138/2874 3235/3150/2885 3236/3151/2886
f 3223/3138/2874 3236/3151/2886 3224/3139/2875
f 3224/3139/2875 3236/3151/2886 3237/3152/2887
f 3224/3139/2875 3237/3152/2887 3225/3140/2876
f 3225/3140/2876 3237/3152/2887 3238/3153/2888
f 3225/3140/2876 3238/3153/2888 3226/3141/2877
f 3226/3141/2877 3238/3153/2888 3239/3154/2889
f 3226/3141/2877 3239/3154/2889 3240/3155/2890
f 3228/3143/1615 3241/3156/1600 3229/3144/2879
f 3229/3144/2879 3241/3156/1600 3242/3157/2891
f 3229/3144/2879 3242/3157/2891 3230/3145/2880
f 3230/3145/2880 3242/3157/2891 3243/3158/2892
f 3230/3145/2880 3243/3158/2892 3231/3146/2881
f 3231/3146/2881 3243/3158/2892 3244/3159/2893
f 3231/3146/2881 3244/3159/2893 3232/3147/2882
f 3232/3147/2882 3244/3159/2893 3245/3160/2894
f 3232/3147/2882 3245/3160/2894 3233/3148/2883
f 3233/3148/2883 3245/3160/2894 3246/3161/2895
f 3233/3148/2883 3246/3161/2895 3234/3149/2884
f 3234/3149/2884 3246/3161/2895 3247/3162/2896
f 3234/3149/2884 3247/3162/2896 3235/3150/2885
f 3235/3150/2885 3247/3162/2896 3248/3163/2897
f 3235/3150/2885 3248/3163/2897 3236/3151/2886
f 3236/3151/2886 3248/3163/2897 3249/3164/2898
f 3236/3151/2886 3249/3164/2898 3237/3152/2887
f 3237/3152/2887 3249/3164/2898 3250/3165/2899
f 3237/3152/2887 3250/3165/2899 3238/3153/2888
f 3238/3153/2888 3250/3165/2899 3251/3166/2900
f 3238/3153/2888 3251/3166/2900 3239/3154/2889
f 3241/3156/1600 3252/3167/1584 3242/3157/2891
f 3242/3157/2891 3252/3167/1584 3253/3168/2901
f 3242/3157/2891 3253/3168/2901 3243/3158/2892
f 3243/3158/2892 3253/3168/2901 3254/3169/2902
f 3243/3158/2892 3254/3169/2902 3244/3159/2893
f 3244/3159/2893 3254/3169/2902 3255/3170/2903
f 3244/3159/2893 3255/3170/2903 3245/3160/2894
f 3245/3160/2894 3255/3170/2903 3256/3171/2904
f 3245/3160/2894 3256/3171/2904 3246/3161/2895
f 3246/3161/2895 3256/3171/2904 3257/3172/2905
f 3246/3161/2895 3257/3172/2905 3247/3162/2896
f 3247/3162/2896 3257/3172/2905 3258/3173/2906
f 3247/3162/2896 3258/3173/2906 3248/3163/2897
f 3248/3163/2897 3258/3173/2906 3259/3174/2907
f 3248/3163/2897 3259/3174/2907 3249/3164/2898
f 3249/3164/2898 3259/3174/2907 3260/3175/2908
f 3249/3164/2898 3260/3175/2908 3250/3165/2899
f 3250/3165/2899 3260/3175/2908 3261/3176/2909
f 3250/3165/2899 3261/3176/2909 3251/3166/2900
f 3253/3168/2901 3252/3167/1584 3262/3177/2910
f 3262/3177/2910 3252/3167/1584 3263/3178/1567
f 3262/3177/2910 3263/3178/1567 3264/3179/2911
f 3264/3179/2911 3263/3178/1567 3265/3180/1414
f 3264/3179/2911 3265/3180/1414 3266/3181/2912
f 3266/3181/2912 3265/3180/1414 3267/3182/1416
f 3266/3181/2912 3267/3182/1416 3268/3183/2913
f 3268/3183/2913 3267/3182/1416 3269/3184/2914
f 3268/3183/2913 3269/3184/2914 3270/3185/2915
f 3270/3185/2915 3269/3184/2914 3271/3186/2916
f 3270/3185/2915 3271/3186/2916 3272/3187/2917
f 3272/3187/2917 3271/3186/2916 3273/3188/2918
f 3272/3187/2917 3273/3188/2918 3274/3189/2919
f 3274/3189/2919 3273/3188/2918 3275/3190/2920
f 3274/3189/2919 3275/3190/2920 3276/3191/2921
f 3276/3191/2921 3275/3190/2920 3277/3192/2922
f 3276/3191/2921 3277/3192/2922 3278/3193/2923
f 3267/3182/1416 3279/3194/1418 3269/3184/2914
f 3269/3184/2914 3279/3194/1418 3280/3195/2924
f 3269/3184/2914 3280/3195/2924 3271/3186/2916
f 3271/3186/2916 3280/3195/2924 3281/3196/2925
f 3271/3186/2916 3281/3196/2925 3273/3188/2918
f 3273/3188/2918 3281/3196/2925 3282/3197/2926
f 3273/3188/2918 3282/3197/2926 3275/3190/2920
f 3275/3190/2920 3282/3197/2926 3283/3198/2927
f 3275/3190/2920 3283/3198/2927 3277/3192/2922
f 3279/3194/1418 3284/3199/1420 3280/3195/2924
f 3280/3195/2924 3284/3199/1420 3285/3200/2928
f 3280/3195/2924 3285/3200/2928 3281/3196/2925
f 3281/3196/2925 3285/3200/2928 3286/3201/2929
f 3281/3196/2925 3286/3201/2929 3282/3197/2926
f 3282/3197/2926 3286/3201/2929 3283/3198/2927
f 3284/3199/1420 3287/3202/1422 3285/3200/2928
f 3285/3200/2928 3287/3202/1422 3288/3203/2930
f 3285/3200/2928 3288/3203/2930 3286/3201/2929
f 3286/3201/2929 3288/3203/2930 3289/3204/2931
f 3286/3201/2929 3289/3204/2931 3283/3198/2927
f 3290/3205/1424 3289/3204/2931 3287/3202/1422
f 3287/3202/1422 3289/3204/2931 3288/3203/2930
f 3276/3191/2921 3278/3193/2923 3291/3206/2932
f 3291/3206/2932 3278/3193/2923 3292/3207/2933
f 3291/3206/2932 3292/3207/2933 3293/3208/2934
f 3293/3208/2934 3292/3207/2933 3294/3209/2935
f 3293/3208/2934 3294/3209/2935 3295/3210/2936
f 3295/3210/2936 3294/3209/2935 3296/3211/2937
f 3295/3210/2936 3296/3211/2937 3260/3175/2908
f 3260/3175/2908 3296/3211/2937 3297/3212/2938
f 3260/3175/2908 3297/3212/2938 3261/3176/2909
f 3240/3155/2890 3227/3142/2878 3226/3141/2877
f 3212/3127/2864 3214/3129/2866 3018/2933/2717
f 3018/2933/2717 3214/3129/2866 3016/2931/2715
f 3020/2935/2719 3212/3127/2864 3018/2933/2717
f 3017/2932/2716 3114/3029/2795 3019/2934/2718
f 3019/2934/2718 3114/3029/2795 3298/3213/2939
f 3019/2934/2718 3298/3213/2939 3021/2936/2720
f 3021/2936/2720 3298/3213/2939 3299/3214/2940
f 3021/2936/2720 3299/3214/2940 3023/2938/2722
f 3023/2938/2722 3299/3214/2940 3300/3215/2941
f 3023/2938/2722 3300/3215/2941 3025/2940/2724
f 3025/2940/2724 3300/3215/2941 3301/3216/2942
f 3025/2940/2724 3301/3216/2942 3027/2942/2726
f 3027/2942/2726 3301/3216/2942 3302/3217/2943
f 3027/2942/2726 3302/3217/2943 3029/2944/2728
f 3029/2944/2728 3302/3217/2943 3112/3027/2793
f 3029/2944/2728 3112/3027/2793 3031/2946/2730
f 3260/3175/2908 3259/3174/2907 3295/3210/2936
f 3295/3210/2936 3259/3174/2907 3303/3218/2944
f 3295/3210/2936 3303/3218/2944 3293/3208/2934
f 3293/3208/2934 3303/3218/2944 3304/3219/2945
f 3293/3208/2934 3304/3219/2945 3291/3206/2932
f 3291/3206/2932 3304/3219/2945 3305/3220/2946
f 3291/3206/2932 3305/3220/2946 3274/3189/2919
f 3274/3189/2919 3305/3220/2946 3272/3187/2917
f 3291/3206/2932 3274/3189/2919 3276/3191/2921
f 3116/3031/2796 3118/3033/2798 3298/3213/2939
f 3298/3213/2939 3118/3033/2798 3299/3214/2940
f 3300/3215/2941 3299/3214/2940 3120/3035/2800
f 3120/3035/2800 3299/3214/2940 3118/3033/2798
f 3303/3218/2944 3259/3174/2907 3258/3173/2906
f 3304/3219/2945 3303/3218/2944 3306/3221/2947
f 3306/3221/2947 3303/3218/2944 3258/3173/2906
f 3306/3221/2947 3258/3173/2906 3257/3172/2905
f 3305/3220/2946 3304/3219/2945 3307/3222/2948
f 3307/3222/2948 3304/3219/2945 3306/3221/2947
f 3307/3222/2948 3306/3221/2947 3308/3223/2949
f 3308/3223/2949 3306/3221/2947 3257/3172/2905
f 3308/3223/2949 3257/3172/2905 3256/3171/2904
f 3272/3187/2917 3305/3220/2946 3309/3224/2950
f 3309/3224/2950 3305/3220/2946 3307/3222/2948
f 3309/3224/2950 3307/3222/2948 3310/3225/2951
f 3310/3225/2951 3307/3222/2948 3308/3223/2949
f 3310/3225/2951 3308/3223/2949 3311/3226/2952
f 3311/3226/2952 3308/3223/2949 3256/3171/2904
f 3311/3226/2952 3256/3171/2904 3255/3170/2903
f 3272/3187/2917 3309/3224/2950 3270/3185/2915
f 3270/3185/2915 3309/3224/2950 3312/3227/2953
f 3270/3185/2915 3312/3227/2953 3268/3183/2913
f 3268/3183/2913 3312/3227/2953 3266/3181/2912
f 3312/3227/2953 3309/3224/2950 3310/3225/2951
f 3114/3029/2795 3116/3031/2796 3298/3213/2939
f 3301/3216/2942 3300/3215/2941 3122/3037/2802
f 3122/3037/2802 3300/3215/2941 3120/3035/2800
f 3312/3227/2953 3310/3225/2951 3313/3228/2954
f 3313/3228/2954 3310/3225/2951 3311/3226/2952
f 3313/3228/2954 3311/3226/2952 3314/3229/2955
f 3314/3229/2955 3311/3226/2952 3255/3170/2903
f 3314/3229/2955 3255/3170/2903 3254/3169/2902
f 3266/3181/2912 3313/3228/2954 3264/3179/2911
f 3264/3179/2911 3313/3228/2954 3314/3229/2955
f 3264/3179/2911 3314/3229/2955 3262/3177/2910
f 3262/3177/2910 3314/3229/2955 3254/3169/2902
f 3262/3177/2910 3254/3169/2902 3253/3168/2901
f 3313/3228/2954 3266/3181/2912 3312/3227/2953
f 3302/3217/2943 3301/3216/2942 3124/3039/2804
f 3124/3039/2804 3301/3216/2942 3122/3037/2802
f 3131/3046/2809 3130/3045/2808 3132/3047/2810
f 3100/3015/2781 3102/3017/2783 3132/3047/2810
f 3132/3047/2810 3102/3017/2783 3131/3046/2809
f 3102/3017/2783 3104/3019/2785 3131/3046/2809
f 3112/3027/2793 3302/3217/2943 3110/3025/2791
f 3110/3025/2791 3302/3217/2943 3124/3039/2804
f 3101/3016/2782 3099/3014/2780 3315/3230/2956
f 3315/3230/2956 3099/3014/2780 3097/3012/2779
f 3315/3230/2956 3097/3012/2779 3316/3231/2957
f 3316/3231/2957 3097/3012/2779 3095/3010/2778
f 3316/3231/2957 3095/3010/2778 3317/3232/2958
f 3317/3232/2958 3095/3010/2778 3092/3007/2777
f 3317/3232/2958 3092/3007/2777 3090/3005/2775
f 3103/3018/2784 3101/3016/2782 3318/3233/2959
f 3318/3233/2959 3101/3016/2782 3315/3230/2956
f 3318/3233/2959 3315/3230/2956 3319/3234/2960
f 3319/3234/2960 3315/3230/2956 3316/3231/2957
f 3319/3234/2960 3316/3231/2957 3320/3235/2961
f 3320/3235/2961 3316/3231/2957 3317/3232/2958
f 3320/3235/2961 3317/3232/2958 3321/3236/2962
f 3321/3236/2962 3317/3232/2958 3090/3005/2775
f 3321/3236/2962 3090/3005/2775 3088/3003/2773
f 3105/3020/2786 3103/3018/2784 3322/3237/2963
f 3322/3237/2963 3103/3018/2784 3318/3233/2959
f 3322/3237/2963 3318/3233/2959 3323/3238/2964
f 3323/3238/2964 3318/3233/2959 3319/3234/2960
f 3323/3238/2964 3319/3234/2960 3324/3239/2965
f 3324/3239/2965 3319/3234/2960 3320/3235/2961
f 3324/3239/2965 3320/3235/2961 3325/3240/2966
f 3325/3240/2966 3320/3235/2961 3321/3236/2962
f 3325/3240/2966 3321/3236/2962 3326/3241/2967
f 3326/3241/2967 3321/3236/2962 3088/3003/2773
f 3326/3241/2967 3088/3003/2773 3086/3001/2771
f 3107/3022/2788 3105/3020/2786 3327/3242/2968
f 3327/3242/2968 3105/3020/2786 3322/3237/2963
f 3327/3242/2968 3322/3237/2963 3328/3243/2969
f 3328/3243/2969 3322/3237/2963 3323/3238/2964
f 3328/3243/2969 3323/3238/2964 3329/3244/2970
f 3329/3244/2970 3323/3238/2964 3324/3239/2965
f 3329/3244/2970 3324/3239/2965 3330/3245/2971
f 3330/3245/2971 3324/3239/2965 3325/3240/2966
f 3330/3245/2971 3325/3240/2966 3331/3246/2972
f 3331/3246/2972 3325/3240/2966 3326/3241/2967
f 3331/3246/2972 3326/3241/2967 3332/3247/2973
f 3332/3247/2973 3326/3241/2967 3086/3001/2771
f 3332/3247/2973 3086/3001/2771 3084/2999/2769
f 3109/3024/2790 3107/3022/2788 3333/3248/2974
f 3333/3248/2974 3107/3022/2788 3327/3242/2968
f 3333/3248/2974 3327/3242/2968 3334/3249/2975
f 3334/3249/2975 3327/3242/2968 3328/3243/2969
f 3334/3249/2975 3328/3243/2969 3335/3250/2976
f 3335/3250/2976 3328/3243/2969 3329/3244/2970
f 3335/3250/2976 3329/3244/2970 3336/3251/2977
f 3336/3251/2977 3329/3244/2970 3330/3245/2971
f 3336/3251/2977 3330/3245/2971 3337/3252/2978
f 3337/3252/2978 3330/3245/2971 3331/3246/2972
f 3337/3252/2978 3331/3246/2972 3338/3253/2979
f 3338/3253/2979 3331/3246/2972 3332/3247/2973
f 3338/3253/2979 3332/3247/2973 3339/3254/2980
f 3339/3254/2980 3332/3247/2973 3084/2999/2769
f 3339/3254/2980 3084/2999/2769 3082/2997/2767
f 3111/3026/2792 3109/3024/2790 3340/3255/2981
f 3340/3255/2981 3109/3024/2790 3333/3248/2974
f 3340/3255/2981 3333/3248/2974 3341/3256/2982
f 3341/3256/2982 3333/3248/2974 3334/3249/2975
f 3341/3256/2982 3334/3249/2975 3342/3257/2983
f 3342/3257/2983 3334/3249/2975 3335/3250/2976
f 3342/3257/2983 3335/3250/2976 3343/3258/2984
f 3343/3258/2984 3335/3250/2976 3336/3251/2977
f 3343/3258/2984 3336/3251/2977 3344/3259/2985
f 3344/3259/2985 3336/3251/2977 3337/3252/2978
f 3344/3259/2985 3337/3252/2978 3345/3260/2986
f 3345/3260/2986 3337/3252/2978 3338/3253/2979
f 3345/3260/2986 3338/3253/2979 3346/3261/2987
f 3346/3261/2987 3338/3253/2979 3339/3254/2980
f 3346/3261/2987 3339/3254/2980 3347/3262/2988
f 3347/3262/2988 3339/3254/2980 3082/2997/2767
f 3347/3262/2988 3082/2997/2767 3080/2995/2765
f 3113/3028/2794 3111/3026/2792 3348/3263/2989
f 3348/3263/2989 3111/3026/2792 3340/3255/2981
f 3348/3263/2989 3340/3255/2981 3349/3264/2990
f 3349/3264/2990 3340/3255/2981 3341/3256/2982
f 3349/3264/2990 3341/3256/2982 3350/3265/2991
f 3350/3265/2991 3341/3256/2982 3342/3257/2983
f 3350/3265/2991 3342/3257/2983 3351/3266/2992
f 3351/3266/2992 3342/3257/2983 3343/3258/2984
f 3351/3266/2992 3343/3258/2984 3352/3267/2993
f 3352/3267/2993 3343/3258/2984 3344/3259/2985
f 3352/3267/2993 3344/3259/2985 3353/3268/2994
f 3353/3268/2994 3344/3259/2985 3345/3260/2986
f 3353/3268/2994 3345/3260/2986 3354/3269/2995
f 3354/3269/2995 3345/3260/2986 3346/3261/2987
f 3354/3269/2995 3346/3261/2987 3355/3270/2996
f 3355/3270/2996 3346/3261/2987 3347/3262/2988
f 3355/3270/2996 3347/3262/2988 3356/3271/2997
f 3356/3271/2997 3347/3262/2988 3080/2995/2765
f 3356/3271/2997 3080/2995/2765 3078/2993/2763
f 3033/2948/2732 3113/3028/2794 3357/3272/2998
f 3357/3272/2998 3113/3028/2794 3348/3263/2989
f 3357/3272/2998 3348/3263/2989 3358/3273/2999
f 3358/3273/2999 3348/3263/2989 3349/3264/2990
f 3358/3273/2999 3349/3264/2990 3359/3274/3000
f 3359/3274/3000 3349/3264/2990 3350/3265/2991
f 3359/3274/3000 3350/3265/2991 3360/3275/3001
f 3360/3275/3001 3350/3265/2991 3351/3266/2992
f 3360/3275/3001 3351/3266/2992 3361/3276/3002
f 3361/3276/3002 3351/3266/2992 3352/3267/2993
f 3361/3276/3002 3352/3267/2993 3362/3277/3003
f 3362/3277/3003 3352/3267/2993 3353/3268/2994
f 3362/3277/3003 3353/3268/2994 3363/3278/3004
f 3363/3278/3004 3353/3268/2994 3354/3269/2995
f 3363/3278/3004 3354/3269/2995 3364/3279/3005
f 3364/3279/3005 3354/3269/2995 3355/3270/2996
f 3364/3279/3005 3355/3270/2996 3365/3280/3006
f 3365/3280/3006 3355/3270/2996 3356/3271/2997
f 3365/3280/3006 3356/3271/2997 3366/3281/3007
f 3366/3281/3007 3356/3271/2997 3078/2993/2763
f 3366/3281/3007 3078/2993/2763 3076/2991/2761
f 3358/3273/2999 3367/3282/3008 3357/3272/2998
f 3357/3272/2998 3367/3282/3008 3035/2950/2734
f 3357/3272/2998 3035/2950/2734 3033/2948/2732
f 3035/2950/2734 3367/3282/3008 3037/2952/2736
f 3037/2952/2736 3367/3282/3008 3368/3283/3009
f 3037/2952/2736 3368/3283/3009 3039/2954/2738
f 3039/2954/2738 3368/3283/3009 3369/3284/3010
f 3039/2954/2738 3369/3284/3010 3041/2956/2740
f 3041/2956/2740 3369/3284/3010 3370/3285/3011
f 3041/2956/2740 3370/3285/3011 3043/2958/2742
f 3043/2958/2742 3370/3285/3011 3371/3286/3012
f 3043/2958/2742 3371/3286/3012 3045/2960/2744
f 3045/2960/2744 3371/3286/3012 3049/2964/2745
f 3367/3282/3008 3358/3273/2999 3372/3287/3013
f 3372/3287/3013 3358/3273/2999 3359/3274/3000
f 3372/3287/3013 3359/3274/3000 3373/3288/3014
f 3373/3288/3014 3359/3274/3000 3360/3275/3001
f 3373/3288/3014 3360/3275/3001 3374/3289/3015
f 3374/3289/3015 3360/3275/3001 3361/3276/3002
f 3374/3289/3015 3361/3276/3002 3375/3290/3016
f 3375/3290/3016 3361/3276/3002 3362/3277/3003
f 3375/3290/3016 3362/3277/3003 3376/3291/3017
f 3376/3291/3017 3362/3277/3003 3363/3278/3004
f 3376/3291/3017 3363/3278/3004 3377/3292/3018
f 3377/3292/3018 3363/3278/3004 3364/3279/3005
f 3377/3292/3018 3364/3279/3005 3378/3293/3019
f 3378/3293/3019 3364/3279/3005 3365/3280/3006
f 3378/3293/3019 3365/3280/3006 3379/3294/3020
f 3379/3294/3020 3365/3280/3006 3366/3281/3007
f 3379/3294/3020 3366/3281/3007 3380/3295/3021
f 3380/3295/3021 3366/3281/3007 3076/2991/2761
f 3380/3295/3021 3076/2991/2761 3074/2989/2759
f 3367/3282/3008 3372/3287/3013 3368/3283/3009
f 3368/3283/3009 3372/3287/3013 3381/3296/3022
f 3368/3283/3009 3381/3296/3022 3369/3284/3010
f 3369/3284/3010 3381/3296/3022 3382/3297/3023
f 3369/3284/3010 3382/3297/3023 3370/3285/3011
f 3370/3285/3011 3382/3297/3023 3383/3298/3024
f 3370/3285/3011 3383/3298/3024 3371/3286/3012
f 3371/3286/3012 3383/3298/3024 3384/3299/3025
f 3371/3286/3012 3384/3299/3025 3049/2964/2745
f 3049/2964/2745 3384/3299/3025 3051/2966/2746
f 3381/3296/3022 3372/3287/3013 3373/3288/3014
f 3381/3296/3022 3373/3288/3014 3385/3300/3026
f 3385/3300/3026 3373/3288/3014 3374/3289/3015
f 3385/3300/3026 3374/3289/3015 3386/3301/3027
f 3386/3301/3027 3374/3289/3015 3375/3290/3016
f 3386/3301/3027 3375/3290/3016 3387/3302/3028
f 3387/3302/3028 3375/3290/3016 3376/3291/3017
f 3387/3302/3028 3376/3291/3017 3388/3303/3029
f 3388/3303/3029 3376/3291/3017 3377/3292/3018
f 3388/3303/3029 3377/3292/3018 3389/3304/3030
f 3389/3304/3030 3377/3292/3018 3378/3293/3019
f 3389/3304/3030 3378/3293/3019 3390/3305/3031
f 3390/3305/3031 3378/3293/3019 3379/3294/3020
f 3390/3305/3031 3379/3294/3020 3391/3306/3032
f 3391/3306/3032 3379/3294/3020 3380/3295/3021
f 3391/3306/3032 3380/3295/3021 3392/3307/3033
f 3392/3307/3033 3380/3295/3021 3074/2989/2759
f 3392/3307/3033 3074/2989/2759 3072/2987/2757
f 3386/3301/3027 3393/3308/3034 3385/3300/3026
f 3385/3300/3026 3393/3308/3034 3382/3297/3023
f 3385/3300/3026 3382/3297/3023 3381/3296/3022
f 3382/3297/3023 3393/3308/3034 3383/3298/3024
f 3383/3298/3024 3393/3308/3034 3394/3309/3035
f 3383/3298/3024 3394/3309/3035 3384/3299/3025
f 3384/3299/3025 3394/3309/3035 3395/3310/3036
f 3384/3299/3025 3395/3310/3036 3051/2966/2746
f 3051/2966/2746 3395/3310/3036 3053/2968/2747
f 3393/3308/3034 3386/3301/3027 3396/3311/3037
f 3396/3311/3037 3386/3301/3027 3387/3302/3028
f 3396/3311/3037 3387/3302/3028 3397/3312/3038
f 3397/3312/3038 3387/3302/3028 3388/3303/3029
f 3397/3312/3038 3388/3303/3029 3398/3313/3039
f 3398/3313/3039 3388/3303/3029 3389/3304/3030
f 3398/3313/3039 3389/3304/3030 3399/3314/3040
f 3399/3314/3040 3389/3304/3030 3390/3305/3031
f 3399/3314/3040 3390/3305/3031 3400/3315/3041
f 3400/3315/3041 3390/3305/3031 3391/3306/3032
f 3400/3315/3041 3391/3306/3032 3401/3316/3042
f 3401/3316/3042 3391/3306/3032 3392/3307/3033
f 3401/3316/3042 3392/3307/3033 3402/3317/3043
f 3402/3317/3043 3392/3307/3033 3072/2987/2757
f 3402/3317/3043 3072/2987/2757 3070/2985/2755
f 3138/3053/2814 3137/3052/2813 3183/3098/2844
f 3393/3308/3034 3396/3311/3037 3394/3309/3035
f 3394/3309/3035 3396/3311/3037 3403/3318/3044
f 3394/3309/3035 3403/3318/3044 3395/3310/3036
f 3395/3310/3036 3403/3318/3044 3404/3319/3045
f 3395/3310/3036 3404/3319/3045 3053/2968/2747
f 3053/2968/2747 3404/3319/3045 3055/2970/2748
f 3403/3318/3044 3396/3311/3037 3397/3312/3038
f 3138/3053/2814 3183/3098/2844 3405/3320/3046
f 3405/3320/3046 3183/3098/2844 3182/3097/2843
f 3405/3320/3046 3182/3097/2843 3406/3321/3047
f 3406/3321/3047 3182/3097/2843 3181/3096/2842
f 3406/3321/3047 3181/3096/2842 3407/3322/3048
f 3407/3322/3048 3181/3096/2842 3180/3095/2841
f 3407/3322/3048 3180/3095/2841 3408/3323/3049
f 3408/3323/3049 3180/3095/2841 3179/3094/2840
f 3408/3323/3049 3179/3094/2840 3409/3324/3050
f 3409/3324/3050 3179/3094/2840 3178/3093/2839
f 3409/3324/3050 3178/3093/2839 3186/3101/2845
f 3186/3101/2845 3178/3093/2839 3177/3092/2838
f 3403/3318/3044 3397/3312/3038 3410/3325/3051
f 3410/3325/3051 3397/3312/3038 3398/3313/3039
f 3410/3325/3051 3398/3313/3039 3411/3326/3052
f 3411/3326/3052 3398/3313/3039 3399/3314/3040
f 3411/3326/3052 3399/3314/3040 3412/3327/3053
f 3412/3327/3053 3399/3314/3040 3400/3315/3041
f 3412/3327/3053 3400/3315/3041 3413/3328/3054
f 3413/3328/3054 3400/3315/3041 3401/3316/3042
f 3413/3328/3054 3401/3316/3042 3414/3329/3055
f 3414/3329/3055 3401/3316/3042 3402/3317/3043
f 3414/3329/3055 3402/3317/3043 3068/2983/2754
f 3068/2983/2754 3402/3317/3043 3070/2985/2755
f 3138/3053/2814 3405/3320/3046 3139/3054/2815
f 3139/3054/2815 3405/3320/3046 3415/3330/3056
f 3139/3054/2815 3415/3330/3056 3140/3055/2816
f 3140/3055/2816 3415/3330/3056 3416/3331/3057
f 3140/3055/2816 3416/3331/3057 3141/3056/2817
f 3141/3056/2817 3416/3331/3057 3417/3332/3058
f 3141/3056/2817 3417/3332/3058 3142/3057/2818
f 3142/3057/2818 3417/3332/3058 3418/3333/3059
f 3142/3057/2818 3418/3333/3059 3143/3058/2819
f 3143/3058/2819 3418/3333/3059 3197/3112/2850
f 3143/3058/2819 3197/3112/2850 3144/3059/2820
f 3415/3330/3056 3405/3320/3046 3406/3321/3047
f 3403/3318/3044 3410/3325/3051 3404/3319/3045
f 3404/3319/3045 3410/3325/3051 3419/3334/3060
f 3404/3319/3045 3419/3334/3060 3055/2970/2748
f 3055/2970/2748 3419/3334/3060 3057/2972/2749
f 3419/3334/3060 3410/3325/3051 3411/3326/3052
f 3415/3330/3056 3406/3321/3047 3420/3335/3061
f 3420/3335/3061 3406/3321/3047 3407/3322/3048
f 3420/3335/3061 3407/3322/3048 3421/3336/3062
f 3421/3336/3062 3407/3322/3048 3408/3323/3049
f 3421/3336/3062 3408/3323/3049 3422/3337/3063
f 3422/3337/3063 3408/3323/3049 3409/3324/3050
f 3422/3337/3063 3409/3324/3050 3188/3103/2846
f 3188/3103/2846 3409/3324/3050 3186/3101/2845
f 3419/3334/3060 3411/3326/3052 3423/3338/3064
f 3423/3338/3064 3411/3326/3052 3412/3327/3053
f 3423/3338/3064 3412/3327/3053 3424/3339/3065
f 3424/3339/3065 3412/3327/3053 3413/3328/3054
f 3424/3339/3065 3413/3328/3054 3425/3340/3066
f 3425/3340/3066 3413/3328/3054 3414/3329/3055
f 3425/3340/3066 3414/3329/3055 3066/2981/2753
f 3066/2981/2753 3414/3329/3055 3068/2983/2754
f 3415/3330/3056 3420/3335/3061 3416/3331/3057
f 3416/3331/3057 3420/3335/3061 3426/3341/3067
f 3416/3331/3057 3426/3341/3067 3417/3332/3058
f 3417/3332/3058 3426/3341/3067 3427/3342/3068
f 3417/3332/3058 3427/3342/3068 3418/3333/3059
f 3418/3333/3059 3427/3342/3068 3195/3110/2849
f 3418/3333/3059 3195/3110/2849 3197/3112/2850
f 3426/3341/3067 3420/3335/3061 3421/3336/3062
f 3059/2974/2750 3057/2972/2749 3423/3338/3064
f 3423/3338/3064 3057/2972/2749 3419/3334/3060
f 3059/2974/2750 3423/3338/3064 3424/3339/3065
f 3426/3341/3067 3421/3336/3062 3428/3343/3069
f 3428/3343/3069 3421/3336/3062 3422/3337/3063
f 3428/3343/3069 3422/3337/3063 3191/3106/2847
f 3191/3106/2847 3422/3337/3063 3188/3103/2846
f 3061/2976/2751 3059/2974/2750 3424/3339/3065
f 3061/2976/2751 3424/3339/3065 3425/3340/3066
f 3426/3341/3067 3428/3343/3069 3427/3342/3068
f 3427/3342/3068 3428/3343/3069 3193/3108/2848
f 3427/3342/3068 3193/3108/2848 3195/3110/2849
f 3193/3108/2848 3428/3343/3069 3191/3106/2847
f 3063/2978/2752 3061/2976/2751 3425/3340/3066
f 3063/2978/2752 3425/3340/3066 3066/2981/2753
f 3429/3344/1307 3430/3345/3070 3431/3346/1309
f 3431/3346/1309 3430/3345/3070 3432/3347/3071
f 3431/3346/1309 3432/3347/3071 3433/3348/3072
f 3433/3348/3072 3432/3347/3071 3434/3349/3073
f 3433/3348/3072 3434/3349/3073 3435/3350/3074
f 3435/3350/3074 3434/3349/3073 3436/3351/3075
f 3435/3350/3074 3436/3351/3075 3437/3352/3076
f 3437/3352/3076 3436/3351/3075 3438/3353/3077
f 3437/3352/3076 3438/3353/3077 3439/3354/3078
f 3439/3354/3078 3438/3353/3077 3440/3355/3079
f 3439/3354/3078 3440/3355/3079 3441/3356/3080
f 3441/3356/3080 3440/3355/3079 3442/3357/3081
f 3441/3356/3080 3442/3357/3081 3443/3358/3082
f 3443/3358/3082 3442/3357/3081 3444/3359/3083
f 3443/3358/3082 3444/3359/3083 3445/3360/3084
f 3445/3360/3084 3444/3359/3083 3446/3361/3085
f 3445/3360/3084 3446/3361/3085 3447/3362/3086
f 3447/3362/3086 3446/3361/3085 3448/3363/3087
f 3447/3362/3086 3448/3363/3087 3449/3364/3088
f 3449/3364/3088 3448/3363/3087 3450/3365/3089
f 3449/3364/3088 3450/3365/3089 3451/3366/3090
f 3451/3366/3090 3450/3365/3089 3452/3367/3091
f 3451/3366/3090 3452/3367/3091 3453/3368/3092
f 3453/3368/3092 3452/3367/3091 3454/3369/3093
f 3453/3368/3092 3454/3369/3093 3455/3370/3094
f 3455/3370/3094 3454/3369/3093 3456/3371/3095
f 3455/3370/3094 3456/3371/3095 3457/3372/3096
f 3457/3372/3096 3456/3371/3095 3458/3373/3097
f 3457/3372/3096 3458/3373/3097 3459/3374/3098
f 3459/3374/3098 3458/3373/3097 3460/3375/3099
f 3459/3374/3098 3460/3375/3099 3461/3376/3100
f 3461/3376/3100 3460/3375/3099 3462/3377/3101
f 3461/3376/3100 3462/3377/3101 3463/3378/3102
f 3463/3378/3102 3462/3377/3101 3464/3379/3103
f 3463/3378/3102 3464/3379/3103 3465/3380/3104
f 3465/3380/3104 3464/3379/3103 3466/3381/3105
f 3465/3380/3104 3466/3381/3105 3467/3382/1356
f 3467/3382/1356 3466/3381/3105 3468/3383/3106
f 3467/3382/1356 3468/3383/3106 3469/3384/1355
f 3469/3384/1355 3468/3383/3106 3470/3385/3107
f 3470/3385/3107 3468/3383/3106 3471/3386/3108
f 3470/3385/3107 3471/3386/3108 3472/3387/3109
f 3472/3387/3109 3471/3386/3108 3473/3388/3110
f 3472/3387/3109 3473/3388/3110 3474/3389/3111
f 3474/3389/3111 3473/3388/3110 3475/3390/3112
f 3474/3389/3111 3475/3390/3112 3476/3391/3113
f 3476/3391/3113 3475/3390/3112 3458/3373/3097
f 3476/3391/3113 3458/3373/3097 3456/3371/3095
f 3429/3344/1307 3477/3392/3114 3430/3345/3070
f 3430/3345/3070 3477/3392/3114 3478/3393/3115
f 3430/3345/3070 3478/3393/3115 3479/3394/3116
f 3479/3394/3116 3478/3393/3115 3480/3395/3117
f 3479/3394/3116 3480/3395/3117 3481/3396/3118
f 3481/3396/3118 3480/3395/3117 3482/3397/3119
f 3481/3396/3118 3482/3397/3119 3436/3351/3075
f 3436/3351/3075 3482/3397/3119 3438/3353/3077
f 3480/3395/3117 3483/3398/3120 3482/3397/3119
f 3482/3397/3119 3483/3398/3120 3484/3399/3121
f 3482/3397/3119 3484/3399/3121 3438/3353/3077
f 3438/3353/3077 3484/3399/3121 3440/3355/3079
f 3483/3398/3120 3485/3400/3122 3484/3399/3121
f 3484/3399/3121 3485/3400/3122 3486/3401/3123
f 3484/3399/3121 3486/3401/3123 3487/3402/3124
f 3487/3402/3124 3486/3401/3123 3488/3403/3125
f 3487/3402/3124 3488/3403/3125 3489/3404/3126
f 3489/3404/3126 3488/3403/3125 3490/3405/3127
f 3489/3404/3126 3490/3405/3127 3491/3406/3128
f 3491/3406/3128 3490/3405/3127 3492/3407/3129
f 3491/3406/3128 3492/3407/3129 3493/3408/3130
f 3493/3408/3130 3492/3407/3129 3494/3409/3131
f 3493/3408/3130 3494/3409/3131 3495/3410/3132
f 3495/3410/3132 3494/3409/3131 3496/3411/3133
f 3495/3410/3132 3496/3411/3133 3497/3412/3134
f 3497/3412/3134 3496/3411/3133 3498/3413/3135
f 3497/3412/3134 3498/3413/3135 3499/3414/3136
f 3499/3414/3136 3498/3413/3135 3500/3415/3137
f 3499/3414/3136 3500/3415/3137 3501/3416/3138
f 3501/3416/3138 3500/3415/3137 3502/3417/3139
f 3501/3416/3138 3502/3417/3139 3476/3391/3113
f 3476/3391/3113 3502/3417/3139 3474/3389/3111
f 3481/3396/3118 3436/3351/3075 3434/3349/3073
f 3430/3345/3070 3479/3394/3116 3432/3347/3071
f 3432/3347/3071 3479/3394/3116 3434/3349/3073
f 3479/3394/3116 3481/3396/3118 3434/3349/3073
f 3484/3399/3121 3487/3402/3124 3440/3355/3079
f 3440/3355/3079 3487/3402/3124 3442/3357/3081
f 3487/3402/3124 3489/3404/3126 3442/3357/3081
f 3442/3357/3081 3489/3404/3126 3444/3359/3083
f 3489/3404/3126 3491/3406/3128 3444/3359/3083
f 3444/3359/3083 3491/3406/3128 3446/3361/3085
f 3491/3406/3128 3493/3408/3130 3446/3361/3085
f 3446/3361/3085 3493/3408/3130 3448/3363/3087
f 3493/3408/3130 3495/3410/3132 3448/3363/3087
f 3448/3363/3087 3495/3410/3132 3450/3365/3089
f 3495/3410/3132 3497/3412/3134 3450/3365/3089
f 3450/3365/3089 3497/3412/3134 3452/3367/3091
f 3497/3412/3134 3499/3414/3136 3452/3367/3091
f 3452/3367/3091 3499/3414/3136 3454/3369/3093
f 3499/3414/3136 3501/3416/3138 3454/3369/3093
f 3454/3369/3093 3501/3416/3138 3456/3371/3095
f 3501/3416/3138 3476/3391/3113 3456/3371/3095
f 3458/3373/3097 3475/3390/3112 3460/3375/3099
f 3460/3375/3099 3475/3390/3112 3473/3388/3110
f 3460/3375/3099 3473/3388/3110 3462/3377/3101
f 3462/3377/3101 3473/3388/3110 3471/3386/3108
f 3462/3377/3101 3471/3386/3108 3464/3379/3103
f 3464/3379/3103 3471/3386/3108 3468/3383/3106
f 3464/3379/3103 3468/3383/3106 3466/3381/3105
f 3503/3418/3140 3504/3419/3141 3505/2527/3142
f 3505/2527/3142 3504/3419/3141 3506/3420/3143
f 3505/2527/3142 3506/3420/3143 3507/2526/3144
f 3507/2526/3144 3506/3420/3143 3508/3421/3145
f 3507/2526/3144 3508/3421/3145 3509/2525/3146
f 3509/2525/3146 3508/3421/3145 3510/2559/3147
f 3510/2559/3147 3508/3421/3145 3511/3422/3148
f 3510/2559/3147 3511/3422/3148 3512/2558/3149
f 3512/2558/3149 3511/3422/3148 3513/3423/3150
f 3512/2558/3149 3513/3423/3150 3514/2557/3151
f 3514/2557/3151 3513/3423/3150 3515/3424/3152
f 3514/2557/3151 3515/3424/3152 3516/2556/3153
f 3516/2556/3153 3515/3424/3152 3517/3425/3154
f 3516/2556/3153 3517/3425/3154 3518/2555/3155
f 3518/2555/3155 3517/3425/3154 3519/3426/3156
f 3518/2555/3155 3519/3426/3156 3520/2554/3157
f 3520/2554/3157 3519/3426/3156 3521/3427/3158
f 3520/2554/3157 3521/3427/3158 3522/2553/3159
f 3522/2553/3159 3521/3427/3158 3523/3428/3160
f 3522/2553/3159 3523/3428/3160 3524/2552/3161
f 3524/2552/3161 3523/3428/3160 3525/3429/3162
f 3524/2552/3161 3525/3429/3162 3526/2551/3163
f 3526/2551/3163 3525/3429/3162 3527/3430/3164
f 3526/2551/3163 3527/3430/3164 3528/2550/3165
f 3528/2550/3165 3527/3430/3164 3529/3431/3166
f 3528/2550/3165 3529/3431/3166 3530/2549/3167
f 3530/2549/3167 3529/3431/3166 3531/3432/3168
f 3530/2549/3167 3531/3432/3168 3532/2548/3169
f 3532/2548/3169 3531/3432/3168 3533/2547/3170
f 3533/2547/3170 3531/3432/3168 3534/3433/3171
f 3533/2547/3170 3534/3433/3171 3535/2546/3172
f 3535/2546/3172 3534/3433/3171 3536/3434/3173
f 3535/2546/3172 3536/3434/3173 3537/2545/3174
f 3537/2545/3174 3536/3434/3173 3538/3435/3175
f 3537/2545/3174 3538/3435/3175 3539/2544/3176
f 3539/2544/3176 3538/3435/3175 3540/2543/3177
f 3540/2543/3177 3538/3435/3175 3541/3436/3178
f 3540/2543/3177 3541/3436/3178 3542/2542/3179
f 3542/2542/3179 3541/3436/3178 3543/3437/3180
f 3542/2542/3179 3543/3437/3180 3544/2541/3181
f 3544/2541/3181 3543/3437/3180 3545/2540/3182
f 3545/2540/3182 3543/3437/3180 3546/3438/3183
f 3545/2540/3182 3546/3438/3183 3547/2539/3184
f 3547/2539/3184 3546/3438/3183 3548/3439/3185
f 3547/2539/3184 3548/3439/3185 3549/2538/3186
f 3549/2538/3186 3548/3439/3185 3550/3440/3187
f 3549/2538/3186 3550/3440/3187 3551/2537/3188
f 3551/2537/3188 3550/3440/3187 3552/3441/3189
f 3551/2537/3188 3552/3441/3189 3553/3442/3190
f 3551/2537/3188 3553/3442/3190 3554/2536/3191
f 3554/2536/3191 3553/3442/3190 3555/3443/3192
f 3554/2536/3191 3555/3443/3192 3556/3444/3193
f 3554/2536/3191 3556/3444/3193 3557/2535/3194
f 3557/2535/3194 3556/3444/3193 3558/3445/3195
f 3557/2535/3194 3558/3445/3195 3559/2534/3196
f 3559/2534/3196 3558/3445/3195 3560/3446/3197
f 3559/2534/3196 3560/3446/3197 3561/3447/3198
f 3561/3447/3198 3562/3448/3199 3559/2534/3196
f 3559/2534/3196 3562/3448/3199 3563/2533/3200
f 3563/2533/3200 3562/3448/3199 3564/3449/3201
f 3563/2533/3200 3564/3449/3201 3565/2532/3202
f 3565/2532/3202 3564/3449/3201 3566/3450/3203
f 3565/2532/3202 3566/3450/3203 3567/2531/3204
f 3567/2531/3204 3566/3450/3203 3568/3451/3205
f 3567/2531/3204 3568/3451/3205 3569/2530/3206
f 3569/2530/3206 3568/3451/3205 3570/3452/3207
f 3569/2530/3206 3570/3452/3207 3571/2529/3208
f 3571/2529/3208 3570/3452/3207 3572/2528/3209
f 3572/2528/3209 3570/3452/3207 3503/3418/3140
f 3572/2528/3209 3503/3418/3140 3505/2527/3142
f 3573/2388/3210 3574/2386/3211 3575/1508/3212
f 3575/1508/3212 3574/2386/3211 3576/2384/3213
f 3575/1508/3212 3576/2384/3213 3577/2425/3214
f 3577/2425/3214 3578/2427/3215 3575/1508/3212
f 3575/1508/3212 3578/2427/3215 3579/2429/3216
f 3575/1508/3212 3579/2429/3216 3580/2431/3217
f 3580/2431/3217 3581/2433/3218 3575/1508/3212
f 3575/1508/3212 3581/2433/3218 3582/2436/3219
f 3575/1508/3212 3582/2436/3219 3583/2439/3220
f 3583/2439/3220 3584/2442/3221 3575/1508/3212
f 3575/1508/3212 3584/2442/3221 3585/2445/3222
f 3575/1508/3212 3585/2445/3222 3586/2447/3223
f 3586/2447/3223 3587/2449/3224 3575/1508/3212
f 3575/1508/3212 3587/2449/3224 3588/2451/3225
f 3575/1508/3212 3588/2451/3225 3589/2452/3226
f 3589/2452/3226 3590/2453/3227 3575/1508/3212
f 3575/1508/3212 3590/2453/3227 3591/2421/3228
f 3575/1508/3212 3591/2421/3228 3592/2419/3229
f 3592/2419/3229 3593/2418/3230 3575/1508/3212
f 3575/1508/3212 3593/2418/3230 3594/2416/3231
f 3575/1508/3212 3594/2416/3231 3595/2414/3232
f 3595/2414/3232 3596/2412/3233 3575/1508/3212
f 3575/1508/3212 3596/2412/3233 3597/2410/3234
f 3575/1508/3212 3597/2410/3234 3598/2408/3235
f 3598/2408/3235 3599/2406/3236 3575/1508/3212
f 3575/1508/3212 3599/2406/3236 3600/2404/3237
f 3575/1508/3212 3600/2404/3237 3601/2402/3238
f 3601/2402/3238 3602/2400/3239 3575/1508/3212
f 3575/1508/3212 3602/2400/3239 3603/2398/3240
f 3575/1508/3212 3603/2398/3240 3604/2396/3241
f 3604/2396/3241 3605/2394/3242 3575/1508/3212
f 3575/1508/3212 3605/2394/3242 3606/2393/3243
f 3575/1508/3212 3606/2393/3243 3607/2391/3244
f 3607/2391/3244 3608/2389/3245 3575/1508/3212
f 3575/1508/3212 3608/2389/3245 3573/2388/3210
# Vertices: 2071, normals: 1940, texture coordinates: 1998, faces: 3456

