# WaveFront *.obj file (generated by Autodesk ATF)

mtllib 竹椅子.mtl

g ソリッド1

v -130.000000 0.000000 -90.000000
v -130.000000 0.000000 90.000000
v -130.000000 325.000000 -130.000000
v -130.000000 325.000000 -90.000000
v -130.000000 325.000000 90.000000
v -130.000000 325.000000 130.000000
v -130.000000 370.000000 -130.000000
v -130.000000 370.000000 130.000000
v -128.997116 0.000000 -98.900833
v -128.997116 0.000000 -81.099167
v -128.997116 0.000000 81.099167
v -128.997116 0.000000 98.900833
v -128.997116 325.000000 -98.900833
v -128.997116 325.000000 -81.099167
v -128.997116 325.000000 81.099167
v -128.997116 325.000000 98.900833
v -126.038752 0.000000 -107.355347
v -126.038752 0.000000 -72.644649
v -126.038752 0.000000 72.644649
v -126.038752 0.000000 107.355347
v -126.038752 325.000000 -107.355347
v -126.038752 325.000000 -72.644649
v -126.038752 325.000000 72.644649
v -126.038752 325.000000 107.355347
v -121.273260 0.000000 -114.939594
v -121.273260 0.000000 -65.060406
v -121.273260 0.000000 65.060406
v -121.273260 0.000000 114.939594
v -121.273260 325.000000 -114.939594
v -121.273260 325.000000 -65.060406
v -121.273260 325.000000 65.060406
v -121.273260 325.000000 114.939594
v -118.999996 0.000000 -90.000000
v -118.999996 0.000000 90.000000
v -118.999996 325.000000 -90.000000
v -118.999996 325.000000 90.000000
v -118.011847 0.000000 -97.505751
v -118.011847 0.000000 -82.494249
v -118.011847 0.000000 82.494249
v -118.011847 0.000000 97.505751
v -118.011847 325.000000 -97.505751
v -118.011847 325.000000 -82.494249
v -118.011847 325.000000 82.494249
v -118.011847 325.000000 97.505751
v -115.114737 0.000000 -104.499998
v -115.114737 0.000000 -75.500002
v -115.114737 0.000000 75.500002
v -115.114737 0.000000 104.499998
v -115.114737 325.000000 -104.499998
v -115.114737 325.000000 -75.500002
v -115.114737 325.000000 75.500002
v -115.114737 325.000000 104.499998
v -114.939594 0.000000 -121.273260
v -114.939594 0.000000 -58.726740
v -114.939594 0.000000 58.726740
v -114.939594 0.000000 121.273260
v -114.939594 325.000000 -121.273260
v -114.939594 325.000000 -58.726740
v -114.939594 325.000000 58.726740
v -114.939594 325.000000 121.273260
v -110.506096 0.000000 -110.506096
v -110.506096 0.000000 -69.493904
v -110.506096 0.000000 69.493904
v -110.506096 0.000000 110.506096
v -110.506096 325.000000 -110.506096
v -110.506096 325.000000 -69.493904
v -110.506096 325.000000 69.493904
v -110.506096 325.000000 110.506096
v -107.355347 0.000000 -126.038752
v -107.355347 0.000000 -53.961244
v -107.355347 0.000000 53.961244
v -107.355347 0.000000 126.038752
v -107.355347 325.000000 -126.038752
v -107.355347 325.000000 -53.961244
v -107.355347 325.000000 53.961244
v -107.355347 325.000000 126.038752
v -104.499998 0.000000 -115.114737
v -104.499998 0.000000 -64.885263
v -104.499998 0.000000 64.885263
v -104.499998 0.000000 115.114737
v -104.499998 325.000000 -115.114737
v -104.499998 325.000000 -64.885263
v -104.499998 325.000000 64.885263
v -104.499998 325.000000 115.114737
v -98.900833 0.000000 -128.997116
v -98.900833 0.000000 -51.002884
v -98.900833 0.000000 51.002884
v -98.900833 0.000000 128.997116
v -98.900833 325.000000 -128.997116
v -98.900833 325.000000 -51.002884
v -98.900833 325.000000 51.002884
v -98.900833 325.000000 128.997116
v -97.505751 0.000000 -118.011847
v -97.505751 0.000000 -61.988149
v -97.505751 0.000000 61.988149
v -97.505751 0.000000 118.011847
v -97.505751 325.000000 -118.011847
v -97.505751 325.000000 -61.988149
v -97.505751 325.000000 61.988149
v -97.505751 325.000000 118.011847
v -90.000000 0.000000 -130.000000
v -90.000000 0.000000 -118.999996
v -90.000000 0.000000 -60.999999
v -90.000000 0.000000 -50.000000
v -90.000000 0.000000 50.000000
v -90.000000 0.000000 60.999999
v -90.000000 0.000000 118.999996
v -90.000000 0.000000 130.000000
v -90.000000 325.000000 -130.000000
v -90.000000 325.000000 -118.999996
v -90.000000 325.000000 -60.999999
v -90.000000 325.000000 -50.000000
v -90.000000 325.000000 50.000000
v -90.000000 325.000000 60.999999
v -90.000000 325.000000 118.999996
v -90.000000 325.000000 130.000000
v -82.494249 0.000000 -118.011847
v -82.494249 0.000000 -61.988149
v -82.494249 0.000000 61.988149
v -82.494249 0.000000 118.011847
v -82.494249 325.000000 -118.011847
v -82.494249 325.000000 -61.988149
v -82.494249 325.000000 61.988149
v -82.494249 325.000000 118.011847
v -81.099167 0.000000 -128.997116
v -81.099167 0.000000 -51.002884
v -81.099167 0.000000 51.002884
v -81.099167 0.000000 128.997116
v -81.099167 325.000000 -128.997116
v -81.099167 325.000000 -51.002884
v -81.099167 325.000000 51.002884
v -81.099167 325.000000 128.997116
v -75.500002 0.000000 -115.114737
v -75.500002 0.000000 -64.885263
v -75.500002 0.000000 64.885263
v -75.500002 0.000000 115.114737
v -75.500002 325.000000 -115.114737
v -75.500002 325.000000 -64.885263
v -75.500002 325.000000 64.885263
v -75.500002 325.000000 115.114737
v -72.644649 0.000000 -126.038752
v -72.644649 0.000000 -53.961244
v -72.644649 0.000000 53.961244
v -72.644649 0.000000 126.038752
v -72.644649 325.000000 -126.038752
v -72.644649 325.000000 -53.961244
v -72.644649 325.000000 53.961244
v -72.644649 325.000000 126.038752
v -69.493904 0.000000 -110.506096
v -69.493904 0.000000 -69.493904
v -69.493904 0.000000 69.493904
v -69.493904 0.000000 110.506096
v -69.493904 325.000000 -110.506096
v -69.493904 325.000000 -69.493904
v -69.493904 325.000000 69.493904
v -69.493904 325.000000 110.506096
v -65.060406 0.000000 -121.273260
v -65.060406 0.000000 -58.726740
v -65.060406 0.000000 58.726740
v -65.060406 0.000000 121.273260
v -65.060406 325.000000 -121.273260
v -65.060406 325.000000 -58.726740
v -65.060406 325.000000 58.726740
v -65.060406 325.000000 121.273260
v -64.885263 0.000000 -104.499998
v -64.885263 0.000000 -75.500002
v -64.885263 0.000000 75.500002
v -64.885263 0.000000 104.499998
v -64.885263 325.000000 -104.499998
v -64.885263 325.000000 -75.500002
v -64.885263 325.000000 75.500002
v -64.885263 325.000000 104.499998
v -61.988149 0.000000 -97.505751
v -61.988149 0.000000 -82.494249
v -61.988149 0.000000 82.494249
v -61.988149 0.000000 97.505751
v -61.988149 325.000000 -97.505751
v -61.988149 325.000000 -82.494249
v -61.988149 325.000000 82.494249
v -61.988149 325.000000 97.505751
v -60.999999 0.000000 -90.000000
v -60.999999 0.000000 90.000000
v -60.999999 325.000000 -90.000000
v -60.999999 325.000000 90.000000
v -58.726740 0.000000 -114.939594
v -58.726740 0.000000 -65.060406
v -58.726740 0.000000 65.060406
v -58.726740 0.000000 114.939594
v -58.726740 325.000000 -114.939594
v -58.726740 325.000000 -65.060406
v -58.726740 325.000000 65.060406
v -58.726740 325.000000 114.939594
v -53.961244 0.000000 -107.355347
v -53.961244 0.000000 -72.644649
v -53.961244 0.000000 72.644649
v -53.961244 0.000000 107.355347
v -53.961244 325.000000 -107.355347
v -53.961244 325.000000 -72.644649
v -53.961244 325.000000 72.644649
v -53.961244 325.000000 107.355347
v -51.002884 0.000000 -98.900833
v -51.002884 0.000000 -81.099167
v -51.002884 0.000000 81.099167
v -51.002884 0.000000 98.900833
v -51.002884 325.000000 -98.900833
v -51.002884 325.000000 -81.099167
v -51.002884 325.000000 81.099167
v -51.002884 325.000000 98.900833
v -50.000000 0.000000 -90.000000
v -50.000000 0.000000 90.000000
v -50.000000 325.000000 -90.000000
v -50.000000 325.000000 90.000000
v 50.000000 0.000000 -90.000000
v 50.000000 0.000000 90.000000
v 50.000000 325.000000 -90.000000
v 50.000000 325.000000 90.000000
v 51.002884 0.000000 -98.900833
v 51.002884 0.000000 -81.099167
v 51.002884 0.000000 81.099167
v 51.002884 0.000000 98.900833
v 51.002884 325.000000 -98.900833
v 51.002884 325.000000 -81.099167
v 51.002884 325.000000 81.099167
v 51.002884 325.000000 98.900833
v 53.961244 0.000000 -107.355347
v 53.961244 0.000000 -72.644649
v 53.961244 0.000000 72.644649
v 53.961244 0.000000 107.355347
v 53.961244 325.000000 -107.355347
v 53.961244 325.000000 -72.644649
v 53.961244 325.000000 72.644649
v 53.961244 325.000000 107.355347
v 58.726740 0.000000 -114.939594
v 58.726740 0.000000 -65.060406
v 58.726740 0.000000 65.060406
v 58.726740 0.000000 114.939594
v 58.726740 325.000000 -114.939594
v 58.726740 325.000000 -65.060406
v 58.726740 325.000000 65.060406
v 58.726740 325.000000 114.939594
v 60.999999 0.000000 -90.000000
v 60.999999 0.000000 90.000000
v 60.999999 325.000000 -90.000000
v 60.999999 325.000000 90.000000
v 61.988149 0.000000 -97.505751
v 61.988149 0.000000 -82.494249
v 61.988149 0.000000 82.494249
v 61.988149 0.000000 97.505751
v 61.988149 325.000000 -97.505751
v 61.988149 325.000000 -82.494249
v 61.988149 325.000000 82.494249
v 61.988149 325.000000 97.505751
v 64.885263 0.000000 -104.499998
v 64.885263 0.000000 -75.500002
v 64.885263 0.000000 75.500002
v 64.885263 0.000000 104.499998
v 64.885263 325.000000 -104.499998
v 64.885263 325.000000 -75.500002
v 64.885263 325.000000 75.500002
v 64.885263 325.000000 104.499998
v 65.060406 0.000000 -121.273260
v 65.060406 0.000000 -58.726740
v 65.060406 0.000000 58.726740
v 65.060406 0.000000 121.273260
v 65.060406 325.000000 -121.273260
v 65.060406 325.000000 -58.726740
v 65.060406 325.000000 58.726740
v 65.060406 325.000000 121.273260
v 69.493904 0.000000 -110.506096
v 69.493904 0.000000 -69.493904
v 69.493904 0.000000 69.493904
v 69.493904 0.000000 110.506096
v 69.493904 325.000000 -110.506096
v 69.493904 325.000000 -69.493904
v 69.493904 325.000000 69.493904
v 69.493904 325.000000 110.506096
v 72.644649 0.000000 -126.038752
v 72.644649 0.000000 -53.961244
v 72.644649 0.000000 53.961244
v 72.644649 0.000000 126.038752
v 72.644649 325.000000 -126.038752
v 72.644649 325.000000 -53.961244
v 72.644649 325.000000 53.961244
v 72.644649 325.000000 126.038752
v 75.500002 0.000000 -115.114737
v 75.500002 0.000000 -64.885263
v 75.500002 0.000000 64.885263
v 75.500002 0.000000 115.114737
v 75.500002 325.000000 -115.114737
v 75.500002 325.000000 -64.885263
v 75.500002 325.000000 64.885263
v 75.500002 325.000000 115.114737
v 81.099167 0.000000 -128.997116
v 81.099167 0.000000 -51.002884
v 81.099167 0.000000 51.002884
v 81.099167 0.000000 128.997116
v 81.099167 325.000000 -128.997116
v 81.099167 325.000000 -51.002884
v 81.099167 325.000000 51.002884
v 81.099167 325.000000 128.997116
v 82.494249 0.000000 -118.011847
v 82.494249 0.000000 -61.988149
v 82.494249 0.000000 61.988149
v 82.494249 0.000000 118.011847
v 82.494249 325.000000 -118.011847
v 82.494249 325.000000 -61.988149
v 82.494249 325.000000 61.988149
v 82.494249 325.000000 118.011847
v 90.000000 0.000000 -130.000000
v 90.000000 0.000000 -118.999996
v 90.000000 0.000000 -60.999999
v 90.000000 0.000000 -50.000000
v 90.000000 0.000000 50.000000
v 90.000000 0.000000 60.999999
v 90.000000 0.000000 118.999996
v 90.000000 0.000000 130.000000
v 90.000000 325.000000 -130.000000
v 90.000000 325.000000 -118.999996
v 90.000000 325.000000 -60.999999
v 90.000000 325.000000 -50.000000
v 90.000000 325.000000 50.000000
v 90.000000 325.000000 60.999999
v 90.000000 325.000000 118.999996
v 90.000000 325.000000 130.000000
v 97.505751 0.000000 -118.011847
v 97.505751 0.000000 -61.988149
v 97.505751 0.000000 61.988149
v 97.505751 0.000000 118.011847
v 97.505751 325.000000 -118.011847
v 97.505751 325.000000 -61.988149
v 97.505751 325.000000 61.988149
v 97.505751 325.000000 118.011847
v 98.900833 0.000000 -128.997116
v 98.900833 0.000000 -51.002884
v 98.900833 0.000000 51.002884
v 98.900833 0.000000 128.997116
v 98.900833 325.000000 -128.997116
v 98.900833 325.000000 -51.002884
v 98.900833 325.000000 51.002884
v 98.900833 325.000000 128.997116
v 104.499998 0.000000 -115.114737
v 104.499998 0.000000 -64.885263
v 104.499998 0.000000 64.885263
v 104.499998 0.000000 115.114737
v 104.499998 325.000000 -115.114737
v 104.499998 325.000000 -64.885263
v 104.499998 325.000000 64.885263
v 104.499998 325.000000 115.114737
v 107.355347 0.000000 -126.038752
v 107.355347 0.000000 -53.961244
v 107.355347 0.000000 53.961244
v 107.355347 0.000000 126.038752
v 107.355347 325.000000 -126.038752
v 107.355347 325.000000 -53.961244
v 107.355347 325.000000 53.961244
v 107.355347 325.000000 126.038752
v 110.506096 0.000000 -110.506096
v 110.506096 0.000000 -69.493904
v 110.506096 0.000000 69.493904
v 110.506096 0.000000 110.506096
v 110.506096 325.000000 -110.506096
v 110.506096 325.000000 -69.493904
v 110.506096 325.000000 69.493904
v 110.506096 325.000000 110.506096
v 114.939594 0.000000 -121.273260
v 114.939594 0.000000 -58.726740
v 114.939594 0.000000 58.726740
v 114.939594 0.000000 121.273260
v 114.939594 325.000000 -121.273260
v 114.939594 325.000000 -58.726740
v 114.939594 325.000000 58.726740
v 114.939594 325.000000 121.273260
v 115.114737 0.000000 -104.499998
v 115.114737 0.000000 -75.500002
v 115.114737 0.000000 75.500002
v 115.114737 0.000000 104.499998
v 115.114737 325.000000 -104.499998
v 115.114737 325.000000 -75.500002
v 115.114737 325.000000 75.500002
v 115.114737 325.000000 104.499998
v 118.011847 0.000000 -97.505751
v 118.011847 0.000000 -82.494249
v 118.011847 0.000000 82.494249
v 118.011847 0.000000 97.505751
v 118.011847 325.000000 -97.505751
v 118.011847 325.000000 -82.494249
v 118.011847 325.000000 82.494249
v 118.011847 325.000000 97.505751
v 118.999996 0.000000 -90.000000
v 118.999996 0.000000 90.000000
v 118.999996 325.000000 -90.000000
v 118.999996 325.000000 90.000000
v 121.273260 0.000000 -114.939594
v 121.273260 0.000000 -65.060406
v 121.273260 0.000000 65.060406
v 121.273260 0.000000 114.939594
v 121.273260 325.000000 -114.939594
v 121.273260 325.000000 -65.060406
v 121.273260 325.000000 65.060406
v 121.273260 325.000000 114.939594
v 126.038752 0.000000 -107.355347
v 126.038752 0.000000 -72.644649
v 126.038752 0.000000 72.644649
v 126.038752 0.000000 107.355347
v 126.038752 325.000000 -107.355347
v 126.038752 325.000000 -72.644649
v 126.038752 325.000000 72.644649
v 126.038752 325.000000 107.355347
v 128.997116 0.000000 -98.900833
v 128.997116 0.000000 -81.099167
v 128.997116 0.000000 81.099167
v 128.997116 0.000000 98.900833
v 128.997116 325.000000 -98.900833
v 128.997116 325.000000 -81.099167
v 128.997116 325.000000 81.099167
v 128.997116 325.000000 98.900833
v 130.000000 0.000000 -90.000000
v 130.000000 0.000000 90.000000
v 130.000000 325.000000 -130.000000
v 130.000000 325.000000 -90.000000
v 130.000000 325.000000 90.000000
v 130.000000 325.000000 130.000000
v 130.000000 370.000000 -130.000000
v 130.000000 370.000000 130.000000
vt 32.500000 -9.110620 0.000000
vt 32.500000 -8.351400 0.000000
vt 32.500000 -7.592182 0.000000
vt 32.500000 -6.832964 0.000000
vt 32.500000 -6.073746 0.000000
vt 32.500000 -5.314528 0.000000
vt 32.500000 -4.555310 0.000000
vt 32.500000 -3.796091 0.000000
vt 32.500000 -3.036873 0.000000
vt 32.500000 -2.277655 0.000000
vt 32.500000 -1.518437 0.000000
vt 32.500000 -0.759218 0.000000
vt 32.500000 0.000000 0.000000
vt 32.500000 0.759218 0.000000
vt 32.500000 1.518437 0.000000
vt 32.500000 2.277655 0.000000
vt 32.500000 3.036873 0.000000
vt 32.500000 3.796091 0.000000
vt 32.500000 4.555310 0.000000
vt 32.500000 5.314528 0.000000
vt 32.500000 6.073746 0.000000
vt 32.500000 6.832964 0.000000
vt 32.500000 7.592182 0.000000
vt 32.500000 8.351400 0.000000
vt 0.000000 9.110620 0.000000
vt 0.000000 8.351400 0.000000
vt 0.000000 7.592182 0.000000
vt 0.000000 6.832964 0.000000
vt 0.000000 6.073746 0.000000
vt 0.000000 5.314528 0.000000
vt 0.000000 4.555310 0.000000
vt 0.000000 3.796091 0.000000
vt 0.000000 3.036873 0.000000
vt 0.000000 2.277655 0.000000
vt 0.000000 1.518437 0.000000
vt 0.000000 0.759218 0.000000
vt 0.000000 0.000000 0.000000
vt 0.000000 -0.759218 0.000000
vt 0.000000 -1.518437 0.000000
vt 0.000000 -2.277655 0.000000
vt 0.000000 -3.036873 0.000000
vt 0.000000 -3.796091 0.000000
vt 0.000000 -4.555310 0.000000
vt 0.000000 -5.314528 0.000000
vt 0.000000 -6.073746 0.000000
vt 0.000000 -6.832964 0.000000
vt 0.000000 -7.592182 0.000000
vt 0.000000 -8.351400 0.000000
vt 0.000000 -9.110620 0.000000
vt 32.500000 9.110620 0.000000
vt -32.500000 0.000000 0.000000
vt -32.500000 -0.897598 0.000000
vt -32.500000 -1.795196 0.000000
vt -32.500000 -2.692794 0.000000
vt -32.500000 -3.590392 0.000000
vt -32.500000 -4.487989 0.000000
vt -32.500000 -5.385587 0.000000
vt -32.500000 -6.283185 0.000000
vt -32.500000 -7.180783 0.000000
vt -32.500000 -8.078382 0.000000
vt -32.500000 -8.975979 0.000000
vt -32.500000 -9.873577 0.000000
vt -32.500000 -10.771174 0.000000
vt -32.500000 -11.668773 0.000000
vt -32.500000 12.566371 0.000000
vt -32.500000 11.668773 0.000000
vt -32.500000 10.771174 0.000000
vt -32.500000 9.873577 0.000000
vt -32.500000 8.975979 0.000000
vt -32.500000 8.078382 0.000000
vt -32.500000 7.180783 0.000000
vt -32.500000 6.283185 0.000000
vt -32.500000 5.385587 0.000000
vt -32.500000 4.487989 0.000000
vt -32.500000 3.590392 0.000000
vt -32.500000 2.692794 0.000000
vt -32.500000 1.795196 0.000000
vt -32.500000 0.897598 0.000000
vt -0.000000 0.000000 0.000000
vt -0.000000 0.897598 0.000000
vt -0.000000 1.795196 0.000000
vt -0.000000 2.692794 0.000000
vt -0.000000 3.590392 0.000000
vt -0.000000 4.487989 0.000000
vt -0.000000 5.385587 0.000000
vt -0.000000 6.283185 0.000000
vt -0.000000 7.180783 0.000000
vt -0.000000 8.078382 0.000000
vt -0.000000 8.975979 0.000000
vt -0.000000 9.873577 0.000000
vt -0.000000 10.771174 0.000000
vt -0.000000 11.668773 0.000000
vt -0.000000 -12.566371 0.000000
vt -0.000000 -11.668773 0.000000
vt -0.000000 -10.771174 0.000000
vt -0.000000 -9.873577 0.000000
vt -0.000000 -8.975979 0.000000
vt -0.000000 -8.078382 0.000000
vt -0.000000 -7.180783 0.000000
vt -0.000000 -6.283185 0.000000
vt -0.000000 -5.385587 0.000000
vt -0.000000 -4.487989 0.000000
vt -0.000000 -3.590392 0.000000
vt -0.000000 -2.692794 0.000000
vt -0.000000 -1.795196 0.000000
vt -0.000000 -0.897598 0.000000
vt -0.000000 12.566371 0.000000
vt -32.500000 -12.566371 0.000000
vt 0.000000 4.000000 0.000000
vt -0.890084 3.899712 0.000000
vt -1.735535 3.603875 0.000000
vt -2.493959 3.127326 0.000000
vt -3.127326 2.493959 0.000000
vt -3.603875 1.735535 0.000000
vt -3.899712 0.890084 0.000000
vt -4.000000 0.000000 0.000000
vt -3.899712 -0.890084 0.000000
vt -3.603875 -1.735535 0.000000
vt -3.127326 -2.493959 0.000000
vt -2.493959 -3.127326 0.000000
vt -1.735535 -3.603875 0.000000
vt -0.890084 -3.899712 0.000000
vt 0.000000 -4.000000 0.000000
vt 0.890084 -3.899712 0.000000
vt 1.735535 -3.603875 0.000000
vt 2.493959 -3.127326 0.000000
vt 3.127326 -2.493959 0.000000
vt 3.603875 -1.735535 0.000000
vt 3.899712 -0.890084 0.000000
vt 4.000000 0.000000 0.000000
vt 3.899712 0.890084 0.000000
vt 3.603875 1.735535 0.000000
vt 3.127326 2.493959 0.000000
vt 2.493959 3.127326 0.000000
vt 1.735535 3.603875 0.000000
vt 0.890084 3.899712 0.000000
vt 0.000000 2.900000 0.000000
vt 0.750575 2.801185 0.000000
vt 1.450000 2.511474 0.000000
vt 2.050610 2.050610 0.000000
vt 2.511474 1.450000 0.000000
vt 2.801185 0.750575 0.000000
vt 2.900000 0.000000 0.000000
vt 2.801185 -0.750575 0.000000
vt 2.511474 -1.450000 0.000000
vt 2.050610 -2.050610 0.000000
vt 1.450000 -2.511474 0.000000
vt 0.750575 -2.801185 0.000000
vt 0.000000 -2.900000 0.000000
vt -0.750575 -2.801185 0.000000
vt -1.450000 -2.511474 0.000000
vt -2.050610 -2.050610 0.000000
vt -2.511474 -1.450000 0.000000
vt -2.801185 -0.750575 0.000000
vt -2.900000 0.000000 0.000000
vt -2.801185 0.750575 0.000000
vt -2.511474 1.450000 0.000000
vt -2.050610 2.050610 0.000000
vt -1.450000 2.511474 0.000000
vt -0.750575 2.801185 0.000000
vt 32.500000 -9.110620 0.000000
vt 32.500000 -8.351400 0.000000
vt 32.500000 -7.592182 0.000000
vt 32.500000 -6.832964 0.000000
vt 32.500000 -6.073746 0.000000
vt 32.500000 -5.314528 0.000000
vt 32.500000 -4.555310 0.000000
vt 32.500000 -3.796091 0.000000
vt 32.500000 -3.036873 0.000000
vt 32.500000 -2.277655 0.000000
vt 32.500000 -1.518437 0.000000
vt 32.500000 -0.759218 0.000000
vt 32.500000 0.000000 0.000000
vt 32.500000 0.759218 0.000000
vt 32.500000 1.518437 0.000000
vt 32.500000 2.277655 0.000000
vt 32.500000 3.036873 0.000000
vt 32.500000 3.796091 0.000000
vt 32.500000 4.555310 0.000000
vt 32.500000 5.314528 0.000000
vt 32.500000 6.073746 0.000000
vt 32.500000 6.832964 0.000000
vt 32.500000 7.592182 0.000000
vt 32.500000 8.351400 0.000000
vt 0.000000 9.110620 0.000000
vt 0.000000 8.351400 0.000000
vt 0.000000 7.592182 0.000000
vt 0.000000 6.832964 0.000000
vt 0.000000 6.073746 0.000000
vt 0.000000 5.314528 0.000000
vt 0.000000 4.555310 0.000000
vt 0.000000 3.796091 0.000000
vt 0.000000 3.036873 0.000000
vt 0.000000 2.277655 0.000000
vt 0.000000 1.518437 0.000000
vt 0.000000 0.759218 0.000000
vt 0.000000 0.000000 0.000000
vt 0.000000 -0.759218 0.000000
vt 0.000000 -1.518437 0.000000
vt 0.000000 -2.277655 0.000000
vt 0.000000 -3.036873 0.000000
vt 0.000000 -3.796091 0.000000
vt 0.000000 -4.555310 0.000000
vt 0.000000 -5.314528 0.000000
vt 0.000000 -6.073746 0.000000
vt 0.000000 -6.832964 0.000000
vt 0.000000 -7.592182 0.000000
vt 0.000000 -8.351400 0.000000
vt 0.000000 -9.110620 0.000000
vt 32.500000 9.110620 0.000000
vt -32.500000 0.000000 0.000000
vt -32.500000 -0.897598 0.000000
vt -32.500000 -1.795196 0.000000
vt -32.500000 -2.692794 0.000000
vt -32.500000 -3.590392 0.000000
vt -32.500000 -4.487989 0.000000
vt -32.500000 -5.385587 0.000000
vt -32.500000 -6.283185 0.000000
vt -32.500000 -7.180783 0.000000
vt -32.500000 -8.078382 0.000000
vt -32.500000 -8.975979 0.000000
vt -32.500000 -9.873577 0.000000
vt -32.500000 -10.771174 0.000000
vt -32.500000 -11.668773 0.000000
vt -32.500000 12.566371 0.000000
vt -32.500000 11.668773 0.000000
vt -32.500000 10.771174 0.000000
vt -32.500000 9.873577 0.000000
vt -32.500000 8.975979 0.000000
vt -32.500000 8.078382 0.000000
vt -32.500000 7.180783 0.000000
vt -32.500000 6.283185 0.000000
vt -32.500000 5.385587 0.000000
vt -32.500000 4.487989 0.000000
vt -32.500000 3.590392 0.000000
vt -32.500000 2.692794 0.000000
vt -32.500000 1.795196 0.000000
vt -32.500000 0.897598 0.000000
vt -0.000000 -6.283185 0.000000
vt -0.000000 -5.385587 0.000000
vt -0.000000 -4.487989 0.000000
vt -0.000000 -3.590392 0.000000
vt -0.000000 -2.692794 0.000000
vt -0.000000 -1.795196 0.000000
vt -0.000000 -0.897598 0.000000
vt -0.000000 0.000000 0.000000
vt -0.000000 0.897598 0.000000
vt -0.000000 1.795196 0.000000
vt -0.000000 2.692794 0.000000
vt -0.000000 3.590392 0.000000
vt -0.000000 4.487989 0.000000
vt -0.000000 5.385587 0.000000
vt -0.000000 6.283185 0.000000
vt -0.000000 7.180783 0.000000
vt -0.000000 8.078382 0.000000
vt -0.000000 8.975979 0.000000
vt -0.000000 9.873577 0.000000
vt -0.000000 10.771174 0.000000
vt -0.000000 11.668773 0.000000
vt -0.000000 -12.566371 0.000000
vt -0.000000 -11.668773 0.000000
vt -0.000000 -10.771174 0.000000
vt -0.000000 -9.873577 0.000000
vt -0.000000 -8.975979 0.000000
vt -0.000000 -8.078382 0.000000
vt -0.000000 -7.180783 0.000000
vt -0.000000 12.566371 0.000000
vt -32.500000 -12.566371 0.000000
vt 0.000000 4.000000 0.000000
vt -0.890084 3.899712 0.000000
vt -1.735535 3.603875 0.000000
vt -2.493959 3.127326 0.000000
vt -3.127326 2.493959 0.000000
vt -3.603875 1.735535 0.000000
vt -3.899712 0.890084 0.000000
vt -4.000000 0.000000 0.000000
vt -3.899712 -0.890084 0.000000
vt -3.603875 -1.735535 0.000000
vt -3.127326 -2.493959 0.000000
vt -2.493959 -3.127326 0.000000
vt -1.735535 -3.603875 0.000000
vt -0.890084 -3.899712 0.000000
vt 0.000000 -4.000000 0.000000
vt 0.890084 -3.899712 0.000000
vt 1.735535 -3.603875 0.000000
vt 2.493959 -3.127326 0.000000
vt 3.127326 -2.493959 0.000000
vt 3.603875 -1.735535 0.000000
vt 3.899712 -0.890084 0.000000
vt 4.000000 0.000000 0.000000
vt 3.899712 0.890084 0.000000
vt 3.603875 1.735535 0.000000
vt 3.127326 2.493959 0.000000
vt 2.493959 3.127326 0.000000
vt 1.735535 3.603875 0.000000
vt 0.890084 3.899712 0.000000
vt 0.000000 2.900000 0.000000
vt 0.750575 2.801185 0.000000
vt 1.450000 2.511474 0.000000
vt 2.050610 2.050610 0.000000
vt 2.511474 1.450000 0.000000
vt 2.801185 0.750575 0.000000
vt 2.900000 0.000000 0.000000
vt 2.801185 -0.750575 0.000000
vt 2.511474 -1.450000 0.000000
vt 2.050610 -2.050610 0.000000
vt 1.450000 -2.511474 0.000000
vt 0.750575 -2.801185 0.000000
vt 0.000000 -2.900000 0.000000
vt -0.750575 -2.801185 0.000000
vt -1.450000 -2.511474 0.000000
vt -2.050610 -2.050610 0.000000
vt -2.511474 -1.450000 0.000000
vt -2.801185 -0.750575 0.000000
vt -2.900000 0.000000 0.000000
vt -2.801185 0.750575 0.000000
vt -2.511474 1.450000 0.000000
vt -2.050610 2.050610 0.000000
vt -1.450000 2.511474 0.000000
vt -0.750575 2.801185 0.000000
vt 32.500000 -9.110620 0.000000
vt 32.500000 -8.351400 0.000000
vt 32.500000 -7.592182 0.000000
vt 32.500000 -6.832964 0.000000
vt 32.500000 -6.073746 0.000000
vt 32.500000 -5.314528 0.000000
vt 32.500000 -4.555310 0.000000
vt 32.500000 -3.796091 0.000000
vt 32.500000 -3.036873 0.000000
vt 32.500000 -2.277655 0.000000
vt 32.500000 -1.518437 0.000000
vt 32.500000 -0.759218 0.000000
vt 32.500000 0.000000 0.000000
vt 32.500000 0.759218 0.000000
vt 32.500000 1.518437 0.000000
vt 32.500000 2.277655 0.000000
vt 32.500000 3.036873 0.000000
vt 32.500000 3.796091 0.000000
vt 32.500000 4.555310 0.000000
vt 32.500000 5.314528 0.000000
vt 32.500000 6.073746 0.000000
vt 32.500000 6.832964 0.000000
vt 32.500000 7.592182 0.000000
vt 32.500000 8.351400 0.000000
vt 0.000000 9.110620 0.000000
vt 0.000000 8.351400 0.000000
vt 0.000000 7.592182 0.000000
vt 0.000000 6.832964 0.000000
vt 0.000000 6.073746 0.000000
vt 0.000000 5.314528 0.000000
vt 0.000000 4.555310 0.000000
vt 0.000000 3.796091 0.000000
vt 0.000000 3.036873 0.000000
vt 0.000000 2.277655 0.000000
vt 0.000000 1.518437 0.000000
vt 0.000000 0.759218 0.000000
vt 0.000000 0.000000 0.000000
vt 0.000000 -0.759218 0.000000
vt 0.000000 -1.518437 0.000000
vt 0.000000 -2.277655 0.000000
vt 0.000000 -3.036873 0.000000
vt 0.000000 -3.796091 0.000000
vt 0.000000 -4.555310 0.000000
vt 0.000000 -5.314528 0.000000
vt 0.000000 -6.073746 0.000000
vt 0.000000 -6.832964 0.000000
vt 0.000000 -7.592182 0.000000
vt 0.000000 -8.351400 0.000000
vt 0.000000 -9.110620 0.000000
vt 32.500000 9.110620 0.000000
vt -32.500000 0.000000 0.000000
vt -32.500000 -0.897598 0.000000
vt -32.500000 -1.795196 0.000000
vt -32.500000 -2.692794 0.000000
vt -32.500000 -3.590392 0.000000
vt -32.500000 -4.487989 0.000000
vt -32.500000 -5.385587 0.000000
vt -32.500000 -6.283185 0.000000
vt -32.500000 -7.180783 0.000000
vt -32.500000 -8.078382 0.000000
vt -32.500000 -8.975979 0.000000
vt -32.500000 -9.873577 0.000000
vt -32.500000 -10.771174 0.000000
vt -32.500000 -11.668773 0.000000
vt -32.500000 12.566371 0.000000
vt -32.500000 11.668773 0.000000
vt -32.500000 10.771174 0.000000
vt -32.500000 9.873577 0.000000
vt -32.500000 8.975979 0.000000
vt -32.500000 8.078382 0.000000
vt -32.500000 7.180783 0.000000
vt -32.500000 6.283185 0.000000
vt -32.500000 5.385587 0.000000
vt -32.500000 4.487989 0.000000
vt -32.500000 3.590392 0.000000
vt -32.500000 2.692794 0.000000
vt -32.500000 1.795196 0.000000
vt -32.500000 0.897598 0.000000
vt -0.000000 0.000000 0.000000
vt -0.000000 0.897598 0.000000
vt -0.000000 1.795196 0.000000
vt -0.000000 2.692794 0.000000
vt -0.000000 3.590392 0.000000
vt -0.000000 4.487989 0.000000
vt -0.000000 5.385587 0.000000
vt -0.000000 6.283185 0.000000
vt -0.000000 7.180783 0.000000
vt -0.000000 8.078382 0.000000
vt -0.000000 8.975979 0.000000
vt -0.000000 9.873577 0.000000
vt -0.000000 10.771174 0.000000
vt -0.000000 11.668773 0.000000
vt -0.000000 -12.566371 0.000000
vt -0.000000 -11.668773 0.000000
vt -0.000000 -10.771174 0.000000
vt -0.000000 -9.873577 0.000000
vt -0.000000 -8.975979 0.000000
vt -0.000000 -8.078382 0.000000
vt -0.000000 -7.180783 0.000000
vt -0.000000 -6.283185 0.000000
vt -0.000000 -5.385587 0.000000
vt -0.000000 -4.487989 0.000000
vt -0.000000 -3.590392 0.000000
vt -0.000000 -2.692794 0.000000
vt -0.000000 -1.795196 0.000000
vt -0.000000 -0.897598 0.000000
vt -0.000000 12.566371 0.000000
vt -32.500000 -12.566371 0.000000
vt 0.000000 4.000000 0.000000
vt -0.890084 3.899712 0.000000
vt -1.735535 3.603875 0.000000
vt -2.493959 3.127326 0.000000
vt -3.127326 2.493959 0.000000
vt -3.603875 1.735535 0.000000
vt -3.899712 0.890084 0.000000
vt -4.000000 0.000000 0.000000
vt -3.899712 -0.890084 0.000000
vt -3.603875 -1.735535 0.000000
vt -3.127326 -2.493959 0.000000
vt -2.493959 -3.127326 0.000000
vt -1.735535 -3.603875 0.000000
vt -0.890084 -3.899712 0.000000
vt 0.000000 -4.000000 0.000000
vt 0.890084 -3.899712 0.000000
vt 1.735535 -3.603875 0.000000
vt 2.493959 -3.127326 0.000000
vt 3.127326 -2.493959 0.000000
vt 3.603875 -1.735535 0.000000
vt 3.899712 -0.890084 0.000000
vt 4.000000 0.000000 0.000000
vt 3.899712 0.890084 0.000000
vt 3.603875 1.735535 0.000000
vt 3.127326 2.493959 0.000000
vt 2.493959 3.127326 0.000000
vt 1.735535 3.603875 0.000000
vt 0.890084 3.899712 0.000000
vt 0.000000 2.900000 0.000000
vt 0.750575 2.801185 0.000000
vt 1.450000 2.511474 0.000000
vt 2.050610 2.050610 0.000000
vt 2.511474 1.450000 0.000000
vt 2.801185 0.750575 0.000000
vt 2.900000 0.000000 0.000000
vt 2.801185 -0.750575 0.000000
vt 2.511474 -1.450000 0.000000
vt 2.050610 -2.050610 0.000000
vt 1.450000 -2.511474 0.000000
vt 0.750575 -2.801185 0.000000
vt 0.000000 -2.900000 0.000000
vt -0.750575 -2.801185 0.000000
vt -1.450000 -2.511474 0.000000
vt -2.050610 -2.050610 0.000000
vt -2.511474 -1.450000 0.000000
vt -2.801185 -0.750575 0.000000
vt -2.900000 0.000000 0.000000
vt -2.801185 0.750575 0.000000
vt -2.511474 1.450000 0.000000
vt -2.050610 2.050610 0.000000
vt -1.450000 2.511474 0.000000
vt -0.750575 2.801185 0.000000
vt 0.000000 9.000000 0.000000
vt 0.100288 9.890083 0.000000
vt 0.396125 10.735535 0.000000
vt 0.872674 11.493959 0.000000
vt 1.506041 12.127326 0.000000
vt 2.264465 12.603875 0.000000
vt 3.109916 12.899712 0.000000
vt 4.000000 13.000000 0.000000
vt 0.000000 13.000000 0.000000
vt 4.000000 11.900000 0.000000
vt 3.249425 11.801185 0.000000
vt 2.550000 11.511474 0.000000
vt 1.949390 11.050610 0.000000
vt 1.488526 10.450000 0.000000
vt 1.198815 9.750575 0.000000
vt 1.100000 9.000000 0.000000
vt 1.198815 8.249425 0.000000
vt 1.488526 7.550000 0.000000
vt 1.949390 6.949390 0.000000
vt 2.550000 6.488526 0.000000
vt 3.249425 6.198815 0.000000
vt 4.000000 6.100000 0.000000
vt 4.750575 6.198815 0.000000
vt 5.450000 6.488526 0.000000
vt 6.050610 6.949390 0.000000
vt 6.511474 7.550000 0.000000
vt 6.801185 8.249425 0.000000
vt 6.900000 9.000000 0.000000
vt 6.801185 9.750575 0.000000
vt 6.511474 10.450000 0.000000
vt 6.050610 11.050610 0.000000
vt 5.450000 11.511474 0.000000
vt 4.750575 11.801185 0.000000
vt 26.000000 -9.000000 0.000000
vt 25.899712 -9.890083 0.000000
vt 25.603876 -10.735535 0.000000
vt 25.127325 -11.493959 0.000000
vt 24.493959 -12.127326 0.000000
vt 23.735535 -12.603875 0.000000
vt 22.890083 -12.899712 0.000000
vt 22.000000 -13.000000 0.000000
vt 26.000000 -13.000000 0.000000
vt 22.000000 -6.100000 0.000000
vt 21.249424 -6.198815 0.000000
vt 20.549999 -6.488526 0.000000
vt 19.949390 -6.949390 0.000000
vt 19.488525 -7.550000 0.000000
vt 19.198814 -8.249425 0.000000
vt 19.100000 -9.000000 0.000000
vt 19.198814 -9.750575 0.000000
vt 19.488525 -10.450000 0.000000
vt 19.949390 -11.050610 0.000000
vt 20.549999 -11.511474 0.000000
vt 21.249424 -11.801185 0.000000
vt 22.000000 -11.900000 0.000000
vt 22.750576 -11.801185 0.000000
vt 23.450001 -11.511474 0.000000
vt 24.050610 -11.050610 0.000000
vt 24.511475 -10.450000 0.000000
vt 24.801186 -9.750575 0.000000
vt 24.900000 -9.000000 0.000000
vt 24.801186 -8.249425 0.000000
vt 24.511475 -7.550000 0.000000
vt 24.050610 -6.949390 0.000000
vt 23.450001 -6.488526 0.000000
vt 22.750576 -6.198815 0.000000
vt 22.000000 13.000000 0.000000
vt 22.890083 12.899712 0.000000
vt 23.735535 12.603875 0.000000
vt 24.493959 12.127326 0.000000
vt 25.127325 11.493959 0.000000
vt 25.603876 10.735535 0.000000
vt 25.899712 9.890083 0.000000
vt 26.000000 9.000000 0.000000
vt 26.000000 13.000000 0.000000
vt 26.000000 9.000000 0.000000
vt 25.899712 8.109917 0.000000
vt 25.603876 7.264465 0.000000
vt 25.127325 6.506041 0.000000
vt 24.493959 5.872674 0.000000
vt 23.735535 5.396124 0.000000
vt 22.890083 5.100288 0.000000
vt 22.000000 5.000000 0.000000
vt 21.109917 5.100288 0.000000
vt 20.264465 5.396124 0.000000
vt 19.506041 5.872674 0.000000
vt 18.872675 6.506041 0.000000
vt 18.396124 7.264465 0.000000
vt 18.100288 8.109917 0.000000
vt 18.000000 9.000000 0.000000
vt 18.100288 9.890083 0.000000
vt 18.396124 10.735535 0.000000
vt 18.872675 11.493959 0.000000
vt 19.506041 12.127326 0.000000
vt 20.264465 12.603875 0.000000
vt 21.109917 12.899712 0.000000
vt 22.000000 13.000000 0.000000
vt 4.000000 13.000000 0.000000
vt 4.890084 12.899712 0.000000
vt 5.735535 12.603875 0.000000
vt 6.493959 12.127326 0.000000
vt 7.127326 11.493959 0.000000
vt 7.603876 10.735535 0.000000
vt 7.899712 9.890083 0.000000
vt 8.000000 9.000000 0.000000
vt 7.899712 8.109917 0.000000
vt 7.603876 7.264465 0.000000
vt 7.127326 6.506041 0.000000
vt 6.493959 5.872674 0.000000
vt 5.735535 5.396124 0.000000
vt 4.890084 5.100288 0.000000
vt 4.000000 5.000000 0.000000
vt 3.109916 5.100288 0.000000
vt 2.264465 5.396124 0.000000
vt 1.506041 5.872674 0.000000
vt 0.872674 6.506041 0.000000
vt 0.396125 7.264465 0.000000
vt 0.100288 8.109917 0.000000
vt 0.000000 9.000000 0.000000
vt 0.000000 -9.000000 0.000000
vt 0.100288 -8.109917 0.000000
vt 0.396125 -7.264465 0.000000
vt 0.872674 -6.506041 0.000000
vt 1.506041 -5.872674 0.000000
vt 2.264465 -5.396124 0.000000
vt 3.109916 -5.100288 0.000000
vt 4.000000 -5.000000 0.000000
vt 4.890084 -5.100288 0.000000
vt 5.735535 -5.396124 0.000000
vt 6.493959 -5.872674 0.000000
vt 7.127326 -6.506041 0.000000
vt 7.603876 -7.264465 0.000000
vt 7.899712 -8.109917 0.000000
vt 8.000000 -9.000000 0.000000
vt 7.899712 -9.890083 0.000000
vt 7.603876 -10.735535 0.000000
vt 7.127326 -11.493959 0.000000
vt 6.493959 -12.127326 0.000000
vt 5.735535 -12.603875 0.000000
vt 4.890084 -12.899712 0.000000
vt 4.000000 -13.000000 0.000000
vt 22.000000 -13.000000 0.000000
vt 21.109917 -12.899712 0.000000
vt 20.264465 -12.603875 0.000000
vt 19.506041 -12.127326 0.000000
vt 18.872675 -11.493959 0.000000
vt 18.396124 -10.735535 0.000000
vt 18.100288 -9.890083 0.000000
vt 18.000000 -9.000000 0.000000
vt 18.100288 -8.109917 0.000000
vt 18.396124 -7.264465 0.000000
vt 18.872675 -6.506041 0.000000
vt 19.506041 -5.872674 0.000000
vt 20.264465 -5.396124 0.000000
vt 21.109917 -5.100288 0.000000
vt 22.000000 -5.000000 0.000000
vt 22.890083 -5.100288 0.000000
vt 23.735535 -5.396124 0.000000
vt 24.493959 -5.872674 0.000000
vt 25.127325 -6.506041 0.000000
vt 25.603876 -7.264465 0.000000
vt 25.899712 -8.109917 0.000000
vt 26.000000 -9.000000 0.000000
vt 32.500000 -9.110620 0.000000
vt 32.500000 -8.351400 0.000000
vt 32.500000 -7.592182 0.000000
vt 32.500000 -6.832964 0.000000
vt 32.500000 -6.073746 0.000000
vt 32.500000 -5.314528 0.000000
vt 32.500000 -4.555310 0.000000
vt 32.500000 -3.796091 0.000000
vt 32.500000 -3.036873 0.000000
vt 32.500000 -2.277655 0.000000
vt 32.500000 -1.518437 0.000000
vt 32.500000 -0.759218 0.000000
vt 32.500000 0.000000 0.000000
vt 32.500000 0.759218 0.000000
vt 32.500000 1.518437 0.000000
vt 32.500000 2.277655 0.000000
vt 32.500000 3.036873 0.000000
vt 32.500000 3.796091 0.000000
vt 32.500000 4.555310 0.000000
vt 32.500000 5.314528 0.000000
vt 32.500000 6.073746 0.000000
vt 32.500000 6.832964 0.000000
vt 32.500000 7.592182 0.000000
vt 32.500000 8.351400 0.000000
vt 0.000000 9.110620 0.000000
vt 0.000000 8.351400 0.000000
vt 0.000000 7.592182 0.000000
vt 0.000000 6.832964 0.000000
vt 0.000000 6.073746 0.000000
vt 0.000000 5.314528 0.000000
vt 0.000000 4.555310 0.000000
vt 0.000000 3.796091 0.000000
vt 0.000000 3.036873 0.000000
vt 0.000000 2.277655 0.000000
vt 0.000000 1.518437 0.000000
vt 0.000000 0.759218 0.000000
vt 0.000000 0.000000 0.000000
vt 0.000000 -0.759218 0.000000
vt 0.000000 -1.518437 0.000000
vt 0.000000 -2.277655 0.000000
vt 0.000000 -3.036873 0.000000
vt 0.000000 -3.796091 0.000000
vt 0.000000 -4.555310 0.000000
vt 0.000000 -5.314528 0.000000
vt 0.000000 -6.073746 0.000000
vt 0.000000 -6.832964 0.000000
vt 0.000000 -7.592182 0.000000
vt 0.000000 -8.351400 0.000000
vt 0.000000 -9.110620 0.000000
vt 32.500000 9.110620 0.000000
vt -32.500000 0.000000 0.000000
vt -32.500000 -0.897598 0.000000
vt -32.500000 -1.795196 0.000000
vt -32.500000 -2.692794 0.000000
vt -32.500000 -3.590392 0.000000
vt -32.500000 -4.487989 0.000000
vt -32.500000 -5.385587 0.000000
vt -32.500000 -6.283185 0.000000
vt -32.500000 -7.180783 0.000000
vt -32.500000 -8.078382 0.000000
vt -32.500000 -8.975979 0.000000
vt -32.500000 -9.873577 0.000000
vt -32.500000 -10.771174 0.000000
vt -32.500000 -11.668773 0.000000
vt -32.500000 12.566371 0.000000
vt -32.500000 11.668773 0.000000
vt -32.500000 10.771174 0.000000
vt -32.500000 9.873577 0.000000
vt -32.500000 8.975979 0.000000
vt -32.500000 8.078382 0.000000
vt -32.500000 7.180783 0.000000
vt -32.500000 6.283185 0.000000
vt -32.500000 5.385587 0.000000
vt -32.500000 4.487989 0.000000
vt -32.500000 3.590392 0.000000
vt -32.500000 2.692794 0.000000
vt -32.500000 1.795196 0.000000
vt -32.500000 0.897598 0.000000
vt -0.000000 -12.566371 0.000000
vt -0.000000 -11.668773 0.000000
vt -0.000000 -10.771174 0.000000
vt -0.000000 -9.873577 0.000000
vt -0.000000 -8.975979 0.000000
vt -0.000000 -8.078382 0.000000
vt -0.000000 -7.180783 0.000000
vt -0.000000 -6.283185 0.000000
vt -0.000000 -5.385587 0.000000
vt -0.000000 -4.487989 0.000000
vt -0.000000 -3.590392 0.000000
vt -0.000000 -2.692794 0.000000
vt -0.000000 -1.795196 0.000000
vt -0.000000 -0.897598 0.000000
vt -0.000000 0.000000 0.000000
vt -0.000000 0.897598 0.000000
vt -0.000000 1.795196 0.000000
vt -0.000000 2.692794 0.000000
vt -0.000000 3.590392 0.000000
vt -0.000000 4.487989 0.000000
vt -0.000000 5.385587 0.000000
vt -0.000000 6.283185 0.000000
vt -0.000000 7.180783 0.000000
vt -0.000000 8.078382 0.000000
vt -0.000000 8.975979 0.000000
vt -0.000000 9.873577 0.000000
vt -0.000000 10.771174 0.000000
vt -0.000000 11.668773 0.000000
vt -0.000000 12.566371 0.000000
vt -32.500000 -12.566371 0.000000
vt 0.000000 4.000000 0.000000
vt -0.890084 3.899712 0.000000
vt -1.735535 3.603875 0.000000
vt -2.493959 3.127326 0.000000
vt -3.127326 2.493959 0.000000
vt -3.603875 1.735535 0.000000
vt -3.899712 0.890084 0.000000
vt -4.000000 0.000000 0.000000
vt -3.899712 -0.890084 0.000000
vt -3.603875 -1.735535 0.000000
vt -3.127326 -2.493959 0.000000
vt -2.493959 -3.127326 0.000000
vt -1.735535 -3.603875 0.000000
vt -0.890084 -3.899712 0.000000
vt 0.000000 -4.000000 0.000000
vt 0.890084 -3.899712 0.000000
vt 1.735535 -3.603875 0.000000
vt 2.493959 -3.127326 0.000000
vt 3.127326 -2.493959 0.000000
vt 3.603875 -1.735535 0.000000
vt 3.899712 -0.890084 0.000000
vt 4.000000 0.000000 0.000000
vt 3.899712 0.890084 0.000000
vt 3.603875 1.735535 0.000000
vt 3.127326 2.493959 0.000000
vt 2.493959 3.127326 0.000000
vt 1.735535 3.603875 0.000000
vt 0.890084 3.899712 0.000000
vt 0.000000 2.900000 0.000000
vt 0.750575 2.801185 0.000000
vt 1.450000 2.511474 0.000000
vt 2.050610 2.050610 0.000000
vt 2.511474 1.450000 0.000000
vt 2.801185 0.750575 0.000000
vt 2.900000 0.000000 0.000000
vt 2.801185 -0.750575 0.000000
vt 2.511474 -1.450000 0.000000
vt 2.050610 -2.050610 0.000000
vt 1.450000 -2.511474 0.000000
vt 0.750575 -2.801185 0.000000
vt 0.000000 -2.900000 0.000000
vt -0.750575 -2.801185 0.000000
vt -1.450000 -2.511474 0.000000
vt -2.050610 -2.050610 0.000000
vt -2.511474 -1.450000 0.000000
vt -2.801185 -0.750575 0.000000
vt -2.900000 0.000000 0.000000
vt -2.801185 0.750575 0.000000
vt -2.511474 1.450000 0.000000
vt -2.050610 2.050610 0.000000
vt -1.450000 2.511474 0.000000
vt -0.750575 2.801185 0.000000
vt 4.000000 -13.000000 0.000000
vt 3.109916 -12.899712 0.000000
vt 2.264465 -12.603875 0.000000
vt 1.506041 -12.127326 0.000000
vt 0.872674 -11.493959 0.000000
vt 0.396125 -10.735535 0.000000
vt 0.100288 -9.890083 0.000000
vt 0.000000 -9.000000 0.000000
vt 0.000000 -13.000000 0.000000
vt 22.000000 11.900000 0.000000
vt 21.249424 11.801185 0.000000
vt 20.549999 11.511474 0.000000
vt 19.949390 11.050610 0.000000
vt 19.488525 10.450000 0.000000
vt 19.198814 9.750575 0.000000
vt 19.100000 9.000000 0.000000
vt 19.198814 8.249425 0.000000
vt 19.488525 7.550000 0.000000
vt 19.949390 6.949390 0.000000
vt 20.549999 6.488526 0.000000
vt 21.249424 6.198815 0.000000
vt 22.000000 6.100000 0.000000
vt 22.750576 6.198815 0.000000
vt 23.450001 6.488526 0.000000
vt 24.050610 6.949390 0.000000
vt 24.511475 7.550000 0.000000
vt 24.801186 8.249425 0.000000
vt 24.900000 9.000000 0.000000
vt 24.801186 9.750575 0.000000
vt 24.511475 10.450000 0.000000
vt 24.050610 11.050610 0.000000
vt 23.450001 11.511474 0.000000
vt 22.750576 11.801185 0.000000
vt 13.000000 2.250000 0.000000
vt -13.000000 2.250000 0.000000
vt -13.000000 -2.250000 0.000000
vt -9.000000 -2.250000 0.000000
vt 9.000000 -2.250000 0.000000
vt 13.000000 -2.250000 0.000000
vt 4.500000 -13.000000 0.000000
vt 4.500000 13.000000 0.000000
vt 0.000000 13.000000 0.000000
vt 0.000000 9.000000 0.000000
vt 0.000000 -9.000000 0.000000
vt 0.000000 -13.000000 0.000000
vt 4.000000 -6.100000 0.000000
vt 3.249425 -6.198815 0.000000
vt 2.550000 -6.488526 0.000000
vt 1.949390 -6.949390 0.000000
vt 1.488526 -7.550000 0.000000
vt 1.198815 -8.249425 0.000000
vt 1.100000 -9.000000 0.000000
vt 1.198815 -9.750575 0.000000
vt 1.488526 -10.450000 0.000000
vt 1.949390 -11.050610 0.000000
vt 2.550000 -11.511474 0.000000
vt 3.249425 -11.801185 0.000000
vt 4.000000 -11.900000 0.000000
vt 4.750575 -11.801185 0.000000
vt 5.450000 -11.511474 0.000000
vt 6.050610 -11.050610 0.000000
vt 6.511474 -10.450000 0.000000
vt 6.801185 -9.750575 0.000000
vt 6.900000 -9.000000 0.000000
vt 6.801185 -8.249425 0.000000
vt 6.511474 -7.550000 0.000000
vt 6.050610 -6.949390 0.000000
vt 5.450000 -6.488526 0.000000
vt 4.750575 -6.198815 0.000000
vt 4.500000 -13.000000 0.000000
vt 4.500000 -9.000000 0.000000
vt 4.500000 9.000000 0.000000
vt 4.500000 13.000000 0.000000
vt 0.000000 13.000000 0.000000
vt 0.000000 -13.000000 0.000000
vt 26.000000 -13.000000 0.000000
vt 26.000000 13.000000 0.000000
vt 0.000000 13.000000 0.000000
vt 0.000000 -13.000000 0.000000
vt 13.000000 2.250000 0.000000
vt -13.000000 2.250000 0.000000
vt -13.000000 -2.250000 0.000000
vt -9.000000 -2.250000 0.000000
vt 9.000000 -2.250000 0.000000
vt 13.000000 -2.250000 0.000000
vn -0.100000 0.000000 0.000000
vn -0.096593 0.000000 -0.025882
vn -0.086603 0.000000 -0.050000
vn -0.070711 0.000000 -0.070711
vn -0.050000 0.000000 -0.086603
vn -0.025882 0.000000 -0.096593
vn 0.000000 0.000000 -0.100000
vn 0.025882 0.000000 -0.096593
vn 0.050000 0.000000 -0.086603
vn 0.070711 0.000000 -0.070711
vn 0.086603 0.000000 -0.050000
vn 0.096593 0.000000 -0.025882
vn 0.100000 0.000000 0.000000
vn 0.096593 0.000000 0.025882
vn 0.086603 0.000000 0.050000
vn 0.070711 0.000000 0.070711
vn 0.050000 0.000000 0.086603
vn 0.025882 0.000000 0.096593
vn 0.000000 0.000000 0.100000
vn -0.025882 0.000000 0.096593
vn -0.050000 0.000000 0.086603
vn -0.070711 0.000000 0.070711
vn -0.086603 0.000000 0.050000
vn -0.096593 0.000000 0.025882
vn -0.100000 0.000000 0.000000
vn -0.096593 0.000000 0.025882
vn -0.086603 0.000000 0.050000
vn -0.070711 0.000000 0.070711
vn -0.050000 0.000000 0.086603
vn -0.025882 0.000000 0.096593
vn 0.000000 0.000000 0.100000
vn 0.025882 0.000000 0.096593
vn 0.050000 0.000000 0.086603
vn 0.070711 0.000000 0.070711
vn 0.086603 0.000000 0.050000
vn 0.096593 0.000000 0.025882
vn 0.100000 0.000000 0.000000
vn 0.096593 0.000000 -0.025882
vn 0.086603 0.000000 -0.050000
vn 0.070711 0.000000 -0.070711
vn 0.050000 0.000000 -0.086603
vn 0.025882 0.000000 -0.096593
vn 0.000000 0.000000 -0.100000
vn -0.025882 0.000000 -0.096593
vn -0.050000 0.000000 -0.086603
vn -0.070711 0.000000 -0.070711
vn -0.086603 0.000000 -0.050000
vn -0.096593 0.000000 -0.025882
vn -0.100000 0.000000 0.000000
vn -0.100000 0.000000 0.000000
vn 0.100000 0.000000 0.000000
vn 0.097493 0.000000 -0.022252
vn 0.090097 0.000000 -0.043388
vn 0.078183 0.000000 -0.062349
vn 0.062349 0.000000 -0.078183
vn 0.043388 0.000000 -0.090097
vn 0.022252 0.000000 -0.097493
vn 0.000000 0.000000 -0.100000
vn -0.022252 0.000000 -0.097493
vn -0.043388 0.000000 -0.090097
vn -0.062349 0.000000 -0.078183
vn -0.078183 0.000000 -0.062349
vn -0.090097 0.000000 -0.043388
vn -0.097493 0.000000 -0.022252
vn -0.100000 0.000000 0.000000
vn -0.097493 0.000000 0.022252
vn -0.090097 0.000000 0.043388
vn -0.078183 0.000000 0.062349
vn -0.062349 0.000000 0.078183
vn -0.043388 0.000000 0.090097
vn -0.022252 0.000000 0.097493
vn 0.000000 0.000000 0.100000
vn 0.022252 0.000000 0.097493
vn 0.043388 0.000000 0.090097
vn 0.062349 0.000000 0.078183
vn 0.078183 0.000000 0.062349
vn 0.090097 0.000000 0.043388
vn 0.097493 0.000000 0.022252
vn 0.100000 0.000000 0.000000
vn 0.097493 0.000000 0.022252
vn 0.090097 0.000000 0.043388
vn 0.078183 0.000000 0.062349
vn 0.062349 0.000000 0.078183
vn 0.043388 0.000000 0.090097
vn 0.022252 0.000000 0.097493
vn 0.000000 0.000000 0.100000
vn -0.022252 0.000000 0.097493
vn -0.043388 0.000000 0.090097
vn -0.062349 0.000000 0.078183
vn -0.078183 0.000000 0.062349
vn -0.090097 0.000000 0.043388
vn -0.097493 0.000000 0.022252
vn -0.100000 0.000000 0.000000
vn -0.097493 0.000000 -0.022252
vn -0.090097 0.000000 -0.043388
vn -0.078183 0.000000 -0.062349
vn -0.062349 0.000000 -0.078183
vn -0.043388 0.000000 -0.090097
vn -0.022252 0.000000 -0.097493
vn 0.000000 0.000000 -0.100000
vn 0.022252 0.000000 -0.097493
vn 0.043388 0.000000 -0.090097
vn 0.062349 0.000000 -0.078183
vn 0.078183 0.000000 -0.062349
vn 0.090097 0.000000 -0.043388
vn 0.097493 0.000000 -0.022252
vn -0.100000 0.000000 0.000000
vn -0.100000 0.000000 0.000000
vn 0.000000 -0.100000 0.000000
vn 0.000000 -0.100000 0.000000
vn 0.000000 -0.100000 0.000000
vn 0.000000 -0.100000 0.000000
vn 0.000000 -0.100000 0.000000
vn 0.000000 -0.100000 0.000000
vn 0.000000 -0.100000 0.000000
vn 0.000000 -0.100000 0.000000
vn 0.000000 -0.100000 0.000000
vn 0.000000 -0.100000 0.000000
vn 0.000000 -0.100000 0.000000
vn 0.000000 -0.100000 0.000000
vn 0.000000 -0.100000 0.000000
vn 0.000000 -0.100000 0.000000
vn 0.000000 -0.100000 0.000000
vn 0.000000 -0.100000 0.000000
vn 0.000000 -0.100000 0.000000
vn 0.000000 -0.100000 0.000000
vn 0.000000 -0.100000 0.000000
vn 0.000000 -0.100000 0.000000
vn 0.000000 -0.100000 0.000000
vn 0.000000 -0.100000 0.000000
vn 0.000000 -0.100000 0.000000
vn 0.000000 -0.100000 0.000000
vn 0.000000 -0.100000 0.000000
vn 0.000000 -0.100000 0.000000
vn 0.000000 -0.100000 0.000000
vn 0.000000 -0.100000 0.000000
vn 0.000000 -0.100000 0.000000
vn 0.000000 -0.100000 0.000000
vn 0.000000 -0.100000 0.000000
vn 0.000000 -0.100000 0.000000
vn 0.000000 -0.100000 0.000000
vn 0.000000 -0.100000 0.000000
vn 0.000000 -0.100000 0.000000
vn 0.000000 -0.100000 0.000000
vn 0.000000 -0.100000 0.000000
vn 0.000000 -0.100000 0.000000
vn 0.000000 -0.100000 0.000000
vn 0.000000 -0.100000 0.000000
vn 0.000000 -0.100000 0.000000
vn 0.000000 -0.100000 0.000000
vn 0.000000 -0.100000 0.000000
vn 0.000000 -0.100000 0.000000
vn 0.000000 -0.100000 0.000000
vn 0.000000 -0.100000 0.000000
vn 0.000000 -0.100000 0.000000
vn 0.000000 -0.100000 0.000000
vn 0.000000 -0.100000 0.000000
vn 0.000000 -0.100000 0.000000
vn 0.000000 -0.100000 0.000000
vn 0.000000 -0.100000 0.000000
vn -0.100000 0.000000 0.000000
vn -0.096593 0.000000 -0.025882
vn -0.086603 0.000000 -0.050000
vn -0.070711 0.000000 -0.070711
vn -0.050000 0.000000 -0.086603
vn -0.025882 0.000000 -0.096593
vn 0.000000 0.000000 -0.100000
vn 0.025882 0.000000 -0.096593
vn 0.050000 0.000000 -0.086603
vn 0.070711 0.000000 -0.070711
vn 0.086603 0.000000 -0.050000
vn 0.096593 0.000000 -0.025882
vn 0.100000 0.000000 0.000000
vn 0.096593 0.000000 0.025882
vn 0.086603 0.000000 0.050000
vn 0.070711 0.000000 0.070711
vn 0.050000 0.000000 0.086603
vn 0.025882 0.000000 0.096593
vn 0.000000 0.000000 0.100000
vn -0.025882 0.000000 0.096593
vn -0.050000 0.000000 0.086603
vn -0.070711 0.000000 0.070711
vn -0.086603 0.000000 0.050000
vn -0.096593 0.000000 0.025882
vn -0.100000 0.000000 0.000000
vn -0.096593 0.000000 0.025882
vn -0.086603 0.000000 0.050000
vn -0.070711 0.000000 0.070711
vn -0.050000 0.000000 0.086603
vn -0.025882 0.000000 0.096593
vn 0.000000 0.000000 0.100000
vn 0.025882 0.000000 0.096593
vn 0.050000 0.000000 0.086603
vn 0.070711 0.000000 0.070711
vn 0.086603 0.000000 0.050000
vn 0.096593 0.000000 0.025882
vn 0.100000 0.000000 0.000000
vn 0.096593 0.000000 -0.025882
vn 0.086603 0.000000 -0.050000
vn 0.070711 0.000000 -0.070711
vn 0.050000 0.000000 -0.086603
vn 0.025882 0.000000 -0.096593
vn 0.000000 0.000000 -0.100000
vn -0.025882 0.000000 -0.096593
vn -0.050000 0.000000 -0.086603
vn -0.070711 0.000000 -0.070711
vn -0.086603 0.000000 -0.050000
vn -0.096593 0.000000 -0.025882
vn -0.100000 0.000000 0.000000
vn -0.100000 0.000000 0.000000
vn 0.100000 0.000000 0.000000
vn 0.097493 0.000000 -0.022252
vn 0.090097 0.000000 -0.043388
vn 0.078183 0.000000 -0.062349
vn 0.062349 0.000000 -0.078183
vn 0.043388 0.000000 -0.090097
vn 0.022252 0.000000 -0.097493
vn 0.000000 0.000000 -0.100000
vn -0.022252 0.000000 -0.097493
vn -0.043388 0.000000 -0.090097
vn -0.062349 0.000000 -0.078183
vn -0.078183 0.000000 -0.062349
vn -0.090097 0.000000 -0.043388
vn -0.097493 0.000000 -0.022252
vn -0.100000 0.000000 0.000000
vn -0.097493 0.000000 0.022252
vn -0.090097 0.000000 0.043388
vn -0.078183 0.000000 0.062349
vn -0.062349 0.000000 0.078183
vn -0.043388 0.000000 0.090097
vn -0.022252 0.000000 0.097493
vn 0.000000 0.000000 0.100000
vn 0.022252 0.000000 0.097493
vn 0.043388 0.000000 0.090097
vn 0.062349 0.000000 0.078183
vn 0.078183 0.000000 0.062349
vn 0.090097 0.000000 0.043388
vn 0.097493 0.000000 0.022252
vn 0.000000 0.000000 -0.100000
vn 0.022252 0.000000 -0.097493
vn 0.043388 0.000000 -0.090097
vn 0.062349 0.000000 -0.078183
vn 0.078183 0.000000 -0.062349
vn 0.090097 0.000000 -0.043388
vn 0.097493 0.000000 -0.022252
vn 0.100000 0.000000 0.000000
vn 0.097493 0.000000 0.022252
vn 0.090097 0.000000 0.043388
vn 0.078183 0.000000 0.062349
vn 0.062349 0.000000 0.078183
vn 0.043388 0.000000 0.090097
vn 0.022252 0.000000 0.097493
vn 0.000000 0.000000 0.100000
vn -0.022252 0.000000 0.097493
vn -0.043388 0.000000 0.090097
vn -0.062349 0.000000 0.078183
vn -0.078183 0.000000 0.062349
vn -0.090097 0.000000 0.043388
vn -0.097493 0.000000 0.022252
vn -0.100000 0.000000 0.000000
vn -0.097493 0.000000 -0.022252
vn -0.090097 0.000000 -0.043388
vn -0.078183 0.000000 -0.062349
vn -0.062349 0.000000 -0.078183
vn -0.043388 0.000000 -0.090097
vn -0.022252 0.000000 -0.097493
vn -0.100000 0.000000 0.000000
vn -0.100000 0.000000 0.000000
vn 0.000000 -0.100000 0.000000
vn 0.000000 -0.100000 0.000000
vn 0.000000 -0.100000 0.000000
vn 0.000000 -0.100000 0.000000
vn 0.000000 -0.100000 0.000000
vn 0.000000 -0.100000 0.000000
vn 0.000000 -0.100000 0.000000
vn 0.000000 -0.100000 0.000000
vn 0.000000 -0.100000 0.000000
vn 0.000000 -0.100000 0.000000
vn 0.000000 -0.100000 0.000000
vn 0.000000 -0.100000 0.000000
vn 0.000000 -0.100000 0.000000
vn 0.000000 -0.100000 0.000000
vn 0.000000 -0.100000 0.000000
vn 0.000000 -0.100000 0.000000
vn 0.000000 -0.100000 0.000000
vn 0.000000 -0.100000 0.000000
vn 0.000000 -0.100000 0.000000
vn 0.000000 -0.100000 0.000000
vn 0.000000 -0.100000 0.000000
vn 0.000000 -0.100000 0.000000
vn 0.000000 -0.100000 0.000000
vn 0.000000 -0.100000 0.000000
vn 0.000000 -0.100000 0.000000
vn 0.000000 -0.100000 0.000000
vn 0.000000 -0.100000 0.000000
vn 0.000000 -0.100000 0.000000
vn 0.000000 -0.100000 0.000000
vn 0.000000 -0.100000 0.000000
vn 0.000000 -0.100000 0.000000
vn 0.000000 -0.100000 0.000000
vn 0.000000 -0.100000 0.000000
vn 0.000000 -0.100000 0.000000
vn 0.000000 -0.100000 0.000000
vn 0.000000 -0.100000 0.000000
vn 0.000000 -0.100000 0.000000
vn 0.000000 -0.100000 0.000000
vn 0.000000 -0.100000 0.000000
vn 0.000000 -0.100000 0.000000
vn 0.000000 -0.100000 0.000000
vn 0.000000 -0.100000 0.000000
vn 0.000000 -0.100000 0.000000
vn 0.000000 -0.100000 0.000000
vn 0.000000 -0.100000 0.000000
vn 0.000000 -0.100000 0.000000
vn 0.000000 -0.100000 0.000000
vn 0.000000 -0.100000 0.000000
vn 0.000000 -0.100000 0.000000
vn 0.000000 -0.100000 0.000000
vn 0.000000 -0.100000 0.000000
vn 0.000000 -0.100000 0.000000
vn -0.100000 0.000000 0.000000
vn -0.096593 0.000000 -0.025882
vn -0.086603 0.000000 -0.050000
vn -0.070711 0.000000 -0.070711
vn -0.050000 0.000000 -0.086603
vn -0.025882 0.000000 -0.096593
vn 0.000000 0.000000 -0.100000
vn 0.025882 0.000000 -0.096593
vn 0.050000 0.000000 -0.086603
vn 0.070711 0.000000 -0.070711
vn 0.086603 0.000000 -0.050000
vn 0.096593 0.000000 -0.025882
vn 0.100000 0.000000 0.000000
vn 0.096593 0.000000 0.025882
vn 0.086603 0.000000 0.050000
vn 0.070711 0.000000 0.070711
vn 0.050000 0.000000 0.086603
vn 0.025882 0.000000 0.096593
vn 0.000000 0.000000 0.100000
vn -0.025882 0.000000 0.096593
vn -0.050000 0.000000 0.086603
vn -0.070711 0.000000 0.070711
vn -0.086603 0.000000 0.050000
vn -0.096593 0.000000 0.025882
vn -0.100000 0.000000 0.000000
vn -0.096593 0.000000 0.025882
vn -0.086603 0.000000 0.050000
vn -0.070711 0.000000 0.070711
vn -0.050000 0.000000 0.086603
vn -0.025882 0.000000 0.096593
vn 0.000000 0.000000 0.100000
vn 0.025882 0.000000 0.096593
vn 0.050000 0.000000 0.086603
vn 0.070711 0.000000 0.070711
vn 0.086603 0.000000 0.050000
vn 0.096593 0.000000 0.025882
vn 0.100000 0.000000 0.000000
vn 0.096593 0.000000 -0.025882
vn 0.086603 0.000000 -0.050000
vn 0.070711 0.000000 -0.070711
vn 0.050000 0.000000 -0.086603
vn 0.025882 0.000000 -0.096593
vn 0.000000 0.000000 -0.100000
vn -0.025882 0.000000 -0.096593
vn -0.050000 0.000000 -0.086603
vn -0.070711 0.000000 -0.070711
vn -0.086603 0.000000 -0.050000
vn -0.096593 0.000000 -0.025882
vn -0.100000 0.000000 0.000000
vn -0.100000 0.000000 0.000000
vn 0.100000 0.000000 0.000000
vn 0.097493 0.000000 -0.022252
vn 0.090097 0.000000 -0.043388
vn 0.078183 0.000000 -0.062349
vn 0.062349 0.000000 -0.078183
vn 0.043388 0.000000 -0.090097
vn 0.022252 0.000000 -0.097493
vn 0.000000 0.000000 -0.100000
vn -0.022252 0.000000 -0.097493
vn -0.043388 0.000000 -0.090097
vn -0.062349 0.000000 -0.078183
vn -0.078183 0.000000 -0.062349
vn -0.090097 0.000000 -0.043388
vn -0.097493 0.000000 -0.022252
vn -0.100000 0.000000 0.000000
vn -0.097493 0.000000 0.022252
vn -0.090097 0.000000 0.043388
vn -0.078183 0.000000 0.062349
vn -0.062349 0.000000 0.078183
vn -0.043388 0.000000 0.090097
vn -0.022252 0.000000 0.097493
vn 0.000000 0.000000 0.100000
vn 0.022252 0.000000 0.097493
vn 0.043388 0.000000 0.090097
vn 0.062349 0.000000 0.078183
vn 0.078183 0.000000 0.062349
vn 0.090097 0.000000 0.043388
vn 0.097493 0.000000 0.022252
vn 0.100000 0.000000 0.000000
vn 0.097493 0.000000 0.022252
vn 0.090097 0.000000 0.043388
vn 0.078183 0.000000 0.062349
vn 0.062349 0.000000 0.078183
vn 0.043388 0.000000 0.090097
vn 0.022252 0.000000 0.097493
vn 0.000000 0.000000 0.100000
vn -0.022252 0.000000 0.097493
vn -0.043388 0.000000 0.090097
vn -0.062349 0.000000 0.078183
vn -0.078183 0.000000 0.062349
vn -0.090097 0.000000 0.043388
vn -0.097493 0.000000 0.022252
vn -0.100000 0.000000 0.000000
vn -0.097493 0.000000 -0.022252
vn -0.090097 0.000000 -0.043388
vn -0.078183 0.000000 -0.062349
vn -0.062349 0.000000 -0.078183
vn -0.043388 0.000000 -0.090097
vn -0.022252 0.000000 -0.097493
vn 0.000000 0.000000 -0.100000
vn 0.022252 0.000000 -0.097493
vn 0.043388 0.000000 -0.090097
vn 0.062349 0.000000 -0.078183
vn 0.078183 0.000000 -0.062349
vn 0.090097 0.000000 -0.043388
vn 0.097493 0.000000 -0.022252
vn -0.100000 0.000000 0.000000
vn -0.100000 0.000000 0.000000
vn 0.000000 -0.100000 0.000000
vn 0.000000 -0.100000 0.000000
vn 0.000000 -0.100000 0.000000
vn 0.000000 -0.100000 0.000000
vn 0.000000 -0.100000 0.000000
vn 0.000000 -0.100000 0.000000
vn 0.000000 -0.100000 0.000000
vn 0.000000 -0.100000 0.000000
vn 0.000000 -0.100000 0.000000
vn 0.000000 -0.100000 0.000000
vn 0.000000 -0.100000 0.000000
vn 0.000000 -0.100000 0.000000
vn 0.000000 -0.100000 0.000000
vn 0.000000 -0.100000 0.000000
vn 0.000000 -0.100000 0.000000
vn 0.000000 -0.100000 0.000000
vn 0.000000 -0.100000 0.000000
vn 0.000000 -0.100000 0.000000
vn 0.000000 -0.100000 0.000000
vn 0.000000 -0.100000 0.000000
vn 0.000000 -0.100000 0.000000
vn 0.000000 -0.100000 0.000000
vn 0.000000 -0.100000 0.000000
vn 0.000000 -0.100000 0.000000
vn 0.000000 -0.100000 0.000000
vn 0.000000 -0.100000 0.000000
vn 0.000000 -0.100000 0.000000
vn 0.000000 -0.100000 0.000000
vn 0.000000 -0.100000 0.000000
vn 0.000000 -0.100000 0.000000
vn 0.000000 -0.100000 0.000000
vn 0.000000 -0.100000 0.000000
vn 0.000000 -0.100000 0.000000
vn 0.000000 -0.100000 0.000000
vn 0.000000 -0.100000 0.000000
vn 0.000000 -0.100000 0.000000
vn 0.000000 -0.100000 0.000000
vn 0.000000 -0.100000 0.000000
vn 0.000000 -0.100000 0.000000
vn 0.000000 -0.100000 0.000000
vn 0.000000 -0.100000 0.000000
vn 0.000000 -0.100000 0.000000
vn 0.000000 -0.100000 0.000000
vn 0.000000 -0.100000 0.000000
vn 0.000000 -0.100000 0.000000
vn 0.000000 -0.100000 0.000000
vn 0.000000 -0.100000 0.000000
vn 0.000000 -0.100000 0.000000
vn 0.000000 -0.100000 0.000000
vn 0.000000 -0.100000 0.000000
vn 0.000000 -0.100000 0.000000
vn 0.000000 -0.100000 0.000000
vn 0.000000 -0.100000 0.000000
vn 0.000000 -0.100000 0.000000
vn 0.000000 -0.100000 0.000000
vn 0.000000 -0.100000 0.000000
vn 0.000000 -0.100000 0.000000
vn 0.000000 -0.100000 0.000000
vn 0.000000 -0.100000 0.000000
vn 0.000000 -0.100000 0.000000
vn 0.000000 -0.100000 0.000000
vn 0.000000 -0.100000 0.000000
vn 0.000000 -0.100000 0.000000
vn 0.000000 -0.100000 0.000000
vn 0.000000 -0.100000 0.000000
vn 0.000000 -0.100000 0.000000
vn 0.000000 -0.100000 0.000000
vn 0.000000 -0.100000 0.000000
vn 0.000000 -0.100000 0.000000
vn 0.000000 -0.100000 0.000000
vn 0.000000 -0.100000 0.000000
vn 0.000000 -0.100000 0.000000
vn 0.000000 -0.100000 0.000000
vn 0.000000 -0.100000 0.000000
vn 0.000000 -0.100000 0.000000
vn 0.000000 -0.100000 0.000000
vn 0.000000 -0.100000 0.000000
vn 0.000000 -0.100000 0.000000
vn 0.000000 -0.100000 0.000000
vn 0.000000 -0.100000 0.000000
vn 0.000000 -0.100000 0.000000
vn 0.000000 -0.100000 0.000000
vn 0.000000 -0.100000 0.000000
vn 0.000000 -0.100000 0.000000
vn 0.000000 -0.100000 0.000000
vn 0.000000 -0.100000 0.000000
vn 0.000000 -0.100000 0.000000
vn 0.000000 -0.100000 0.000000
vn 0.000000 -0.100000 0.000000
vn 0.000000 -0.100000 0.000000
vn 0.000000 -0.100000 0.000000
vn 0.000000 -0.100000 0.000000
vn 0.000000 -0.100000 0.000000
vn 0.000000 -0.100000 0.000000
vn 0.000000 -0.100000 0.000000
vn 0.000000 -0.100000 0.000000
vn 0.000000 -0.100000 0.000000
vn 0.000000 -0.100000 0.000000
vn 0.000000 -0.100000 0.000000
vn 0.000000 -0.100000 0.000000
vn 0.000000 -0.100000 0.000000
vn 0.000000 -0.100000 0.000000
vn 0.000000 -0.100000 0.000000
vn 0.000000 -0.100000 0.000000
vn 0.000000 -0.100000 0.000000
vn 0.000000 -0.100000 0.000000
vn 0.000000 -0.100000 0.000000
vn 0.000000 -0.100000 0.000000
vn 0.000000 -0.100000 0.000000
vn 0.000000 -0.100000 0.000000
vn 0.000000 -0.100000 0.000000
vn 0.000000 -0.100000 0.000000
vn 0.000000 -0.100000 0.000000
vn 0.000000 -0.100000 0.000000
vn 0.000000 -0.100000 0.000000
vn 0.000000 -0.100000 0.000000
vn 0.000000 -0.100000 0.000000
vn 0.000000 -0.100000 0.000000
vn 0.000000 -0.100000 0.000000
vn 0.000000 -0.100000 0.000000
vn 0.000000 -0.100000 0.000000
vn 0.000000 -0.100000 0.000000
vn 0.000000 -0.100000 0.000000
vn 0.000000 -0.100000 0.000000
vn 0.000000 -0.100000 0.000000
vn 0.000000 -0.100000 0.000000
vn 0.000000 -0.100000 0.000000
vn 0.000000 -0.100000 0.000000
vn 0.000000 -0.100000 0.000000
vn 0.000000 -0.100000 0.000000
vn 0.000000 -0.100000 0.000000
vn 0.000000 -0.100000 0.000000
vn 0.000000 -0.100000 0.000000
vn 0.000000 -0.100000 0.000000
vn 0.000000 -0.100000 0.000000
vn 0.000000 -0.100000 0.000000
vn 0.000000 -0.100000 0.000000
vn 0.000000 -0.100000 0.000000
vn 0.000000 -0.100000 0.000000
vn 0.000000 -0.100000 0.000000
vn 0.000000 -0.100000 0.000000
vn 0.000000 -0.100000 0.000000
vn 0.000000 -0.100000 0.000000
vn 0.000000 -0.100000 0.000000
vn 0.000000 -0.100000 0.000000
vn 0.000000 -0.100000 0.000000
vn 0.000000 -0.100000 0.000000
vn 0.000000 -0.100000 0.000000
vn 0.000000 -0.100000 0.000000
vn 0.000000 -0.100000 0.000000
vn 0.000000 -0.100000 0.000000
vn 0.000000 -0.100000 0.000000
vn 0.000000 -0.100000 0.000000
vn 0.000000 -0.100000 0.000000
vn 0.000000 -0.100000 0.000000
vn 0.000000 -0.100000 0.000000
vn 0.000000 -0.100000 0.000000
vn 0.000000 -0.100000 0.000000
vn 0.000000 -0.100000 0.000000
vn 0.000000 -0.100000 0.000000
vn 0.000000 -0.100000 0.000000
vn 0.000000 -0.100000 0.000000
vn 0.000000 -0.100000 0.000000
vn 0.000000 -0.100000 0.000000
vn 0.000000 -0.100000 0.000000
vn 0.000000 -0.100000 0.000000
vn 0.000000 -0.100000 0.000000
vn 0.000000 -0.100000 0.000000
vn 0.000000 -0.100000 0.000000
vn 0.000000 -0.100000 0.000000
vn 0.000000 -0.100000 0.000000
vn 0.000000 -0.100000 0.000000
vn 0.000000 -0.100000 0.000000
vn 0.000000 -0.100000 0.000000
vn 0.000000 -0.100000 0.000000
vn 0.000000 -0.100000 0.000000
vn 0.000000 -0.100000 0.000000
vn 0.000000 -0.100000 0.000000
vn 0.000000 -0.100000 0.000000
vn 0.000000 -0.100000 0.000000
vn 0.000000 -0.100000 0.000000
vn 0.000000 -0.100000 0.000000
vn 0.000000 -0.100000 0.000000
vn 0.000000 -0.100000 0.000000
vn 0.000000 -0.100000 0.000000
vn 0.000000 -0.100000 0.000000
vn 0.000000 -0.100000 0.000000
vn 0.000000 -0.100000 0.000000
vn 0.000000 -0.100000 0.000000
vn 0.000000 -0.100000 0.000000
vn 0.000000 -0.100000 0.000000
vn 0.000000 -0.100000 0.000000
vn 0.000000 -0.100000 0.000000
vn 0.000000 -0.100000 0.000000
vn 0.000000 -0.100000 0.000000
vn 0.000000 -0.100000 0.000000
vn 0.000000 -0.100000 0.000000
vn 0.000000 -0.100000 0.000000
vn 0.000000 -0.100000 0.000000
vn 0.000000 -0.100000 0.000000
vn 0.000000 -0.100000 0.000000
vn 0.000000 -0.100000 0.000000
vn 0.000000 -0.100000 0.000000
vn 0.000000 -0.100000 0.000000
vn 0.000000 -0.100000 0.000000
vn 0.000000 -0.100000 0.000000
vn 0.000000 -0.100000 0.000000
vn 0.000000 -0.100000 0.000000
vn 0.000000 -0.100000 0.000000
vn 0.000000 -0.100000 0.000000
vn 0.000000 -0.100000 0.000000
vn 0.000000 -0.100000 0.000000
vn 0.000000 -0.100000 0.000000
vn 0.000000 -0.100000 0.000000
vn 0.000000 -0.100000 0.000000
vn -0.100000 0.000000 0.000000
vn -0.096593 0.000000 -0.025882
vn -0.086603 0.000000 -0.050000
vn -0.070711 0.000000 -0.070711
vn -0.050000 0.000000 -0.086603
vn -0.025882 0.000000 -0.096593
vn 0.000000 0.000000 -0.100000
vn 0.025882 0.000000 -0.096593
vn 0.050000 0.000000 -0.086603
vn 0.070711 0.000000 -0.070711
vn 0.086603 0.000000 -0.050000
vn 0.096593 0.000000 -0.025882
vn 0.100000 0.000000 0.000000
vn 0.096593 0.000000 0.025882
vn 0.086603 0.000000 0.050000
vn 0.070711 0.000000 0.070711
vn 0.050000 0.000000 0.086603
vn 0.025882 0.000000 0.096593
vn 0.000000 0.000000 0.100000
vn -0.025882 0.000000 0.096593
vn -0.050000 0.000000 0.086603
vn -0.070711 0.000000 0.070711
vn -0.086603 0.000000 0.050000
vn -0.096593 0.000000 0.025882
vn -0.100000 0.000000 0.000000
vn -0.096593 0.000000 0.025882
vn -0.086603 0.000000 0.050000
vn -0.070711 0.000000 0.070711
vn -0.050000 0.000000 0.086603
vn -0.025882 0.000000 0.096593
vn 0.000000 0.000000 0.100000
vn 0.025882 0.000000 0.096593
vn 0.050000 0.000000 0.086603
vn 0.070711 0.000000 0.070711
vn 0.086603 0.000000 0.050000
vn 0.096593 0.000000 0.025882
vn 0.100000 0.000000 0.000000
vn 0.096593 0.000000 -0.025882
vn 0.086603 0.000000 -0.050000
vn 0.070711 0.000000 -0.070711
vn 0.050000 0.000000 -0.086603
vn 0.025882 0.000000 -0.096593
vn 0.000000 0.000000 -0.100000
vn -0.025882 0.000000 -0.096593
vn -0.050000 0.000000 -0.086603
vn -0.070711 0.000000 -0.070711
vn -0.086603 0.000000 -0.050000
vn -0.096593 0.000000 -0.025882
vn -0.100000 0.000000 0.000000
vn -0.100000 0.000000 0.000000
vn 0.100000 0.000000 0.000000
vn 0.097493 0.000000 -0.022252
vn 0.090097 0.000000 -0.043388
vn 0.078183 0.000000 -0.062349
vn 0.062349 0.000000 -0.078183
vn 0.043388 0.000000 -0.090097
vn 0.022252 0.000000 -0.097493
vn 0.000000 0.000000 -0.100000
vn -0.022252 0.000000 -0.097493
vn -0.043388 0.000000 -0.090097
vn -0.062349 0.000000 -0.078183
vn -0.078183 0.000000 -0.062349
vn -0.090097 0.000000 -0.043388
vn -0.097493 0.000000 -0.022252
vn -0.100000 0.000000 0.000000
vn -0.097493 0.000000 0.022252
vn -0.090097 0.000000 0.043388
vn -0.078183 0.000000 0.062349
vn -0.062349 0.000000 0.078183
vn -0.043388 0.000000 0.090097
vn -0.022252 0.000000 0.097493
vn 0.000000 0.000000 0.100000
vn 0.022252 0.000000 0.097493
vn 0.043388 0.000000 0.090097
vn 0.062349 0.000000 0.078183
vn 0.078183 0.000000 0.062349
vn 0.090097 0.000000 0.043388
vn 0.097493 0.000000 0.022252
vn -0.100000 0.000000 0.000000
vn -0.097493 0.000000 -0.022252
vn -0.090097 0.000000 -0.043388
vn -0.078183 0.000000 -0.062349
vn -0.062349 0.000000 -0.078183
vn -0.043388 0.000000 -0.090097
vn -0.022252 0.000000 -0.097493
vn 0.000000 0.000000 -0.100000
vn 0.022252 0.000000 -0.097493
vn 0.043388 0.000000 -0.090097
vn 0.062349 0.000000 -0.078183
vn 0.078183 0.000000 -0.062349
vn 0.090097 0.000000 -0.043388
vn 0.097493 0.000000 -0.022252
vn 0.100000 0.000000 0.000000
vn 0.097493 0.000000 0.022252
vn 0.090097 0.000000 0.043388
vn 0.078183 0.000000 0.062349
vn 0.062349 0.000000 0.078183
vn 0.043388 0.000000 0.090097
vn 0.022252 0.000000 0.097493
vn 0.000000 0.000000 0.100000
vn -0.022252 0.000000 0.097493
vn -0.043388 0.000000 0.090097
vn -0.062349 0.000000 0.078183
vn -0.078183 0.000000 0.062349
vn -0.090097 0.000000 0.043388
vn -0.097493 0.000000 0.022252
vn -0.100000 0.000000 0.000000
vn -0.100000 0.000000 0.000000
vn 0.000000 -0.100000 0.000000
vn 0.000000 -0.100000 0.000000
vn 0.000000 -0.100000 0.000000
vn 0.000000 -0.100000 0.000000
vn 0.000000 -0.100000 0.000000
vn 0.000000 -0.100000 0.000000
vn 0.000000 -0.100000 0.000000
vn 0.000000 -0.100000 0.000000
vn 0.000000 -0.100000 0.000000
vn 0.000000 -0.100000 0.000000
vn 0.000000 -0.100000 0.000000
vn 0.000000 -0.100000 0.000000
vn 0.000000 -0.100000 0.000000
vn 0.000000 -0.100000 0.000000
vn 0.000000 -0.100000 0.000000
vn 0.000000 -0.100000 0.000000
vn 0.000000 -0.100000 0.000000
vn 0.000000 -0.100000 0.000000
vn 0.000000 -0.100000 0.000000
vn 0.000000 -0.100000 0.000000
vn 0.000000 -0.100000 0.000000
vn 0.000000 -0.100000 0.000000
vn 0.000000 -0.100000 0.000000
vn 0.000000 -0.100000 0.000000
vn 0.000000 -0.100000 0.000000
vn 0.000000 -0.100000 0.000000
vn 0.000000 -0.100000 0.000000
vn 0.000000 -0.100000 0.000000
vn 0.000000 -0.100000 0.000000
vn 0.000000 -0.100000 0.000000
vn 0.000000 -0.100000 0.000000
vn 0.000000 -0.100000 0.000000
vn 0.000000 -0.100000 0.000000
vn 0.000000 -0.100000 0.000000
vn 0.000000 -0.100000 0.000000
vn 0.000000 -0.100000 0.000000
vn 0.000000 -0.100000 0.000000
vn 0.000000 -0.100000 0.000000
vn 0.000000 -0.100000 0.000000
vn 0.000000 -0.100000 0.000000
vn 0.000000 -0.100000 0.000000
vn 0.000000 -0.100000 0.000000
vn 0.000000 -0.100000 0.000000
vn 0.000000 -0.100000 0.000000
vn 0.000000 -0.100000 0.000000
vn 0.000000 -0.100000 0.000000
vn 0.000000 -0.100000 0.000000
vn 0.000000 -0.100000 0.000000
vn 0.000000 -0.100000 0.000000
vn 0.000000 -0.100000 0.000000
vn 0.000000 -0.100000 0.000000
vn 0.000000 -0.100000 0.000000
vn 0.000000 -0.100000 0.000000
vn 0.000000 -0.100000 0.000000
vn 0.000000 -0.100000 0.000000
vn 0.000000 -0.100000 0.000000
vn 0.000000 -0.100000 0.000000
vn 0.000000 -0.100000 0.000000
vn 0.000000 -0.100000 0.000000
vn 0.000000 -0.100000 0.000000
vn 0.000000 -0.100000 0.000000
vn 0.000000 -0.100000 0.000000
vn 0.000000 -0.100000 0.000000
vn 0.000000 -0.100000 0.000000
vn 0.000000 -0.100000 0.000000
vn 0.000000 -0.100000 0.000000
vn 0.000000 -0.100000 0.000000
vn 0.000000 -0.100000 0.000000
vn 0.000000 -0.100000 0.000000
vn 0.000000 -0.100000 0.000000
vn 0.000000 -0.100000 0.000000
vn 0.000000 -0.100000 0.000000
vn 0.000000 -0.100000 0.000000
vn 0.000000 -0.100000 0.000000
vn 0.000000 -0.100000 0.000000
vn 0.000000 -0.100000 0.000000
vn 0.000000 -0.100000 0.000000
vn 0.000000 -0.100000 0.000000
vn 0.000000 -0.100000 0.000000
vn 0.000000 -0.100000 0.000000
vn 0.000000 -0.100000 0.000000
vn 0.000000 -0.100000 0.000000
vn 0.000000 -0.100000 0.000000
vn 0.000000 -0.100000 0.000000
vn 0.000000 -0.100000 0.000000
vn -0.100000 0.000000 0.000000
vn -0.100000 0.000000 0.000000
vn -0.100000 0.000000 0.000000
vn -0.100000 0.000000 0.000000
vn -0.100000 0.000000 0.000000
vn -0.100000 0.000000 0.000000
vn 0.000000 0.000000 -0.100000
vn 0.000000 0.000000 -0.100000
vn 0.000000 0.000000 -0.100000
vn 0.000000 0.000000 -0.100000
vn 0.000000 0.000000 -0.100000
vn 0.000000 0.000000 -0.100000
vn 0.000000 -0.100000 0.000000
vn 0.000000 -0.100000 0.000000
vn 0.000000 -0.100000 0.000000
vn 0.000000 -0.100000 0.000000
vn 0.000000 -0.100000 0.000000
vn 0.000000 -0.100000 0.000000
vn 0.000000 -0.100000 0.000000
vn 0.000000 -0.100000 0.000000
vn 0.000000 -0.100000 0.000000
vn 0.000000 -0.100000 0.000000
vn 0.000000 -0.100000 0.000000
vn 0.000000 -0.100000 0.000000
vn 0.000000 -0.100000 0.000000
vn 0.000000 -0.100000 0.000000
vn 0.000000 -0.100000 0.000000
vn 0.000000 -0.100000 0.000000
vn 0.000000 -0.100000 0.000000
vn 0.000000 -0.100000 0.000000
vn 0.000000 -0.100000 0.000000
vn 0.000000 -0.100000 0.000000
vn 0.000000 -0.100000 0.000000
vn 0.000000 -0.100000 0.000000
vn 0.000000 -0.100000 0.000000
vn 0.000000 -0.100000 0.000000
vn 0.000000 0.000000 0.100000
vn 0.000000 0.000000 0.100000
vn 0.000000 0.000000 0.100000
vn 0.000000 0.000000 0.100000
vn 0.000000 0.000000 0.100000
vn 0.000000 0.000000 0.100000
vn 0.000000 0.100000 0.000000
vn 0.000000 0.100000 0.000000
vn 0.000000 0.100000 0.000000
vn 0.000000 0.100000 0.000000
vn 0.100000 0.000000 0.000000
vn 0.100000 0.000000 0.000000
vn 0.100000 0.000000 0.000000
vn 0.100000 0.000000 0.000000
vn 0.100000 0.000000 0.000000
vn 0.100000 0.000000 0.000000
usemtl 212,194,153
f 382/2/2 386/48/48 389/1/1
f 389/1/1 386/48/48 391/49/49
f 389/50/50 391/25/25 381/24/24
f 381/24/24 391/25/25 385/26/26
f 381/24/24 385/26/26 373/23/23
f 373/23/23 385/26/26 377/27/27
f 373/23/23 377/27/27 357/22/22
f 357/22/22 377/27/27 361/28/28
f 357/22/22 361/28/28 341/21/21
f 341/21/21 361/28/28 345/29/29
f 341/21/21 345/29/29 325/20/20
f 325/20/20 345/29/29 329/30/30
f 325/20/20 329/30/30 310/19/19
f 310/19/19 329/30/30 318/31/31
f 310/19/19 318/31/31 301/18/18
f 301/18/18 318/31/31 305/32/32
f 301/18/18 305/32/32 285/17/17
f 285/17/17 305/32/32 289/33/33
f 285/17/17 289/33/33 269/16/16
f 269/16/16 289/33/33 273/34/34
f 269/16/16 273/34/34 253/15/15
f 253/15/15 273/34/34 257/35/35
f 253/15/15 257/35/35 245/14/14
f 245/14/14 257/35/35 249/36/36
f 245/14/14 249/36/36 241/13/13
f 241/13/13 249/36/36 243/37/37
f 241/13/13 243/37/37 246/12/12
f 246/12/12 243/37/37 250/38/38
f 246/12/12 250/38/38 254/11/11
f 254/11/11 250/38/38 258/39/39
f 254/11/11 258/39/39 270/10/10
f 270/10/10 258/39/39 274/40/40
f 270/10/10 274/40/40 286/9/9
f 286/9/9 274/40/40 290/41/41
f 286/9/9 290/41/41 302/8/8
f 302/8/8 290/41/41 306/42/42
f 302/8/8 306/42/42 311/7/7
f 311/7/7 306/42/42 319/43/43
f 311/7/7 319/43/43 326/6/6
f 326/6/6 319/43/43 330/44/44
f 326/6/6 330/44/44 342/5/5
f 342/5/5 330/44/44 346/45/45
f 342/5/5 346/45/45 358/4/4
f 358/4/4 346/45/45 362/46/46
f 358/4/4 362/46/46 374/3/3
f 374/3/3 362/46/46 378/47/47
f 374/3/3 378/47/47 382/2/2
f 382/2/2 378/47/47 386/48/48
f 409/52/52 413/106/106 417/51/51
f 417/51/51 413/106/106 420/79/79
f 417/51/51 420/79/79 410/78/78
f 410/78/78 420/79/79 414/80/80
f 410/78/78 414/80/80 402/77/77
f 402/77/77 414/80/80 406/81/81
f 402/77/77 406/81/81 394/76/76
f 394/76/76 406/81/81 398/82/82
f 394/76/76 398/82/82 366/75/75
f 366/75/75 398/82/82 370/83/83
f 366/75/75 370/83/83 350/74/74
f 350/74/74 370/83/83 354/84/84
f 350/74/74 354/84/84 334/73/73
f 334/73/73 354/84/84 338/85/85
f 334/73/73 338/85/85 312/72/72
f 312/72/72 338/85/85 320/86/86
f 312/72/72 320/86/86 294/71/71
f 294/71/71 320/86/86 298/87/87
f 294/71/71 298/87/87 278/70/70
f 278/70/70 298/87/87 282/88/88
f 278/70/70 282/88/88 262/69/69
f 262/69/69 282/88/88 266/89/89
f 262/69/69 266/89/89 234/68/68
f 234/68/68 266/89/89 238/90/90
f 234/68/68 238/90/90 226/67/67
f 226/67/67 238/90/90 230/91/91
f 226/67/67 230/91/91 218/66/66
f 218/66/66 230/91/91 222/92/92
f 218/66/66 222/92/92 213/65/65
f 213/65/65 222/92/92 215/107/107
f 213/108/108 215/93/93 217/64/64
f 217/64/64 215/93/93 221/94/94
f 217/64/64 221/94/94 225/63/63
f 225/63/63 221/94/94 229/95/95
f 225/63/63 229/95/95 233/62/62
f 233/62/62 229/95/95 237/96/96
f 233/62/62 237/96/96 261/61/61
f 261/61/61 237/96/96 265/97/97
f 261/61/61 265/97/97 277/60/60
f 277/60/60 265/97/97 281/98/98
f 277/60/60 281/98/98 293/59/59
f 293/59/59 281/98/98 297/99/99
f 293/59/59 297/99/99 309/58/58
f 309/58/58 297/99/99 317/100/100
f 309/58/58 317/100/100 333/57/57
f 333/57/57 317/100/100 337/101/101
f 333/57/57 337/101/101 349/56/56
f 349/56/56 337/101/101 353/102/102
f 349/56/56 353/102/102 365/55/55
f 365/55/55 353/102/102 369/103/103
f 365/55/55 369/103/103 393/54/54
f 393/54/54 369/103/103 397/104/104
f 393/54/54 397/104/104 401/53/53
f 401/53/53 397/104/104 405/105/105
f 401/53/53 405/105/105 409/52/52
f 409/52/52 405/105/105 413/106/106
f 409/136/136 417/109/109 389/137/137
f 389/137/137 417/109/109 410/110/110
f 389/137/137 410/110/110 382/160/160
f 382/160/160 410/110/110 402/111/111
f 382/160/160 402/111/111 374/159/159
f 374/159/159 402/111/111 394/112/112
f 374/159/159 394/112/112 358/158/158
f 358/158/158 394/112/112 366/113/113
f 358/158/158 366/113/113 342/157/157
f 342/157/157 366/113/113 350/114/114
f 342/157/157 350/114/114 326/156/156
f 326/156/156 350/114/114 334/115/115
f 326/156/156 334/115/115 311/155/155
f 311/155/155 334/115/115 312/116/116
f 311/155/155 312/116/116 294/117/117
f 311/155/155 294/117/117 302/154/154
f 302/154/154 294/117/117 278/118/118
f 302/154/154 278/118/118 286/153/153
f 286/153/153 278/118/118 262/119/119
f 286/153/153 262/119/119 270/152/152
f 270/152/152 262/119/119 234/120/120
f 270/152/152 234/120/120 254/151/151
f 254/151/151 234/120/120 226/121/121
f 254/151/151 226/121/121 246/150/150
f 246/150/150 226/121/121 218/122/122
f 246/150/150 218/122/122 241/149/149
f 241/149/149 218/122/122 213/123/123
f 241/149/149 213/123/123 217/124/124
f 241/149/149 217/124/124 245/148/148
f 245/148/148 217/124/124 225/125/125
f 245/148/148 225/125/125 253/147/147
f 253/147/147 225/125/125 233/126/126
f 253/147/147 233/126/126 269/146/146
f 269/146/146 233/126/126 261/127/127
f 269/146/146 261/127/127 285/145/145
f 285/145/145 261/127/127 277/128/128
f 285/145/145 277/128/128 301/144/144
f 301/144/144 277/128/128 293/129/129
f 301/144/144 293/129/129 310/143/143
f 310/143/143 293/129/129 309/130/130
f 310/143/143 309/130/130 333/131/131
f 310/143/143 333/131/131 325/142/142
f 325/142/142 333/131/131 349/132/132
f 325/142/142 349/132/132 341/141/141
f 341/141/141 349/132/132 365/133/133
f 341/141/141 365/133/133 357/140/140
f 357/140/140 365/133/133 393/134/134
f 357/140/140 393/134/134 373/139/139
f 373/139/139 393/134/134 401/135/135
f 373/139/139 401/135/135 381/138/138
f 381/138/138 401/135/135 409/136/136
f 381/138/138 409/136/136 389/137/137
f 174/162/162 178/208/208 181/161/161
f 181/161/161 178/208/208 183/209/209
f 181/210/210 183/185/185 173/184/184
f 173/184/184 183/185/185 177/186/186
f 173/184/184 177/186/186 165/183/183
f 165/183/183 177/186/186 169/187/187
f 165/183/183 169/187/187 149/182/182
f 149/182/182 169/187/187 153/188/188
f 149/182/182 153/188/188 133/181/181
f 133/181/181 153/188/188 137/189/189
f 133/181/181 137/189/189 117/180/180
f 117/180/180 137/189/189 121/190/190
f 117/180/180 121/190/190 102/179/179
f 102/179/179 121/190/190 110/191/191
f 102/179/179 110/191/191 93/178/178
f 93/178/178 110/191/191 97/192/192
f 93/178/178 97/192/192 77/177/177
f 77/177/177 97/192/192 81/193/193
f 77/177/177 81/193/193 61/176/176
f 61/176/176 81/193/193 65/194/194
f 61/176/176 65/194/194 45/175/175
f 45/175/175 65/194/194 49/195/195
f 45/175/175 49/195/195 37/174/174
f 37/174/174 49/195/195 41/196/196
f 37/174/174 41/196/196 33/173/173
f 33/173/173 41/196/196 35/197/197
f 33/173/173 35/197/197 38/172/172
f 38/172/172 35/197/197 42/198/198
f 38/172/172 42/198/198 46/171/171
f 46/171/171 42/198/198 50/199/199
f 46/171/171 50/199/199 62/170/170
f 62/170/170 50/199/199 66/200/200
f 62/170/170 66/200/200 78/169/169
f 78/169/169 66/200/200 82/201/201
f 78/169/169 82/201/201 94/168/168
f 94/168/168 82/201/201 98/202/202
f 94/168/168 98/202/202 103/167/167
f 103/167/167 98/202/202 111/203/203
f 103/167/167 111/203/203 118/166/166
f 118/166/166 111/203/203 122/204/204
f 118/166/166 122/204/204 134/165/165
f 134/165/165 122/204/204 138/205/205
f 134/165/165 138/205/205 150/164/164
f 150/164/164 138/205/205 154/206/206
f 150/164/164 154/206/206 166/163/163
f 166/163/163 154/206/206 170/207/207
f 166/163/163 170/207/207 174/162/162
f 174/162/162 170/207/207 178/208/208
f 201/212/212 205/245/245 209/211/211
f 209/211/211 205/245/245 211/246/246
f 209/211/211 211/246/246 202/238/238
f 202/238/238 211/246/246 206/247/247
f 202/238/238 206/247/247 194/237/237
f 194/237/237 206/247/247 198/248/248
f 194/237/237 198/248/248 186/236/236
f 186/236/236 198/248/248 190/249/249
f 186/236/236 190/249/249 158/235/235
f 158/235/235 190/249/249 162/250/250
f 158/235/235 162/250/250 142/234/234
f 142/234/234 162/250/250 146/251/251
f 142/234/234 146/251/251 126/233/233
f 126/233/233 146/251/251 130/252/252
f 126/233/233 130/252/252 104/232/232
f 104/232/232 130/252/252 112/253/253
f 104/232/232 112/253/253 86/231/231
f 86/231/231 112/253/253 90/254/254
f 86/231/231 90/254/254 70/230/230
f 70/230/230 90/254/254 74/255/255
f 70/230/230 74/255/255 54/229/229
f 54/229/229 74/255/255 58/256/256
f 54/229/229 58/256/256 26/228/228
f 26/228/228 58/256/256 30/257/257
f 26/228/228 30/257/257 18/227/227
f 18/227/227 30/257/257 22/258/258
f 18/227/227 22/258/258 10/226/226
f 10/226/226 22/258/258 14/259/259
f 10/226/226 14/259/259 1/225/225
f 1/225/225 14/259/259 4/267/267
f 1/268/268 4/260/260 9/224/224
f 9/224/224 4/260/260 13/261/261
f 9/224/224 13/261/261 17/223/223
f 17/223/223 13/261/261 21/262/262
f 17/223/223 21/262/262 25/222/222
f 25/222/222 21/262/262 29/263/263
f 25/222/222 29/263/263 53/221/221
f 53/221/221 29/263/263 57/264/264
f 53/221/221 57/264/264 69/220/220
f 69/220/220 57/264/264 73/265/265
f 69/220/220 73/265/265 85/219/219
f 85/219/219 73/265/265 89/266/266
f 85/219/219 89/266/266 101/218/218
f 101/218/218 89/266/266 109/239/239
f 101/218/218 109/239/239 125/217/217
f 125/217/217 109/239/239 129/240/240
f 125/217/217 129/240/240 141/216/216
f 141/216/216 129/240/240 145/241/241
f 141/216/216 145/241/241 157/215/215
f 157/215/215 145/241/241 161/242/242
f 157/215/215 161/242/242 185/214/214
f 185/214/214 161/242/242 189/243/243
f 185/214/214 189/243/243 193/213/213
f 193/213/213 189/243/243 197/244/244
f 193/213/213 197/244/244 201/212/212
f 201/212/212 197/244/244 205/245/245
f 201/296/296 209/269/269 181/297/297
f 181/297/297 209/269/269 202/270/270
f 181/297/297 202/270/270 174/320/320
f 174/320/320 202/270/270 194/271/271
f 174/320/320 194/271/271 166/319/319
f 166/319/319 194/271/271 186/272/272
f 166/319/319 186/272/272 150/318/318
f 150/318/318 186/272/272 158/273/273
f 150/318/318 158/273/273 134/317/317
f 134/317/317 158/273/273 142/274/274
f 134/317/317 142/274/274 118/316/316
f 118/316/316 142/274/274 126/275/275
f 118/316/316 126/275/275 103/315/315
f 103/315/315 126/275/275 104/276/276
f 103/315/315 104/276/276 86/277/277
f 103/315/315 86/277/277 94/314/314
f 94/314/314 86/277/277 70/278/278
f 94/314/314 70/278/278 78/313/313
f 78/313/313 70/278/278 54/279/279
f 78/313/313 54/279/279 62/312/312
f 62/312/312 54/279/279 26/280/280
f 62/312/312 26/280/280 46/311/311
f 46/311/311 26/280/280 18/281/281
f 46/311/311 18/281/281 38/310/310
f 38/310/310 18/281/281 10/282/282
f 38/310/310 10/282/282 33/309/309
f 33/309/309 10/282/282 1/283/283
f 33/309/309 1/283/283 9/284/284
f 33/309/309 9/284/284 37/308/308
f 37/308/308 9/284/284 17/285/285
f 37/308/308 17/285/285 45/307/307
f 45/307/307 17/285/285 25/286/286
f 45/307/307 25/286/286 61/306/306
f 61/306/306 25/286/286 53/287/287
f 61/306/306 53/287/287 77/305/305
f 77/305/305 53/287/287 69/288/288
f 77/305/305 69/288/288 93/304/304
f 93/304/304 69/288/288 85/289/289
f 93/304/304 85/289/289 102/303/303
f 102/303/303 85/289/289 101/290/290
f 102/303/303 101/290/290 125/291/291
f 102/303/303 125/291/291 117/302/302
f 117/302/302 125/291/291 141/292/292
f 117/302/302 141/292/292 133/301/301
f 133/301/301 141/292/292 157/293/293
f 133/301/301 157/293/293 149/300/300
f 149/300/300 157/293/293 185/294/294
f 149/300/300 185/294/294 165/299/299
f 165/299/299 185/294/294 193/295/295
f 165/299/299 193/295/295 173/298/298
f 173/298/298 193/295/295 201/296/296
f 173/298/298 201/296/296 181/297/297
f 384/322/322 388/368/368 390/321/321
f 390/321/321 388/368/368 392/369/369
f 390/370/370 392/345/345 383/344/344
f 383/344/344 392/345/345 387/346/346
f 383/344/344 387/346/346 375/343/343
f 375/343/343 387/346/346 379/347/347
f 375/343/343 379/347/347 359/342/342
f 359/342/342 379/347/347 363/348/348
f 359/342/342 363/348/348 343/341/341
f 343/341/341 363/348/348 347/349/349
f 343/341/341 347/349/349 327/340/340
f 327/340/340 347/349/349 331/350/350
f 327/340/340 331/350/350 314/339/339
f 314/339/339 331/350/350 322/351/351
f 314/339/339 322/351/351 303/338/338
f 303/338/338 322/351/351 307/352/352
f 303/338/338 307/352/352 287/337/337
f 287/337/337 307/352/352 291/353/353
f 287/337/337 291/353/353 271/336/336
f 271/336/336 291/353/353 275/354/354
f 271/336/336 275/354/354 255/335/335
f 255/335/335 275/354/354 259/355/355
f 255/335/335 259/355/355 247/334/334
f 247/334/334 259/355/355 251/356/356
f 247/334/334 251/356/356 242/333/333
f 242/333/333 251/356/356 244/357/357
f 242/333/333 244/357/357 248/332/332
f 248/332/332 244/357/357 252/358/358
f 248/332/332 252/358/358 256/331/331
f 256/331/331 252/358/358 260/359/359
f 256/331/331 260/359/359 272/330/330
f 272/330/330 260/359/359 276/360/360
f 272/330/330 276/360/360 288/329/329
f 288/329/329 276/360/360 292/361/361
f 288/329/329 292/361/361 304/328/328
f 304/328/328 292/361/361 308/362/362
f 304/328/328 308/362/362 315/327/327
f 315/327/327 308/362/362 323/363/363
f 315/327/327 323/363/363 328/326/326
f 328/326/326 323/363/363 332/364/364
f 328/326/326 332/364/364 344/325/325
f 344/325/325 332/364/364 348/365/365
f 344/325/325 348/365/365 360/324/324
f 360/324/324 348/365/365 364/366/366
f 360/324/324 364/366/366 376/323/323
f 376/323/323 364/366/366 380/367/367
f 376/323/323 380/367/367 384/322/322
f 384/322/322 380/367/367 388/368/368
f 411/372/372 415/426/426 418/371/371
f 418/371/371 415/426/426 421/399/399
f 418/371/371 421/399/399 412/398/398
f 412/398/398 421/399/399 416/400/400
f 412/398/398 416/400/400 404/397/397
f 404/397/397 416/400/400 408/401/401
f 404/397/397 408/401/401 396/396/396
f 396/396/396 408/401/401 400/402/402
f 396/396/396 400/402/402 368/395/395
f 368/395/395 400/402/402 372/403/403
f 368/395/395 372/403/403 352/394/394
f 352/394/394 372/403/403 356/404/404
f 352/394/394 356/404/404 336/393/393
f 336/393/393 356/404/404 340/405/405
f 336/393/393 340/405/405 316/392/392
f 316/392/392 340/405/405 324/406/406
f 316/392/392 324/406/406 296/391/391
f 296/391/391 324/406/406 300/407/407
f 296/391/391 300/407/407 280/390/390
f 280/390/390 300/407/407 284/408/408
f 280/390/390 284/408/408 264/389/389
f 264/389/389 284/408/408 268/409/409
f 264/389/389 268/409/409 236/388/388
f 236/388/388 268/409/409 240/410/410
f 236/388/388 240/410/410 228/387/387
f 228/387/387 240/410/410 232/411/411
f 228/387/387 232/411/411 220/386/386
f 220/386/386 232/411/411 224/412/412
f 220/386/386 224/412/412 214/385/385
f 214/385/385 224/412/412 216/427/427
f 214/428/428 216/413/413 219/384/384
f 219/384/384 216/413/413 223/414/414
f 219/384/384 223/414/414 227/383/383
f 227/383/383 223/414/414 231/415/415
f 227/383/383 231/415/415 235/382/382
f 235/382/382 231/415/415 239/416/416
f 235/382/382 239/416/416 263/381/381
f 263/381/381 239/416/416 267/417/417
f 263/381/381 267/417/417 279/380/380
f 279/380/380 267/417/417 283/418/418
f 279/380/380 283/418/418 295/379/379
f 295/379/379 283/418/418 299/419/419
f 295/379/379 299/419/419 313/378/378
f 313/378/378 299/419/419 321/420/420
f 313/378/378 321/420/420 335/377/377
f 335/377/377 321/420/420 339/421/421
f 335/377/377 339/421/421 351/376/376
f 351/376/376 339/421/421 355/422/422
f 351/376/376 355/422/422 367/375/375
f 367/375/375 355/422/422 371/423/423
f 367/375/375 371/423/423 395/374/374
f 395/374/374 371/423/423 399/424/424
f 395/374/374 399/424/424 403/373/373
f 403/373/373 399/424/424 407/425/425
f 403/373/373 407/425/425 411/372/372
f 411/372/372 407/425/425 415/426/426
f 411/456/456 418/429/429 390/457/457
f 390/457/457 418/429/429 412/430/430
f 390/457/457 412/430/430 384/480/480
f 384/480/480 412/430/430 404/431/431
f 384/480/480 404/431/431 376/479/479
f 376/479/479 404/431/431 396/432/432
f 376/479/479 396/432/432 360/478/478
f 360/478/478 396/432/432 368/433/433
f 360/478/478 368/433/433 344/477/477
f 344/477/477 368/433/433 352/434/434
f 344/477/477 352/434/434 328/476/476
f 328/476/476 352/434/434 336/435/435
f 328/476/476 336/435/435 315/475/475
f 315/475/475 336/435/435 316/436/436
f 315/475/475 316/436/436 296/437/437
f 315/475/475 296/437/437 304/474/474
f 304/474/474 296/437/437 280/438/438
f 304/474/474 280/438/438 288/473/473
f 288/473/473 280/438/438 264/439/439
f 288/473/473 264/439/439 272/472/472
f 272/472/472 264/439/439 236/440/440
f 272/472/472 236/440/440 256/471/471
f 256/471/471 236/440/440 228/441/441
f 256/471/471 228/441/441 248/470/470
f 248/470/470 228/441/441 220/442/442
f 248/470/470 220/442/442 242/469/469
f 242/469/469 220/442/442 214/443/443
f 242/469/469 214/443/443 219/444/444
f 242/469/469 219/444/444 247/468/468
f 247/468/468 219/444/444 227/445/445
f 247/468/468 227/445/445 255/467/467
f 255/467/467 227/445/445 235/446/446
f 255/467/467 235/446/446 271/466/466
f 271/466/466 235/446/446 263/447/447
f 271/466/466 263/447/447 287/465/465
f 287/465/465 263/447/447 279/448/448
f 287/465/465 279/448/448 303/464/464
f 303/464/464 279/448/448 295/449/449
f 303/464/464 295/449/449 314/463/463
f 314/463/463 295/449/449 313/450/450
f 314/463/463 313/450/450 335/451/451
f 314/463/463 335/451/451 327/462/462
f 327/462/462 335/451/451 351/452/452
f 327/462/462 351/452/452 343/461/461
f 343/461/461 351/452/452 367/453/453
f 343/461/461 367/453/453 359/460/460
f 359/460/460 367/453/453 395/454/454
f 359/460/460 395/454/454 375/459/459
f 375/459/459 395/454/454 403/455/455
f 375/459/459 403/455/455 383/458/458
f 383/458/458 403/455/455 411/456/456
f 383/458/458 411/456/456 390/457/457
f 324/481/481 340/482/482 422/489/489
f 422/489/489 340/482/482 356/483/483
f 422/489/489 356/483/483 372/484/484
f 372/484/484 400/485/485 422/489/489
f 422/489/489 400/485/485 408/486/486
f 422/489/489 408/486/486 416/487/487
f 416/487/487 421/488/488 422/489/489
f 392/490/490 388/491/491 387/513/513
f 387/513/513 388/491/491 379/512/512
f 379/512/512 388/491/491 380/492/492
f 379/512/512 380/492/492 363/511/511
f 363/511/511 380/492/492 364/493/493
f 363/511/511 364/493/493 347/510/510
f 347/510/510 364/493/493 348/494/494
f 347/510/510 348/494/494 331/509/509
f 331/509/509 348/494/494 332/495/495
f 331/509/509 332/495/495 322/508/508
f 322/508/508 332/495/495 323/496/496
f 322/508/508 323/496/496 307/507/507
f 307/507/507 323/496/496 308/497/497
f 307/507/507 308/497/497 291/506/506
f 291/506/506 308/497/497 292/498/498
f 291/506/506 292/498/498 275/505/505
f 275/505/505 292/498/498 276/499/499
f 275/505/505 276/499/499 259/504/504
f 259/504/504 276/499/499 260/500/500
f 259/504/504 260/500/500 251/503/503
f 251/503/503 260/500/500 252/501/501
f 251/503/503 252/501/501 244/502/502
f 109/514/514 89/515/515 3/522/522
f 3/522/522 89/515/515 73/516/516
f 3/522/522 73/516/516 57/517/517
f 57/517/517 29/518/518 3/522/522
f 3/522/522 29/518/518 21/519/519
f 3/522/522 21/519/519 13/520/520
f 13/520/520 4/521/521 3/522/522
f 183/523/523 178/524/524 177/546/546
f 177/546/546 178/524/524 169/545/545
f 169/545/545 178/524/524 170/525/525
f 169/545/545 170/525/525 153/544/544
f 153/544/544 170/525/525 154/526/526
f 153/544/544 154/526/526 137/543/543
f 137/543/543 154/526/526 138/527/527
f 137/543/543 138/527/527 121/542/542
f 121/542/542 138/527/527 122/528/528
f 121/542/542 122/528/528 110/541/541
f 110/541/541 122/528/528 111/529/529
f 110/541/541 111/529/529 97/540/540
f 97/540/540 111/529/529 98/530/530
f 97/540/540 98/530/530 81/539/539
f 81/539/539 98/530/530 82/531/531
f 81/539/539 82/531/531 65/538/538
f 65/538/538 82/531/531 66/532/532
f 65/538/538 66/532/532 49/537/537
f 49/537/537 66/532/532 50/533/533
f 49/537/537 50/533/533 41/536/536
f 41/536/536 50/533/533 42/534/534
f 41/536/536 42/534/534 35/535/535
f 420/547/547 413/548/548 419/555/555
f 419/555/555 413/548/548 405/549/549
f 419/555/555 405/549/549 397/550/550
f 397/550/550 369/551/551 419/555/555
f 419/555/555 369/551/551 353/552/552
f 419/555/555 353/552/552 337/553/553
f 337/553/553 317/554/554 419/555/555
f 317/556/556 297/557/557 109/643/643
f 109/643/643 297/557/557 129/642/642
f 129/642/642 297/557/557 281/558/558
f 129/642/642 281/558/558 145/641/641
f 145/641/641 281/558/558 265/559/559
f 145/641/641 265/559/559 161/640/640
f 161/640/640 265/559/559 237/560/560
f 161/640/640 237/560/560 189/639/639
f 189/639/639 237/560/560 229/561/561
f 189/639/639 229/561/561 197/638/638
f 197/638/638 229/561/561 221/562/562
f 197/638/638 221/562/562 205/637/637
f 205/637/637 221/562/562 215/563/563
f 205/637/637 215/563/563 211/636/636
f 211/636/636 215/563/563 206/635/635
f 206/635/635 215/563/563 222/564/564
f 206/635/635 222/564/564 198/634/634
f 198/634/634 222/564/564 230/565/565
f 198/634/634 230/565/565 190/633/633
f 190/633/633 230/565/565 238/566/566
f 190/633/633 238/566/566 267/588/588
f 267/588/588 238/566/566 266/567/567
f 267/588/588 266/567/567 283/587/587
f 283/587/587 266/567/567 282/568/568
f 283/587/587 282/568/568 299/586/586
f 299/586/586 282/568/568 298/569/569
f 299/586/586 298/569/569 321/585/585
f 321/585/585 298/569/569 320/570/570
f 321/585/585 320/570/570 339/584/584
f 339/584/584 320/570/570 338/571/571
f 339/584/584 338/571/571 355/583/583
f 355/583/583 338/571/571 354/572/572
f 355/583/583 354/572/572 371/582/582
f 371/582/582 354/572/572 370/573/573
f 371/582/582 370/573/573 399/581/581
f 399/581/581 370/573/573 398/574/574
f 399/581/581 398/574/574 407/580/580
f 407/580/580 398/574/574 406/575/575
f 407/580/580 406/575/575 415/579/579
f 415/579/579 406/575/575 414/576/576
f 415/579/579 414/576/576 421/578/578
f 421/578/578 414/576/576 420/577/577
f 267/588/588 239/589/589 190/633/633
f 190/633/633 239/589/589 162/632/632
f 162/632/632 239/589/589 191/610/610
f 162/632/632 191/610/610 163/611/611
f 239/589/589 231/590/590 191/610/610
f 191/610/610 231/590/590 199/609/609
f 199/609/609 231/590/590 223/591/591
f 199/609/609 223/591/591 207/608/608
f 207/608/608 223/591/591 216/592/592
f 207/608/608 216/592/592 212/607/607
f 212/607/607 216/592/592 208/606/606
f 208/606/606 216/592/592 224/593/593
f 208/606/606 224/593/593 200/605/605
f 200/605/605 224/593/593 232/594/594
f 200/605/605 232/594/594 192/604/604
f 192/604/604 232/594/594 240/595/595
f 192/604/604 240/595/595 164/603/603
f 164/603/603 240/595/595 268/596/596
f 164/603/603 268/596/596 148/602/602
f 148/602/602 268/596/596 284/597/597
f 148/602/602 284/597/597 132/601/601
f 132/601/601 284/597/597 300/598/598
f 132/601/601 300/598/598 116/600/600
f 116/600/600 300/598/598 324/599/599
f 162/632/632 163/611/611 146/631/631
f 146/631/631 163/611/611 147/612/612
f 146/631/631 147/612/612 130/630/630
f 130/630/630 147/612/612 131/613/613
f 130/630/630 131/613/613 112/629/629
f 112/629/629 131/613/613 113/614/614
f 112/629/629 113/614/614 90/628/628
f 90/628/628 113/614/614 91/615/615
f 90/628/628 91/615/615 74/627/627
f 74/627/627 91/615/615 75/616/616
f 74/627/627 75/616/616 58/626/626
f 58/626/626 75/616/616 59/617/617
f 58/626/626 59/617/617 30/625/625
f 30/625/625 59/617/617 31/618/618
f 30/625/625 31/618/618 22/624/624
f 22/624/624 31/618/618 23/619/619
f 22/624/624 23/619/619 14/623/623
f 14/623/623 23/619/619 15/620/620
f 14/623/623 15/620/620 4/622/622
f 4/622/622 15/620/620 5/621/621
f 176/645/645 180/691/691 182/644/644
f 182/644/644 180/691/691 184/692/692
f 182/693/693 184/668/668 175/667/667
f 175/667/667 184/668/668 179/669/669
f 175/667/667 179/669/669 167/666/666
f 167/666/666 179/669/669 171/670/670
f 167/666/666 171/670/670 151/665/665
f 151/665/665 171/670/670 155/671/671
f 151/665/665 155/671/671 135/664/664
f 135/664/664 155/671/671 139/672/672
f 135/664/664 139/672/672 119/663/663
f 119/663/663 139/672/672 123/673/673
f 119/663/663 123/673/673 106/662/662
f 106/662/662 123/673/673 114/674/674
f 106/662/662 114/674/674 95/661/661
f 95/661/661 114/674/674 99/675/675
f 95/661/661 99/675/675 79/660/660
f 79/660/660 99/675/675 83/676/676
f 79/660/660 83/676/676 63/659/659
f 63/659/659 83/676/676 67/677/677
f 63/659/659 67/677/677 47/658/658
f 47/658/658 67/677/677 51/678/678
f 47/658/658 51/678/678 39/657/657
f 39/657/657 51/678/678 43/679/679
f 39/657/657 43/679/679 34/656/656
f 34/656/656 43/679/679 36/680/680
f 34/656/656 36/680/680 40/655/655
f 40/655/655 36/680/680 44/681/681
f 40/655/655 44/681/681 48/654/654
f 48/654/654 44/681/681 52/682/682
f 48/654/654 52/682/682 64/653/653
f 64/653/653 52/682/682 68/683/683
f 64/653/653 68/683/683 80/652/652
f 80/652/652 68/683/683 84/684/684
f 80/652/652 84/684/684 96/651/651
f 96/651/651 84/684/684 100/685/685
f 96/651/651 100/685/685 107/650/650
f 107/650/650 100/685/685 115/686/686
f 107/650/650 115/686/686 120/649/649
f 120/649/649 115/686/686 124/687/687
f 120/649/649 124/687/687 136/648/648
f 136/648/648 124/687/687 140/688/688
f 136/648/648 140/688/688 152/647/647
f 152/647/647 140/688/688 156/689/689
f 152/647/647 156/689/689 168/646/646
f 168/646/646 156/689/689 172/690/690
f 168/646/646 172/690/690 176/645/645
f 176/645/645 172/690/690 180/691/691
f 203/695/695 207/735/735 210/694/694
f 210/694/694 207/735/735 212/736/736
f 210/694/694 212/736/736 204/721/721
f 204/721/721 212/736/736 208/737/737
f 204/721/721 208/737/737 196/720/720
f 196/720/720 208/737/737 200/738/738
f 196/720/720 200/738/738 188/719/719
f 188/719/719 200/738/738 192/739/739
f 188/719/719 192/739/739 160/718/718
f 160/718/718 192/739/739 164/740/740
f 160/718/718 164/740/740 144/717/717
f 144/717/717 164/740/740 148/741/741
f 144/717/717 148/741/741 128/716/716
f 128/716/716 148/741/741 132/742/742
f 128/716/716 132/742/742 108/715/715
f 108/715/715 132/742/742 116/743/743
f 108/715/715 116/743/743 88/714/714
f 88/714/714 116/743/743 92/744/744
f 88/714/714 92/744/744 72/713/713
f 72/713/713 92/744/744 76/745/745
f 72/713/713 76/745/745 56/712/712
f 56/712/712 76/745/745 60/746/746
f 56/712/712 60/746/746 28/711/711
f 28/711/711 60/746/746 32/747/747
f 28/711/711 32/747/747 20/710/710
f 20/710/710 32/747/747 24/748/748
f 20/710/710 24/748/748 12/709/709
f 12/709/709 24/748/748 16/749/749
f 12/709/709 16/749/749 2/708/708
f 2/708/708 16/749/749 5/750/750
f 2/751/751 5/722/722 11/707/707
f 11/707/707 5/722/722 15/723/723
f 11/707/707 15/723/723 19/706/706
f 19/706/706 15/723/723 23/724/724
f 19/706/706 23/724/724 27/705/705
f 27/705/705 23/724/724 31/725/725
f 27/705/705 31/725/725 55/704/704
f 55/704/704 31/725/725 59/726/726
f 55/704/704 59/726/726 71/703/703
f 71/703/703 59/726/726 75/727/727
f 71/703/703 75/727/727 87/702/702
f 87/702/702 75/727/727 91/728/728
f 87/702/702 91/728/728 105/701/701
f 105/701/701 91/728/728 113/729/729
f 105/701/701 113/729/729 127/700/700
f 127/700/700 113/729/729 131/730/730
f 127/700/700 131/730/730 143/699/699
f 143/699/699 131/730/730 147/731/731
f 143/699/699 147/731/731 159/698/698
f 159/698/698 147/731/731 163/732/732
f 159/698/698 163/732/732 187/697/697
f 187/697/697 163/732/732 191/733/733
f 187/697/697 191/733/733 195/696/696
f 195/696/696 191/733/733 199/734/734
f 195/696/696 199/734/734 203/695/695
f 203/695/695 199/734/734 207/735/735
f 203/779/779 210/752/752 182/780/780
f 182/780/780 210/752/752 204/753/753
f 182/780/780 204/753/753 176/803/803
f 176/803/803 204/753/753 196/754/754
f 176/803/803 196/754/754 168/802/802
f 168/802/802 196/754/754 188/755/755
f 168/802/802 188/755/755 152/801/801
f 152/801/801 188/755/755 160/756/756
f 152/801/801 160/756/756 136/800/800
f 136/800/800 160/756/756 144/757/757
f 136/800/800 144/757/757 120/799/799
f 120/799/799 144/757/757 128/758/758
f 120/799/799 128/758/758 107/798/798
f 107/798/798 128/758/758 108/759/759
f 107/798/798 108/759/759 88/760/760
f 107/798/798 88/760/760 96/797/797
f 96/797/797 88/760/760 72/761/761
f 96/797/797 72/761/761 80/796/796
f 80/796/796 72/761/761 56/762/762
f 80/796/796 56/762/762 64/795/795
f 64/795/795 56/762/762 28/763/763
f 64/795/795 28/763/763 48/794/794
f 48/794/794 28/763/763 20/764/764
f 48/794/794 20/764/764 40/793/793
f 40/793/793 20/764/764 12/765/765
f 40/793/793 12/765/765 34/792/792
f 34/792/792 12/765/765 2/766/766
f 34/792/792 2/766/766 11/767/767
f 34/792/792 11/767/767 39/791/791
f 39/791/791 11/767/767 19/768/768
f 39/791/791 19/768/768 47/790/790
f 47/790/790 19/768/768 27/769/769
f 47/790/790 27/769/769 63/789/789
f 63/789/789 27/769/769 55/770/770
f 63/789/789 55/770/770 79/788/788
f 79/788/788 55/770/770 71/771/771
f 79/788/788 71/771/771 95/787/787
f 95/787/787 71/771/771 87/772/772
f 95/787/787 87/772/772 106/786/786
f 106/786/786 87/772/772 105/773/773
f 106/786/786 105/773/773 127/774/774
f 106/786/786 127/774/774 119/785/785
f 119/785/785 127/774/774 143/775/775
f 119/785/785 143/775/775 135/784/784
f 135/784/784 143/775/775 159/776/776
f 135/784/784 159/776/776 151/783/783
f 151/783/783 159/776/776 187/777/777
f 151/783/783 187/777/777 167/782/782
f 167/782/782 187/777/777 195/778/778
f 167/782/782 195/778/778 175/781/781
f 175/781/781 195/778/778 203/779/779
f 175/781/781 203/779/779 182/780/780
f 5/804/804 16/805/805 6/812/812
f 6/812/812 16/805/805 24/806/806
f 6/812/812 24/806/806 32/807/807
f 32/807/807 60/808/808 6/812/812
f 6/812/812 60/808/808 76/809/809
f 6/812/812 76/809/809 92/810/810
f 92/810/810 116/811/811 6/812/812
f 391/813/813 386/814/814 385/836/836
f 385/836/836 386/814/814 377/835/835
f 377/835/835 386/814/814 378/815/815
f 377/835/835 378/815/815 361/834/834
f 361/834/834 378/815/815 362/816/816
f 361/834/834 362/816/816 345/833/833
f 345/833/833 362/816/816 346/817/817
f 345/833/833 346/817/817 329/832/832
f 329/832/832 346/817/817 330/818/818
f 329/832/832 330/818/818 318/831/831
f 318/831/831 330/818/818 319/819/819
f 318/831/831 319/819/819 305/830/830
f 305/830/830 319/819/819 306/820/820
f 305/830/830 306/820/820 289/829/829
f 289/829/829 306/820/820 290/821/821
f 289/829/829 290/821/821 273/828/828
f 273/828/828 290/821/821 274/822/822
f 273/828/828 274/822/822 257/827/827
f 257/827/827 274/822/822 258/823/823
f 257/827/827 258/823/823 249/826/826
f 249/826/826 258/823/823 250/824/824
f 249/826/826 250/824/824 243/825/825
f 6/842/842 8/837/837 5/841/841
f 5/841/841 8/837/837 7/838/838
f 5/841/841 7/838/838 4/840/840
f 4/840/840 7/838/838 3/839/839
f 423/844/844 317/846/846 7/843/843
f 7/843/843 317/846/846 109/847/847
f 7/843/843 109/847/847 3/848/848
f 423/844/844 419/845/845 317/846/846
f 184/849/849 180/850/850 179/872/872
f 179/872/872 180/850/850 171/871/871
f 171/871/871 180/850/850 172/851/851
f 171/871/871 172/851/851 155/870/870
f 155/870/870 172/851/851 156/852/852
f 155/870/870 156/852/852 139/869/869
f 139/869/869 156/852/852 140/853/853
f 139/869/869 140/853/853 123/868/868
f 123/868/868 140/853/853 124/854/854
f 123/868/868 124/854/854 114/867/867
f 114/867/867 124/854/854 115/855/855
f 114/867/867 115/855/855 99/866/866
f 99/866/866 115/855/855 100/856/856
f 99/866/866 100/856/856 83/865/865
f 83/865/865 100/856/856 84/857/857
f 83/865/865 84/857/857 67/864/864
f 67/864/864 84/857/857 68/858/858
f 67/864/864 68/858/858 51/863/863
f 51/863/863 68/858/858 52/859/859
f 51/863/863 52/859/859 43/862/862
f 43/862/862 52/859/859 44/860/860
f 43/862/862 44/860/860 36/861/861
f 6/873/873 116/874/874 8/878/878
f 8/878/878 116/874/874 324/875/875
f 8/878/878 324/875/875 424/877/877
f 424/877/877 324/875/875 422/876/876
f 424/880/880 423/881/881 8/879/879
f 8/879/879 423/881/881 7/882/882
f 419/888/888 423/883/883 420/887/887
f 420/887/887 423/883/883 424/884/884
f 420/887/887 424/884/884 421/886/886
f 421/886/886 424/884/884 422/885/885
# 424 vertices
# 888 texture params
# 888 normals
# 844 facets

# 1 groups
