# WaveFront *.obj file (generated by Autodesk ATF)

mtllib 鬼面釜.mtl

g ソリッド1

v -169.926777 107.068415 -5.037708
v -169.926777 152.044210 -5.037708
v -169.854717 100.481567 -4.169699
v -169.701233 100.481567 8.336887
v -169.577446 94.404850 -4.162893
v -169.424210 94.404850 8.323278
v -169.329910 107.068415 15.095431
v -169.329910 152.044210 15.095431
v -169.087753 100.481567 -16.653690
v -168.811741 94.404850 -16.626505
v -168.628120 100.481567 20.798295
v -168.531723 83.564558 -4.137222
v -168.379440 83.564558 8.271951
v -168.352852 94.404850 20.764344
v -168.181477 162.436943 -4.985966
v -168.138256 107.068415 -25.100129
v -168.138256 152.044210 -25.100129
v -167.770729 83.564558 -16.523974
v -167.590733 162.436943 14.940386
v -167.404480 100.481567 -29.047432
v -167.314682 83.564558 20.636296
v -167.131214 94.404850 -29.000015
v -166.917267 74.160290 -4.097589
v -166.766434 74.160290 8.192710
v -166.641197 100.481567 33.146996
v -166.411324 162.436943 -24.842327
v -166.369171 94.404850 33.092887
v -166.356010 107.068415 35.016663
v -166.356010 152.044210 35.016663
v -166.163559 74.160290 -16.365682
v -166.100559 83.564558 -28.821182
v -165.711880 74.160290 20.438612
v -165.343227 83.564558 32.888813
v -164.831963 65.880451 -4.046398
v -164.814034 100.481567 -41.283765
v -164.683018 65.880451 8.090357
v -164.647369 162.436943 34.657006
v -164.544983 94.404850 -41.216373
v -164.532871 172.322998 -4.877799
v -164.509392 74.160290 -28.545089
v -164.087658 65.880451 -16.161225
v -163.989429 107.068415 -44.810200
v -163.989429 152.044210 -44.810200
v -163.954945 172.322998 14.616263
v -163.759327 74.160290 32.573755
v -163.751240 100.481567 45.316072
v -163.641624 65.880451 20.183270
v -163.530293 83.564558 -40.962205
v -163.483925 94.404850 45.242095
v -162.801132 172.322998 -24.303386
v -162.475777 83.564558 44.963102
v -162.454166 65.880451 -28.188472
v -162.367325 58.489079 -3.985894
v -162.305107 162.436943 -44.349957
v -162.220612 58.489079 7.969388
v -161.963749 74.160290 -40.569806
v -161.713467 65.880451 32.166808
v -161.634178 58.489079 -15.919577
v -161.330433 100.481567 -53.296375
v -161.194801 58.489079 19.881483
v -161.075459 172.322998 33.905144
v -161.067085 94.404850 -53.209376
v -161.046848 107.068415 54.446335
v -161.046848 152.044210 54.446335
v -160.919342 74.160290 44.532375
v -160.073833 83.564558 -52.881250
v -160.025101 58.489079 -27.766988
v -159.973888 100.481567 57.239571
v -159.940319 65.880451 -40.062966
v -159.712744 94.404850 57.146134
v -159.608612 51.825852 -3.918172
v -159.464378 51.825852 7.833983
v -159.392738 162.436943 53.887119
v -159.295464 58.489079 31.685839
v -159.108543 181.356735 -4.716987
v -158.908958 65.880451 43.976030
v -158.887901 51.825852 -15.649092
v -158.783998 172.322998 -43.387809
v -158.727846 83.564558 56.793733
v -158.549671 181.356735 14.134393
v -158.540401 74.160290 -52.374673
v -158.456001 51.825852 19.543684
v -157.548838 58.489079 -39.463930
v -157.538567 107.068415 -63.891230
v -157.538567 152.044210 -63.891230
v -157.433882 181.356735 -23.502152
v -157.306166 51.825852 -27.295210
v -157.207308 74.160290 56.249676
v -156.972580 100.481567 -65.020170
v -156.716337 94.404850 -64.914031
v -156.634417 45.805864 -3.845159
v -156.588936 51.825852 31.147475
v -156.559744 65.880451 -51.720352
v -156.532898 58.489079 43.318486
v -156.492872 45.805864 7.688002
v -155.934811 172.322998 52.718072
v -155.927143 45.805864 -15.357482
v -155.920496 162.436943 -63.235006
v -155.765104 181.356735 32.787356
v -155.749922 83.564558 -64.513731
v -155.503283 45.805864 19.179502
v -155.329628 100.481567 68.852887
v -155.243311 65.880451 55.546942
v -155.076065 94.404850 68.740492
v -154.871979 51.825852 -38.793411
v -154.374886 45.805864 -26.786582
v -154.257908 74.160290 -63.895717
v -154.218807 58.489079 -50.947013
v -154.119768 83.564558 68.316593
v -153.873301 51.825852 42.582479
v -153.671007 45.805864 30.567064
v -153.549194 181.356735 -41.957397
v -153.493757 40.399313 -3.768060
v -153.476934 107.068415 73.111706
v -153.476934 152.044210 73.111706
v -153.355055 40.399313 7.533851
v -152.922058 58.489079 54.716387
v -152.800665 40.399313 -15.049552
v -152.643366 74.160290 67.662153
v -152.537899 172.322998 -61.863160
v -152.385311 40.399313 18.794936
v -152.330751 65.880451 -63.097463
v -152.098103 189.222374 -4.509153
v -151.986055 45.805864 -38.070524
v -151.900578 162.436943 72.360778
v -151.764078 100.481567 -76.391616
v -151.598530 51.825852 -50.081391
v -151.563854 189.222374 13.511621
v -151.516333 94.404850 -76.266913
v -151.279535 40.399313 -26.249490
v -151.005983 45.805864 41.788983
v -150.793943 181.356735 50.980058
v -150.736380 65.880451 66.816845
v -150.589771 40.399313 29.954169
v -150.581980 83.564558 -75.796599
v -150.497227 189.222374 -22.466629
v -150.323811 51.825852 53.786721
v -150.053053 58.489079 -62.154007
v -149.843626 100.481567 80.093088
v -149.599018 94.404850 79.962339
v -149.157896 34.343219 -3.661621
v -149.139481 74.160290 -75.070505
v -149.023113 34.343219 7.321036
v -148.938599 40.399313 -37.307177
v -148.901978 189.222374 31.342721
v -148.876200 107.068415 -82.075367
v -148.876200 152.044210 -82.075367
v -148.773603 45.805864 -49.148159
v -148.676491 83.564558 79.469237
v -148.605185 172.322998 70.790954
v -148.484383 34.343219 -14.624435
v -148.482523 58.489079 65.817776
v -148.080759 34.343219 18.264019
v -147.978182 40.399313 40.951076
v -147.522631 45.805864 52.784443
v -147.509012 181.356735 -59.823651
v -147.503548 51.825852 -61.097970
v -147.347097 162.436943 -81.232376
v -147.276268 65.880451 -74.132643
v -147.252235 74.160290 78.707962
v -147.006216 34.343219 -25.507998
v -146.783705 189.222374 -40.108724
v -146.335945 34.343219 29.108028
v -145.959711 51.825852 64.699488
v -145.790558 40.399313 -48.162694
v -145.733147 100.481567 -87.349091
v -145.495253 94.404850 -87.206497
v -145.412607 65.880451 77.724657
v -145.074139 58.489079 -73.024187
v -144.754925 45.805864 -59.959455
v -144.731407 34.343219 -36.253331
v -144.598036 83.564558 -86.668720
v -144.564676 40.399313 51.726069
v -144.150496 172.322998 -79.470091
v -144.149847 189.222374 48.733840
v -144.017773 29.031475 -3.535438
v -143.887634 29.031475 7.068746
v -143.798122 34.343219 39.794300
v -143.752537 107.068415 90.750742
v -143.752537 152.044210 90.750742
v -143.746624 195.644932 -4.261563
v -143.705959 181.356735 68.457112
v -143.545599 100.481567 90.899248
v -143.367472 29.031475 -14.120463
v -143.311272 94.404850 90.750866
v -143.241711 195.644932 12.769718
v -143.239851 45.805864 63.493857
v -143.238344 58.489079 76.562490
v -143.212852 74.160290 -85.838480
v -142.977753 29.031475 17.634624
v -142.609234 51.825852 -71.783457
v -142.427521 83.564558 90.191231
v -142.276068 162.436943 89.818649
v -142.233658 195.644932 -21.233020
v -141.940241 29.031475 -24.628968
v -141.852465 40.399313 -58.757215
v -141.672297 34.343219 -46.802206
v -141.423683 65.880451 -84.766092
v -141.293068 29.031475 28.104939
v -141.063137 74.160290 89.327240
v -141.009655 189.222374 -57.187777
v -140.915098 26.573305 -3.459271
v -140.804634 51.825852 75.261645
v -140.787764 26.573305 6.916459
v -140.725994 195.644932 29.621742
v -140.481043 34.343219 50.264921
v -140.367765 40.399313 62.220755
v -140.278807 26.573305 -13.816257
v -139.951820 45.805864 -70.445824
v -139.897490 26.573305 17.254709
v -139.743834 29.031475 -35.004008
v -139.398127 181.356735 -76.850114
v -139.309063 58.489079 -83.498640
v -139.300823 65.880451 88.211269
v -139.189472 172.322998 87.870083
v -138.912477 100.481567 -97.833204
v -138.882322 26.573305 -24.098370
v -138.842697 29.031475 38.422949
v -138.724031 195.644932 -37.906413
v -138.685722 94.404850 -97.673502
v -138.249092 26.573305 27.499454
v -138.180838 45.805864 73.859196
v -138.123941 107.068415 -99.107351
v -138.123941 152.044210 -99.107351
v -137.845440 34.343219 -57.097449
v -137.830486 83.564558 -97.071180
v -137.374163 189.222374 65.440841
v -137.290163 24.191198 -3.370284
v -137.217951 58.489079 86.892309
v -137.166100 24.191198 6.738538
v -137.145662 40.399313 -69.033327
v -136.942110 51.825852 -82.079945
v -136.790133 29.031475 -45.189357
v -136.733227 26.573305 -34.249892
v -136.705275 162.436943 -98.089428
v -136.670227 24.191198 -13.460842
v -136.510134 74.160290 -96.141281
v -136.469698 100.481567 101.212826
v -136.402683 34.343219 60.463152
v -136.298723 24.191198 16.810844
v -136.246920 94.404850 101.047602
v -136.234798 195.644932 46.057940
v -135.851517 26.573305 37.595177
v -135.639935 29.031475 48.532743
v -135.410194 40.399313 72.378254
v -135.406733 83.564558 100.424480
v -135.309677 24.191198 -23.478456
v -134.886522 51.825852 85.415955
v -134.804707 65.880451 -94.940186
v -134.692736 24.191198 26.792049
v -134.600658 181.356735 84.973173
v -134.390297 45.805864 -80.550442
v -134.346075 200.399895 -3.982870
v -134.109602 74.160290 99.462452
v -133.874178 200.399895 11.934621
v -133.843164 26.573305 -44.215813
v -133.739538 172.322998 -95.961437
v -133.271599 34.343219 -67.083282
v -133.267031 195.644932 -54.047685
v -133.256149 189.222374 -73.464041
v -133.215866 24.191198 -33.368838
v -133.095160 29.031475 -55.129819
v -132.990074 21.835661 -3.264723
v -132.932043 200.399895 -19.844451
v -132.869902 21.835661 6.527480
v -132.789059 58.489079 -93.520603
v -132.717743 26.573305 47.487168
v -132.434158 65.880451 98.219862
v -132.389565 21.835661 -13.039234
v -132.373009 45.805864 83.824282
v -132.356834 24.191198 36.628067
v -132.029696 21.835661 16.284310
v -132.010174 107.068415 107.115841
v -132.010174 152.044210 107.115841
v -131.702118 29.031475 58.379536
v -131.695652 40.399313 -78.935337
v -131.585150 34.343219 70.333729
v -131.522980 200.399895 27.684577
v -131.339035 100.481567 -107.787161
v -131.124630 94.404850 -107.611208
v -131.071625 21.835661 -22.743084
v -130.654306 162.436943 106.015663
v -130.532885 51.825852 -91.931629
v -130.474005 21.835661 25.952892
v -130.453959 58.489079 96.751251
v -130.400152 24.191198 -43.078389
v -130.316029 83.564558 -106.947603
v -130.227795 26.573305 -53.942118
v -129.831161 195.644932 61.847582
v -129.718819 40.399313 82.143536
v -129.651947 200.399895 -35.427461
v -129.330406 181.356735 -92.797766
v -129.303675 24.191198 46.265597
v -129.067669 74.160290 -105.923100
v -129.043398 21.835661 -32.323687
v -128.864765 26.573305 57.121825
v -128.678932 29.031475 -64.771533
v -128.670053 189.222374 81.229200
v -128.654251 100.481567 110.977917
v -128.444233 94.404850 110.796757
v -128.237457 51.825852 95.107384
v -128.211269 21.835661 35.480835
v -128.100500 45.805864 -90.218554
v -127.975540 34.343219 -76.705585
v -127.819834 172.322998 103.715715
v -127.652159 83.564558 110.113506
v -127.580385 19.451036 -8.726737
v -127.580385 19.451036 8.726737
v -127.455215 65.880451 -104.599791
v -127.325497 200.399895 43.045902
v -127.050600 29.031475 67.909961
v -126.877785 24.191198 -52.554498
v -126.429310 74.160290 109.058676
v -126.315870 21.835661 -41.729126
v -126.054544 34.343219 79.823160
v -125.939255 195.644932 -69.430242
v -125.906715 26.573305 -63.376112
v -125.847845 45.805864 93.335123
v -125.549812 24.191198 55.652404
v -125.549459 58.489079 -103.035774
v -125.531979 40.399313 -88.409595
v -125.432720 107.068415 -114.748087
v -125.432720 152.044210 -114.748087
v -125.253744 21.835661 44.816504
v -125.203800 19.451036 -26.017649
v -125.203800 19.451036 26.017649
v -124.849815 65.880451 107.696190
v -124.551811 200.399895 -50.513144
v -124.313459 26.573305 66.446929
v -124.225073 203.321037 -3.682820
v -124.144411 162.436943 -113.569508
v -123.788729 203.321037 11.035523
v -123.632011 189.222374 -88.709030
v -123.605862 181.356735 100.296402
v -123.565378 29.031475 -74.062238
v -123.416290 51.825852 -101.285133
v -123.324490 40.399313 91.463671
v -123.053846 100.481567 -117.157001
v -122.983027 58.489079 106.085882
v -122.917566 203.321037 -18.349464
v -122.903824 21.835661 -50.908432
v -122.852974 94.404850 -116.965752
v -122.667847 24.191198 -61.745806
v -122.095385 83.564558 -116.244469
v -121.985970 34.343219 -85.912209
v -121.710587 29.031475 77.072377
v -121.617451 21.835661 53.909311
v -121.614656 203.321037 25.598950
v -121.604977 195.644932 76.769023
v -121.451168 172.322998 -111.105690
v -121.340637 200.399895 57.802958
v -121.116514 45.805864 -99.397755
v -121.115589 24.191198 64.737630
v -120.925760 74.160290 -115.130901
v -120.903330 26.573305 -72.466664
v -120.893459 51.825852 104.283419
v -120.494909 19.451036 -42.823901
v -120.494909 19.451036 42.823901
v -120.141611 100.481567 120.141611
v -119.945488 94.404850 119.945488
v -119.884577 203.321037 -32.758522
v -119.840841 34.343219 88.880024
v -119.415026 65.880451 -113.692560
v -119.205828 83.564558 119.205828
v -119.088488 26.573305 75.411954
v -118.825760 21.835661 -59.811859
v -118.688030 40.399313 -97.404747
v -118.640699 45.805864 102.340164
v -118.414679 107.068415 121.977272
v -118.414679 152.044210 121.977272
v -118.159695 189.222374 95.877275
v -118.063889 74.160290 118.063889
v -117.793179 24.191198 -70.602512
v -117.782221 29.031475 -82.951593
v -117.733393 203.321037 39.803026
v -117.703247 200.399895 -64.889736
v -117.629499 58.489079 -111.992588
v -117.447157 181.356735 -107.442751
v -117.322111 21.835661 62.709975
v -117.198448 162.436943 120.724449
v -116.843567 195.644932 -83.838158
v -116.588907 65.880451 116.588907
v -116.261845 40.399313 100.288162
v -116.025028 24.191198 73.472037
v -115.711012 29.031475 85.817137
v -115.630894 51.825852 -110.089760
v -115.335350 34.343219 -94.653273
v -115.244751 26.573305 -81.164513
v -115.168657 203.321037 -46.707721
v -114.845629 58.489079 114.845629
v -114.655895 172.322998 118.105402
v -114.103756 21.835661 -68.391161
v -114.101830 100.481567 -125.891962
v -113.915567 94.404850 -125.686455
v -113.711500 204.306240 4.155746
v -113.652420 200.399895 71.748586
v -113.541431 19.451036 -58.832426
v -113.541431 19.451036 58.832426
v -113.476191 45.805864 -108.038321
v -113.218164 26.573305 83.968315
v -113.213081 83.564558 -124.911394
v -113.104792 204.306240 -12.445066
v -112.977705 34.343219 97.455235
v -112.894335 51.825852 112.894335
v -112.390985 21.835661 71.170812
v -112.359457 204.306240 4.106334
v -112.280169 24.191198 -79.076614
v -112.272348 189.222374 -102.708740
v -112.199402 203.321037 53.448353
v -112.128553 74.160290 -123.714800
v -111.894636 204.306240 20.667987
v -111.759977 204.306240 -12.297094
v -111.671734 195.644932 90.612793
v -111.360788 29.031475 -91.391430
v -111.200895 40.399313 -105.872059
v -110.980701 107.068415 -128.778000
v -110.980701 152.044210 -128.778000
v -110.875912 181.356735 114.211693
v -110.790625 45.805864 110.790625
v -110.727730 65.880451 -122.169218
v -110.564203 204.306240 20.422244
v -110.305710 24.191198 81.808290
v -110.087461 204.306240 -28.780634
v -109.934473 204.976101 0.000000
v -109.921665 100.481567 129.557867
v -109.840822 162.436943 -127.455330
v -109.742231 94.404850 129.346380
v -109.202385 200.399895 -78.355417
v -109.084387 29.031475 94.096842
v -109.072084 58.489079 -120.342503
v -109.065485 83.564558 128.548737
v -108.961658 26.573305 -89.422522
v -108.836031 203.321037 -60.001245
v -108.815498 204.976101 -15.645306
v -108.815498 204.976101 15.645306
v -108.778515 204.306240 -28.438432
v -108.763428 21.835661 -76.599846
v -108.569174 40.399313 108.569174
v -108.104343 206.806240 0.000000
v -108.059711 34.343219 -102.881403
v -108.020687 74.160290 127.317305
v -107.692928 204.306240 36.739724
v -107.457895 172.322998 -124.690266
v -107.218885 51.825852 -118.297806
v -107.134066 209.306240 -8.028588
v -107.134066 209.306240 8.028588
v -107.134066 374.118347 -8.028588
v -107.134066 374.118347 8.028588
v -107.004004 206.806240 -15.384853
v -107.004004 206.806240 15.384853
v -106.850815 21.835661 79.245963
v -106.734304 26.573305 92.069645
v -106.671181 65.880451 125.726719
v -106.466064 376.618347 -7.978529
v -106.466064 376.618347 7.978529
v -106.412458 204.306240 36.302888
v -106.158705 24.191198 -87.122192
v -106.107645 195.644932 -97.069159
v -105.990639 189.222374 109.179440
v -105.502338 34.343219 105.502338
v -105.481358 204.976101 -30.972121
v -105.481358 204.976101 30.972121
v -105.220938 45.805864 -116.093407
v -105.090380 203.321037 66.343384
v -105.076189 58.489079 123.846807
v -104.740868 209.306240 -23.906419
v -104.740868 209.306240 23.906419
v -104.740868 374.118347 -23.906419
v -104.740868 374.118347 23.906419
v -104.723806 204.306240 -44.502792
v -104.641056 378.448448 -7.841763
v -104.641056 378.448448 7.841763
v -104.531479 100.481567 -133.944702
v -104.472885 19.451036 -73.745012
v -104.472885 19.451036 73.745012
v -104.368773 200.399895 84.687023
v -104.360838 94.404850 -133.726053
v -104.335880 29.031475 -99.336014
v -104.087791 376.618347 -23.757358
v -104.087791 376.618347 23.757358
v -103.988638 24.191198 89.701223
v -103.915215 181.356735 -120.579462
v -103.725357 206.806240 -30.456514
v -103.725357 206.806240 30.456514
v -103.717279 83.564558 -132.901411
v -103.478642 204.306240 -43.973651
v -103.290882 51.825852 121.742573
v -103.156900 107.068415 135.126400
v -103.156900 152.044210 135.126400
v -103.111162 40.399313 -113.765640
v -102.833691 21.835661 -84.393425
v -102.723713 74.160290 -131.628275
v -102.359304 379.118347 -3.923520
v -102.303543 378.448448 -23.350117
v -102.303543 378.448448 23.350117
v -102.097378 162.436943 133.738527
v -102.088099 26.573305 -97.195950
v -101.866627 29.031475 101.866627
v -101.758623 379.118347 11.747537
v -101.440382 65.880451 -129.983835
v -101.366129 45.805864 119.473982
v -101.195936 204.306240 52.028418
v -100.975590 203.321037 -72.452488
v -100.731602 21.835661 86.891680
v -100.560770 379.118347 -19.502612
v -100.198498 34.343219 -110.552006
v -100.170851 195.644932 103.184566
v -100.007935 209.306240 -39.250221
v -100.007935 209.306240 39.250221
v -100.007935 374.118347 -39.250221
v -100.007935 374.118347 39.250221
v -99.999914 204.976101 -45.668430
v -99.999914 204.976101 45.668430
v -99.992714 204.306240 51.409798
v -99.923611 58.489079 -128.040276
v -99.882441 172.322998 130.837145
v -99.672041 26.573305 99.672041
v -99.461956 24.191198 -94.695654
v -99.384365 376.618347 -39.005487
v -99.384365 376.618347 39.005487
v -99.336634 189.222374 -115.266647
v -99.333649 40.399313 117.078428
v -99.168558 200.399895 -90.721159
v -98.966398 100.481567 138.107443
v -98.804846 94.404850 137.881994
v -98.772802 379.118347 27.143240
v -98.335171 206.806240 -44.908166
v -98.335171 206.806240 44.908166
v -98.225842 51.825852 -125.864782
v -98.195543 83.564558 137.031727
v -97.680750 378.448448 -38.336868
v -97.680750 378.448448 38.336868
v -97.254877 74.160290 135.719023
v -97.128143 204.306240 -59.276452
v -97.108049 24.191198 97.108049
v -96.745567 29.031475 -106.742277
v -96.589508 181.356735 126.523695
v -96.527691 34.343219 113.771219
v -96.506119 203.321037 78.307099
v -96.405182 379.118347 -34.624581
v -96.395473 45.805864 -123.519382
v -96.346693 21.835661 -91.729679
v -96.039867 65.880451 134.023476
v -95.973291 204.306240 -58.571653
v -94.970751 107.068415 -141.000166
v -94.970751 152.044210 -141.000166
v -94.661303 26.573305 -104.442654
v -94.603844 58.489079 132.019510
v -94.462662 40.399313 -121.042709
v -94.394655 100.481567 -141.271591
v -94.240570 94.404850 -141.040974
v -94.066515 21.835661 94.066515
v -93.995314 162.436943 -139.551954
v -93.882208 195.644932 -108.937531
v -93.659420 83.564558 -140.171223
v -93.620014 200.399895 96.436634
v -93.471823 379.118347 41.902728
v -93.458204 19.451036 -87.283869
v -93.458204 19.451036 87.283869
v -93.201256 29.031475 109.850559
v -93.040981 209.306240 -53.717237
v -93.040981 209.306240 53.717237
v -93.040981 374.118347 -53.717237
v -93.040981 374.118347 53.717237
v -92.996464 51.825852 129.776411
v -92.762203 74.160290 -138.828449
v -92.542133 204.306240 66.208220
v -92.482767 204.976101 -59.435062
v -92.482767 204.976101 59.435062
v -92.460852 376.618347 -53.382301
v -92.460852 376.618347 53.382301
v -92.333698 189.222374 120.948973
v -92.226210 24.191198 -101.755943
v -91.956139 172.322998 -136.524458
v -91.794291 34.343219 -117.623520
v -91.697664 203.321037 -83.886652
v -91.603317 65.880451 -137.094049
v -91.441803 204.306240 65.421000
v -91.263542 45.805864 127.358122
v -91.193352 26.573305 107.483969
v -90.943165 206.806240 -58.445621
v -90.943165 206.806240 58.445621
v -90.875921 378.448448 -52.467237
v -90.875921 378.448448 52.467237
v -90.233631 58.489079 -135.044174
v -89.989939 379.118347 -48.934979
v -89.433622 40.399313 124.804478
v -89.337587 21.835661 -98.568830
v -88.924522 181.356735 -132.023516
v -88.847475 24.191198 104.719019
v -88.700504 51.825852 -132.749691
v -88.630981 29.031475 -113.570099
v -87.742624 200.399895 -101.813374
v -87.462368 204.306240 -72.786736
v -87.349091 100.481567 145.733147
v -87.263794 195.644932 114.307842
v -87.206497 94.404850 145.495253
v -87.047634 45.805864 -130.275993
v -86.907320 34.343219 121.279030
v -86.721535 26.573305 -111.123381
v -86.668720 83.564558 144.598036
v -86.567116 203.321037 89.171553
v -86.451025 107.068415 146.378651
v -86.451025 152.044210 146.378651
v -86.422434 204.306240 -71.921301
v -86.064672 21.835661 101.439104
v -85.979958 379.118347 55.680056
v -85.838480 74.160290 143.212852
v -85.563087 162.436943 144.875202
v -85.302258 40.399313 -127.663851
v -85.006447 189.222374 -126.206455
v -84.766092 65.880451 141.423683
v -84.490690 24.191198 -108.264809
v -83.995657 209.306240 -66.984296
v -83.995657 209.306240 66.984296
v -83.995657 374.118347 -66.984296
v -83.995657 374.118347 66.984296
v -83.912411 29.031475 117.099638
v -83.746309 100.481567 -147.832909
v -83.706846 172.322998 141.732225
v -83.609600 94.404850 -147.591581
v -83.498640 58.489079 139.309063
v -83.471928 376.618347 -66.566639
v -83.471928 376.618347 66.566639
v -83.094006 83.564558 -146.681442
v -83.082933 204.976101 -71.991768
v -83.082933 204.976101 71.991768
v -82.892656 34.343219 -124.057617
v -82.298002 74.160290 -145.276299
v -82.104635 26.573305 114.576883
v -82.079945 51.825852 136.942110
v -82.041073 378.448448 -65.425572
v -82.041073 378.448448 65.425572
v -81.915951 204.306240 78.976903
v -81.844349 21.835661 -104.873838
v -81.699810 206.806240 -70.793290
v -81.699810 206.806240 70.793290
v -81.557035 200.399895 106.832495
v -81.465406 379.118347 -62.098379
v -81.269846 65.880451 -143.461351
v -81.132507 203.321037 -94.143238
v -80.947199 181.356735 137.059584
v -80.941963 204.306240 78.037868
v -80.702581 19.451036 -99.196796
v -80.702581 19.451036 99.196796
v -80.550442 45.805864 134.390297
v -80.338869 195.644932 -119.276657
v -80.054674 58.489079 -141.316271
v -80.036097 29.031475 -119.782476
v -79.992547 24.191198 111.629467
v -79.350343 2.013161 0.000000
v -78.935337 40.399313 131.695652
v -78.694496 51.825852 -138.915215
v -78.311820 26.573305 -117.201920
v -78.144832 2.013161 -13.779043
v -78.144832 2.013161 13.779043
v -77.627630 107.068415 -151.242990
v -77.627630 152.044210 -151.242990
v -77.487092 21.835661 108.133106
v -77.380600 189.222374 131.020641
v -77.228079 45.805864 -136.326628
v -76.830320 162.436943 -149.689579
v -76.705585 34.343219 127.975540
v -76.472783 379.118347 68.152285
v -76.297302 24.191198 -114.186983
v -75.932479 204.306240 -84.745693
v -75.679588 40.399313 -133.593159
v -75.412912 203.321037 98.784237
v -75.163531 172.322998 -146.442156
v -75.147457 100.481567 152.383966
v -75.084977 200.399895 -111.476355
v -75.029640 204.306240 -83.738070
v -75.024786 94.404850 152.135210
v -74.564929 2.013161 -27.139416
v -74.564929 2.013161 27.139416
v -74.562130 83.564558 151.197042
v -74.062238 29.031475 123.565378
v -73.907585 21.835661 -110.610523
v -73.847861 74.160290 149.748650
v -73.605494 0.507052 -2.821362
v -73.541808 34.343219 -129.819441
v -73.173547 0.507052 8.447529
v -73.131752 195.644932 123.826494
v -73.073997 209.306240 -78.755040
v -73.073997 209.306240 78.755040
v -73.073997 374.118347 -78.755040
v -73.073997 374.118347 78.755040
v -72.925272 65.880451 147.877827
v -72.685533 181.356735 -141.614237
v -72.644129 100.481567 -153.593111
v -72.618370 376.618347 -78.263988
v -72.618370 376.618347 78.263988
v -72.525544 94.404850 -153.342381
v -72.466664 26.573305 120.903330
v -72.312188 0.507052 -14.024123
v -72.078304 83.564558 -152.396774
v -71.991768 204.976101 -83.082933
v -71.991768 204.976101 83.082933
v -71.834869 58.489079 145.666704
v -71.387830 74.160290 -150.936880
v -71.373568 378.448448 -76.922412
v -71.373568 378.448448 76.922412
v -71.031394 379.118347 -73.806248
v -71.026473 0.507052 19.518417
v -71.007485 29.031475 -125.345745
v -70.793290 206.806240 -81.699810
v -70.793290 206.806240 81.699810
v -70.614347 51.825852 143.191738
v -70.602512 24.191198 117.793179
v -70.495973 65.880451 -149.051218
v -69.543872 204.306240 90.062332
v -69.482956 189.222374 -135.374603
v -69.477725 26.573305 -122.645330
v -69.441895 58.489079 -146.822548
v -69.428425 203.321037 -103.078251
v -69.323950 0.507052 -24.898169
v -69.298501 45.805864 140.523462
v -68.719411 2.013161 -39.675171
v -68.719411 2.013161 39.675171
v -68.716993 204.306240 88.991489
v -68.531566 107.068415 155.576077
v -68.531566 152.044210 155.576077
v -68.391161 21.835661 114.103756
v -68.349175 200.399895 115.728655
v -68.262033 51.825852 -144.327946
v -67.909007 40.399313 137.705841
v -67.827678 162.436943 153.978157
v -67.717910 0.000000 -3.225802
v -67.717910 379.118347 -3.225802
v -67.717910 379.437294 -3.225802
v -67.690458 24.191198 -119.490366
v -67.450266 380.437279 -3.213052
v -67.214603 0.507052 30.131810
v -67.104645 0.000000 9.648192
v -67.104645 379.118347 9.648192
v -67.104645 379.437294 9.648192
v -66.990018 45.805864 -141.638489
v -66.839423 380.437279 9.610059
v -66.719046 381.169319 -3.178220
v -66.443615 19.451036 -109.261875
v -66.443615 19.451036 109.261875
v -66.356196 172.322998 150.637693
v -66.114826 381.169319 9.505877
v -65.990725 34.343219 133.815956
v -65.883675 0.000000 -15.983206
v -65.883675 379.118347 -15.983206
v -65.883675 379.437294 -15.983206
v -65.720177 381.437302 -3.130638
v -65.667753 195.644932 -127.941399
v -65.646811 40.399313 -138.798523
v -65.623279 380.437279 -15.920035
v -65.570316 21.835661 -115.747795
v -65.173159 379.118347 79.027085
v -65.125003 381.437302 9.363562
v -64.911861 381.169319 -15.747447
v -64.710813 0.507052 -35.188625
v -64.168563 181.356735 145.671463
v -64.066048 0.000000 22.173474
v -64.066048 379.118347 22.173474
v -64.066048 379.437294 22.173474
v -63.940048 381.437302 -15.511688
v -63.812833 380.437279 22.085836
v -63.792429 34.343219 -134.877758
v -63.716621 29.031475 129.204531
v -63.200068 203.321037 107.010202
v -63.121047 381.169319 21.846406
v -62.784224 204.306240 -94.898453
v -62.443123 100.481567 158.015413
v -62.343931 26.573305 126.420984
v -62.341189 94.404850 157.757463
v -62.176046 381.437302 21.519339
v -62.037716 204.306240 -93.770103
v -61.956754 83.564558 156.784630
v -61.827278 0.507052 40.038939
v -61.668229 0.000000 -28.162935
v -61.668229 379.118347 -28.162935
v -61.668229 379.437294 -28.162935
v -61.594086 29.031475 -130.229750
v -61.424494 380.437279 -28.051627
v -61.373301 200.399895 -119.574451
v -61.363239 74.160290 155.282698
v -61.341248 189.222374 139.253063
v -61.148291 100.481567 -158.520975
v -61.048470 94.404850 -158.262205
v -60.785890 2.013161 -51.005416
v -60.785890 2.013161 51.005416
v -60.758595 381.169319 -27.747521
v -60.740180 24.191198 123.168898
v -60.672002 83.564558 -157.286253
v -60.596623 65.880451 153.342743
v -60.519991 209.306240 -88.766527
v -60.519991 209.306240 88.766527
v -60.519991 374.118347 -88.766527
v -60.519991 374.118347 88.766527
v -60.267119 26.573305 -127.424116
v -60.142641 376.618347 -88.213053
v -60.142641 376.618347 88.213053
v -60.090795 74.160290 -155.779524
v -59.848962 381.437302 -27.332106
v -59.690561 58.489079 151.049910
v -59.435062 204.976101 -92.482767
v -59.435062 204.976101 92.482767
v -59.340076 65.880451 -153.833361
v -59.194779 107.068415 -159.362688
v -59.194779 152.044210 -159.362688
v -59.111695 378.448448 -86.700926
v -59.111695 378.448448 86.700926
v -58.932462 379.118347 -83.784161
v -58.837729 21.835661 119.311104
v -58.716793 24.191198 -124.146223
v -58.711934 0.000000 33.897350
v -58.711934 379.118347 33.897350
v -58.711934 379.437294 33.897350
v -58.676381 51.825852 148.483477
v -58.586793 162.436943 -157.725887
v -58.580914 0.507052 -44.654288
v -58.479881 380.437279 33.763375
v -58.452802 58.489079 -151.533194
v -58.445621 206.806240 -90.943165
v -58.445621 206.806240 90.943165
v -57.973094 195.644932 131.606894
v -57.845907 381.169319 33.397350
v -57.582989 45.805864 145.716591
v -57.459650 51.825852 -148.958549
v -57.315788 172.322998 -154.304113
v -56.979880 381.437302 32.897351
v -56.877713 21.835661 -120.257826
v -56.749721 203.321037 -110.566273
v -56.428399 40.399313 142.794847
v -56.388931 45.805864 -146.182804
v -55.689588 204.306240 99.228239
v -55.426197 181.356735 -149.217005
v -55.258284 40.399313 -143.251715
v -55.223932 0.000000 -39.324784
v -55.223932 379.118347 -39.324784
v -55.223932 379.437294 -39.324784
v -55.027437 204.306240 98.048410
v -55.005665 380.437279 -39.169359
v -54.990773 0.507052 49.007587
v -54.834418 34.343219 138.761206
v -54.409356 381.169319 -38.744726
v -54.181843 200.399895 123.000240
v -53.697357 34.343219 -139.205170
v -53.594780 381.437302 -38.164670
v -52.984076 189.222374 -142.642393
v -52.944775 29.031475 133.979359
v -52.345929 379.118347 88.049555
v -51.846895 29.031475 -134.408026
v -51.804147 26.573305 131.092949
v -51.235814 0.000000 44.396086
v -51.235814 379.118347 44.396086
v -51.235814 379.437294 44.396086
v -51.077924 0.507052 -53.073292
v -51.033311 380.437279 44.220619
v -51.005416 2.013161 -60.785890
v -51.005416 2.013161 60.785890
v -50.946932 19.451036 -117.291603
v -50.946932 19.451036 117.291603
v -50.729923 26.573305 -131.512384
v -50.480065 381.169319 43.741226
v -50.471520 24.191198 127.720680
v -50.100040 203.321037 113.733978
v -50.074801 195.644932 -134.810123
v -49.724317 381.437302 43.086367
v -49.650073 107.068415 162.589550
v -49.650073 152.044210 162.589550
v -49.424934 24.191198 -128.129320
v -49.321079 100.481567 -162.589798
v -49.321079 100.481567 162.589798
v -49.240565 94.404850 -162.324390
v -49.240565 94.404850 162.324390
v -49.140120 162.436943 160.919590
v -48.936915 83.564558 -161.323395
v -48.936915 83.564558 161.323395
v -48.890696 21.835661 123.720322
v -48.468122 74.160290 -159.777985
v -48.468122 74.160290 159.777985
v -48.297830 204.306240 -103.028612
v -48.074055 172.322998 157.428541
v -47.876887 21.835661 -124.116163
v -47.862606 65.880451 -157.781868
v -47.862606 65.880451 157.781868
v -47.723565 204.306240 -101.803598
v -47.146950 58.489079 -155.422659
v -47.146950 58.489079 155.422659
v -46.865330 0.507052 56.827545
v -46.800075 200.399895 -125.993986
v -46.783700 0.000000 -49.065332
v -46.783700 379.118347 -49.065332
v -46.783700 379.437294 -49.065332
v -46.614070 209.306240 -96.795111
v -46.614070 209.306240 96.795111
v -46.614070 374.118347 -96.795111
v -46.614070 374.118347 96.795111
v -46.598792 380.437279 -48.871408
v -46.489143 181.356735 152.238426
v -46.345892 51.825852 -152.781925
v -46.345892 51.825852 152.781925
v -46.323423 376.618347 -96.191578
v -46.323423 376.618347 96.191578
v -46.093621 381.169319 -48.341599
v -45.668430 204.976101 -99.999914
v -45.668430 204.976101 99.999914
v -45.529361 378.448448 -94.542694
v -45.529361 378.448448 94.542694
v -45.482268 45.805864 -149.934950
v -45.482268 45.805864 149.934950
v -45.452209 379.118347 -91.798248
v -45.403543 381.437302 -47.617865
v -44.908166 206.806240 -98.335171
v -44.908166 206.806240 98.335171
v -44.570308 40.399313 -146.928625
v -44.570308 40.399313 146.928625
v -44.440799 189.222374 145.530691
v -43.311296 34.343219 -142.778206
v -43.311296 34.343219 142.778206
v -43.274379 203.321037 -116.502190
v -42.377710 0.507052 -60.248303
v -42.000623 195.644932 137.539816
v -41.907902 0.000000 53.290234
v -41.907902 379.118347 53.290234
v -41.907902 379.437294 53.290234
v -41.818748 29.031475 -137.857933
v -41.818748 29.031475 137.857933
v -41.742268 380.437279 53.079610
v -41.289744 381.169319 52.504182
v -40.917816 26.573305 -134.887972
v -40.917816 26.573305 134.887972
v -40.671587 381.437302 51.718125
v -40.648379 204.306240 106.279278
v -40.165067 204.306240 105.015612
v -39.930966 107.068415 -165.245304
v -39.930966 152.044210 -165.245304
v -39.865236 24.191198 -131.418076
v -39.865236 24.191198 131.418076
v -39.675171 2.013161 -68.719411
v -39.675171 2.013161 68.719411
v -39.520836 162.436943 -163.548069
v -39.253919 200.399895 128.545170
v -38.663456 172.322998 -159.999990
v -38.616612 21.835661 -127.301912
v -38.616612 21.835661 127.301912
v -38.291755 379.118347 95.008221
v -37.641404 0.507052 63.315506
v -37.388797 181.356735 -154.725103
v -37.226593 100.481567 -165.777550
v -37.165823 94.404850 -165.506935
v -36.936634 83.564558 -164.486294
v -36.652582 0.000000 -57.032533
v -36.652582 379.118347 -57.032533
v -36.652582 379.437294 -57.032533
v -36.582799 74.160290 -162.910595
v -36.507719 380.437279 -56.807117
v -36.296713 203.321037 118.861179
v -36.125767 65.880451 -160.875340
v -36.111941 381.169319 -56.191278
v -35.869098 100.481567 166.076546
v -35.810544 94.404850 165.805454
v -35.741417 189.222374 -147.907801
v -35.589712 83.564558 164.782982
v -35.585601 58.489079 -158.469887
v -35.571301 381.437302 -55.350022
v -35.248780 74.160290 163.204441
v -34.980979 51.825852 -155.777378
v -34.808414 65.880451 161.165504
v -34.501207 19.451036 -123.136415
v -34.501207 19.451036 123.136415
v -34.329133 45.805864 -152.874575
v -34.287946 58.489079 158.755713
v -33.778911 195.644932 -139.786406
v -33.705373 51.825852 156.058350
v -33.640804 40.399313 -149.809303
v -33.077297 45.805864 153.150311
v -32.782049 204.306240 -108.962889
v -32.690525 34.343219 -145.577517
v -32.684202 0.507052 -66.011147
v -32.414069 40.399313 150.079517
v -32.392271 204.306240 -107.667322
v -31.666868 209.306240 -102.661457
v -31.666868 209.306240 102.661457
v -31.666868 374.118347 -102.661457
v -31.666868 374.118347 102.661457
v -31.569881 200.399895 -130.644836
v -31.563981 29.031475 -140.560780
v -31.498442 34.343219 145.840092
v -31.469419 376.618347 -102.021351
v -31.469419 376.618347 102.021351
v -31.065328 0.000000 60.258331
v -31.065328 379.118347 60.258331
v -31.065328 379.437294 60.258331
v -30.972121 204.976101 -105.481358
v -30.972121 204.976101 105.481358
v -30.942547 380.437279 60.020170
v -30.929978 378.448448 -100.272532
v -30.929978 378.448448 100.272532
v -30.906591 379.118347 -97.660656
v -30.883975 26.573305 -137.532587
v -30.607102 381.169319 59.369497
v -30.456514 206.806240 -103.725357
v -30.456514 206.806240 103.725357
v -30.412977 29.031475 140.814304
v -30.148876 381.437302 58.480663
v -30.089507 24.191198 -133.994656
v -30.071602 107.068415 167.320614
v -30.071602 152.044210 167.320614
v -29.762738 162.436943 165.602074
v -29.757767 26.573305 137.780647
v -29.191556 203.321037 -120.802670
v -29.147069 21.835661 -129.797792
v -29.117053 172.322998 162.009430
v -28.992271 24.191198 134.236336
v -28.157120 181.356735 156.668301
v -28.084199 21.835661 130.031910
v -27.535195 0.507052 68.319411
v -27.139416 2.013161 -74.564929
v -27.139416 2.013161 74.564929
v -26.916497 189.222374 149.765377
v -25.438552 195.644932 141.541986
v -25.196745 0.000000 -62.938423
v -25.196745 379.118347 -62.938423
v -25.196745 379.437294 -62.938423
v -25.097158 380.437279 -62.689672
v -24.930372 100.481567 -168.066921
v -24.889677 94.404850 -167.792568
v -24.825082 381.169319 -62.010059
v -24.740818 204.306240 111.065149
v -24.736190 83.564558 -166.757851
v -24.499228 74.160290 -165.160389
v -24.453421 381.437302 -61.081691
v -24.446647 204.306240 109.744577
v -24.193158 65.880451 -163.097019
v -23.831413 58.489079 -160.658340
v -23.774955 200.399895 132.285614
v -23.426502 51.825852 -157.928648
v -23.340054 379.118347 99.739981
v -22.989967 45.805864 -154.985762
v -22.528996 40.399313 -151.878166
v -22.224603 0.507052 -70.226746
v -22.177169 100.481567 168.452320
v -22.140968 94.404850 168.177338
v -22.004433 83.564558 167.140255
v -21.983862 203.321037 122.319832
v -21.892602 34.343219 -147.587938
v -21.793640 74.160290 165.539131
v -21.521370 65.880451 163.471031
v -21.199574 58.489079 161.026764
v -21.138163 29.031475 -142.501917
v -20.839381 51.825852 158.290806
v -20.682769 26.573305 -139.431896
v -20.451052 45.805864 155.341167
v -20.150719 24.191198 -135.845118
v -20.106609 107.068415 -168.808212
v -20.106609 152.044210 -168.808212
v -20.040991 40.399313 152.226448
v -19.900095 162.436943 -167.074394
v -19.519576 21.835661 -131.590290
v -19.474877 34.343219 147.926378
v -19.468374 172.322998 -163.449821
v -19.099973 0.000000 65.048537
v -19.099973 379.118347 65.048537
v -19.099973 379.437294 65.048537
v -19.024484 380.437279 64.791441
v -18.826540 181.356735 -158.061190
v -18.818241 381.169319 64.089046
v -18.803755 29.031475 142.828703
v -18.536509 381.437302 63.129554
v -18.398652 26.573305 139.751644
v -17.997029 189.222374 -151.096897
v -17.925360 24.191198 136.156626
v -17.412786 19.451036 -126.687431
v -17.412786 19.451036 126.687431
v -17.363918 21.835661 131.892052
v -17.008839 195.644932 -142.800398
v -16.783586 0.507052 71.721964
v -16.567580 204.306240 -112.574816
v -16.370591 204.306240 -111.236296
v -16.012278 209.306240 -106.234522
v -16.012278 209.306240 106.234522
v -16.012278 374.118347 -106.234522
v -16.012278 374.118347 106.234522
v -15.912437 376.618347 -105.572128
v -15.912437 376.618347 105.572128
v -15.896517 200.399895 -133.461723
v -15.645306 204.976101 -108.815498
v -15.645306 204.976101 108.815498
v -15.639671 378.448448 -103.762445
v -15.639671 378.448448 103.762445
v -15.636549 379.118347 -101.233988
v -15.384853 206.806240 -107.004004
v -15.384853 206.806240 107.004004
v -14.698949 203.321037 -123.407345
v -13.779043 2.013161 -78.144832
v -13.779043 2.013161 78.144832
v -12.830231 0.000000 -66.569562
v -12.830231 379.118347 -66.569562
v -12.830231 379.437294 -66.569562
v -12.779522 380.437279 -66.306453
v -12.640980 381.169319 -65.587630
v -12.499053 100.481567 -169.445534
v -12.478650 94.404850 -169.168930
v -12.451729 381.437302 -64.605703
v -12.401698 83.564558 -168.125725
v -12.282895 74.160290 -166.515141
v -12.129444 65.880451 -164.434872
v -11.948080 58.489079 -161.976185
v -11.745075 51.825852 -159.224100
v -11.526214 45.805864 -156.257067
v -11.304580 381.437302 -2.580197
v -11.304580 381.437302 2.580197
v -11.295103 40.399313 -153.123980
v -11.244076 0.507052 -72.796288
v -10.976042 34.343219 -148.798561
v -10.597796 29.031475 -143.670826
v -10.537256 381.705246 1.107510
v -10.369481 26.573305 -140.575619
v -10.102733 24.191198 -136.959410
v -10.076727 381.705246 -3.274127
v -10.070992 107.068415 169.702873
v -10.070992 152.044210 169.702873
v -9.967554 162.436943 167.959862
v -9.809215 382.437286 1.030990
v -9.786304 21.835661 -132.669687
v -9.751313 172.322998 164.316082
v -9.525337 383.437271 -1.156585
v -9.525337 386.981812 -1.156585
v -9.429832 181.356735 158.898888
v -9.380506 382.437286 -3.047911
v -9.259342 387.981796 -1.124288
v -9.175797 381.705246 5.297649
v -9.065569 381.437302 -7.229550
v -9.065569 381.437302 7.229550
v -9.014346 189.222374 151.897688
v -8.971760 383.437271 3.402539
v -8.971760 386.981812 3.402539
v -8.721223 387.981796 3.307523
v -8.541822 382.437286 4.931624
v -8.532628 388.713837 -1.036049
v -8.519382 195.644932 143.557215
v -8.336887 100.481567 169.701233
v -8.323278 94.404850 169.424210
v -8.305948 204.306240 113.483858
v -8.271951 83.564558 168.379440
v -8.207189 204.306240 112.134533
v -8.192710 74.160290 166.766434
v -8.090357 65.880451 164.683018
v -8.036743 388.713837 3.047935
v -7.969388 58.489079 162.220612
v -7.962242 200.399895 134.169044
v -7.896776 383.437271 -5.450751
v -7.896776 386.981812 -5.450751
v -7.873841 381.705246 -7.089638
v -7.841282 379.118347 102.133913
v -7.833983 51.825852 159.464378
v -7.688002 45.805864 156.492872
v -7.676257 387.981796 -5.298538
v -7.595298 388.981781 0.000000
v -7.533851 40.399313 153.355055
v -7.362404 203.321037 124.061384
v -7.329821 382.437286 -6.599801
v -7.321036 34.343219 149.023113
v -7.073792 388.713837 -4.882686
v -7.068746 29.031475 143.887634
v -6.916459 26.573305 140.787764
v -6.738538 24.191198 137.166100
v -6.577721 388.981781 -3.797649
v -6.577721 388.981781 3.797649
v -6.527480 21.835661 132.869902
v -6.444296 0.000000 67.487721
v -6.444296 379.118347 67.487721
v -6.444296 379.437294 67.487721
v -6.418826 380.437279 67.220984
v -6.362860 383.437271 7.182184
v -6.362860 386.981812 7.182184
v -6.349240 381.169319 66.492248
v -6.254184 381.437302 65.496774
v -6.227760 381.705246 8.571776
v -6.185176 387.981796 6.981621
v -5.797471 382.437286 7.979535
v -5.699737 388.713837 6.433673
v -5.638583 0.507052 73.443413
v -5.031011 381.437302 -10.447003
v -5.031011 381.437302 10.447003
v -4.459157 383.437271 -8.496214
v -4.459157 386.981812 -8.496214
v -4.334635 387.981796 -8.258957
v -4.309496 381.705246 -9.679286
v -4.011744 382.437286 -9.010525
v -3.994434 388.713837 -7.610759
v -3.797649 388.981781 -6.577721
v -3.797649 388.981781 6.577721
v -2.296305 383.437271 9.316476
v -2.296305 386.981812 9.316476
v -2.232181 387.981796 9.056313
v -2.202886 381.705246 10.363765
v -2.056989 388.713837 8.345534
v -2.050684 382.437286 9.647712
v 0.000000 0.000000 -67.794700
v 0.000000 0.507052 -73.659544
v 0.000000 2.013161 -79.350343
v 0.000000 2.013161 79.350343
v 0.000000 19.451036 -127.878504
v 0.000000 19.451036 127.878504
v 0.000000 22.511997 -134.343319
v 0.000000 25.551722 -139.484758
v 0.000000 28.683183 -143.655481
v 0.000000 32.002473 -147.147808
v 0.000000 39.504488 -152.964907
v 0.000000 48.488836 -158.067884
v 0.000000 59.150262 -162.661552
v 0.000000 65.194030 -164.677639
v 0.000000 71.818919 -166.445389
v 0.000000 79.146509 -167.915306
v 0.000000 87.332182 -169.035187
v 0.000000 96.565151 -169.749870
v 0.000000 107.068415 -170.001450
v 0.000000 152.044210 -170.001450
v 0.000000 162.436943 -168.255367
v 0.000000 172.322998 -164.605160
v 0.000000 181.356735 -159.178448
v 0.000000 189.222374 -152.164927
v 0.000000 195.644932 -143.809786
v 0.000000 200.399895 -134.405098
v 0.000000 203.321037 -124.279652
v 0.000000 204.306240 -113.787413
v 0.000000 204.306240 -112.434473
v 0.000000 204.976101 -109.934473
v 0.000000 204.976101 109.934473
v 0.000000 206.806240 -108.104343
v 0.000000 206.806240 108.104343
v 0.000000 209.306240 -107.434473
v 0.000000 209.306240 107.434473
v 0.000000 374.118347 -107.434473
v 0.000000 374.118347 107.434473
v 0.000000 376.618347 -106.764603
v 0.000000 376.618347 106.764603
v 0.000000 378.448448 -104.934473
v 0.000000 378.448448 104.934473
v 0.000000 379.118347 -102.434473
v 0.000000 379.118347 -67.794700
v 0.000000 379.437294 -67.794700
v 0.000000 380.437279 -67.526751
v 0.000000 381.169319 -66.794701
v 0.000000 381.437302 -65.794702
v 0.000000 381.437302 -11.595298
v 0.000000 381.437302 11.595298
v 0.000000 381.705246 -10.595298
v 0.000000 382.437286 -9.863247
v 0.000000 383.437271 -9.595298
v 0.000000 386.981812 -9.595298
v 0.000000 387.981796 -9.327349
v 0.000000 388.713837 -8.595298
v 0.000000 388.981781 -7.595298
v 0.000000 388.981781 7.595298
v 2.050684 382.437286 9.647712
v 2.056989 388.713837 8.345534
v 2.202886 381.705246 10.363765
v 2.232181 387.981796 9.056313
v 2.296305 383.437271 9.316476
v 2.296305 386.981812 9.316476
v 3.797649 388.981781 -6.577721
v 3.797649 388.981781 6.577721
v 3.994434 388.713837 -7.610759
v 4.011744 382.437286 -9.010525
v 4.309496 381.705246 -9.679286
v 4.334635 387.981796 -8.258957
v 4.352624 21.835661 132.958918
v 4.459157 383.437271 -8.496214
v 4.459157 386.981812 -8.496214
v 4.493361 24.191198 137.257996
v 4.612002 26.573305 140.882082
v 4.713549 29.031475 143.984032
v 4.881780 34.343219 149.122944
v 5.023688 40.399313 153.457794
v 5.031011 381.437302 -10.447003
v 5.031011 381.437302 10.447003
v 5.126479 45.805864 156.597719
v 5.223821 51.825852 159.571209
v 5.314111 58.489079 162.329292
v 5.394775 65.880451 164.793339
v 5.463025 74.160290 166.878166
v 5.515864 83.564558 168.492241
v 5.550090 94.404850 169.537716
v 5.559165 100.481567 169.814930
v 5.638583 0.507052 73.443413
v 5.699737 388.713837 6.433673
v 5.797471 382.437286 7.979535
v 6.185176 387.981796 6.981621
v 6.227760 381.705246 8.571776
v 6.254184 381.437302 65.496774
v 6.349240 381.169319 66.492248
v 6.362860 383.437271 7.182184
v 6.362860 386.981812 7.182184
v 6.418826 380.437279 67.220984
v 6.444296 0.000000 67.487721
v 6.444296 379.118347 67.487721
v 6.444296 379.437294 67.487721
v 6.577721 388.981781 -3.797649
v 6.577721 388.981781 3.797649
v 7.073792 388.713837 -4.882686
v 7.329821 382.437286 -6.599801
v 7.362404 203.321037 124.061384
v 7.595298 388.981781 0.000000
v 7.676257 387.981796 -5.298538
v 7.841282 379.118347 102.133913
v 7.873841 381.705246 -7.089638
v 7.896776 383.437271 -5.450751
v 7.896776 386.981812 -5.450751
v 7.962242 200.399895 134.169044
v 8.036743 388.713837 3.047935
v 8.207189 204.306240 112.134533
v 8.305948 204.306240 113.483858
v 8.519382 195.644932 143.557215
v 8.532628 388.713837 -1.036049
v 8.541822 382.437286 4.931624
v 8.721223 387.981796 3.307523
v 8.971760 383.437271 3.402539
v 8.971760 386.981812 3.402539
v 9.014346 189.222374 151.897688
v 9.065569 381.437302 -7.229550
v 9.065569 381.437302 7.229550
v 9.175797 381.705246 5.297649
v 9.259342 387.981796 -1.124288
v 9.380506 382.437286 -3.047911
v 9.429832 181.356735 158.898888
v 9.525337 383.437271 -1.156585
v 9.525337 386.981812 -1.156585
v 9.751313 172.322998 164.316082
v 9.809215 382.437286 1.030990
v 9.967554 162.436943 167.959862
v 10.070992 107.068415 169.702873
v 10.070992 152.044210 169.702873
v 10.076727 381.705246 -3.274127
v 10.537256 381.705246 1.107510
v 10.871366 21.835661 -132.585192
v 11.222880 24.191198 -136.872177
v 11.244076 0.507052 -72.796288
v 11.304580 381.437302 -2.580197
v 11.304580 381.437302 2.580197
v 11.519203 26.573305 -140.486088
v 11.772833 29.031475 -143.579311
v 12.193016 34.343219 -148.703785
v 12.451729 381.437302 -64.605703
v 12.547454 40.399313 -153.026447
v 12.640980 381.169319 -65.587630
v 12.779522 380.437279 -66.306453
v 12.804189 45.805864 -156.157541
v 12.830231 0.000000 -66.569562
v 12.830231 379.118347 -66.569562
v 12.830231 379.437294 -66.569562
v 13.047316 51.825852 -159.122677
v 13.272830 58.489079 -161.873016
v 13.474302 65.880451 -164.330120
v 13.644768 74.160290 -166.409092
v 13.776742 83.564558 -168.018627
v 13.779043 2.013161 -78.144832
v 13.779043 2.013161 78.144832
v 13.862226 94.404850 -169.061165
v 13.884892 100.481567 -169.337597
v 14.698949 203.321037 -123.407345
v 15.203611 21.835661 132.158499
v 15.384853 206.806240 -107.004004
v 15.384853 206.806240 107.004004
v 15.636549 379.118347 -101.233988
v 15.639671 378.448448 -103.762445
v 15.639671 378.448448 103.762445
v 15.645306 204.976101 -108.815498
v 15.645306 204.976101 108.815498
v 15.695202 24.191198 136.431694
v 15.896517 200.399895 -133.461723
v 15.912437 376.618347 -105.572128
v 15.912437 376.618347 105.572128
v 16.012278 209.306240 -106.234522
v 16.012278 209.306240 106.234522
v 16.012278 374.118347 -106.234522
v 16.012278 374.118347 106.234522
v 16.109611 26.573305 140.033970
v 16.370591 204.306240 -111.236296
v 16.464313 29.031475 143.117247
v 16.567580 204.306240 -112.574816
v 16.783586 0.507052 71.721964
v 17.008839 195.644932 -142.800398
v 17.051939 34.343219 148.225222
v 17.412786 19.451036 -126.687431
v 17.412786 19.451036 126.687431
v 17.547621 40.399313 152.533970
v 17.906665 45.805864 155.654993
v 17.997029 189.222374 -151.096897
v 18.246679 51.825852 158.610592
v 18.536509 381.437302 63.129554
v 18.562061 58.489079 161.352062
v 18.818241 381.169319 64.089046
v 18.826540 181.356735 -158.061190
v 18.843820 65.880451 163.801270
v 19.024484 380.437279 64.791441
v 19.082215 74.160290 165.873547
v 19.099973 0.000000 65.048537
v 19.099973 379.118347 65.048537
v 19.099973 379.437294 65.048537
v 19.266782 83.564558 167.477913
v 19.386331 94.404850 168.517094
v 19.418029 100.481567 168.792629
v 19.468374 172.322998 -163.449821
v 19.900095 162.436943 -167.074394
v 20.106609 107.068415 -168.808212
v 20.106609 152.044210 -168.808212
v 21.670008 21.835661 -131.253300
v 21.983862 203.321037 122.319832
v 22.224603 0.507052 -70.226746
v 22.370684 24.191198 -135.497227
v 22.961347 26.573305 -139.074831
v 23.340054 379.118347 99.739981
v 23.466911 29.031475 -142.136984
v 23.774955 200.399895 132.285614
v 24.304466 34.343219 -147.209978
v 24.446647 204.306240 109.744577
v 24.453421 381.437302 -61.081691
v 24.740818 204.306240 111.065149
v 24.825082 381.169319 -62.010059
v 25.010972 40.399313 -151.489220
v 25.097158 380.437279 -62.689672
v 25.196745 0.000000 -62.938423
v 25.196745 379.118347 -62.938423
v 25.196745 379.437294 -62.938423
v 25.438552 195.644932 141.541986
v 25.522723 45.805864 -154.588861
v 25.952892 21.835661 130.474005
v 26.007352 51.825852 -157.524214
v 26.456871 58.489079 -160.246906
v 26.792049 24.191198 134.692736
v 26.858468 65.880451 -162.679348
v 26.916497 189.222374 149.765377
v 27.139416 2.013161 -74.564929
v 27.139416 2.013161 74.564929
v 27.198260 74.160290 -164.737415
v 27.461326 83.564558 -166.330795
v 27.499454 26.573305 138.249092
v 27.535195 0.507052 68.319411
v 27.631721 94.404850 -167.362862
v 27.676902 100.481567 -167.636528
v 28.104939 29.031475 141.293068
v 28.157120 181.356735 156.668301
v 29.108028 34.343219 146.335945
v 29.117053 172.322998 162.009430
v 29.191556 203.321037 -120.802670
v 29.762738 162.436943 165.602074
v 29.954169 40.399313 150.589771
v 30.071602 107.068415 167.320614
v 30.071602 152.044210 167.320614
v 30.148876 381.437302 58.480663
v 30.456514 206.806240 -103.725357
v 30.456514 206.806240 103.725357
v 30.567064 45.805864 153.671007
v 30.607102 381.169319 59.369497
v 30.906591 379.118347 -97.660656
v 30.929978 378.448448 -100.272532
v 30.929978 378.448448 100.272532
v 30.942547 380.437279 60.020170
v 30.972121 204.976101 -105.481358
v 30.972121 204.976101 105.481358
v 31.065328 0.000000 60.258331
v 31.065328 379.118347 60.258331
v 31.065328 379.437294 60.258331
v 31.147475 51.825852 156.588936
v 31.469419 376.618347 -102.021351
v 31.469419 376.618347 102.021351
v 31.569881 200.399895 -130.644836
v 31.666868 209.306240 -102.661457
v 31.666868 209.306240 102.661457
v 31.666868 374.118347 -102.661457
v 31.666868 374.118347 102.661457
v 31.685839 58.489079 159.295464
v 32.166808 65.880451 161.713467
v 32.323687 21.835661 -129.043398
v 32.392271 204.306240 -107.667322
v 32.573755 74.160290 163.759327
v 32.684202 0.507052 -66.011147
v 32.782049 204.306240 -108.962889
v 32.888813 83.564558 165.343227
v 33.092887 94.404850 166.369171
v 33.146996 100.481567 166.641197
v 33.368838 24.191198 -133.215866
v 33.778911 195.644932 -139.786406
v 34.249892 26.573305 -136.733227
v 34.501207 19.451036 -123.136415
v 34.501207 19.451036 123.136415
v 35.004008 29.031475 -139.743834
v 35.571301 381.437302 -55.350022
v 35.741417 189.222374 -147.907801
v 36.111941 381.169319 -56.191278
v 36.253331 34.343219 -144.731407
v 36.296713 203.321037 118.861179
v 36.507719 380.437279 -56.807117
v 36.528563 21.835661 127.916698
v 36.652582 0.000000 -57.032533
v 36.652582 379.118347 -57.032533
v 36.652582 379.437294 -57.032533
v 37.307177 40.399313 -148.938599
v 37.388797 181.356735 -154.725103
v 37.641404 0.507052 63.315506
v 37.709672 24.191198 132.052746
v 38.070524 45.805864 -151.986055
v 38.291755 379.118347 95.008221
v 38.663456 172.322998 -159.999990
v 38.705339 26.573305 135.539398
v 38.793411 51.825852 -154.871979
v 39.253919 200.399895 128.545170
v 39.463930 58.489079 -157.548838
v 39.520836 162.436943 -163.548069
v 39.557555 29.031475 138.523712
v 39.675171 2.013161 -68.719411
v 39.675171 2.013161 68.719411
v 39.930966 107.068415 -165.245304
v 39.930966 152.044210 -165.245304
v 40.062966 65.880451 -159.940319
v 40.165067 204.306240 105.015612
v 40.569806 74.160290 -161.963749
v 40.648379 204.306240 106.279278
v 40.671587 381.437302 51.718125
v 40.962205 83.564558 -163.530293
v 40.969400 34.343219 143.467741
v 41.216373 94.404850 -164.544983
v 41.283765 100.481567 -164.814034
v 41.289744 381.169319 52.504182
v 41.742268 380.437279 53.079610
v 41.907902 0.000000 53.290234
v 41.907902 379.118347 53.290234
v 41.907902 379.437294 53.290234
v 42.000623 195.644932 137.539816
v 42.160339 40.399313 147.638197
v 42.377710 0.507052 -60.248303
v 42.761140 21.835661 -125.970249
v 43.022985 45.805864 150.659046
v 43.274379 203.321037 -116.502190
v 43.839912 51.825852 153.519773
v 44.143772 24.191198 -130.043354
v 44.440799 189.222374 145.530691
v 44.597654 58.489079 156.173258
v 44.908166 206.806240 -98.335171
v 44.908166 206.806240 98.335171
v 45.274615 65.880451 158.543863
v 45.309319 26.573305 -133.476954
v 45.403543 381.437302 -47.617865
v 45.452209 379.118347 -91.798248
v 45.529361 378.448448 -94.542694
v 45.529361 378.448448 94.542694
v 45.668430 204.976101 -99.999914
v 45.668430 204.976101 99.999914
v 45.847392 74.160290 160.549622
v 46.093621 381.169319 -48.341599
v 46.290836 83.564558 162.102489
v 46.306944 29.031475 -136.415854
v 46.323423 376.618347 -96.191578
v 46.323423 376.618347 96.191578
v 46.489143 181.356735 152.238426
v 46.578064 94.404850 163.108330
v 46.598792 380.437279 -48.871408
v 46.614070 209.306240 -96.795111
v 46.614070 209.306240 96.795111
v 46.614070 374.118347 -96.795111
v 46.614070 374.118347 96.795111
v 46.654224 100.481567 163.375015
v 46.783700 0.000000 -49.065332
v 46.783700 379.118347 -49.065332
v 46.783700 379.437294 -49.065332
v 46.800075 200.399895 -125.993986
v 46.859875 21.835661 124.503698
v 46.865330 0.507052 56.827545
v 47.723565 204.306240 -101.803598
v 47.959681 34.343219 -141.284657
v 48.074055 172.322998 157.428541
v 48.297830 204.306240 -103.028612
v 48.375034 24.191198 128.529387
v 49.140120 162.436943 160.919590
v 49.353814 40.399313 -145.391655
v 49.650073 107.068415 162.589550
v 49.650073 152.044210 162.589550
v 49.652305 26.573305 131.923008
v 49.724317 381.437302 43.086367
v 50.074801 195.644932 -134.810123
v 50.100040 203.321037 113.733978
v 50.363650 45.805864 -148.366528
v 50.480065 381.169319 43.741226
v 50.745549 29.031475 134.827700
v 50.946932 19.451036 -117.291603
v 50.946932 19.451036 117.291603
v 51.005416 2.013161 -60.785890
v 51.005416 2.013161 60.785890
v 51.033311 380.437279 44.220619
v 51.077924 0.507052 -53.073292
v 51.235814 0.000000 44.396086
v 51.235814 379.118347 44.396086
v 51.235814 379.437294 44.396086
v 51.319962 51.825852 -151.183729
v 52.206993 58.489079 -153.796844
v 52.345929 379.118347 88.049555
v 52.556705 34.343219 139.639816
v 52.984076 189.222374 -142.642393
v 52.995138 21.835661 -122.018585
v 52.999458 65.880451 -156.131372
v 53.594780 381.437302 -38.164670
v 53.669963 74.160290 -158.106613
v 54.084473 40.399313 143.698997
v 54.181843 200.399895 123.000240
v 54.189067 83.564558 -159.635849
v 54.409356 381.169319 -38.744726
v 54.525309 94.404850 -160.626373
v 54.614458 100.481567 -160.889015
v 54.704323 24.191198 -125.965805
v 54.990773 0.507052 49.007587
v 55.005665 380.437279 -39.169359
v 55.027437 204.306240 98.048410
v 55.191102 45.805864 146.639242
v 55.223932 0.000000 -39.324784
v 55.223932 379.118347 -39.324784
v 55.223932 379.437294 -39.324784
v 55.426197 181.356735 -149.217005
v 55.689588 204.306240 99.228239
v 56.144242 26.573305 -129.293680
v 56.239076 51.825852 149.423647
v 56.749721 203.321037 -110.566273
v 56.877713 21.835661 120.257826
v 56.979880 381.437302 32.897351
v 57.211132 58.489079 152.006330
v 57.315788 172.322998 -154.304113
v 57.375865 29.031475 -132.142458
v 57.845907 381.169319 33.397350
v 57.973094 195.644932 131.606894
v 58.079557 65.880451 154.313679
v 58.445621 206.806240 -90.943165
v 58.445621 206.806240 90.943165
v 58.479881 380.437279 33.763375
v 58.580914 0.507052 -44.654288
v 58.586793 162.436943 -157.725887
v 58.711934 0.000000 33.897350
v 58.711934 379.118347 33.897350
v 58.711934 379.437294 33.897350
v 58.716793 24.191198 124.146223
v 58.814330 74.160290 156.265926
v 58.932462 379.118347 -83.784161
v 59.111695 378.448448 -86.700926
v 59.111695 378.448448 86.700926
v 59.194779 107.068415 -159.362688
v 59.194779 152.044210 -159.362688
v 59.383192 83.564558 157.777357
v 59.414201 34.343219 -136.862841
v 59.435062 204.976101 -92.482767
v 59.435062 204.976101 92.482767
v 59.751663 94.404850 158.756351
v 59.849358 100.481567 159.015932
v 59.848962 381.437302 -27.332106
v 60.142641 376.618347 -88.213053
v 60.142641 376.618347 88.213053
v 60.267119 26.573305 127.424116
v 60.519991 209.306240 -88.766527
v 60.519991 209.306240 88.766527
v 60.519991 374.118347 -88.766527
v 60.519991 374.118347 88.766527
v 60.758595 381.169319 -27.747521
v 60.785890 2.013161 -51.005416
v 60.785890 2.013161 51.005416
v 61.131577 40.399313 -140.845528
v 61.341248 189.222374 139.253063
v 61.373301 200.399895 -119.574451
v 61.424494 380.437279 -28.051627
v 61.594086 29.031475 130.229750
v 61.668229 0.000000 -28.162935
v 61.668229 379.118347 -28.162935
v 61.668229 379.437294 -28.162935
v 61.827278 0.507052 40.038939
v 62.037716 204.306240 -93.770103
v 62.176046 381.437302 21.519339
v 62.374582 45.805864 -143.730774
v 62.709975 21.835661 -117.322111
v 62.784224 204.306240 -94.898453
v 63.121047 381.169319 21.846406
v 63.200068 203.321037 107.010202
v 63.550997 51.825852 -146.463413
v 63.792429 34.343219 134.877758
v 63.812833 380.437279 22.085836
v 63.940048 381.437302 -15.511688
v 64.066048 0.000000 22.173474
v 64.066048 379.118347 22.173474
v 64.066048 379.437294 22.173474
v 64.168563 181.356735 145.671463
v 64.641328 58.489079 -148.998451
v 64.710813 0.507052 -35.188625
v 64.737630 24.191198 -121.115589
v 64.911861 381.169319 -15.747447
v 65.125003 381.437302 9.363562
v 65.173159 379.118347 79.027085
v 65.614314 65.880451 -151.263704
v 65.623279 380.437279 -15.920035
v 65.646811 40.399313 138.798523
v 65.667753 195.644932 -127.941399
v 65.720177 381.437302 -3.130638
v 65.883675 0.000000 -15.983206
v 65.883675 379.118347 -15.983206
v 65.883675 379.437294 -15.983206
v 66.114826 381.169319 9.505877
v 66.356196 172.322998 150.637693
v 66.436081 74.160290 -153.180981
v 66.443615 19.451036 -109.261875
v 66.443615 19.451036 109.261875
v 66.446929 26.573305 -124.313459
v 66.515069 21.835661 115.207481
v 66.719046 381.169319 -3.178220
v 66.839423 380.437279 9.610059
v 66.990018 45.805864 141.638489
v 67.070251 83.564558 -154.666224
v 67.104645 0.000000 9.648192
v 67.104645 379.118347 9.648192
v 67.104645 379.437294 9.648192
v 67.214603 0.507052 30.131810
v 67.450266 380.437279 -3.213052
v 67.477956 94.404850 -155.629587
v 67.584047 100.481567 -155.885887
v 67.717910 0.000000 -3.225802
v 67.717910 379.118347 -3.225802
v 67.717910 379.437294 -3.225802
v 67.827678 162.436943 153.978157
v 67.909961 29.031475 -127.050600
v 68.262033 51.825852 144.327946
v 68.349175 200.399895 115.728655
v 68.531566 107.068415 155.576077
v 68.531566 152.044210 155.576077
v 68.665762 24.191198 118.932581
v 68.716993 204.306240 88.991489
v 68.719411 2.013161 -39.675171
v 68.719411 2.013161 39.675171
v 69.323950 0.507052 -24.898169
v 69.428425 203.321037 -103.078251
v 69.441895 58.489079 146.822548
v 69.482956 189.222374 -135.374603
v 69.543872 204.306240 90.062332
v 70.333729 34.343219 -131.585150
v 70.478778 26.573305 122.072821
v 70.495973 65.880451 149.051218
v 70.793290 206.806240 -81.699810
v 70.793290 206.806240 81.699810
v 71.026473 0.507052 19.518417
v 71.031394 379.118347 -73.806248
v 71.373568 378.448448 -76.922412
v 71.373568 378.448448 76.922412
v 71.387830 74.160290 150.936880
v 71.991768 204.976101 -83.082933
v 71.991768 204.976101 83.082933
v 72.030582 29.031475 124.760628
v 72.078304 83.564558 152.396774
v 72.087913 21.835661 -111.804972
v 72.312188 0.507052 -14.024123
v 72.378254 40.399313 -135.410194
v 72.525544 94.404850 153.342381
v 72.618370 376.618347 -78.263988
v 72.618370 376.618347 78.263988
v 72.644129 100.481567 153.593111
v 72.685533 181.356735 -141.614237
v 73.073997 209.306240 -78.755040
v 73.073997 209.306240 78.755040
v 73.073997 374.118347 -78.755040
v 73.073997 374.118347 78.755040
v 73.131752 195.644932 123.826494
v 73.173547 0.507052 8.447529
v 73.605494 0.507052 -2.821362
v 73.859196 45.805864 -138.180838
v 74.418793 24.191198 -115.420055
v 74.564929 2.013161 -27.139416
v 74.564929 2.013161 27.139416
v 74.601417 34.343219 129.213438
v 75.029640 204.306240 -83.738070
v 75.084977 200.399895 -111.476355
v 75.163531 172.322998 -146.442156
v 75.261645 51.825852 -140.804634
v 75.412912 203.321037 98.784237
v 75.707474 21.835661 109.386454
v 75.932479 204.306240 -84.745693
v 76.383710 26.573305 -118.467550
v 76.472783 379.118347 68.152285
v 76.562490 58.489079 -143.238344
v 76.770000 40.399313 132.969542
v 76.830320 162.436943 -149.689579
v 77.380600 189.222374 131.020641
v 77.627630 107.068415 -151.242990
v 77.627630 152.044210 -151.242990
v 77.724657 65.880451 -145.412607
v 78.065529 29.031475 -121.075974
v 78.144832 2.013161 -13.779043
v 78.144832 2.013161 13.779043
v 78.155389 24.191198 112.923346
v 78.340802 45.805864 135.690250
v 78.707962 74.160290 -147.252235
v 79.350343 2.013161 0.000000
v 79.469237 83.564558 -148.676491
v 79.828348 51.825852 138.266754
v 79.962339 94.404850 -149.599018
v 80.093088 100.481567 -149.843626
v 80.218964 26.573305 115.904913
v 80.338869 195.644932 -119.276657
v 80.702581 19.451036 -99.196796
v 80.702581 19.451036 99.196796
v 80.851755 34.343219 -125.397282
v 80.941963 204.306240 78.037868
v 80.947199 181.356735 137.059584
v 80.983620 21.835661 -105.539904
v 81.132507 203.321037 -94.143238
v 81.208124 58.489079 140.656595
v 81.465406 379.118347 -62.098379
v 81.557035 200.399895 106.832495
v 81.699810 206.806240 -70.793290
v 81.699810 206.806240 70.793290
v 81.915951 204.306240 78.976903
v 81.985226 29.031475 118.456917
v 82.041073 378.448448 -65.425572
v 82.041073 378.448448 65.425572
v 82.440805 65.880451 142.791672
v 83.082933 204.976101 -71.991768
v 83.082933 204.976101 71.991768
v 83.202038 40.399313 -129.042454
v 83.471928 376.618347 -66.566639
v 83.471928 376.618347 66.566639
v 83.483782 74.160290 144.598141
v 83.602133 24.191198 -108.952417
v 83.706846 172.322998 141.732225
v 83.995657 209.306240 -66.984296
v 83.995657 209.306240 66.984296
v 83.995657 374.118347 -66.984296
v 83.995657 374.118347 66.984296
v 84.291248 83.564558 145.996723
v 84.393425 21.835661 102.833691
v 84.814272 94.404850 146.902628
v 84.904442 45.805864 -131.682806
v 84.911356 34.343219 122.684746
v 84.952946 100.481567 147.142820
v 85.006447 189.222374 -126.206455
v 85.563087 162.436943 144.875202
v 85.809517 26.573305 -111.829147
v 85.979958 379.118347 55.680056
v 86.422434 204.306240 -71.921301
v 86.451025 107.068415 146.378651
v 86.451025 152.044210 146.378651
v 86.516619 51.825852 -134.183216
v 86.567116 203.321037 89.171553
v 87.122192 24.191198 106.158705
v 87.263794 195.644932 114.307842
v 87.379637 40.399313 126.251068
v 87.462368 204.306240 -72.786736
v 87.698879 29.031475 -114.291401
v 87.742624 200.399895 -101.813374
v 88.011999 58.489079 -136.502476
v 88.924522 181.356735 -132.023516
v 89.167528 45.805864 128.834305
v 89.337587 21.835661 -98.568830
v 89.347963 65.880451 -138.574495
v 89.422522 26.573305 108.961658
v 89.989939 379.118347 -48.934979
v 90.478315 74.160290 -140.327616
v 90.828924 34.343219 -118.370562
v 90.860643 51.825852 131.280622
v 90.875921 378.448448 -52.467237
v 90.875921 378.448448 52.467237
v 90.943165 206.806240 -58.445621
v 90.943165 206.806240 58.445621
v 91.353436 83.564558 -141.684895
v 91.391430 29.031475 111.360788
v 91.441803 204.306240 65.421000
v 91.697664 203.321037 -83.886652
v 91.920280 94.404850 -142.564039
v 91.956139 172.322998 -136.524458
v 92.070570 100.481567 -142.797136
v 92.226210 24.191198 -101.755943
v 92.333698 189.222374 120.948973
v 92.431116 58.489079 133.549719
v 92.460852 376.618347 -53.382301
v 92.460852 376.618347 53.382301
v 92.482767 204.976101 -59.435062
v 92.482767 204.976101 59.435062
v 92.514830 21.835661 95.593014
v 92.542133 204.306240 66.208220
v 93.040981 209.306240 -53.717237
v 93.040981 209.306240 53.717237
v 93.040981 374.118347 -53.717237
v 93.040981 374.118347 53.717237
v 93.458204 19.451036 -87.283869
v 93.458204 19.451036 87.283869
v 93.469229 40.399313 -121.811476
v 93.471823 379.118347 41.902728
v 93.620014 200.399895 96.436634
v 93.834152 65.880451 135.576916
v 93.882208 195.644932 -108.937531
v 93.995314 162.436943 -139.551954
v 94.653273 34.343219 115.335350
v 94.661303 26.573305 -104.442654
v 94.970751 107.068415 -141.000166
v 94.970751 152.044210 -141.000166
v 95.021257 74.160290 137.292118
v 95.381718 45.805864 -124.303875
v 95.506191 24.191198 98.683910
v 95.940323 83.564558 138.620033
v 95.973291 204.306240 -58.571653
v 96.405182 379.118347 -34.624581
v 96.506119 203.321037 78.307099
v 96.535625 94.404850 139.480162
v 96.589508 181.356735 126.523695
v 96.693468 100.481567 139.708214
v 96.745567 29.031475 -106.742277
v 97.093925 21.835661 -90.938377
v 97.128143 204.306240 -59.276452
v 97.192841 51.825852 -126.664171
v 97.404747 40.399313 118.688030
v 97.680750 378.448448 -38.336868
v 97.680750 378.448448 38.336868
v 98.027887 26.573305 101.289511
v 98.335171 206.806240 -44.908166
v 98.335171 206.806240 44.908166
v 98.772802 379.118347 27.143240
v 98.872747 58.489079 -128.853474
v 99.168558 200.399895 -90.721159
v 99.336634 189.222374 -115.266647
v 99.384365 376.618347 -39.005487
v 99.384365 376.618347 39.005487
v 99.397755 45.805864 121.116514
v 99.882441 172.322998 130.837145
v 99.992714 204.306240 51.409798
v 99.999914 204.976101 -45.668430
v 99.999914 204.976101 45.668430
v 100.007935 209.306240 -39.250221
v 100.007935 209.306240 39.250221
v 100.007935 374.118347 -39.250221
v 100.007935 374.118347 39.250221
v 100.017357 21.835661 87.712870
v 100.170851 195.644932 103.184566
v 100.186272 29.031475 103.519707
v 100.198498 34.343219 -110.552006
v 100.233345 24.191198 -93.878775
v 100.373564 65.880451 -130.809383
v 100.560770 379.118347 -19.502612
v 100.975590 203.321037 -72.452488
v 101.195936 204.306240 52.028418
v 101.285133 51.825852 123.416290
v 101.643410 74.160290 -132.464266
v 101.758623 379.118347 11.747537
v 102.097378 162.436943 133.738527
v 102.303543 378.448448 -23.350117
v 102.303543 378.448448 23.350117
v 102.359304 379.118347 -3.923520
v 102.626524 83.564558 -133.745489
v 102.879858 26.573305 -96.357498
v 103.035774 58.489079 125.549459
v 103.111162 40.399313 -113.765640
v 103.156900 107.068415 135.126400
v 103.156900 152.044210 135.126400
v 103.251305 24.191198 90.548964
v 103.263311 94.404850 -134.575367
v 103.432159 100.481567 -134.795408
v 103.478642 204.306240 -43.973651
v 103.725357 206.806240 -30.456514
v 103.725357 206.806240 30.456514
v 103.762007 34.343219 107.214413
v 103.915215 181.356735 -120.579462
v 104.087791 376.618347 -23.757358
v 104.087791 376.618347 23.757358
v 104.200745 21.835661 -82.699594
v 104.368773 200.399895 84.687023
v 104.472885 19.451036 -73.745012
v 104.472885 19.451036 73.745012
v 104.599791 65.880451 127.455215
v 104.641056 378.448448 -7.841763
v 104.641056 378.448448 7.841763
v 104.723806 204.306240 -44.502792
v 104.740868 209.306240 -23.906419
v 104.740868 209.306240 23.906419
v 104.740868 374.118347 -23.906419
v 104.740868 374.118347 23.906419
v 105.090380 203.321037 66.343384
v 105.145063 29.031475 -98.479099
v 105.220938 45.805864 -116.093407
v 105.481358 204.976101 -30.972121
v 105.481358 204.976101 30.972121
v 105.923100 74.160290 129.067669
v 105.977497 26.573305 92.939768
v 105.990639 189.222374 109.179440
v 106.107645 195.644932 -97.069159
v 106.412458 204.306240 36.302888
v 106.466064 376.618347 -7.978529
v 106.466064 376.618347 7.978529
v 106.778259 40.399313 110.331020
v 106.850815 21.835661 79.245963
v 106.947603 83.564558 130.316029
v 107.004004 206.806240 -15.384853
v 107.004004 206.806240 15.384853
v 107.134066 209.306240 -8.028588
v 107.134066 209.306240 8.028588
v 107.134066 374.118347 -8.028588
v 107.134066 374.118347 8.028588
v 107.218885 51.825852 -118.297806
v 107.457895 172.322998 -124.690266
v 107.569962 24.191198 -85.373592
v 107.611208 94.404850 131.124630
v 107.692928 204.306240 36.739724
v 107.787161 100.481567 131.339035
v 108.104343 206.806240 0.000000
v 108.310919 29.031475 94.986124
v 108.778515 204.306240 -28.438432
v 108.815498 204.976101 -15.645306
v 108.815498 204.976101 15.645306
v 108.836031 203.321037 -60.001245
v 108.897781 34.343219 -101.993904
v 108.963070 45.805864 112.588520
v 109.072084 58.489079 -120.342503
v 109.202385 200.399895 -78.355417
v 109.840822 162.436943 -127.455330
v 109.934473 204.976101 0.000000
v 110.087461 204.306240 -28.780634
v 110.305710 24.191198 81.808290
v 110.410185 26.573305 -87.627754
v 110.564203 204.306240 20.422244
v 110.610523 21.835661 -73.907585
v 110.727730 65.880451 -122.169218
v 110.875912 181.356735 114.211693
v 110.980701 107.068415 -128.778000
v 110.980701 152.044210 -128.778000
v 111.032076 51.825852 114.726362
v 111.671734 195.644932 90.612793
v 111.759977 204.306240 -12.297094
v 111.894636 204.306240 20.667987
v 112.063332 40.399313 -104.958763
v 112.128553 74.160290 -123.714800
v 112.176628 34.343219 98.376265
v 112.199402 203.321037 53.448353
v 112.272348 189.222374 -102.708740
v 112.359457 204.306240 4.106334
v 112.841196 29.031475 -89.557142
v 112.951183 58.489079 116.709328
v 112.969484 21.835661 70.248942
v 113.104792 204.306240 -12.445066
v 113.213081 83.564558 -124.911394
v 113.218164 26.573305 83.968315
v 113.541431 19.451036 -58.832426
v 113.541431 19.451036 58.832426
v 113.652420 200.399895 71.748586
v 113.711500 204.306240 4.155746
v 113.915567 94.404850 -125.686455
v 114.101830 100.481567 -125.891962
v 114.186983 24.191198 -76.297302
v 114.356270 45.805864 -107.106342
v 114.655895 172.322998 118.105402
v 114.665709 65.880451 118.480902
v 115.168657 203.321037 -46.707721
v 115.437489 40.399313 101.235962
v 115.711012 29.031475 85.817137
v 116.116352 74.160290 119.979820
v 116.280365 21.835661 -64.621172
v 116.527681 51.825852 -109.140091
v 116.622229 24.191198 72.520361
v 116.843567 195.644932 -83.838158
v 116.868601 34.343219 -92.753515
v 117.198448 162.436943 120.724449
v 117.201920 26.573305 -78.311820
v 117.239456 83.564558 121.140280
v 117.447157 181.356735 -107.442751
v 117.703247 200.399895 -64.889736
v 117.733393 203.321037 39.803026
v 117.799463 45.805864 103.307362
v 117.966919 94.404850 121.891947
v 118.159800 100.481567 122.091255
v 118.159695 189.222374 95.877275
v 118.332453 21.835661 60.781989
v 118.414679 107.068415 121.977272
v 118.414679 152.044210 121.977272
v 118.541784 58.489079 -111.026497
v 119.701462 26.573305 74.435153
v 119.782476 29.031475 -80.036097
v 119.840841 34.343219 88.880024
v 119.884577 203.321037 -32.758522
v 120.036259 51.825852 105.268974
v 120.040159 24.191198 -66.710625
v 120.265846 40.399313 -95.449762
v 120.341167 65.880451 -112.711802
v 120.494909 19.451036 -42.823901
v 120.494909 19.451036 42.823901
v 121.172342 21.835661 -54.902472
v 121.340637 200.399895 57.802958
v 121.451168 172.322998 -111.105690
v 121.604977 195.644932 76.769023
v 121.614656 203.321037 25.598950
v 121.863623 74.160290 -114.137735
v 122.111006 58.489079 107.088480
v 122.158594 24.191198 62.747302
v 122.337055 29.031475 76.074066
v 122.726622 45.805864 -97.402773
v 122.903824 21.835661 50.908432
v 122.917566 203.321037 -18.349464
v 123.042307 83.564558 -115.241699
v 123.209639 26.573305 -68.472018
v 123.324490 40.399313 91.463671
v 123.605862 181.356735 100.296402
v 123.632011 189.222374 -88.709030
v 123.788729 203.321037 11.035523
v 123.805780 94.404850 -115.956764
v 123.964567 65.880451 108.714008
v 124.008207 100.481567 -116.146364
v 124.057617 34.343219 -82.892656
v 124.144411 162.436943 -113.569508
v 124.225073 203.321037 -3.682820
v 124.551811 200.399895 -50.513144
v 125.056973 51.825852 -99.252272
v 125.090313 24.191198 -56.677685
v 125.203800 19.451036 -26.017649
v 125.203800 19.451036 26.017649
v 125.253744 21.835661 -44.816504
v 125.384007 26.573305 64.404054
v 125.432720 107.068415 -114.748087
v 125.432720 152.044210 -114.748087
v 125.532856 74.160290 110.089359
v 125.847845 45.805864 93.335123
v 125.922470 29.031475 -69.979639
v 125.939255 195.644932 -69.430242
v 126.653032 21.835661 40.694323
v 126.703367 34.343219 78.789220
v 126.747036 83.564558 111.154165
v 126.877785 24.191198 52.554498
v 127.218494 58.489079 -100.967779
v 127.325497 200.399895 43.045902
v 127.533493 94.404850 111.843872
v 127.580385 19.451036 -8.726737
v 127.580385 19.451036 8.726737
v 127.663851 40.399313 -85.302258
v 127.742014 100.481567 112.026739
v 127.819834 172.322998 103.715715
v 128.144722 29.031475 65.822105
v 128.237457 51.825852 95.107384
v 128.393135 26.573305 -58.174171
v 128.497248 21.835661 -34.430735
v 128.670053 189.222374 81.229200
v 129.149590 65.880451 -102.500401
v 129.303675 24.191198 -46.265597
v 129.330406 181.356735 -92.797766
v 129.554996 21.835661 30.207987
v 129.651947 200.399895 -35.427461
v 129.831161 195.644932 61.847582
v 130.227795 26.573305 53.942118
v 130.275993 45.805864 -87.047634
v 130.386505 40.399313 81.079540
v 130.416756 34.343219 -72.477274
v 130.453959 58.489079 96.751251
v 130.654306 162.436943 106.015663
v 130.748215 24.191198 42.010126
v 130.783472 74.160290 -103.797150
v 130.881176 21.835661 -23.814638
v 131.220102 29.031475 -59.455056
v 131.522980 200.399895 27.684577
v 131.590290 21.835661 19.519576
v 132.010174 107.068415 107.115841
v 132.010174 152.044210 107.115841
v 132.048435 83.564558 -104.801092
v 132.389565 21.835661 -13.039234
v 132.434158 65.880451 98.219862
v 132.652063 24.191198 -35.544014
v 132.717743 26.573305 -47.487168
v 132.718315 34.343219 68.171353
v 132.745314 21.835661 8.700588
v 132.749691 51.825852 -88.700504
v 132.867785 94.404850 -105.451374
v 132.932043 200.399895 -19.844451
v 133.012333 21.835661 -2.176604
v 133.054361 45.805864 82.738514
v 133.085041 100.481567 -105.623798
v 133.095160 29.031475 55.129819
v 133.256149 189.222374 -73.464041
v 133.267031 195.644932 -54.047685
v 133.739538 172.322998 -95.961437
v 133.744001 24.191198 31.184728
v 133.874178 200.399895 11.934621
v 134.109602 74.160290 99.462452
v 134.200420 26.573305 43.119340
v 134.207830 40.399313 -74.584112
v 134.346075 200.399895 -3.982870
v 134.600658 181.356735 84.973173
v 135.044174 58.489079 -90.233631
v 135.113068 24.191198 -24.584658
v 135.406733 83.564558 100.424480
v 135.580816 51.825852 84.309568
v 135.639935 29.031475 -48.532743
v 135.845118 24.191198 20.150719
v 135.903463 34.343219 -61.577058
v 136.154537 26.573305 -36.482499
v 136.234798 195.644932 46.057940
v 136.246920 94.404850 101.047602
v 136.469698 100.481567 101.212826
v 136.576300 40.399313 70.153022
v 136.670227 24.191198 -13.460842
v 136.705275 162.436943 -98.089428
v 136.953878 45.805864 -76.110187
v 137.037487 24.191198 8.981911
v 137.094049 65.880451 -91.603317
v 137.155256 29.031475 44.068747
v 137.275314 26.573305 32.008114
v 137.313137 24.191198 -2.246981
v 137.374163 189.222374 65.440841
v 137.845440 34.343219 57.097449
v 137.924232 58.489079 85.766802
v 138.123941 107.068415 -99.107351
v 138.123941 152.044210 -99.107351
v 138.680525 26.573305 -25.233779
v 138.724031 195.644932 -37.906413
v 138.828449 74.160290 -92.762203
v 139.152393 29.031475 -37.285774
v 139.189472 172.322998 87.870083
v 139.370804 45.805864 71.588430
v 139.398127 181.356735 -76.850114
v 139.431896 26.573305 20.682769
v 139.554377 51.825852 -77.555375
v 139.854031 40.399313 -63.367038
v 140.017824 65.880451 87.068682
v 140.171223 83.564558 -93.659420
v 140.278807 26.573305 -13.816257
v 140.297852 29.031475 32.712870
v 140.481043 34.343219 -50.264921
v 140.655756 26.573305 9.219065
v 140.725994 195.644932 29.621742
v 140.938683 26.573305 -2.306310
v 141.009655 189.222374 -57.187777
v 141.040974 94.404850 -94.240570
v 141.271591 100.481567 -94.394655
v 141.733999 29.031475 -25.789378
v 141.789207 74.160290 88.170195
v 141.852465 40.399313 58.757215
v 141.966476 58.489079 -78.895869
v 142.017193 51.825852 72.947760
v 142.050447 34.343219 45.641599
v 142.233658 195.644932 -21.233020
v 142.276068 162.436943 89.818649
v 142.501917 29.031475 21.138163
v 142.715607 45.805864 -64.663601
v 143.160629 83.564558 89.022999
v 143.241711 195.644932 12.769718
v 143.367472 29.031475 -14.120463
v 143.705959 181.356735 68.457112
v 143.746624 195.644932 -4.261563
v 143.752718 29.031475 9.422051
v 143.752537 107.068415 90.750742
v 143.752537 152.044210 90.750742
v 144.041882 29.031475 -2.357090
v 144.048929 94.404850 89.575377
v 144.118872 34.343219 -38.616533
v 144.121428 65.880451 -80.093451
v 144.150496 172.322998 -79.470091
v 144.149847 189.222374 48.733840
v 144.284458 100.481567 89.721842
v 144.471865 58.489079 74.208612
v 144.564676 40.399313 -51.726069
v 144.754925 45.805864 59.959455
v 145.305204 34.343219 33.880422
v 145.425510 51.825852 -65.891438
v 145.944729 74.160290 -81.106730
v 146.179705 40.399313 46.968350
v 146.664848 65.880451 75.335050
v 146.783705 189.222374 -40.108724
v 146.792612 34.343219 -26.709824
v 147.347097 162.436943 -81.232376
v 147.356329 83.564558 -81.891203
v 147.503548 51.825852 61.097970
v 147.509012 181.356735 -59.823651
v 147.522631 45.805864 -52.784443
v 147.587938 34.343219 21.892602
v 147.939091 58.489079 -67.030330
v 148.270664 94.404850 -82.399340
v 148.308258 40.399313 -39.739077
v 148.484383 34.343219 -14.624435
v 148.513098 100.481567 -82.534065
v 148.520327 74.160290 76.288123
v 148.605185 172.322998 70.790954
v 148.876200 107.068415 -82.075367
v 148.876200 152.044210 -82.075367
v 148.883381 34.343219 9.758332
v 148.901978 189.222374 31.342721
v 149.170704 45.805864 47.929378
v 149.182863 34.343219 -2.441217
v 149.529076 40.399313 34.865291
v 149.956846 83.564558 77.025995
v 150.053053 58.489079 62.154007
v 150.184698 65.880451 -68.047800
v 150.323811 51.825852 -53.786721
v 150.497227 189.222374 -22.466629
v 150.793943 181.356735 50.980058
v 150.887308 94.404850 77.503939
v 151.059723 40.399313 -27.486250
v 151.134024 100.481567 77.630663
v 151.342812 45.805864 -40.552182
v 151.563854 189.222374 13.511621
v 151.878166 40.399313 22.528996
v 151.900578 162.436943 72.360778
v 152.003183 51.825852 48.839464
v 152.084703 74.160290 -68.908682
v 152.098103 189.222374 -4.509153
v 152.330751 65.880451 63.097463
v 152.537899 172.322998 -61.863160
v 152.588606 45.805864 35.578673
v 152.800665 40.399313 -15.049552
v 152.922058 58.489079 -54.716387
v 153.211260 40.399313 10.041996
v 153.476934 107.068415 73.111706
v 153.476934 152.044210 73.111706
v 153.519449 40.399313 -2.512180
v 153.549194 181.356735 -41.957397
v 153.555698 83.564558 -69.575181
v 154.150572 45.805864 -28.048649
v 154.216528 51.825852 -41.322193
v 154.257908 74.160290 63.895717
v 154.508505 94.404850 -70.006890
v 154.630451 58.489079 49.683623
v 154.761133 100.481567 -70.121355
v 154.985762 45.805864 22.989967
v 155.243311 65.880451 -55.546942
v 155.485973 51.825852 36.254246
v 155.749922 83.564558 64.513731
v 155.765104 181.356735 32.787356
v 155.920496 162.436943 -63.235006
v 155.927143 45.805864 -15.357482
v 155.934811 172.322998 52.718072
v 156.346140 45.805864 10.247468
v 156.660633 45.805864 -2.563582
v 156.716337 94.404850 64.914031
v 156.882048 58.489079 -42.036419
v 156.972580 100.481567 65.020170
v 156.977634 65.880451 50.437784
v 157.077599 51.825852 -28.581240
v 157.207308 74.160290 -56.249676
v 157.433882 181.356735 -23.502152
v 157.538567 107.068415 -63.891230
v 157.538567 152.044210 -63.891230
v 157.928648 51.825852 23.426502
v 158.173447 58.489079 36.880875
v 158.549671 181.356735 14.134393
v 158.727846 83.564558 -56.793733
v 158.783998 172.322998 -43.387809
v 158.887901 51.825852 -15.649092
v 158.963575 74.160290 51.075878
v 159.108543 181.356735 -4.716987
v 159.263411 65.880451 -42.674503
v 159.314852 51.825852 10.442047
v 159.392738 162.436943 53.887119
v 159.635324 51.825852 -2.612260
v 159.712744 94.404850 -57.146134
v 159.792576 58.489079 -29.075248
v 159.973888 100.481567 -57.239571
v 160.501099 83.564558 51.569896
v 160.574417 65.880451 37.440701
v 160.658340 58.489079 23.831413
v 161.046848 107.068415 54.446335
v 161.046848 152.044210 54.446335
v 161.075459 172.322998 33.905144
v 161.278267 74.160290 -43.214383
v 161.497002 94.404850 51.889882
v 161.634178 58.489079 -15.919577
v 161.761055 100.481567 51.974726
v 162.068501 58.489079 10.622531
v 162.218113 65.880451 -29.516590
v 162.305107 162.436943 -44.349957
v 162.394505 58.489079 -2.657411
v 162.605858 74.160290 37.914369
v 162.801132 172.322998 -24.303386
v 162.838192 83.564558 -43.632360
v 163.097019 65.880451 24.193158
v 163.848591 94.404850 -43.903098
v 163.954945 172.322998 14.616263
v 163.989429 107.068415 -44.810200
v 163.989429 152.044210 -44.810200
v 164.087658 65.880451 -16.161225
v 164.116497 100.481567 -43.974881
v 164.178619 83.564558 38.281083
v 164.270363 74.160290 -29.890008
v 164.528599 65.880451 10.783774
v 164.532871 172.322998 -4.877799
v 164.647369 162.436943 34.657006
v 164.859543 65.880451 -2.697749
v 165.160389 74.160290 24.499228
v 165.197334 94.404850 38.518615
v 165.467434 100.481567 38.581595
v 165.859222 83.564558 -30.179110
v 166.163559 74.160290 -16.365682
v 166.356010 107.068415 35.016663
v 166.356010 152.044210 35.016663
v 166.411324 162.436943 -24.842327
v 166.610069 74.160290 10.920200
v 166.757851 83.564558 24.736190
v 166.888371 94.404850 -30.366368
v 166.945210 74.160290 -2.731878
v 167.161236 100.481567 -30.416019
v 167.590733 162.436943 14.940386
v 167.770729 83.564558 -16.523974
v 167.792568 94.404850 24.889677
v 168.066921 100.481567 24.930372
v 168.138256 107.068415 -25.100129
v 168.138256 152.044210 -25.100129
v 168.181477 162.436943 -4.985966
v 168.221550 83.564558 11.025823
v 168.559933 83.564558 -2.758301
v 168.811741 94.404850 -16.626505
v 169.087753 100.481567 -16.653690
v 169.265347 94.404850 11.094238
v 169.329910 107.068415 15.095431
v 169.329910 152.044210 15.095431
v 169.542122 100.481567 11.112378
v 169.605827 94.404850 -2.775417
v 169.883156 100.481567 -2.779955
v 169.926777 107.068415 -5.037708
v 169.926777 152.044210 -5.037708
vt -1.179757 0.000000 0.000000
vt -1.179757 -0.230095 0.000000
vt -1.179757 -0.460191 0.000000
vt -1.179757 -0.690286 0.000000
vt -1.179757 -0.920381 0.000000
vt -1.179757 -1.150477 0.000000
vt -1.179757 -1.380572 0.000000
vt -1.179757 -1.610667 0.000000
vt -1.179757 -1.840763 0.000000
vt -1.179757 -2.070858 0.000000
vt -1.179757 -2.300953 0.000000
vt -1.179757 -2.531049 0.000000
vt -1.179757 -2.761144 0.000000
vt -1.179757 -2.991240 0.000000
vt -1.179757 -3.221335 0.000000
vt -1.179757 -3.451430 0.000000
vt -1.179757 -3.681526 0.000000
vt -1.179757 -3.911621 0.000000
vt -1.179757 -4.141716 0.000000
vt -1.179757 -4.371812 0.000000
vt -1.179757 -4.601907 0.000000
vt -1.179757 4.832002 0.000000
vt -1.179757 4.601907 0.000000
vt -1.179757 4.371812 0.000000
vt -1.179757 4.141716 0.000000
vt -1.179757 3.911621 0.000000
vt -1.179757 3.681526 0.000000
vt -1.179757 3.451430 0.000000
vt -1.179757 3.221335 0.000000
vt -1.179757 2.991240 0.000000
vt -1.179757 2.761144 0.000000
vt -1.179757 2.531049 0.000000
vt -1.179757 2.300953 0.000000
vt -1.179757 2.070858 0.000000
vt -1.179757 1.840763 0.000000
vt -1.179757 1.610667 0.000000
vt -1.179757 1.380572 0.000000
vt -1.179757 1.150477 0.000000
vt -1.179757 0.920381 0.000000
vt -1.179757 0.690286 0.000000
vt -1.179757 0.460191 0.000000
vt -1.179757 0.230095 0.000000
vt 1.179757 0.000000 0.000000
vt 1.179757 0.230095 0.000000
vt 1.179757 0.460191 0.000000
vt 1.179757 0.690286 0.000000
vt 1.179757 0.920381 0.000000
vt 1.179757 1.150477 0.000000
vt 1.179757 1.380572 0.000000
vt 1.179757 1.610667 0.000000
vt 1.179757 1.840763 0.000000
vt 1.179757 2.070858 0.000000
vt 1.179757 2.300953 0.000000
vt 1.179757 2.531049 0.000000
vt 1.179757 2.761144 0.000000
vt 1.179757 2.991240 0.000000
vt 1.179757 3.221335 0.000000
vt 1.179757 3.451430 0.000000
vt 1.179757 3.681526 0.000000
vt 1.179757 3.911621 0.000000
vt 1.179757 4.141716 0.000000
vt 1.179757 4.371812 0.000000
vt 1.179757 4.601907 0.000000
vt 1.179757 -4.832002 0.000000
vt 1.179757 -4.601907 0.000000
vt 1.179757 -4.371812 0.000000
vt 1.179757 -4.141716 0.000000
vt 1.179757 -3.911621 0.000000
vt 1.179757 -3.681526 0.000000
vt 1.179757 -3.451430 0.000000
vt 1.179757 -3.221335 0.000000
vt 1.179757 -2.991240 0.000000
vt 1.179757 -2.761144 0.000000
vt 1.179757 -2.531049 0.000000
vt 1.179757 -2.300953 0.000000
vt 1.179757 -2.070858 0.000000
vt 1.179757 -1.840763 0.000000
vt 1.179757 -1.610667 0.000000
vt 1.179757 -1.380572 0.000000
vt 1.179757 -1.150477 0.000000
vt 1.179757 -0.920381 0.000000
vt 1.179757 -0.690286 0.000000
vt 1.179757 -0.460191 0.000000
vt 1.179757 -0.230095 0.000000
vt 1.179757 4.832002 0.000000
vt -1.179757 -4.832002 0.000000
vt -0.112441 4.766136 0.000000
vt -0.112441 4.533642 0.000000
vt -0.112441 4.301147 0.000000
vt -0.112441 4.068653 0.000000
vt -0.112441 3.836158 0.000000
vt -0.112441 3.603664 0.000000
vt -0.112441 3.371169 0.000000
vt -0.112441 3.138675 0.000000
vt -0.112441 2.906181 0.000000
vt -0.112441 2.673686 0.000000
vt -0.112441 2.441192 0.000000
vt -0.112441 2.208697 0.000000
vt -0.112441 1.976203 0.000000
vt -0.112441 1.743708 0.000000
vt -0.112441 1.511214 0.000000
vt -0.112441 1.278719 0.000000
vt -0.112441 1.046225 0.000000
vt -0.112441 0.813731 0.000000
vt -0.112441 0.581236 0.000000
vt -0.112441 0.348742 0.000000
vt -0.112441 0.116247 0.000000
vt -0.112441 -0.116247 0.000000
vt -0.112441 -0.348742 0.000000
vt -0.112441 -0.581236 0.000000
vt -0.112441 -0.813731 0.000000
vt -0.112441 -1.046225 0.000000
vt -0.112441 -1.278719 0.000000
vt -0.112441 -1.511214 0.000000
vt -0.112441 -1.743708 0.000000
vt -0.112441 -1.976203 0.000000
vt -0.112441 -2.208697 0.000000
vt -0.112441 -2.441192 0.000000
vt -0.112441 -2.673686 0.000000
vt -0.112441 -2.906181 0.000000
vt -0.112441 -3.138675 0.000000
vt -0.112441 -3.371169 0.000000
vt -0.112441 -3.603664 0.000000
vt -0.112441 -3.836158 0.000000
vt -0.112441 -4.068653 0.000000
vt -0.112441 -4.301147 0.000000
vt -0.112441 -4.533642 0.000000
vt -0.000000 -4.766136 0.000000
vt -0.000000 -4.539177 0.000000
vt -0.000000 -4.312218 0.000000
vt -0.000000 -4.085259 0.000000
vt -0.000000 -3.858301 0.000000
vt -0.000000 -3.631342 0.000000
vt -0.000000 -3.404383 0.000000
vt -0.000000 -3.177424 0.000000
vt -0.000000 -2.950465 0.000000
vt -0.000000 -2.723506 0.000000
vt -0.000000 -2.496548 0.000000
vt -0.000000 -2.269589 0.000000
vt -0.000000 -2.042630 0.000000
vt -0.000000 -1.815671 0.000000
vt -0.000000 -1.588712 0.000000
vt -0.000000 -1.361753 0.000000
vt -0.000000 -1.134794 0.000000
vt -0.000000 -0.907835 0.000000
vt -0.000000 -0.680877 0.000000
vt -0.000000 -0.453918 0.000000
vt -0.000000 -0.226959 0.000000
vt -0.000000 0.000000 0.000000
vt -0.000000 0.226959 0.000000
vt -0.000000 0.453918 0.000000
vt -0.000000 0.680877 0.000000
vt -0.000000 0.907835 0.000000
vt -0.000000 1.134794 0.000000
vt -0.000000 1.361753 0.000000
vt -0.000000 1.588712 0.000000
vt -0.000000 1.815671 0.000000
vt -0.000000 2.042630 0.000000
vt -0.000000 2.269589 0.000000
vt -0.000000 2.496548 0.000000
vt -0.000000 2.723506 0.000000
vt -0.000000 2.950465 0.000000
vt -0.000000 3.177424 0.000000
vt -0.000000 3.404383 0.000000
vt -0.000000 3.631342 0.000000
vt -0.000000 3.858301 0.000000
vt -0.000000 4.085259 0.000000
vt -0.000000 4.312218 0.000000
vt -0.000000 4.539177 0.000000
vt -0.074960 -4.766136 0.000000
vt -0.037480 -4.766136 0.000000
vt -0.074960 4.539177 0.000000
vt -0.037480 4.539177 0.000000
vt -0.074960 4.312218 0.000000
vt -0.037480 4.312218 0.000000
vt -0.074960 4.085259 0.000000
vt -0.037480 4.085259 0.000000
vt -0.074960 3.858301 0.000000
vt -0.037480 3.858301 0.000000
vt -0.074960 3.631342 0.000000
vt -0.037480 3.631342 0.000000
vt -0.074960 3.404383 0.000000
vt -0.037480 3.404383 0.000000
vt -0.074960 3.177424 0.000000
vt -0.037480 3.177424 0.000000
vt -0.074960 2.950465 0.000000
vt -0.037480 2.950465 0.000000
vt -0.074960 2.723506 0.000000
vt -0.037480 2.723506 0.000000
vt -0.074960 2.496548 0.000000
vt -0.037480 2.496548 0.000000
vt -0.074960 2.269589 0.000000
vt -0.037480 2.269589 0.000000
vt -0.074960 2.042630 0.000000
vt -0.037480 2.042630 0.000000
vt -0.074960 1.815671 0.000000
vt -0.037480 1.815671 0.000000
vt -0.074960 1.588712 0.000000
vt -0.037480 1.588712 0.000000
vt -0.074960 1.361753 0.000000
vt -0.037480 1.361753 0.000000
vt -0.074960 1.134794 0.000000
vt -0.037480 1.134794 0.000000
vt -0.074960 0.907835 0.000000
vt -0.037480 0.907835 0.000000
vt -0.074960 0.680877 0.000000
vt -0.037480 0.680877 0.000000
vt -0.074960 0.453918 0.000000
vt -0.037480 0.453918 0.000000
vt -0.074960 0.226959 0.000000
vt -0.037480 0.226959 0.000000
vt -0.074960 0.000000 0.000000
vt -0.037480 0.000000 0.000000
vt -0.074960 -0.226959 0.000000
vt -0.037480 -0.226959 0.000000
vt -0.074960 -0.453918 0.000000
vt -0.037480 -0.453918 0.000000
vt -0.074960 -0.680877 0.000000
vt -0.037480 -0.680877 0.000000
vt -0.074960 -0.907835 0.000000
vt -0.037480 -0.907835 0.000000
vt -0.074960 -1.134794 0.000000
vt -0.037480 -1.134794 0.000000
vt -0.074960 -1.361753 0.000000
vt -0.037480 -1.361753 0.000000
vt -0.074960 -1.588712 0.000000
vt -0.037480 -1.588712 0.000000
vt -0.074960 -1.815671 0.000000
vt -0.037480 -1.815671 0.000000
vt -0.074960 -2.042630 0.000000
vt -0.037480 -2.042630 0.000000
vt -0.074960 -2.269589 0.000000
vt -0.037480 -2.269589 0.000000
vt -0.074960 -2.496548 0.000000
vt -0.037480 -2.496548 0.000000
vt -0.074960 -2.723506 0.000000
vt -0.037480 -2.723506 0.000000
vt -0.074960 -2.950465 0.000000
vt -0.037480 -2.950465 0.000000
vt -0.074960 -3.177424 0.000000
vt -0.037480 -3.177424 0.000000
vt -0.074960 -3.404383 0.000000
vt -0.037480 -3.404383 0.000000
vt -0.074960 -3.631342 0.000000
vt -0.037480 -3.631342 0.000000
vt -0.074960 -3.858301 0.000000
vt -0.037480 -3.858301 0.000000
vt -0.074960 -4.085259 0.000000
vt -0.037480 -4.085259 0.000000
vt -0.074960 -4.312218 0.000000
vt -0.037480 -4.312218 0.000000
vt -0.074960 -4.539177 0.000000
vt -0.037480 -4.539177 0.000000
vt -0.074960 4.766136 0.000000
vt -0.112441 -4.766136 0.000000
vt -0.112441 -4.766136 0.000000
vt -0.037480 4.766136 0.000000
vt -0.000000 -4.993095 0.000000
vt -0.037480 -4.993095 0.000000
vt -0.074960 4.766136 0.000000
vt 0.000000 0.000000 0.000000
vt 0.017540 0.183683 0.000000
vt 0.069524 0.360726 0.000000
vt 0.154075 0.524733 0.000000
vt 0.268137 0.669774 0.000000
vt 0.407586 0.790607 0.000000
vt 0.567384 0.882867 0.000000
vt 0.741754 0.943217 0.000000
vt 0.924394 0.969476 0.000000
vt 1.108703 0.960696 0.000000
vt 1.288020 0.917195 0.000000
vt 1.455863 0.840543 0.000000
vt 1.606167 0.733512 0.000000
vt 1.733499 0.599970 0.000000
vt 1.833257 0.444743 0.000000
vt 1.901836 0.273443 0.000000
vt 1.936756 0.092259 0.000000
vt 1.936756 -0.092259 0.000000
vt 1.901836 -0.273443 0.000000
vt 1.833257 -0.444743 0.000000
vt 1.733499 -0.599970 0.000000
vt 1.606167 -0.733512 0.000000
vt 1.455863 -0.840543 0.000000
vt 1.288020 -0.917195 0.000000
vt 1.108703 -0.960696 0.000000
vt 0.924394 -0.969476 0.000000
vt 0.741754 -0.943217 0.000000
vt 0.567384 -0.882867 0.000000
vt 0.407586 -0.790607 0.000000
vt 0.268137 -0.669774 0.000000
vt 0.154075 -0.524733 0.000000
vt 0.069524 -0.360726 0.000000
vt 0.017540 -0.183683 0.000000
vt -0.495917 0.000000 0.000000
vt -0.478730 -0.223859 0.000000
vt -0.427573 -0.442471 0.000000
vt -0.343644 -0.650712 0.000000
vt -0.228911 -0.843700 0.000000
vt -0.086064 -1.016913 0.000000
vt 0.081551 -1.166291 0.000000
vt 0.270003 -1.288331 0.000000
vt 0.474876 -1.380174 0.000000
vt 0.691368 -1.439667 0.000000
vt 0.914405 -1.465416 0.000000
vt 1.138758 -1.456816 0.000000
vt 1.359169 -1.414070 0.000000
vt 1.570471 -1.338179 0.000000
vt 1.767713 -1.230923 0.000000
vt 1.946270 -1.094814 0.000000
vt 2.101958 -0.933045 0.000000
vt 2.231128 -0.749405 0.000000
vt 2.330751 -0.548200 0.000000
vt 2.398492 -0.334145 0.000000
vt 2.432765 -0.112259 0.000000
vt 2.432765 0.112259 0.000000
vt 2.398492 0.334145 0.000000
vt 2.330751 0.548200 0.000000
vt 2.231128 0.749405 0.000000
vt 2.101958 0.933045 0.000000
vt 1.946270 1.094814 0.000000
vt 1.767713 1.230923 0.000000
vt 1.570471 1.338179 0.000000
vt 1.359169 1.414070 0.000000
vt 1.138758 1.456816 0.000000
vt 0.914405 1.465416 0.000000
vt 0.691368 1.439667 0.000000
vt 0.474876 1.380174 0.000000
vt 0.270003 1.288331 0.000000
vt 0.081551 1.166291 0.000000
vt -0.086064 1.016913 0.000000
vt -0.228911 0.843700 0.000000
vt -0.343644 0.650712 0.000000
vt -0.427573 0.442471 0.000000
vt -0.478730 0.223859 0.000000
vt -0.002283 0.000000 0.000000
vt -0.002283 -0.184797 0.000000
vt -0.002283 -0.369594 0.000000
vt -0.002283 -0.554391 0.000000
vt -0.002283 -0.739189 0.000000
vt -0.002283 -0.923986 0.000000
vt -0.002283 -1.108783 0.000000
vt -0.002283 -1.293580 0.000000
vt -0.002283 -1.478377 0.000000
vt -0.002283 -1.663174 0.000000
vt -0.002283 -1.847971 0.000000
vt -0.002283 -2.032769 0.000000
vt -0.002283 -2.217566 0.000000
vt -0.002283 -2.402363 0.000000
vt -0.002283 -2.587160 0.000000
vt -0.002283 -2.771957 0.000000
vt -0.002283 -2.956754 0.000000
vt -0.002283 2.956754 0.000000
vt -0.002283 2.771957 0.000000
vt -0.002283 2.587160 0.000000
vt -0.002283 2.402363 0.000000
vt -0.002283 2.217566 0.000000
vt -0.002283 2.032769 0.000000
vt -0.002283 1.847971 0.000000
vt -0.002283 1.663174 0.000000
vt -0.002283 1.478377 0.000000
vt -0.002283 1.293580 0.000000
vt -0.002283 1.108783 0.000000
vt -0.002283 0.923986 0.000000
vt -0.002283 0.739189 0.000000
vt -0.002283 0.554391 0.000000
vt -0.002283 0.369594 0.000000
vt -0.002283 0.184797 0.000000
vt 0.002283 0.000000 0.000000
vt 0.002283 0.184797 0.000000
vt 0.002283 0.369594 0.000000
vt 0.002283 0.554391 0.000000
vt 0.002283 0.739189 0.000000
vt 0.002283 0.923986 0.000000
vt 0.002283 1.108783 0.000000
vt 0.002283 1.293580 0.000000
vt 0.002283 1.478377 0.000000
vt 0.002283 1.663174 0.000000
vt 0.002283 1.847971 0.000000
vt 0.002283 2.032769 0.000000
vt 0.002283 2.217566 0.000000
vt 0.002283 2.402363 0.000000
vt 0.002283 2.587160 0.000000
vt 0.002283 2.771957 0.000000
vt 0.002283 -3.141551 0.000000
vt 0.002283 -2.956754 0.000000
vt 0.002283 -2.771957 0.000000
vt 0.002283 -2.587160 0.000000
vt 0.002283 -2.402363 0.000000
vt 0.002283 -2.217566 0.000000
vt 0.002283 -2.032769 0.000000
vt 0.002283 -1.847971 0.000000
vt 0.002283 -1.663174 0.000000
vt 0.002283 -1.478377 0.000000
vt 0.002283 -1.293580 0.000000
vt 0.002283 -1.108783 0.000000
vt 0.002283 -0.923986 0.000000
vt 0.002283 -0.739189 0.000000
vt 0.002283 -0.554391 0.000000
vt 0.002283 -0.369594 0.000000
vt 0.002283 -0.184797 0.000000
vt 0.002283 2.956755 0.000000
vt 0.002283 2.956755 0.000000
vt -0.002283 -3.141551 0.000000
vt -0.002283 -3.141551 0.000000
vt -0.044976 3.022807 0.000000
vt -0.044976 2.839606 0.000000
vt -0.044976 2.656406 0.000000
vt -0.044976 2.473205 0.000000
vt -0.044976 2.290005 0.000000
vt -0.044976 2.106805 0.000000
vt -0.044976 1.923604 0.000000
vt -0.044976 1.740404 0.000000
vt -0.044976 1.557203 0.000000
vt -0.044976 1.374003 0.000000
vt -0.044976 1.190803 0.000000
vt -0.044976 1.007602 0.000000
vt -0.044976 0.824402 0.000000
vt -0.044976 0.641201 0.000000
vt -0.044976 0.458001 0.000000
vt -0.044976 0.274801 0.000000
vt -0.044976 0.091600 0.000000
vt -0.044976 -0.091600 0.000000
vt -0.044976 -0.274801 0.000000
vt -0.044976 -0.458001 0.000000
vt -0.044976 -0.641201 0.000000
vt -0.044976 -0.824402 0.000000
vt -0.044976 -1.007602 0.000000
vt -0.044976 -1.190803 0.000000
vt -0.044976 -1.374003 0.000000
vt -0.044976 -1.557203 0.000000
vt -0.044976 -1.740404 0.000000
vt -0.044976 -1.923604 0.000000
vt -0.044976 -2.106805 0.000000
vt -0.044976 -2.290005 0.000000
vt -0.044976 -2.473205 0.000000
vt -0.044976 -2.656406 0.000000
vt -0.044976 -2.839606 0.000000
vt -0.000000 -3.022807 0.000000
vt -0.000000 -2.839606 0.000000
vt -0.000000 -2.656406 0.000000
vt -0.000000 -2.473205 0.000000
vt -0.000000 -2.290005 0.000000
vt -0.000000 -2.106805 0.000000
vt -0.000000 -1.923604 0.000000
vt -0.000000 -1.740404 0.000000
vt -0.000000 -1.557203 0.000000
vt -0.000000 -1.374003 0.000000
vt -0.000000 -1.190803 0.000000
vt -0.000000 -1.007602 0.000000
vt -0.000000 -0.824402 0.000000
vt -0.000000 -0.641201 0.000000
vt -0.000000 -0.458001 0.000000
vt -0.000000 -0.274801 0.000000
vt -0.000000 -0.091600 0.000000
vt -0.000000 0.091600 0.000000
vt -0.000000 0.274801 0.000000
vt -0.000000 0.458001 0.000000
vt -0.000000 0.641201 0.000000
vt -0.000000 0.824402 0.000000
vt -0.000000 1.007602 0.000000
vt -0.000000 1.190803 0.000000
vt -0.000000 1.374003 0.000000
vt -0.000000 1.557203 0.000000
vt -0.000000 1.740404 0.000000
vt -0.000000 1.923604 0.000000
vt -0.000000 2.106805 0.000000
vt -0.000000 2.290005 0.000000
vt -0.000000 2.473205 0.000000
vt -0.000000 2.656406 0.000000
vt -0.000000 2.839606 0.000000
vt -0.029984 -3.022807 0.000000
vt -0.014992 -3.022807 0.000000
vt -0.029984 2.839606 0.000000
vt -0.014992 2.839606 0.000000
vt -0.029984 2.656406 0.000000
vt -0.014992 2.656406 0.000000
vt -0.029984 2.473205 0.000000
vt -0.014992 2.473205 0.000000
vt -0.029984 2.290005 0.000000
vt -0.014992 2.290005 0.000000
vt -0.029984 2.106805 0.000000
vt -0.014992 2.106805 0.000000
vt -0.029984 1.923604 0.000000
vt -0.014992 1.923604 0.000000
vt -0.029984 1.740404 0.000000
vt -0.014992 1.740404 0.000000
vt -0.029984 1.557203 0.000000
vt -0.014992 1.557203 0.000000
vt -0.029984 1.374003 0.000000
vt -0.014992 1.374003 0.000000
vt -0.029984 1.190803 0.000000
vt -0.014992 1.190803 0.000000
vt -0.029984 1.007602 0.000000
vt -0.014992 1.007602 0.000000
vt -0.029984 0.824402 0.000000
vt -0.014992 0.824402 0.000000
vt -0.029984 0.641201 0.000000
vt -0.014992 0.641201 0.000000
vt -0.029984 0.458001 0.000000
vt -0.014992 0.458001 0.000000
vt -0.029984 0.274801 0.000000
vt -0.014992 0.274801 0.000000
vt -0.029984 0.091600 0.000000
vt -0.014992 0.091600 0.000000
vt -0.029984 -0.091600 0.000000
vt -0.014992 -0.091600 0.000000
vt -0.029984 -0.274801 0.000000
vt -0.014992 -0.274801 0.000000
vt -0.029984 -0.458001 0.000000
vt -0.014992 -0.458001 0.000000
vt -0.029984 -0.641201 0.000000
vt -0.014992 -0.641201 0.000000
vt -0.029984 -0.824402 0.000000
vt -0.014992 -0.824402 0.000000
vt -0.029984 -1.007602 0.000000
vt -0.014992 -1.007602 0.000000
vt -0.029984 -1.190803 0.000000
vt -0.014992 -1.190803 0.000000
vt -0.029984 -1.374003 0.000000
vt -0.014992 -1.374003 0.000000
vt -0.029984 -1.557203 0.000000
vt -0.014992 -1.557203 0.000000
vt -0.029984 -1.740404 0.000000
vt -0.014992 -1.740404 0.000000
vt -0.029984 -1.923604 0.000000
vt -0.014992 -1.923604 0.000000
vt -0.029984 -2.106805 0.000000
vt -0.014992 -2.106805 0.000000
vt -0.029984 -2.290005 0.000000
vt -0.014992 -2.290005 0.000000
vt -0.029984 -2.473205 0.000000
vt -0.014992 -2.473205 0.000000
vt -0.029984 -2.656406 0.000000
vt -0.014992 -2.656406 0.000000
vt -0.029984 -2.839606 0.000000
vt -0.014992 -2.839606 0.000000
vt -0.029984 3.022807 0.000000
vt -0.044976 -3.022807 0.000000
vt -0.000000 -3.206007 0.000000
vt -0.014992 3.022807 0.000000
vt -0.029984 3.022807 0.000000
vt -0.014992 -3.206007 0.000000
vt 0.000000 0.000000 0.000000
vt 0.016439 0.072026 0.000000
vt 0.062502 0.129786 0.000000
vt 0.129064 0.161841 0.000000
vt 0.202942 0.161841 0.000000
vt 0.269504 0.129786 0.000000
vt 0.315566 0.072026 0.000000
vt 0.332006 0.000000 0.000000
vt 0.315566 -0.072026 0.000000
vt 0.269504 -0.129786 0.000000
vt 0.202942 -0.161841 0.000000
vt 0.129064 -0.161841 0.000000
vt 0.062502 -0.129786 0.000000
vt 0.016439 -0.072026 0.000000
vt -0.775940 0.000000 0.000000
vt -0.758918 -0.178264 0.000000
vt -0.708467 -0.350085 0.000000
vt -0.626410 -0.509253 0.000000
vt -0.515713 -0.650015 0.000000
vt -0.380378 -0.767284 0.000000
vt -0.225294 -0.856821 0.000000
vt -0.056069 -0.915391 0.000000
vt 0.121183 -0.940876 0.000000
vt 0.300055 -0.932355 0.000000
vt 0.474082 -0.890137 0.000000
vt 0.636974 -0.815746 0.000000
vt 0.782844 -0.711873 0.000000
vt 0.906420 -0.582270 0.000000
vt 1.003235 -0.431623 0.000000
vt 1.069790 -0.265376 0.000000
vt 1.103680 -0.089537 0.000000
vt 1.103680 0.089537 0.000000
vt 1.069790 0.265376 0.000000
vt 1.003235 0.431623 0.000000
vt 0.906420 0.582270 0.000000
vt 0.782844 0.711873 0.000000
vt 0.636974 0.815746 0.000000
vt 0.474082 0.890137 0.000000
vt 0.300055 0.932355 0.000000
vt 0.121183 0.940876 0.000000
vt -0.056069 0.915391 0.000000
vt -0.225294 0.856821 0.000000
vt -0.380378 0.767284 0.000000
vt -0.515713 0.650015 0.000000
vt -0.626410 0.509253 0.000000
vt -0.708467 0.350085 0.000000
vt -0.758918 0.178264 0.000000
vt -0.089953 0.457907 0.000000
vt -0.089953 0.387460 0.000000
vt -0.089953 0.317013 0.000000
vt -0.089953 0.246565 0.000000
vt -0.089953 0.176118 0.000000
vt -0.089953 0.105671 0.000000
vt -0.089953 0.035224 0.000000
vt -0.089953 -0.035224 0.000000
vt -0.089953 -0.105671 0.000000
vt -0.089953 -0.176118 0.000000
vt -0.089953 -0.246565 0.000000
vt -0.089953 -0.317013 0.000000
vt -0.089953 -0.387460 0.000000
vt -0.044976 -0.457907 0.000000
vt -0.044976 -0.392492 0.000000
vt -0.044976 -0.327077 0.000000
vt -0.044976 -0.261661 0.000000
vt -0.044976 -0.196246 0.000000
vt -0.044976 -0.130831 0.000000
vt -0.044976 -0.065415 0.000000
vt -0.044976 0.000000 0.000000
vt -0.044976 0.065415 0.000000
vt -0.044976 0.130831 0.000000
vt -0.044976 0.196246 0.000000
vt -0.044976 0.261661 0.000000
vt -0.044976 0.327077 0.000000
vt -0.044976 0.392492 0.000000
vt -0.074960 -0.457907 0.000000
vt -0.059968 -0.457907 0.000000
vt -0.074960 0.030527 0.000000
vt -0.074960 0.396853 0.000000
vt -0.059968 0.396853 0.000000
vt -0.074960 0.335799 0.000000
vt -0.059968 0.335799 0.000000
vt -0.074960 0.274744 0.000000
vt -0.059968 0.274744 0.000000
vt -0.074960 0.213690 0.000000
vt -0.059968 0.213690 0.000000
vt -0.074960 0.152636 0.000000
vt -0.059968 0.152636 0.000000
vt -0.074960 0.091581 0.000000
vt -0.059968 0.091581 0.000000
vt -0.059968 0.030527 0.000000
vt -0.074960 -0.091581 0.000000
vt -0.059968 -0.091581 0.000000
vt -0.059968 -0.030527 0.000000
vt -0.074960 -0.030527 0.000000
vt -0.074960 -0.152636 0.000000
vt -0.059968 -0.152636 0.000000
vt -0.074960 -0.213690 0.000000
vt -0.059968 -0.213690 0.000000
vt -0.074960 -0.274744 0.000000
vt -0.059968 -0.274744 0.000000
vt -0.074960 -0.335799 0.000000
vt -0.059968 -0.335799 0.000000
vt -0.074960 -0.396853 0.000000
vt -0.059968 -0.396853 0.000000
vt -0.074960 0.457907 0.000000
vt -0.089953 -0.457907 0.000000
vt -0.089953 -0.457907 0.000000
vt -0.074960 0.457907 0.000000
vt -0.044976 0.457907 0.000000
vt -0.059968 -0.518962 0.000000
vt -0.059968 -0.518962 0.000000
vt -0.025372 0.000000 0.000000
vt -0.025372 -0.066394 0.000000
vt -0.025372 -0.132788 0.000000
vt -0.025372 -0.199182 0.000000
vt -0.025372 -0.265576 0.000000
vt -0.025372 -0.331970 0.000000
vt -0.025372 -0.398364 0.000000
vt -0.025372 0.398364 0.000000
vt -0.025372 0.331970 0.000000
vt -0.025372 0.265576 0.000000
vt -0.025372 0.199182 0.000000
vt -0.025372 0.132788 0.000000
vt -0.025372 0.066394 0.000000
vt 0.025372 0.000000 0.000000
vt 0.025372 0.066394 0.000000
vt 0.025372 0.132788 0.000000
vt 0.025372 0.199182 0.000000
vt 0.025372 0.265576 0.000000
vt 0.025372 0.331970 0.000000
vt 0.025372 -0.464758 0.000000
vt 0.025372 -0.398364 0.000000
vt 0.025372 -0.331970 0.000000
vt 0.025372 -0.265576 0.000000
vt 0.025372 -0.199182 0.000000
vt 0.025372 -0.132788 0.000000
vt 0.025372 -0.066394 0.000000
vt 0.025372 0.398364 0.000000
vt 0.025372 0.398364 0.000000
vt -0.025372 -0.464758 0.000000
vt -0.025372 -0.464758 0.000000
vt -0.044976 0.405214 0.000000
vt -0.044976 0.337679 0.000000
vt -0.044976 0.270143 0.000000
vt -0.044976 0.202607 0.000000
vt -0.044976 0.135071 0.000000
vt -0.044976 0.067536 0.000000
vt -0.044976 0.000000 0.000000
vt -0.044976 -0.067536 0.000000
vt -0.044976 -0.135071 0.000000
vt -0.044976 -0.202607 0.000000
vt -0.044976 -0.270143 0.000000
vt -0.044976 -0.337679 0.000000
vt -0.000000 -0.405214 0.000000
vt -0.000000 -0.342874 0.000000
vt -0.000000 -0.280533 0.000000
vt -0.000000 -0.218192 0.000000
vt -0.000000 -0.155852 0.000000
vt -0.000000 -0.093511 0.000000
vt -0.000000 -0.031170 0.000000
vt -0.000000 0.031170 0.000000
vt -0.000000 0.093511 0.000000
vt -0.000000 0.155852 0.000000
vt -0.000000 0.218192 0.000000
vt -0.000000 0.280533 0.000000
vt -0.000000 0.342874 0.000000
vt -0.029984 -0.405214 0.000000
vt -0.014992 -0.405214 0.000000
vt -0.029984 0.342874 0.000000
vt -0.014992 0.342874 0.000000
vt -0.029984 0.280533 0.000000
vt -0.014992 0.280533 0.000000
vt -0.029984 0.218192 0.000000
vt -0.014992 0.218192 0.000000
vt -0.029984 0.155852 0.000000
vt -0.014992 0.155852 0.000000
vt -0.029984 0.093511 0.000000
vt -0.014992 0.093511 0.000000
vt -0.029984 0.031170 0.000000
vt -0.014992 0.031170 0.000000
vt -0.029984 -0.031170 0.000000
vt -0.014992 -0.031170 0.000000
vt -0.029984 -0.093511 0.000000
vt -0.014992 -0.093511 0.000000
vt -0.029984 -0.155852 0.000000
vt -0.014992 -0.155852 0.000000
vt -0.029984 -0.218192 0.000000
vt -0.014992 -0.218192 0.000000
vt -0.029984 -0.280533 0.000000
vt -0.014992 -0.280533 0.000000
vt -0.029984 -0.342874 0.000000
vt -0.014992 -0.342874 0.000000
vt -0.029984 0.405214 0.000000
vt -0.044976 -0.405214 0.000000
vt -0.044976 -0.405214 0.000000
vt -0.014992 0.405214 0.000000
vt -0.000000 -0.467555 0.000000
vt -0.014992 -0.467555 0.000000
vt -0.029984 0.405214 0.000000
vt -0.108737 0.000000 0.000000
vt -0.094169 -0.054369 0.000000
vt -0.054369 -0.094169 0.000000
vt 0.000000 -0.108737 0.000000
vt 0.054369 -0.094169 0.000000
vt 0.094169 -0.054369 0.000000
vt 0.108737 0.000000 0.000000
vt 0.094169 0.054369 0.000000
vt 0.054369 0.094169 0.000000
vt 0.000000 0.108737 0.000000
vt -0.054369 0.094169 0.000000
vt -0.094169 0.054369 0.000000
vt 0.000000 0.000000 0.000000
vt -0.017540 0.183683 0.000000
vt -0.069524 0.360726 0.000000
vt -0.154075 0.524733 0.000000
vt -0.268137 0.669774 0.000000
vt -0.407586 0.790607 0.000000
vt -0.567384 0.882867 0.000000
vt -0.741754 0.943217 0.000000
vt -0.924394 0.969476 0.000000
vt -1.108703 0.960696 0.000000
vt -1.288020 0.917195 0.000000
vt -1.455863 0.840543 0.000000
vt -1.606167 0.733512 0.000000
vt -1.733499 0.599970 0.000000
vt -1.833257 0.444743 0.000000
vt -1.901836 0.273443 0.000000
vt -1.936756 0.092259 0.000000
vt -1.936756 -0.092259 0.000000
vt -1.901836 -0.273443 0.000000
vt -1.833257 -0.444743 0.000000
vt -1.733499 -0.599970 0.000000
vt -1.606167 -0.733512 0.000000
vt -1.455863 -0.840543 0.000000
vt -1.288020 -0.917195 0.000000
vt -1.108703 -0.960696 0.000000
vt -0.924394 -0.969476 0.000000
vt -0.741754 -0.943217 0.000000
vt -0.567384 -0.882867 0.000000
vt -0.407586 -0.790607 0.000000
vt -0.268137 -0.669774 0.000000
vt -0.154075 -0.524733 0.000000
vt -0.069524 -0.360726 0.000000
vt -0.017540 -0.183683 0.000000
vt 0.599692 3.312932 0.000000
vt 0.599692 3.128880 0.000000
vt 0.599692 2.944828 0.000000
vt 0.599692 2.760776 0.000000
vt 0.599692 2.576725 0.000000
vt 0.599692 2.392673 0.000000
vt 0.599692 2.208621 0.000000
vt 0.599692 2.024569 0.000000
vt 0.599692 1.840518 0.000000
vt 0.599692 1.656466 0.000000
vt 0.599692 1.472414 0.000000
vt 0.599692 1.288362 0.000000
vt 0.599692 1.104311 0.000000
vt 0.599692 0.920259 0.000000
vt 0.599692 0.736207 0.000000
vt 0.599692 0.552155 0.000000
vt 0.599692 0.368104 0.000000
vt 0.599692 0.184052 0.000000
vt 0.599692 0.000000 0.000000
vt 0.599692 -0.184052 0.000000
vt 0.599692 -0.368104 0.000000
vt 0.599692 -0.552155 0.000000
vt 0.599692 -0.736207 0.000000
vt 0.599692 -0.920259 0.000000
vt 0.599692 -1.104311 0.000000
vt 0.599692 -1.288362 0.000000
vt 0.599692 -1.472414 0.000000
vt 0.599692 -1.656466 0.000000
vt 0.599692 -1.840518 0.000000
vt 0.599692 -2.024569 0.000000
vt 0.599692 -2.208621 0.000000
vt 0.599692 -2.392673 0.000000
vt 0.599692 -2.576725 0.000000
vt 0.599692 -2.760776 0.000000
vt 0.599692 -2.944828 0.000000
vt 0.599692 -3.128880 0.000000
vt 0.768455 -3.312932 0.000000
vt 0.768455 -3.112148 0.000000
vt 0.768455 -2.911364 0.000000
vt 0.768455 -2.710581 0.000000
vt 0.768455 -2.509797 0.000000
vt 0.768455 -2.309013 0.000000
vt 0.768455 -2.108229 0.000000
vt 0.768455 -1.907446 0.000000
vt 0.768455 -1.706662 0.000000
vt 0.768455 -1.505878 0.000000
vt 0.768455 -1.305094 0.000000
vt 0.768455 -1.104311 0.000000
vt 0.768455 -0.903527 0.000000
vt 0.768455 -0.702743 0.000000
vt 0.768455 -0.501959 0.000000
vt 0.768455 -0.301176 0.000000
vt 0.768455 -0.100392 0.000000
vt 0.768455 0.100392 0.000000
vt 0.768455 0.301176 0.000000
vt 0.768455 0.501959 0.000000
vt 0.768455 0.702743 0.000000
vt 0.768455 0.903527 0.000000
vt 0.768455 1.104311 0.000000
vt 0.768455 1.305094 0.000000
vt 0.768455 1.505878 0.000000
vt 0.768455 1.706662 0.000000
vt 0.768455 1.907446 0.000000
vt 0.768455 2.108229 0.000000
vt 0.768455 2.309013 0.000000
vt 0.768455 2.509797 0.000000
vt 0.768455 2.710581 0.000000
vt 0.768455 2.911364 0.000000
vt 0.768455 3.112148 0.000000
vt 0.684073 -3.312932 0.000000
vt 0.684073 -2.343293 0.000000
vt 0.684073 -1.858474 0.000000
vt 0.684073 -1.535261 0.000000
vt 0.684073 -0.565623 0.000000
vt 0.684073 -0.727229 0.000000
vt 0.684073 -0.080803 0.000000
vt 0.684073 0.565623 0.000000
vt 0.684073 0.727229 0.000000
vt 0.684073 1.535261 0.000000
vt 0.684073 1.858474 0.000000
vt 0.684073 2.343293 0.000000
vt 0.684073 3.151325 0.000000
vt 0.684073 2.989719 0.000000
vt 0.684073 2.828113 0.000000
vt 0.684073 2.666506 0.000000
vt 0.684073 2.504900 0.000000
vt 0.684073 2.181687 0.000000
vt 0.684073 2.020080 0.000000
vt 0.684073 1.696867 0.000000
vt 0.684073 1.373655 0.000000
vt 0.684073 1.212048 0.000000
vt 0.684073 1.050442 0.000000
vt 0.684073 0.888835 0.000000
vt 0.684073 0.404016 0.000000
vt 0.684073 0.242410 0.000000
vt 0.684073 0.080803 0.000000
vt 0.684073 -0.242410 0.000000
vt 0.684073 -0.404016 0.000000
vt 0.684073 -0.888835 0.000000
vt 0.684073 -1.050442 0.000000
vt 0.684073 -1.212048 0.000000
vt 0.684073 -1.373655 0.000000
vt 0.684073 -1.696867 0.000000
vt 0.684073 -2.020080 0.000000
vt 0.684073 -2.181687 0.000000
vt 0.684073 -2.504900 0.000000
vt 0.684073 -2.666506 0.000000
vt 0.684073 -2.828113 0.000000
vt 0.684073 -2.989719 0.000000
vt 0.684073 -3.151325 0.000000
vt 0.684073 3.312932 0.000000
vt 0.599692 -3.312932 0.000000
vt 0.599692 -3.312932 0.000000
vt 0.768455 3.312932 0.000000
vt 0.684073 -3.474538 0.000000
vt -0.369120 0.000000 0.000000
vt -0.369120 -0.202617 0.000000
vt -0.369120 -0.405234 0.000000
vt -0.369120 -0.607851 0.000000
vt -0.369120 -0.810468 0.000000
vt -0.369120 -1.013085 0.000000
vt -0.369120 -1.215702 0.000000
vt -0.369120 -1.418319 0.000000
vt -0.369120 -1.620936 0.000000
vt -0.369120 -1.823553 0.000000
vt -0.369120 -2.026170 0.000000
vt -0.369120 -2.228787 0.000000
vt -0.369120 -2.431404 0.000000
vt -0.369120 -2.634021 0.000000
vt -0.369120 -2.836638 0.000000
vt -0.369120 -3.039255 0.000000
vt -0.369120 -3.241872 0.000000
vt -0.369120 -3.444489 0.000000
vt -0.369120 -3.647106 0.000000
vt -0.369120 -3.849723 0.000000
vt -0.369120 -4.052340 0.000000
vt -0.369120 -4.254956 0.000000
vt -0.369120 -4.457574 0.000000
vt -0.369120 4.660191 0.000000
vt -0.369120 4.457574 0.000000
vt -0.369120 4.254956 0.000000
vt -0.369120 4.052340 0.000000
vt -0.369120 3.849723 0.000000
vt -0.369120 3.647106 0.000000
vt -0.369120 3.444489 0.000000
vt -0.369120 3.241872 0.000000
vt -0.369120 3.039255 0.000000
vt -0.369120 2.836638 0.000000
vt -0.369120 2.634021 0.000000
vt -0.369120 2.431404 0.000000
vt -0.369120 2.228787 0.000000
vt -0.369120 2.026170 0.000000
vt -0.369120 1.823553 0.000000
vt -0.369120 1.620936 0.000000
vt -0.369120 1.418319 0.000000
vt -0.369120 1.215702 0.000000
vt -0.369120 1.013085 0.000000
vt -0.369120 0.810468 0.000000
vt -0.369120 0.607851 0.000000
vt -0.369120 0.405234 0.000000
vt -0.369120 0.202617 0.000000
vt 0.369120 0.000000 0.000000
vt 0.369120 0.258899 0.000000
vt 0.369120 0.517799 0.000000
vt 0.369120 0.776698 0.000000
vt 0.369120 1.035598 0.000000
vt 0.369120 1.294497 0.000000
vt 0.369120 1.553397 0.000000
vt 0.369120 1.812296 0.000000
vt 0.369120 2.071196 0.000000
vt 0.369120 2.330095 0.000000
vt 0.369120 2.588995 0.000000
vt 0.369120 2.847894 0.000000
vt 0.369120 3.106794 0.000000
vt 0.369120 3.365693 0.000000
vt 0.369120 3.624593 0.000000
vt 0.369120 3.883492 0.000000
vt 0.369120 4.142392 0.000000
vt 0.369120 4.401291 0.000000
vt 0.369120 -4.660191 0.000000
vt 0.369120 -4.401291 0.000000
vt 0.369120 -4.142392 0.000000
vt 0.369120 -3.883492 0.000000
vt 0.369120 -3.624593 0.000000
vt 0.369120 -3.365693 0.000000
vt 0.369120 -3.106794 0.000000
vt 0.369120 -2.847894 0.000000
vt 0.369120 -2.588995 0.000000
vt 0.369120 -2.330095 0.000000
vt 0.369120 -2.071196 0.000000
vt 0.369120 -1.812296 0.000000
vt 0.369120 -1.553397 0.000000
vt 0.369120 -1.294497 0.000000
vt 0.369120 -1.035598 0.000000
vt 0.369120 -0.776698 0.000000
vt 0.369120 -0.517799 0.000000
vt 0.369120 -0.258899 0.000000
vt -0.369120 -4.660191 0.000000
vt 0.369120 4.660191 0.000000
vt 0.369120 4.660191 0.000000
vt -1.881197 0.000000 0.000000
vt -1.802814 0.000000 0.000000
vt -1.724430 0.000000 0.000000
vt -1.646047 0.000000 0.000000
vt -1.567664 0.000000 0.000000
vt -1.489281 0.000000 0.000000
vt -1.410898 0.000000 0.000000
vt -1.254131 0.000000 0.000000
vt -1.097365 0.000000 0.000000
vt -0.940598 0.000000 0.000000
vt -0.862215 0.000000 0.000000
vt -0.783832 0.000000 0.000000
vt -0.705449 0.000000 0.000000
vt -0.627066 0.000000 0.000000
vt -0.627066 0.309100 0.000000
vt -0.627066 0.618200 0.000000
vt -0.627066 0.927301 0.000000
vt -0.627066 1.236401 0.000000
vt -0.627066 1.545501 0.000000
vt -0.627066 1.854601 0.000000
vt -0.627066 2.163701 0.000000
vt -0.627066 2.472801 0.000000
vt -0.627066 2.781902 0.000000
vt -0.627066 3.091002 0.000000
vt -0.627066 3.400102 0.000000
vt -0.627066 3.709202 0.000000
vt -0.627066 4.018302 0.000000
vt -0.627066 4.327403 0.000000
vt -0.627066 4.636503 0.000000
vt -0.627066 4.945603 0.000000
vt -0.627066 5.254703 0.000000
vt -0.627066 5.563803 0.000000
vt -0.627066 5.872904 0.000000
vt -0.627066 6.182003 0.000000
vt -0.627066 6.491104 0.000000
vt -0.627066 6.800204 0.000000
vt -0.627066 7.109305 0.000000
vt -0.627066 7.418404 0.000000
vt -0.627066 7.727505 0.000000
vt -0.627066 8.036605 0.000000
vt -0.627066 8.345705 0.000000
vt -0.627066 8.654805 0.000000
vt -0.627066 8.963905 0.000000
vt -0.627066 9.273006 0.000000
vt -0.627066 9.582106 0.000000
vt -0.627066 9.891206 0.000000
vt -0.627066 10.200306 0.000000
vt -0.627066 10.509406 0.000000
vt -0.627066 10.818507 0.000000
vt -0.627066 11.127607 0.000000
vt -0.627066 11.436707 0.000000
vt -0.627066 11.745807 0.000000
vt -0.627066 12.054906 0.000000
vt -0.627066 12.364007 0.000000
vt -0.627066 12.673107 0.000000
vt -0.627066 12.982207 0.000000
vt -0.627066 13.291307 0.000000
vt -0.627066 13.600409 0.000000
vt -0.627066 13.909509 0.000000
vt -0.627066 14.218609 0.000000
vt -0.705449 14.218609 0.000000
vt -0.783832 14.218609 0.000000
vt -0.862215 14.218609 0.000000
vt -0.940598 14.218609 0.000000
vt -1.097365 14.218609 0.000000
vt -1.254131 14.218609 0.000000
vt -1.410898 14.218609 0.000000
vt -1.489281 14.218609 0.000000
vt -1.567664 14.218609 0.000000
vt -1.646047 14.218609 0.000000
vt -1.724430 14.218609 0.000000
vt -1.802814 14.218609 0.000000
vt -1.881197 14.218609 0.000000
vt -1.881197 13.950333 0.000000
vt -1.881197 13.682057 0.000000
vt -1.881197 13.413781 0.000000
vt -1.881197 13.145507 0.000000
vt -1.881197 12.877231 0.000000
vt -1.881197 12.608955 0.000000
vt -1.881197 12.340678 0.000000
vt -1.881197 12.072403 0.000000
vt -1.881197 11.804128 0.000000
vt -1.881197 11.535852 0.000000
vt -1.881197 11.267576 0.000000
vt -1.881197 10.999301 0.000000
vt -1.881197 10.731026 0.000000
vt -1.881197 10.462750 0.000000
vt -1.881197 10.194473 0.000000
vt -1.881197 9.926198 0.000000
vt -1.881197 9.657923 0.000000
vt -1.881197 9.389647 0.000000
vt -1.881197 9.121372 0.000000
vt -1.881197 8.853096 0.000000
vt -1.881197 8.584820 0.000000
vt -1.881197 8.316545 0.000000
vt -1.881197 8.048269 0.000000
vt -1.881197 7.779993 0.000000
vt -1.881197 7.511718 0.000000
vt -1.881197 7.243442 0.000000
vt -1.881197 6.975167 0.000000
vt -1.881197 6.706890 0.000000
vt -1.881197 6.438615 0.000000
vt -1.881197 6.170339 0.000000
vt -1.881197 5.902064 0.000000
vt -1.881197 5.633788 0.000000
vt -1.881197 5.365513 0.000000
vt -1.881197 5.097237 0.000000
vt -1.881197 4.828962 0.000000
vt -1.881197 4.560686 0.000000
vt -1.881197 4.292410 0.000000
vt -1.881197 4.024135 0.000000
vt -1.881197 3.755859 0.000000
vt -1.881197 3.487583 0.000000
vt -1.881197 3.219308 0.000000
vt -1.881197 2.951032 0.000000
vt -1.881197 2.682756 0.000000
vt -1.881197 2.414481 0.000000
vt -1.881197 2.146205 0.000000
vt -1.881197 1.877929 0.000000
vt -1.881197 1.609654 0.000000
vt -1.881197 1.341378 0.000000
vt -1.881197 1.073103 0.000000
vt -1.881197 0.804827 0.000000
vt -1.881197 0.536551 0.000000
vt -1.881197 0.268276 0.000000
vt -1.833267 0.333249 0.000000
vt -0.687972 0.499873 0.000000
vt -1.833267 0.999746 0.000000
vt -0.687972 0.833122 0.000000
vt -1.833267 1.166370 0.000000
vt -0.687972 0.999746 0.000000
vt -0.687972 1.332995 0.000000
vt -1.833267 1.666243 0.000000
vt -0.687972 1.666243 0.000000
vt -1.833267 2.332740 0.000000
vt -0.687972 2.332740 0.000000
vt -1.833267 2.499365 0.000000
vt -0.687972 2.665989 0.000000
vt -1.833267 3.165862 0.000000
vt -0.687972 2.999238 0.000000
vt -0.687972 3.165862 0.000000
vt -1.833267 3.665735 0.000000
vt -0.687972 3.499111 0.000000
vt -1.833267 3.832359 0.000000
vt -0.687972 3.832359 0.000000
vt -1.833267 4.498857 0.000000
vt -0.687972 4.498857 0.000000
vt -1.833267 4.998730 0.000000
vt -0.687972 4.832106 0.000000
vt -1.833267 5.165354 0.000000
vt -0.687972 5.165354 0.000000
vt -0.687972 5.331978 0.000000
vt -1.833267 5.702254 0.000000
vt -0.687972 6.072531 0.000000
vt -1.833267 6.627945 0.000000
vt -0.687972 6.257669 0.000000
vt -1.833267 7.183359 0.000000
vt -0.687972 6.998221 0.000000
vt -0.687972 7.183359 0.000000
vt -1.833267 7.553636 0.000000
vt -0.687972 7.923912 0.000000
vt -1.833267 8.109050 0.000000
vt -0.687972 8.109050 0.000000
vt -1.833267 8.664464 0.000000
vt -0.687972 8.849603 0.000000
vt -0.687972 9.034741 0.000000
vt -1.833267 9.590154 0.000000
vt -0.687972 9.775293 0.000000
vt -1.833267 10.145570 0.000000
vt -0.687972 9.960432 0.000000
vt -1.833267 10.515846 0.000000
vt -0.687972 10.700984 0.000000
vt -1.833267 11.071260 0.000000
vt -0.687972 10.886121 0.000000
vt -0.687972 11.626675 0.000000
vt -1.833267 11.996950 0.000000
vt -0.687972 11.811813 0.000000
vt -1.833267 12.552365 0.000000
vt -0.687972 12.552365 0.000000
vt -1.833267 12.922642 0.000000
vt -0.687972 12.737504 0.000000
vt -1.833267 13.478056 0.000000
vt -0.687972 13.663194 0.000000
vt -0.687972 0.166624 0.000000
vt -0.748878 0.166624 0.000000
vt -0.809784 0.166624 0.000000
vt -0.870690 0.166624 0.000000
vt -0.992503 0.166624 0.000000
vt -1.114315 0.166624 0.000000
vt -1.210175 0.166624 0.000000
vt -1.306036 0.166624 0.000000
vt -1.401896 0.166624 0.000000
vt -1.497756 0.166624 0.000000
vt -1.593616 0.166624 0.000000
vt -1.689476 0.166624 0.000000
vt -1.785336 0.166624 0.000000
vt -1.833267 0.166624 0.000000
vt -0.687972 0.333249 0.000000
vt -0.748878 0.333249 0.000000
vt -0.809784 0.333249 0.000000
vt -0.870690 0.333249 0.000000
vt -0.992503 0.333249 0.000000
vt -1.114315 0.333249 0.000000
vt -1.210175 0.333249 0.000000
vt -1.306036 0.333249 0.000000
vt -1.401896 0.333249 0.000000
vt -1.497756 0.333249 0.000000
vt -1.593616 0.333249 0.000000
vt -1.689476 0.333249 0.000000
vt -1.785336 0.333249 0.000000
vt -0.687972 0.666497 0.000000
vt -0.748878 0.666497 0.000000
vt -0.809784 0.666497 0.000000
vt -0.870690 0.666497 0.000000
vt -0.992503 0.666497 0.000000
vt -1.114315 0.666497 0.000000
vt -1.210175 0.666497 0.000000
vt -1.306036 0.666497 0.000000
vt -1.401896 0.666497 0.000000
vt -1.497756 0.666497 0.000000
vt -1.593616 0.666497 0.000000
vt -1.689476 0.666497 0.000000
vt -1.785336 0.666497 0.000000
vt -1.833267 0.666497 0.000000
vt -1.833267 0.499873 0.000000
vt -1.785336 0.499873 0.000000
vt -1.689476 0.499873 0.000000
vt -1.593616 0.499873 0.000000
vt -1.497756 0.499873 0.000000
vt -1.401896 0.499873 0.000000
vt -1.306036 0.499873 0.000000
vt -1.210175 0.499873 0.000000
vt -1.114315 0.499873 0.000000
vt -0.992503 0.499873 0.000000
vt -0.870690 0.499873 0.000000
vt -0.809784 0.499873 0.000000
vt -0.748878 0.499873 0.000000
vt -0.748878 0.999746 0.000000
vt -0.809784 0.999746 0.000000
vt -0.870690 0.999746 0.000000
vt -0.992503 0.999746 0.000000
vt -1.114315 0.999746 0.000000
vt -1.210175 0.999746 0.000000
vt -1.306036 0.999746 0.000000
vt -1.401896 0.999746 0.000000
vt -1.497756 0.999746 0.000000
vt -1.593616 0.999746 0.000000
vt -1.689476 0.999746 0.000000
vt -1.785336 0.999746 0.000000
vt -1.833267 0.833122 0.000000
vt -1.785336 0.833122 0.000000
vt -1.689476 0.833122 0.000000
vt -1.593616 0.833122 0.000000
vt -1.497756 0.833122 0.000000
vt -1.401896 0.833122 0.000000
vt -1.306036 0.833122 0.000000
vt -1.210175 0.833122 0.000000
vt -1.114315 0.833122 0.000000
vt -0.992503 0.833122 0.000000
vt -0.870690 0.833122 0.000000
vt -0.809784 0.833122 0.000000
vt -0.748878 0.833122 0.000000
vt -0.748878 1.332995 0.000000
vt -0.809784 1.332995 0.000000
vt -0.870690 1.332995 0.000000
vt -0.992503 1.332995 0.000000
vt -1.114315 1.332995 0.000000
vt -1.210175 1.332995 0.000000
vt -1.306036 1.332995 0.000000
vt -1.401896 1.332995 0.000000
vt -1.497756 1.332995 0.000000
vt -1.593616 1.332995 0.000000
vt -1.689476 1.332995 0.000000
vt -1.785336 1.332995 0.000000
vt -1.833267 1.332995 0.000000
vt -1.785336 1.166370 0.000000
vt -1.689476 1.166370 0.000000
vt -1.593616 1.166370 0.000000
vt -1.497756 1.166370 0.000000
vt -1.401896 1.166370 0.000000
vt -1.306036 1.166370 0.000000
vt -1.210175 1.166370 0.000000
vt -1.114315 1.166370 0.000000
vt -0.992503 1.166370 0.000000
vt -0.870690 1.166370 0.000000
vt -0.809784 1.166370 0.000000
vt -0.748878 1.166370 0.000000
vt -0.687972 1.166370 0.000000
vt -0.748878 1.666243 0.000000
vt -0.809784 1.666243 0.000000
vt -0.870690 1.666243 0.000000
vt -0.992503 1.666243 0.000000
vt -1.114315 1.666243 0.000000
vt -1.210175 1.666243 0.000000
vt -1.306036 1.666243 0.000000
vt -1.401896 1.666243 0.000000
vt -1.497756 1.666243 0.000000
vt -1.593616 1.666243 0.000000
vt -1.689476 1.666243 0.000000
vt -1.785336 1.666243 0.000000
vt -1.833267 1.499619 0.000000
vt -1.785336 1.499619 0.000000
vt -1.689476 1.499619 0.000000
vt -1.593616 1.499619 0.000000
vt -1.497756 1.499619 0.000000
vt -1.401896 1.499619 0.000000
vt -1.306036 1.499619 0.000000
vt -1.210175 1.499619 0.000000
vt -1.114315 1.499619 0.000000
vt -0.992503 1.499619 0.000000
vt -0.870690 1.499619 0.000000
vt -0.809784 1.499619 0.000000
vt -0.748878 1.499619 0.000000
vt -0.687972 1.499619 0.000000
vt -0.687972 1.999492 0.000000
vt -0.748878 1.999492 0.000000
vt -0.809784 1.999492 0.000000
vt -0.870690 1.999492 0.000000
vt -0.992503 1.999492 0.000000
vt -1.114315 1.999492 0.000000
vt -1.210175 1.999492 0.000000
vt -1.306036 1.999492 0.000000
vt -1.401896 1.999492 0.000000
vt -1.497756 1.999492 0.000000
vt -1.593616 1.999492 0.000000
vt -1.689476 1.999492 0.000000
vt -1.785336 1.999492 0.000000
vt -1.833267 1.999492 0.000000
vt -1.833267 1.832867 0.000000
vt -1.785336 1.832867 0.000000
vt -1.689476 1.832867 0.000000
vt -1.593616 1.832867 0.000000
vt -1.497756 1.832867 0.000000
vt -1.401896 1.832867 0.000000
vt -1.306036 1.832867 0.000000
vt -1.210175 1.832867 0.000000
vt -1.114315 1.832867 0.000000
vt -0.992503 1.832867 0.000000
vt -0.870690 1.832867 0.000000
vt -0.809784 1.832867 0.000000
vt -0.748878 1.832867 0.000000
vt -0.687972 1.832867 0.000000
vt -0.687972 2.166116 0.000000
vt -0.748878 2.166116 0.000000
vt -0.809784 2.166116 0.000000
vt -0.870690 2.166116 0.000000
vt -0.992503 2.166116 0.000000
vt -1.114315 2.166116 0.000000
vt -1.210175 2.166116 0.000000
vt -1.306036 2.166116 0.000000
vt -1.401896 2.166116 0.000000
vt -1.497756 2.166116 0.000000
vt -1.593616 2.166116 0.000000
vt -1.689476 2.166116 0.000000
vt -1.785336 2.166116 0.000000
vt -1.833267 2.166116 0.000000
vt -0.687972 2.499365 0.000000
vt -0.748878 2.499365 0.000000
vt -0.809784 2.499365 0.000000
vt -0.870690 2.499365 0.000000
vt -0.992503 2.499365 0.000000
vt -1.114315 2.499365 0.000000
vt -1.210175 2.499365 0.000000
vt -1.306036 2.499365 0.000000
vt -1.401896 2.499365 0.000000
vt -1.497756 2.499365 0.000000
vt -1.593616 2.499365 0.000000
vt -1.689476 2.499365 0.000000
vt -1.785336 2.499365 0.000000
vt -1.785336 2.332740 0.000000
vt -1.689476 2.332740 0.000000
vt -1.593616 2.332740 0.000000
vt -1.497756 2.332740 0.000000
vt -1.401896 2.332740 0.000000
vt -1.306036 2.332740 0.000000
vt -1.210175 2.332740 0.000000
vt -1.114315 2.332740 0.000000
vt -0.992503 2.332740 0.000000
vt -0.870690 2.332740 0.000000
vt -0.809784 2.332740 0.000000
vt -0.748878 2.332740 0.000000
vt -0.687972 2.832613 0.000000
vt -0.748878 2.832613 0.000000
vt -0.809784 2.832613 0.000000
vt -0.870690 2.832613 0.000000
vt -0.992503 2.832613 0.000000
vt -1.114315 2.832613 0.000000
vt -1.210175 2.832613 0.000000
vt -1.306036 2.832613 0.000000
vt -1.401896 2.832613 0.000000
vt -1.497756 2.832613 0.000000
vt -1.593616 2.832613 0.000000
vt -1.689476 2.832613 0.000000
vt -1.785336 2.832613 0.000000
vt -1.833267 2.832613 0.000000
vt -1.833267 2.665989 0.000000
vt -1.785336 2.665989 0.000000
vt -1.689476 2.665989 0.000000
vt -1.593616 2.665989 0.000000
vt -1.497756 2.665989 0.000000
vt -1.401896 2.665989 0.000000
vt -1.306036 2.665989 0.000000
vt -1.210175 2.665989 0.000000
vt -1.114315 2.665989 0.000000
vt -0.992503 2.665989 0.000000
vt -0.870690 2.665989 0.000000
vt -0.809784 2.665989 0.000000
vt -0.748878 2.665989 0.000000
vt -0.748878 3.165862 0.000000
vt -0.809784 3.165862 0.000000
vt -0.870690 3.165862 0.000000
vt -0.992503 3.165862 0.000000
vt -1.114315 3.165862 0.000000
vt -1.210175 3.165862 0.000000
vt -1.306036 3.165862 0.000000
vt -1.401896 3.165862 0.000000
vt -1.497756 3.165862 0.000000
vt -1.593616 3.165862 0.000000
vt -1.689476 3.165862 0.000000
vt -1.785336 3.165862 0.000000
vt -1.833267 2.999238 0.000000
vt -1.785336 2.999238 0.000000
vt -1.689476 2.999238 0.000000
vt -1.593616 2.999238 0.000000
vt -1.497756 2.999238 0.000000
vt -1.401896 2.999238 0.000000
vt -1.306036 2.999238 0.000000
vt -1.210175 2.999238 0.000000
vt -1.114315 2.999238 0.000000
vt -0.992503 2.999238 0.000000
vt -0.870690 2.999238 0.000000
vt -0.809784 2.999238 0.000000
vt -0.748878 2.999238 0.000000
vt -0.748878 3.499111 0.000000
vt -0.809784 3.499111 0.000000
vt -0.870690 3.499111 0.000000
vt -0.992503 3.499111 0.000000
vt -1.114315 3.499111 0.000000
vt -1.210175 3.499111 0.000000
vt -1.306036 3.499111 0.000000
vt -1.401896 3.499111 0.000000
vt -1.497756 3.499111 0.000000
vt -1.593616 3.499111 0.000000
vt -1.689476 3.499111 0.000000
vt -1.785336 3.499111 0.000000
vt -1.833267 3.499111 0.000000
vt -1.833267 3.332486 0.000000
vt -1.785336 3.332486 0.000000
vt -1.689476 3.332486 0.000000
vt -1.593616 3.332486 0.000000
vt -1.497756 3.332486 0.000000
vt -1.401896 3.332486 0.000000
vt -1.306036 3.332486 0.000000
vt -1.210175 3.332486 0.000000
vt -1.114315 3.332486 0.000000
vt -0.992503 3.332486 0.000000
vt -0.870690 3.332486 0.000000
vt -0.809784 3.332486 0.000000
vt -0.748878 3.332486 0.000000
vt -0.687972 3.332486 0.000000
vt -0.748878 3.832359 0.000000
vt -0.809784 3.832359 0.000000
vt -0.870690 3.832359 0.000000
vt -0.992503 3.832359 0.000000
vt -1.114315 3.832359 0.000000
vt -1.210175 3.832359 0.000000
vt -1.306036 3.832359 0.000000
vt -1.401896 3.832359 0.000000
vt -1.497756 3.832359 0.000000
vt -1.593616 3.832359 0.000000
vt -1.689476 3.832359 0.000000
vt -1.785336 3.832359 0.000000
vt -1.785336 3.665735 0.000000
vt -1.689476 3.665735 0.000000
vt -1.593616 3.665735 0.000000
vt -1.497756 3.665735 0.000000
vt -1.401896 3.665735 0.000000
vt -1.306036 3.665735 0.000000
vt -1.210175 3.665735 0.000000
vt -1.114315 3.665735 0.000000
vt -0.992503 3.665735 0.000000
vt -0.870690 3.665735 0.000000
vt -0.809784 3.665735 0.000000
vt -0.748878 3.665735 0.000000
vt -0.687972 3.665735 0.000000
vt -0.687972 4.165608 0.000000
vt -0.748878 4.165608 0.000000
vt -0.809784 4.165608 0.000000
vt -0.870690 4.165608 0.000000
vt -0.992503 4.165608 0.000000
vt -1.114315 4.165608 0.000000
vt -1.210175 4.165608 0.000000
vt -1.306036 4.165608 0.000000
vt -1.401896 4.165608 0.000000
vt -1.497756 4.165608 0.000000
vt -1.593616 4.165608 0.000000
vt -1.689476 4.165608 0.000000
vt -1.785336 4.165608 0.000000
vt -1.833267 4.165608 0.000000
vt -1.833267 3.998984 0.000000
vt -1.785336 3.998984 0.000000
vt -1.689476 3.998984 0.000000
vt -1.593616 3.998984 0.000000
vt -1.497756 3.998984 0.000000
vt -1.401896 3.998984 0.000000
vt -1.306036 3.998984 0.000000
vt -1.210175 3.998984 0.000000
vt -1.114315 3.998984 0.000000
vt -0.992503 3.998984 0.000000
vt -0.870690 3.998984 0.000000
vt -0.809784 3.998984 0.000000
vt -0.748878 3.998984 0.000000
vt -0.687972 3.998984 0.000000
vt -0.687972 4.332232 0.000000
vt -0.748878 4.332232 0.000000
vt -0.809784 4.332232 0.000000
vt -0.870690 4.332232 0.000000
vt -0.992503 4.332232 0.000000
vt -1.114315 4.332232 0.000000
vt -1.210175 4.332232 0.000000
vt -1.306036 4.332232 0.000000
vt -1.401896 4.332232 0.000000
vt -1.497756 4.332232 0.000000
vt -1.593616 4.332232 0.000000
vt -1.689476 4.332232 0.000000
vt -1.785336 4.332232 0.000000
vt -1.833267 4.332232 0.000000
vt -0.687972 4.665481 0.000000
vt -0.748878 4.665481 0.000000
vt -0.809784 4.665481 0.000000
vt -0.870690 4.665481 0.000000
vt -0.992503 4.665481 0.000000
vt -1.114315 4.665481 0.000000
vt -1.210175 4.665481 0.000000
vt -1.306036 4.665481 0.000000
vt -1.401896 4.665481 0.000000
vt -1.497756 4.665481 0.000000
vt -1.593616 4.665481 0.000000
vt -1.689476 4.665481 0.000000
vt -1.785336 4.665481 0.000000
vt -1.833267 4.665481 0.000000
vt -1.785336 4.498857 0.000000
vt -1.689476 4.498857 0.000000
vt -1.593616 4.498857 0.000000
vt -1.497756 4.498857 0.000000
vt -1.401896 4.498857 0.000000
vt -1.306036 4.498857 0.000000
vt -1.210175 4.498857 0.000000
vt -1.114315 4.498857 0.000000
vt -0.992503 4.498857 0.000000
vt -0.870690 4.498857 0.000000
vt -0.809784 4.498857 0.000000
vt -0.748878 4.498857 0.000000
vt -0.687972 4.998730 0.000000
vt -0.748878 4.998730 0.000000
vt -0.809784 4.998730 0.000000
vt -0.870690 4.998730 0.000000
vt -0.992503 4.998730 0.000000
vt -1.114315 4.998730 0.000000
vt -1.210175 4.998730 0.000000
vt -1.306036 4.998730 0.000000
vt -1.401896 4.998730 0.000000
vt -1.497756 4.998730 0.000000
vt -1.593616 4.998730 0.000000
vt -1.689476 4.998730 0.000000
vt -1.785336 4.998730 0.000000
vt -1.833267 4.832106 0.000000
vt -1.785336 4.832106 0.000000
vt -1.689476 4.832106 0.000000
vt -1.593616 4.832106 0.000000
vt -1.497756 4.832106 0.000000
vt -1.401896 4.832106 0.000000
vt -1.306036 4.832106 0.000000
vt -1.210175 4.832106 0.000000
vt -1.114315 4.832106 0.000000
vt -0.992503 4.832106 0.000000
vt -0.870690 4.832106 0.000000
vt -0.809784 4.832106 0.000000
vt -0.748878 4.832106 0.000000
vt -0.748878 5.331978 0.000000
vt -0.809784 5.331978 0.000000
vt -0.870690 5.331978 0.000000
vt -0.992503 5.331978 0.000000
vt -1.114315 5.331978 0.000000
vt -1.210175 5.331978 0.000000
vt -1.306036 5.331978 0.000000
vt -1.401896 5.331978 0.000000
vt -1.497756 5.331978 0.000000
vt -1.593616 5.331978 0.000000
vt -1.689476 5.331978 0.000000
vt -1.785336 5.331978 0.000000
vt -1.833267 5.331978 0.000000
vt -1.785336 5.165354 0.000000
vt -1.689476 5.165354 0.000000
vt -1.593616 5.165354 0.000000
vt -1.497756 5.165354 0.000000
vt -1.401896 5.165354 0.000000
vt -1.306036 5.165354 0.000000
vt -1.210175 5.165354 0.000000
vt -1.114315 5.165354 0.000000
vt -0.992503 5.165354 0.000000
vt -0.870690 5.165354 0.000000
vt -0.809784 5.165354 0.000000
vt -0.748878 5.165354 0.000000
vt -0.687972 5.702254 0.000000
vt -0.748878 5.702254 0.000000
vt -0.809784 5.702254 0.000000
vt -0.870690 5.702254 0.000000
vt -0.992503 5.702254 0.000000
vt -1.114315 5.702254 0.000000
vt -1.210175 5.702254 0.000000
vt -1.306036 5.702254 0.000000
vt -1.401896 5.702254 0.000000
vt -1.497756 5.702254 0.000000
vt -1.593616 5.702254 0.000000
vt -1.689476 5.702254 0.000000
vt -1.785336 5.702254 0.000000
vt -1.833267 5.517117 0.000000
vt -1.785336 5.517117 0.000000
vt -1.689476 5.517117 0.000000
vt -1.593616 5.517117 0.000000
vt -1.497756 5.517117 0.000000
vt -1.401896 5.517117 0.000000
vt -1.306036 5.517117 0.000000
vt -1.210175 5.517117 0.000000
vt -1.114315 5.517117 0.000000
vt -0.992503 5.517117 0.000000
vt -0.870690 5.517117 0.000000
vt -0.809784 5.517117 0.000000
vt -0.748878 5.517117 0.000000
vt -0.687972 5.517117 0.000000
vt -0.687972 5.887392 0.000000
vt -0.748878 5.887392 0.000000
vt -0.809784 5.887392 0.000000
vt -0.870690 5.887392 0.000000
vt -0.992503 5.887392 0.000000
vt -1.114315 5.887392 0.000000
vt -1.210175 5.887392 0.000000
vt -1.306036 5.887392 0.000000
vt -1.401896 5.887392 0.000000
vt -1.497756 5.887392 0.000000
vt -1.593616 5.887392 0.000000
vt -1.689476 5.887392 0.000000
vt -1.785336 5.887392 0.000000
vt -1.833267 5.887392 0.000000
vt -0.748878 6.257669 0.000000
vt -0.809784 6.257669 0.000000
vt -0.870690 6.257669 0.000000
vt -0.992503 6.257669 0.000000
vt -1.114315 6.257669 0.000000
vt -1.210175 6.257669 0.000000
vt -1.306036 6.257669 0.000000
vt -1.401896 6.257669 0.000000
vt -1.497756 6.257669 0.000000
vt -1.593616 6.257669 0.000000
vt -1.689476 6.257669 0.000000
vt -1.785336 6.257669 0.000000
vt -1.833267 6.257669 0.000000
vt -1.833267 6.072531 0.000000
vt -1.785336 6.072531 0.000000
vt -1.689476 6.072531 0.000000
vt -1.593616 6.072531 0.000000
vt -1.497756 6.072531 0.000000
vt -1.401896 6.072531 0.000000
vt -1.306036 6.072531 0.000000
vt -1.210175 6.072531 0.000000
vt -1.114315 6.072531 0.000000
vt -0.992503 6.072531 0.000000
vt -0.870690 6.072531 0.000000
vt -0.809784 6.072531 0.000000
vt -0.748878 6.072531 0.000000
vt -0.687972 6.627945 0.000000
vt -0.748878 6.627945 0.000000
vt -0.809784 6.627945 0.000000
vt -0.870690 6.627945 0.000000
vt -0.992503 6.627945 0.000000
vt -1.114315 6.627945 0.000000
vt -1.210175 6.627945 0.000000
vt -1.306036 6.627945 0.000000
vt -1.401896 6.627945 0.000000
vt -1.497756 6.627945 0.000000
vt -1.593616 6.627945 0.000000
vt -1.689476 6.627945 0.000000
vt -1.785336 6.627945 0.000000
vt -1.833267 6.442807 0.000000
vt -1.785336 6.442807 0.000000
vt -1.689476 6.442807 0.000000
vt -1.593616 6.442807 0.000000
vt -1.497756 6.442807 0.000000
vt -1.401896 6.442807 0.000000
vt -1.306036 6.442807 0.000000
vt -1.210175 6.442807 0.000000
vt -1.114315 6.442807 0.000000
vt -0.992503 6.442807 0.000000
vt -0.870690 6.442807 0.000000
vt -0.809784 6.442807 0.000000
vt -0.748878 6.442807 0.000000
vt -0.687972 6.442807 0.000000
vt -0.687972 6.813084 0.000000
vt -0.748878 6.813084 0.000000
vt -0.809784 6.813084 0.000000
vt -0.870690 6.813084 0.000000
vt -0.992503 6.813084 0.000000
vt -1.114315 6.813084 0.000000
vt -1.210175 6.813084 0.000000
vt -1.306036 6.813084 0.000000
vt -1.401896 6.813084 0.000000
vt -1.497756 6.813084 0.000000
vt -1.593616 6.813084 0.000000
vt -1.689476 6.813084 0.000000
vt -1.785336 6.813084 0.000000
vt -1.833267 6.813084 0.000000
vt -0.748878 7.183359 0.000000
vt -0.809784 7.183359 0.000000
vt -0.870690 7.183359 0.000000
vt -0.992503 7.183359 0.000000
vt -1.114315 7.183359 0.000000
vt -1.210175 7.183359 0.000000
vt -1.306036 7.183359 0.000000
vt -1.401896 7.183359 0.000000
vt -1.497756 7.183359 0.000000
vt -1.593616 7.183359 0.000000
vt -1.689476 7.183359 0.000000
vt -1.785336 7.183359 0.000000
vt -1.833267 6.998221 0.000000
vt -1.785336 6.998221 0.000000
vt -1.689476 6.998221 0.000000
vt -1.593616 6.998221 0.000000
vt -1.497756 6.998221 0.000000
vt -1.401896 6.998221 0.000000
vt -1.306036 6.998221 0.000000
vt -1.210175 6.998221 0.000000
vt -1.114315 6.998221 0.000000
vt -0.992503 6.998221 0.000000
vt -0.870690 6.998221 0.000000
vt -0.809784 6.998221 0.000000
vt -0.748878 6.998221 0.000000
vt -0.687972 7.553636 0.000000
vt -0.748878 7.553636 0.000000
vt -0.809784 7.553636 0.000000
vt -0.870690 7.553636 0.000000
vt -0.992503 7.553636 0.000000
vt -1.114315 7.553636 0.000000
vt -1.210175 7.553636 0.000000
vt -1.306036 7.553636 0.000000
vt -1.401896 7.553636 0.000000
vt -1.497756 7.553636 0.000000
vt -1.593616 7.553636 0.000000
vt -1.689476 7.553636 0.000000
vt -1.785336 7.553636 0.000000
vt -1.833267 7.368498 0.000000
vt -1.785336 7.368498 0.000000
vt -1.689476 7.368498 0.000000
vt -1.593616 7.368498 0.000000
vt -1.497756 7.368498 0.000000
vt -1.401896 7.368498 0.000000
vt -1.306036 7.368498 0.000000
vt -1.210175 7.368498 0.000000
vt -1.114315 7.368498 0.000000
vt -0.992503 7.368498 0.000000
vt -0.870690 7.368498 0.000000
vt -0.809784 7.368498 0.000000
vt -0.748878 7.368498 0.000000
vt -0.687972 7.368498 0.000000
vt -0.687972 7.738774 0.000000
vt -0.748878 7.738774 0.000000
vt -0.809784 7.738774 0.000000
vt -0.870690 7.738774 0.000000
vt -0.992503 7.738774 0.000000
vt -1.114315 7.738774 0.000000
vt -1.210175 7.738774 0.000000
vt -1.306036 7.738774 0.000000
vt -1.401896 7.738774 0.000000
vt -1.497756 7.738774 0.000000
vt -1.593616 7.738774 0.000000
vt -1.689476 7.738774 0.000000
vt -1.785336 7.738774 0.000000
vt -1.833267 7.738774 0.000000
vt -0.748878 8.109050 0.000000
vt -0.809784 8.109050 0.000000
vt -0.870690 8.109050 0.000000
vt -0.992503 8.109050 0.000000
vt -1.114315 8.109050 0.000000
vt -1.210175 8.109050 0.000000
vt -1.306036 8.109050 0.000000
vt -1.401896 8.109050 0.000000
vt -1.497756 8.109050 0.000000
vt -1.593616 8.109050 0.000000
vt -1.689476 8.109050 0.000000
vt -1.785336 8.109050 0.000000
vt -1.833267 7.923912 0.000000
vt -1.785336 7.923912 0.000000
vt -1.689476 7.923912 0.000000
vt -1.593616 7.923912 0.000000
vt -1.497756 7.923912 0.000000
vt -1.401896 7.923912 0.000000
vt -1.306036 7.923912 0.000000
vt -1.210175 7.923912 0.000000
vt -1.114315 7.923912 0.000000
vt -0.992503 7.923912 0.000000
vt -0.870690 7.923912 0.000000
vt -0.809784 7.923912 0.000000
vt -0.748878 7.923912 0.000000
vt -0.687972 8.479327 0.000000
vt -0.748878 8.479327 0.000000
vt -0.809784 8.479327 0.000000
vt -0.870690 8.479327 0.000000
vt -0.992503 8.479327 0.000000
vt -1.114315 8.479327 0.000000
vt -1.210175 8.479327 0.000000
vt -1.306036 8.479327 0.000000
vt -1.401896 8.479327 0.000000
vt -1.497756 8.479327 0.000000
vt -1.593616 8.479327 0.000000
vt -1.689476 8.479327 0.000000
vt -1.785336 8.479327 0.000000
vt -1.833267 8.479327 0.000000
vt -1.833267 8.294188 0.000000
vt -1.785336 8.294188 0.000000
vt -1.689476 8.294188 0.000000
vt -1.593616 8.294188 0.000000
vt -1.497756 8.294188 0.000000
vt -1.401896 8.294188 0.000000
vt -1.306036 8.294188 0.000000
vt -1.210175 8.294188 0.000000
vt -1.114315 8.294188 0.000000
vt -0.992503 8.294188 0.000000
vt -0.870690 8.294188 0.000000
vt -0.809784 8.294188 0.000000
vt -0.748878 8.294188 0.000000
vt -0.687972 8.294188 0.000000
vt -0.687972 8.664464 0.000000
vt -0.748878 8.664464 0.000000
vt -0.809784 8.664464 0.000000
vt -0.870690 8.664464 0.000000
vt -0.992503 8.664464 0.000000
vt -1.114315 8.664464 0.000000
vt -1.210175 8.664464 0.000000
vt -1.306036 8.664464 0.000000
vt -1.401896 8.664464 0.000000
vt -1.497756 8.664464 0.000000
vt -1.593616 8.664464 0.000000
vt -1.689476 8.664464 0.000000
vt -1.785336 8.664464 0.000000
vt -0.748878 9.034741 0.000000
vt -0.809784 9.034741 0.000000
vt -0.870690 9.034741 0.000000
vt -0.992503 9.034741 0.000000
vt -1.114315 9.034741 0.000000
vt -1.210175 9.034741 0.000000
vt -1.306036 9.034741 0.000000
vt -1.401896 9.034741 0.000000
vt -1.497756 9.034741 0.000000
vt -1.593616 9.034741 0.000000
vt -1.689476 9.034741 0.000000
vt -1.785336 9.034741 0.000000
vt -1.833267 9.034741 0.000000
vt -1.833267 8.849603 0.000000
vt -1.785336 8.849603 0.000000
vt -1.689476 8.849603 0.000000
vt -1.593616 8.849603 0.000000
vt -1.497756 8.849603 0.000000
vt -1.401896 8.849603 0.000000
vt -1.306036 8.849603 0.000000
vt -1.210175 8.849603 0.000000
vt -1.114315 8.849603 0.000000
vt -0.992503 8.849603 0.000000
vt -0.870690 8.849603 0.000000
vt -0.809784 8.849603 0.000000
vt -0.748878 8.849603 0.000000
vt -0.687972 9.405017 0.000000
vt -0.748878 9.405017 0.000000
vt -0.809784 9.405017 0.000000
vt -0.870690 9.405017 0.000000
vt -0.992503 9.405017 0.000000
vt -1.114315 9.405017 0.000000
vt -1.210175 9.405017 0.000000
vt -1.306036 9.405017 0.000000
vt -1.401896 9.405017 0.000000
vt -1.497756 9.405017 0.000000
vt -1.593616 9.405017 0.000000
vt -1.689476 9.405017 0.000000
vt -1.785336 9.405017 0.000000
vt -1.833267 9.405017 0.000000
vt -1.833267 9.219879 0.000000
vt -1.785336 9.219879 0.000000
vt -1.689476 9.219879 0.000000
vt -1.593616 9.219879 0.000000
vt -1.497756 9.219879 0.000000
vt -1.401896 9.219879 0.000000
vt -1.306036 9.219879 0.000000
vt -1.210175 9.219879 0.000000
vt -1.114315 9.219879 0.000000
vt -0.992503 9.219879 0.000000
vt -0.870690 9.219879 0.000000
vt -0.809784 9.219879 0.000000
vt -0.748878 9.219879 0.000000
vt -0.687972 9.219879 0.000000
vt -0.687972 9.590154 0.000000
vt -0.748878 9.590154 0.000000
vt -0.809784 9.590154 0.000000
vt -0.870690 9.590154 0.000000
vt -0.992503 9.590154 0.000000
vt -1.114315 9.590154 0.000000
vt -1.210175 9.590154 0.000000
vt -1.306036 9.590154 0.000000
vt -1.401896 9.590154 0.000000
vt -1.497756 9.590154 0.000000
vt -1.593616 9.590154 0.000000
vt -1.689476 9.590154 0.000000
vt -1.785336 9.590154 0.000000
vt -0.748878 9.960432 0.000000
vt -0.809784 9.960432 0.000000
vt -0.870690 9.960432 0.000000
vt -0.992503 9.960432 0.000000
vt -1.114315 9.960432 0.000000
vt -1.210175 9.960432 0.000000
vt -1.306036 9.960432 0.000000
vt -1.401896 9.960432 0.000000
vt -1.497756 9.960432 0.000000
vt -1.593616 9.960432 0.000000
vt -1.689476 9.960432 0.000000
vt -1.785336 9.960432 0.000000
vt -1.833267 9.960432 0.000000
vt -1.833267 9.775293 0.000000
vt -1.785336 9.775293 0.000000
vt -1.689476 9.775293 0.000000
vt -1.593616 9.775293 0.000000
vt -1.497756 9.775293 0.000000
vt -1.401896 9.775293 0.000000
vt -1.306036 9.775293 0.000000
vt -1.210175 9.775293 0.000000
vt -1.114315 9.775293 0.000000
vt -0.992503 9.775293 0.000000
vt -0.870690 9.775293 0.000000
vt -0.809784 9.775293 0.000000
vt -0.748878 9.775293 0.000000
vt -0.687972 10.330708 0.000000
vt -0.748878 10.330708 0.000000
vt -0.809784 10.330708 0.000000
vt -0.870690 10.330708 0.000000
vt -0.992503 10.330708 0.000000
vt -1.114315 10.330708 0.000000
vt -1.210175 10.330708 0.000000
vt -1.306036 10.330708 0.000000
vt -1.401896 10.330708 0.000000
vt -1.497756 10.330708 0.000000
vt -1.593616 10.330708 0.000000
vt -1.689476 10.330708 0.000000
vt -1.785336 10.330708 0.000000
vt -1.833267 10.330708 0.000000
vt -1.785336 10.145570 0.000000
vt -1.689476 10.145570 0.000000
vt -1.593616 10.145570 0.000000
vt -1.497756 10.145570 0.000000
vt -1.401896 10.145570 0.000000
vt -1.306036 10.145570 0.000000
vt -1.210175 10.145570 0.000000
vt -1.114315 10.145570 0.000000
vt -0.992503 10.145570 0.000000
vt -0.870690 10.145570 0.000000
vt -0.809784 10.145570 0.000000
vt -0.748878 10.145570 0.000000
vt -0.687972 10.145570 0.000000
vt -0.687972 10.515846 0.000000
vt -0.748878 10.515846 0.000000
vt -0.809784 10.515846 0.000000
vt -0.870690 10.515846 0.000000
vt -0.992503 10.515846 0.000000
vt -1.114315 10.515846 0.000000
vt -1.210175 10.515846 0.000000
vt -1.306036 10.515846 0.000000
vt -1.401896 10.515846 0.000000
vt -1.497756 10.515846 0.000000
vt -1.593616 10.515846 0.000000
vt -1.689476 10.515846 0.000000
vt -1.785336 10.515846 0.000000
vt -0.748878 10.886121 0.000000
vt -0.809784 10.886121 0.000000
vt -0.870690 10.886121 0.000000
vt -0.992503 10.886121 0.000000
vt -1.114315 10.886121 0.000000
vt -1.210175 10.886121 0.000000
vt -1.306036 10.886121 0.000000
vt -1.401896 10.886121 0.000000
vt -1.497756 10.886121 0.000000
vt -1.593616 10.886121 0.000000
vt -1.689476 10.886121 0.000000
vt -1.785336 10.886121 0.000000
vt -1.833267 10.886121 0.000000
vt -1.833267 10.700984 0.000000
vt -1.785336 10.700984 0.000000
vt -1.689476 10.700984 0.000000
vt -1.593616 10.700984 0.000000
vt -1.497756 10.700984 0.000000
vt -1.401896 10.700984 0.000000
vt -1.306036 10.700984 0.000000
vt -1.210175 10.700984 0.000000
vt -1.114315 10.700984 0.000000
vt -0.992503 10.700984 0.000000
vt -0.870690 10.700984 0.000000
vt -0.809784 10.700984 0.000000
vt -0.748878 10.700984 0.000000
vt -0.687972 11.256399 0.000000
vt -0.748878 11.256399 0.000000
vt -0.809784 11.256399 0.000000
vt -0.870690 11.256399 0.000000
vt -0.992503 11.256399 0.000000
vt -1.114315 11.256399 0.000000
vt -1.210175 11.256399 0.000000
vt -1.306036 11.256399 0.000000
vt -1.401896 11.256399 0.000000
vt -1.497756 11.256399 0.000000
vt -1.593616 11.256399 0.000000
vt -1.689476 11.256399 0.000000
vt -1.785336 11.256399 0.000000
vt -1.833267 11.256399 0.000000
vt -1.785336 11.071260 0.000000
vt -1.689476 11.071260 0.000000
vt -1.593616 11.071260 0.000000
vt -1.497756 11.071260 0.000000
vt -1.401896 11.071260 0.000000
vt -1.306036 11.071260 0.000000
vt -1.210175 11.071260 0.000000
vt -1.114315 11.071260 0.000000
vt -0.992503 11.071260 0.000000
vt -0.870690 11.071260 0.000000
vt -0.809784 11.071260 0.000000
vt -0.748878 11.071260 0.000000
vt -0.687972 11.071260 0.000000
vt -0.687972 11.441537 0.000000
vt -0.748878 11.441537 0.000000
vt -0.809784 11.441537 0.000000
vt -0.870690 11.441537 0.000000
vt -0.992503 11.441537 0.000000
vt -1.114315 11.441537 0.000000
vt -1.210175 11.441537 0.000000
vt -1.306036 11.441537 0.000000
vt -1.401896 11.441537 0.000000
vt -1.497756 11.441537 0.000000
vt -1.593616 11.441537 0.000000
vt -1.689476 11.441537 0.000000
vt -1.785336 11.441537 0.000000
vt -1.833267 11.441537 0.000000
vt -0.748878 11.811813 0.000000
vt -0.809784 11.811813 0.000000
vt -0.870690 11.811813 0.000000
vt -0.992503 11.811813 0.000000
vt -1.114315 11.811813 0.000000
vt -1.210175 11.811813 0.000000
vt -1.306036 11.811813 0.000000
vt -1.401896 11.811813 0.000000
vt -1.497756 11.811813 0.000000
vt -1.593616 11.811813 0.000000
vt -1.689476 11.811813 0.000000
vt -1.785336 11.811813 0.000000
vt -1.833267 11.811813 0.000000
vt -1.833267 11.626675 0.000000
vt -1.785336 11.626675 0.000000
vt -1.689476 11.626675 0.000000
vt -1.593616 11.626675 0.000000
vt -1.497756 11.626675 0.000000
vt -1.401896 11.626675 0.000000
vt -1.306036 11.626675 0.000000
vt -1.210175 11.626675 0.000000
vt -1.114315 11.626675 0.000000
vt -0.992503 11.626675 0.000000
vt -0.870690 11.626675 0.000000
vt -0.809784 11.626675 0.000000
vt -0.748878 11.626675 0.000000
vt -0.687972 12.182089 0.000000
vt -0.748878 12.182089 0.000000
vt -0.809784 12.182089 0.000000
vt -0.870690 12.182089 0.000000
vt -0.992503 12.182089 0.000000
vt -1.114315 12.182089 0.000000
vt -1.210175 12.182089 0.000000
vt -1.306036 12.182089 0.000000
vt -1.401896 12.182089 0.000000
vt -1.497756 12.182089 0.000000
vt -1.593616 12.182089 0.000000
vt -1.689476 12.182089 0.000000
vt -1.785336 12.182089 0.000000
vt -1.833267 12.182089 0.000000
vt -1.785336 11.996950 0.000000
vt -1.689476 11.996950 0.000000
vt -1.593616 11.996950 0.000000
vt -1.497756 11.996950 0.000000
vt -1.401896 11.996950 0.000000
vt -1.306036 11.996950 0.000000
vt -1.210175 11.996950 0.000000
vt -1.114315 11.996950 0.000000
vt -0.992503 11.996950 0.000000
vt -0.870690 11.996950 0.000000
vt -0.809784 11.996950 0.000000
vt -0.748878 11.996950 0.000000
vt -0.687972 11.996950 0.000000
vt -0.687972 12.367227 0.000000
vt -0.748878 12.367227 0.000000
vt -0.809784 12.367227 0.000000
vt -0.870690 12.367227 0.000000
vt -0.992503 12.367227 0.000000
vt -1.114315 12.367227 0.000000
vt -1.210175 12.367227 0.000000
vt -1.306036 12.367227 0.000000
vt -1.401896 12.367227 0.000000
vt -1.497756 12.367227 0.000000
vt -1.593616 12.367227 0.000000
vt -1.689476 12.367227 0.000000
vt -1.785336 12.367227 0.000000
vt -1.833267 12.367227 0.000000
vt -0.748878 12.737504 0.000000
vt -0.809784 12.737504 0.000000
vt -0.870690 12.737504 0.000000
vt -0.992503 12.737504 0.000000
vt -1.114315 12.737504 0.000000
vt -1.210175 12.737504 0.000000
vt -1.306036 12.737504 0.000000
vt -1.401896 12.737504 0.000000
vt -1.497756 12.737504 0.000000
vt -1.593616 12.737504 0.000000
vt -1.689476 12.737504 0.000000
vt -1.785336 12.737504 0.000000
vt -1.833267 12.737504 0.000000
vt -1.785336 12.552365 0.000000
vt -1.689476 12.552365 0.000000
vt -1.593616 12.552365 0.000000
vt -1.497756 12.552365 0.000000
vt -1.401896 12.552365 0.000000
vt -1.306036 12.552365 0.000000
vt -1.210175 12.552365 0.000000
vt -1.114315 12.552365 0.000000
vt -0.992503 12.552365 0.000000
vt -0.870690 12.552365 0.000000
vt -0.809784 12.552365 0.000000
vt -0.748878 12.552365 0.000000
vt -0.687972 13.107780 0.000000
vt -0.748878 13.107780 0.000000
vt -0.809784 13.107780 0.000000
vt -0.870690 13.107780 0.000000
vt -0.992503 13.107780 0.000000
vt -1.114315 13.107780 0.000000
vt -1.210175 13.107780 0.000000
vt -1.306036 13.107780 0.000000
vt -1.401896 13.107780 0.000000
vt -1.497756 13.107780 0.000000
vt -1.593616 13.107780 0.000000
vt -1.689476 13.107780 0.000000
vt -1.785336 13.107780 0.000000
vt -1.833267 13.107780 0.000000
vt -1.785336 12.922642 0.000000
vt -1.689476 12.922642 0.000000
vt -1.593616 12.922642 0.000000
vt -1.497756 12.922642 0.000000
vt -1.401896 12.922642 0.000000
vt -1.306036 12.922642 0.000000
vt -1.210175 12.922642 0.000000
vt -1.114315 12.922642 0.000000
vt -0.992503 12.922642 0.000000
vt -0.870690 12.922642 0.000000
vt -0.809784 12.922642 0.000000
vt -0.748878 12.922642 0.000000
vt -0.687972 12.922642 0.000000
vt -0.687972 13.478056 0.000000
vt -0.748878 13.478056 0.000000
vt -0.809784 13.478056 0.000000
vt -0.870690 13.478056 0.000000
vt -0.992503 13.478056 0.000000
vt -1.114315 13.478056 0.000000
vt -1.210175 13.478056 0.000000
vt -1.306036 13.478056 0.000000
vt -1.401896 13.478056 0.000000
vt -1.497756 13.478056 0.000000
vt -1.593616 13.478056 0.000000
vt -1.689476 13.478056 0.000000
vt -1.785336 13.478056 0.000000
vt -1.833267 13.292856 0.000000
vt -1.785336 13.292794 0.000000
vt -1.689476 13.292672 0.000000
vt -1.593616 13.292548 0.000000
vt -1.497756 13.292426 0.000000
vt -1.401896 13.292303 0.000000
vt -1.306036 13.292179 0.000000
vt -1.210175 13.292057 0.000000
vt -1.114315 13.291933 0.000000
vt -0.992503 13.291777 0.000000
vt -0.870690 13.291621 0.000000
vt -0.809784 13.291542 0.000000
vt -0.748878 13.291464 0.000000
vt -0.687972 13.291386 0.000000
vt -0.748878 13.663194 0.000000
vt -0.809784 13.663194 0.000000
vt -0.870690 13.663194 0.000000
vt -0.992503 13.663194 0.000000
vt -1.114315 13.663194 0.000000
vt -1.210175 13.663194 0.000000
vt -1.306036 13.663194 0.000000
vt -1.401896 13.663194 0.000000
vt -1.497756 13.663194 0.000000
vt -1.593616 13.663194 0.000000
vt -1.689476 13.663194 0.000000
vt -1.785336 13.663194 0.000000
vt -1.833267 13.663194 0.000000
vt -0.687972 14.033471 0.000000
vt -0.748878 14.033471 0.000000
vt -0.809784 14.033471 0.000000
vt -0.870690 14.033471 0.000000
vt -0.992503 14.033471 0.000000
vt -1.114315 14.033471 0.000000
vt -1.210175 14.033471 0.000000
vt -1.306036 14.033471 0.000000
vt -1.401896 14.033471 0.000000
vt -1.497756 14.033471 0.000000
vt -1.593616 14.033471 0.000000
vt -1.689476 14.033471 0.000000
vt -1.785336 14.033471 0.000000
vt -1.833267 14.033471 0.000000
vt -1.833267 13.848332 0.000000
vt -1.785336 13.848332 0.000000
vt -1.689476 13.848332 0.000000
vt -1.593616 13.848332 0.000000
vt -1.497756 13.848332 0.000000
vt -1.401896 13.848332 0.000000
vt -1.306036 13.848332 0.000000
vt -1.210175 13.848332 0.000000
vt -1.114315 13.848332 0.000000
vt -0.992503 13.848332 0.000000
vt -0.870690 13.848332 0.000000
vt -0.809784 13.848332 0.000000
vt -0.748878 13.848332 0.000000
vt -0.687972 13.848332 0.000000
vt -0.321946 0.000000 0.000000
vt -0.321946 -0.288529 0.000000
vt -0.321946 -0.577059 0.000000
vt -0.321946 -0.865588 0.000000
vt -0.321946 -1.154118 0.000000
vt -0.321946 -1.442648 0.000000
vt -0.321946 -1.731177 0.000000
vt -0.321946 -2.019706 0.000000
vt -0.321946 -2.308236 0.000000
vt -0.321946 -2.596765 0.000000
vt -0.321946 -2.885295 0.000000
vt -0.321946 -3.173825 0.000000
vt -0.321946 -3.462354 0.000000
vt -0.321946 -3.750883 0.000000
vt -0.321946 -4.039413 0.000000
vt -0.321946 -4.327943 0.000000
vt -0.321946 -4.616472 0.000000
vt -0.321946 -4.905001 0.000000
vt -0.321946 -5.193531 0.000000
vt -0.321946 -5.482060 0.000000
vt -0.321946 -5.770590 0.000000
vt -0.321946 -6.059119 0.000000
vt -0.321946 -6.347649 0.000000
vt -0.321946 -6.636178 0.000000
vt -0.321946 -6.924708 0.000000
vt -0.321946 -7.213237 0.000000
vt -0.321946 -7.501767 0.000000
vt -0.321946 7.501767 0.000000
vt -0.321946 7.213237 0.000000
vt -0.321946 6.924708 0.000000
vt -0.321946 6.636178 0.000000
vt -0.321946 6.347649 0.000000
vt -0.321946 6.059119 0.000000
vt -0.321946 5.770590 0.000000
vt -0.321946 5.482060 0.000000
vt -0.321946 5.193531 0.000000
vt -0.321946 4.905001 0.000000
vt -0.321946 4.616472 0.000000
vt -0.321946 4.327943 0.000000
vt -0.321946 4.039413 0.000000
vt -0.321946 3.750883 0.000000
vt -0.321946 3.462354 0.000000
vt -0.321946 3.173825 0.000000
vt -0.321946 2.885295 0.000000
vt -0.321946 2.596765 0.000000
vt -0.321946 2.308236 0.000000
vt -0.321946 2.019706 0.000000
vt -0.321946 1.731177 0.000000
vt -0.321946 1.442648 0.000000
vt -0.321946 1.154118 0.000000
vt -0.321946 0.865588 0.000000
vt -0.321946 0.577059 0.000000
vt -0.321946 0.288529 0.000000
vt 0.321946 0.000000 0.000000
vt 0.321946 0.288529 0.000000
vt 0.321946 0.577059 0.000000
vt 0.321946 0.865588 0.000000
vt 0.321946 1.154118 0.000000
vt 0.321946 1.442648 0.000000
vt 0.321946 1.731177 0.000000
vt 0.321946 2.019706 0.000000
vt 0.321946 2.308236 0.000000
vt 0.321946 2.596765 0.000000
vt 0.321946 2.885295 0.000000
vt 0.321946 3.173825 0.000000
vt 0.321946 3.462354 0.000000
vt 0.321946 3.750883 0.000000
vt 0.321946 4.039413 0.000000
vt 0.321946 4.327943 0.000000
vt 0.321946 4.616472 0.000000
vt 0.321946 4.905001 0.000000
vt 0.321946 5.193531 0.000000
vt 0.321946 5.482060 0.000000
vt 0.321946 5.770590 0.000000
vt 0.321946 6.059119 0.000000
vt 0.321946 6.347649 0.000000
vt 0.321946 6.636178 0.000000
vt 0.321946 6.924708 0.000000
vt 0.321946 7.213237 0.000000
vt 0.321946 -7.790296 0.000000
vt 0.321946 -7.501767 0.000000
vt 0.321946 -7.213237 0.000000
vt 0.321946 -6.924708 0.000000
vt 0.321946 -6.636178 0.000000
vt 0.321946 -6.347649 0.000000
vt 0.321946 -6.059119 0.000000
vt 0.321946 -5.770590 0.000000
vt 0.321946 -5.482060 0.000000
vt 0.321946 -5.193531 0.000000
vt 0.321946 -4.905001 0.000000
vt 0.321946 -4.616472 0.000000
vt 0.321946 -4.327943 0.000000
vt 0.321946 -4.039413 0.000000
vt 0.321946 -3.750883 0.000000
vt 0.321946 -3.462354 0.000000
vt 0.321946 -3.173825 0.000000
vt 0.321946 -2.885295 0.000000
vt 0.321946 -2.596765 0.000000
vt 0.321946 -2.308236 0.000000
vt 0.321946 -2.019706 0.000000
vt 0.321946 -1.731177 0.000000
vt 0.321946 -1.442648 0.000000
vt 0.321946 -1.154118 0.000000
vt 0.321946 -0.865588 0.000000
vt 0.321946 -0.577059 0.000000
vt 0.321946 -0.288529 0.000000
vt -0.321946 -7.790297 0.000000
vt -0.321946 -7.790297 0.000000
vt 0.321946 7.501767 0.000000
vt 0.321946 7.501767 0.000000
vt -1.267509 6.843812 0.000000
vt -1.267509 6.525494 0.000000
vt -1.267509 6.207178 0.000000
vt -1.267509 5.888861 0.000000
vt -1.267509 5.570544 0.000000
vt -1.267509 5.252228 0.000000
vt -1.267509 4.933911 0.000000
vt -1.267509 4.615594 0.000000
vt -1.267509 4.297277 0.000000
vt -1.267509 3.978960 0.000000
vt -1.267509 3.660643 0.000000
vt -1.267509 3.342327 0.000000
vt -1.267509 3.024010 0.000000
vt -1.267509 2.705693 0.000000
vt -1.267509 2.387376 0.000000
vt -1.267509 2.069059 0.000000
vt -1.267509 1.750742 0.000000
vt -1.267509 1.432426 0.000000
vt -1.267509 1.114109 0.000000
vt -1.267509 0.795792 0.000000
vt -1.267509 0.477475 0.000000
vt -1.267509 0.159158 0.000000
vt -1.267509 -0.159158 0.000000
vt -1.267509 -0.477475 0.000000
vt -1.267509 -0.795792 0.000000
vt -1.267509 -1.114109 0.000000
vt -1.267509 -1.432426 0.000000
vt -1.267509 -1.750742 0.000000
vt -1.267509 -2.069059 0.000000
vt -1.267509 -2.387376 0.000000
vt -1.267509 -2.705693 0.000000
vt -1.267509 -3.024010 0.000000
vt -1.267509 -3.342327 0.000000
vt -1.267509 -3.660643 0.000000
vt -1.267509 -3.978960 0.000000
vt -1.267509 -4.297277 0.000000
vt -1.267509 -4.615594 0.000000
vt -1.267509 -4.933911 0.000000
vt -1.267509 -5.252228 0.000000
vt -1.267509 -5.570544 0.000000
vt -1.267509 -5.888861 0.000000
vt -1.267509 -6.207178 0.000000
vt -1.267509 -6.525494 0.000000
vt -0.058770 -6.843812 0.000000
vt -0.058770 -6.585554 0.000000
vt -0.058770 -6.327297 0.000000
vt -0.058770 -6.069040 0.000000
vt -0.058770 -5.810783 0.000000
vt -0.058770 -5.552526 0.000000
vt -0.058770 -5.294269 0.000000
vt -0.058770 -5.036012 0.000000
vt -0.058770 -4.777755 0.000000
vt -0.058770 -4.519498 0.000000
vt -0.058770 -4.261241 0.000000
vt -0.058770 -4.002984 0.000000
vt -0.058770 -3.744727 0.000000
vt -0.058770 -3.486470 0.000000
vt -0.058770 -3.228213 0.000000
vt -0.058770 -2.969956 0.000000
vt -0.058770 -2.711699 0.000000
vt -0.058770 -2.453442 0.000000
vt -0.058770 -2.195185 0.000000
vt -0.058770 -1.936928 0.000000
vt -0.058770 -1.678671 0.000000
vt -0.058770 -1.420414 0.000000
vt -0.058770 -1.162157 0.000000
vt -0.058770 -0.903900 0.000000
vt -0.058770 -0.645643 0.000000
vt -0.058770 -0.387386 0.000000
vt -0.058770 -0.129129 0.000000
vt -0.058770 0.129129 0.000000
vt -0.058770 0.387386 0.000000
vt -0.058770 0.645643 0.000000
vt -0.058770 0.903900 0.000000
vt -0.058770 1.162157 0.000000
vt -0.058770 1.420414 0.000000
vt -0.058770 1.678671 0.000000
vt -0.058770 1.936928 0.000000
vt -0.058770 2.195185 0.000000
vt -0.058770 2.453442 0.000000
vt -0.058770 2.711699 0.000000
vt -0.058770 2.969956 0.000000
vt -0.058770 3.228213 0.000000
vt -0.058770 3.486470 0.000000
vt -0.058770 3.744727 0.000000
vt -0.058770 4.002984 0.000000
vt -0.058770 4.261241 0.000000
vt -0.058770 4.519498 0.000000
vt -0.058770 4.777755 0.000000
vt -0.058770 5.036012 0.000000
vt -0.058770 5.294269 0.000000
vt -0.058770 5.552526 0.000000
vt -0.058770 5.810783 0.000000
vt -0.058770 6.069040 0.000000
vt -0.058770 6.327297 0.000000
vt -0.058770 6.585554 0.000000
vt -1.116417 -6.843812 0.000000
vt -0.965324 -6.843812 0.000000
vt -0.814232 -6.843812 0.000000
vt -0.663139 -6.843812 0.000000
vt -0.512047 -6.843812 0.000000
vt -0.360955 -6.843812 0.000000
vt -0.209862 -6.843812 0.000000
vt -1.116417 -5.294269 0.000000
vt -1.116417 -4.261241 0.000000
vt -1.116417 -2.969956 0.000000
vt -1.116417 -1.162157 0.000000
vt -1.116417 0.129129 0.000000
vt -1.116417 1.162157 0.000000
vt -1.116417 2.969956 0.000000
vt -1.116417 4.261241 0.000000
vt -1.116417 5.294269 0.000000
vt -1.116417 6.585554 0.000000
vt -0.965324 6.585554 0.000000
vt -0.814232 6.585554 0.000000
vt -0.663139 6.585554 0.000000
vt -0.512047 6.585554 0.000000
vt -0.360955 6.585554 0.000000
vt -0.209862 6.585554 0.000000
vt -1.116417 6.327297 0.000000
vt -0.965324 6.327297 0.000000
vt -0.814232 6.327297 0.000000
vt -0.663139 6.327297 0.000000
vt -0.512047 6.327297 0.000000
vt -0.360955 6.327297 0.000000
vt -0.209862 6.327297 0.000000
vt -1.116417 6.069040 0.000000
vt -0.965324 6.069040 0.000000
vt -0.814232 6.069040 0.000000
vt -0.663139 6.069040 0.000000
vt -0.512047 6.069040 0.000000
vt -0.360955 6.069040 0.000000
vt -0.209862 6.069040 0.000000
vt -1.116417 5.810783 0.000000
vt -0.965324 5.810783 0.000000
vt -0.814232 5.810783 0.000000
vt -0.663139 5.810783 0.000000
vt -0.512047 5.810783 0.000000
vt -0.360955 5.810783 0.000000
vt -0.209862 5.810783 0.000000
vt -1.116417 5.552526 0.000000
vt -0.965324 5.552526 0.000000
vt -0.814232 5.552526 0.000000
vt -0.663139 5.552526 0.000000
vt -0.512047 5.552526 0.000000
vt -0.360955 5.552526 0.000000
vt -0.209862 5.552526 0.000000
vt -1.116417 5.036012 0.000000
vt -0.965324 5.036012 0.000000
vt -0.814232 5.036012 0.000000
vt -0.663139 5.036012 0.000000
vt -0.512047 5.036012 0.000000
vt -0.360955 5.036012 0.000000
vt -0.209862 5.036012 0.000000
vt -0.209862 5.294269 0.000000
vt -0.360955 5.294269 0.000000
vt -0.512047 5.294269 0.000000
vt -0.663139 5.294269 0.000000
vt -0.814232 5.294269 0.000000
vt -0.965324 5.294269 0.000000
vt -1.116417 4.777755 0.000000
vt -0.965324 4.777755 0.000000
vt -0.814232 4.777755 0.000000
vt -0.663139 4.777755 0.000000
vt -0.512047 4.777755 0.000000
vt -0.360955 4.777755 0.000000
vt -0.209862 4.777755 0.000000
vt -1.116417 4.519498 0.000000
vt -0.965324 4.519498 0.000000
vt -0.814232 4.519498 0.000000
vt -0.663139 4.519498 0.000000
vt -0.512047 4.519498 0.000000
vt -0.360955 4.519498 0.000000
vt -0.209862 4.519498 0.000000
vt -0.965324 4.261241 0.000000
vt -0.814232 4.261241 0.000000
vt -0.663139 4.261241 0.000000
vt -0.512047 4.261241 0.000000
vt -0.360955 4.261241 0.000000
vt -0.209862 4.261241 0.000000
vt -1.116417 3.744727 0.000000
vt -0.965324 3.744727 0.000000
vt -0.814232 3.744727 0.000000
vt -0.663139 3.744727 0.000000
vt -0.512047 3.744727 0.000000
vt -0.360955 3.744727 0.000000
vt -0.209862 3.744727 0.000000
vt -0.209862 4.002984 0.000000
vt -0.360955 4.002984 0.000000
vt -0.512047 4.002984 0.000000
vt -0.663139 4.002984 0.000000
vt -0.814232 4.002984 0.000000
vt -0.965324 4.002984 0.000000
vt -1.116417 4.002984 0.000000
vt -1.116417 3.486470 0.000000
vt -0.965324 3.486470 0.000000
vt -0.814232 3.486470 0.000000
vt -0.663139 3.486470 0.000000
vt -0.512047 3.486470 0.000000
vt -0.360955 3.486470 0.000000
vt -0.209862 3.486470 0.000000
vt -1.116417 3.228213 0.000000
vt -0.965324 3.228213 0.000000
vt -0.814232 3.228213 0.000000
vt -0.663139 3.228213 0.000000
vt -0.512047 3.228213 0.000000
vt -0.360955 3.228213 0.000000
vt -0.209862 3.228213 0.000000
vt -0.965324 2.969956 0.000000
vt -0.814232 2.969956 0.000000
vt -0.663139 2.969956 0.000000
vt -0.512047 2.969956 0.000000
vt -0.360955 2.969956 0.000000
vt -0.209862 2.969956 0.000000
vt -1.116417 2.453442 0.000000
vt -0.965324 2.453442 0.000000
vt -0.814232 2.453442 0.000000
vt -0.663139 2.453442 0.000000
vt -0.512047 2.453442 0.000000
vt -0.360955 2.453442 0.000000
vt -0.209862 2.453442 0.000000
vt -0.209862 2.711699 0.000000
vt -0.360955 2.711699 0.000000
vt -0.512047 2.711699 0.000000
vt -0.663139 2.711699 0.000000
vt -0.814232 2.711699 0.000000
vt -0.965324 2.711699 0.000000
vt -1.116417 2.711699 0.000000
vt -1.116417 2.195185 0.000000
vt -0.965324 2.195185 0.000000
vt -0.814232 2.195185 0.000000
vt -0.663139 2.195185 0.000000
vt -0.512047 2.195185 0.000000
vt -0.360955 2.195185 0.000000
vt -0.209862 2.195185 0.000000
vt -1.116417 1.936928 0.000000
vt -0.965324 1.936928 0.000000
vt -0.814232 1.936928 0.000000
vt -0.663139 1.936928 0.000000
vt -0.512047 1.936928 0.000000
vt -0.360955 1.936928 0.000000
vt -0.209862 1.936928 0.000000
vt -1.116417 1.678671 0.000000
vt -0.965324 1.678671 0.000000
vt -0.814232 1.678671 0.000000
vt -0.663139 1.678671 0.000000
vt -0.512047 1.678671 0.000000
vt -0.360955 1.678671 0.000000
vt -0.209862 1.678671 0.000000
vt -1.116417 1.420414 0.000000
vt -0.965324 1.420414 0.000000
vt -0.814232 1.420414 0.000000
vt -0.663139 1.420414 0.000000
vt -0.512047 1.420414 0.000000
vt -0.360955 1.420414 0.000000
vt -0.209862 1.420414 0.000000
vt -1.116417 0.903900 0.000000
vt -0.965324 0.903900 0.000000
vt -0.814232 0.903900 0.000000
vt -0.663139 0.903900 0.000000
vt -0.512047 0.903900 0.000000
vt -0.360955 0.903900 0.000000
vt -0.209862 0.903900 0.000000
vt -0.209862 1.162157 0.000000
vt -0.360955 1.162157 0.000000
vt -0.512047 1.162157 0.000000
vt -0.663139 1.162157 0.000000
vt -0.814232 1.162157 0.000000
vt -0.965324 1.162157 0.000000
vt -1.116417 0.645643 0.000000
vt -0.965324 0.645643 0.000000
vt -0.814232 0.645643 0.000000
vt -0.663139 0.645643 0.000000
vt -0.512047 0.645643 0.000000
vt -0.360955 0.645643 0.000000
vt -0.209862 0.645643 0.000000
vt -1.116417 0.387386 0.000000
vt -0.965324 0.387386 0.000000
vt -0.814232 0.387386 0.000000
vt -0.663139 0.387386 0.000000
vt -0.512047 0.387386 0.000000
vt -0.360955 0.387386 0.000000
vt -0.209862 0.387386 0.000000
vt -0.965324 0.129129 0.000000
vt -0.814232 0.129129 0.000000
vt -0.663139 0.129129 0.000000
vt -0.512047 0.129129 0.000000
vt -0.360955 0.129129 0.000000
vt -0.209862 0.129129 0.000000
vt -1.116417 -0.387386 0.000000
vt -0.965324 -0.387386 0.000000
vt -0.814232 -0.387386 0.000000
vt -0.663139 -0.387386 0.000000
vt -0.512047 -0.387386 0.000000
vt -0.360955 -0.387386 0.000000
vt -0.209862 -0.387386 0.000000
vt -0.209862 -0.129129 0.000000
vt -0.360955 -0.129129 0.000000
vt -0.512047 -0.129129 0.000000
vt -0.663139 -0.129129 0.000000
vt -0.814232 -0.129129 0.000000
vt -0.965324 -0.129129 0.000000
vt -1.116417 -0.129129 0.000000
vt -1.116417 -0.645643 0.000000
vt -0.965324 -0.645643 0.000000
vt -0.814232 -0.645643 0.000000
vt -0.663139 -0.645643 0.000000
vt -0.512047 -0.645643 0.000000
vt -0.360955 -0.645643 0.000000
vt -0.209862 -0.645643 0.000000
vt -1.116417 -0.903900 0.000000
vt -0.965324 -0.903900 0.000000
vt -0.814232 -0.903900 0.000000
vt -0.663139 -0.903900 0.000000
vt -0.512047 -0.903900 0.000000
vt -0.360955 -0.903900 0.000000
vt -0.209862 -0.903900 0.000000
vt -0.965324 -1.162157 0.000000
vt -0.814232 -1.162157 0.000000
vt -0.663139 -1.162157 0.000000
vt -0.512047 -1.162157 0.000000
vt -0.360955 -1.162157 0.000000
vt -0.209862 -1.162157 0.000000
vt -1.116417 -1.678671 0.000000
vt -0.965324 -1.678671 0.000000
vt -0.814232 -1.678671 0.000000
vt -0.663139 -1.678671 0.000000
vt -0.512047 -1.678671 0.000000
vt -0.360955 -1.678671 0.000000
vt -0.209862 -1.678671 0.000000
vt -0.209862 -1.420414 0.000000
vt -0.360955 -1.420414 0.000000
vt -0.512047 -1.420414 0.000000
vt -0.663139 -1.420414 0.000000
vt -0.814232 -1.420414 0.000000
vt -0.965324 -1.420414 0.000000
vt -1.116417 -1.420414 0.000000
vt -1.116417 -1.936928 0.000000
vt -0.965324 -1.936928 0.000000
vt -0.814232 -1.936928 0.000000
vt -0.663139 -1.936928 0.000000
vt -0.512047 -1.936928 0.000000
vt -0.360955 -1.936928 0.000000
vt -0.209862 -1.936928 0.000000
vt -1.116417 -2.195185 0.000000
vt -0.965324 -2.195185 0.000000
vt -0.814232 -2.195185 0.000000
vt -0.663139 -2.195185 0.000000
vt -0.512047 -2.195185 0.000000
vt -0.360955 -2.195185 0.000000
vt -0.209862 -2.195185 0.000000
vt -1.116417 -2.453442 0.000000
vt -0.965324 -2.453442 0.000000
vt -0.814232 -2.453442 0.000000
vt -0.663139 -2.453442 0.000000
vt -0.512047 -2.453442 0.000000
vt -0.360955 -2.453442 0.000000
vt -0.209862 -2.453442 0.000000
vt -1.116417 -2.711699 0.000000
vt -0.965324 -2.711699 0.000000
vt -0.814232 -2.711699 0.000000
vt -0.663139 -2.711699 0.000000
vt -0.512047 -2.711699 0.000000
vt -0.360955 -2.711699 0.000000
vt -0.209862 -2.711699 0.000000
vt -1.116417 -3.228213 0.000000
vt -0.965324 -3.228213 0.000000
vt -0.814232 -3.228213 0.000000
vt -0.663139 -3.228213 0.000000
vt -0.512047 -3.228213 0.000000
vt -0.360955 -3.228213 0.000000
vt -0.209862 -3.228213 0.000000
vt -0.209862 -2.969956 0.000000
vt -0.360955 -2.969956 0.000000
vt -0.512047 -2.969956 0.000000
vt -0.663139 -2.969956 0.000000
vt -0.814232 -2.969956 0.000000
vt -0.965324 -2.969956 0.000000
vt -1.116417 -3.486470 0.000000
vt -0.965324 -3.486470 0.000000
vt -0.814232 -3.486470 0.000000
vt -0.663139 -3.486470 0.000000
vt -0.512047 -3.486470 0.000000
vt -0.360955 -3.486470 0.000000
vt -0.209862 -3.486470 0.000000
vt -1.116417 -3.744727 0.000000
vt -0.965324 -3.744727 0.000000
vt -0.814232 -3.744727 0.000000
vt -0.663139 -3.744727 0.000000
vt -0.512047 -3.744727 0.000000
vt -0.360955 -3.744727 0.000000
vt -0.209862 -3.744727 0.000000
vt -1.116417 -4.002984 0.000000
vt -0.965324 -4.002984 0.000000
vt -0.814232 -4.002984 0.000000
vt -0.663139 -4.002984 0.000000
vt -0.512047 -4.002984 0.000000
vt -0.360955 -4.002984 0.000000
vt -0.209862 -4.002984 0.000000
vt -1.116417 -4.519498 0.000000
vt -0.965324 -4.519498 0.000000
vt -0.814232 -4.519498 0.000000
vt -0.663139 -4.519498 0.000000
vt -0.512047 -4.519498 0.000000
vt -0.360955 -4.519498 0.000000
vt -0.209862 -4.519498 0.000000
vt -0.209862 -4.261241 0.000000
vt -0.360955 -4.261241 0.000000
vt -0.512047 -4.261241 0.000000
vt -0.663139 -4.261241 0.000000
vt -0.814232 -4.261241 0.000000
vt -0.965324 -4.261241 0.000000
vt -1.116417 -4.777755 0.000000
vt -0.965324 -4.777755 0.000000
vt -0.814232 -4.777755 0.000000
vt -0.663139 -4.777755 0.000000
vt -0.512047 -4.777755 0.000000
vt -0.360955 -4.777755 0.000000
vt -0.209862 -4.777755 0.000000
vt -1.116417 -5.036012 0.000000
vt -0.965324 -5.036012 0.000000
vt -0.814232 -5.036012 0.000000
vt -0.663139 -5.036012 0.000000
vt -0.512047 -5.036012 0.000000
vt -0.360955 -5.036012 0.000000
vt -0.209862 -5.036012 0.000000
vt -0.965324 -5.294269 0.000000
vt -0.814232 -5.294269 0.000000
vt -0.663139 -5.294269 0.000000
vt -0.512047 -5.294269 0.000000
vt -0.360955 -5.294269 0.000000
vt -0.209862 -5.294269 0.000000
vt -1.116417 -5.810783 0.000000
vt -0.965324 -5.810783 0.000000
vt -0.814232 -5.810783 0.000000
vt -0.663139 -5.810783 0.000000
vt -0.512047 -5.810783 0.000000
vt -0.360955 -5.810783 0.000000
vt -0.209862 -5.810783 0.000000
vt -0.209862 -5.552526 0.000000
vt -0.360955 -5.552526 0.000000
vt -0.512047 -5.552526 0.000000
vt -0.663139 -5.552526 0.000000
vt -0.814232 -5.552526 0.000000
vt -0.965324 -5.552526 0.000000
vt -1.116417 -5.552526 0.000000
vt -1.116417 -6.069040 0.000000
vt -0.965324 -6.069040 0.000000
vt -0.814232 -6.069040 0.000000
vt -0.663139 -6.069040 0.000000
vt -0.512047 -6.069040 0.000000
vt -0.360955 -6.069040 0.000000
vt -0.209862 -6.069040 0.000000
vt -1.116417 -6.327297 0.000000
vt -0.965324 -6.327297 0.000000
vt -0.814232 -6.327297 0.000000
vt -0.663139 -6.327297 0.000000
vt -0.512047 -6.327297 0.000000
vt -0.360955 -6.327297 0.000000
vt -0.209862 -6.327297 0.000000
vt -1.116417 -6.585554 0.000000
vt -0.965324 -6.585554 0.000000
vt -0.814232 -6.585554 0.000000
vt -0.663139 -6.585554 0.000000
vt -0.512047 -6.585554 0.000000
vt -0.360955 -6.585554 0.000000
vt -0.209862 -6.585554 0.000000
vt -1.116417 6.843812 0.000000
vt -1.267509 -6.843812 0.000000
vt -1.267509 -6.843812 0.000000
vt -1.116417 6.843812 0.000000
vt -0.965324 6.843812 0.000000
vt -0.965324 -7.102068 0.000000
vt -0.814232 6.843812 0.000000
vt -0.814232 -7.102068 0.000000
vt -0.663139 6.843812 0.000000
vt -0.663139 -7.102068 0.000000
vt -0.512047 6.843812 0.000000
vt -0.512047 -7.102068 0.000000
vt -0.360955 6.843812 0.000000
vt -0.360955 -7.102068 0.000000
vt -0.209862 6.843812 0.000000
vt -0.209862 -7.102068 0.000000
vt -0.058770 -7.102068 0.000000
vt 0.000000 0.000000 0.000000
vt 0.017154 0.234368 0.000000
vt 0.068248 0.463740 0.000000
vt 0.152196 0.683229 0.000000
vt 0.267206 0.888156 0.000000
vt 0.410829 1.074154 0.000000
vt 0.580002 1.237257 0.000000
vt 0.771121 1.373991 0.000000
vt 0.980112 1.481441 0.000000
vt 1.202520 1.557316 0.000000
vt 1.433606 1.600000 0.000000
vt 1.668444 1.608582 0.000000
vt 1.902029 1.582881 0.000000
vt 2.129382 1.523442 0.000000
vt 2.345659 1.431535 0.000000
vt 2.546249 1.309117 0.000000
vt 2.726877 1.158797 0.000000
vt 2.883693 0.983779 0.000000
vt 3.013356 0.787794 0.000000
vt 3.113101 0.575019 0.000000
vt 3.180802 0.349988 0.000000
vt 3.215018 0.117497 0.000000
vt 3.215018 -0.117497 0.000000
vt 3.180802 -0.349988 0.000000
vt 3.113101 -0.575019 0.000000
vt 3.013356 -0.787794 0.000000
vt 2.883693 -0.983779 0.000000
vt 2.726877 -1.158797 0.000000
vt 2.546249 -1.309117 0.000000
vt 2.345659 -1.431535 0.000000
vt 2.129382 -1.523442 0.000000
vt 1.902029 -1.582881 0.000000
vt 1.668444 -1.608582 0.000000
vt 1.433606 -1.600000 0.000000
vt 1.202520 -1.557316 0.000000
vt 0.980112 -1.481441 0.000000
vt 0.771121 -1.373991 0.000000
vt 0.580002 -1.237257 0.000000
vt 0.410829 -1.074154 0.000000
vt 0.267206 -0.888156 0.000000
vt 0.152196 -0.683229 0.000000
vt 0.068248 -0.463740 0.000000
vt 0.017154 -0.234368 0.000000
vt -0.019369 0.000000 0.000000
vt -0.002009 -0.237188 0.000000
vt 0.049701 -0.469321 0.000000
vt 0.134658 -0.691451 0.000000
vt 0.251053 -0.898844 0.000000
vt 0.396403 -1.087079 0.000000
vt 0.567613 -1.252146 0.000000
vt 0.761031 -1.390525 0.000000
vt 0.972537 -1.499267 0.000000
vt 1.197621 -1.576055 0.000000
vt 1.431488 -1.619253 0.000000
vt 1.669151 -1.627938 0.000000
vt 1.905547 -1.601928 0.000000
vt 2.135636 -1.541774 0.000000
vt 2.354515 -1.448761 0.000000
vt 2.557519 -1.324869 0.000000
vt 2.740320 -1.172741 0.000000
vt 2.899024 -0.995617 0.000000
vt 3.030246 -0.797274 0.000000
vt 3.131192 -0.581938 0.000000
vt 3.199708 -0.354199 0.000000
vt 3.234335 -0.118911 0.000000
vt 3.234335 0.118911 0.000000
vt 3.199708 0.354199 0.000000
vt 3.131192 0.581938 0.000000
vt 3.030246 0.797274 0.000000
vt 2.899024 0.995617 0.000000
vt 2.740320 1.172741 0.000000
vt 2.557519 1.324869 0.000000
vt 2.354515 1.448761 0.000000
vt 2.135636 1.541774 0.000000
vt 1.905547 1.601928 0.000000
vt 1.669151 1.627938 0.000000
vt 1.431488 1.619253 0.000000
vt 1.197621 1.576055 0.000000
vt 0.972537 1.499267 0.000000
vt 0.761031 1.390525 0.000000
vt 0.567613 1.252146 0.000000
vt 0.396403 1.087079 0.000000
vt 0.251053 0.898844 0.000000
vt 0.134658 0.691451 0.000000
vt 0.049701 0.469321 0.000000
vt -0.002009 0.237188 0.000000
vt -0.224881 4.897868 0.000000
vt -0.224881 4.664636 0.000000
vt -0.224881 4.431405 0.000000
vt -0.224881 4.198173 0.000000
vt -0.224881 3.964941 0.000000
vt -0.224881 3.731709 0.000000
vt -0.224881 3.498477 0.000000
vt -0.224881 3.265246 0.000000
vt -0.224881 3.032014 0.000000
vt -0.224881 2.798782 0.000000
vt -0.224881 2.565550 0.000000
vt -0.224881 2.332318 0.000000
vt -0.224881 2.099086 0.000000
vt -0.224881 1.865855 0.000000
vt -0.224881 1.632623 0.000000
vt -0.224881 1.399391 0.000000
vt -0.224881 1.166159 0.000000
vt -0.224881 0.932927 0.000000
vt -0.224881 0.699695 0.000000
vt -0.224881 0.466464 0.000000
vt -0.224881 0.233232 0.000000
vt -0.224881 0.000000 0.000000
vt -0.224881 -0.233232 0.000000
vt -0.224881 -0.466464 0.000000
vt -0.224881 -0.699695 0.000000
vt -0.224881 -0.932927 0.000000
vt -0.224881 -1.166159 0.000000
vt -0.224881 -1.399391 0.000000
vt -0.224881 -1.632623 0.000000
vt -0.224881 -1.865855 0.000000
vt -0.224881 -2.099086 0.000000
vt -0.224881 -2.332318 0.000000
vt -0.224881 -2.565550 0.000000
vt -0.224881 -2.798782 0.000000
vt -0.224881 -3.032014 0.000000
vt -0.224881 -3.265246 0.000000
vt -0.224881 -3.498477 0.000000
vt -0.224881 -3.731709 0.000000
vt -0.224881 -3.964941 0.000000
vt -0.224881 -4.198173 0.000000
vt -0.224881 -4.431405 0.000000
vt -0.224881 -4.664636 0.000000
vt -0.112441 -4.897868 0.000000
vt -0.112441 -4.670060 0.000000
vt -0.112441 -4.442252 0.000000
vt -0.112441 -4.214445 0.000000
vt -0.112441 -3.986637 0.000000
vt -0.112441 -3.758829 0.000000
vt -0.112441 -3.531021 0.000000
vt -0.112441 -3.303213 0.000000
vt -0.112441 -3.075406 0.000000
vt -0.112441 -2.847598 0.000000
vt -0.112441 -2.619790 0.000000
vt -0.112441 -2.391982 0.000000
vt -0.112441 -2.164174 0.000000
vt -0.112441 -1.936367 0.000000
vt -0.112441 -1.708559 0.000000
vt -0.112441 -1.480751 0.000000
vt -0.112441 -1.252943 0.000000
vt -0.112441 -1.025135 0.000000
vt -0.112441 -0.797327 0.000000
vt -0.112441 -0.569520 0.000000
vt -0.112441 -0.341712 0.000000
vt -0.112441 -0.113904 0.000000
vt -0.112441 0.113904 0.000000
vt -0.112441 0.341712 0.000000
vt -0.112441 0.569520 0.000000
vt -0.112441 0.797327 0.000000
vt -0.112441 1.025135 0.000000
vt -0.112441 1.252943 0.000000
vt -0.112441 1.480751 0.000000
vt -0.112441 1.708559 0.000000
vt -0.112441 1.936367 0.000000
vt -0.112441 2.164174 0.000000
vt -0.112441 2.391982 0.000000
vt -0.112441 2.619790 0.000000
vt -0.112441 2.847598 0.000000
vt -0.112441 3.075406 0.000000
vt -0.112441 3.303213 0.000000
vt -0.112441 3.531021 0.000000
vt -0.112441 3.758829 0.000000
vt -0.112441 3.986637 0.000000
vt -0.112441 4.214445 0.000000
vt -0.112441 4.442252 0.000000
vt -0.112441 4.670060 0.000000
vt -0.187401 -4.897868 0.000000
vt -0.149921 -4.897868 0.000000
vt -0.187401 4.675238 0.000000
vt -0.149921 4.675238 0.000000
vt -0.187401 4.452607 0.000000
vt -0.149921 4.452607 0.000000
vt -0.187401 4.229977 0.000000
vt -0.149921 4.229977 0.000000
vt -0.187401 4.007347 0.000000
vt -0.149921 4.007347 0.000000
vt -0.187401 3.784717 0.000000
vt -0.149921 3.784717 0.000000
vt -0.187401 3.562086 0.000000
vt -0.149921 3.562086 0.000000
vt -0.187401 3.339456 0.000000
vt -0.149921 3.339456 0.000000
vt -0.187401 3.116825 0.000000
vt -0.149921 3.116825 0.000000
vt -0.187401 2.894195 0.000000
vt -0.149921 2.894195 0.000000
vt -0.187401 2.671564 0.000000
vt -0.149921 2.671564 0.000000
vt -0.187401 2.448934 0.000000
vt -0.149921 2.448934 0.000000
vt -0.187401 2.226304 0.000000
vt -0.149921 2.226304 0.000000
vt -0.187401 2.003673 0.000000
vt -0.149921 2.003673 0.000000
vt -0.187401 1.781043 0.000000
vt -0.149921 1.781043 0.000000
vt -0.187401 1.558413 0.000000
vt -0.149921 1.558413 0.000000
vt -0.187401 1.335782 0.000000
vt -0.149921 1.335782 0.000000
vt -0.187401 1.113152 0.000000
vt -0.149921 1.113152 0.000000
vt -0.187401 0.890521 0.000000
vt -0.149921 0.890521 0.000000
vt -0.187401 0.667891 0.000000
vt -0.149921 0.667891 0.000000
vt -0.187401 0.445261 0.000000
vt -0.149921 0.445261 0.000000
vt -0.187401 0.222630 0.000000
vt -0.149921 0.222630 0.000000
vt -0.187401 -0.222630 0.000000
vt -0.149921 -0.222630 0.000000
vt -0.149921 0.000000 0.000000
vt -0.187401 0.000000 0.000000
vt -0.187401 -0.445261 0.000000
vt -0.149921 -0.445261 0.000000
vt -0.187401 -0.667891 0.000000
vt -0.149921 -0.667891 0.000000
vt -0.187401 -0.890521 0.000000
vt -0.149921 -0.890521 0.000000
vt -0.187401 -1.113152 0.000000
vt -0.149921 -1.113152 0.000000
vt -0.187401 -1.335782 0.000000
vt -0.149921 -1.335782 0.000000
vt -0.187401 -1.558413 0.000000
vt -0.149921 -1.558413 0.000000
vt -0.187401 -1.781043 0.000000
vt -0.149921 -1.781043 0.000000
vt -0.187401 -2.003673 0.000000
vt -0.149921 -2.003673 0.000000
vt -0.187401 -2.226304 0.000000
vt -0.149921 -2.226304 0.000000
vt -0.187401 -2.448934 0.000000
vt -0.149921 -2.448934 0.000000
vt -0.187401 -2.671564 0.000000
vt -0.149921 -2.671564 0.000000
vt -0.187401 -2.894195 0.000000
vt -0.149921 -2.894195 0.000000
vt -0.187401 -3.116825 0.000000
vt -0.149921 -3.116825 0.000000
vt -0.187401 -3.339456 0.000000
vt -0.149921 -3.339456 0.000000
vt -0.187401 -3.562086 0.000000
vt -0.149921 -3.562086 0.000000
vt -0.187401 -3.784717 0.000000
vt -0.149921 -3.784717 0.000000
vt -0.187401 -4.007347 0.000000
vt -0.149921 -4.007347 0.000000
vt -0.187401 -4.229977 0.000000
vt -0.149921 -4.229977 0.000000
vt -0.187401 -4.452607 0.000000
vt -0.149921 -4.452607 0.000000
vt -0.187401 -4.675238 0.000000
vt -0.149921 -4.675238 0.000000
vt -0.187401 4.897868 0.000000
vt -0.224881 -4.897868 0.000000
vt -0.224881 -4.897868 0.000000
vt -0.187401 4.897868 0.000000
vt -0.112441 4.897868 0.000000
vt -0.149921 -5.120499 0.000000
vt -0.149921 -5.120499 0.000000
vn 0.000000 0.000000 -0.100000
vn 0.014904 0.000000 -0.098883
vn 0.029476 0.000000 -0.095557
vn 0.043388 0.000000 -0.090097
vn 0.056332 0.000000 -0.082624
vn 0.068017 0.000000 -0.073305
vn 0.078183 0.000000 -0.062349
vn 0.086603 0.000000 -0.050000
vn 0.093087 0.000000 -0.036534
vn 0.097493 0.000000 -0.022252
vn 0.099720 0.000000 -0.007473
vn 0.099720 0.000000 0.007473
vn 0.097493 0.000000 0.022252
vn 0.093087 0.000000 0.036534
vn 0.086603 0.000000 0.050000
vn 0.078183 0.000000 0.062349
vn 0.068017 0.000000 0.073305
vn 0.056332 0.000000 0.082624
vn 0.043388 0.000000 0.090097
vn 0.029476 0.000000 0.095557
vn 0.014904 0.000000 0.098883
vn 0.000000 0.000000 0.100000
vn -0.014904 0.000000 0.098883
vn -0.029476 0.000000 0.095557
vn -0.043388 0.000000 0.090097
vn -0.056332 0.000000 0.082624
vn -0.068017 0.000000 0.073305
vn -0.078183 0.000000 0.062349
vn -0.086603 0.000000 0.050000
vn -0.093087 0.000000 0.036534
vn -0.097493 0.000000 0.022252
vn -0.099720 0.000000 0.007473
vn -0.099720 0.000000 -0.007473
vn -0.097493 0.000000 -0.022252
vn -0.093087 0.000000 -0.036534
vn -0.086603 0.000000 -0.050000
vn -0.078183 0.000000 -0.062349
vn -0.068017 0.000000 -0.073305
vn -0.056332 0.000000 -0.082624
vn -0.043388 0.000000 -0.090097
vn -0.029476 0.000000 -0.095557
vn -0.014904 0.000000 -0.098883
vn 0.000000 0.000000 -0.100000
vn -0.014904 0.000000 -0.098883
vn -0.029476 0.000000 -0.095557
vn -0.043388 0.000000 -0.090097
vn -0.056332 0.000000 -0.082624
vn -0.068017 0.000000 -0.073305
vn -0.078183 0.000000 -0.062349
vn -0.086603 0.000000 -0.050000
vn -0.093087 0.000000 -0.036534
vn -0.097493 0.000000 -0.022252
vn -0.099720 0.000000 -0.007473
vn -0.099720 0.000000 0.007473
vn -0.097493 0.000000 0.022252
vn -0.093087 0.000000 0.036534
vn -0.086603 0.000000 0.050000
vn -0.078183 0.000000 0.062349
vn -0.068017 0.000000 0.073305
vn -0.056332 0.000000 0.082624
vn -0.043388 0.000000 0.090097
vn -0.029476 0.000000 0.095557
vn -0.014904 0.000000 0.098883
vn 0.000000 0.000000 0.100000
vn 0.014904 0.000000 0.098883
vn 0.029476 0.000000 0.095557
vn 0.043388 0.000000 0.090097
vn 0.056332 0.000000 0.082624
vn 0.068017 0.000000 0.073305
vn 0.078183 0.000000 0.062349
vn 0.086603 0.000000 0.050000
vn 0.093087 0.000000 0.036534
vn 0.097493 0.000000 0.022252
vn 0.099720 0.000000 0.007473
vn 0.099720 0.000000 -0.007473
vn 0.097493 0.000000 -0.022252
vn 0.093087 0.000000 -0.036534
vn 0.086603 0.000000 -0.050000
vn 0.078183 0.000000 -0.062349
vn 0.068017 0.000000 -0.073305
vn 0.056332 0.000000 -0.082624
vn 0.043388 0.000000 -0.090097
vn 0.029476 0.000000 -0.095557
vn 0.014904 0.000000 -0.098883
vn 0.000000 0.000000 0.100000
vn 0.000000 0.000000 0.100000
vn 0.000000 0.100000 0.000000
vn 0.000000 0.100000 0.000000
vn 0.000000 0.100000 0.000000
vn 0.000000 0.100000 0.000000
vn 0.000000 0.100000 0.000000
vn 0.000000 0.100000 0.000000
vn 0.000000 0.100000 0.000000
vn 0.000000 0.100000 0.000000
vn 0.000000 0.100000 0.000000
vn 0.000000 0.100000 0.000000
vn 0.000000 0.100000 0.000000
vn 0.000000 0.100000 0.000000
vn 0.000000 0.100000 0.000000
vn 0.000000 0.100000 0.000000
vn 0.000000 0.100000 0.000000
vn 0.000000 0.100000 0.000000
vn 0.000000 0.100000 0.000000
vn 0.000000 0.100000 0.000000
vn 0.000000 0.100000 0.000000
vn 0.000000 0.100000 0.000000
vn 0.000000 0.100000 0.000000
vn 0.000000 0.100000 0.000000
vn 0.000000 0.100000 0.000000
vn 0.000000 0.100000 0.000000
vn 0.000000 0.100000 0.000000
vn 0.000000 0.100000 0.000000
vn 0.000000 0.100000 0.000000
vn 0.000000 0.100000 0.000000
vn 0.000000 0.100000 0.000000
vn 0.000000 0.100000 0.000000
vn 0.000000 0.100000 0.000000
vn 0.000000 0.100000 0.000000
vn 0.000000 0.100000 0.000000
vn 0.000000 0.100000 0.000000
vn 0.000000 0.100000 0.000000
vn 0.000000 0.100000 0.000000
vn 0.000000 0.100000 0.000000
vn 0.000000 0.100000 0.000000
vn 0.000000 0.100000 0.000000
vn 0.000000 0.100000 0.000000
vn 0.000000 0.100000 0.000000
vn 0.000000 0.000000 -0.100000
vn -0.014904 0.000000 -0.098883
vn -0.029476 0.000000 -0.095557
vn -0.043388 0.000000 -0.090097
vn -0.056332 0.000000 -0.082624
vn -0.068017 0.000000 -0.073305
vn -0.078183 0.000000 -0.062349
vn -0.086603 0.000000 -0.050000
vn -0.093087 0.000000 -0.036534
vn -0.097493 0.000000 -0.022252
vn -0.099720 0.000000 -0.007473
vn -0.099720 0.000000 0.007473
vn -0.097493 0.000000 0.022252
vn -0.093087 0.000000 0.036534
vn -0.086603 0.000000 0.050000
vn -0.078183 0.000000 0.062349
vn -0.068017 0.000000 0.073305
vn -0.056332 0.000000 0.082624
vn -0.043388 0.000000 0.090097
vn -0.029476 0.000000 0.095557
vn -0.014904 0.000000 0.098883
vn 0.000000 0.000000 0.100000
vn 0.014904 0.000000 0.098883
vn 0.029476 0.000000 0.095557
vn 0.043388 0.000000 0.090097
vn 0.056332 0.000000 0.082624
vn 0.068017 0.000000 0.073305
vn 0.078183 0.000000 0.062349
vn 0.086603 0.000000 0.050000
vn 0.093087 0.000000 0.036534
vn 0.097493 0.000000 0.022252
vn 0.099720 0.000000 0.007473
vn 0.099720 0.000000 -0.007473
vn 0.097493 0.000000 -0.022252
vn 0.093087 0.000000 -0.036534
vn 0.086603 0.000000 -0.050000
vn 0.078183 0.000000 -0.062349
vn 0.068017 0.000000 -0.073305
vn 0.056332 0.000000 -0.082624
vn 0.043388 0.000000 -0.090097
vn 0.029476 0.000000 -0.095557
vn 0.014904 0.000000 -0.098883
vn 0.000000 0.086603 -0.050000
vn 0.000000 0.050000 -0.086603
vn 0.007452 0.086603 -0.049442
vn 0.012907 0.050000 -0.085635
vn 0.014738 0.086603 -0.047779
vn 0.025527 0.050000 -0.082755
vn 0.021694 0.086603 -0.045048
vn 0.037575 0.050000 -0.078026
vn 0.028166 0.086603 -0.041312
vn 0.048785 0.050000 -0.071554
vn 0.034009 0.086603 -0.036653
vn 0.058905 0.050000 -0.063484
vn 0.039092 0.086603 -0.031174
vn 0.067709 0.050000 -0.053996
vn 0.043301 0.086603 -0.025000
vn 0.075000 0.050000 -0.043301
vn 0.046544 0.086603 -0.018267
vn 0.080616 0.050000 -0.031639
vn 0.048746 0.086603 -0.011126
vn 0.084431 0.050000 -0.019271
vn 0.049860 0.086603 -0.003737
vn 0.086360 0.050000 -0.006472
vn 0.049860 0.086603 0.003737
vn 0.086360 0.050000 0.006472
vn 0.048746 0.086603 0.011126
vn 0.084431 0.050000 0.019271
vn 0.046544 0.086603 0.018267
vn 0.080616 0.050000 0.031639
vn 0.043301 0.086603 0.025000
vn 0.075000 0.050000 0.043301
vn 0.039092 0.086603 0.031174
vn 0.067709 0.050000 0.053996
vn 0.034009 0.086603 0.036653
vn 0.058905 0.050000 0.063484
vn 0.028166 0.086603 0.041312
vn 0.048785 0.050000 0.071554
vn 0.021694 0.086603 0.045048
vn 0.037575 0.050000 0.078026
vn 0.014738 0.086603 0.047779
vn 0.025527 0.050000 0.082755
vn 0.007452 0.086603 0.049442
vn 0.012907 0.050000 0.085635
vn 0.000000 0.086603 0.050000
vn 0.000000 0.050000 0.086603
vn -0.007452 0.086603 0.049442
vn -0.012907 0.050000 0.085635
vn -0.014738 0.086603 0.047779
vn -0.025527 0.050000 0.082755
vn -0.021694 0.086603 0.045048
vn -0.037575 0.050000 0.078026
vn -0.028166 0.086603 0.041312
vn -0.048785 0.050000 0.071554
vn -0.034009 0.086603 0.036653
vn -0.058905 0.050000 0.063484
vn -0.039092 0.086603 0.031174
vn -0.067709 0.050000 0.053996
vn -0.043301 0.086603 0.025000
vn -0.075000 0.050000 0.043301
vn -0.046544 0.086603 0.018267
vn -0.080616 0.050000 0.031639
vn -0.048746 0.086603 0.011126
vn -0.084431 0.050000 0.019271
vn -0.049860 0.086603 0.003737
vn -0.086360 0.050000 0.006472
vn -0.049860 0.086603 -0.003737
vn -0.086360 0.050000 -0.006472
vn -0.048746 0.086603 -0.011126
vn -0.084431 0.050000 -0.019271
vn -0.046544 0.086603 -0.018267
vn -0.080616 0.050000 -0.031639
vn -0.043301 0.086603 -0.025000
vn -0.075000 0.050000 -0.043301
vn -0.039092 0.086603 -0.031174
vn -0.067709 0.050000 -0.053996
vn -0.034009 0.086603 -0.036653
vn -0.058905 0.050000 -0.063484
vn -0.028166 0.086603 -0.041312
vn -0.048785 0.050000 -0.071554
vn -0.021694 0.086603 -0.045048
vn -0.037575 0.050000 -0.078026
vn -0.014738 0.086603 -0.047779
vn -0.025527 0.050000 -0.082755
vn -0.007452 0.086603 -0.049442
vn -0.012907 0.050000 -0.085635
vn 0.000000 0.086603 -0.050000
vn 0.000000 0.100000 0.000000
vn 0.000000 0.100000 0.000000
vn 0.000000 0.050000 -0.086603
vn 0.014904 0.000000 -0.098883
vn 0.012907 0.050000 -0.085635
vn 0.000000 0.086603 -0.050000
vn 0.000000 0.100000 0.000000
vn 0.000000 0.100000 0.000000
vn 0.000000 0.100000 0.000000
vn 0.000000 0.100000 0.000000
vn 0.000000 0.100000 0.000000
vn 0.000000 0.100000 0.000000
vn 0.000000 0.100000 0.000000
vn 0.000000 0.100000 0.000000
vn 0.000000 0.100000 0.000000
vn 0.000000 0.100000 0.000000
vn 0.000000 0.100000 0.000000
vn 0.000000 0.100000 0.000000
vn 0.000000 0.100000 0.000000
vn 0.000000 0.100000 0.000000
vn 0.000000 0.100000 0.000000
vn 0.000000 0.100000 0.000000
vn 0.000000 0.100000 0.000000
vn 0.000000 0.100000 0.000000
vn 0.000000 0.100000 0.000000
vn 0.000000 0.100000 0.000000
vn 0.000000 0.100000 0.000000
vn 0.000000 0.100000 0.000000
vn 0.000000 0.100000 0.000000
vn 0.000000 0.100000 0.000000
vn 0.000000 0.100000 0.000000
vn 0.000000 0.100000 0.000000
vn 0.000000 0.100000 0.000000
vn 0.000000 0.100000 0.000000
vn 0.000000 0.100000 0.000000
vn 0.000000 0.100000 0.000000
vn 0.000000 0.100000 0.000000
vn 0.000000 0.100000 0.000000
vn 0.000000 0.100000 0.000000
vn 0.000000 0.100000 0.000000
vn 0.000000 0.100000 0.000000
vn 0.000000 0.100000 0.000000
vn 0.000000 0.100000 0.000000
vn 0.000000 0.100000 0.000000
vn 0.000000 0.100000 0.000000
vn 0.000000 0.100000 0.000000
vn 0.000000 0.100000 0.000000
vn 0.000000 0.100000 0.000000
vn 0.000000 0.100000 0.000000
vn 0.000000 0.100000 0.000000
vn 0.000000 0.100000 0.000000
vn 0.000000 0.100000 0.000000
vn 0.000000 0.100000 0.000000
vn 0.000000 0.100000 0.000000
vn 0.000000 0.100000 0.000000
vn 0.000000 0.100000 0.000000
vn 0.000000 0.100000 0.000000
vn 0.000000 0.100000 0.000000
vn 0.000000 0.100000 0.000000
vn 0.000000 0.100000 0.000000
vn 0.000000 0.100000 0.000000
vn 0.000000 0.100000 0.000000
vn 0.000000 0.100000 0.000000
vn 0.000000 0.100000 0.000000
vn 0.000000 0.100000 0.000000
vn 0.000000 0.100000 0.000000
vn 0.000000 0.100000 0.000000
vn 0.000000 0.100000 0.000000
vn 0.000000 0.100000 0.000000
vn 0.000000 0.100000 0.000000
vn 0.000000 0.100000 0.000000
vn 0.000000 0.100000 0.000000
vn 0.000000 0.100000 0.000000
vn 0.000000 0.100000 0.000000
vn 0.000000 0.100000 0.000000
vn 0.000000 0.100000 0.000000
vn 0.000000 0.100000 0.000000
vn 0.000000 0.100000 0.000000
vn 0.000000 0.100000 0.000000
vn 0.000000 0.100000 0.000000
vn 0.000000 0.000000 -0.100000
vn 0.018925 0.000000 -0.098193
vn 0.037166 0.000000 -0.092837
vn 0.054064 0.000000 -0.084125
vn 0.069008 0.000000 -0.072373
vn 0.081458 0.000000 -0.058006
vn 0.090963 0.000000 -0.041542
vn 0.097181 0.000000 -0.023576
vn 0.099887 0.000000 -0.004758
vn 0.098982 0.000000 0.014231
vn 0.094500 0.000000 0.032707
vn 0.086603 0.000000 0.050000
vn 0.075575 0.000000 0.065486
vn 0.061816 0.000000 0.078605
vn 0.045823 0.000000 0.088884
vn 0.028173 0.000000 0.095949
vn 0.009506 0.000000 0.099547
vn -0.009506 0.000000 0.099547
vn -0.028173 0.000000 0.095949
vn -0.045823 0.000000 0.088884
vn -0.061816 0.000000 0.078605
vn -0.075575 0.000000 0.065486
vn -0.086603 0.000000 0.050000
vn -0.094500 0.000000 0.032707
vn -0.098982 0.000000 0.014231
vn -0.099887 0.000000 -0.004758
vn -0.097181 0.000000 -0.023576
vn -0.090963 0.000000 -0.041542
vn -0.081458 0.000000 -0.058006
vn -0.069008 0.000000 -0.072373
vn -0.054064 0.000000 -0.084125
vn -0.037166 0.000000 -0.092837
vn -0.018925 0.000000 -0.098193
vn 0.000000 0.000000 -0.100000
vn -0.018925 0.000000 -0.098193
vn -0.037166 0.000000 -0.092837
vn -0.054064 0.000000 -0.084125
vn -0.069008 0.000000 -0.072373
vn -0.081458 0.000000 -0.058006
vn -0.090963 0.000000 -0.041542
vn -0.097181 0.000000 -0.023576
vn -0.099887 0.000000 -0.004758
vn -0.098982 0.000000 0.014231
vn -0.094500 0.000000 0.032707
vn -0.086603 0.000000 0.050000
vn -0.075575 0.000000 0.065486
vn -0.061816 0.000000 0.078605
vn -0.045823 0.000000 0.088884
vn -0.028173 0.000000 0.095949
vn -0.009506 0.000000 0.099547
vn 0.009506 0.000000 0.099547
vn 0.028173 0.000000 0.095949
vn 0.045823 0.000000 0.088884
vn 0.061816 0.000000 0.078605
vn 0.075575 0.000000 0.065486
vn 0.086603 0.000000 0.050000
vn 0.094500 0.000000 0.032707
vn 0.098982 0.000000 0.014231
vn 0.099887 0.000000 -0.004758
vn 0.097181 0.000000 -0.023576
vn 0.090963 0.000000 -0.041542
vn 0.081458 0.000000 -0.058006
vn 0.069008 0.000000 -0.072373
vn 0.054064 0.000000 -0.084125
vn 0.037166 0.000000 -0.092837
vn 0.018925 0.000000 -0.098193
vn -0.009506 0.000000 0.099547
vn -0.009506 0.000000 0.099547
vn -0.009506 0.000000 0.099547
vn -0.009506 0.000000 0.099547
vn 0.000000 0.100000 0.000000
vn 0.000000 0.100000 0.000000
vn 0.000000 0.100000 0.000000
vn 0.000000 0.100000 0.000000
vn 0.000000 0.100000 0.000000
vn 0.000000 0.100000 0.000000
vn 0.000000 0.100000 0.000000
vn 0.000000 0.100000 0.000000
vn 0.000000 0.100000 0.000000
vn 0.000000 0.100000 0.000000
vn 0.000000 0.100000 0.000000
vn 0.000000 0.100000 0.000000
vn 0.000000 0.100000 0.000000
vn 0.000000 0.100000 0.000000
vn 0.000000 0.100000 0.000000
vn 0.000000 0.100000 0.000000
vn 0.000000 0.100000 0.000000
vn 0.000000 0.100000 0.000000
vn 0.000000 0.100000 0.000000
vn 0.000000 0.100000 0.000000
vn 0.000000 0.100000 0.000000
vn 0.000000 0.100000 0.000000
vn 0.000000 0.100000 0.000000
vn 0.000000 0.100000 0.000000
vn 0.000000 0.100000 0.000000
vn 0.000000 0.100000 0.000000
vn 0.000000 0.100000 0.000000
vn 0.000000 0.100000 0.000000
vn 0.000000 0.100000 0.000000
vn 0.000000 0.100000 0.000000
vn 0.000000 0.100000 0.000000
vn 0.000000 0.100000 0.000000
vn 0.000000 0.100000 0.000000
vn 0.000000 0.000000 -0.100000
vn -0.018925 0.000000 -0.098193
vn -0.037166 0.000000 -0.092837
vn -0.054064 0.000000 -0.084125
vn -0.069008 0.000000 -0.072373
vn -0.081458 0.000000 -0.058006
vn -0.090963 0.000000 -0.041542
vn -0.097181 0.000000 -0.023576
vn -0.099887 0.000000 -0.004758
vn -0.098982 0.000000 0.014231
vn -0.094500 0.000000 0.032707
vn -0.086603 0.000000 0.050000
vn -0.075575 0.000000 0.065486
vn -0.061816 0.000000 0.078605
vn -0.045823 0.000000 0.088884
vn -0.028173 0.000000 0.095949
vn -0.009506 0.000000 0.099547
vn 0.009506 0.000000 0.099547
vn 0.028173 0.000000 0.095949
vn 0.045823 0.000000 0.088884
vn 0.061816 0.000000 0.078605
vn 0.075575 0.000000 0.065486
vn 0.086603 0.000000 0.050000
vn 0.094500 0.000000 0.032707
vn 0.098982 0.000000 0.014231
vn 0.099887 0.000000 -0.004758
vn 0.097181 0.000000 -0.023576
vn 0.090963 0.000000 -0.041542
vn 0.081458 0.000000 -0.058006
vn 0.069008 0.000000 -0.072373
vn 0.054064 0.000000 -0.084125
vn 0.037166 0.000000 -0.092837
vn 0.018925 0.000000 -0.098193
vn 0.000000 0.086603 -0.050000
vn 0.000000 0.050000 -0.086603
vn 0.009463 0.086603 -0.049096
vn 0.016390 0.050000 -0.085038
vn 0.018583 0.086603 -0.046418
vn 0.032187 0.050000 -0.080399
vn 0.027032 0.086603 -0.042063
vn 0.046821 0.050000 -0.072855
vn 0.034504 0.086603 -0.036187
vn 0.059763 0.050000 -0.062677
vn 0.040729 0.086603 -0.029003
vn 0.070544 0.050000 -0.050234
vn 0.045482 0.086603 -0.020771
vn 0.078776 0.050000 -0.035976
vn 0.048591 0.086603 -0.011788
vn 0.084161 0.050000 -0.020417
vn 0.049943 0.086603 -0.002379
vn 0.086504 0.050000 -0.004121
vn 0.049491 0.086603 0.007116
vn 0.085721 0.050000 0.012325
vn 0.047250 0.086603 0.016353
vn 0.081839 0.050000 0.028325
vn 0.043301 0.086603 0.025000
vn 0.075000 0.050000 0.043301
vn 0.037787 0.086603 0.032743
vn 0.065450 0.050000 0.056713
vn 0.030908 0.086603 0.039303
vn 0.053534 0.050000 0.068074
vn 0.022911 0.086603 0.044442
vn 0.039684 0.050000 0.076975
vn 0.014087 0.086603 0.047975
vn 0.024399 0.050000 0.083095
vn 0.004753 0.086603 0.049774
vn 0.008232 0.050000 0.086210
vn -0.004753 0.086603 0.049774
vn -0.008232 0.050000 0.086210
vn -0.014087 0.086603 0.047975
vn -0.024399 0.050000 0.083095
vn -0.022911 0.086603 0.044442
vn -0.039684 0.050000 0.076975
vn -0.030908 0.086603 0.039303
vn -0.053534 0.050000 0.068074
vn -0.037787 0.086603 0.032743
vn -0.065450 0.050000 0.056713
vn -0.043301 0.086603 0.025000
vn -0.075000 0.050000 0.043301
vn -0.047250 0.086603 0.016353
vn -0.081839 0.050000 0.028325
vn -0.049491 0.086603 0.007116
vn -0.085721 0.050000 0.012325
vn -0.049943 0.086603 -0.002379
vn -0.086504 0.050000 -0.004121
vn -0.048591 0.086603 -0.011788
vn -0.084161 0.050000 -0.020417
vn -0.045482 0.086603 -0.020771
vn -0.078776 0.050000 -0.035976
vn -0.040729 0.086603 -0.029003
vn -0.070544 0.050000 -0.050234
vn -0.034504 0.086603 -0.036187
vn -0.059763 0.050000 -0.062677
vn -0.027032 0.086603 -0.042063
vn -0.046821 0.050000 -0.072855
vn -0.018583 0.086603 -0.046418
vn -0.032187 0.050000 -0.080399
vn -0.009463 0.086603 -0.049096
vn -0.016390 0.050000 -0.085038
vn 0.000000 0.086603 -0.050000
vn 0.000000 0.100000 0.000000
vn 0.018925 0.000000 -0.098193
vn 0.000000 0.050000 -0.086603
vn 0.000000 0.086603 -0.050000
vn 0.016390 0.050000 -0.085038
vn 0.000000 0.100000 0.000000
vn 0.000000 0.100000 0.000000
vn 0.000000 0.100000 0.000000
vn 0.000000 0.100000 0.000000
vn 0.000000 0.100000 0.000000
vn 0.000000 0.100000 0.000000
vn 0.000000 0.100000 0.000000
vn 0.000000 0.100000 0.000000
vn 0.000000 0.100000 0.000000
vn 0.000000 0.100000 0.000000
vn 0.000000 0.100000 0.000000
vn 0.000000 0.100000 0.000000
vn 0.000000 0.100000 0.000000
vn 0.000000 0.100000 0.000000
vn 0.000000 0.100000 0.000000
vn 0.000000 0.100000 0.000000
vn 0.000000 0.100000 0.000000
vn 0.000000 0.100000 0.000000
vn 0.000000 0.100000 0.000000
vn 0.000000 0.100000 0.000000
vn 0.000000 0.100000 0.000000
vn 0.000000 0.100000 0.000000
vn 0.000000 0.100000 0.000000
vn 0.000000 0.100000 0.000000
vn 0.000000 0.100000 0.000000
vn 0.000000 0.100000 0.000000
vn 0.000000 0.100000 0.000000
vn 0.000000 0.100000 0.000000
vn 0.000000 0.100000 0.000000
vn 0.000000 0.100000 0.000000
vn 0.000000 0.100000 0.000000
vn 0.000000 0.100000 0.000000
vn 0.000000 0.100000 0.000000
vn 0.000000 0.100000 0.000000
vn 0.000000 0.100000 0.000000
vn 0.000000 0.100000 0.000000
vn 0.000000 0.100000 0.000000
vn 0.000000 0.100000 0.000000
vn 0.000000 0.100000 0.000000
vn 0.000000 0.100000 0.000000
vn 0.000000 0.100000 0.000000
vn 0.000000 0.100000 0.000000
vn 0.000000 0.100000 0.000000
vn 0.000000 0.100000 0.000000
vn 0.000000 0.100000 0.000000
vn 0.000000 0.100000 0.000000
vn 0.000000 0.100000 0.000000
vn 0.000000 0.000000 -0.100000
vn 0.046472 0.000000 -0.088546
vn 0.082298 0.000000 -0.056806
vn 0.099271 0.000000 -0.012054
vn 0.093502 0.000000 0.035460
vn 0.066312 0.000000 0.074851
vn 0.023932 0.000000 0.097094
vn -0.023932 0.000000 0.097094
vn -0.066312 0.000000 0.074851
vn -0.093502 0.000000 0.035460
vn -0.099271 0.000000 -0.012054
vn -0.082298 0.000000 -0.056806
vn -0.046472 0.000000 -0.088546
vn 0.000000 0.100000 0.000000
vn 0.000000 0.100000 0.000000
vn 0.000000 0.100000 0.000000
vn 0.000000 0.100000 0.000000
vn 0.000000 0.100000 0.000000
vn 0.000000 0.100000 0.000000
vn 0.000000 0.100000 0.000000
vn 0.000000 0.100000 0.000000
vn 0.000000 0.100000 0.000000
vn 0.000000 0.100000 0.000000
vn 0.000000 0.100000 0.000000
vn 0.000000 0.100000 0.000000
vn 0.000000 0.100000 0.000000
vn 0.000000 0.100000 0.000000
vn 0.000000 0.050000 -0.086603
vn 0.000000 0.086603 -0.050000
vn 0.018006 0.050000 0.084710
vn 0.035224 0.050000 -0.079115
vn 0.020337 0.086603 -0.045677
vn 0.064358 0.050000 -0.057948
vn 0.037157 0.086603 -0.033457
vn 0.082364 0.050000 -0.026762
vn 0.047553 0.086603 -0.015451
vn 0.086128 0.050000 0.009052
vn 0.049726 0.086603 0.005226
vn 0.075000 0.050000 0.043301
vn 0.043301 0.086603 0.025000
vn 0.050904 0.050000 0.070063
vn 0.029389 0.086603 0.040451
vn 0.010396 0.086603 0.048907
vn -0.050904 0.050000 0.070063
vn -0.029389 0.086603 0.040451
vn -0.010396 0.086603 0.048907
vn -0.018006 0.050000 0.084710
vn -0.075000 0.050000 0.043301
vn -0.043301 0.086603 0.025000
vn -0.086128 0.050000 0.009052
vn -0.049726 0.086603 0.005226
vn -0.082364 0.050000 -0.026762
vn -0.047553 0.086603 -0.015451
vn -0.064358 0.050000 -0.057948
vn -0.037157 0.086603 -0.033457
vn -0.035224 0.050000 -0.079115
vn -0.020337 0.086603 -0.045677
vn 0.000000 0.050000 -0.086603
vn 0.000000 0.000000 -0.100000
vn 0.000000 0.000000 -0.100000
vn 0.000000 0.050000 -0.086603
vn 0.000000 0.100000 0.000000
vn 0.020337 0.086603 -0.045677
vn 0.020337 0.086603 -0.045677
vn 0.000000 0.000000 -0.100000
vn 0.046472 0.000000 -0.088546
vn 0.082298 0.000000 -0.056806
vn 0.099271 0.000000 -0.012054
vn 0.093502 0.000000 0.035460
vn 0.066312 0.000000 0.074851
vn 0.023932 0.000000 0.097094
vn -0.023932 0.000000 0.097094
vn -0.066312 0.000000 0.074851
vn -0.093502 0.000000 0.035460
vn -0.099271 0.000000 -0.012054
vn -0.082298 0.000000 -0.056806
vn -0.046472 0.000000 -0.088546
vn 0.000000 0.000000 -0.100000
vn -0.046472 0.000000 -0.088546
vn -0.082298 0.000000 -0.056806
vn -0.099271 0.000000 -0.012054
vn -0.093502 0.000000 0.035460
vn -0.066312 0.000000 0.074851
vn -0.023932 0.000000 0.097094
vn 0.023932 0.000000 0.097094
vn 0.066312 0.000000 0.074851
vn 0.093502 0.000000 0.035460
vn 0.099271 0.000000 -0.012054
vn 0.082298 0.000000 -0.056806
vn 0.046472 0.000000 -0.088546
vn -0.023932 0.000000 0.097094
vn -0.023932 0.000000 0.097094
vn -0.023932 0.000000 0.097094
vn -0.023932 0.000000 0.097094
vn 0.000000 0.100000 0.000000
vn 0.000000 0.100000 0.000000
vn 0.000000 0.100000 0.000000
vn 0.000000 0.100000 0.000000
vn 0.000000 0.100000 0.000000
vn 0.000000 0.100000 0.000000
vn 0.000000 0.100000 0.000000
vn 0.000000 0.100000 0.000000
vn 0.000000 0.100000 0.000000
vn 0.000000 0.100000 0.000000
vn 0.000000 0.100000 0.000000
vn 0.000000 0.100000 0.000000
vn 0.000000 0.000000 -0.100000
vn -0.046472 0.000000 -0.088546
vn -0.082298 0.000000 -0.056806
vn -0.099271 0.000000 -0.012054
vn -0.093502 0.000000 0.035460
vn -0.066312 0.000000 0.074851
vn -0.023932 0.000000 0.097094
vn 0.023932 0.000000 0.097094
vn 0.066312 0.000000 0.074851
vn 0.093502 0.000000 0.035460
vn 0.099271 0.000000 -0.012054
vn 0.082298 0.000000 -0.056806
vn 0.046472 0.000000 -0.088546
vn 0.000000 0.086603 -0.050000
vn 0.000000 0.050000 -0.086603
vn 0.023236 0.086603 -0.044273
vn 0.040246 0.050000 -0.076683
vn 0.041149 0.086603 -0.028403
vn 0.071272 0.050000 -0.049196
vn 0.049635 0.086603 -0.006027
vn 0.085971 0.050000 -0.010439
vn 0.046751 0.086603 0.017730
vn 0.080975 0.050000 0.030710
vn 0.033156 0.086603 0.037426
vn 0.057428 0.050000 0.064823
vn 0.011966 0.086603 0.048547
vn 0.020725 0.050000 0.084086
vn -0.011966 0.086603 0.048547
vn -0.020725 0.050000 0.084086
vn -0.033156 0.086603 0.037426
vn -0.057428 0.050000 0.064823
vn -0.046751 0.086603 0.017730
vn -0.080975 0.050000 0.030710
vn -0.049635 0.086603 -0.006027
vn -0.085971 0.050000 -0.010439
vn -0.041149 0.086603 -0.028403
vn -0.071272 0.050000 -0.049196
vn -0.023236 0.086603 -0.044273
vn -0.040246 0.050000 -0.076683
vn 0.000000 0.086603 -0.050000
vn 0.000000 0.100000 0.000000
vn 0.000000 0.100000 0.000000
vn 0.000000 0.050000 -0.086603
vn 0.046472 0.000000 -0.088546
vn 0.040246 0.050000 -0.076683
vn 0.000000 0.086603 -0.050000
vn 0.000000 0.100000 0.000000
vn 0.000000 0.100000 0.000000
vn 0.000000 0.100000 0.000000
vn 0.000000 0.100000 0.000000
vn 0.000000 0.100000 0.000000
vn 0.000000 0.100000 0.000000
vn 0.000000 0.100000 0.000000
vn 0.000000 0.100000 0.000000
vn 0.000000 0.100000 0.000000
vn 0.000000 0.100000 0.000000
vn 0.000000 0.100000 0.000000
vn 0.000000 0.100000 0.000000
vn 0.000000 -0.100000 0.000000
vn 0.000000 -0.100000 0.000000
vn 0.000000 -0.100000 0.000000
vn 0.000000 -0.100000 0.000000
vn 0.000000 -0.100000 0.000000
vn 0.000000 -0.100000 0.000000
vn 0.000000 -0.100000 0.000000
vn 0.000000 -0.100000 0.000000
vn 0.000000 -0.100000 0.000000
vn 0.000000 -0.100000 0.000000
vn 0.000000 -0.100000 0.000000
vn 0.000000 -0.100000 0.000000
vn 0.000000 -0.100000 0.000000
vn 0.000000 -0.100000 0.000000
vn 0.000000 -0.100000 0.000000
vn 0.000000 -0.100000 0.000000
vn 0.000000 -0.100000 0.000000
vn 0.000000 -0.100000 0.000000
vn 0.000000 -0.100000 0.000000
vn 0.000000 -0.100000 0.000000
vn 0.000000 -0.100000 0.000000
vn 0.000000 -0.100000 0.000000
vn 0.000000 -0.100000 0.000000
vn 0.000000 -0.100000 0.000000
vn 0.000000 -0.100000 0.000000
vn 0.000000 -0.100000 0.000000
vn 0.000000 -0.100000 0.000000
vn 0.000000 -0.100000 0.000000
vn 0.000000 -0.100000 0.000000
vn 0.000000 -0.100000 0.000000
vn 0.000000 -0.100000 0.000000
vn 0.000000 -0.100000 0.000000
vn 0.000000 -0.100000 0.000000
vn 0.000000 -0.094109 -0.033817
vn 0.005872 -0.094109 -0.033303
vn 0.011566 -0.094109 -0.031777
vn 0.016908 -0.094109 -0.029286
vn 0.021737 -0.094109 -0.025905
vn 0.025905 -0.094109 -0.021737
vn 0.029286 -0.094109 -0.016908
vn 0.031777 -0.094109 -0.011566
vn 0.033303 -0.094109 -0.005872
vn 0.033817 -0.094109 0.000000
vn 0.033303 -0.094109 0.005872
vn 0.031777 -0.094109 0.011566
vn 0.029286 -0.094109 0.016908
vn 0.025905 -0.094109 0.021737
vn 0.021737 -0.094109 0.025905
vn 0.016908 -0.094109 0.029286
vn 0.011566 -0.094109 0.031777
vn 0.005872 -0.094109 0.033303
vn 0.000000 -0.094109 0.033817
vn -0.005872 -0.094109 0.033303
vn -0.011566 -0.094109 0.031777
vn -0.016908 -0.094109 0.029286
vn -0.021737 -0.094109 0.025905
vn -0.025905 -0.094109 0.021737
vn -0.029286 -0.094109 0.016908
vn -0.031777 -0.094109 0.011566
vn -0.033303 -0.094109 0.005872
vn -0.033817 -0.094109 0.000000
vn -0.033303 -0.094109 -0.005872
vn -0.031777 -0.094109 -0.011566
vn -0.029286 -0.094109 -0.016908
vn -0.025905 -0.094109 -0.021737
vn -0.021737 -0.094109 -0.025905
vn -0.016908 -0.094109 -0.029286
vn -0.011566 -0.094109 -0.031777
vn -0.005872 -0.094109 -0.033303
vn 0.000000 -0.100000 0.000000
vn 0.000000 -0.100000 0.000000
vn 0.000000 -0.100000 0.000000
vn 0.000000 -0.100000 0.000000
vn 0.000000 -0.100000 0.000000
vn 0.000000 -0.100000 0.000000
vn 0.000000 -0.100000 0.000000
vn 0.000000 -0.100000 0.000000
vn 0.000000 -0.100000 0.000000
vn 0.000000 -0.100000 0.000000
vn 0.000000 -0.100000 0.000000
vn 0.000000 -0.100000 0.000000
vn 0.000000 -0.100000 0.000000
vn 0.000000 -0.100000 0.000000
vn 0.000000 -0.100000 0.000000
vn 0.000000 -0.100000 0.000000
vn 0.000000 -0.100000 0.000000
vn 0.000000 -0.100000 0.000000
vn 0.000000 -0.100000 0.000000
vn 0.000000 -0.100000 0.000000
vn 0.000000 -0.100000 0.000000
vn 0.000000 -0.100000 0.000000
vn 0.000000 -0.100000 0.000000
vn 0.000000 -0.100000 0.000000
vn 0.000000 -0.100000 0.000000
vn 0.000000 -0.100000 0.000000
vn 0.000000 -0.100000 0.000000
vn 0.000000 -0.100000 0.000000
vn 0.000000 -0.100000 0.000000
vn 0.000000 -0.100000 0.000000
vn 0.000000 -0.100000 0.000000
vn 0.000000 -0.100000 0.000000
vn 0.000000 -0.100000 0.000000
vn 0.000000 -0.098516 -0.017163
vn -0.013650 -0.098516 -0.010405
vn -0.016849 -0.098516 -0.003268
vn -0.017050 -0.098516 0.001968
vn -0.008771 -0.098516 0.014753
vn -0.010920 -0.098516 0.013241
vn -0.001314 -0.098516 0.017113
vn 0.008771 -0.098516 0.014753
vn 0.010920 -0.098516 0.013241
vn 0.017050 -0.098516 0.001968
vn 0.016849 -0.098516 -0.003268
vn 0.013650 -0.098516 -0.010405
vn 0.002620 -0.098516 -0.016962
vn 0.005178 -0.098516 -0.016363
vn 0.007616 -0.098516 -0.015381
vn 0.009874 -0.098516 -0.014038
vn 0.011901 -0.098516 -0.012366
vn 0.015078 -0.098516 -0.008199
vn 0.016153 -0.098516 -0.005801
vn 0.017150 -0.098516 -0.000657
vn 0.016549 -0.098516 0.004548
vn 0.015661 -0.098516 0.007021
vn 0.014406 -0.098516 0.009329
vn 0.012813 -0.098516 0.011419
vn 0.006416 -0.098516 0.015919
vn 0.003911 -0.098516 0.016711
vn 0.001314 -0.098516 0.017113
vn -0.003911 -0.098516 0.016711
vn -0.006416 -0.098516 0.015919
vn -0.012813 -0.098516 0.011419
vn -0.014406 -0.098516 0.009329
vn -0.015661 -0.098516 0.007021
vn -0.016549 -0.098516 0.004548
vn -0.017150 -0.098516 -0.000657
vn -0.016153 -0.098516 -0.005801
vn -0.015078 -0.098516 -0.008199
vn -0.011901 -0.098516 -0.012366
vn -0.009874 -0.098516 -0.014038
vn -0.007616 -0.098516 -0.015381
vn -0.005178 -0.098516 -0.016363
vn -0.002620 -0.098516 -0.016962
vn 0.000000 -0.098516 -0.017163
vn 0.000000 -0.094109 -0.033817
vn 0.000000 -0.094109 -0.033817
vn 0.000000 -0.100000 0.000000
vn 0.002620 -0.098516 -0.016962
vn 0.000000 -0.094109 -0.033817
vn 0.004605 -0.094109 -0.033502
vn 0.009124 -0.094109 -0.032563
vn 0.013473 -0.094109 -0.031017
vn 0.017571 -0.094109 -0.028894
vn 0.021341 -0.094109 -0.026232
vn 0.024714 -0.094109 -0.023082
vn 0.027627 -0.094109 -0.019501
vn 0.030025 -0.094109 -0.015558
vn 0.031864 -0.094109 -0.011324
vn 0.033109 -0.094109 -0.006880
vn 0.033738 -0.094109 -0.002308
vn 0.033738 -0.094109 0.002308
vn 0.033109 -0.094109 0.006880
vn 0.031864 -0.094109 0.011324
vn 0.030025 -0.094109 0.015558
vn 0.027627 -0.094109 0.019501
vn 0.024714 -0.094109 0.023082
vn 0.021341 -0.094109 0.026232
vn 0.017571 -0.094109 0.028894
vn 0.013473 -0.094109 0.031017
vn 0.009124 -0.094109 0.032563
vn 0.004605 -0.094109 0.033502
vn 0.000000 -0.094109 0.033817
vn -0.004605 -0.094109 0.033502
vn -0.009124 -0.094109 0.032563
vn -0.013473 -0.094109 0.031017
vn -0.017571 -0.094109 0.028894
vn -0.021341 -0.094109 0.026232
vn -0.024714 -0.094109 0.023082
vn -0.027627 -0.094109 0.019501
vn -0.030025 -0.094109 0.015558
vn -0.031864 -0.094109 0.011324
vn -0.033109 -0.094109 0.006880
vn -0.033738 -0.094109 0.002308
vn -0.033738 -0.094109 -0.002308
vn -0.033109 -0.094109 -0.006880
vn -0.031864 -0.094109 -0.011324
vn -0.030025 -0.094109 -0.015558
vn -0.027627 -0.094109 -0.019501
vn -0.024714 -0.094109 -0.023082
vn -0.021341 -0.094109 -0.026232
vn -0.017571 -0.094109 -0.028894
vn -0.013473 -0.094109 -0.031017
vn -0.009124 -0.094109 -0.032563
vn -0.004605 -0.094109 -0.033502
vn 0.000000 -0.094109 -0.033817
vn -0.005872 -0.094109 -0.033303
vn -0.011566 -0.094109 -0.031777
vn -0.016908 -0.094109 -0.029286
vn -0.021737 -0.094109 -0.025905
vn -0.025905 -0.094109 -0.021737
vn -0.029286 -0.094109 -0.016908
vn -0.031777 -0.094109 -0.011566
vn -0.033303 -0.094109 -0.005872
vn -0.033817 -0.094109 0.000000
vn -0.033303 -0.094109 0.005872
vn -0.031777 -0.094109 0.011566
vn -0.029286 -0.094109 0.016908
vn -0.025905 -0.094109 0.021737
vn -0.021737 -0.094109 0.025905
vn -0.016908 -0.094109 0.029286
vn -0.011566 -0.094109 0.031777
vn -0.005872 -0.094109 0.033303
vn 0.000000 -0.094109 0.033817
vn 0.005872 -0.094109 0.033303
vn 0.011566 -0.094109 0.031777
vn 0.016908 -0.094109 0.029286
vn 0.021737 -0.094109 0.025905
vn 0.025905 -0.094109 0.021737
vn 0.029286 -0.094109 0.016908
vn 0.031777 -0.094109 0.011566
vn 0.033303 -0.094109 0.005872
vn 0.033817 -0.094109 0.000000
vn 0.033303 -0.094109 -0.005872
vn 0.031777 -0.094109 -0.011566
vn 0.029286 -0.094109 -0.016908
vn 0.025905 -0.094109 -0.021737
vn 0.021737 -0.094109 -0.025905
vn 0.016908 -0.094109 -0.029286
vn 0.011566 -0.094109 -0.031777
vn 0.005872 -0.094109 -0.033303
vn 0.000000 -0.094109 0.033817
vn 0.000000 -0.094109 0.033817
vn 0.000000 -0.094109 0.033817
vn 0.000000 0.000000 -0.100000
vn 0.000000 -0.005010 -0.099874
vn 0.000000 -0.010622 -0.099434
vn 0.000000 -0.016637 -0.098606
vn 0.000000 -0.022788 -0.097369
vn 0.000000 -0.028802 -0.095762
vn 0.000000 -0.034472 -0.093871
vn 0.000000 -0.044583 -0.089512
vn 0.000000 -0.054684 -0.083724
vn 0.000000 -0.068502 -0.072853
vn 0.000000 -0.076282 -0.064661
vn 0.000000 -0.083205 -0.055469
vn 0.000000 -0.088432 -0.046688
vn 0.000000 -0.091904 -0.039418
vn -0.005367 -0.091904 -0.039050
vn -0.010635 -0.091904 -0.037956
vn -0.015704 -0.091904 -0.036154
vn -0.020481 -0.091904 -0.033679
vn -0.024876 -0.091904 -0.030577
vn -0.028808 -0.091904 -0.026905
vn -0.032203 -0.091904 -0.022731
vn -0.034998 -0.091904 -0.018135
vn -0.037142 -0.091904 -0.013200
vn -0.038593 -0.091904 -0.008020
vn -0.039326 -0.091904 -0.002690
vn -0.039326 -0.091904 0.002690
vn -0.038593 -0.091904 0.008020
vn -0.037142 -0.091904 0.013200
vn -0.034998 -0.091904 0.018135
vn -0.032203 -0.091904 0.022731
vn -0.028808 -0.091904 0.026905
vn -0.024876 -0.091904 0.030577
vn -0.020481 -0.091904 0.033679
vn -0.015704 -0.091904 0.036154
vn -0.010635 -0.091904 0.037956
vn -0.005367 -0.091904 0.039050
vn 0.000000 -0.091904 0.039418
vn 0.005367 -0.091904 0.039050
vn 0.010635 -0.091904 0.037956
vn 0.015704 -0.091904 0.036154
vn 0.020481 -0.091904 0.033679
vn 0.024876 -0.091904 0.030577
vn 0.028808 -0.091904 0.026905
vn 0.032203 -0.091904 0.022731
vn 0.034998 -0.091904 0.018135
vn 0.037142 -0.091904 0.013200
vn 0.038593 -0.091904 0.008020
vn 0.039326 -0.091904 0.002690
vn 0.039326 -0.091904 -0.002690
vn 0.038593 -0.091904 -0.008020
vn 0.037142 -0.091904 -0.013200
vn 0.034998 -0.091904 -0.018135
vn 0.032203 -0.091904 -0.022731
vn 0.028808 -0.091904 -0.026905
vn 0.024876 -0.091904 -0.030577
vn 0.020481 -0.091904 -0.033679
vn 0.015704 -0.091904 -0.036154
vn 0.010635 -0.091904 -0.037956
vn 0.005367 -0.091904 -0.039050
vn 0.000000 -0.091904 -0.039418
vn 0.000000 -0.088432 -0.046688
vn 0.000000 -0.083205 -0.055469
vn 0.000000 -0.076282 -0.064661
vn 0.000000 -0.068502 -0.072853
vn 0.000000 -0.054684 -0.083724
vn 0.000000 -0.044583 -0.089512
vn 0.000000 -0.034472 -0.093871
vn 0.000000 -0.028802 -0.095762
vn 0.000000 -0.022788 -0.097369
vn 0.000000 -0.016637 -0.098606
vn 0.000000 -0.010622 -0.099434
vn 0.000000 -0.005010 -0.099874
vn 0.000000 0.000000 -0.100000
vn 0.011827 0.000000 -0.099298
vn 0.023489 0.000000 -0.097202
vn 0.034820 0.000000 -0.093742
vn 0.045663 0.000000 -0.088966
vn 0.055865 0.000000 -0.082941
vn 0.065282 0.000000 -0.075751
vn 0.073783 0.000000 -0.067498
vn 0.081249 0.000000 -0.058298
vn 0.087573 0.000000 -0.048279
vn 0.092669 0.000000 -0.037583
vn 0.096464 0.000000 -0.026359
vn 0.098904 0.000000 -0.014765
vn 0.099956 0.000000 -0.002963
vn 0.099605 0.000000 0.008880
vn 0.097856 0.000000 0.020598
vn 0.094733 0.000000 0.032027
vn 0.090280 0.000000 0.043007
vn 0.084560 0.000000 0.053382
vn 0.077652 0.000000 0.063009
vn 0.069655 0.000000 0.071751
vn 0.060680 0.000000 0.079485
vn 0.050853 0.000000 0.086104
vn 0.040312 0.000000 0.091515
vn 0.029206 0.000000 0.095640
vn 0.017689 0.000000 0.098423
vn 0.005924 0.000000 0.099824
vn -0.005924 0.000000 0.099824
vn -0.017689 0.000000 0.098423
vn -0.029206 0.000000 0.095640
vn -0.040312 0.000000 0.091515
vn -0.050853 0.000000 0.086104
vn -0.060680 0.000000 0.079485
vn -0.069655 0.000000 0.071751
vn -0.077652 0.000000 0.063009
vn -0.084560 0.000000 0.053382
vn -0.090280 0.000000 0.043007
vn -0.094733 0.000000 0.032027
vn -0.097856 0.000000 0.020598
vn -0.099605 0.000000 0.008880
vn -0.099956 0.000000 -0.002963
vn -0.098904 0.000000 -0.014765
vn -0.096464 0.000000 -0.026359
vn -0.092669 0.000000 -0.037583
vn -0.087573 0.000000 -0.048279
vn -0.081249 0.000000 -0.058298
vn -0.073783 0.000000 -0.067498
vn -0.065282 0.000000 -0.075751
vn -0.055865 0.000000 -0.082941
vn -0.045663 0.000000 -0.088966
vn -0.034820 0.000000 -0.093742
vn -0.023489 0.000000 -0.097202
vn -0.011827 0.000000 -0.099298
vn -0.014667 -0.002984 -0.098874
vn -0.009840 -0.089347 -0.043821
vn -0.042736 -0.002984 -0.090359
vn -0.016164 -0.089347 -0.041903
vn -0.049268 -0.002984 -0.086970
vn -0.019202 -0.089347 -0.040600
vn -0.024952 -0.089347 -0.037343
vn -0.067126 -0.002984 -0.074062
vn -0.030161 -0.089347 -0.033278
vn -0.085735 -0.002984 -0.051387
vn -0.038522 -0.089347 -0.023089
vn -0.089283 -0.002984 -0.044941
vn -0.041493 -0.089347 -0.017187
vn -0.098484 -0.002984 -0.017089
vn -0.043566 -0.089347 -0.010913
vn -0.044251 -0.089347 -0.007678
vn -0.099835 -0.002984 0.004905
vn -0.044898 -0.089347 -0.001102
vn -0.099204 -0.002984 0.012236
vn -0.044574 -0.089347 0.005498
vn -0.091380 -0.002984 0.040506
vn -0.041059 -0.089347 0.018200
vn -0.080285 -0.002984 0.059543
vn -0.037944 -0.089347 0.024028
vn -0.075687 -0.002984 0.065288
vn -0.034008 -0.089347 0.029335
vn -0.031758 -0.089347 0.031758
vn -0.058222 -0.002984 0.081248
vn -0.019864 -0.089347 0.040280
vn -0.021102 -0.002984 0.097703
vn -0.016506 -0.089347 0.041769
vn 0.003270 -0.002984 0.099902
vn -0.002204 -0.089347 0.044858
vn 0.001469 -0.089347 0.044888
vn 0.019500 -0.002984 0.098035
vn 0.015820 -0.089347 0.042033
vn 0.042736 -0.002984 0.090359
vn 0.019202 -0.089347 0.040600
vn 0.063411 -0.002984 0.077267
vn 0.031234 -0.089347 0.032273
vn 0.033767 -0.089347 0.029613
vn 0.088912 -0.002984 0.045670
vn 0.041493 -0.089347 0.017187
vn 0.097344 -0.002984 0.022698
vn 0.042759 -0.089347 0.013739
vn 0.099741 -0.002984 0.006537
vn 0.044906 -0.089347 -0.000735
vn 0.098341 -0.002984 -0.017894
vn 0.044696 -0.089347 -0.004402
vn 0.040909 -0.089347 -0.018536
vn 0.083110 -0.002984 -0.055532
vn 0.039257 -0.089347 -0.021817
vn 0.067126 -0.002984 -0.074062
vn 0.030161 -0.089347 -0.033278
vn 0.054165 -0.002984 -0.084007
vn 0.027341 -0.089347 -0.035631
vn 0.032130 -0.002984 -0.094651
vn 0.010913 -0.089347 -0.043566
vn -0.003304 -0.089347 -0.044790
vn -0.003783 -0.085766 -0.051282
vn -0.004306 -0.081076 -0.058380
vn -0.004827 -0.075461 -0.065440
vn -0.005685 -0.063473 -0.077064
vn -0.006217 -0.053457 -0.084283
vn -0.006484 -0.047238 -0.087900
vn -0.006697 -0.041391 -0.090785
vn -0.006889 -0.035095 -0.093386
vn -0.007059 -0.028166 -0.095692
vn -0.007196 -0.020754 -0.097558
vn -0.007291 -0.013269 -0.098847
vn -0.007342 -0.006215 -0.099536
vn -0.007353 -0.002984 -0.099685
vn -0.006590 -0.089347 -0.044426
vn -0.007545 -0.085766 -0.050865
vn -0.008589 -0.081076 -0.057905
vn -0.009628 -0.075461 -0.064907
vn -0.011338 -0.063473 -0.076437
vn -0.012401 -0.053457 -0.083597
vn -0.012933 -0.047238 -0.087185
vn -0.013357 -0.041391 -0.090047
vn -0.013740 -0.035095 -0.092626
vn -0.014079 -0.028166 -0.094913
vn -0.014354 -0.020754 -0.096764
vn -0.014543 -0.013269 -0.098043
vn -0.014645 -0.006215 -0.098726
vn -0.013037 -0.089347 -0.042978
vn -0.014927 -0.085766 -0.049207
vn -0.016993 -0.081076 -0.056018
vn -0.019048 -0.075461 -0.062792
vn -0.022431 -0.063473 -0.073946
vn -0.024533 -0.053457 -0.080873
vn -0.025585 -0.047238 -0.084344
vn -0.026425 -0.041391 -0.087112
vn -0.027182 -0.035095 -0.089607
vn -0.027853 -0.028166 -0.091820
vn -0.028396 -0.020754 -0.093610
vn -0.028772 -0.013269 -0.094848
vn -0.028972 -0.006215 -0.095509
vn -0.029016 -0.002984 -0.095651
vn -0.021900 -0.002984 -0.097527
vn -0.021868 -0.006215 -0.097382
vn -0.021716 -0.013269 -0.096707
vn -0.021433 -0.020754 -0.095446
vn -0.021023 -0.028166 -0.093620
vn -0.020516 -0.035095 -0.091364
vn -0.019945 -0.041391 -0.088820
vn -0.019311 -0.047238 -0.085998
vn -0.018517 -0.053457 -0.082459
vn -0.016931 -0.063473 -0.075396
vn -0.014377 -0.075461 -0.064023
vn -0.012826 -0.081076 -0.057116
vn -0.011266 -0.085766 -0.050172
vn -0.021985 -0.085766 -0.046484
vn -0.025028 -0.081076 -0.052918
vn -0.028055 -0.075461 -0.059317
vn -0.033039 -0.063473 -0.069855
vn -0.036134 -0.053457 -0.076398
vn -0.037684 -0.047238 -0.079677
vn -0.038921 -0.041391 -0.082292
vn -0.040036 -0.035095 -0.084649
vn -0.041025 -0.028166 -0.086739
vn -0.041825 -0.020754 -0.088431
vn -0.042377 -0.013269 -0.089600
vn -0.042673 -0.006215 -0.090224
vn -0.035973 -0.002984 -0.093258
vn -0.035920 -0.006215 -0.093119
vn -0.035671 -0.013269 -0.092474
vn -0.035206 -0.020754 -0.091268
vn -0.034532 -0.028166 -0.089522
vn -0.033700 -0.035095 -0.087365
vn -0.032762 -0.041391 -0.084932
vn -0.031721 -0.047238 -0.082233
vn -0.030416 -0.053457 -0.078849
vn -0.027810 -0.063473 -0.072096
vn -0.023615 -0.075461 -0.061221
vn -0.021068 -0.081076 -0.054616
vn -0.018506 -0.085766 -0.047976
vn -0.028568 -0.085766 -0.042755
vn -0.032522 -0.081076 -0.048673
vn -0.036455 -0.075461 -0.054559
vn -0.042931 -0.063473 -0.064251
vn -0.046952 -0.053457 -0.070269
vn -0.048968 -0.047238 -0.073285
vn -0.050575 -0.041391 -0.075690
vn -0.052023 -0.035095 -0.077858
vn -0.053308 -0.028166 -0.079781
vn -0.054347 -0.020754 -0.081337
vn -0.055066 -0.013269 -0.082412
vn -0.055450 -0.006215 -0.082986
vn -0.055532 -0.002984 -0.083110
vn -0.049195 -0.006215 -0.086841
vn -0.048854 -0.013269 -0.086239
vn -0.048217 -0.020754 -0.085114
vn -0.047294 -0.028166 -0.083486
vn -0.046155 -0.035095 -0.081474
vn -0.044869 -0.041391 -0.079206
vn -0.043444 -0.047238 -0.076689
vn -0.041656 -0.053457 -0.073533
vn -0.038088 -0.063473 -0.067235
vn -0.032343 -0.075461 -0.057093
vn -0.028854 -0.081076 -0.050934
vn -0.025345 -0.085766 -0.044741
vn -0.022137 -0.089347 -0.039077
vn -0.034532 -0.085766 -0.038101
vn -0.039312 -0.081076 -0.043374
vn -0.044066 -0.075461 -0.048619
vn -0.051894 -0.063473 -0.057256
vn -0.056755 -0.053457 -0.062619
vn -0.059191 -0.047238 -0.065307
vn -0.061133 -0.041391 -0.067450
vn -0.062884 -0.035095 -0.069382
vn -0.064437 -0.028166 -0.071095
vn -0.065694 -0.020754 -0.072482
vn -0.066562 -0.013269 -0.073440
vn -0.067026 -0.006215 -0.073952
vn -0.061496 -0.002984 -0.078800
vn -0.061404 -0.006215 -0.078682
vn -0.060979 -0.013269 -0.078138
vn -0.060184 -0.020754 -0.077118
vn -0.059032 -0.028166 -0.075643
vn -0.057610 -0.035095 -0.073820
vn -0.056006 -0.041391 -0.071765
vn -0.054226 -0.047238 -0.069484
vn -0.051995 -0.053457 -0.066625
vn -0.047541 -0.063473 -0.060918
vn -0.040370 -0.075461 -0.051729
vn -0.036015 -0.081076 -0.046149
vn -0.031636 -0.085766 -0.040538
vn -0.027631 -0.089347 -0.035406
vn -0.034717 -0.089347 -0.028492
vn -0.039749 -0.085766 -0.032621
vn -0.045251 -0.081076 -0.037136
vn -0.050723 -0.075461 -0.041627
vn -0.059733 -0.063473 -0.049022
vn -0.065329 -0.053457 -0.053614
vn -0.068133 -0.047238 -0.055915
vn -0.070369 -0.041391 -0.057750
vn -0.072384 -0.035095 -0.059404
vn -0.074172 -0.028166 -0.060871
vn -0.075618 -0.020754 -0.062058
vn -0.076617 -0.013269 -0.062878
vn -0.077152 -0.006215 -0.063317
vn -0.077267 -0.002984 -0.063411
vn -0.072392 -0.002984 -0.068923
vn -0.072285 -0.006215 -0.068821
vn -0.071784 -0.013269 -0.068344
vn -0.070848 -0.020754 -0.067453
vn -0.069493 -0.028166 -0.066162
vn -0.067818 -0.035095 -0.064568
vn -0.065930 -0.041391 -0.062770
vn -0.063835 -0.047238 -0.060776
vn -0.061208 -0.053457 -0.058275
vn -0.055965 -0.063473 -0.053283
vn -0.047523 -0.075461 -0.045246
vn -0.042396 -0.081076 -0.040365
vn -0.037242 -0.085766 -0.035457
vn -0.032527 -0.089347 -0.030969
vn -0.036719 -0.089347 -0.025861
vn -0.042041 -0.085766 -0.029609
vn -0.047860 -0.081076 -0.033707
vn -0.053648 -0.075461 -0.037783
vn -0.063178 -0.063473 -0.044495
vn -0.069096 -0.053457 -0.048663
vn -0.072061 -0.047238 -0.050751
vn -0.074426 -0.041391 -0.052417
vn -0.076558 -0.035095 -0.053918
vn -0.078448 -0.028166 -0.055250
vn -0.079978 -0.020754 -0.056327
vn -0.081036 -0.013269 -0.057072
vn -0.081600 -0.006215 -0.057470
vn -0.081722 -0.002984 -0.057555
vn -0.040117 -0.089347 -0.020193
vn -0.045931 -0.085766 -0.023120
vn -0.052288 -0.081076 -0.026320
vn -0.058611 -0.075461 -0.029502
vn -0.069023 -0.063473 -0.034743
vn -0.075488 -0.053457 -0.037998
vn -0.078728 -0.047238 -0.039628
vn -0.081312 -0.041391 -0.040929
vn -0.083641 -0.035095 -0.042101
vn -0.085706 -0.028166 -0.043141
vn -0.087378 -0.020754 -0.043982
vn -0.088533 -0.013269 -0.044564
vn -0.089150 -0.006215 -0.044874
vn -0.085607 -0.006215 -0.051311
vn -0.085014 -0.013269 -0.050956
vn -0.083905 -0.020754 -0.050291
vn -0.082300 -0.028166 -0.049329
vn -0.080317 -0.035095 -0.048140
vn -0.078081 -0.041391 -0.046800
vn -0.075600 -0.047238 -0.045313
vn -0.072489 -0.053457 -0.043448
vn -0.066280 -0.063473 -0.039727
vn -0.056282 -0.075461 -0.033734
vn -0.050210 -0.081076 -0.030095
vn -0.044105 -0.085766 -0.026436
vn -0.042645 -0.089347 -0.014088
vn -0.048826 -0.085766 -0.016130
vn -0.055584 -0.081076 -0.018362
vn -0.062306 -0.075461 -0.020583
vn -0.073373 -0.063473 -0.024239
vn -0.080247 -0.053457 -0.026510
vn -0.083691 -0.047238 -0.027648
vn -0.086437 -0.041391 -0.028555
vn -0.088913 -0.035095 -0.029373
vn -0.091109 -0.028166 -0.030098
vn -0.092885 -0.020754 -0.030685
vn -0.094113 -0.013269 -0.031091
vn -0.094769 -0.006215 -0.031308
vn -0.094911 -0.002984 -0.031354
vn -0.092347 -0.002984 -0.038251
vn -0.092209 -0.006215 -0.038194
vn -0.091571 -0.013269 -0.037930
vn -0.090376 -0.020754 -0.037435
vn -0.088648 -0.028166 -0.036719
vn -0.086511 -0.035095 -0.035834
vn -0.084103 -0.041391 -0.034836
vn -0.081430 -0.047238 -0.033729
vn -0.078079 -0.053457 -0.032341
vn -0.071392 -0.063473 -0.029571
vn -0.060623 -0.075461 -0.025111
vn -0.054082 -0.081076 -0.022402
vn -0.047507 -0.085766 -0.019678
vn -0.050664 -0.085766 -0.008791
vn -0.057677 -0.081076 -0.010008
vn -0.064651 -0.075461 -0.011218
vn -0.076136 -0.063473 -0.013211
vn -0.083268 -0.053457 -0.014448
vn -0.086842 -0.047238 -0.015068
vn -0.089692 -0.041391 -0.015563
vn -0.092261 -0.035095 -0.016009
vn -0.094539 -0.028166 -0.016404
vn -0.096383 -0.020754 -0.016724
vn -0.097657 -0.013269 -0.016945
vn -0.098337 -0.006215 -0.017063
vn -0.096960 -0.002984 -0.024287
vn -0.096816 -0.006215 -0.024251
vn -0.096145 -0.013269 -0.024083
vn -0.094891 -0.020754 -0.023769
vn -0.093076 -0.028166 -0.023314
vn -0.090833 -0.035095 -0.022752
vn -0.088304 -0.041391 -0.022119
vn -0.085498 -0.047238 -0.021416
vn -0.081979 -0.053457 -0.020535
vn -0.074958 -0.063473 -0.018776
vn -0.063651 -0.075461 -0.015944
vn -0.056784 -0.081076 -0.014224
vn -0.049880 -0.085766 -0.012494
vn -0.051406 -0.085766 -0.001262
vn -0.058521 -0.081076 -0.001437
vn -0.065598 -0.075461 -0.001610
vn -0.077250 -0.063473 -0.001896
vn -0.084487 -0.053457 -0.002074
vn -0.088113 -0.047238 -0.002163
vn -0.091004 -0.041391 -0.002234
vn -0.093611 -0.035095 -0.002298
vn -0.095923 -0.028166 -0.002355
vn -0.097793 -0.020754 -0.002401
vn -0.099086 -0.013269 -0.002432
vn -0.099777 -0.006215 -0.002449
vn -0.099925 -0.002984 -0.002453
vn -0.099474 -0.002984 -0.009797
vn -0.099326 -0.006215 -0.009783
vn -0.098638 -0.013269 -0.009715
vn -0.097352 -0.020754 -0.009588
vn -0.095489 -0.028166 -0.009405
vn -0.093188 -0.035095 -0.009178
vn -0.090594 -0.041391 -0.008923
vn -0.087715 -0.047238 -0.008639
vn -0.084105 -0.053457 -0.008284
vn -0.076902 -0.063473 -0.007574
vn -0.065301 -0.075461 -0.006432
vn -0.058257 -0.081076 -0.005738
vn -0.051174 -0.085766 -0.005040
vn -0.044696 -0.089347 -0.004402
vn -0.051034 -0.085766 0.006295
vn -0.058098 -0.081076 0.007166
vn -0.065124 -0.075461 0.008032
vn -0.076692 -0.063473 0.009459
vn -0.083877 -0.053457 0.010345
vn -0.087476 -0.047238 0.010789
vn -0.090347 -0.041391 0.011143
vn -0.092935 -0.035095 0.011462
vn -0.095230 -0.028166 0.011745
vn -0.097087 -0.020754 0.011975
vn -0.098370 -0.013269 0.012133
vn -0.099056 -0.006215 0.012217
vn -0.099686 -0.006215 0.004897
vn -0.098996 -0.013269 0.004863
vn -0.097705 -0.020754 0.004800
vn -0.095836 -0.028166 0.004708
vn -0.093526 -0.035095 0.004595
vn -0.090922 -0.041391 0.004467
vn -0.088033 -0.047238 0.004325
vn -0.084410 -0.053457 0.004147
vn -0.077181 -0.063473 0.003792
vn -0.065538 -0.075461 0.003220
vn -0.058468 -0.081076 0.002872
vn -0.051359 -0.085766 0.002523
vn -0.044858 -0.089347 0.002204
vn -0.043285 -0.089347 0.011979
vn -0.049559 -0.085766 0.013715
vn -0.056418 -0.081076 0.015613
vn -0.063240 -0.075461 0.017501
vn -0.074474 -0.063473 0.020610
vn -0.081451 -0.053457 0.022540
vn -0.084947 -0.047238 0.023508
vn -0.087734 -0.041391 0.024279
vn -0.090247 -0.035095 0.024975
vn -0.092476 -0.028166 0.025591
vn -0.094279 -0.020754 0.026091
vn -0.095525 -0.013269 0.026435
vn -0.096191 -0.006215 0.026620
vn -0.096335 -0.002984 0.026659
vn -0.098035 -0.002984 0.019500
vn -0.097889 -0.006215 0.019471
vn -0.097211 -0.013269 0.019337
vn -0.095943 -0.020754 0.019084
vn -0.094108 -0.028166 0.018719
vn -0.091840 -0.035095 0.018268
vn -0.089283 -0.041391 0.017759
vn -0.086446 -0.047238 0.017195
vn -0.082888 -0.053457 0.016488
vn -0.075789 -0.063473 0.015075
vn -0.064357 -0.075461 0.012801
vn -0.057414 -0.081076 0.011420
vn -0.050433 -0.085766 0.010032
vn -0.044049 -0.089347 0.008762
vn -0.042287 -0.089347 0.015130
vn -0.048415 -0.085766 0.017323
vn -0.055117 -0.081076 0.019721
vn -0.061782 -0.075461 0.022106
vn -0.072757 -0.063473 0.026033
vn -0.079572 -0.053457 0.028471
vn -0.082987 -0.047238 0.029693
vn -0.085711 -0.041391 0.030668
vn -0.088165 -0.035095 0.031546
vn -0.090343 -0.028166 0.032325
vn -0.092104 -0.020754 0.032955
vn -0.093322 -0.013269 0.033391
vn -0.093972 -0.006215 0.033624
vn -0.094112 -0.002984 0.033674
vn -0.039609 -0.089347 0.021171
vn -0.045349 -0.085766 0.024240
vn -0.051626 -0.081076 0.027595
vn -0.057869 -0.075461 0.030932
vn -0.068149 -0.063473 0.036427
vn -0.074533 -0.053457 0.039839
vn -0.077732 -0.047238 0.041549
vn -0.080283 -0.041391 0.042912
vn -0.082582 -0.035095 0.044141
vn -0.084622 -0.028166 0.045231
vn -0.086272 -0.020754 0.046113
vn -0.087412 -0.013269 0.046723
vn -0.088022 -0.006215 0.047049
vn -0.088153 -0.002984 0.047119
vn -0.091244 -0.006215 0.040446
vn -0.090613 -0.013269 0.040166
vn -0.089430 -0.020754 0.039642
vn -0.087720 -0.028166 0.038884
vn -0.085606 -0.035095 0.037946
vn -0.083222 -0.041391 0.036890
vn -0.080578 -0.047238 0.035718
vn -0.077262 -0.053457 0.034248
vn -0.070644 -0.063473 0.031314
vn -0.059988 -0.075461 0.026591
vn -0.053516 -0.081076 0.023722
vn -0.047010 -0.085766 0.020838
vn -0.036074 -0.089347 0.026754
vn -0.041302 -0.085766 0.030632
vn -0.047019 -0.081076 0.034871
vn -0.052704 -0.075461 0.039088
vn -0.062067 -0.063473 0.046032
vn -0.067881 -0.053457 0.050344
vn -0.070794 -0.047238 0.052505
vn -0.073118 -0.041391 0.054228
vn -0.075212 -0.035095 0.055781
vn -0.077069 -0.028166 0.057158
vn -0.078572 -0.020754 0.058273
vn -0.079610 -0.013269 0.059043
vn -0.080165 -0.006215 0.059455
vn -0.084448 -0.002984 0.053476
vn -0.084322 -0.006215 0.053396
vn -0.083738 -0.013269 0.053027
vn -0.082646 -0.020754 0.052335
vn -0.081065 -0.028166 0.051334
vn -0.079111 -0.035095 0.050097
vn -0.076909 -0.041391 0.048702
vn -0.074465 -0.047238 0.047154
vn -0.071400 -0.053457 0.045214
vn -0.065285 -0.063473 0.041341
vn -0.055437 -0.075461 0.035105
vn -0.049456 -0.081076 0.031318
vn -0.043443 -0.085766 0.027510
vn -0.036360 -0.085766 0.036360
vn -0.041393 -0.081076 0.041393
vn -0.046398 -0.075461 0.046398
vn -0.054641 -0.063473 0.054641
vn -0.059759 -0.053457 0.059759
vn -0.062324 -0.047238 0.062324
vn -0.064369 -0.041391 0.064369
vn -0.066213 -0.035095 0.066213
vn -0.067848 -0.028166 0.067848
vn -0.069171 -0.020754 0.069171
vn -0.070085 -0.013269 0.070085
vn -0.070574 -0.006215 0.070574
vn -0.070679 -0.002984 0.070679
vn -0.075575 -0.006215 0.065191
vn -0.075051 -0.013269 0.064740
vn -0.074072 -0.020754 0.063895
vn -0.072655 -0.028166 0.062673
vn -0.070904 -0.035095 0.061163
vn -0.068930 -0.041391 0.059460
vn -0.066740 -0.047238 0.057570
vn -0.063993 -0.053457 0.055201
vn -0.058512 -0.063473 0.050473
vn -0.049686 -0.075461 0.042859
vn -0.044326 -0.081076 0.038236
vn -0.038937 -0.085766 0.033587
vn -0.026160 -0.089347 0.036507
vn -0.029952 -0.085766 0.041798
vn -0.034097 -0.081076 0.047583
vn -0.038221 -0.075461 0.053337
vn -0.045010 -0.063473 0.062812
vn -0.049226 -0.053457 0.068695
vn -0.051339 -0.047238 0.071644
vn -0.053024 -0.041391 0.073995
vn -0.054543 -0.035095 0.076114
vn -0.055890 -0.028166 0.077994
vn -0.056980 -0.020754 0.079515
vn -0.057733 -0.013269 0.080566
vn -0.058135 -0.006215 0.081128
vn -0.064667 -0.002984 0.076219
vn -0.064571 -0.006215 0.076105
vn -0.064124 -0.013269 0.075578
vn -0.063287 -0.020754 0.074592
vn -0.062076 -0.028166 0.073166
vn -0.060580 -0.035095 0.071402
vn -0.058894 -0.041391 0.069414
vn -0.057022 -0.047238 0.067209
vn -0.054676 -0.053457 0.064443
vn -0.049993 -0.063473 0.058923
vn -0.042452 -0.075461 0.050035
vn -0.037872 -0.081076 0.044637
vn -0.033267 -0.085766 0.039210
vn -0.029056 -0.089347 0.034247
vn -0.023089 -0.089347 0.038522
vn -0.026436 -0.085766 0.044105
vn -0.030095 -0.081076 0.050210
vn -0.033734 -0.075461 0.056282
vn -0.039727 -0.063473 0.066280
vn -0.043448 -0.053457 0.072489
vn -0.045313 -0.047238 0.075600
vn -0.046800 -0.041391 0.078081
vn -0.048140 -0.035095 0.080317
vn -0.049329 -0.028166 0.082300
vn -0.050291 -0.020754 0.083905
vn -0.050956 -0.013269 0.085014
vn -0.051311 -0.006215 0.085607
vn -0.051387 -0.002984 0.085735
vn -0.018898 -0.085766 0.047823
vn -0.021514 -0.081076 0.054442
vn -0.024115 -0.075461 0.061025
vn -0.028399 -0.063473 0.071866
vn -0.031060 -0.053457 0.078598
vn -0.032393 -0.047238 0.081971
vn -0.033456 -0.041391 0.084661
vn -0.034414 -0.035095 0.087086
vn -0.035264 -0.028166 0.089237
vn -0.035951 -0.020754 0.090977
vn -0.036427 -0.013269 0.092179
vn -0.036681 -0.006215 0.092822
vn -0.036735 -0.002984 0.092960
vn -0.044209 -0.002984 0.089647
vn -0.044143 -0.006215 0.089514
vn -0.043838 -0.013269 0.088894
vn -0.043266 -0.020754 0.087734
vn -0.042438 -0.028166 0.086056
vn -0.041416 -0.035095 0.083982
vn -0.040262 -0.041391 0.081644
vn -0.038983 -0.047238 0.079050
vn -0.037379 -0.053457 0.075797
vn -0.034177 -0.063473 0.069305
vn -0.029022 -0.075461 0.058850
vn -0.025891 -0.081076 0.052502
vn -0.022743 -0.085766 0.046118
vn -0.009481 -0.089347 0.043900
vn -0.010856 -0.085766 0.050262
vn -0.012358 -0.081076 0.057219
vn -0.013853 -0.075461 0.064138
vn -0.016313 -0.063473 0.075532
vn -0.017842 -0.053457 0.082607
vn -0.018607 -0.047238 0.086153
vn -0.019218 -0.041391 0.088980
vn -0.019768 -0.035095 0.091529
vn -0.020256 -0.028166 0.093789
vn -0.020651 -0.020754 0.095618
vn -0.020924 -0.013269 0.096882
vn -0.021070 -0.006215 0.097557
vn -0.029016 -0.002984 0.095651
vn -0.028972 -0.006215 0.095509
vn -0.028772 -0.013269 0.094848
vn -0.028396 -0.020754 0.093610
vn -0.027853 -0.028166 0.091820
vn -0.027182 -0.035095 0.089607
vn -0.026425 -0.041391 0.087112
vn -0.025585 -0.047238 0.084344
vn -0.024533 -0.053457 0.080873
vn -0.022431 -0.063473 0.073946
vn -0.019048 -0.075461 0.062792
vn -0.016993 -0.081076 0.056018
vn -0.014927 -0.085766 0.049207
vn -0.013037 -0.089347 0.042978
vn -0.005862 -0.089347 0.044528
vn -0.006712 -0.085766 0.050981
vn -0.007641 -0.081076 0.058038
vn -0.008565 -0.075461 0.065056
vn -0.010086 -0.063473 0.076613
vn -0.011031 -0.053457 0.083789
vn -0.011504 -0.047238 0.087385
vn -0.011882 -0.041391 0.090253
vn -0.012222 -0.035095 0.092838
vn -0.012524 -0.028166 0.095131
vn -0.012768 -0.020754 0.096986
vn -0.012937 -0.013269 0.098268
vn -0.013027 -0.006215 0.098953
vn -0.013047 -0.002984 0.099100
vn 0.001682 -0.085766 0.051394
vn 0.001915 -0.081076 0.058507
vn 0.002147 -0.075461 0.065582
vn 0.002528 -0.063473 0.077232
vn 0.002765 -0.053457 0.084467
vn 0.002884 -0.047238 0.088092
vn 0.002978 -0.041391 0.090983
vn 0.003064 -0.035095 0.093589
vn 0.003139 -0.028166 0.095900
vn 0.003201 -0.020754 0.097770
vn 0.003243 -0.013269 0.099063
vn 0.003266 -0.006215 0.099753
vn -0.004905 -0.002984 0.099835
vn -0.004897 -0.006215 0.099686
vn -0.004863 -0.013269 0.098996
vn -0.004800 -0.020754 0.097705
vn -0.004708 -0.028166 0.095836
vn -0.004595 -0.035095 0.093526
vn -0.004467 -0.041391 0.090922
vn -0.004325 -0.047238 0.088033
vn -0.004147 -0.053457 0.084410
vn -0.003792 -0.063473 0.077181
vn -0.003220 -0.075461 0.065538
vn -0.002872 -0.081076 0.058468
vn -0.002523 -0.085766 0.051359
vn 0.008762 -0.089347 0.044049
vn 0.010032 -0.085766 0.050433
vn 0.011420 -0.081076 0.057414
vn 0.012801 -0.075461 0.064357
vn 0.015075 -0.063473 0.075789
vn 0.016488 -0.053457 0.082888
vn 0.017195 -0.047238 0.086446
vn 0.017759 -0.041391 0.089283
vn 0.018268 -0.035095 0.091840
vn 0.018719 -0.028166 0.094108
vn 0.019084 -0.020754 0.095943
vn 0.019337 -0.013269 0.097211
vn 0.019471 -0.006215 0.097889
vn 0.011424 -0.002984 0.099301
vn 0.011407 -0.006215 0.099153
vn 0.011328 -0.013269 0.098466
vn 0.011180 -0.020754 0.097182
vn 0.010966 -0.028166 0.095323
vn 0.010702 -0.035095 0.093026
vn 0.010404 -0.041391 0.090435
vn 0.010073 -0.047238 0.087562
vn 0.009659 -0.053457 0.083958
vn 0.008831 -0.063473 0.076767
vn 0.007499 -0.075461 0.065187
vn 0.006690 -0.081076 0.058155
vn 0.005877 -0.085766 0.051084
vn 0.005133 -0.089347 0.044618
vn 0.012332 -0.089347 0.043186
vn 0.014120 -0.085766 0.049445
vn 0.016074 -0.081076 0.056288
vn 0.018018 -0.075461 0.063095
vn 0.021218 -0.063473 0.074303
vn 0.023206 -0.053457 0.081264
vn 0.024202 -0.047238 0.084751
vn 0.024996 -0.041391 0.087533
vn 0.025712 -0.035095 0.090040
vn 0.026347 -0.028166 0.092263
vn 0.026861 -0.020754 0.094063
vn 0.027216 -0.013269 0.095306
vn 0.027406 -0.006215 0.095970
vn 0.027447 -0.002984 0.096113
vn 0.021985 -0.085766 0.046484
vn 0.025028 -0.081076 0.052918
vn 0.028055 -0.075461 0.059317
vn 0.033039 -0.063473 0.069855
vn 0.036134 -0.053457 0.076398
vn 0.037684 -0.047238 0.079677
vn 0.038921 -0.041391 0.082292
vn 0.040036 -0.035095 0.084649
vn 0.041025 -0.028166 0.086739
vn 0.041825 -0.020754 0.088431
vn 0.042377 -0.013269 0.089600
vn 0.042673 -0.006215 0.090224
vn 0.035209 -0.002984 0.093549
vn 0.035157 -0.006215 0.093410
vn 0.034914 -0.013269 0.092763
vn 0.034458 -0.020754 0.091553
vn 0.033799 -0.028166 0.089802
vn 0.032984 -0.035095 0.087638
vn 0.032066 -0.041391 0.085197
vn 0.031047 -0.047238 0.082490
vn 0.029769 -0.053457 0.079095
vn 0.027220 -0.063473 0.072321
vn 0.023114 -0.075461 0.061412
vn 0.020620 -0.081076 0.054786
vn 0.018113 -0.085766 0.048125
vn 0.025559 -0.089347 0.036930
vn 0.029264 -0.085766 0.042282
vn 0.033314 -0.081076 0.048134
vn 0.037343 -0.075461 0.053955
vn 0.043976 -0.063473 0.063540
vn 0.048096 -0.053457 0.069492
vn 0.050160 -0.047238 0.072474
vn 0.051806 -0.041391 0.074853
vn 0.053290 -0.035095 0.076997
vn 0.054606 -0.028166 0.078898
vn 0.055671 -0.020754 0.080436
vn 0.056407 -0.013269 0.081500
vn 0.056800 -0.006215 0.082068
vn 0.056885 -0.002984 0.082190
vn 0.049978 -0.002984 0.086564
vn 0.049903 -0.006215 0.086435
vn 0.049558 -0.013269 0.085837
vn 0.048911 -0.020754 0.084717
vn 0.047976 -0.028166 0.083096
vn 0.046820 -0.035095 0.081094
vn 0.045516 -0.041391 0.078836
vn 0.044070 -0.047238 0.076331
vn 0.042256 -0.053457 0.073190
vn 0.038637 -0.063473 0.066921
vn 0.032809 -0.075461 0.056826
vn 0.029269 -0.081076 0.050696
vn 0.025711 -0.085766 0.044532
vn 0.022456 -0.089347 0.038895
vn 0.028492 -0.089347 0.034717
vn 0.032621 -0.085766 0.039749
vn 0.037136 -0.081076 0.045251
vn 0.041627 -0.075461 0.050723
vn 0.049022 -0.063473 0.059733
vn 0.053614 -0.053457 0.065329
vn 0.055915 -0.047238 0.068133
vn 0.057750 -0.041391 0.070369
vn 0.059404 -0.035095 0.072384
vn 0.060871 -0.028166 0.074172
vn 0.062058 -0.020754 0.075618
vn 0.062878 -0.013269 0.076617
vn 0.063317 -0.006215 0.077152
vn 0.038661 -0.085766 0.033904
vn 0.044012 -0.081076 0.038597
vn 0.049334 -0.075461 0.043265
vn 0.058097 -0.063473 0.050950
vn 0.063540 -0.053457 0.055723
vn 0.066267 -0.047238 0.058114
vn 0.068441 -0.041391 0.060022
vn 0.070402 -0.035095 0.061741
vn 0.072140 -0.028166 0.063265
vn 0.073547 -0.020754 0.064499
vn 0.074519 -0.013269 0.065352
vn 0.075039 -0.006215 0.065807
vn 0.075150 -0.002984 0.065905
vn 0.069513 -0.002984 0.071826
vn 0.069410 -0.006215 0.071719
vn 0.068929 -0.013269 0.071223
vn 0.068030 -0.020754 0.070294
vn 0.066729 -0.028166 0.068949
vn 0.065121 -0.035095 0.067287
vn 0.063307 -0.041391 0.065414
vn 0.061296 -0.047238 0.063335
vn 0.058773 -0.053457 0.060729
vn 0.053739 -0.063473 0.055527
vn 0.045633 -0.075461 0.047151
vn 0.040710 -0.081076 0.042065
vn 0.035760 -0.085766 0.036950
vn 0.038139 -0.089347 0.023717
vn 0.043667 -0.085766 0.027154
vn 0.049711 -0.081076 0.030912
vn 0.055722 -0.075461 0.034650
vn 0.065621 -0.063473 0.040806
vn 0.071768 -0.053457 0.044628
vn 0.074848 -0.047238 0.046544
vn 0.077304 -0.041391 0.048071
vn 0.079519 -0.035095 0.049448
vn 0.081482 -0.028166 0.050669
vn 0.083071 -0.020754 0.051657
vn 0.084169 -0.013269 0.052340
vn 0.084756 -0.006215 0.052705
vn 0.084882 -0.002984 0.052783
vn 0.080285 -0.002984 0.059543
vn 0.080165 -0.006215 0.059455
vn 0.079610 -0.013269 0.059043
vn 0.078572 -0.020754 0.058273
vn 0.077069 -0.028166 0.057158
vn 0.075212 -0.035095 0.055781
vn 0.073118 -0.041391 0.054228
vn 0.070794 -0.047238 0.052505
vn 0.067881 -0.053457 0.050344
vn 0.062067 -0.063473 0.046032
vn 0.052704 -0.075461 0.039088
vn 0.047019 -0.081076 0.034871
vn 0.041302 -0.085766 0.030632
vn 0.036074 -0.089347 0.026754
vn 0.039950 -0.089347 0.020520
vn 0.045740 -0.085766 0.023495
vn 0.052071 -0.081076 0.026746
vn 0.058368 -0.075461 0.029981
vn 0.068736 -0.063473 0.035307
vn 0.075175 -0.053457 0.038614
vn 0.078401 -0.047238 0.040271
vn 0.080974 -0.041391 0.041593
vn 0.083294 -0.035095 0.042784
vn 0.085350 -0.028166 0.043841
vn 0.087015 -0.020754 0.044696
vn 0.088165 -0.013269 0.045286
vn 0.088780 -0.006215 0.045602
vn 0.048956 -0.085766 0.015730
vn 0.055732 -0.081076 0.017907
vn 0.062472 -0.075461 0.020073
vn 0.073569 -0.063473 0.023638
vn 0.080461 -0.053457 0.025853
vn 0.083914 -0.047238 0.026962
vn 0.086668 -0.041391 0.027847
vn 0.089150 -0.035095 0.028645
vn 0.091352 -0.028166 0.029352
vn 0.093133 -0.020754 0.029924
vn 0.094364 -0.013269 0.030320
vn 0.095022 -0.006215 0.030531
vn 0.095164 -0.002984 0.030577
vn 0.092347 -0.002984 0.038251
vn 0.092209 -0.006215 0.038194
vn 0.091571 -0.013269 0.037930
vn 0.090376 -0.020754 0.037435
vn 0.088648 -0.028166 0.036719
vn 0.086511 -0.035095 0.035834
vn 0.084103 -0.041391 0.034836
vn 0.081430 -0.047238 0.033729
vn 0.078079 -0.053457 0.032341
vn 0.071392 -0.063473 0.029571
vn 0.060623 -0.075461 0.025111
vn 0.054082 -0.081076 0.022402
vn 0.047507 -0.085766 0.019678
vn 0.044426 -0.089347 0.006590
vn 0.050865 -0.085766 0.007545
vn 0.057905 -0.081076 0.008589
vn 0.064907 -0.075461 0.009628
vn 0.076437 -0.063473 0.011338
vn 0.083597 -0.053457 0.012401
vn 0.087185 -0.047238 0.012933
vn 0.090047 -0.041391 0.013357
vn 0.092626 -0.035095 0.013740
vn 0.094913 -0.028166 0.014079
vn 0.096764 -0.020754 0.014354
vn 0.098043 -0.013269 0.014543
vn 0.098726 -0.006215 0.014645
vn 0.098874 -0.002984 0.014667
vn 0.097199 -0.006215 0.022664
vn 0.096527 -0.013269 0.022507
vn 0.095267 -0.020754 0.022213
vn 0.093445 -0.028166 0.021788
vn 0.091193 -0.035095 0.021263
vn 0.088654 -0.041391 0.020671
vn 0.085837 -0.047238 0.020014
vn 0.082305 -0.053457 0.019191
vn 0.075255 -0.063473 0.017547
vn 0.063903 -0.075461 0.014900
vn 0.057009 -0.081076 0.013293
vn 0.050078 -0.085766 0.011677
vn 0.043739 -0.089347 0.010198
vn 0.044816 -0.089347 0.002937
vn 0.051311 -0.085766 0.003363
vn 0.058413 -0.081076 0.003829
vn 0.065477 -0.075461 0.004292
vn 0.077108 -0.063473 0.005054
vn 0.084331 -0.053457 0.005527
vn 0.087951 -0.047238 0.005765
vn 0.090837 -0.041391 0.005954
vn 0.093439 -0.035095 0.006124
vn 0.095746 -0.028166 0.006276
vn 0.097613 -0.020754 0.006398
vn 0.098904 -0.013269 0.006482
vn 0.099593 -0.006215 0.006528
vn 0.051174 -0.085766 -0.005040
vn 0.058257 -0.081076 -0.005738
vn 0.065301 -0.075461 -0.006432
vn 0.076902 -0.063473 -0.007574
vn 0.084105 -0.053457 -0.008284
vn 0.087715 -0.047238 -0.008639
vn 0.090594 -0.041391 -0.008923
vn 0.093188 -0.035095 -0.009178
vn 0.095489 -0.028166 -0.009405
vn 0.097352 -0.020754 -0.009588
vn 0.098638 -0.013269 -0.009715
vn 0.099326 -0.006215 -0.009783
vn 0.099474 -0.002984 -0.009797
vn 0.099942 -0.002984 -0.001635
vn 0.099793 -0.006215 -0.001633
vn 0.099102 -0.013269 -0.001622
vn 0.097810 -0.020754 -0.001601
vn 0.095939 -0.028166 -0.001570
vn 0.093627 -0.035095 -0.001532
vn 0.091020 -0.041391 -0.001489
vn 0.088127 -0.047238 -0.001442
vn 0.084501 -0.053457 -0.001383
vn 0.077263 -0.063473 -0.001264
vn 0.065609 -0.075461 -0.001074
vn 0.058531 -0.081076 -0.000958
vn 0.051414 -0.085766 -0.000841
vn 0.043382 -0.089347 -0.011624
vn 0.049669 -0.085766 -0.013309
vn 0.056544 -0.081076 -0.015151
vn 0.063382 -0.075461 -0.016983
vn 0.074641 -0.063473 -0.020000
vn 0.081633 -0.053457 -0.021873
vn 0.085136 -0.047238 -0.022812
vn 0.087930 -0.041391 -0.023561
vn 0.090449 -0.035095 -0.024236
vn 0.092682 -0.028166 -0.024834
vn 0.094489 -0.020754 -0.025318
vn 0.095738 -0.013269 -0.025653
vn 0.096406 -0.006215 -0.025832
vn 0.096550 -0.002984 -0.025870
vn 0.098194 -0.006215 -0.017867
vn 0.097515 -0.013269 -0.017743
vn 0.096242 -0.020754 -0.017512
vn 0.094401 -0.028166 -0.017177
vn 0.092127 -0.035095 -0.016763
vn 0.089561 -0.041391 -0.016296
vn 0.086715 -0.047238 -0.015778
vn 0.083147 -0.053457 -0.015129
vn 0.076025 -0.063473 -0.013833
vn 0.064557 -0.075461 -0.011747
vn 0.057593 -0.081076 -0.010479
vn 0.050591 -0.085766 -0.009205
vn 0.044187 -0.089347 -0.008040
vn 0.042287 -0.089347 -0.015130
vn 0.048415 -0.085766 -0.017323
vn 0.055117 -0.081076 -0.019721
vn 0.061782 -0.075461 -0.022106
vn 0.072757 -0.063473 -0.026033
vn 0.079572 -0.053457 -0.028471
vn 0.082987 -0.047238 -0.029693
vn 0.085711 -0.041391 -0.030668
vn 0.088165 -0.035095 -0.031546
vn 0.090343 -0.028166 -0.032325
vn 0.092104 -0.020754 -0.032955
vn 0.093322 -0.013269 -0.033391
vn 0.093972 -0.006215 -0.033624
vn 0.094112 -0.002984 -0.033674
vn 0.044947 -0.085766 -0.024979
vn 0.051168 -0.081076 -0.028436
vn 0.057356 -0.075461 -0.031875
vn 0.067544 -0.063473 -0.037537
vn 0.073871 -0.053457 -0.041053
vn 0.077042 -0.047238 -0.042815
vn 0.079570 -0.041391 -0.044220
vn 0.081849 -0.035095 -0.045487
vn 0.083870 -0.028166 -0.046610
vn 0.085506 -0.020754 -0.047519
vn 0.086636 -0.013269 -0.048147
vn 0.087240 -0.006215 -0.048482
vn 0.087370 -0.002984 -0.048555
vn 0.091046 -0.002984 -0.041252
vn 0.090910 -0.006215 -0.041191
vn 0.090281 -0.013269 -0.040906
vn 0.089103 -0.020754 -0.040372
vn 0.087399 -0.028166 -0.039600
vn 0.085293 -0.035095 -0.038646
vn 0.082918 -0.041391 -0.037570
vn 0.080283 -0.047238 -0.036376
vn 0.076979 -0.053457 -0.034879
vn 0.070386 -0.063473 -0.031891
vn 0.059768 -0.075461 -0.027081
vn 0.053321 -0.081076 -0.024159
vn 0.046838 -0.085766 -0.021222
vn 0.035179 -0.089347 -0.027920
vn 0.040278 -0.085766 -0.031967
vn 0.045852 -0.081076 -0.036391
vn 0.051397 -0.075461 -0.040792
vn 0.060527 -0.063473 -0.048038
vn 0.066197 -0.053457 -0.052538
vn 0.069038 -0.047238 -0.054793
vn 0.071304 -0.041391 -0.056591
vn 0.073346 -0.035095 -0.058212
vn 0.075158 -0.028166 -0.059649
vn 0.076623 -0.020754 -0.060813
vn 0.077636 -0.013269 -0.061616
vn 0.078177 -0.006215 -0.062046
vn 0.078294 -0.002984 -0.062138
vn 0.082986 -0.006215 -0.055450
vn 0.082412 -0.013269 -0.055066
vn 0.081337 -0.020754 -0.054347
vn 0.079781 -0.028166 -0.053308
vn 0.077858 -0.035095 -0.052023
vn 0.075690 -0.041391 -0.050575
vn 0.073285 -0.047238 -0.048968
vn 0.070269 -0.053457 -0.046952
vn 0.064251 -0.063473 -0.042931
vn 0.054559 -0.075461 -0.036455
vn 0.048673 -0.081076 -0.032522
vn 0.042755 -0.085766 -0.028568
vn 0.037343 -0.089347 -0.024952
vn 0.032780 -0.089347 -0.030702
vn 0.037530 -0.085766 -0.035151
vn 0.042725 -0.081076 -0.040016
vn 0.047892 -0.075461 -0.044856
vn 0.056399 -0.063473 -0.052824
vn 0.061682 -0.053457 -0.057772
vn 0.064330 -0.047238 -0.060251
vn 0.066441 -0.041391 -0.062229
vn 0.068344 -0.035095 -0.064011
vn 0.070032 -0.028166 -0.065592
vn 0.071397 -0.020754 -0.066871
vn 0.072341 -0.013269 -0.067755
vn 0.072845 -0.006215 -0.068227
vn 0.072954 -0.002984 -0.068329
vn 0.031303 -0.085766 -0.040795
vn 0.035636 -0.081076 -0.046442
vn 0.039945 -0.075461 -0.052058
vn 0.047041 -0.063473 -0.061305
vn 0.051448 -0.053457 -0.067048
vn 0.053656 -0.047238 -0.069926
vn 0.055417 -0.041391 -0.072220
vn 0.057004 -0.035095 -0.074289
vn 0.058412 -0.028166 -0.076123
vn 0.059551 -0.020754 -0.077608
vn 0.060338 -0.013269 -0.078634
vn 0.060758 -0.006215 -0.079182
vn 0.060849 -0.002984 -0.079300
vn 0.067026 -0.006215 -0.073952
vn 0.066562 -0.013269 -0.073440
vn 0.065694 -0.020754 -0.072482
vn 0.064437 -0.028166 -0.071095
vn 0.062884 -0.035095 -0.069382
vn 0.061133 -0.041391 -0.067450
vn 0.059191 -0.047238 -0.065307
vn 0.056755 -0.053457 -0.062619
vn 0.051894 -0.063473 -0.057256
vn 0.044066 -0.075461 -0.048619
vn 0.039312 -0.081076 -0.043374
vn 0.034532 -0.085766 -0.038101
vn 0.021171 -0.089347 -0.039609
vn 0.024240 -0.085766 -0.045349
vn 0.027595 -0.081076 -0.051626
vn 0.030932 -0.075461 -0.057869
vn 0.036427 -0.063473 -0.068149
vn 0.039839 -0.053457 -0.074533
vn 0.041549 -0.047238 -0.077732
vn 0.042912 -0.041391 -0.080283
vn 0.044141 -0.035095 -0.082582
vn 0.045231 -0.028166 -0.084622
vn 0.046113 -0.020754 -0.086272
vn 0.046723 -0.013269 -0.087412
vn 0.047049 -0.006215 -0.088022
vn 0.047119 -0.002984 -0.088153
vn 0.054084 -0.006215 -0.083882
vn 0.053710 -0.013269 -0.083302
vn 0.053009 -0.020754 -0.082215
vn 0.051995 -0.028166 -0.080642
vn 0.050742 -0.035095 -0.078699
vn 0.049329 -0.041391 -0.076508
vn 0.047762 -0.047238 -0.074077
vn 0.045796 -0.053457 -0.071028
vn 0.041874 -0.063473 -0.064944
vn 0.035557 -0.075461 -0.055148
vn 0.031721 -0.081076 -0.049199
vn 0.027865 -0.085766 -0.043217
vn 0.024337 -0.089347 -0.037746
vn 0.014436 -0.089347 -0.042529
vn 0.016529 -0.085766 -0.048692
vn 0.018817 -0.081076 -0.055432
vn 0.021092 -0.075461 -0.062135
vn 0.024839 -0.063473 -0.073173
vn 0.027166 -0.053457 -0.080027
vn 0.028331 -0.047238 -0.083462
vn 0.029261 -0.041391 -0.086201
vn 0.030099 -0.035095 -0.088670
vn 0.030843 -0.028166 -0.090859
vn 0.031444 -0.020754 -0.092631
vn 0.031860 -0.013269 -0.093856
vn 0.032082 -0.006215 -0.094510
vn 0.039760 -0.002984 -0.091708
vn 0.039703 -0.006215 -0.091570
vn 0.039433 -0.013269 -0.090934
vn 0.038923 -0.020754 -0.089745
vn 0.038184 -0.028166 -0.088027
vn 0.037268 -0.035095 -0.085903
vn 0.036235 -0.041391 -0.083509
vn 0.035088 -0.047238 -0.080854
vn 0.033648 -0.053457 -0.077525
vn 0.030771 -0.063473 -0.070883
vn 0.026134 -0.075461 -0.060189
vn 0.023316 -0.081076 -0.053695
vn 0.020483 -0.085766 -0.047166
vn 0.017892 -0.089347 -0.041194
vn 0.012494 -0.085766 -0.049880
vn 0.014224 -0.081076 -0.056784
vn 0.015944 -0.075461 -0.063651
vn 0.018776 -0.063473 -0.074958
vn 0.020535 -0.053457 -0.081979
vn 0.021416 -0.047238 -0.085498
vn 0.022119 -0.041391 -0.088304
vn 0.022752 -0.035095 -0.090833
vn 0.023314 -0.028166 -0.093076
vn 0.023769 -0.020754 -0.094891
vn 0.024083 -0.013269 -0.096145
vn 0.024251 -0.006215 -0.096816
vn 0.024287 -0.002984 -0.096960
vn 0.003670 -0.089347 -0.044762
vn 0.004202 -0.085766 -0.051249
vn 0.004784 -0.081076 -0.058343
vn 0.005362 -0.075461 -0.065398
vn 0.006315 -0.063473 -0.077015
vn 0.006906 -0.053457 -0.084230
vn 0.007203 -0.047238 -0.087844
vn 0.007439 -0.041391 -0.090727
vn 0.007652 -0.035095 -0.093326
vn 0.007841 -0.028166 -0.095631
vn 0.007994 -0.020754 -0.097495
vn 0.008100 -0.013269 -0.098784
vn 0.008156 -0.006215 -0.099473
vn 0.008168 -0.002984 -0.099621
vn 0.016282 -0.002984 -0.098620
vn 0.016258 -0.006215 -0.098474
vn 0.016146 -0.013269 -0.097792
vn 0.015935 -0.020754 -0.096516
vn 0.015630 -0.028166 -0.094670
vn 0.015253 -0.035095 -0.092389
vn 0.014829 -0.041391 -0.089816
vn 0.014357 -0.047238 -0.086962
vn 0.013767 -0.053457 -0.083383
vn 0.012588 -0.063473 -0.076241
vn 0.010689 -0.075461 -0.064741
vn 0.009536 -0.081076 -0.057757
vn 0.008376 -0.085766 -0.050734
vn 0.007316 -0.089347 -0.044312
vn 0.000000 0.000000 -0.100000
vn 0.011827 0.000000 -0.099298
vn 0.023489 0.000000 -0.097202
vn 0.034820 0.000000 -0.093742
vn 0.045663 0.000000 -0.088966
vn 0.055865 0.000000 -0.082941
vn 0.065282 0.000000 -0.075751
vn 0.073783 0.000000 -0.067498
vn 0.081249 0.000000 -0.058298
vn 0.087573 0.000000 -0.048279
vn 0.092669 0.000000 -0.037583
vn 0.096464 0.000000 -0.026359
vn 0.098904 0.000000 -0.014765
vn 0.099956 0.000000 -0.002963
vn 0.099605 0.000000 0.008880
vn 0.097856 0.000000 0.020598
vn 0.094733 0.000000 0.032027
vn 0.090280 0.000000 0.043007
vn 0.084560 0.000000 0.053382
vn 0.077652 0.000000 0.063009
vn 0.069655 0.000000 0.071751
vn 0.060680 0.000000 0.079485
vn 0.050853 0.000000 0.086104
vn 0.040312 0.000000 0.091515
vn 0.029206 0.000000 0.095640
vn 0.017689 0.000000 0.098423
vn 0.005924 0.000000 0.099824
vn -0.005924 0.000000 0.099824
vn -0.017689 0.000000 0.098423
vn -0.029206 0.000000 0.095640
vn -0.040312 0.000000 0.091515
vn -0.050853 0.000000 0.086104
vn -0.060680 0.000000 0.079485
vn -0.069655 0.000000 0.071751
vn -0.077652 0.000000 0.063009
vn -0.084560 0.000000 0.053382
vn -0.090280 0.000000 0.043007
vn -0.094733 0.000000 0.032027
vn -0.097856 0.000000 0.020598
vn -0.099605 0.000000 0.008880
vn -0.099956 0.000000 -0.002963
vn -0.098904 0.000000 -0.014765
vn -0.096464 0.000000 -0.026359
vn -0.092669 0.000000 -0.037583
vn -0.087573 0.000000 -0.048279
vn -0.081249 0.000000 -0.058298
vn -0.073783 0.000000 -0.067498
vn -0.065282 0.000000 -0.075751
vn -0.055865 0.000000 -0.082941
vn -0.045663 0.000000 -0.088966
vn -0.034820 0.000000 -0.093742
vn -0.023489 0.000000 -0.097202
vn -0.011827 0.000000 -0.099298
vn 0.000000 0.000000 -0.100000
vn -0.011827 0.000000 -0.099298
vn -0.023489 0.000000 -0.097202
vn -0.034820 0.000000 -0.093742
vn -0.045663 0.000000 -0.088966
vn -0.055865 0.000000 -0.082941
vn -0.065282 0.000000 -0.075751
vn -0.073783 0.000000 -0.067498
vn -0.081249 0.000000 -0.058298
vn -0.087573 0.000000 -0.048279
vn -0.092669 0.000000 -0.037583
vn -0.096464 0.000000 -0.026359
vn -0.098904 0.000000 -0.014765
vn -0.099956 0.000000 -0.002963
vn -0.099605 0.000000 0.008880
vn -0.097856 0.000000 0.020598
vn -0.094733 0.000000 0.032027
vn -0.090280 0.000000 0.043007
vn -0.084560 0.000000 0.053382
vn -0.077652 0.000000 0.063009
vn -0.069655 0.000000 0.071751
vn -0.060680 0.000000 0.079485
vn -0.050853 0.000000 0.086104
vn -0.040312 0.000000 0.091515
vn -0.029206 0.000000 0.095640
vn -0.017689 0.000000 0.098423
vn -0.005924 0.000000 0.099824
vn 0.005924 0.000000 0.099824
vn 0.017689 0.000000 0.098423
vn 0.029206 0.000000 0.095640
vn 0.040312 0.000000 0.091515
vn 0.050853 0.000000 0.086104
vn 0.060680 0.000000 0.079485
vn 0.069655 0.000000 0.071751
vn 0.077652 0.000000 0.063009
vn 0.084560 0.000000 0.053382
vn 0.090280 0.000000 0.043007
vn 0.094733 0.000000 0.032027
vn 0.097856 0.000000 0.020598
vn 0.099605 0.000000 0.008880
vn 0.099956 0.000000 -0.002963
vn 0.098904 0.000000 -0.014765
vn 0.096464 0.000000 -0.026359
vn 0.092669 0.000000 -0.037583
vn 0.087573 0.000000 -0.048279
vn 0.081249 0.000000 -0.058298
vn 0.073783 0.000000 -0.067498
vn 0.065282 0.000000 -0.075751
vn 0.055865 0.000000 -0.082941
vn 0.045663 0.000000 -0.088966
vn 0.034820 0.000000 -0.093742
vn 0.023489 0.000000 -0.097202
vn 0.011827 0.000000 -0.099298
vn -0.005924 0.000000 0.099824
vn -0.005924 0.000000 0.099824
vn -0.005924 0.000000 0.099824
vn -0.005924 0.000000 0.099824
vn 0.000000 0.100000 0.000000
vn 0.000000 0.100000 0.000000
vn 0.000000 0.100000 0.000000
vn 0.000000 0.100000 0.000000
vn 0.000000 0.100000 0.000000
vn 0.000000 0.100000 0.000000
vn 0.000000 0.100000 0.000000
vn 0.000000 0.100000 0.000000
vn 0.000000 0.100000 0.000000
vn 0.000000 0.100000 0.000000
vn 0.000000 0.100000 0.000000
vn 0.000000 0.100000 0.000000
vn 0.000000 0.100000 0.000000
vn 0.000000 0.100000 0.000000
vn 0.000000 0.100000 0.000000
vn 0.000000 0.100000 0.000000
vn 0.000000 0.100000 0.000000
vn 0.000000 0.100000 0.000000
vn 0.000000 0.100000 0.000000
vn 0.000000 0.100000 0.000000
vn 0.000000 0.100000 0.000000
vn 0.000000 0.100000 0.000000
vn 0.000000 0.100000 0.000000
vn 0.000000 0.100000 0.000000
vn 0.000000 0.100000 0.000000
vn 0.000000 0.100000 0.000000
vn 0.000000 0.100000 0.000000
vn 0.000000 0.100000 0.000000
vn 0.000000 0.100000 0.000000
vn 0.000000 0.100000 0.000000
vn 0.000000 0.100000 0.000000
vn 0.000000 0.100000 0.000000
vn 0.000000 0.100000 0.000000
vn 0.000000 0.100000 0.000000
vn 0.000000 0.100000 0.000000
vn 0.000000 0.100000 0.000000
vn 0.000000 0.100000 0.000000
vn 0.000000 0.100000 0.000000
vn 0.000000 0.100000 0.000000
vn 0.000000 0.100000 0.000000
vn 0.000000 0.100000 0.000000
vn 0.000000 0.100000 0.000000
vn 0.000000 0.100000 0.000000
vn 0.000000 0.007277 -0.099735
vn -0.011796 0.007277 -0.099035
vn -0.023426 0.007277 -0.096945
vn -0.034728 0.007277 -0.093493
vn -0.045542 0.007277 -0.088730
vn -0.055717 0.007277 -0.082721
vn -0.065109 0.007277 -0.075550
vn -0.073588 0.007277 -0.067319
vn -0.081033 0.007277 -0.058143
vn -0.087341 0.007277 -0.048151
vn -0.092423 0.007277 -0.037483
vn -0.096208 0.007277 -0.026289
vn -0.098642 0.007277 -0.014726
vn -0.099691 0.007277 -0.002955
vn -0.099341 0.007277 0.008856
vn -0.097596 0.007277 0.020543
vn -0.094481 0.007277 0.031942
vn -0.090040 0.007277 0.042893
vn -0.084335 0.007277 0.053241
vn -0.077447 0.007277 0.062842
vn -0.069470 0.007277 0.071561
vn -0.060519 0.007277 0.079275
vn -0.050718 0.007277 0.085876
vn -0.040205 0.007277 0.091272
vn -0.029128 0.007277 0.095387
vn -0.017642 0.007277 0.098162
vn -0.005908 0.007277 0.099560
vn 0.005908 0.007277 0.099560
vn 0.017642 0.007277 0.098162
vn 0.029128 0.007277 0.095387
vn 0.040205 0.007277 0.091272
vn 0.050718 0.007277 0.085876
vn 0.060519 0.007277 0.079275
vn 0.069470 0.007277 0.071561
vn 0.077447 0.007277 0.062842
vn 0.084335 0.007277 0.053241
vn 0.090040 0.007277 0.042893
vn 0.094481 0.007277 0.031942
vn 0.097596 0.007277 0.020543
vn 0.099341 0.007277 0.008856
vn 0.099691 0.007277 -0.002955
vn 0.098642 0.007277 -0.014726
vn 0.096208 0.007277 -0.026289
vn 0.092423 0.007277 -0.037483
vn 0.087341 0.007277 -0.048151
vn 0.081033 0.007277 -0.058143
vn 0.073588 0.007277 -0.067319
vn 0.065109 0.007277 -0.075550
vn 0.055717 0.007277 -0.082721
vn 0.045542 0.007277 -0.088730
vn 0.034728 0.007277 -0.093493
vn 0.023426 0.007277 -0.096945
vn 0.011796 0.007277 -0.099035
vn 0.000000 0.098252 -0.018615
vn 0.000000 0.093069 -0.036580
vn 0.000000 0.084633 -0.053266
vn 0.000000 0.073238 -0.068089
vn 0.000000 0.059283 -0.080533
vn 0.000000 0.043255 -0.090161
vn 0.000000 0.025716 -0.096637
vn -0.012152 0.098252 -0.014101
vn -0.017251 0.098252 -0.006996
vn -0.018216 0.098252 0.003834
vn -0.009466 0.098252 0.016029
vn 0.001103 0.098252 0.018583
vn 0.009466 0.098252 0.016029
vn 0.018216 0.098252 0.003834
vn 0.017251 0.098252 -0.006996
vn 0.012152 0.098252 -0.014101
vn 0.002202 0.098252 -0.018485
vn 0.004326 0.093069 -0.036323
vn 0.006300 0.084633 -0.052892
vn 0.008053 0.073238 -0.067611
vn 0.009525 0.059283 -0.079967
vn 0.010664 0.043255 -0.089528
vn 0.011430 0.025716 -0.095959
vn 0.004372 0.098252 -0.018095
vn 0.008592 0.093069 -0.035556
vn 0.012511 0.084633 -0.051775
vn 0.015993 0.073238 -0.066184
vn 0.018916 0.059283 -0.078280
vn 0.021178 0.043255 -0.087638
vn 0.022699 0.025716 -0.093933
vn 0.006482 0.098252 -0.017450
vn 0.012737 0.093069 -0.034291
vn 0.018547 0.084633 -0.049932
vn 0.023709 0.073238 -0.063828
vn 0.028042 0.059283 -0.075493
vn 0.031394 0.043255 -0.084519
vn 0.033649 0.025716 -0.090589
vn 0.008500 0.098252 -0.016561
vn 0.016703 0.093069 -0.032544
vn 0.024323 0.084633 -0.047388
vn 0.031092 0.073238 -0.060576
vn 0.036774 0.059283 -0.071647
vn 0.041170 0.043255 -0.080212
vn 0.044127 0.025716 -0.085974
vn 0.010399 0.098252 -0.015440
vn 0.020435 0.093069 -0.030340
vn 0.029757 0.084633 -0.044179
vn 0.038038 0.073238 -0.056474
vn 0.044989 0.059283 -0.066794
vn 0.050368 0.043255 -0.074780
vn 0.053986 0.025716 -0.080151
vn 0.013735 0.098252 -0.012565
vn 0.026990 0.093069 -0.024691
vn 0.039301 0.084633 -0.035953
vn 0.050239 0.073238 -0.045959
vn 0.059420 0.059283 -0.054358
vn 0.066524 0.043255 -0.060857
vn 0.071302 0.025716 -0.065228
vn 0.063087 0.025716 -0.073204
vn 0.058859 0.043255 -0.068298
vn 0.052574 0.059283 -0.061004
vn 0.044450 0.073238 -0.051578
vn 0.034773 0.084633 -0.040349
vn 0.023880 0.093069 -0.027710
vn 0.015125 0.098252 -0.010852
vn 0.029721 0.093069 -0.021325
vn 0.043278 0.084633 -0.031053
vn 0.055322 0.073238 -0.039695
vn 0.065432 0.059283 -0.046949
vn 0.073254 0.043255 -0.052562
vn 0.078516 0.025716 -0.056337
vn 0.016302 0.098252 -0.008987
vn 0.032034 0.093069 -0.017660
vn 0.046647 0.084633 -0.025716
vn 0.059628 0.073238 -0.032873
vn 0.070525 0.059283 -0.038881
vn 0.078957 0.043255 -0.043529
vn 0.084628 0.025716 -0.046656
vn 0.033898 0.093069 -0.013748
vn 0.049361 0.084633 -0.020019
vn 0.063098 0.073238 -0.025590
vn 0.074629 0.059283 -0.030266
vn 0.083551 0.043255 -0.033885
vn 0.089553 0.025716 -0.036319
vn 0.018411 0.098252 -0.002748
vn 0.036179 0.093069 -0.005401
vn 0.052682 0.084633 -0.007864
vn 0.067343 0.073238 -0.010053
vn 0.079650 0.059283 -0.011890
vn 0.089173 0.043255 -0.013312
vn 0.095578 0.025716 -0.014268
vn 0.093219 0.025716 -0.025472
vn 0.086972 0.043255 -0.023765
vn 0.077685 0.059283 -0.021227
vn 0.065681 0.073238 -0.017947
vn 0.051382 0.084633 -0.014040
vn 0.035286 0.093069 -0.009642
vn 0.017957 0.098252 -0.004907
vn 0.018607 0.098252 -0.000552
vn 0.036564 0.093069 -0.001084
vn 0.053242 0.084633 -0.001578
vn 0.068059 0.073238 -0.002018
vn 0.080497 0.059283 -0.002386
vn 0.090121 0.043255 -0.002672
vn 0.096595 0.025716 -0.002864
vn 0.018542 0.098252 0.001653
vn 0.036435 0.093069 0.003248
vn 0.053055 0.084633 0.004730
vn 0.067820 0.073238 0.006046
vn 0.080215 0.059283 0.007151
vn 0.089805 0.043255 0.008006
vn 0.096255 0.025716 0.008581
vn 0.035795 0.093069 0.007535
vn 0.052123 0.084633 0.010972
vn 0.066629 0.073238 0.014025
vn 0.078806 0.059283 0.016588
vn 0.088227 0.043255 0.018571
vn 0.094565 0.025716 0.019905
vn 0.016806 0.098252 0.008006
vn 0.033024 0.093069 0.015732
vn 0.048088 0.084633 0.022908
vn 0.061471 0.073238 0.029283
vn 0.072705 0.059283 0.034634
vn 0.081397 0.043255 0.038775
vn 0.087244 0.025716 0.041560
vn 0.091547 0.025716 0.030950
vn 0.085412 0.043255 0.028876
vn 0.076291 0.059283 0.025792
vn 0.064503 0.073238 0.021807
vn 0.050460 0.084633 0.017059
vn 0.034653 0.093069 0.011715
vn 0.017635 0.098252 0.005962
vn 0.015741 0.098252 0.009937
vn 0.030932 0.093069 0.019527
vn 0.045041 0.084633 0.028434
vn 0.057576 0.073238 0.036348
vn 0.068098 0.059283 0.042990
vn 0.076240 0.043255 0.048130
vn 0.081716 0.025716 0.051587
vn 0.014455 0.098252 0.011729
vn 0.028405 0.093069 0.023049
vn 0.041362 0.084633 0.033562
vn 0.052873 0.073238 0.042902
vn 0.062536 0.059283 0.050743
vn 0.070012 0.043255 0.056809
vn 0.075041 0.025716 0.060890
vn 0.012967 0.098252 0.013357
vn 0.025480 0.093069 0.026246
vn 0.037102 0.084633 0.038219
vn 0.047428 0.073238 0.048855
vn 0.056095 0.059283 0.057783
vn 0.062802 0.043255 0.064691
vn 0.067313 0.025716 0.069338
vn 0.011296 0.098252 0.014796
vn 0.022197 0.093069 0.029076
vn 0.032322 0.084633 0.042338
vn 0.041317 0.073238 0.054121
vn 0.048867 0.059283 0.064012
vn 0.054710 0.043255 0.071665
vn 0.058639 0.025716 0.076812
vn 0.007504 0.098252 0.017036
vn 0.014746 0.093069 0.033476
vn 0.021473 0.084633 0.048746
vn 0.027448 0.073238 0.062312
vn 0.032465 0.059283 0.073699
vn 0.036346 0.043255 0.082510
vn 0.038957 0.025716 0.088437
vn 0.049143 0.025716 0.083209
vn 0.045850 0.043255 0.077632
vn 0.040953 0.059283 0.069342
vn 0.034626 0.073238 0.058628
vn 0.027087 0.084633 0.045864
vn 0.018602 0.093069 0.031497
vn 0.005437 0.098252 0.017804
vn 0.010683 0.093069 0.034985
vn 0.015557 0.084633 0.050943
vn 0.019886 0.073238 0.065121
vn 0.023520 0.059283 0.077022
vn 0.026332 0.043255 0.086230
vn 0.028223 0.025716 0.092424
vn 0.003293 0.098252 0.018322
vn 0.006471 0.093069 0.036003
vn 0.009422 0.084633 0.052426
vn 0.012044 0.073238 0.067016
vn 0.014245 0.059283 0.079263
vn 0.015949 0.043255 0.088739
vn 0.017094 0.025716 0.095113
vn 0.002167 0.093069 0.036516
vn 0.003155 0.084633 0.053172
vn 0.004034 0.073238 0.067970
vn 0.004771 0.059283 0.080391
vn 0.005341 0.043255 0.090002
vn 0.005725 0.025716 0.096467
vn -0.003293 0.098252 0.018322
vn -0.006471 0.093069 0.036003
vn -0.009422 0.084633 0.052426
vn -0.012044 0.073238 0.067016
vn -0.014245 0.059283 0.079263
vn -0.015949 0.043255 0.088739
vn -0.017094 0.025716 0.095113
vn -0.005725 0.025716 0.096467
vn -0.005341 0.043255 0.090002
vn -0.004771 0.059283 0.080391
vn -0.004034 0.073238 0.067970
vn -0.003155 0.084633 0.053172
vn -0.002167 0.093069 0.036516
vn -0.001103 0.098252 0.018583
vn -0.005437 0.098252 0.017804
vn -0.010683 0.093069 0.034985
vn -0.015557 0.084633 0.050943
vn -0.019886 0.073238 0.065121
vn -0.023520 0.059283 0.077022
vn -0.026332 0.043255 0.086230
vn -0.028223 0.025716 0.092424
vn -0.007504 0.098252 0.017036
vn -0.014746 0.093069 0.033476
vn -0.021473 0.084633 0.048746
vn -0.027448 0.073238 0.062312
vn -0.032465 0.059283 0.073699
vn -0.036346 0.043255 0.082510
vn -0.038957 0.025716 0.088437
vn -0.018602 0.093069 0.031497
vn -0.027087 0.084633 0.045864
vn -0.034626 0.073238 0.058628
vn -0.040953 0.059283 0.069342
vn -0.045850 0.043255 0.077632
vn -0.049143 0.025716 0.083209
vn -0.012967 0.098252 0.013357
vn -0.025480 0.093069 0.026246
vn -0.037102 0.084633 0.038219
vn -0.047428 0.073238 0.048855
vn -0.056095 0.059283 0.057783
vn -0.062802 0.043255 0.064691
vn -0.067313 0.025716 0.069338
vn -0.058639 0.025716 0.076812
vn -0.054710 0.043255 0.071665
vn -0.048867 0.059283 0.064012
vn -0.041317 0.073238 0.054121
vn -0.032322 0.084633 0.042338
vn -0.022197 0.093069 0.029076
vn -0.011296 0.098252 0.014796
vn -0.014455 0.098252 0.011729
vn -0.028405 0.093069 0.023049
vn -0.041362 0.084633 0.033562
vn -0.052873 0.073238 0.042902
vn -0.062536 0.059283 0.050743
vn -0.070012 0.043255 0.056809
vn -0.075041 0.025716 0.060890
vn -0.015741 0.098252 0.009937
vn -0.030932 0.093069 0.019527
vn -0.045041 0.084633 0.028434
vn -0.057576 0.073238 0.036348
vn -0.068098 0.059283 0.042990
vn -0.076240 0.043255 0.048130
vn -0.081716 0.025716 0.051587
vn -0.016806 0.098252 0.008006
vn -0.033024 0.093069 0.015732
vn -0.048088 0.084633 0.022908
vn -0.061471 0.073238 0.029283
vn -0.072705 0.059283 0.034634
vn -0.081397 0.043255 0.038775
vn -0.087244 0.025716 0.041560
vn -0.017635 0.098252 0.005962
vn -0.034653 0.093069 0.011715
vn -0.050460 0.084633 0.017059
vn -0.064503 0.073238 0.021807
vn -0.076291 0.059283 0.025792
vn -0.085412 0.043255 0.028876
vn -0.091547 0.025716 0.030950
vn -0.018542 0.098252 0.001653
vn -0.036435 0.093069 0.003248
vn -0.053055 0.084633 0.004730
vn -0.067820 0.073238 0.006046
vn -0.080215 0.059283 0.007151
vn -0.089805 0.043255 0.008006
vn -0.096255 0.025716 0.008581
vn -0.094565 0.025716 0.019905
vn -0.088227 0.043255 0.018571
vn -0.078806 0.059283 0.016588
vn -0.066629 0.073238 0.014025
vn -0.052123 0.084633 0.010972
vn -0.035795 0.093069 0.007535
vn -0.018607 0.098252 -0.000552
vn -0.036564 0.093069 -0.001084
vn -0.053242 0.084633 -0.001578
vn -0.068059 0.073238 -0.002018
vn -0.080497 0.059283 -0.002386
vn -0.090121 0.043255 -0.002672
vn -0.096595 0.025716 -0.002864
vn -0.018411 0.098252 -0.002748
vn -0.036179 0.093069 -0.005401
vn -0.052682 0.084633 -0.007864
vn -0.067343 0.073238 -0.010053
vn -0.079650 0.059283 -0.011890
vn -0.089173 0.043255 -0.013312
vn -0.095578 0.025716 -0.014268
vn -0.017957 0.098252 -0.004907
vn -0.035286 0.093069 -0.009642
vn -0.051382 0.084633 -0.014040
vn -0.065681 0.073238 -0.017947
vn -0.077685 0.059283 -0.021227
vn -0.086972 0.043255 -0.023765
vn -0.093219 0.025716 -0.025472
vn -0.016302 0.098252 -0.008987
vn -0.032034 0.093069 -0.017660
vn -0.046647 0.084633 -0.025716
vn -0.059628 0.073238 -0.032873
vn -0.070525 0.059283 -0.038881
vn -0.078957 0.043255 -0.043529
vn -0.084628 0.025716 -0.046656
vn -0.089553 0.025716 -0.036319
vn -0.083551 0.043255 -0.033885
vn -0.074629 0.059283 -0.030266
vn -0.063098 0.073238 -0.025590
vn -0.049361 0.084633 -0.020019
vn -0.033898 0.093069 -0.013748
vn -0.015125 0.098252 -0.010852
vn -0.029721 0.093069 -0.021325
vn -0.043278 0.084633 -0.031053
vn -0.055322 0.073238 -0.039695
vn -0.065432 0.059283 -0.046949
vn -0.073254 0.043255 -0.052562
vn -0.078516 0.025716 -0.056337
vn -0.013735 0.098252 -0.012565
vn -0.026990 0.093069 -0.024691
vn -0.039301 0.084633 -0.035953
vn -0.050239 0.073238 -0.045959
vn -0.059420 0.059283 -0.054358
vn -0.066524 0.043255 -0.060857
vn -0.071302 0.025716 -0.065228
vn -0.023880 0.093069 -0.027710
vn -0.034773 0.084633 -0.040349
vn -0.044450 0.073238 -0.051578
vn -0.052574 0.059283 -0.061004
vn -0.058859 0.043255 -0.068298
vn -0.063087 0.025716 -0.073204
vn -0.008500 0.098252 -0.016561
vn -0.016703 0.093069 -0.032544
vn -0.024323 0.084633 -0.047388
vn -0.031092 0.073238 -0.060576
vn -0.036774 0.059283 -0.071647
vn -0.041170 0.043255 -0.080212
vn -0.044127 0.025716 -0.085974
vn -0.053986 0.025716 -0.080151
vn -0.050368 0.043255 -0.074780
vn -0.044989 0.059283 -0.066794
vn -0.038038 0.073238 -0.056474
vn -0.029757 0.084633 -0.044179
vn -0.020435 0.093069 -0.030340
vn -0.010399 0.098252 -0.015440
vn -0.006482 0.098252 -0.017450
vn -0.012737 0.093069 -0.034291
vn -0.018547 0.084633 -0.049932
vn -0.023709 0.073238 -0.063828
vn -0.028042 0.059283 -0.075493
vn -0.031394 0.043255 -0.084519
vn -0.033649 0.025716 -0.090589
vn -0.004372 0.098252 -0.018095
vn -0.008592 0.093069 -0.035556
vn -0.012511 0.084633 -0.051775
vn -0.015993 0.073238 -0.066184
vn -0.018916 0.059283 -0.078280
vn -0.021178 0.043255 -0.087638
vn -0.022699 0.025716 -0.093933
vn -0.002202 0.098252 -0.018485
vn -0.004326 0.093069 -0.036323
vn -0.006300 0.084633 -0.052892
vn -0.008053 0.073238 -0.067611
vn -0.009525 0.059283 -0.079967
vn -0.010664 0.043255 -0.089528
vn -0.011430 0.025716 -0.095959
vn 0.000000 0.098252 -0.018615
vn 0.000000 0.100000 0.000000
vn 0.000000 0.100000 0.000000
vn 0.000000 0.098252 -0.018615
vn 0.000000 0.093069 -0.036580
vn 0.004326 0.093069 -0.036323
vn 0.000000 0.084633 -0.053266
vn 0.006300 0.084633 -0.052892
vn 0.000000 0.073238 -0.068089
vn 0.008053 0.073238 -0.067611
vn 0.000000 0.059283 -0.080533
vn 0.009525 0.059283 -0.079967
vn 0.000000 0.043255 -0.090161
vn 0.010664 0.043255 -0.089528
vn 0.000000 0.025716 -0.096637
vn 0.011430 0.025716 -0.095959
vn 0.011796 0.007277 -0.099035
vn 0.000000 0.100000 0.000000
vn 0.000000 0.100000 0.000000
vn 0.000000 0.100000 0.000000
vn 0.000000 0.100000 0.000000
vn 0.000000 0.100000 0.000000
vn 0.000000 0.100000 0.000000
vn 0.000000 0.100000 0.000000
vn 0.000000 0.100000 0.000000
vn 0.000000 0.100000 0.000000
vn 0.000000 0.100000 0.000000
vn 0.000000 0.100000 0.000000
vn 0.000000 0.100000 0.000000
vn 0.000000 0.100000 0.000000
vn 0.000000 0.100000 0.000000
vn 0.000000 0.100000 0.000000
vn 0.000000 0.100000 0.000000
vn 0.000000 0.100000 0.000000
vn 0.000000 0.100000 0.000000
vn 0.000000 0.100000 0.000000
vn 0.000000 0.100000 0.000000
vn 0.000000 0.100000 0.000000
vn 0.000000 0.100000 0.000000
vn 0.000000 0.100000 0.000000
vn 0.000000 0.100000 0.000000
vn 0.000000 0.100000 0.000000
vn 0.000000 0.100000 0.000000
vn 0.000000 0.100000 0.000000
vn 0.000000 0.100000 0.000000
vn 0.000000 0.100000 0.000000
vn 0.000000 0.100000 0.000000
vn 0.000000 0.100000 0.000000
vn 0.000000 0.100000 0.000000
vn 0.000000 0.100000 0.000000
vn 0.000000 0.100000 0.000000
vn 0.000000 0.100000 0.000000
vn 0.000000 0.100000 0.000000
vn 0.000000 0.100000 0.000000
vn 0.000000 0.100000 0.000000
vn 0.000000 0.100000 0.000000
vn 0.000000 0.100000 0.000000
vn 0.000000 0.100000 0.000000
vn 0.000000 0.100000 0.000000
vn 0.000000 0.100000 0.000000
vn 0.000000 0.100000 0.000000
vn 0.000000 0.100000 0.000000
vn 0.000000 0.100000 0.000000
vn 0.000000 0.100000 0.000000
vn 0.000000 0.100000 0.000000
vn 0.000000 0.100000 0.000000
vn 0.000000 0.100000 0.000000
vn 0.000000 0.100000 0.000000
vn 0.000000 0.100000 0.000000
vn 0.000000 0.100000 0.000000
vn 0.000000 0.100000 0.000000
vn 0.000000 0.100000 0.000000
vn 0.000000 0.100000 0.000000
vn 0.000000 0.100000 0.000000
vn 0.000000 0.100000 0.000000
vn 0.000000 0.100000 0.000000
vn 0.000000 0.100000 0.000000
vn 0.000000 0.100000 0.000000
vn 0.000000 0.100000 0.000000
vn 0.000000 0.100000 0.000000
vn 0.000000 0.100000 0.000000
vn 0.000000 0.100000 0.000000
vn 0.000000 0.100000 0.000000
vn 0.000000 0.100000 0.000000
vn 0.000000 0.100000 0.000000
vn 0.000000 0.100000 0.000000
vn 0.000000 0.100000 0.000000
vn 0.000000 0.100000 0.000000
vn 0.000000 0.100000 0.000000
vn 0.000000 0.100000 0.000000
vn 0.000000 0.100000 0.000000
vn 0.000000 0.100000 0.000000
vn 0.000000 0.100000 0.000000
vn 0.000000 0.100000 0.000000
vn 0.000000 0.100000 0.000000
vn 0.000000 0.100000 0.000000
vn 0.000000 0.100000 0.000000
vn 0.000000 0.100000 0.000000
vn 0.000000 0.100000 0.000000
vn 0.000000 0.100000 0.000000
vn 0.000000 0.100000 0.000000
vn 0.000000 0.100000 0.000000
vn 0.000000 0.100000 0.000000
vn 0.000000 0.000000 -0.100000
vn 0.014904 0.000000 -0.098883
vn 0.029476 0.000000 -0.095557
vn 0.043388 0.000000 -0.090097
vn 0.056332 0.000000 -0.082624
vn 0.068017 0.000000 -0.073305
vn 0.078183 0.000000 -0.062349
vn 0.086603 0.000000 -0.050000
vn 0.093087 0.000000 -0.036534
vn 0.097493 0.000000 -0.022252
vn 0.099720 0.000000 -0.007473
vn 0.099720 0.000000 0.007473
vn 0.097493 0.000000 0.022252
vn 0.093087 0.000000 0.036534
vn 0.086603 0.000000 0.050000
vn 0.078183 0.000000 0.062349
vn 0.068017 0.000000 0.073305
vn 0.056332 0.000000 0.082624
vn 0.043388 0.000000 0.090097
vn 0.029476 0.000000 0.095557
vn 0.014904 0.000000 0.098883
vn 0.000000 0.000000 0.100000
vn -0.014904 0.000000 0.098883
vn -0.029476 0.000000 0.095557
vn -0.043388 0.000000 0.090097
vn -0.056332 0.000000 0.082624
vn -0.068017 0.000000 0.073305
vn -0.078183 0.000000 0.062349
vn -0.086603 0.000000 0.050000
vn -0.093087 0.000000 0.036534
vn -0.097493 0.000000 0.022252
vn -0.099720 0.000000 0.007473
vn -0.099720 0.000000 -0.007473
vn -0.097493 0.000000 -0.022252
vn -0.093087 0.000000 -0.036534
vn -0.086603 0.000000 -0.050000
vn -0.078183 0.000000 -0.062349
vn -0.068017 0.000000 -0.073305
vn -0.056332 0.000000 -0.082624
vn -0.043388 0.000000 -0.090097
vn -0.029476 0.000000 -0.095557
vn -0.014904 0.000000 -0.098883
vn 0.000000 0.100000 0.000000
vn 0.000000 0.100000 0.000000
vn 0.000000 0.100000 0.000000
vn 0.000000 0.100000 0.000000
vn 0.000000 0.100000 0.000000
vn 0.000000 0.100000 0.000000
vn 0.000000 0.100000 0.000000
vn 0.000000 0.100000 0.000000
vn 0.000000 0.100000 0.000000
vn 0.000000 0.100000 0.000000
vn 0.000000 0.100000 0.000000
vn 0.000000 0.100000 0.000000
vn 0.000000 0.100000 0.000000
vn 0.000000 0.100000 0.000000
vn 0.000000 0.100000 0.000000
vn 0.000000 0.100000 0.000000
vn 0.000000 0.100000 0.000000
vn 0.000000 0.100000 0.000000
vn 0.000000 0.100000 0.000000
vn 0.000000 0.100000 0.000000
vn 0.000000 0.100000 0.000000
vn 0.000000 0.100000 0.000000
vn 0.000000 0.100000 0.000000
vn 0.000000 0.100000 0.000000
vn 0.000000 0.100000 0.000000
vn 0.000000 0.100000 0.000000
vn 0.000000 0.100000 0.000000
vn 0.000000 0.100000 0.000000
vn 0.000000 0.100000 0.000000
vn 0.000000 0.100000 0.000000
vn 0.000000 0.100000 0.000000
vn 0.000000 0.100000 0.000000
vn 0.000000 0.100000 0.000000
vn 0.000000 0.100000 0.000000
vn 0.000000 0.100000 0.000000
vn 0.000000 0.100000 0.000000
vn 0.000000 0.100000 0.000000
vn 0.000000 0.100000 0.000000
vn 0.000000 0.100000 0.000000
vn 0.000000 0.100000 0.000000
vn 0.000000 0.100000 0.000000
vn 0.000000 0.100000 0.000000
vn 0.000000 0.100000 0.000000
vn 0.000000 0.050000 -0.086603
vn 0.000000 0.086603 -0.050000
vn 0.012325 0.050000 -0.085721
vn 0.007116 0.086603 -0.049491
vn 0.024399 0.050000 -0.083095
vn 0.014087 0.086603 -0.047975
vn 0.035976 0.050000 -0.078776
vn 0.020771 0.086603 -0.045482
vn 0.046821 0.050000 -0.072855
vn 0.027032 0.086603 -0.042063
vn 0.056713 0.050000 -0.065450
vn 0.032743 0.086603 -0.037787
vn 0.065450 0.050000 -0.056713
vn 0.037787 0.086603 -0.032743
vn 0.072855 0.050000 -0.046821
vn 0.042063 0.086603 -0.027032
vn 0.078776 0.050000 -0.035976
vn 0.045482 0.086603 -0.020771
vn 0.083095 0.050000 -0.024399
vn 0.047975 0.086603 -0.014087
vn 0.085721 0.050000 -0.012325
vn 0.049491 0.086603 -0.007116
vn 0.086603 0.050000 0.000000
vn 0.050000 0.086603 0.000000
vn 0.085721 0.050000 0.012325
vn 0.049491 0.086603 0.007116
vn 0.083095 0.050000 0.024399
vn 0.047975 0.086603 0.014087
vn 0.078776 0.050000 0.035976
vn 0.045482 0.086603 0.020771
vn 0.072855 0.050000 0.046821
vn 0.042063 0.086603 0.027032
vn 0.065450 0.050000 0.056713
vn 0.037787 0.086603 0.032743
vn 0.056713 0.050000 0.065450
vn 0.032743 0.086603 0.037787
vn 0.046821 0.050000 0.072855
vn 0.027032 0.086603 0.042063
vn 0.035976 0.050000 0.078776
vn 0.020771 0.086603 0.045482
vn 0.024399 0.050000 0.083095
vn 0.014087 0.086603 0.047975
vn 0.012325 0.050000 0.085721
vn 0.007116 0.086603 0.049491
vn -0.012325 0.050000 0.085721
vn -0.007116 0.086603 0.049491
vn 0.000000 0.086603 0.050000
vn 0.000000 0.050000 0.086603
vn -0.024399 0.050000 0.083095
vn -0.014087 0.086603 0.047975
vn -0.035976 0.050000 0.078776
vn -0.020771 0.086603 0.045482
vn -0.046821 0.050000 0.072855
vn -0.027032 0.086603 0.042063
vn -0.056713 0.050000 0.065450
vn -0.032743 0.086603 0.037787
vn -0.065450 0.050000 0.056713
vn -0.037787 0.086603 0.032743
vn -0.072855 0.050000 0.046821
vn -0.042063 0.086603 0.027032
vn -0.078776 0.050000 0.035976
vn -0.045482 0.086603 0.020771
vn -0.083095 0.050000 0.024399
vn -0.047975 0.086603 0.014087
vn -0.085721 0.050000 0.012325
vn -0.049491 0.086603 0.007116
vn -0.086603 0.050000 0.000000
vn -0.050000 0.086603 0.000000
vn -0.085721 0.050000 -0.012325
vn -0.049491 0.086603 -0.007116
vn -0.083095 0.050000 -0.024399
vn -0.047975 0.086603 -0.014087
vn -0.078776 0.050000 -0.035976
vn -0.045482 0.086603 -0.020771
vn -0.072855 0.050000 -0.046821
vn -0.042063 0.086603 -0.027032
vn -0.065450 0.050000 -0.056713
vn -0.037787 0.086603 -0.032743
vn -0.056713 0.050000 -0.065450
vn -0.032743 0.086603 -0.037787
vn -0.046821 0.050000 -0.072855
vn -0.027032 0.086603 -0.042063
vn -0.035976 0.050000 -0.078776
vn -0.020771 0.086603 -0.045482
vn -0.024399 0.050000 -0.083095
vn -0.014087 0.086603 -0.047975
vn -0.012325 0.050000 -0.085721
vn -0.007116 0.086603 -0.049491
vn 0.000000 0.050000 -0.086603
vn 0.000000 0.000000 -0.100000
vn 0.000000 0.000000 -0.100000
vn 0.000000 0.050000 -0.086603
vn 0.000000 0.100000 0.000000
vn 0.007116 0.086603 -0.049491
vn 0.007116 0.086603 -0.049491
usemtl 255,255,255
f 1374/2/2 1372/84/84 1232/1/1
f 1232/1/1 1372/84/84 1230/43/43
f 1232/1/1 1230/43/43 1079/42/42
f 1079/42/42 1230/43/43 1077/44/44
f 1079/42/42 1077/44/44 981/41/41
f 981/41/41 1077/44/44 979/45/45
f 981/41/41 979/45/45 893/40/40
f 893/40/40 979/45/45 891/46/46
f 893/40/40 891/46/46 793/39/39
f 793/39/39 891/46/46 791/47/47
f 793/39/39 791/47/47 686/38/38
f 686/38/38 791/47/47 684/48/48
f 686/38/38 684/48/48 616/37/37
f 616/37/37 684/48/48 614/49/49
f 616/37/37 614/49/49 563/36/36
f 563/36/36 614/49/49 561/50/50
f 563/36/36 561/50/50 510/35/35
f 510/35/35 561/50/50 508/51/51
f 510/35/35 508/51/51 468/34/34
f 468/34/34 508/51/51 466/52/52
f 468/34/34 466/52/52 447/33/33
f 447/33/33 466/52/52 445/53/53
f 447/33/33 445/53/53 448/32/32
f 448/32/32 445/53/53 446/54/54
f 448/32/32 446/54/54 469/31/31
f 469/31/31 446/54/54 467/55/55
f 469/31/31 467/55/55 511/30/30
f 511/30/30 467/55/55 509/56/56
f 511/30/30 509/56/56 564/29/29
f 564/29/29 509/56/56 562/57/57
f 564/29/29 562/57/57 617/28/28
f 617/28/28 562/57/57 615/58/58
f 617/28/28 615/58/58 687/27/27
f 687/27/27 615/58/58 685/59/59
f 687/27/27 685/59/59 794/26/26
f 794/26/26 685/59/59 792/60/60
f 794/26/26 792/60/60 894/25/25
f 894/25/25 792/60/60 892/61/61
f 894/25/25 892/61/61 982/24/24
f 982/24/24 892/61/61 980/62/62
f 982/24/24 980/62/62 1080/23/23
f 1080/23/23 980/62/62 1078/63/63
f 1080/23/23 1078/63/63 1233/22/22
f 1233/22/22 1078/63/63 1231/85/85
f 1233/86/86 1231/64/64 1375/21/21
f 1375/21/21 1231/64/64 1373/65/65
f 1375/21/21 1373/65/65 1470/20/20
f 1470/20/20 1373/65/65 1468/66/66
f 1470/20/20 1468/66/66 1560/19/19
f 1560/19/19 1468/66/66 1558/67/67
f 1560/19/19 1558/67/67 1657/18/18
f 1657/18/18 1558/67/67 1655/68/68
f 1657/18/18 1655/68/68 1760/17/17
f 1760/17/17 1655/68/68 1758/69/69
f 1760/17/17 1758/69/69 1826/16/16
f 1826/16/16 1758/69/69 1824/70/70
f 1826/16/16 1824/70/70 1881/15/15
f 1881/15/15 1824/70/70 1879/71/71
f 1881/15/15 1879/71/71 1928/14/14
f 1928/14/14 1879/71/71 1926/72/72
f 1928/14/14 1926/72/72 1972/13/13
f 1972/13/13 1926/72/72 1970/73/73
f 1972/13/13 1970/73/73 1993/12/12
f 1993/12/12 1970/73/73 1991/74/74
f 1993/12/12 1991/74/74 1992/11/11
f 1992/11/11 1991/74/74 1990/75/75
f 1992/11/11 1990/75/75 1971/10/10
f 1971/10/10 1990/75/75 1969/76/76
f 1971/10/10 1969/76/76 1927/9/9
f 1927/9/9 1969/76/76 1925/77/77
f 1927/9/9 1925/77/77 1880/8/8
f 1880/8/8 1925/77/77 1878/78/78
f 1880/8/8 1878/78/78 1825/7/7
f 1825/7/7 1878/78/78 1823/79/79
f 1825/7/7 1823/79/79 1759/6/6
f 1759/6/6 1823/79/79 1757/80/80
f 1759/6/6 1757/80/80 1656/5/5
f 1656/5/5 1757/80/80 1654/81/81
f 1656/5/5 1654/81/81 1559/4/4
f 1559/4/4 1654/81/81 1557/82/82
f 1559/4/4 1557/82/82 1469/3/3
f 1469/3/3 1557/82/82 1467/83/83
f 1469/3/3 1467/83/83 1374/2/2
f 1374/2/2 1467/83/83 1372/84/84
f 1363/88/88 1364/172/172 1238/87/87
f 1238/87/87 1364/172/172 1236/254/254
f 1238/255/255 1236/170/170 1086/252/252
f 1086/252/252 1236/170/170 1234/171/171
f 1086/252/252 1234/171/171 1081/253/253
f 1081/253/253 1234/171/171 1232/128/128
f 1081/253/253 1232/128/128 1079/129/129
f 1364/172/172 1363/88/88 1455/174/174
f 1455/174/174 1363/88/88 1454/89/89
f 1455/174/174 1454/89/89 1544/176/176
f 1544/176/176 1454/89/89 1543/90/90
f 1544/176/176 1543/90/90 1640/178/178
f 1640/178/178 1543/90/90 1639/91/91
f 1640/178/178 1639/91/91 1742/180/180
f 1742/180/180 1639/91/91 1741/92/92
f 1742/180/180 1741/92/92 1812/182/182
f 1812/182/182 1741/92/92 1806/93/93
f 1812/182/182 1806/93/93 1858/184/184
f 1858/184/184 1806/93/93 1854/94/94
f 1858/184/184 1854/94/94 1909/186/186
f 1909/186/186 1854/94/94 1899/95/95
f 1909/186/186 1899/95/95 1942/188/188
f 1942/188/188 1899/95/95 1935/96/96
f 1942/188/188 1935/96/96 1966/190/190
f 1966/190/190 1935/96/96 1944/97/97
f 1966/190/190 1944/97/97 1967/192/192
f 1967/192/192 1944/97/97 1940/98/98
f 1967/192/192 1940/98/98 1943/194/194
f 1943/194/194 1940/98/98 1914/99/99
f 1943/194/194 1914/99/99 1910/196/196
f 1910/196/196 1914/99/99 1885/100/100
f 1910/196/196 1885/100/100 1859/198/198
f 1859/198/198 1885/100/100 1836/101/101
f 1859/198/198 1836/101/101 1813/200/200
f 1813/200/200 1836/101/101 1777/102/102
f 1813/200/200 1777/102/102 1743/202/202
f 1743/202/202 1777/102/102 1690/103/103
f 1743/202/202 1690/103/103 1641/204/204
f 1641/204/204 1690/103/103 1595/104/104
f 1641/204/204 1595/104/104 1545/206/206
f 1545/206/206 1595/104/104 1502/105/105
f 1545/206/206 1502/105/105 1456/208/208
f 1456/208/208 1502/105/105 1411/106/106
f 1456/208/208 1411/106/106 1365/210/210
f 1365/210/210 1411/106/106 1304/107/107
f 1365/210/210 1304/107/107 1237/212/212
f 1237/212/212 1304/107/107 1152/108/108
f 1237/212/212 1152/108/108 1087/214/214
f 1087/214/214 1152/108/108 1035/109/109
f 1087/214/214 1035/109/109 995/216/216
f 995/216/216 1035/109/109 943/110/110
f 995/216/216 943/110/110 905/218/218
f 905/218/218 943/110/110 847/111/111
f 905/218/218 847/111/111 807/220/220
f 807/220/220 847/111/111 753/112/112
f 807/220/220 753/112/112 702/222/222
f 702/222/222 753/112/112 664/113/113
f 702/222/222 664/113/113 633/224/224
f 633/224/224 664/113/113 607/114/114
f 633/224/224 607/114/114 584/226/226
f 584/226/226 607/114/114 557/115/115
f 584/226/226 557/115/115 532/228/228
f 532/228/228 557/115/115 526/116/116
f 532/228/228 526/116/116 495/230/230
f 495/230/230 526/116/116 499/117/117
f 495/230/230 499/117/117 472/232/232
f 472/232/232 499/117/117 493/118/118
f 472/232/232 493/118/118 471/234/234
f 471/234/234 493/118/118 505/119/119
f 471/234/234 505/119/119 494/236/236
f 494/236/236 505/119/119 540/120/120
f 494/236/236 540/120/120 531/238/238
f 531/238/238 540/120/120 586/121/121
f 531/238/238 586/121/121 583/240/240
f 583/240/240 586/121/121 639/122/122
f 583/240/240 639/122/122 632/242/242
f 632/242/242 639/122/122 703/123/123
f 632/242/242 703/123/123 701/244/244
f 701/244/244 703/123/123 808/124/124
f 701/244/244 808/124/124 806/246/246
f 806/246/246 808/124/124 908/125/125
f 806/246/246 908/125/125 904/248/248
f 904/248/248 908/125/125 996/126/126
f 904/248/248 996/126/126 994/250/250
f 994/250/250 996/126/126 1088/127/127
f 994/250/250 1088/127/127 1086/252/252
f 1086/252/252 1088/127/127 1238/256/256
f 1081/253/253 1079/129/129 986/251/251
f 986/251/251 1079/129/129 981/130/130
f 986/251/251 981/130/130 899/249/249
f 899/249/249 981/130/130 893/131/131
f 899/249/249 893/131/131 796/247/247
f 796/247/247 893/131/131 793/132/132
f 796/247/247 793/132/132 691/245/245
f 691/245/245 793/132/132 686/133/133
f 691/245/245 686/133/133 623/243/243
f 623/243/243 686/133/133 616/134/134
f 623/243/243 616/134/134 570/241/241
f 570/241/241 616/134/134 563/135/135
f 570/241/241 563/135/135 519/239/239
f 519/239/239 563/135/135 510/136/136
f 519/239/239 510/136/136 479/237/237
f 479/237/237 510/136/136 468/137/137
f 479/237/237 468/137/137 454/235/235
f 454/235/235 468/137/137 447/138/138
f 454/235/235 447/138/138 455/233/233
f 455/233/233 447/138/138 448/139/139
f 455/233/233 448/139/139 480/231/231
f 480/231/231 448/139/139 469/140/140
f 480/231/231 469/140/140 520/229/229
f 520/229/229 469/140/140 511/141/141
f 520/229/229 511/141/141 571/227/227
f 571/227/227 511/141/141 564/142/142
f 571/227/227 564/142/142 624/225/225
f 624/225/225 564/142/142 617/143/143
f 624/225/225 617/143/143 692/223/223
f 692/223/223 617/143/143 687/144/144
f 692/223/223 687/144/144 797/221/221
f 797/221/221 687/144/144 794/145/145
f 797/221/221 794/145/145 900/219/219
f 900/219/219 794/145/145 894/146/146
f 900/219/219 894/146/146 987/217/217
f 987/217/217 894/146/146 982/147/147
f 987/217/217 982/147/147 1082/215/215
f 1082/215/215 982/147/147 1080/148/148
f 1082/215/215 1080/148/148 1235/213/213
f 1235/213/213 1080/148/148 1233/149/149
f 1235/213/213 1233/149/149 1371/211/211
f 1371/211/211 1233/149/149 1375/150/150
f 1371/211/211 1375/150/150 1465/209/209
f 1465/209/209 1375/150/150 1470/151/151
f 1465/209/209 1470/151/151 1553/207/207
f 1553/207/207 1470/151/151 1560/152/152
f 1553/207/207 1560/152/152 1652/205/205
f 1652/205/205 1560/152/152 1657/153/153
f 1652/205/205 1657/153/153 1754/203/203
f 1754/203/203 1657/153/153 1760/154/154
f 1754/203/203 1760/154/154 1819/201/201
f 1819/201/201 1760/154/154 1826/155/155
f 1819/201/201 1826/155/155 1873/199/199
f 1873/199/199 1826/155/155 1881/156/156
f 1873/199/199 1881/156/156 1919/197/197
f 1919/197/197 1881/156/156 1928/157/157
f 1919/197/197 1928/157/157 1960/195/195
f 1960/195/195 1928/157/157 1972/158/158
f 1960/195/195 1972/158/158 1984/193/193
f 1984/193/193 1972/158/158 1993/159/159
f 1984/193/193 1993/159/159 1983/191/191
f 1983/191/191 1993/159/159 1992/160/160
f 1983/191/191 1992/160/160 1959/189/189
f 1959/189/189 1992/160/160 1971/161/161
f 1959/189/189 1971/161/161 1918/187/187
f 1918/187/187 1971/161/161 1927/162/162
f 1918/187/187 1927/162/162 1872/185/185
f 1872/185/185 1927/162/162 1880/163/163
f 1872/185/185 1880/163/163 1818/183/183
f 1818/183/183 1880/163/163 1825/164/164
f 1818/183/183 1825/164/164 1753/181/181
f 1753/181/181 1825/164/164 1759/165/165
f 1753/181/181 1759/165/165 1651/179/179
f 1651/179/179 1759/165/165 1656/166/166
f 1651/179/179 1656/166/166 1552/177/177
f 1552/177/177 1656/166/166 1559/167/167
f 1552/177/177 1559/167/167 1464/175/175
f 1464/175/175 1559/167/167 1469/168/168
f 1464/175/175 1469/168/168 1370/173/173
f 1370/173/173 1469/168/168 1374/169/169
f 1370/173/173 1374/169/169 1234/257/257
f 1234/171/171 1374/258/258 1232/128/128
f 1370/259/259 1234/171/171 1236/170/170
f 1370/173/173 1236/260/260 1364/172/172
f 1464/175/175 1370/173/173 1364/172/172
f 1552/177/177 1464/175/175 1455/174/174
f 1455/174/174 1464/175/175 1364/172/172
f 1651/179/179 1552/177/177 1544/176/176
f 1544/176/176 1552/177/177 1455/174/174
f 1753/181/181 1651/179/179 1640/178/178
f 1640/178/178 1651/179/179 1544/176/176
f 1818/183/183 1753/181/181 1742/180/180
f 1742/180/180 1753/181/181 1640/178/178
f 1872/185/185 1818/183/183 1812/182/182
f 1812/182/182 1818/183/183 1742/180/180
f 1918/187/187 1872/185/185 1858/184/184
f 1858/184/184 1872/185/185 1812/182/182
f 1959/189/189 1918/187/187 1909/186/186
f 1909/186/186 1918/187/187 1858/184/184
f 1983/191/191 1959/189/189 1942/188/188
f 1942/188/188 1959/189/189 1909/186/186
f 1984/193/193 1983/191/191 1966/190/190
f 1966/190/190 1983/191/191 1942/188/188
f 1960/195/195 1984/193/193 1967/192/192
f 1967/192/192 1984/193/193 1966/190/190
f 1919/197/197 1960/195/195 1943/194/194
f 1943/194/194 1960/195/195 1967/192/192
f 1873/199/199 1919/197/197 1910/196/196
f 1910/196/196 1919/197/197 1943/194/194
f 1819/201/201 1873/199/199 1859/198/198
f 1859/198/198 1873/199/199 1910/196/196
f 1754/203/203 1819/201/201 1813/200/200
f 1813/200/200 1819/201/201 1859/198/198
f 1652/205/205 1754/203/203 1743/202/202
f 1743/202/202 1754/203/203 1813/200/200
f 1553/207/207 1652/205/205 1641/204/204
f 1641/204/204 1652/205/205 1743/202/202
f 1465/209/209 1553/207/207 1545/206/206
f 1545/206/206 1553/207/207 1641/204/204
f 1371/211/211 1465/209/209 1456/208/208
f 1456/208/208 1465/209/209 1545/206/206
f 1235/213/213 1371/211/211 1365/210/210
f 1365/210/210 1371/211/211 1456/208/208
f 1082/215/215 1235/213/213 1237/212/212
f 1237/212/212 1235/213/213 1365/210/210
f 987/217/217 1082/215/215 1087/214/214
f 1087/214/214 1082/215/215 1237/212/212
f 900/219/219 987/217/217 995/216/216
f 995/216/216 987/217/217 1087/214/214
f 797/221/221 900/219/219 905/218/218
f 905/218/218 900/219/219 995/216/216
f 692/223/223 797/221/221 807/220/220
f 807/220/220 797/221/221 905/218/218
f 624/225/225 692/223/223 702/222/222
f 702/222/222 692/223/223 807/220/220
f 571/227/227 624/225/225 633/224/224
f 633/224/224 624/225/225 702/222/222
f 520/229/229 571/227/227 584/226/226
f 584/226/226 571/227/227 633/224/224
f 480/231/231 520/229/229 532/228/228
f 532/228/228 520/229/229 584/226/226
f 455/233/233 480/231/231 495/230/230
f 495/230/230 480/231/231 532/228/228
f 454/235/235 455/233/233 472/232/232
f 472/232/232 455/233/233 495/230/230
f 479/237/237 454/235/235 471/234/234
f 471/234/234 454/235/235 472/232/232
f 519/239/239 479/237/237 494/236/236
f 494/236/236 479/237/237 471/234/234
f 570/241/241 519/239/239 531/238/238
f 531/238/238 519/239/239 494/236/236
f 623/243/243 570/241/241 583/240/240
f 583/240/240 570/241/241 531/238/238
f 691/245/245 623/243/243 632/242/242
f 632/242/242 623/243/243 583/240/240
f 796/247/247 691/245/245 701/244/244
f 701/244/244 691/245/245 632/242/242
f 899/249/249 796/247/247 806/246/246
f 806/246/246 796/247/247 701/244/244
f 986/251/251 899/249/249 904/248/248
f 904/248/248 899/249/249 806/246/246
f 1081/253/253 986/251/251 994/250/250
f 994/250/250 986/251/251 904/248/248
f 1086/252/252 1081/253/253 994/250/250
f 1348/262/262 1363/334/334 1239/261/261
f 1239/261/261 1363/334/334 1238/294/294
f 1239/261/261 1238/294/294 1088/295/295
f 1363/334/334 1348/262/262 1454/333/333
f 1454/333/333 1348/262/262 1422/263/263
f 1454/333/333 1422/263/263 1543/332/332
f 1543/332/332 1422/263/263 1495/264/264
f 1543/332/332 1495/264/264 1639/331/331
f 1639/331/331 1495/264/264 1563/265/265
f 1639/331/331 1563/265/265 1741/330/330
f 1741/330/330 1563/265/265 1806/329/329
f 1806/329/329 1563/265/265 1614/266/266
f 1806/329/329 1614/266/266 1854/328/328
f 1854/328/328 1614/266/266 1667/267/267
f 1854/328/328 1667/267/267 1899/327/327
f 1899/327/327 1667/267/267 1697/268/268
f 1899/327/327 1697/268/268 1935/326/326
f 1935/326/326 1697/268/268 1718/269/269
f 1935/326/326 1718/269/269 1944/325/325
f 1944/325/325 1718/269/269 1940/324/324
f 1940/324/324 1718/269/269 1711/270/270
f 1940/324/324 1711/270/270 1914/323/323
f 1914/323/323 1711/270/270 1682/271/271
f 1914/323/323 1682/271/271 1885/322/322
f 1885/322/322 1682/271/271 1635/272/272
f 1885/322/322 1635/272/272 1836/321/321
f 1836/321/321 1635/272/272 1591/273/273
f 1836/321/321 1591/273/273 1777/320/320
f 1777/320/320 1591/273/273 1690/319/319
f 1690/319/319 1591/273/273 1526/274/274
f 1690/319/319 1526/274/274 1595/318/318
f 1595/318/318 1526/274/274 1461/275/275
f 1595/318/318 1461/275/275 1502/317/317
f 1502/317/317 1461/275/275 1397/276/276
f 1502/317/317 1397/276/276 1411/316/316
f 1411/316/316 1397/276/276 1295/277/277
f 1411/316/316 1295/277/277 1304/315/315
f 1304/315/315 1295/277/277 1152/314/314
f 1152/314/314 1295/277/277 1169/278/278
f 1152/314/314 1169/278/278 1035/313/313
f 1035/313/313 1169/278/278 1060/279/279
f 1035/313/313 1060/279/279 943/312/312
f 943/312/312 1060/279/279 989/280/280
f 943/312/312 989/280/280 847/311/311
f 847/311/311 989/280/280 921/281/281
f 847/311/311 921/281/281 753/310/310
f 753/310/310 921/281/281 851/282/282
f 753/310/310 851/282/282 664/309/309
f 664/309/309 851/282/282 607/308/308
f 607/308/308 851/282/282 812/283/283
f 607/308/308 812/283/283 557/307/307
f 557/307/307 812/283/283 759/284/284
f 557/307/307 759/284/284 526/306/306
f 526/306/306 759/284/284 735/285/285
f 526/306/306 735/285/285 499/305/305
f 499/305/305 735/285/285 729/286/286
f 499/305/305 729/286/286 493/304/304
f 493/304/304 729/286/286 505/303/303
f 505/303/303 729/286/286 746/287/287
f 505/303/303 746/287/287 540/302/302
f 540/302/302 746/287/287 776/288/288
f 540/302/302 776/288/288 586/301/301
f 586/301/301 776/288/288 835/289/289
f 586/301/301 835/289/289 639/300/300
f 639/300/300 835/289/289 889/290/290
f 639/300/300 889/290/290 703/299/299
f 703/299/299 889/290/290 808/298/298
f 808/298/298 889/290/290 950/291/291
f 808/298/298 950/291/291 908/297/297
f 908/297/297 950/291/291 1020/292/292
f 908/297/297 1020/292/292 996/296/296
f 996/296/296 1020/292/292 1095/293/293
f 996/296/296 1095/293/293 1088/295/295
f 1088/295/295 1095/293/293 1239/261/261
f 1349/336/336 1239/368/368 1240/335/335
f 1240/335/335 1239/368/368 1095/369/369
f 1240/335/335 1095/369/369 1096/367/367
f 1096/367/367 1095/369/369 1020/370/370
f 1096/367/367 1020/370/370 1021/366/366
f 1021/366/366 1020/370/370 950/371/371
f 1021/366/366 950/371/371 951/365/365
f 951/365/365 950/371/371 889/372/372
f 951/365/365 889/372/372 890/364/364
f 890/364/364 889/372/372 835/373/373
f 890/364/364 835/373/373 836/363/363
f 836/363/363 835/373/373 776/374/374
f 836/363/363 776/374/374 777/362/362
f 777/362/362 776/374/374 746/375/375
f 777/362/362 746/375/375 747/361/361
f 747/361/361 746/375/375 729/376/376
f 747/361/361 729/376/376 730/360/360
f 730/360/360 729/376/376 735/377/377
f 730/360/360 735/377/377 736/359/359
f 736/359/359 735/377/377 759/378/378
f 736/359/359 759/378/378 760/358/358
f 760/358/358 759/378/378 812/379/379
f 760/358/358 812/379/379 813/357/357
f 813/357/357 812/379/379 851/380/380
f 813/357/357 851/380/380 852/356/356
f 852/356/356 851/380/380 921/381/381
f 852/356/356 921/381/381 922/355/355
f 922/355/355 921/381/381 989/382/382
f 922/355/355 989/382/382 990/354/354
f 990/354/354 989/382/382 1060/383/383
f 990/354/354 1060/383/383 1061/353/353
f 1061/353/353 1060/383/383 1169/401/401
f 1061/353/353 1169/402/402 1170/352/352
f 1170/403/403 1169/384/384 1295/385/385
f 1170/404/404 1295/385/385 1296/351/351
f 1296/351/351 1295/385/385 1397/386/386
f 1296/351/351 1397/386/386 1398/350/350
f 1398/350/350 1397/386/386 1461/387/387
f 1398/350/350 1461/387/387 1462/349/349
f 1462/349/349 1461/387/387 1526/388/388
f 1462/349/349 1526/388/388 1527/348/348
f 1527/348/348 1526/388/388 1591/389/389
f 1527/348/348 1591/389/389 1592/347/347
f 1592/347/347 1591/389/389 1635/390/390
f 1592/347/347 1635/390/390 1636/346/346
f 1636/346/346 1635/390/390 1682/391/391
f 1636/346/346 1682/391/391 1683/345/345
f 1683/345/345 1682/391/391 1711/392/392
f 1683/345/345 1711/392/392 1712/344/344
f 1712/344/344 1711/392/392 1718/393/393
f 1712/344/344 1718/393/393 1719/343/343
f 1719/343/343 1718/393/393 1697/394/394
f 1719/343/343 1697/394/394 1698/342/342
f 1698/342/342 1697/394/394 1667/395/395
f 1698/342/342 1667/395/395 1668/341/341
f 1668/341/341 1667/395/395 1614/396/396
f 1668/341/341 1614/396/396 1615/340/340
f 1615/340/340 1614/396/396 1563/397/397
f 1615/340/340 1563/397/397 1564/339/339
f 1564/339/339 1563/397/397 1495/398/398
f 1564/339/339 1495/398/398 1496/338/338
f 1496/338/338 1495/398/398 1422/399/399
f 1496/338/338 1422/399/399 1423/337/337
f 1423/337/337 1422/399/399 1348/400/400
f 1423/337/337 1348/400/400 1349/336/336
f 1349/336/336 1348/400/400 1239/368/368
f 1342/406/406 1344/473/473 1243/405/405
f 1243/405/405 1344/473/473 1242/537/537
f 1243/538/538 1242/471/471 1101/437/437
f 1101/437/437 1242/471/471 1098/535/535
f 1101/437/437 1098/535/535 1029/436/436
f 1029/436/436 1098/535/535 1025/533/533
f 1029/436/436 1025/533/533 962/435/435
f 962/435/435 1025/533/533 956/531/531
f 962/435/435 956/531/531 909/434/434
f 909/434/434 956/531/531 901/529/529
f 909/434/434 901/529/529 844/433/433
f 844/433/433 901/529/529 841/527/527
f 844/433/433 841/527/527 799/432/432
f 799/432/432 841/527/527 787/525/525
f 799/432/432 787/525/525 761/431/431
f 761/431/431 787/525/525 755/523/523
f 761/431/431 755/523/523 748/430/430
f 748/430/430 755/523/523 739/521/521
f 748/430/430 739/521/521 754/429/429
f 754/429/429 739/521/521 743/519/519
f 754/429/429 743/519/519 771/428/428
f 771/428/428 743/519/519 766/517/517
f 771/428/428 766/517/517 826/427/427
f 826/427/427 766/517/517 822/515/515
f 826/427/427 822/515/515 864/426/426
f 864/426/426 822/515/515 860/513/513
f 864/426/426 860/513/513 929/425/425
f 929/425/425 860/513/513 926/511/511
f 929/425/425 926/511/511 1002/424/424
f 1002/424/424 926/511/511 998/509/509
f 1002/424/424 998/509/509 1066/423/423
f 1066/423/423 998/509/509 1064/507/507
f 1066/423/423 1064/507/507 1175/422/422
f 1175/422/422 1064/507/507 1174/505/505
f 1175/422/422 1174/505/505 1289/421/421
f 1289/421/421 1174/505/505 1290/503/503
f 1289/421/421 1290/503/503 1389/420/420
f 1389/420/420 1290/503/503 1391/501/501
f 1389/420/420 1391/501/501 1449/419/419
f 1449/419/419 1391/501/501 1453/499/499
f 1449/419/419 1453/499/499 1518/418/418
f 1518/418/418 1453/499/499 1523/497/497
f 1518/418/418 1523/497/497 1578/417/417
f 1578/417/417 1523/497/497 1582/495/495
f 1578/417/417 1582/495/495 1622/416/416
f 1622/416/416 1582/495/495 1626/493/493
f 1622/416/416 1626/493/493 1671/415/415
f 1671/415/415 1626/493/493 1675/491/491
f 1671/415/415 1675/491/491 1689/414/414
f 1689/414/414 1675/491/491 1699/489/489
f 1689/414/414 1699/489/489 1695/413/413
f 1695/413/413 1699/489/489 1706/487/487
f 1695/413/413 1706/487/487 1680/412/412
f 1680/412/412 1706/487/487 1688/485/485
f 1680/412/412 1688/485/485 1650/411/411
f 1650/411/411 1688/485/485 1658/483/483
f 1650/411/411 1658/483/483 1600/410/410
f 1600/410/410 1658/483/483 1605/481/481
f 1600/410/410 1605/481/481 1542/409/409
f 1542/409/409 1605/481/481 1549/479/479
f 1542/409/409 1549/479/479 1487/408/408
f 1487/408/408 1549/479/479 1489/477/477
f 1487/408/408 1489/477/477 1416/407/407
f 1416/407/407 1489/477/477 1418/475/475
f 1416/407/407 1418/475/475 1342/406/406
f 1342/406/406 1418/475/475 1344/473/473
f 1096/439/439 1097/536/536 1240/438/438
f 1240/438/438 1097/536/536 1241/472/472
f 1240/438/438 1241/472/472 1349/539/539
f 1349/470/470 1241/540/540 1345/474/474
f 1349/470/470 1345/474/474 1423/469/469
f 1423/469/469 1345/474/474 1420/476/476
f 1423/469/469 1420/476/476 1496/468/468
f 1496/468/468 1420/476/476 1492/478/478
f 1496/468/468 1492/478/478 1564/467/467
f 1564/467/467 1492/478/478 1556/480/480
f 1564/467/467 1556/480/480 1615/466/466
f 1615/466/466 1556/480/480 1610/482/482
f 1615/466/466 1610/482/482 1668/465/465
f 1668/465/465 1610/482/482 1664/484/484
f 1668/465/465 1664/484/484 1698/464/464
f 1698/464/464 1664/484/484 1692/486/486
f 1698/464/464 1692/486/486 1719/463/463
f 1719/463/463 1692/486/486 1714/488/488
f 1719/463/463 1714/488/488 1712/462/462
f 1712/462/462 1714/488/488 1707/490/490
f 1712/462/462 1707/490/490 1683/461/461
f 1683/461/461 1707/490/490 1679/492/492
f 1683/461/461 1679/492/492 1636/460/460
f 1636/460/460 1679/492/492 1631/494/494
f 1636/460/460 1631/494/494 1592/459/459
f 1592/459/459 1631/494/494 1588/496/496
f 1592/459/459 1588/496/496 1527/458/458
f 1527/458/458 1588/496/496 1524/498/498
f 1527/458/458 1524/498/498 1462/457/457
f 1462/457/457 1524/498/498 1457/500/500
f 1462/457/457 1457/500/500 1398/456/456
f 1398/456/456 1457/500/500 1394/502/502
f 1398/456/456 1394/502/502 1296/455/455
f 1296/455/455 1394/502/502 1293/504/504
f 1296/455/455 1293/504/504 1170/454/454
f 1170/454/454 1293/504/504 1171/506/506
f 1170/454/454 1171/506/506 1061/453/453
f 1061/453/453 1171/506/506 1062/508/508
f 1061/453/453 1062/508/508 990/452/452
f 990/452/452 1062/508/508 993/510/510
f 990/452/452 993/510/510 922/451/451
f 922/451/451 993/510/510 925/512/512
f 922/451/451 925/512/512 852/450/450
f 852/450/450 925/512/512 854/514/514
f 852/450/450 854/514/514 813/449/449
f 813/449/449 854/514/514 817/516/516
f 813/449/449 817/516/516 760/448/448
f 760/448/448 817/516/516 762/518/518
f 760/448/448 762/518/518 736/447/447
f 736/447/447 762/518/518 738/520/520
f 736/447/447 738/520/520 730/446/446
f 730/446/446 738/520/520 732/522/522
f 730/446/446 732/522/522 747/445/445
f 747/445/445 732/522/522 751/524/524
f 747/445/445 751/524/524 777/444/444
f 777/444/444 751/524/524 779/526/526
f 777/444/444 779/526/526 836/443/443
f 836/443/443 779/526/526 838/528/528
f 836/443/443 838/528/528 890/442/442
f 890/442/442 838/528/528 895/530/530
f 890/442/442 895/530/530 951/441/441
f 951/441/441 895/530/530 953/532/532
f 951/441/441 953/532/532 1021/440/440
f 1021/440/440 953/532/532 1022/534/534
f 1021/440/440 1022/534/534 1096/439/439
f 1096/439/439 1022/534/534 1097/536/536
f 1242/471/471 1241/472/472 1098/535/535
f 1098/535/535 1241/472/472 1097/536/536
f 1098/535/535 1097/536/536 1025/533/533
f 1025/533/533 1097/536/536 1022/534/534
f 1025/533/533 1022/534/534 956/531/531
f 956/531/531 1022/534/534 953/532/532
f 956/531/531 953/532/532 901/529/529
f 901/529/529 953/532/532 895/530/530
f 901/529/529 895/530/530 841/527/527
f 841/527/527 895/530/530 838/528/528
f 841/527/527 838/528/528 787/525/525
f 787/525/525 838/528/528 779/526/526
f 787/525/525 779/526/526 755/523/523
f 755/523/523 779/526/526 751/524/524
f 755/523/523 751/524/524 739/521/521
f 739/521/521 751/524/524 732/522/522
f 739/521/521 732/522/522 743/519/519
f 743/519/519 732/522/522 738/520/520
f 743/519/519 738/520/520 766/517/517
f 766/517/517 738/520/520 762/518/518
f 766/517/517 762/518/518 822/515/515
f 822/515/515 762/518/518 817/516/516
f 822/515/515 817/516/516 860/513/513
f 860/513/513 817/516/516 854/514/514
f 860/513/513 854/514/514 926/511/511
f 926/511/511 854/514/514 925/512/512
f 926/511/511 925/512/512 998/509/509
f 998/509/509 925/512/512 993/510/510
f 998/509/509 993/510/510 1064/507/507
f 1064/507/507 993/510/510 1062/508/508
f 1064/507/507 1062/508/508 1174/505/505
f 1174/505/505 1062/508/508 1171/506/506
f 1174/505/505 1171/506/506 1290/503/503
f 1290/503/503 1171/506/506 1293/504/504
f 1290/503/503 1293/504/504 1391/501/501
f 1391/501/501 1293/504/504 1394/502/502
f 1391/501/501 1394/502/502 1453/499/499
f 1453/499/499 1394/502/502 1457/500/500
f 1453/499/499 1457/500/500 1523/497/497
f 1523/497/497 1457/500/500 1524/498/498
f 1523/497/497 1524/498/498 1582/495/495
f 1582/495/495 1524/498/498 1588/496/496
f 1582/495/495 1588/496/496 1626/493/493
f 1626/493/493 1588/496/496 1631/494/494
f 1626/493/493 1631/494/494 1675/491/491
f 1675/491/491 1631/494/494 1679/492/492
f 1675/491/491 1679/492/492 1699/489/489
f 1699/489/489 1679/492/492 1707/490/490
f 1699/489/489 1707/490/490 1706/487/487
f 1706/487/487 1707/490/490 1714/488/488
f 1706/487/487 1714/488/488 1688/485/485
f 1688/485/485 1714/488/488 1692/486/486
f 1688/485/485 1692/486/486 1658/483/483
f 1658/483/483 1692/486/486 1664/484/484
f 1658/483/483 1664/484/484 1605/481/481
f 1605/481/481 1664/484/484 1610/482/482
f 1605/481/481 1610/482/482 1549/479/479
f 1549/479/479 1610/482/482 1556/480/480
f 1549/479/479 1556/480/480 1489/477/477
f 1489/477/477 1556/480/480 1492/478/478
f 1489/477/477 1492/478/478 1418/475/475
f 1418/475/475 1492/478/478 1420/476/476
f 1418/475/475 1420/476/476 1344/473/473
f 1344/473/473 1420/476/476 1345/474/474
f 1344/473/473 1345/474/474 1242/541/541
f 1242/471/471 1345/542/542 1241/472/472
f 1274/544/544 1342/589/589 1244/543/543
f 1244/543/543 1342/589/589 1243/557/557
f 1244/543/543 1243/557/557 1101/558/558
f 1319/545/545 1542/586/586 1274/544/544
f 1274/544/544 1542/586/586 1487/587/587
f 1274/544/544 1487/587/587 1416/588/588
f 1337/546/546 1650/584/584 1319/545/545
f 1319/545/545 1650/584/584 1600/585/585
f 1319/545/545 1600/585/585 1542/586/586
f 1338/547/547 1695/582/582 1337/546/546
f 1337/546/546 1695/582/582 1680/583/583
f 1337/546/546 1680/583/583 1650/584/584
f 1320/548/548 1622/579/579 1338/547/547
f 1338/547/547 1622/579/579 1671/580/580
f 1338/547/547 1671/580/580 1689/581/581
f 1275/549/549 1518/577/577 1320/548/548
f 1320/548/548 1518/577/577 1578/578/578
f 1320/548/548 1578/578/578 1622/579/579
f 1245/550/550 1389/575/575 1275/549/549
f 1275/549/549 1389/575/575 1449/576/576
f 1275/549/549 1449/576/576 1518/577/577
f 1182/551/551 1066/572/572 1245/550/550
f 1245/550/550 1066/572/572 1175/573/573
f 1245/550/550 1175/573/573 1289/574/574
f 1131/552/552 929/570/570 1182/551/551
f 1182/551/551 929/570/570 1002/571/571
f 1182/551/551 1002/571/571 1066/572/572
f 1109/553/553 826/568/568 1131/552/552
f 1131/552/552 826/568/568 864/569/569
f 1131/552/552 864/569/569 929/570/570
f 1108/554/554 748/565/565 1109/553/553
f 1109/553/553 748/565/565 754/566/566
f 1109/553/553 754/566/566 771/567/567
f 1130/555/555 799/563/563 1108/554/554
f 1108/554/554 799/563/563 761/564/564
f 1108/554/554 761/564/564 748/565/565
f 1181/556/556 909/561/561 1130/555/555
f 1130/555/555 909/561/561 844/562/562
f 1130/555/555 844/562/562 799/563/563
f 1244/543/543 1101/558/558 1181/556/556
f 1181/556/556 1101/558/558 1029/559/559
f 1181/556/556 1029/559/559 962/560/560
f 962/560/560 909/561/561 1181/556/556
f 771/567/567 826/568/568 1109/553/553
f 1289/574/574 1389/575/575 1245/550/550
f 1689/581/581 1695/582/582 1338/547/547
f 1416/588/588 1342/589/589 1274/544/544
f 1267/591/591 1263/620/620 1248/590/590
f 1248/590/590 1263/620/620 1247/647/647
f 1248/648/648 1247/617/617 1187/645/645
f 1187/645/645 1247/617/617 1246/618/618
f 1187/645/645 1246/618/618 1186/646/646
f 1186/646/646 1246/618/618 1244/603/603
f 1186/646/646 1244/603/603 1181/604/604
f 1263/620/620 1267/591/591 1300/622/622
f 1300/622/622 1267/591/591 1306/592/592
f 1300/622/622 1306/592/592 1323/624/624
f 1323/624/624 1306/592/592 1325/593/593
f 1323/624/624 1325/593/593 1328/626/626
f 1328/626/626 1325/593/593 1316/594/594
f 1328/626/626 1316/594/594 1314/628/628
f 1314/628/628 1316/594/594 1291/595/595
f 1314/628/628 1291/595/595 1286/630/630
f 1286/630/630 1291/595/595 1258/596/596
f 1286/630/630 1258/596/596 1254/619/619
f 1254/619/619 1258/596/596 1191/597/597
f 1254/619/619 1191/597/597 1196/636/636
f 1196/636/636 1191/597/597 1178/633/633
f 1196/636/636 1178/633/633 1176/634/634
f 1176/634/634 1178/633/633 1129/638/638
f 1176/634/634 1129/638/638 1131/608/608
f 1131/608/608 1129/638/638 1109/607/607
f 1109/607/607 1129/638/638 1114/640/640
f 1109/607/607 1114/640/640 1108/606/606
f 1108/606/606 1114/640/640 1117/642/642
f 1108/606/606 1117/642/642 1130/605/605
f 1130/605/605 1117/642/642 1151/644/644
f 1130/605/605 1151/644/644 1181/604/604
f 1181/604/604 1151/644/644 1186/646/646
f 1191/597/597 1172/598/598 1178/633/633
f 1178/633/633 1172/598/598 1136/637/637
f 1178/633/633 1136/637/637 1129/638/638
f 1129/638/638 1136/637/637 1114/640/640
f 1172/598/598 1133/599/599 1136/637/637
f 1136/637/637 1133/599/599 1121/639/639
f 1136/637/637 1121/639/639 1114/640/640
f 1114/640/640 1121/639/639 1117/642/642
f 1133/599/599 1124/600/600 1121/639/639
f 1121/639/639 1124/600/600 1127/641/641
f 1121/639/639 1127/641/641 1117/642/642
f 1117/642/642 1127/641/641 1151/644/644
f 1124/600/600 1149/601/601 1127/641/641
f 1127/641/641 1149/601/601 1159/643/643
f 1127/641/641 1159/643/643 1151/644/644
f 1151/644/644 1159/643/643 1186/646/646
f 1149/601/601 1183/602/602 1159/643/643
f 1159/643/643 1183/602/602 1187/645/645
f 1159/643/643 1187/645/645 1186/646/646
f 1183/602/602 1248/649/649 1187/645/645
f 1131/608/608 1182/609/609 1176/634/634
f 1176/634/634 1182/609/609 1194/635/635
f 1176/634/634 1194/635/635 1196/636/636
f 1196/636/636 1194/635/635 1254/619/619
f 1182/609/609 1245/610/610 1194/635/635
f 1194/635/635 1245/610/610 1256/632/632
f 1194/635/635 1256/632/632 1254/619/619
f 1254/619/619 1256/632/632 1286/630/630
f 1245/610/610 1275/611/611 1256/632/632
f 1256/632/632 1275/611/611 1288/631/631
f 1256/632/632 1288/631/631 1286/630/630
f 1286/630/630 1288/631/631 1314/628/628
f 1275/611/611 1320/612/612 1288/631/631
f 1288/631/631 1320/612/612 1321/629/629
f 1288/631/631 1321/629/629 1314/628/628
f 1314/628/628 1321/629/629 1328/626/626
f 1320/612/612 1338/613/613 1321/629/629
f 1321/629/629 1338/613/613 1333/627/627
f 1321/629/629 1333/627/627 1328/626/626
f 1328/626/626 1333/627/627 1323/624/624
f 1338/613/613 1337/614/614 1333/627/627
f 1333/627/627 1337/614/614 1332/625/625
f 1333/627/627 1332/625/625 1323/624/624
f 1323/624/624 1332/625/625 1300/622/622
f 1337/614/614 1319/615/615 1332/625/625
f 1332/625/625 1319/615/615 1305/623/623
f 1332/625/625 1305/623/623 1300/622/622
f 1300/622/622 1305/623/623 1263/620/620
f 1319/615/615 1274/616/616 1305/623/623
f 1305/623/623 1274/616/616 1264/621/621
f 1305/623/623 1264/621/621 1263/620/620
f 1263/620/620 1264/621/621 1247/650/650
f 1274/616/616 1244/651/651 1264/621/621
f 1264/652/652 1244/603/603 1246/618/618
f 1264/653/653 1246/618/618 1247/617/617
f 1268/655/655 1248/667/667 1249/654/654
f 1249/654/654 1248/667/667 1183/668/668
f 1249/654/654 1183/668/668 1184/666/666
f 1184/666/666 1183/668/668 1149/669/669
f 1184/666/666 1149/669/669 1150/665/665
f 1150/665/665 1149/669/669 1124/670/670
f 1150/665/665 1124/670/670 1125/664/664
f 1125/664/664 1124/670/670 1133/671/671
f 1125/664/664 1133/671/671 1134/663/663
f 1134/663/663 1133/671/671 1172/672/672
f 1134/663/663 1172/672/672 1173/662/662
f 1173/662/662 1172/672/672 1191/680/680
f 1173/662/662 1191/681/681 1192/661/661
f 1192/682/682 1191/673/673 1258/674/674
f 1192/683/683 1258/674/674 1259/660/660
f 1259/660/660 1258/674/674 1291/675/675
f 1259/660/660 1291/675/675 1292/659/659
f 1292/659/659 1291/675/675 1316/676/676
f 1292/659/659 1316/676/676 1317/658/658
f 1317/658/658 1316/676/676 1325/677/677
f 1317/658/658 1325/677/677 1326/657/657
f 1326/657/657 1325/677/677 1306/678/678
f 1326/657/657 1306/678/678 1307/656/656
f 1307/656/656 1306/678/678 1267/679/679
f 1307/656/656 1267/679/679 1268/655/655
f 1268/655/655 1267/679/679 1248/667/667
f 1260/685/685 1262/711/711 1252/684/684
f 1252/684/684 1262/711/711 1251/735/735
f 1252/736/736 1251/709/709 1188/733/733
f 1188/733/733 1251/709/709 1250/710/710
f 1188/733/733 1250/710/710 1185/734/734
f 1185/734/734 1250/710/710 1249/696/696
f 1185/734/734 1249/696/696 1184/697/697
f 1262/711/711 1260/685/685 1299/713/713
f 1299/713/713 1260/685/685 1297/686/686
f 1299/713/713 1297/686/686 1313/715/715
f 1313/715/715 1297/686/686 1302/687/687
f 1313/715/715 1302/687/687 1309/717/717
f 1309/717/717 1302/687/687 1298/688/688
f 1309/717/717 1298/688/688 1285/719/719
f 1285/719/719 1298/688/688 1261/689/689
f 1285/719/719 1261/689/689 1255/721/721
f 1255/721/721 1261/689/689 1253/690/690
f 1255/721/721 1253/690/690 1195/723/723
f 1195/723/723 1253/690/690 1190/691/691
f 1195/723/723 1190/691/691 1179/725/725
f 1179/725/725 1190/691/691 1166/692/692
f 1179/725/725 1166/692/692 1146/727/727
f 1146/727/727 1166/692/692 1156/693/693
f 1146/727/727 1156/693/693 1137/729/729
f 1137/729/729 1156/693/693 1165/694/694
f 1137/729/729 1165/694/694 1161/731/731
f 1161/731/731 1165/694/694 1189/695/695
f 1161/731/731 1189/695/695 1188/733/733
f 1188/733/733 1189/695/695 1252/737/737
f 1185/734/734 1184/697/697 1155/732/732
f 1155/732/732 1184/697/697 1150/698/698
f 1155/732/732 1150/698/698 1128/730/730
f 1128/730/730 1150/698/698 1125/699/699
f 1128/730/730 1125/699/699 1135/728/728
f 1135/728/728 1125/699/699 1134/700/700
f 1135/728/728 1134/700/700 1177/726/726
f 1177/726/726 1134/700/700 1173/701/701
f 1177/726/726 1173/701/701 1193/724/724
f 1193/724/724 1173/701/701 1192/702/702
f 1193/724/724 1192/702/702 1257/722/722
f 1257/722/722 1192/702/702 1259/703/703
f 1257/722/722 1259/703/703 1287/720/720
f 1287/720/720 1259/703/703 1292/704/704
f 1287/720/720 1292/704/704 1315/718/718
f 1315/718/718 1292/704/704 1317/705/705
f 1315/718/718 1317/705/705 1322/716/716
f 1322/716/716 1317/705/705 1326/706/706
f 1322/716/716 1326/706/706 1303/714/714
f 1303/714/714 1326/706/706 1307/707/707
f 1303/714/714 1307/707/707 1265/712/712
f 1265/712/712 1307/707/707 1268/708/708
f 1265/712/712 1268/708/708 1250/738/738
f 1250/710/710 1268/739/739 1249/696/696
f 1265/740/740 1250/710/710 1251/709/709
f 1265/712/712 1251/741/741 1262/711/711
f 1303/714/714 1265/712/712 1262/711/711
f 1322/716/716 1303/714/714 1299/713/713
f 1299/713/713 1303/714/714 1262/711/711
f 1315/718/718 1322/716/716 1313/715/715
f 1313/715/715 1322/716/716 1299/713/713
f 1287/720/720 1315/718/718 1309/717/717
f 1309/717/717 1315/718/718 1313/715/715
f 1257/722/722 1287/720/720 1285/719/719
f 1285/719/719 1287/720/720 1309/717/717
f 1193/724/724 1257/722/722 1255/721/721
f 1255/721/721 1257/722/722 1285/719/719
f 1177/726/726 1193/724/724 1195/723/723
f 1195/723/723 1193/724/724 1255/721/721
f 1135/728/728 1177/726/726 1179/725/725
f 1179/725/725 1177/726/726 1195/723/723
f 1128/730/730 1135/728/728 1146/727/727
f 1146/727/727 1135/728/728 1179/725/725
f 1155/732/732 1128/730/730 1137/729/729
f 1137/729/729 1128/730/730 1146/727/727
f 1185/734/734 1155/732/732 1161/731/731
f 1161/731/731 1155/732/732 1137/729/729
f 1188/733/733 1185/734/734 1161/731/731
f 1189/743/743 1190/747/747 1252/742/742
f 1252/742/742 1190/747/747 1253/748/748
f 1252/742/742 1253/748/748 1260/753/753
f 1260/753/753 1253/748/748 1261/749/749
f 1260/753/753 1261/749/749 1297/752/752
f 1297/752/752 1261/749/749 1298/750/750
f 1297/752/752 1298/750/750 1302/751/751
f 1190/747/747 1189/743/743 1166/746/746
f 1166/746/746 1189/743/743 1165/744/744
f 1166/746/746 1165/744/744 1156/745/745
f 1094/786/786 1197/754/754 850/775/775
f 850/775/775 1197/754/754 1347/755/755
f 850/775/775 1347/755/755 920/774/774
f 920/774/774 1347/755/755 1421/756/756
f 920/774/774 1421/756/756 1494/757/757
f 1494/757/757 1562/758/758 920/774/774
f 920/774/774 1562/758/758 1613/759/759
f 920/774/774 1613/759/759 1666/760/760
f 1666/760/760 1696/761/761 920/774/774
f 920/774/774 1696/761/761 1717/762/762
f 920/774/774 1717/762/762 1710/763/763
f 1710/763/763 1681/764/764 920/774/774
f 920/774/774 1681/764/764 1634/765/765
f 920/774/774 1634/765/765 1590/766/766
f 1590/766/766 1525/767/767 920/774/774
f 920/774/774 1525/767/767 988/773/773
f 988/773/773 1525/767/767 1460/768/768
f 988/773/773 1460/768/768 1059/772/772
f 1059/772/772 1460/768/768 1396/769/769
f 1059/772/772 1396/769/769 1168/771/771
f 1168/771/771 1396/769/769 1294/770/770
f 811/776/776 834/782/782 850/775/775
f 850/775/775 834/782/782 888/783/783
f 850/775/775 888/783/783 949/784/784
f 834/782/782 811/776/776 775/781/781
f 775/781/781 811/776/776 758/777/777
f 775/781/781 758/777/777 745/780/780
f 745/780/780 758/777/777 734/778/778
f 745/780/780 734/778/778 728/779/779
f 949/784/784 1019/785/785 850/775/775
f 850/775/775 1019/785/785 1094/786/786
f 1355/788/788 1336/868/868 1199/787/787
f 1199/787/787 1336/868/868 1198/897/897
f 1199/898/898 1198/856/856 1111/896/896
f 1111/896/896 1198/856/856 1197/823/823
f 1111/896/896 1197/823/823 1094/824/824
f 1336/868/868 1355/788/788 1408/869/869
f 1408/869/869 1355/788/788 1432/789/789
f 1408/869/869 1432/789/789 1476/870/870
f 1476/870/870 1432/789/789 1510/790/790
f 1476/870/870 1510/790/790 1530/871/871
f 1530/871/871 1510/790/790 1586/791/791
f 1530/871/871 1586/791/791 1589/872/872
f 1589/872/872 1586/791/791 1659/792/792
f 1589/872/872 1659/792/792 1632/867/867
f 1632/867/867 1659/792/792 1728/793/793
f 1632/867/867 1728/793/793 1686/873/873
f 1686/873/873 1728/793/793 1766/794/794
f 1686/873/873 1766/794/794 1730/874/874
f 1730/874/874 1766/794/794 1750/866/866
f 1730/874/874 1750/866/866 1696/849/849
f 1696/849/849 1750/866/866 1717/848/848
f 1717/848/848 1750/866/866 1763/875/875
f 1717/848/848 1763/875/875 1762/865/865
f 1762/865/865 1763/875/875 1791/796/796
f 1762/865/865 1791/796/796 1787/797/797
f 1766/794/794 1786/795/795 1750/866/866
f 1750/866/866 1786/795/795 1763/875/875
f 1786/795/795 1791/796/796 1763/875/875
f 1762/865/865 1787/797/797 1740/876/876
f 1740/876/876 1787/797/797 1767/798/798
f 1740/876/876 1767/798/798 1713/877/877
f 1713/877/877 1767/798/798 1729/799/799
f 1713/877/877 1729/799/799 1669/878/878
f 1669/878/878 1729/799/799 1660/800/800
f 1669/878/878 1660/800/800 1609/879/879
f 1609/879/879 1660/800/800 1587/801/801
f 1609/879/879 1587/801/801 1567/864/864
f 1567/864/864 1587/801/801 1499/863/863
f 1567/864/864 1499/863/863 1525/843/843
f 1525/843/843 1499/863/863 1460/842/842
f 1460/842/842 1499/863/863 1437/880/880
f 1460/842/842 1437/880/880 1396/841/841
f 1396/841/841 1437/880/880 1380/881/881
f 1396/841/841 1380/881/881 1294/840/840
f 1294/840/840 1380/881/881 1284/882/882
f 1294/840/840 1284/882/882 1180/862/862
f 1180/862/862 1284/882/882 1200/805/805
f 1180/862/862 1200/805/805 1093/806/806
f 1587/801/801 1511/802/802 1499/863/863
f 1499/863/863 1511/802/802 1437/880/880
f 1511/802/802 1433/803/803 1437/880/880
f 1437/880/880 1433/803/803 1380/881/881
f 1433/803/803 1356/804/804 1380/881/881
f 1380/881/881 1356/804/804 1284/882/882
f 1356/804/804 1200/805/805 1284/882/882
f 1180/862/862 1093/806/806 1074/883/883
f 1074/883/883 1093/806/806 1016/807/807
f 1074/883/883 1016/807/807 1014/884/884
f 1014/884/884 1016/807/807 937/808/808
f 1014/884/884 937/808/808 944/860/860
f 944/860/860 937/808/808 856/809/809
f 944/860/860 856/809/809 886/861/861
f 886/861/861 856/809/809 839/885/885
f 886/861/861 839/885/885 850/835/835
f 850/835/835 839/885/885 774/886/886
f 850/835/835 774/886/886 811/834/834
f 811/834/834 774/886/886 733/887/887
f 811/834/834 733/887/887 758/833/833
f 758/833/833 733/887/887 704/888/888
f 758/833/833 704/888/888 734/832/832
f 734/832/832 704/888/888 682/859/859
f 734/832/832 682/859/859 728/831/831
f 728/831/831 682/859/859 680/889/889
f 728/831/831 680/889/889 695/858/858
f 695/858/858 680/889/889 655/815/815
f 695/858/858 655/815/815 674/816/816
f 856/809/809 786/810/810 839/885/885
f 839/885/885 786/810/810 774/886/886
f 786/810/810 719/811/811 774/886/886
f 774/886/886 719/811/811 733/887/887
f 719/811/811 675/812/812 733/887/887
f 733/887/887 675/812/812 704/888/888
f 675/812/812 656/813/813 704/888/888
f 704/888/888 656/813/813 682/859/859
f 656/813/813 651/814/814 682/859/859
f 682/859/859 651/814/814 680/889/889
f 651/814/814 655/815/815 680/889/889
f 718/817/817 756/891/891 674/816/816
f 674/816/816 756/891/891 716/890/890
f 674/816/816 716/890/890 695/858/858
f 695/858/858 716/890/890 745/830/830
f 695/858/858 745/830/830 728/831/831
f 756/891/891 718/817/817 816/857/857
f 816/857/857 718/817/817 785/818/818
f 816/857/857 785/818/818 853/892/892
f 853/892/892 785/818/818 855/819/819
f 853/892/892 855/819/819 918/893/893
f 918/893/893 855/819/819 936/820/820
f 918/893/893 936/820/820 976/894/894
f 976/894/894 936/820/820 1015/821/821
f 976/894/894 1015/821/821 1038/895/895
f 1038/895/895 1015/821/821 1092/822/822
f 1038/895/895 1092/822/822 1111/896/896
f 1111/896/896 1092/822/822 1199/899/899
f 1111/896/896 1094/824/824 1038/895/895
f 1038/895/895 1094/824/824 1019/825/825
f 1038/895/895 1019/825/825 976/894/894
f 976/894/894 1019/825/825 949/826/826
f 976/894/894 949/826/826 918/893/893
f 918/893/893 949/826/826 888/827/827
f 918/893/893 888/827/827 853/892/892
f 853/892/892 888/827/827 816/857/857
f 888/827/827 834/828/828 816/857/857
f 816/857/857 834/828/828 756/891/891
f 834/828/828 775/829/829 756/891/891
f 756/891/891 775/829/829 716/890/890
f 775/829/829 745/830/830 716/890/890
f 850/835/835 920/836/836 886/861/861
f 886/861/861 920/836/836 944/860/860
f 920/836/836 988/837/837 944/860/860
f 944/860/860 988/837/837 1014/884/884
f 988/837/837 1059/838/838 1014/884/884
f 1014/884/884 1059/838/838 1074/883/883
f 1059/838/838 1168/839/839 1074/883/883
f 1074/883/883 1168/839/839 1180/862/862
f 1168/839/839 1294/840/840 1180/862/862
f 1525/843/843 1590/844/844 1567/864/864
f 1567/864/864 1590/844/844 1609/879/879
f 1609/879/879 1590/844/844 1669/878/878
f 1669/878/878 1590/844/844 1634/845/845
f 1669/878/878 1634/845/845 1713/877/877
f 1713/877/877 1634/845/845 1681/846/846
f 1713/877/877 1681/846/846 1740/876/876
f 1740/876/876 1681/846/846 1710/847/847
f 1740/876/876 1710/847/847 1762/865/865
f 1762/865/865 1710/847/847 1717/848/848
f 1696/849/849 1666/850/850 1730/874/874
f 1730/874/874 1666/850/850 1686/873/873
f 1666/850/850 1613/851/851 1686/873/873
f 1686/873/873 1613/851/851 1632/867/867
f 1613/851/851 1562/852/852 1632/867/867
f 1632/867/867 1562/852/852 1589/872/872
f 1589/872/872 1562/852/852 1530/871/871
f 1530/871/871 1562/852/852 1494/853/853
f 1530/871/871 1494/853/853 1476/870/870
f 1476/870/870 1494/853/853 1421/854/854
f 1476/870/870 1421/854/854 1408/869/869
f 1408/869/869 1421/854/854 1347/855/855
f 1408/869/869 1347/855/855 1336/868/868
f 1336/868/868 1347/855/855 1197/900/900
f 1336/901/901 1197/823/823 1198/856/856
f 1070/947/947 1201/902/902 1199/948/948
f 1199/948/948 1201/902/902 1383/903/903
f 1199/948/948 1383/903/903 1355/983/983
f 1355/983/983 1383/903/903 1484/904/904
f 1355/983/983 1484/904/904 1432/982/982
f 1432/982/982 1484/904/904 1584/905/905
f 1432/982/982 1584/905/905 1510/981/981
f 1510/981/981 1584/905/905 1702/906/906
f 1510/981/981 1702/906/906 1586/980/980
f 1586/980/980 1702/906/906 1798/907/907
f 1586/980/980 1798/907/907 1882/908/908
f 1586/980/980 1882/908/908 1659/979/979
f 1659/979/979 1882/908/908 1963/909/909
f 1659/979/979 1963/909/909 1728/978/978
f 1728/978/978 1963/909/909 2037/910/910
f 1728/978/978 2037/910/910 1766/977/977
f 1766/977/977 2037/910/910 2078/911/911
f 1766/977/977 2078/911/911 2107/912/912
f 1766/977/977 2107/912/912 1786/976/976
f 1786/976/976 2107/912/912 2124/913/913
f 1786/976/976 2124/913/913 1791/975/975
f 1791/975/975 2124/913/913 2125/914/914
f 1791/975/975 2125/914/914 1787/974/974
f 1787/974/974 2125/914/914 2108/915/915
f 1787/974/974 2108/915/915 1767/973/973
f 1767/973/973 2108/915/915 2079/916/916
f 1767/973/973 2079/916/916 2038/917/917
f 1767/973/973 2038/917/917 1729/972/972
f 1729/972/972 2038/917/917 1964/918/918
f 1729/972/972 1964/918/918 1660/971/971
f 1660/971/971 1964/918/918 1883/919/919
f 1660/971/971 1883/919/919 1587/970/970
f 1587/970/970 1883/919/919 1799/920/920
f 1587/970/970 1799/920/920 1703/921/921
f 1587/970/970 1703/921/921 1511/969/969
f 1511/969/969 1703/921/921 1585/922/922
f 1511/969/969 1585/922/922 1433/968/968
f 1433/968/968 1585/922/922 1485/923/923
f 1433/968/968 1485/923/923 1356/967/967
f 1356/967/967 1485/923/923 1384/924/924
f 1356/967/967 1384/924/924 1200/966/966
f 1200/966/966 1384/924/924 1202/984/984
f 1200/985/985 1202/925/925 1071/926/926
f 1200/986/986 1071/926/926 1093/965/965
f 1093/965/965 1071/926/926 967/927/927
f 1093/965/965 967/927/927 1016/964/964
f 1016/964/964 967/927/927 858/928/928
f 1016/964/964 858/928/928 937/963/963
f 937/963/963 858/928/928 741/929/929
f 937/963/963 741/929/929 856/962/962
f 856/962/962 741/929/929 645/930/930
f 856/962/962 645/930/930 559/931/931
f 856/962/962 559/931/931 786/961/961
f 786/961/961 559/931/931 475/932/932
f 786/961/961 475/932/932 719/960/960
f 719/960/960 475/932/932 398/933/933
f 719/960/960 398/933/933 675/959/959
f 675/959/959 398/933/933 358/934/934
f 675/959/959 358/934/934 326/935/935
f 675/959/959 326/935/935 656/958/958
f 656/958/958 326/935/935 308/936/936
f 656/958/958 308/936/936 651/957/957
f 651/957/957 308/936/936 307/937/937
f 651/957/957 307/937/937 655/956/956
f 655/956/956 307/937/937 325/938/938
f 655/956/956 325/938/938 674/955/955
f 674/955/955 325/938/938 357/939/939
f 674/955/955 357/939/939 397/940/940
f 674/955/955 397/940/940 718/954/954
f 718/954/954 397/940/940 474/941/941
f 718/954/954 474/941/941 785/953/953
f 785/953/953 474/941/941 558/942/942
f 785/953/953 558/942/942 855/952/952
f 855/952/952 558/942/942 644/943/943
f 855/952/952 644/943/943 740/944/944
f 855/952/952 740/944/944 936/951/951
f 936/951/951 740/944/944 857/945/945
f 936/951/951 857/945/945 1015/950/950
f 1015/950/950 857/945/945 966/946/946
f 1015/950/950 966/946/946 1092/949/949
f 1092/949/949 966/946/946 1070/947/947
f 1092/949/949 1070/947/947 1199/948/948
f 1052/1111/1111 1215/987/987 1099/1183/1183
f 1099/1183/1183 1215/987/987 1214/988/988
f 1099/1183/1183 1214/988/988 1100/1182/1182
f 1100/1182/1182 1214/988/988 1213/989/989
f 1100/1182/1182 1213/989/989 1102/1181/1181
f 1102/1181/1181 1213/989/989 1212/990/990
f 1102/1181/1181 1212/990/990 1103/1180/1180
f 1103/1180/1180 1212/990/990 1211/991/991
f 1103/1180/1180 1211/991/991 1104/1179/1179
f 1104/1179/1179 1211/991/991 1210/992/992
f 1104/1179/1179 1210/992/992 1209/993/993
f 1208/994/994 1106/1177/1177 1209/993/993
f 1209/993/993 1106/1177/1177 1105/1178/1178
f 1209/993/993 1105/1178/1178 1104/1179/1179
f 1104/1179/1179 1105/1178/1178 1031/1193/1193
f 1104/1179/1179 1031/1193/1193 1028/1194/1194
f 1028/1194/1194 1031/1193/1193 952/1214/1214
f 1028/1194/1194 952/1214/1214 948/1213/1213
f 948/1213/1213 952/1214/1214 873/1208/1208
f 948/1213/1213 873/1208/1208 870/1209/1209
f 870/1209/1209 873/1208/1208 784/1237/1237
f 870/1209/1209 784/1237/1237 783/1236/1236
f 783/1236/1236 784/1237/1237 690/1114/1114
f 783/1236/1236 690/1114/1114 804/1109/1109
f 804/1109/1109 690/1114/1114 657/1108/1108
f 657/1108/1108 690/1114/1114 619/1116/1116
f 657/1108/1108 619/1116/1116 545/1107/1107
f 545/1107/1107 619/1116/1116 550/1261/1261
f 545/1107/1107 550/1261/1261 473/1287/1287
f 473/1287/1287 550/1261/1261 551/1260/1260
f 473/1287/1287 551/1260/1260 477/1288/1288
f 477/1288/1288 551/1260/1260 555/1259/1259
f 477/1288/1288 555/1259/1259 485/1289/1289
f 485/1289/1289 555/1259/1259 566/1258/1258
f 485/1289/1289 566/1258/1258 492/1290/1290
f 492/1290/1290 566/1258/1258 577/1257/1257
f 492/1290/1290 577/1257/1257 500/1291/1291
f 500/1291/1291 577/1257/1257 585/1256/1256
f 500/1291/1291 585/1256/1256 515/1292/1292
f 515/1292/1292 585/1256/1256 591/1255/1255
f 515/1292/1292 591/1255/1255 529/1293/1293
f 529/1293/1293 591/1255/1255 598/1254/1254
f 529/1293/1293 598/1254/1254 541/1294/1294
f 541/1294/1294 598/1254/1254 610/1253/1253
f 541/1294/1294 610/1253/1253 549/1295/1295
f 549/1295/1295 610/1253/1253 628/1252/1252
f 549/1295/1295 628/1252/1252 575/1296/1296
f 575/1296/1296 628/1252/1252 649/1251/1251
f 575/1296/1296 649/1251/1251 592/1297/1297
f 592/1297/1297 649/1251/1251 654/1250/1250
f 592/1297/1297 654/1250/1250 600/1298/1298
f 600/1298/1298 654/1250/1250 665/1249/1249
f 600/1298/1298 665/1249/1249 613/1299/1299
f 613/1299/1299 665/1249/1249 678/1118/1118
f 613/1299/1299 678/1118/1118 635/1300/1300
f 635/1300/1300 678/1118/1118 644/1005/1005
f 635/1300/1300 644/1005/1005 588/1120/1120
f 588/1120/1120 644/1005/1005 558/1006/1006
f 588/1120/1120 558/1006/1006 542/1328/1328
f 542/1328/1328 558/1006/1006 491/1301/1301
f 542/1328/1328 491/1301/1301 457/1302/1302
f 457/1302/1302 491/1301/1301 407/1330/1330
f 457/1302/1302 407/1330/1330 388/1331/1331
f 388/1331/1331 407/1330/1330 355/1366/1366
f 388/1331/1331 355/1366/1366 335/1365/1365
f 335/1365/1365 355/1366/1366 297/1346/1346
f 335/1365/1365 297/1346/1346 258/1347/1347
f 258/1347/1347 297/1346/1346 225/1391/1391
f 258/1347/1347 225/1391/1391 196/1390/1390
f 196/1390/1390 225/1391/1391 165/1373/1373
f 196/1390/1390 165/1373/1373 148/1374/1374
f 148/1374/1374 165/1373/1373 124/1414/1414
f 148/1374/1374 124/1414/1414 105/1413/1413
f 105/1413/1413 124/1414/1414 87/1401/1401
f 105/1413/1413 87/1401/1401 67/1402/1402
f 67/1402/1402 87/1401/1401 58/1438/1438
f 67/1402/1402 58/1438/1438 41/1437/1437
f 41/1437/1437 58/1438/1438 34/1428/1428
f 41/1437/1437 34/1428/1428 23/1429/1429
f 23/1429/1429 34/1428/1428 24/1461/1461
f 23/1429/1429 24/1461/1461 13/1460/1460
f 13/1460/1460 24/1461/1461 21/1457/1457
f 13/1460/1460 21/1457/1457 14/1458/1458
f 14/1458/1458 21/1457/1457 27/1487/1487
f 14/1458/1458 27/1487/1487 25/1486/1486
f 25/1486/1486 27/1487/1487 46/1485/1485
f 25/1486/1486 46/1485/1485 28/1097/1097
f 28/1097/1097 46/1485/1485 63/1096/1096
f 63/1096/1096 46/1485/1485 68/1513/1513
f 63/1096/1096 68/1513/1513 102/1132/1132
f 102/1132/1132 68/1513/1513 70/1512/1512
f 102/1132/1132 70/1512/1512 104/1528/1528
f 104/1528/1528 70/1512/1512 79/1511/1511
f 104/1528/1528 79/1511/1511 109/1529/1529
f 109/1529/1529 79/1511/1511 88/1510/1510
f 109/1529/1529 88/1510/1510 119/1530/1530
f 119/1530/1530 88/1510/1510 103/1509/1509
f 119/1530/1530 103/1509/1509 133/1531/1531
f 133/1531/1531 103/1509/1509 117/1508/1508
f 133/1531/1531 117/1508/1508 152/1532/1532
f 152/1532/1532 117/1508/1508 137/1507/1507
f 152/1532/1532 137/1507/1507 164/1533/1533
f 164/1533/1533 137/1507/1507 155/1506/1506
f 164/1533/1533 155/1506/1506 187/1534/1534
f 187/1534/1534 155/1506/1506 173/1505/1505
f 187/1534/1534 173/1505/1505 207/1535/1535
f 207/1535/1535 173/1505/1505 206/1504/1504
f 207/1535/1535 206/1504/1504 239/1536/1536
f 239/1536/1536 206/1504/1504 244/1503/1503
f 239/1536/1536 244/1503/1503 275/1537/1537
f 275/1537/1537 244/1503/1503 267/1502/1502
f 275/1537/1537 267/1502/1502 296/1538/1538
f 296/1538/1538 267/1502/1502 293/1501/1501
f 296/1538/1538 293/1501/1501 319/1539/1539
f 319/1539/1539 293/1501/1501 324/1500/1500
f 319/1539/1539 324/1500/1500 347/1133/1133
f 347/1133/1133 324/1500/1500 358/1014/1014
f 347/1133/1133 358/1014/1014 398/1015/1015
f 1106/1177/1177 1208/994/994 1107/1176/1176
f 1107/1176/1176 1208/994/994 1207/995/995
f 1107/1176/1176 1207/995/995 1110/1175/1175
f 1110/1175/1175 1207/995/995 1112/1174/1174
f 1110/1175/1175 1112/1174/1174 1037/1189/1189
f 1037/1189/1189 1112/1174/1174 1043/1188/1188
f 1037/1189/1189 1043/1188/1188 972/1219/1219
f 972/1219/1219 1043/1188/1188 975/1220/1220
f 972/1219/1219 975/1220/1220 912/1202/1202
f 912/1202/1202 975/1220/1220 915/1201/1201
f 912/1202/1202 915/1201/1201 833/1244/1244
f 833/1244/1244 915/1201/1201 843/1245/1245
f 833/1244/1244 843/1245/1245 750/1228/1228
f 750/1228/1228 843/1245/1245 763/1227/1227
f 750/1228/1228 763/1227/1227 667/1269/1269
f 667/1269/1269 763/1227/1227 681/1270/1270
f 667/1269/1269 681/1270/1270 610/1253/1253
f 610/1253/1253 681/1270/1270 628/1252/1252
f 1207/995/995 1206/996/996 1112/1174/1174
f 1112/1174/1174 1206/996/996 1113/1173/1173
f 1112/1174/1174 1113/1173/1173 1043/1188/1188
f 1043/1188/1188 1113/1173/1173 1047/1187/1187
f 1043/1188/1188 1047/1187/1187 975/1220/1220
f 975/1220/1220 1047/1187/1187 984/1221/1221
f 975/1220/1220 984/1221/1221 915/1201/1201
f 915/1201/1201 984/1221/1221 923/1200/1200
f 915/1201/1201 923/1200/1200 843/1245/1245
f 843/1245/1245 923/1200/1200 848/1246/1246
f 843/1245/1245 848/1246/1246 763/1227/1227
f 763/1227/1227 848/1246/1246 778/1226/1226
f 763/1227/1227 778/1226/1226 681/1270/1270
f 681/1270/1270 778/1226/1226 705/1271/1271
f 681/1270/1270 705/1271/1271 628/1252/1252
f 628/1252/1252 705/1271/1271 649/1251/1251
f 1206/996/996 1205/997/997 1113/1173/1173
f 1113/1173/1173 1205/997/997 1115/1172/1172
f 1113/1173/1173 1115/1172/1172 1047/1187/1187
f 1047/1187/1187 1115/1172/1172 1049/1186/1186
f 1047/1187/1187 1049/1186/1186 984/1221/1221
f 984/1221/1221 1049/1186/1186 997/1222/1222
f 984/1221/1221 997/1222/1222 923/1200/1200
f 923/1200/1200 997/1222/1222 927/1199/1199
f 923/1200/1200 927/1199/1199 848/1246/1246
f 848/1246/1246 927/1199/1199 859/1247/1247
f 848/1246/1246 859/1247/1247 778/1226/1226
f 778/1226/1226 859/1247/1247 795/1225/1225
f 778/1226/1226 795/1225/1225 705/1271/1271
f 705/1271/1271 795/1225/1225 713/1272/1272
f 705/1271/1271 713/1272/1272 649/1251/1251
f 649/1251/1251 713/1272/1272 654/1250/1250
f 1205/997/997 1204/998/998 1115/1172/1172
f 1115/1172/1172 1204/998/998 1116/1171/1171
f 1115/1172/1172 1116/1171/1171 1049/1186/1186
f 1049/1186/1186 1116/1171/1171 1051/1185/1185
f 1049/1186/1186 1051/1185/1185 997/1222/1222
f 997/1222/1222 1051/1185/1185 1003/1223/1223
f 997/1222/1222 1003/1223/1223 927/1199/1199
f 927/1199/1199 1003/1223/1223 934/1198/1198
f 927/1199/1199 934/1198/1198 859/1247/1247
f 859/1247/1247 934/1198/1198 867/1248/1248
f 859/1247/1247 867/1248/1248 795/1225/1225
f 795/1225/1225 867/1248/1248 810/1224/1224
f 795/1225/1225 810/1224/1224 713/1272/1272
f 713/1272/1272 810/1224/1224 731/1273/1273
f 713/1272/1272 731/1273/1273 654/1250/1250
f 654/1250/1250 731/1273/1273 665/1249/1249
f 1204/998/998 1203/999/999 1116/1171/1171
f 1116/1171/1171 1203/999/999 1122/1170/1170
f 1116/1171/1171 1122/1170/1170 1051/1185/1185
f 1051/1185/1185 1122/1170/1170 1056/1184/1184
f 1051/1185/1185 1056/1184/1184 1003/1223/1223
f 1003/1223/1223 1056/1184/1184 1009/1113/1113
f 1003/1223/1223 1009/1113/1113 934/1198/1198
f 934/1198/1198 1009/1113/1113 941/1197/1197
f 934/1198/1198 941/1197/1197 867/1248/1248
f 867/1248/1248 941/1197/1197 880/1115/1115
f 867/1248/1248 880/1115/1115 810/1224/1224
f 810/1224/1224 880/1115/1115 827/1117/1117
f 810/1224/1224 827/1117/1117 731/1273/1273
f 731/1273/1273 827/1117/1117 752/1274/1274
f 731/1273/1273 752/1274/1274 665/1249/1249
f 665/1249/1249 752/1274/1274 678/1118/1118
f 1203/999/999 1201/1000/1000 1122/1170/1170
f 1122/1170/1170 1201/1000/1000 1070/1001/1001
f 1122/1170/1170 1070/1001/1001 1056/1184/1184
f 1056/1184/1184 1070/1001/1001 1009/1113/1113
f 1070/1001/1001 966/1002/1002 1009/1113/1113
f 1009/1113/1113 966/1002/1002 941/1197/1197
f 941/1197/1197 966/1002/1002 880/1115/1115
f 880/1115/1115 966/1002/1002 857/1003/1003
f 880/1115/1115 857/1003/1003 827/1117/1117
f 827/1117/1117 857/1003/1003 740/1004/1004
f 827/1117/1117 740/1004/1004 752/1274/1274
f 752/1274/1274 740/1004/1004 678/1118/1118
f 740/1004/1004 644/1005/1005 678/1118/1118
f 558/1006/1006 474/1007/1007 491/1301/1301
f 491/1301/1301 474/1007/1007 437/1329/1329
f 491/1301/1301 437/1329/1329 407/1330/1330
f 407/1330/1330 437/1329/1329 373/1367/1367
f 407/1330/1330 373/1367/1367 355/1366/1366
f 355/1366/1366 373/1367/1367 317/1345/1345
f 355/1366/1366 317/1345/1345 297/1346/1346
f 297/1346/1346 317/1345/1345 262/1392/1392
f 297/1346/1346 262/1392/1392 225/1391/1391
f 225/1391/1391 262/1392/1392 197/1372/1372
f 225/1391/1391 197/1372/1372 165/1373/1373
f 165/1373/1373 197/1372/1372 144/1415/1415
f 165/1373/1373 144/1415/1415 124/1414/1414
f 124/1414/1414 144/1415/1415 106/1400/1400
f 124/1414/1414 106/1400/1400 87/1401/1401
f 87/1401/1401 106/1400/1400 77/1439/1439
f 87/1401/1401 77/1439/1439 58/1438/1438
f 58/1438/1438 77/1439/1439 53/1427/1427
f 58/1438/1438 53/1427/1427 34/1428/1428
f 34/1428/1428 53/1427/1427 36/1462/1462
f 34/1428/1428 36/1462/1462 24/1461/1461
f 24/1461/1461 36/1462/1462 32/1456/1456
f 24/1461/1461 32/1456/1456 21/1457/1457
f 21/1457/1457 32/1456/1456 33/1488/1488
f 21/1457/1457 33/1488/1488 27/1487/1487
f 27/1487/1487 33/1488/1488 49/1484/1484
f 27/1487/1487 49/1484/1484 46/1485/1485
f 46/1485/1485 49/1484/1484 68/1513/1513
f 437/1329/1329 474/1007/1007 392/1122/1122
f 392/1122/1122 474/1007/1007 397/1008/1008
f 392/1122/1122 397/1008/1008 366/1343/1343
f 366/1343/1343 397/1008/1008 341/1124/1124
f 366/1343/1343 341/1124/1124 312/1394/1394
f 312/1394/1394 341/1124/1124 286/1369/1369
f 312/1394/1394 286/1369/1369 256/1370/1370
f 256/1370/1370 286/1369/1369 234/1418/1418
f 256/1370/1370 234/1418/1418 211/1417/1417
f 211/1417/1417 234/1418/1418 195/1397/1397
f 211/1417/1417 195/1397/1397 161/1398/1398
f 161/1398/1398 195/1397/1397 151/1442/1442
f 161/1398/1398 151/1442/1442 118/1441/1441
f 118/1441/1441 151/1442/1442 113/1424/1424
f 118/1441/1441 113/1424/1424 91/1425/1425
f 91/1425/1425 113/1424/1424 95/1465/1465
f 91/1425/1425 95/1465/1465 72/1464/1464
f 72/1464/1464 95/1465/1465 82/1453/1453
f 72/1464/1464 82/1453/1453 60/1454/1454
f 60/1454/1454 82/1453/1453 74/1491/1491
f 60/1454/1454 74/1491/1491 57/1490/1490
f 57/1490/1490 74/1491/1491 76/1481/1481
f 57/1490/1490 76/1481/1481 65/1482/1482
f 65/1482/1482 76/1481/1481 88/1510/1510
f 65/1482/1482 88/1510/1510 79/1511/1511
f 397/1008/1008 357/1009/1009 341/1124/1124
f 341/1124/1124 357/1009/1009 314/1368/1368
f 341/1124/1124 314/1368/1368 286/1369/1369
f 286/1369/1369 314/1368/1368 261/1419/1419
f 286/1369/1369 261/1419/1419 234/1418/1418
f 234/1418/1418 261/1419/1419 217/1396/1396
f 234/1418/1418 217/1396/1396 195/1397/1397
f 195/1397/1397 217/1396/1396 184/1443/1443
f 195/1397/1397 184/1443/1443 151/1442/1442
f 151/1442/1442 184/1443/1443 141/1423/1423
f 151/1442/1442 141/1423/1423 113/1424/1424
f 113/1424/1424 141/1423/1423 116/1466/1466
f 113/1424/1424 116/1466/1466 95/1465/1465
f 95/1465/1465 116/1466/1466 101/1452/1452
f 95/1465/1465 101/1452/1452 82/1453/1453
f 82/1453/1453 101/1452/1452 92/1492/1492
f 82/1453/1453 92/1492/1492 74/1491/1491
f 74/1491/1491 92/1492/1492 94/1480/1480
f 74/1491/1491 94/1480/1480 76/1481/1481
f 76/1481/1481 94/1480/1480 103/1509/1509
f 76/1481/1481 103/1509/1509 88/1510/1510
f 314/1368/1368 357/1009/1009 295/1126/1126
f 295/1126/1126 357/1009/1009 325/1010/1010
f 295/1126/1126 325/1010/1010 281/1127/1127
f 281/1127/1127 325/1010/1010 307/1011/1011
f 281/1127/1127 307/1011/1011 269/1446/1446
f 269/1446/1446 307/1011/1011 263/1129/1129
f 269/1446/1446 263/1129/1129 228/1420/1420
f 228/1420/1420 263/1129/1129 230/1470/1470
f 228/1420/1420 230/1470/1470 204/1469/1469
f 204/1469/1469 230/1470/1470 210/1448/1448
f 204/1469/1469 210/1448/1448 190/1449/1449
f 190/1449/1449 210/1448/1448 199/1496/1496
f 190/1449/1449 199/1496/1496 163/1495/1495
f 163/1495/1495 199/1496/1496 178/1476/1476
f 163/1495/1495 178/1476/1476 154/1477/1477
f 154/1477/1477 178/1476/1476 173/1505/1505
f 154/1477/1477 173/1505/1505 155/1506/1506
f 307/1011/1011 308/1012/1012 263/1129/1129
f 263/1129/1129 308/1012/1012 265/1471/1471
f 263/1129/1129 265/1471/1471 230/1470/1470
f 230/1470/1470 265/1471/1471 240/1447/1447
f 230/1470/1470 240/1447/1447 210/1448/1448
f 210/1448/1448 240/1447/1447 221/1497/1497
f 210/1448/1448 221/1497/1497 199/1496/1496
f 199/1496/1496 221/1497/1497 218/1475/1475
f 199/1496/1496 218/1475/1475 178/1476/1476
f 178/1476/1476 218/1475/1475 206/1504/1504
f 178/1476/1476 206/1504/1504 173/1505/1505
f 265/1471/1471 308/1012/1012 272/1131/1131
f 272/1131/1131 308/1012/1012 326/1013/1013
f 272/1131/1131 326/1013/1013 284/1499/1499
f 284/1499/1499 326/1013/1013 302/1472/1472
f 284/1499/1499 302/1472/1472 271/1473/1473
f 271/1473/1473 302/1472/1472 293/1501/1501
f 271/1473/1473 293/1501/1501 267/1502/1502
f 326/1013/1013 358/1014/1014 302/1472/1472
f 302/1472/1472 358/1014/1014 324/1500/1500
f 302/1472/1472 324/1500/1500 293/1501/1501
f 475/1016/1016 405/1135/1135 398/1015/1015
f 398/1015/1015 405/1135/1135 379/1514/1514
f 398/1015/1015 379/1514/1514 347/1133/1133
f 347/1133/1133 379/1514/1514 353/1515/1515
f 347/1133/1133 353/1515/1515 319/1539/1539
f 319/1539/1539 353/1515/1515 329/1516/1516
f 319/1539/1539 329/1516/1516 296/1538/1538
f 296/1538/1538 329/1516/1516 311/1517/1517
f 296/1538/1538 311/1517/1517 275/1537/1537
f 275/1537/1537 311/1517/1517 277/1518/1518
f 275/1537/1537 277/1518/1518 239/1536/1536
f 239/1536/1536 277/1518/1518 245/1519/1519
f 239/1536/1536 245/1519/1519 207/1535/1535
f 207/1535/1535 245/1519/1519 222/1520/1520
f 207/1535/1535 222/1520/1520 187/1534/1534
f 187/1534/1534 222/1520/1520 203/1521/1521
f 187/1534/1534 203/1521/1521 164/1533/1533
f 164/1533/1533 203/1521/1521 188/1522/1522
f 164/1533/1533 188/1522/1522 152/1532/1532
f 152/1532/1532 188/1522/1522 168/1523/1523
f 152/1532/1532 168/1523/1523 133/1531/1531
f 133/1531/1531 168/1523/1523 160/1524/1524
f 133/1531/1531 160/1524/1524 119/1530/1530
f 119/1530/1530 160/1524/1524 149/1525/1525
f 119/1530/1530 149/1525/1525 109/1529/1529
f 109/1529/1529 149/1525/1525 140/1526/1526
f 109/1529/1529 140/1526/1526 104/1528/1528
f 104/1528/1528 140/1526/1526 139/1527/1527
f 104/1528/1528 139/1527/1527 102/1132/1132
f 102/1132/1132 139/1527/1527 114/1095/1095
f 102/1132/1132 114/1095/1095 63/1096/1096
f 559/1017/1017 504/1137/1137 475/1016/1016
f 475/1016/1016 504/1137/1137 451/1540/1540
f 475/1016/1016 451/1540/1540 405/1135/1135
f 405/1135/1135 451/1540/1540 422/1541/1541
f 405/1135/1135 422/1541/1541 384/1565/1565
f 384/1565/1565 422/1541/1541 400/1542/1542
f 384/1565/1565 400/1542/1542 365/1564/1564
f 365/1564/1564 400/1542/1542 385/1543/1543
f 365/1564/1564 385/1543/1543 346/1563/1563
f 346/1563/1563 385/1543/1543 362/1544/1544
f 346/1563/1563 362/1544/1544 315/1562/1562
f 315/1562/1562 362/1544/1544 337/1545/1545
f 315/1562/1562 337/1545/1545 290/1561/1561
f 290/1561/1561 337/1545/1545 318/1546/1546
f 290/1561/1561 318/1546/1546 270/1560/1560
f 270/1560/1560 318/1546/1546 301/1547/1547
f 270/1560/1560 301/1547/1547 248/1559/1559
f 248/1559/1559 301/1547/1547 285/1548/1548
f 248/1559/1559 285/1548/1548 229/1558/1558
f 229/1558/1558 285/1548/1548 268/1549/1549
f 229/1558/1558 268/1549/1549 214/1557/1557
f 214/1557/1557 268/1549/1549 254/1550/1550
f 214/1557/1557 254/1550/1550 200/1556/1556
f 200/1556/1556 254/1550/1550 246/1551/1551
f 200/1556/1556 246/1551/1551 192/1555/1555
f 192/1555/1555 246/1551/1551 241/1552/1552
f 192/1555/1555 241/1552/1552 185/1554/1554
f 185/1554/1554 241/1552/1552 238/1134/1134
f 185/1554/1554 238/1134/1134 183/1553/1553
f 183/1553/1553 238/1134/1134 179/1094/1094
f 183/1553/1553 179/1094/1094 139/1527/1527
f 139/1527/1527 179/1094/1094 114/1095/1095
f 504/1137/1137 559/1017/1017 552/1138/1138
f 552/1138/1138 559/1017/1017 645/1018/1018
f 552/1138/1138 645/1018/1018 606/1617/1617
f 606/1617/1617 645/1018/1018 659/1591/1591
f 606/1617/1617 659/1591/1591 650/1592/1592
f 650/1592/1592 659/1591/1591 709/1619/1619
f 650/1592/1592 709/1619/1619 694/1620/1620
f 694/1620/1620 709/1619/1619 769/1656/1656
f 694/1620/1620 769/1656/1656 764/1655/1655
f 764/1655/1655 769/1656/1656 846/1634/1634
f 764/1655/1655 846/1634/1634 840/1635/1635
f 840/1635/1635 846/1634/1634 916/1680/1680
f 840/1635/1635 916/1680/1680 913/1679/1679
f 913/1679/1679 916/1680/1680 977/1663/1663
f 913/1679/1679 977/1663/1663 973/1664/1664
f 973/1664/1664 977/1663/1663 1050/1691/1691
f 973/1664/1664 1050/1691/1691 1048/1692/1692
f 1048/1692/1692 1050/1691/1691 1153/1717/1717
f 1048/1692/1692 1153/1717/1717 1147/1716/1716
f 1147/1716/1716 1153/1717/1717 1278/1706/1706
f 1147/1716/1716 1278/1706/1706 1279/1707/1707
f 1279/1707/1707 1278/1706/1706 1393/1741/1741
f 1279/1707/1707 1393/1741/1741 1395/1740/1740
f 1395/1740/1740 1393/1741/1741 1475/1734/1734
f 1395/1740/1740 1475/1734/1734 1478/1735/1735
f 1478/1735/1735 1475/1734/1734 1550/1762/1762
f 1478/1735/1735 1550/1762/1762 1555/1763/1763
f 1555/1763/1763 1550/1762/1762 1648/1778/1778
f 1555/1763/1763 1648/1778/1778 1649/1777/1777
f 1649/1777/1777 1648/1778/1778 1755/1148/1148
f 1649/1777/1777 1755/1148/1148 1724/1082/1082
f 1724/1082/1082 1755/1148/1148 1838/1081/1081
f 1838/1081/1081 1755/1148/1148 1832/1804/1804
f 1838/1081/1081 1832/1804/1804 1903/1803/1803
f 1903/1803/1803 1832/1804/1804 1829/1805/1805
f 1903/1803/1803 1829/1805/1805 1901/1802/1802
f 1901/1802/1802 1829/1805/1805 1827/1806/1806
f 1901/1802/1802 1827/1806/1806 1897/1801/1801
f 1897/1801/1801 1827/1806/1806 1820/1807/1807
f 1897/1801/1801 1820/1807/1807 1894/1800/1800
f 1894/1800/1800 1820/1807/1807 1814/1808/1808
f 1894/1800/1800 1814/1808/1808 1887/1799/1799
f 1887/1799/1799 1814/1808/1808 1805/1809/1809
f 1887/1799/1799 1805/1809/1809 1871/1798/1798
f 1871/1798/1798 1805/1809/1809 1793/1810/1810
f 1871/1798/1798 1793/1810/1810 1857/1797/1797
f 1857/1797/1797 1793/1810/1810 1789/1811/1811
f 1857/1797/1797 1789/1811/1811 1850/1796/1796
f 1850/1796/1796 1789/1811/1811 1779/1812/1812
f 1850/1796/1796 1779/1812/1812 1844/1795/1795
f 1844/1795/1795 1779/1812/1812 1768/1813/1813
f 1844/1795/1795 1768/1813/1813 1831/1794/1794
f 1831/1794/1794 1768/1813/1813 1747/1814/1814
f 1831/1794/1794 1747/1814/1814 1811/1793/1793
f 1811/1793/1793 1747/1814/1814 1736/1815/1815
f 1811/1793/1793 1736/1815/1815 1796/1792/1792
f 1796/1792/1792 1736/1815/1815 1726/1816/1816
f 1796/1792/1792 1726/1816/1816 1788/1791/1791
f 1788/1791/1791 1726/1816/1816 1705/1817/1817
f 1788/1791/1791 1705/1817/1817 1774/1790/1790
f 1774/1790/1790 1705/1817/1817 1703/1027/1027
f 1774/1790/1790 1703/1027/1027 1799/1028/1028
f 645/1018/1018 741/1019/1019 659/1591/1591
f 659/1591/1591 741/1019/1019 723/1618/1618
f 659/1591/1591 723/1618/1618 709/1619/1619
f 709/1619/1619 723/1618/1618 788/1657/1657
f 709/1619/1619 788/1657/1657 769/1656/1656
f 769/1656/1656 788/1657/1657 849/1633/1633
f 769/1656/1656 849/1633/1633 846/1634/1634
f 846/1634/1634 849/1633/1633 924/1681/1681
f 846/1634/1634 924/1681/1681 916/1680/1680
f 916/1680/1680 924/1681/1681 985/1662/1662
f 916/1680/1680 985/1662/1662 977/1663/1663
f 977/1663/1663 985/1662/1662 1054/1690/1690
f 977/1663/1663 1054/1690/1690 1050/1691/1691
f 1050/1691/1691 1054/1690/1690 1154/1718/1718
f 1050/1691/1691 1154/1718/1718 1153/1717/1717
f 1153/1717/1717 1154/1718/1718 1277/1705/1705
f 1153/1717/1717 1277/1705/1705 1278/1706/1706
f 1278/1706/1706 1277/1705/1705 1390/1742/1742
f 1278/1706/1706 1390/1742/1742 1393/1741/1741
f 1393/1741/1741 1390/1742/1742 1472/1733/1733
f 1393/1741/1741 1472/1733/1733 1475/1734/1734
f 1475/1734/1734 1472/1733/1733 1548/1761/1761
f 1475/1734/1734 1548/1761/1761 1550/1762/1762
f 1550/1762/1762 1548/1761/1761 1644/1779/1779
f 1550/1762/1762 1644/1779/1779 1648/1778/1778
f 1648/1778/1778 1644/1779/1779 1752/1776/1776
f 1648/1778/1778 1752/1776/1776 1755/1148/1148
f 1755/1148/1148 1752/1776/1776 1832/1804/1804
f 723/1618/1618 741/1019/1019 809/1140/1140
f 809/1140/1140 741/1019/1019 858/1020/1020
f 809/1140/1140 858/1020/1020 875/1142/1142
f 875/1142/1142 858/1020/1020 967/1021/1021
f 875/1142/1142 967/1021/1021 942/1684/1684
f 942/1684/1684 967/1021/1021 1013/1658/1658
f 942/1684/1684 1013/1658/1658 1011/1659/1659
f 1011/1659/1659 1013/1658/1658 1069/1686/1686
f 1011/1659/1659 1069/1686/1686 1067/1687/1687
f 1067/1687/1687 1069/1686/1686 1163/1722/1722
f 1067/1687/1687 1163/1722/1722 1162/1721/1721
f 1162/1721/1721 1163/1722/1722 1271/1701/1701
f 1162/1721/1721 1271/1701/1701 1272/1702/1702
f 1272/1702/1702 1271/1701/1701 1382/1746/1746
f 1272/1702/1702 1382/1746/1746 1385/1745/1745
f 1385/1745/1745 1382/1746/1746 1446/1729/1729
f 1385/1745/1745 1446/1729/1729 1452/1730/1730
f 1452/1730/1730 1446/1729/1729 1532/1757/1757
f 1452/1730/1730 1532/1757/1757 1534/1758/1758
f 1534/1758/1758 1532/1757/1757 1619/1783/1783
f 1534/1758/1758 1619/1783/1783 1623/1782/1782
f 1623/1782/1782 1619/1783/1783 1732/1772/1772
f 1623/1782/1782 1732/1772/1772 1737/1773/1773
f 1737/1773/1773 1732/1772/1772 1814/1808/1808
f 1737/1773/1773 1814/1808/1808 1820/1807/1807
f 967/1021/1021 1071/1022/1022 1013/1658/1658
f 1013/1658/1658 1071/1022/1022 1072/1685/1685
f 1013/1658/1658 1072/1685/1685 1069/1686/1686
f 1069/1686/1686 1072/1685/1685 1164/1723/1723
f 1069/1686/1686 1164/1723/1723 1163/1722/1722
f 1163/1722/1722 1164/1723/1723 1270/1700/1700
f 1163/1722/1722 1270/1700/1700 1271/1701/1701
f 1271/1701/1701 1270/1700/1700 1378/1747/1747
f 1271/1701/1701 1378/1747/1747 1382/1746/1746
f 1382/1746/1746 1378/1747/1747 1442/1728/1728
f 1382/1746/1746 1442/1728/1728 1446/1729/1729
f 1446/1729/1729 1442/1728/1728 1529/1756/1756
f 1446/1729/1729 1529/1756/1756 1532/1757/1757
f 1532/1757/1757 1529/1756/1756 1612/1784/1784
f 1532/1757/1757 1612/1784/1784 1619/1783/1783
f 1619/1783/1783 1612/1784/1784 1722/1771/1771
f 1619/1783/1783 1722/1771/1771 1732/1772/1772
f 1732/1772/1772 1722/1771/1771 1805/1809/1809
f 1732/1772/1772 1805/1809/1809 1814/1808/1808
f 1072/1685/1685 1071/1022/1022 1167/1144/1144
f 1167/1144/1144 1071/1022/1022 1202/1023/1023
f 1167/1144/1144 1202/1023/1023 1266/1145/1145
f 1266/1145/1145 1202/1023/1023 1384/1024/1024
f 1266/1145/1145 1384/1024/1024 1360/1750/1750
f 1360/1750/1750 1384/1024/1024 1426/1724/1724
f 1360/1750/1750 1426/1724/1724 1429/1725/1725
f 1429/1725/1725 1426/1724/1724 1500/1752/1752
f 1429/1725/1725 1500/1752/1752 1504/1753/1753
f 1504/1753/1753 1500/1752/1752 1577/1788/1788
f 1504/1753/1753 1577/1788/1788 1583/1787/1787
f 1583/1787/1787 1577/1788/1788 1665/1767/1767
f 1583/1787/1787 1665/1767/1767 1678/1768/1768
f 1678/1768/1768 1665/1767/1767 1768/1813/1813
f 1678/1768/1768 1768/1813/1813 1779/1812/1812
f 1384/1024/1024 1485/1025/1025 1426/1724/1724
f 1426/1724/1724 1485/1025/1025 1493/1751/1751
f 1426/1724/1724 1493/1751/1751 1500/1752/1752
f 1500/1752/1752 1493/1751/1751 1572/1789/1789
f 1500/1752/1752 1572/1789/1789 1577/1788/1788
f 1577/1788/1788 1572/1789/1789 1653/1766/1766
f 1577/1788/1788 1653/1766/1766 1665/1767/1767
f 1665/1767/1767 1653/1766/1766 1747/1814/1814
f 1665/1767/1767 1747/1814/1814 1768/1813/1813
f 1493/1751/1751 1485/1025/1025 1566/1147/1147
f 1566/1147/1147 1485/1025/1025 1585/1026/1026
f 1566/1147/1147 1585/1026/1026 1621/1149/1149
f 1621/1149/1149 1585/1026/1026 1703/1027/1027
f 1621/1149/1149 1703/1027/1027 1705/1817/1817
f 1883/1029/1029 1876/1151/1151 1799/1028/1028
f 1799/1028/1028 1876/1151/1151 1828/1818/1818
f 1799/1028/1028 1828/1818/1818 1774/1790/1790
f 1774/1790/1790 1828/1818/1818 1842/1819/1819
f 1774/1790/1790 1842/1819/1819 1788/1791/1791
f 1788/1791/1791 1842/1819/1819 1853/1820/1820
f 1788/1791/1791 1853/1820/1820 1796/1792/1792
f 1796/1792/1792 1853/1820/1820 1863/1821/1821
f 1796/1792/1792 1863/1821/1821 1811/1793/1793
f 1811/1793/1793 1863/1821/1821 1890/1822/1822
f 1811/1793/1793 1890/1822/1822 1831/1794/1794
f 1831/1794/1794 1890/1822/1822 1908/1823/1823
f 1831/1794/1794 1908/1823/1823 1844/1795/1795
f 1844/1795/1795 1908/1823/1823 1920/1824/1824
f 1844/1795/1795 1920/1824/1824 1850/1796/1796
f 1850/1796/1796 1920/1824/1824 1938/1825/1825
f 1850/1796/1796 1938/1825/1825 1857/1797/1797
f 1857/1797/1797 1938/1825/1825 1947/1826/1826
f 1857/1797/1797 1947/1826/1826 1871/1798/1798
f 1871/1798/1798 1947/1826/1826 1965/1827/1827
f 1871/1798/1798 1965/1827/1827 1887/1799/1799
f 1887/1799/1799 1965/1827/1827 1978/1828/1828
f 1887/1799/1799 1978/1828/1828 1894/1800/1800
f 1894/1800/1800 1978/1828/1828 1987/1829/1829
f 1894/1800/1800 1987/1829/1829 1897/1801/1801
f 1897/1801/1801 1987/1829/1829 1997/1830/1830
f 1897/1801/1801 1997/1830/1830 1901/1802/1802
f 1901/1802/1802 1997/1830/1830 1999/1150/1150
f 1901/1802/1802 1999/1150/1150 1903/1803/1803
f 1903/1803/1803 1999/1150/1150 1949/1080/1080
f 1903/1803/1803 1949/1080/1080 1838/1081/1081
f 1876/1151/1151 1883/1029/1029 1929/1152/1152
f 1929/1152/1152 1883/1029/1029 1964/1030/1030
f 1929/1152/1152 1964/1030/1030 1986/1884/1884
f 1986/1884/1884 1964/1030/1030 2033/1857/1857
f 1986/1884/1884 2033/1857/1857 2053/1858/1858
f 2053/1858/1858 2033/1857/1857 2087/1886/1886
f 2053/1858/1858 2087/1886/1886 2110/1887/1887
f 2110/1887/1887 2087/1886/1886 2140/1922/1922
f 2110/1887/1887 2140/1922/1922 2167/1921/1921
f 2167/1921/1921 2140/1922/1922 2195/1900/1900
f 2167/1921/1921 2195/1900/1900 2229/1901/1901
f 2229/1901/1901 2195/1900/1900 2252/1946/1946
f 2229/1901/1901 2252/1946/1946 2278/1945/1945
f 2278/1945/1945 2252/1946/1946 2290/1929/1929
f 2278/1945/1945 2290/1929/1929 2312/1930/1930
f 2312/1930/1930 2290/1929/1929 2320/1957/1957
f 2312/1930/1930 2320/1957/1957 2340/1958/1958
f 2340/1958/1958 2320/1957/1957 2342/1983/1983
f 2340/1958/1958 2342/1983/1983 2359/1982/1982
f 2359/1982/1982 2342/1983/1983 2354/1971/1971
f 2359/1982/1982 2354/1971/1971 2368/1972/1972
f 2368/1972/1972 2354/1971/1971 2357/2007/2007
f 2368/1972/1972 2357/2007/2007 2371/2006/2006
f 2371/2006/2006 2357/2007/2007 2352/2000/2000
f 2371/2006/2006 2352/2000/2000 2362/2001/2001
f 2362/2001/2001 2352/2000/2000 2334/2028/2028
f 2362/2001/2001 2334/2028/2028 2343/2029/2029
f 2343/2029/2029 2334/2028/2028 2309/2045/2045
f 2343/2029/2029 2309/2045/2045 2311/2044/2044
f 2311/2044/2044 2309/2045/2045 2269/2043/2043
f 2311/2044/2044 2269/2043/2043 2272/1068/1068
f 2272/1068/1068 2269/2043/2043 2223/1162/1162
f 2272/1068/1068 2223/1162/1162 2201/1067/1067
f 2201/1067/1067 2223/1162/1162 2166/2070/2070
f 2201/1067/1067 2166/2070/2070 2111/1066/1066
f 2111/1066/1066 2166/2070/2070 2100/2097/2097
f 2111/1066/1066 2100/2097/2097 2042/1164/1164
f 2042/1164/1164 2100/2097/2097 2098/2096/2096
f 2042/1164/1164 2098/2096/2096 2041/2111/2111
f 2041/2111/2111 2098/2096/2096 2092/2095/2095
f 2041/2111/2111 2092/2095/2095 2035/2112/2112
f 2035/2112/2112 2092/2095/2095 2085/2094/2094
f 2035/2112/2112 2085/2094/2094 2026/2113/2113
f 2026/2113/2113 2085/2094/2094 2077/2093/2093
f 2026/2113/2113 2077/2093/2093 2017/2114/2114
f 2017/2114/2114 2077/2093/2093 2069/2092/2092
f 2017/2114/2114 2069/2092/2092 2008/2115/2115
f 2008/2115/2115 2069/2092/2092 2052/2091/2091
f 2008/2115/2115 2052/2091/2091 1994/2116/2116
f 1994/2116/2116 2052/2091/2091 2044/2090/2090
f 1994/2116/2116 2044/2090/2090 1975/2117/2117
f 1975/2117/2117 2044/2090/2090 2025/2089/2089
f 1975/2117/2117 2025/2089/2089 1948/2118/2118
f 1948/2118/2118 2025/2089/2089 2006/2088/2088
f 1948/2118/2118 2006/2088/2088 1932/2119/2119
f 1932/2119/2119 2006/2088/2088 1974/2087/2087
f 1932/2119/2119 1974/2087/2087 1904/2120/2120
f 1904/2120/2120 1974/2087/2087 1946/2086/2086
f 1904/2120/2120 1946/2086/2086 1891/2121/2121
f 1891/2121/2121 1946/2086/2086 1933/2085/2085
f 1891/2121/2121 1933/2085/2085 1869/2122/2122
f 1869/2122/2122 1933/2085/2085 1905/2084/2084
f 1869/2122/2122 1905/2084/2084 1851/1165/1165
f 1851/1165/1165 1905/2084/2084 1882/1040/1040
f 1851/1165/1165 1882/1040/1040 1798/1041/1041
f 1964/1030/1030 2038/1031/1031 2033/1857/1857
f 2033/1857/1857 2038/1031/1031 2066/1885/1885
f 2033/1857/1857 2066/1885/1885 2087/1886/1886
f 2087/1886/1886 2066/1885/1885 2120/1923/1923
f 2087/1886/1886 2120/1923/1923 2140/1922/1922
f 2140/1922/1922 2120/1923/1923 2174/1899/1899
f 2140/1922/1922 2174/1899/1899 2195/1900/1900
f 2195/1900/1900 2174/1899/1899 2216/1947/1947
f 2195/1900/1900 2216/1947/1947 2252/1946/1946
f 2252/1946/1946 2216/1947/1947 2264/1928/1928
f 2252/1946/1946 2264/1928/1928 2290/1929/1929
f 2290/1929/1929 2264/1928/1928 2300/1956/1956
f 2290/1929/1929 2300/1956/1956 2320/1957/1957
f 2320/1957/1957 2300/1956/1956 2321/1984/1984
f 2320/1957/1957 2321/1984/1984 2342/1983/1983
f 2342/1983/1983 2321/1984/1984 2336/1970/1970
f 2342/1983/1983 2336/1970/1970 2354/1971/1971
f 2354/1971/1971 2336/1970/1970 2344/2008/2008
f 2354/1971/1971 2344/2008/2008 2357/2007/2007
f 2357/2007/2007 2344/2008/2008 2339/1999/1999
f 2357/2007/2007 2339/1999/1999 2352/2000/2000
f 2352/2000/2000 2339/1999/1999 2327/2027/2027
f 2352/2000/2000 2327/2027/2027 2334/2028/2028
f 2334/2028/2028 2327/2027/2027 2305/2046/2046
f 2334/2028/2028 2305/2046/2046 2309/2045/2045
f 2309/2045/2045 2305/2046/2046 2266/2042/2042
f 2309/2045/2045 2266/2042/2042 2269/2043/2043
f 2269/2043/2043 2266/2042/2042 2223/1162/1162
f 2066/1885/1885 2038/1031/1031 2090/1154/1154
f 2090/1154/1154 2038/1031/1031 2079/1032/1032
f 2090/1154/1154 2079/1032/1032 2117/1156/1156
f 2117/1156/1156 2079/1032/1032 2108/1033/1033
f 2117/1156/1156 2108/1033/1033 2137/1950/1950
f 2137/1950/1950 2108/1033/1033 2151/1924/1924
f 2137/1950/1950 2151/1924/1924 2183/1925/1925
f 2183/1925/1925 2151/1924/1924 2193/1952/1952
f 2183/1925/1925 2193/1952/1952 2218/1953/1953
f 2218/1953/1953 2193/1952/1952 2220/1988/1988
f 2218/1953/1953 2220/1988/1988 2242/1987/1987
f 2242/1987/1987 2220/1988/1988 2236/1966/1966
f 2242/1987/1987 2236/1966/1966 2268/1967/1967
f 2268/1967/1967 2236/1966/1966 2258/2012/2012
f 2268/1967/1967 2258/2012/2012 2286/2011/2011
f 2286/2011/2011 2258/2012/2012 2267/1995/1995
f 2286/2011/2011 2267/1995/1995 2288/1996/1996
f 2288/1996/1996 2267/1995/1995 2263/2023/2023
f 2288/1996/1996 2263/2023/2023 2282/2024/2024
f 2282/2024/2024 2263/2023/2023 2253/2050/2050
f 2282/2024/2024 2253/2050/2050 2265/2049/2049
f 2265/2049/2049 2253/2050/2050 2227/2038/2038
f 2265/2049/2049 2227/2038/2038 2245/2039/2039
f 2245/2039/2039 2227/2038/2038 2194/2074/2074
f 2245/2039/2039 2194/2074/2074 2205/2073/2073
f 2205/2073/2073 2194/2074/2074 2147/2067/2067
f 2205/2073/2073 2147/2067/2067 2154/2068/2068
f 2154/2068/2068 2147/2067/2067 2092/2095/2095
f 2154/2068/2068 2092/2095/2095 2098/2096/2096
f 2108/1033/1033 2125/1034/1034 2151/1924/1924
f 2151/1924/1924 2125/1034/1034 2160/1951/1951
f 2151/1924/1924 2160/1951/1951 2193/1952/1952
f 2193/1952/1952 2160/1951/1951 2197/1989/1989
f 2193/1952/1952 2197/1989/1989 2220/1988/1988
f 2220/1988/1988 2197/1989/1989 2215/1965/1965
f 2220/1988/1988 2215/1965/1965 2236/1966/1966
f 2236/1966/1966 2215/1965/1965 2224/2013/2013
f 2236/1966/1966 2224/2013/2013 2258/2012/2012
f 2258/2012/2012 2224/2013/2013 2244/1994/1994
f 2258/2012/2012 2244/1994/1994 2267/1995/1995
f 2267/1995/1995 2244/1994/1994 2250/2022/2022
f 2267/1995/1995 2250/2022/2022 2263/2023/2023
f 2263/2023/2023 2250/2022/2022 2233/2051/2051
f 2263/2023/2023 2233/2051/2051 2253/2050/2050
f 2253/2050/2050 2233/2051/2051 2211/2037/2037
f 2253/2050/2050 2211/2037/2037 2227/2038/2038
f 2227/2038/2038 2211/2037/2037 2178/2075/2075
f 2227/2038/2038 2178/2075/2075 2194/2074/2074
f 2194/2074/2074 2178/2075/2075 2134/2066/2066
f 2194/2074/2074 2134/2066/2066 2147/2067/2067
f 2147/2067/2067 2134/2066/2066 2085/2094/2094
f 2147/2067/2067 2085/2094/2094 2092/2095/2095
f 2160/1951/1951 2125/1034/1034 2164/1158/1158
f 2164/1158/1158 2125/1034/1034 2124/1035/1035
f 2164/1158/1158 2124/1035/1035 2155/1160/1160
f 2155/1160/1160 2124/1035/1035 2107/1036/1036
f 2155/1160/1160 2107/1036/1036 2148/2016/2016
f 2148/2016/2016 2107/1036/1036 2132/1990/1990
f 2148/2016/2016 2132/1990/1990 2157/1991/1991
f 2157/1991/1991 2132/1990/1990 2135/2018/2018
f 2157/1991/1991 2135/2018/2018 2158/2019/2019
f 2158/2019/2019 2135/2018/2018 2131/2055/2055
f 2158/2019/2019 2131/2055/2055 2149/2054/2054
f 2149/2054/2054 2131/2055/2055 2115/2033/2033
f 2149/2054/2054 2115/2033/2033 2143/2034/2034
f 2143/2034/2034 2115/2033/2033 2101/2079/2079
f 2143/2034/2034 2101/2079/2079 2126/2078/2078
f 2126/2078/2078 2101/2079/2079 2076/2062/2062
f 2126/2078/2078 2076/2062/2062 2089/2063/2063
f 2089/2063/2063 2076/2062/2062 2044/2090/2090
f 2089/2063/2063 2044/2090/2090 2052/2091/2091
f 2107/1036/1036 2078/1037/1037 2132/1990/1990
f 2132/1990/1990 2078/1037/1037 2109/2017/2017
f 2132/1990/1990 2109/2017/2017 2135/2018/2018
f 2135/2018/2018 2109/2017/2017 2106/2056/2056
f 2135/2018/2018 2106/2056/2056 2131/2055/2055
f 2131/2055/2055 2106/2056/2056 2093/2032/2032
f 2131/2055/2055 2093/2032/2032 2115/2033/2033
f 2115/2033/2033 2093/2032/2032 2071/2080/2080
f 2115/2033/2033 2071/2080/2080 2101/2079/2079
f 2101/2079/2079 2071/2080/2080 2055/2061/2061
f 2101/2079/2079 2055/2061/2061 2076/2062/2062
f 2076/2062/2062 2055/2061/2061 2025/2089/2089
f 2076/2062/2062 2025/2089/2089 2044/2090/2090
f 2109/2017/2017 2078/1037/1037 2080/1161/1161
f 2080/1161/1161 2078/1037/1037 2037/1038/1038
f 2080/1161/1161 2037/1038/1038 2051/1163/1163
f 2051/1163/1163 2037/1038/1038 1963/1039/1039
f 2051/1163/1163 1963/1039/1039 2016/2083/2083
f 2016/2083/2083 1963/1039/1039 1961/2057/2057
f 2016/2083/2083 1961/2057/2057 1996/2058/2058
f 1996/2058/2058 1961/2057/2057 1933/2085/2085
f 1996/2058/2058 1933/2085/2085 1946/2086/2086
f 1963/1039/1039 1882/1040/1040 1961/2057/2057
f 1961/2057/2057 1882/1040/1040 1905/2084/2084
f 1961/2057/2057 1905/2084/2084 1933/2085/2085
f 1851/1165/1165 1798/1041/1041 1803/1167/1167
f 1803/1167/1167 1798/1041/1041 1702/1042/1042
f 1803/1167/1167 1702/1042/1042 1749/2149/2149
f 1749/2149/2149 1702/1042/1042 1673/2123/2123
f 1749/2149/2149 1673/2123/2123 1687/2124/2124
f 1687/2124/2124 1673/2123/2123 1598/2176/2176
f 1687/2124/2124 1598/2176/2176 1608/2175/2175
f 1608/2175/2175 1598/2176/2176 1531/2150/2150
f 1608/2175/2175 1531/2150/2150 1535/2151/2151
f 1535/2151/2151 1531/2150/2150 1481/2177/2177
f 1535/2151/2151 1481/2177/2177 1483/2178/2178
f 1483/2178/2178 1481/2177/2177 1410/2215/2215
f 1483/2178/2178 1410/2215/2215 1412/2214/2214
f 1412/2214/2214 1410/2215/2215 1340/2193/2193
f 1412/2214/2214 1340/2193/2193 1341/2194/2194
f 1341/2194/2194 1340/2193/2193 1206/1050/1050
f 1341/2194/2194 1206/1050/1050 1207/1051/1051
f 1702/1042/1042 1584/1043/1043 1673/2123/2123
f 1673/2123/2123 1584/1043/1043 1598/2176/2176
f 1598/2176/2176 1584/1043/1043 1531/2150/2150
f 1531/2150/2150 1584/1043/1043 1484/1044/1044
f 1531/2150/2150 1484/1044/1044 1473/1169/1169
f 1473/1169/1169 1484/1044/1044 1383/1045/1045
f 1473/1169/1169 1383/1045/1045 1406/2217/2217
f 1406/2217/2217 1383/1045/1045 1334/2190/2190
f 1406/2217/2217 1334/2190/2190 1335/2191/2191
f 1335/2191/2191 1334/2190/2190 1203/1047/1047
f 1335/2191/2191 1203/1047/1047 1204/1048/1048
f 1383/1045/1045 1201/1046/1046 1334/2190/2190
f 1334/2190/2190 1201/1046/1046 1203/1047/1047
f 1335/2191/2191 1204/1048/1048 1339/2192/2192
f 1339/2192/2192 1204/1048/1048 1205/1049/1049
f 1339/2192/2192 1205/1049/1049 1340/2193/2193
f 1340/2193/2193 1205/1049/1049 1206/1050/1050
f 1208/1052/1052 1346/2196/2196 1207/1051/1051
f 1207/1051/1051 1346/2196/2196 1343/2195/2195
f 1207/1051/1051 1343/2195/2195 1341/2194/2194
f 1341/2194/2194 1343/2195/2195 1414/2213/2213
f 1341/2194/2194 1414/2213/2213 1412/2214/2214
f 1412/2214/2214 1414/2213/2213 1486/2179/2179
f 1412/2214/2214 1486/2179/2179 1483/2178/2178
f 1483/2178/2178 1486/2179/2179 1541/2152/2152
f 1483/2178/2178 1541/2152/2152 1535/2151/2151
f 1535/2151/2151 1541/2152/2152 1618/2174/2174
f 1535/2151/2151 1618/2174/2174 1608/2175/2175
f 1608/2175/2175 1618/2174/2174 1704/2125/2125
f 1608/2175/2175 1704/2125/2125 1687/2124/2124
f 1687/2124/2124 1704/2125/2125 1765/2148/2148
f 1687/2124/2124 1765/2148/2148 1749/2149/2149
f 1749/2149/2149 1765/2148/2148 1803/1167/1167
f 1346/2196/2196 1208/1052/1052 1350/2197/2197
f 1350/2197/2197 1208/1052/1052 1209/1053/1053
f 1350/2197/2197 1209/1053/1053 1351/2198/2198
f 1351/2198/2198 1209/1053/1053 1210/1054/1054
f 1351/2198/2198 1210/1054/1054 1352/2199/2199
f 1352/2199/2199 1210/1054/1054 1211/1055/1055
f 1352/2199/2199 1211/1055/1055 1353/2200/2200
f 1353/2200/2200 1211/1055/1055 1212/1056/1056
f 1353/2200/2200 1212/1056/1056 1354/2201/2201
f 1354/2201/2201 1212/1056/1056 1213/1057/1057
f 1354/2201/2201 1213/1057/1057 1357/2202/2202
f 1357/2202/2202 1213/1057/1057 1214/1058/1058
f 1357/2202/2202 1214/1058/1058 1358/2203/2203
f 1358/2203/2203 1214/1058/1058 1215/1059/1059
f 1358/2203/2203 1215/1059/1059 1404/1060/1060
f 1358/2203/2203 1404/1060/1060 1439/2204/2204
f 1439/2204/2204 1404/1060/1060 1512/1061/1061
f 1439/2204/2204 1512/1061/1061 1522/2189/2189
f 1522/2189/2189 1512/1061/1061 1607/1168/1168
f 1522/2189/2189 1607/1168/1168 1606/2162/2162
f 1606/2162/2162 1607/1168/1168 1716/2163/2163
f 1606/2162/2162 1716/2163/2163 1715/2164/2164
f 1715/2164/2164 1716/2163/2163 1795/2136/2136
f 1715/2164/2164 1795/2136/2136 1794/2135/2135
f 1794/2135/2135 1795/2136/2136 1866/2137/2137
f 1794/2135/2135 1866/2137/2137 1862/2138/2138
f 1862/2138/2138 1866/2137/2137 1945/2108/2108
f 1862/2138/2138 1945/2108/2108 1939/2107/2107
f 1939/2107/2107 1945/2108/2108 2026/2113/2113
f 1939/2107/2107 2026/2113/2113 2017/2114/2114
f 1512/1061/1061 1642/1062/1062 1607/1168/1168
f 1607/1168/1168 1642/1062/1062 1716/2163/2163
f 1642/1062/1062 1782/1063/1063 1716/2163/2163
f 1716/2163/2163 1782/1063/1063 1795/2136/2136
f 1795/2136/2136 1782/1063/1063 1868/1166/1166
f 1868/1166/1166 1782/1063/1063 1892/1064/1064
f 1868/1166/1166 1892/1064/1064 1953/2110/2110
f 1953/2110/2110 1892/1064/1064 2019/1065/1065
f 1953/2110/2110 2019/1065/1065 2042/1164/1164
f 2042/1164/1164 2019/1065/1065 2111/1066/1066
f 2272/1068/1068 2329/1069/1069 2311/2044/2044
f 2311/2044/2044 2329/1069/1069 2345/2030/2030
f 2311/2044/2044 2345/2030/2030 2343/2029/2029
f 2343/2029/2029 2345/2030/2030 2364/2002/2002
f 2343/2029/2029 2364/2002/2002 2362/2001/2001
f 2362/2001/2001 2364/2002/2002 2379/2005/2005
f 2362/2001/2001 2379/2005/2005 2371/2006/2006
f 2371/2006/2006 2379/2005/2005 2380/1973/1973
f 2371/2006/2006 2380/1973/1973 2368/1972/1972
f 2368/1972/1972 2380/1973/1973 2375/1981/1981
f 2368/1972/1972 2375/1981/1981 2359/1982/1982
f 2359/1982/1982 2375/1981/1981 2356/1959/1959
f 2359/1982/1982 2356/1959/1959 2340/1958/1958
f 2340/1958/1958 2356/1959/1959 2331/1931/1931
f 2340/1958/1958 2331/1931/1931 2312/1930/1930
f 2312/1930/1930 2331/1931/1931 2297/1944/1944
f 2312/1930/1930 2297/1944/1944 2278/1945/1945
f 2278/1945/1945 2297/1944/1944 2255/1902/1902
f 2278/1945/1945 2255/1902/1902 2229/1901/1901
f 2229/1901/1901 2255/1902/1902 2199/1920/1920
f 2229/1901/1901 2199/1920/1920 2167/1921/1921
f 2167/1921/1921 2199/1920/1920 2129/1888/1888
f 2167/1921/1921 2129/1888/1888 2110/1887/1887
f 2110/1887/1887 2129/1888/1888 2070/1859/1859
f 2110/1887/1887 2070/1859/1859 2053/1858/1858
f 2053/1858/1858 2070/1859/1859 2013/1883/1883
f 2053/1858/1858 2013/1883/1883 1986/1884/1884
f 1986/1884/1884 2013/1883/1883 1929/1152/1152
f 2329/1069/1069 2366/1070/1070 2345/2030/2030
f 2345/2030/2030 2366/1070/1070 2369/2003/2003
f 2345/2030/2030 2369/2003/2003 2364/2002/2002
f 2364/2002/2002 2369/2003/2003 2386/2004/2004
f 2364/2002/2002 2386/2004/2004 2379/2005/2005
f 2379/2005/2005 2386/2004/2004 2390/1974/1974
f 2379/2005/2005 2390/1974/1974 2380/1973/1973
f 2380/1973/1973 2390/1974/1974 2387/1980/1980
f 2380/1973/1973 2387/1980/1980 2375/1981/1981
f 2375/1981/1981 2387/1980/1980 2372/1960/1960
f 2375/1981/1981 2372/1960/1960 2356/1959/1959
f 2356/1959/1959 2372/1960/1960 2348/1932/1932
f 2356/1959/1959 2348/1932/1932 2331/1931/1931
f 2331/1931/1931 2348/1932/1932 2314/1943/1943
f 2331/1931/1931 2314/1943/1943 2297/1944/1944
f 2297/1944/1944 2314/1943/1943 2276/1903/1903
f 2297/1944/1944 2276/1903/1903 2255/1902/1902
f 2255/1902/1902 2276/1903/1903 2226/1919/1919
f 2255/1902/1902 2226/1919/1919 2199/1920/1920
f 2199/1920/1920 2226/1919/1919 2159/1889/1889
f 2199/1920/1920 2159/1889/1889 2129/1888/1888
f 2129/1888/1888 2159/1889/1889 2088/1860/1860
f 2129/1888/1888 2088/1860/1860 2070/1859/1859
f 2070/1859/1859 2088/1860/1860 2036/1882/1882
f 2070/1859/1859 2036/1882/1882 2013/1883/1883
f 2013/1883/1883 2036/1882/1882 1951/1831/1831
f 2013/1883/1883 1951/1831/1831 1929/1152/1152
f 1929/1152/1152 1951/1831/1831 1876/1151/1151
f 2369/2003/2003 2366/1070/1070 2388/1159/1159
f 2388/1159/1159 2366/1070/1070 2393/1071/1071
f 2388/1159/1159 2393/1071/1071 2399/1976/1976
f 2399/1976/1976 2393/1071/1071 2406/1072/1072
f 2399/1976/1976 2406/1072/1072 2405/1977/1977
f 2405/1977/1977 2406/1072/1072 2403/1157/1157
f 2405/1977/1977 2403/1157/1157 2400/1963/1963
f 2400/1963/1963 2403/1157/1157 2391/1936/1936
f 2400/1963/1963 2391/1936/1936 2385/1935/1935
f 2385/1935/1935 2391/1936/1936 2370/1939/1939
f 2385/1935/1935 2370/1939/1939 2360/1940/1940
f 2360/1940/1940 2370/1939/1939 2337/1907/1907
f 2360/1940/1940 2337/1907/1907 2325/1906/1906
f 2325/1906/1906 2337/1907/1907 2295/1915/1915
f 2325/1906/1906 2295/1915/1915 2280/1916/1916
f 2280/1916/1916 2295/1915/1915 2249/1893/1893
f 2280/1916/1916 2249/1893/1893 2228/1892/1892
f 2228/1892/1892 2249/1893/1893 2181/1864/1864
f 2228/1892/1892 2181/1864/1864 2165/1863/1863
f 2165/1863/1863 2181/1864/1864 2114/1878/1878
f 2165/1863/1863 2114/1878/1878 2094/1879/1879
f 2094/1879/1879 2114/1878/1878 2048/1835/1835
f 2094/1879/1879 2048/1835/1835 2027/1834/1834
f 2027/1834/1834 2048/1835/1835 1957/1853/1853
f 2027/1834/1834 1957/1853/1853 1931/1854/1854
f 1931/1854/1854 1957/1853/1853 1863/1821/1821
f 1931/1854/1854 1863/1821/1821 1853/1820/1820
f 2406/1072/1072 2401/1073/1073 2403/1157/1157
f 2403/1157/1157 2401/1073/1073 2392/1937/1937
f 2403/1157/1157 2392/1937/1937 2391/1936/1936
f 2391/1936/1936 2392/1937/1937 2377/1938/1938
f 2391/1936/1936 2377/1938/1938 2370/1939/1939
f 2370/1939/1939 2377/1938/1938 2346/1908/1908
f 2370/1939/1939 2346/1908/1908 2337/1907/1907
f 2337/1907/1907 2346/1908/1908 2308/1914/1914
f 2337/1907/1907 2308/1914/1914 2295/1915/1915
f 2295/1915/1915 2308/1914/1914 2256/1894/1894
f 2295/1915/1915 2256/1894/1894 2249/1893/1893
f 2249/1893/1893 2256/1894/1894 2200/1865/1865
f 2249/1893/1893 2200/1865/1865 2181/1864/1864
f 2181/1864/1864 2200/1865/1865 2130/1877/1877
f 2181/1864/1864 2130/1877/1877 2114/1878/1878
f 2114/1878/1878 2130/1877/1877 2062/1836/1836
f 2114/1878/1878 2062/1836/1836 2048/1835/1835
f 2048/1835/1835 2062/1836/1836 1985/1852/1852
f 2048/1835/1835 1985/1852/1852 1957/1853/1853
f 1957/1853/1853 1985/1852/1852 1890/1822/1822
f 1957/1853/1853 1890/1822/1822 1863/1821/1821
f 2401/1073/1073 2381/1074/1074 2392/1937/1937
f 2392/1937/1937 2381/1074/1074 2378/1155/1155
f 2392/1937/1937 2378/1155/1155 2377/1938/1938
f 2377/1938/1938 2378/1155/1155 2353/1909/1909
f 2377/1938/1938 2353/1909/1909 2346/1908/1908
f 2346/1908/1908 2353/1909/1909 2315/1913/1913
f 2346/1908/1908 2315/1913/1913 2308/1914/1914
f 2308/1914/1914 2315/1913/1913 2270/1895/1895
f 2308/1914/1914 2270/1895/1895 2256/1894/1894
f 2256/1894/1894 2270/1895/1895 2213/1866/1866
f 2256/1894/1894 2213/1866/1866 2200/1865/1865
f 2200/1865/1865 2213/1866/1866 2144/1876/1876
f 2200/1865/1865 2144/1876/1876 2130/1877/1877
f 2130/1877/1877 2144/1876/1876 2074/1837/1837
f 2130/1877/1877 2074/1837/1837 2062/1836/1836
f 2062/1836/1836 2074/1837/1837 2007/1851/1851
f 2062/1836/1836 2007/1851/1851 1985/1852/1852
f 1985/1852/1852 2007/1851/1851 1908/1823/1823
f 1985/1852/1852 1908/1823/1823 1890/1822/1822
f 2381/1074/1074 2349/1075/1075 2378/1155/1155
f 2378/1155/1155 2349/1075/1075 2355/1910/1910
f 2378/1155/1155 2355/1910/1910 2353/1909/1909
f 2353/1909/1909 2355/1910/1910 2322/1912/1912
f 2353/1909/1909 2322/1912/1912 2315/1913/1913
f 2315/1913/1913 2322/1912/1912 2279/1896/1896
f 2315/1913/1913 2279/1896/1896 2270/1895/1895
f 2270/1895/1895 2279/1896/1896 2225/1867/1867
f 2270/1895/1895 2225/1867/1867 2213/1866/1866
f 2213/1866/1866 2225/1867/1867 2156/1875/1875
f 2213/1866/1866 2156/1875/1875 2144/1876/1876
f 2144/1876/1876 2156/1875/1875 2086/1838/1838
f 2144/1876/1876 2086/1838/1838 2074/1837/1837
f 2074/1837/1837 2086/1838/1838 2021/1850/1850
f 2074/1837/1837 2021/1850/1850 2007/1851/1851
f 2007/1851/1851 2021/1850/1850 1920/1824/1824
f 2007/1851/1851 1920/1824/1824 1908/1823/1823
f 2355/1910/1910 2349/1075/1075 2324/1911/1911
f 2324/1911/1911 2349/1075/1075 2301/1076/1076
f 2324/1911/1911 2301/1076/1076 2287/1153/1153
f 2287/1153/1153 2301/1076/1076 2240/1077/1077
f 2287/1153/1153 2240/1077/1077 2248/1870/1870
f 2248/1870/1870 2240/1077/1077 2188/1871/1871
f 2248/1870/1870 2188/1871/1871 2187/1872/1872
f 2187/1872/1872 2188/1871/1871 2123/1842/1842
f 2187/1872/1872 2123/1842/1842 2119/1841/1841
f 2119/1841/1841 2123/1842/1842 2058/1846/1846
f 2119/1841/1841 2058/1846/1846 2050/1847/1847
f 2050/1847/1847 2058/1846/1846 1978/1828/1828
f 2050/1847/1847 1978/1828/1828 1965/1827/1827
f 2240/1077/1077 2152/1078/1078 2188/1871/1871
f 2188/1871/1871 2152/1078/1078 2127/1843/1843
f 2188/1871/1871 2127/1843/1843 2123/1842/1842
f 2123/1842/1842 2127/1843/1843 2063/1845/1845
f 2123/1842/1842 2063/1845/1845 2058/1846/1846
f 2058/1846/1846 2063/1845/1845 1987/1829/1829
f 2058/1846/1846 1987/1829/1829 1978/1828/1828
f 2152/1078/1078 2067/1079/1079 2127/1843/1843
f 2127/1843/1843 2067/1079/1079 2064/1844/1844
f 2127/1843/1843 2064/1844/1844 2063/1845/1845
f 2063/1845/1845 2064/1844/1844 1997/1830/1830
f 2063/1845/1845 1997/1830/1830 1987/1829/1829
f 2064/1844/1844 2067/1079/1079 1999/1150/1150
f 1999/1150/1150 2067/1079/1079 1949/1080/1080
f 1724/1082/1082 1575/1083/1083 1649/1777/1777
f 1649/1777/1777 1575/1083/1083 1561/1764/1764
f 1649/1777/1777 1561/1764/1764 1555/1763/1763
f 1555/1763/1763 1561/1764/1764 1479/1736/1736
f 1555/1763/1763 1479/1736/1736 1478/1735/1735
f 1478/1735/1735 1479/1736/1736 1399/1739/1739
f 1478/1735/1735 1399/1739/1739 1395/1740/1740
f 1395/1740/1740 1399/1739/1739 1280/1708/1708
f 1395/1740/1740 1280/1708/1708 1279/1707/1707
f 1279/1707/1707 1280/1708/1708 1145/1715/1715
f 1279/1707/1707 1145/1715/1715 1147/1716/1716
f 1147/1716/1716 1145/1715/1715 1046/1693/1693
f 1147/1716/1716 1046/1693/1693 1048/1692/1692
f 1048/1692/1692 1046/1693/1693 971/1665/1665
f 1048/1692/1692 971/1665/1665 973/1664/1664
f 973/1664/1664 971/1665/1665 907/1678/1678
f 973/1664/1664 907/1678/1678 913/1679/1679
f 913/1679/1679 907/1678/1678 829/1636/1636
f 913/1679/1679 829/1636/1636 840/1635/1635
f 840/1635/1635 829/1636/1636 744/1654/1654
f 840/1635/1635 744/1654/1654 764/1655/1655
f 764/1655/1655 744/1654/1654 677/1621/1621
f 764/1655/1655 677/1621/1621 694/1620/1620
f 694/1620/1620 677/1621/1621 630/1593/1593
f 694/1620/1620 630/1593/1593 650/1592/1592
f 650/1592/1592 630/1593/1593 590/1616/1616
f 650/1592/1592 590/1616/1616 606/1617/1617
f 606/1617/1617 590/1616/1616 552/1138/1138
f 1561/1764/1764 1575/1083/1083 1480/1146/1146
f 1480/1146/1146 1575/1083/1083 1447/1084/1084
f 1480/1146/1146 1447/1084/1084 1401/1737/1737
f 1401/1737/1737 1447/1084/1084 1330/1085/1085
f 1401/1737/1737 1330/1085/1085 1283/1143/1143
f 1283/1143/1143 1330/1085/1085 1118/1086/1086
f 1283/1143/1143 1118/1086/1086 1139/1711/1711
f 1139/1711/1711 1118/1086/1086 1039/1698/1698
f 1139/1711/1711 1039/1698/1698 1040/1697/1697
f 1040/1697/1697 1039/1698/1698 958/1670/1670
f 1040/1697/1697 958/1670/1670 960/1669/1669
f 960/1669/1669 958/1670/1670 874/1673/1673
f 960/1669/1669 874/1673/1673 877/1674/1674
f 877/1674/1674 874/1673/1673 781/1641/1641
f 877/1674/1674 781/1641/1641 790/1640/1640
f 790/1640/1640 781/1641/1641 688/1649/1649
f 790/1640/1640 688/1649/1649 699/1650/1650
f 699/1650/1650 688/1649/1649 622/1626/1626
f 699/1650/1650 622/1626/1626 631/1625/1625
f 631/1625/1625 622/1626/1626 565/1598/1598
f 631/1625/1625 565/1598/1598 579/1597/1597
f 579/1597/1597 565/1598/1598 501/1611/1611
f 579/1597/1597 501/1611/1611 522/1612/1612
f 522/1612/1612 501/1611/1611 438/1570/1570
f 522/1612/1612 438/1570/1570 460/1569/1569
f 460/1569/1569 438/1570/1570 403/1587/1587
f 460/1569/1569 403/1587/1587 429/1588/1588
f 429/1588/1588 403/1587/1587 385/1543/1543
f 429/1588/1588 385/1543/1543 400/1542/1542
f 1118/1086/1086 1004/1087/1087 1039/1698/1698
f 1039/1698/1698 1004/1087/1087 957/1141/1141
f 1039/1698/1698 957/1141/1141 958/1670/1670
f 958/1670/1670 957/1141/1141 871/1672/1672
f 958/1670/1670 871/1672/1672 874/1673/1673
f 874/1673/1673 871/1672/1672 773/1642/1642
f 874/1673/1673 773/1642/1642 781/1641/1641
f 781/1641/1641 773/1642/1642 679/1648/1648
f 781/1641/1641 679/1648/1648 688/1649/1649
f 688/1649/1649 679/1648/1648 612/1627/1627
f 688/1649/1649 612/1627/1627 622/1626/1626
f 622/1626/1626 612/1627/1627 548/1599/1599
f 622/1626/1626 548/1599/1599 565/1598/1598
f 565/1598/1598 548/1599/1599 487/1610/1610
f 565/1598/1598 487/1610/1610 501/1611/1611
f 501/1611/1611 487/1610/1610 419/1571/1571
f 501/1611/1611 419/1571/1571 438/1570/1570
f 438/1570/1570 419/1571/1571 383/1586/1586
f 438/1570/1570 383/1586/1586 403/1587/1587
f 403/1587/1587 383/1586/1586 362/1544/1544
f 403/1587/1587 362/1544/1544 385/1543/1543
f 1004/1087/1087 865/1088/1088 957/1141/1141
f 957/1141/1141 865/1088/1088 869/1671/1671
f 957/1141/1141 869/1671/1671 871/1672/1672
f 871/1672/1672 869/1671/1671 770/1643/1643
f 871/1672/1672 770/1643/1643 773/1642/1642
f 773/1642/1642 770/1643/1643 676/1647/1647
f 773/1642/1642 676/1647/1647 679/1648/1648
f 679/1648/1648 676/1647/1647 608/1628/1628
f 679/1648/1648 608/1628/1628 612/1627/1627
f 612/1627/1627 608/1628/1628 543/1600/1600
f 612/1627/1627 543/1600/1600 548/1599/1599
f 548/1599/1599 543/1600/1600 465/1609/1609
f 548/1599/1599 465/1609/1609 487/1610/1610
f 487/1610/1610 465/1609/1609 404/1572/1572
f 487/1610/1610 404/1572/1572 419/1571/1571
f 419/1571/1571 404/1572/1572 368/1585/1585
f 419/1571/1571 368/1585/1585 383/1586/1586
f 383/1586/1586 368/1585/1585 337/1545/1545
f 383/1586/1586 337/1545/1545 362/1544/1544
f 869/1671/1671 865/1088/1088 768/1644/1644
f 768/1644/1644 865/1088/1088 721/1089/1089
f 768/1644/1644 721/1089/1089 670/1645/1645
f 670/1645/1645 721/1089/1089 603/1090/1090
f 670/1645/1645 603/1090/1090 595/1631/1631
f 595/1631/1631 603/1090/1090 524/1139/1139
f 595/1631/1631 524/1139/1139 525/1603/1603
f 525/1603/1603 524/1139/1139 427/1605/1605
f 525/1603/1603 427/1605/1605 431/1606/1606
f 431/1606/1606 427/1605/1605 364/1576/1576
f 431/1606/1606 364/1576/1576 372/1575/1575
f 372/1575/1575 364/1576/1576 313/1581/1581
f 372/1575/1575 313/1581/1581 327/1582/1582
f 327/1582/1582 313/1581/1581 268/1549/1549
f 327/1582/1582 268/1549/1549 285/1548/1548
f 603/1090/1090 488/1091/1091 524/1139/1139
f 524/1139/1139 488/1091/1091 425/1604/1604
f 524/1139/1139 425/1604/1604 427/1605/1605
f 427/1605/1605 425/1604/1604 360/1577/1577
f 427/1605/1605 360/1577/1577 364/1576/1576
f 364/1576/1576 360/1577/1577 306/1580/1580
f 364/1576/1576 306/1580/1580 313/1581/1581
f 313/1581/1581 306/1580/1580 254/1550/1550
f 313/1581/1581 254/1550/1550 268/1549/1549
f 488/1091/1091 369/1092/1092 425/1604/1604
f 425/1604/1604 369/1092/1092 359/1578/1578
f 425/1604/1604 359/1578/1578 360/1577/1577
f 360/1577/1577 359/1578/1578 300/1579/1579
f 360/1577/1577 300/1579/1579 306/1580/1580
f 306/1580/1580 300/1579/1579 246/1551/1551
f 306/1580/1580 246/1551/1551 254/1550/1550
f 359/1578/1578 369/1092/1092 299/1136/1136
f 299/1136/1136 369/1092/1092 273/1093/1093
f 299/1136/1136 273/1093/1093 238/1134/1134
f 238/1134/1134 273/1093/1093 179/1094/1094
f 25/1486/1486 28/1097/1097 11/1130/1130
f 11/1130/1130 28/1097/1097 7/1098/1098
f 11/1130/1130 7/1098/1098 4/1128/1128
f 4/1128/1128 7/1098/1098 1/1099/1099
f 4/1128/1128 1/1099/1099 3/1432/1432
f 3/1432/1432 1/1099/1099 9/1433/1433
f 3/1432/1432 9/1433/1433 10/1434/1434
f 10/1434/1434 9/1433/1433 22/1406/1406
f 10/1434/1434 22/1406/1406 31/1405/1405
f 31/1405/1405 22/1406/1406 48/1409/1409
f 31/1405/1405 48/1409/1409 56/1410/1410
f 56/1410/1410 48/1409/1409 81/1378/1378
f 56/1410/1410 81/1378/1378 93/1377/1377
f 93/1377/1377 81/1378/1378 122/1386/1386
f 93/1377/1377 122/1386/1386 138/1387/1387
f 138/1387/1387 122/1386/1386 169/1351/1351
f 138/1387/1387 169/1351/1351 191/1350/1350
f 191/1350/1350 169/1351/1351 232/1361/1361
f 191/1350/1350 232/1361/1361 252/1362/1362
f 252/1362/1362 232/1361/1361 303/1335/1335
f 252/1362/1362 303/1335/1335 321/1334/1334
f 321/1334/1334 303/1335/1335 367/1306/1306
f 321/1334/1334 367/1306/1306 387/1305/1305
f 387/1305/1305 367/1306/1306 440/1324/1324
f 387/1305/1305 440/1324/1324 478/1325/1325
f 478/1325/1325 440/1324/1324 536/1277/1277
f 478/1325/1325 536/1277/1277 547/1276/1276
f 547/1276/1276 536/1277/1277 600/1298/1298
f 547/1276/1276 600/1298/1298 613/1299/1299
f 1/1099/1099 16/1100/1100 9/1433/1433
f 9/1433/1433 16/1100/1100 20/1125/1125
f 9/1433/1433 20/1125/1125 22/1406/1406
f 22/1406/1406 20/1125/1125 38/1408/1408
f 22/1406/1406 38/1408/1408 48/1409/1409
f 48/1409/1409 38/1408/1408 66/1379/1379
f 48/1409/1409 66/1379/1379 81/1378/1378
f 81/1378/1378 66/1379/1379 107/1385/1385
f 81/1378/1378 107/1385/1385 122/1386/1386
f 122/1386/1386 107/1385/1385 159/1352/1352
f 122/1386/1386 159/1352/1352 169/1351/1351
f 169/1351/1351 159/1352/1352 213/1360/1360
f 169/1351/1351 213/1360/1360 232/1361/1361
f 232/1361/1361 213/1360/1360 283/1336/1336
f 232/1361/1361 283/1336/1336 303/1335/1335
f 303/1335/1335 283/1336/1336 352/1307/1307
f 303/1335/1335 352/1307/1307 367/1306/1306
f 367/1306/1306 352/1307/1307 415/1323/1323
f 367/1306/1306 415/1323/1323 440/1324/1324
f 440/1324/1324 415/1323/1323 506/1278/1278
f 440/1324/1324 506/1278/1278 536/1277/1277
f 536/1277/1277 506/1278/1278 592/1297/1297
f 536/1277/1277 592/1297/1297 600/1298/1298
f 16/1100/1100 42/1101/1101 20/1125/1125
f 20/1125/1125 42/1101/1101 35/1407/1407
f 20/1125/1125 35/1407/1407 38/1408/1408
f 38/1408/1408 35/1407/1407 62/1380/1380
f 38/1408/1408 62/1380/1380 66/1379/1379
f 66/1379/1379 62/1380/1380 100/1384/1384
f 66/1379/1379 100/1384/1384 107/1385/1385
f 107/1385/1385 100/1384/1384 142/1353/1353
f 107/1385/1385 142/1353/1353 159/1352/1352
f 159/1352/1352 142/1353/1353 198/1359/1359
f 159/1352/1352 198/1359/1359 213/1360/1360
f 213/1360/1360 198/1359/1359 266/1337/1337
f 213/1360/1360 266/1337/1337 283/1336/1336
f 283/1336/1336 266/1337/1337 336/1308/1308
f 283/1336/1336 336/1308/1308 352/1307/1307
f 352/1307/1307 336/1308/1308 399/1322/1322
f 352/1307/1307 399/1322/1322 415/1323/1323
f 415/1323/1323 399/1322/1322 490/1279/1279
f 415/1323/1323 490/1279/1279 506/1278/1278
f 506/1278/1278 490/1279/1279 575/1296/1296
f 506/1278/1278 575/1296/1296 592/1297/1297
f 35/1407/1407 42/1101/1101 59/1381/1381
f 59/1381/1381 42/1101/1101 84/1102/1102
f 59/1381/1381 84/1102/1102 89/1382/1382
f 89/1382/1382 84/1102/1102 126/1123/1123
f 89/1382/1382 126/1123/1123 129/1355/1355
f 129/1355/1355 126/1123/1123 167/1356/1356
f 129/1355/1355 167/1356/1356 172/1357/1357
f 172/1357/1357 167/1356/1356 226/1340/1340
f 172/1357/1357 226/1340/1340 237/1339/1339
f 237/1339/1339 226/1340/1340 294/1311/1311
f 237/1339/1339 294/1311/1311 309/1310/1310
f 309/1310/1310 294/1311/1311 363/1319/1319
f 309/1310/1310 363/1319/1319 377/1320/1320
f 377/1320/1320 363/1319/1319 430/1282/1282
f 377/1320/1320 430/1282/1282 444/1281/1281
f 444/1281/1281 430/1282/1282 529/1293/1293
f 444/1281/1281 529/1293/1293 541/1294/1294
f 84/1102/1102 146/1103/1103 126/1123/1123
f 126/1123/1123 146/1103/1103 166/1121/1121
f 126/1123/1123 166/1121/1121 167/1356/1356
f 167/1356/1356 166/1121/1121 220/1341/1341
f 167/1356/1356 220/1341/1341 226/1340/1340
f 226/1340/1340 220/1341/1341 287/1312/1312
f 226/1340/1340 287/1312/1312 294/1311/1311
f 294/1311/1311 287/1312/1312 354/1318/1318
f 294/1311/1311 354/1318/1318 363/1319/1319
f 363/1319/1319 354/1318/1318 420/1283/1283
f 363/1319/1319 420/1283/1283 430/1282/1282
f 430/1282/1282 420/1283/1283 515/1292/1292
f 430/1282/1282 515/1292/1292 529/1293/1293
f 146/1103/1103 223/1104/1104 166/1121/1121
f 166/1121/1121 223/1104/1104 216/1342/1342
f 166/1121/1121 216/1342/1342 220/1341/1341
f 220/1341/1341 216/1342/1342 280/1313/1313
f 220/1341/1341 280/1313/1313 287/1312/1312
f 287/1312/1312 280/1313/1313 344/1317/1317
f 287/1312/1312 344/1317/1317 354/1318/1318
f 354/1318/1318 344/1317/1317 410/1284/1284
f 354/1318/1318 410/1284/1284 420/1283/1283
f 420/1283/1283 410/1284/1284 500/1291/1291
f 420/1283/1283 500/1291/1291 515/1292/1292
f 216/1342/1342 223/1104/1104 279/1314/1314
f 279/1314/1314 223/1104/1104 322/1105/1105
f 279/1314/1314 322/1105/1105 338/1315/1315
f 338/1315/1315 322/1105/1105 393/1119/1119
f 338/1315/1315 393/1119/1119 394/1286/1286
f 394/1286/1286 393/1119/1119 477/1288/1288
f 394/1286/1286 477/1288/1288 485/1289/1289
f 322/1105/1105 416/1106/1106 393/1119/1119
f 393/1119/1119 416/1106/1106 473/1287/1287
f 393/1119/1119 473/1287/1287 477/1288/1288
f 416/1106/1106 545/1107/1107 473/1287/1287
f 783/1236/1236 804/1109/1109 868/1210/1210
f 868/1210/1210 804/1109/1109 932/1110/1110
f 868/1210/1210 932/1110/1110 946/1211/1211
f 946/1211/1211 932/1110/1110 1023/1112/1112
f 946/1211/1211 1023/1112/1112 1024/1196/1196
f 1024/1196/1196 1023/1112/1112 1100/1182/1182
f 1024/1196/1196 1100/1182/1182 1102/1181/1181
f 932/1110/1110 1052/1111/1111 1023/1112/1112
f 1023/1112/1112 1052/1111/1111 1099/1183/1183
f 1023/1112/1112 1099/1183/1183 1100/1182/1182
f 1107/1176/1176 1110/1175/1175 1036/1190/1190
f 1036/1190/1190 1110/1175/1175 1037/1189/1189
f 1036/1190/1190 1037/1189/1189 968/1218/1218
f 968/1218/1218 1037/1189/1189 972/1219/1219
f 968/1218/1218 972/1219/1219 906/1203/1203
f 906/1203/1203 972/1219/1219 912/1202/1202
f 906/1203/1203 912/1202/1202 830/1243/1243
f 830/1243/1243 912/1202/1202 833/1244/1244
f 830/1243/1243 833/1244/1244 737/1229/1229
f 737/1229/1229 833/1244/1244 750/1228/1228
f 737/1229/1229 750/1228/1228 661/1268/1268
f 661/1268/1268 750/1228/1228 667/1269/1269
f 661/1268/1268 667/1269/1269 598/1254/1254
f 598/1254/1254 667/1269/1269 610/1253/1253
f 1106/1177/1177 1107/1176/1176 1034/1191/1191
f 1034/1191/1191 1107/1176/1176 1036/1190/1190
f 1034/1191/1191 1036/1190/1190 964/1217/1217
f 964/1217/1217 1036/1190/1190 968/1218/1218
f 964/1217/1217 968/1218/1218 897/1204/1204
f 897/1204/1204 968/1218/1218 906/1203/1203
f 897/1204/1204 906/1203/1203 824/1242/1242
f 824/1242/1242 906/1203/1203 830/1243/1243
f 824/1242/1242 830/1243/1243 725/1230/1230
f 725/1230/1230 830/1243/1243 737/1229/1229
f 725/1230/1230 737/1229/1229 653/1267/1267
f 653/1267/1267 737/1229/1229 661/1268/1268
f 653/1267/1267 661/1268/1268 591/1255/1255
f 591/1255/1255 661/1268/1268 598/1254/1254
f 1105/1178/1178 1106/1177/1177 1032/1192/1192
f 1032/1192/1192 1106/1177/1177 1034/1191/1191
f 1032/1192/1192 1034/1191/1191 961/1216/1216
f 961/1216/1216 1034/1191/1191 964/1217/1217
f 961/1216/1216 964/1217/1217 884/1205/1205
f 884/1205/1205 964/1217/1217 897/1204/1204
f 884/1205/1205 897/1204/1204 818/1241/1241
f 818/1241/1241 897/1204/1204 824/1242/1242
f 818/1241/1241 824/1242/1242 714/1231/1231
f 714/1231/1231 824/1242/1242 725/1230/1230
f 714/1231/1231 725/1230/1230 648/1266/1266
f 648/1266/1266 725/1230/1230 653/1267/1267
f 648/1266/1266 653/1267/1267 585/1256/1256
f 585/1256/1256 653/1267/1267 591/1255/1255
f 1104/1179/1179 1028/1194/1194 1103/1180/1180
f 1103/1180/1180 1028/1194/1194 1027/1195/1195
f 1103/1180/1180 1027/1195/1195 1102/1181/1181
f 1102/1181/1181 1027/1195/1195 1024/1196/1196
f 1105/1178/1178 1032/1192/1192 1031/1193/1193
f 1031/1193/1193 1032/1192/1192 955/1215/1215
f 1031/1193/1193 955/1215/1215 952/1214/1214
f 952/1214/1214 955/1215/1215 876/1207/1207
f 952/1214/1214 876/1207/1207 873/1208/1208
f 873/1208/1208 876/1207/1207 789/1238/1238
f 873/1208/1208 789/1238/1238 784/1237/1237
f 784/1237/1237 789/1238/1238 693/1235/1235
f 784/1237/1237 693/1235/1235 690/1114/1114
f 690/1114/1114 693/1235/1235 619/1116/1116
f 955/1215/1215 1032/1192/1192 961/1216/1216
f 1028/1194/1194 948/1213/1213 1027/1195/1195
f 1027/1195/1195 948/1213/1213 947/1212/1212
f 1027/1195/1195 947/1212/1212 1024/1196/1196
f 1024/1196/1196 947/1212/1212 946/1211/1211
f 955/1215/1215 961/1216/1216 881/1206/1206
f 881/1206/1206 961/1216/1216 884/1205/1205
f 881/1206/1206 884/1205/1205 803/1240/1240
f 803/1240/1240 884/1205/1205 818/1241/1241
f 803/1240/1240 818/1241/1241 710/1232/1232
f 710/1232/1232 818/1241/1241 714/1231/1231
f 710/1232/1232 714/1231/1231 640/1265/1265
f 640/1265/1265 714/1231/1231 648/1266/1266
f 640/1265/1265 648/1266/1266 577/1257/1257
f 577/1257/1257 648/1266/1266 585/1256/1256
f 955/1215/1215 881/1206/1206 876/1207/1207
f 876/1207/1207 881/1206/1206 798/1239/1239
f 876/1207/1207 798/1239/1239 789/1238/1238
f 789/1238/1238 798/1239/1239 696/1234/1234
f 789/1238/1238 696/1234/1234 693/1235/1235
f 693/1235/1235 696/1234/1234 621/1262/1262
f 693/1235/1235 621/1262/1262 619/1116/1116
f 619/1116/1116 621/1262/1262 550/1261/1261
f 798/1239/1239 881/1206/1206 803/1240/1240
f 947/1212/1212 948/1213/1213 870/1209/1209
f 946/1211/1211 947/1212/1212 868/1210/1210
f 868/1210/1210 947/1212/1212 870/1209/1209
f 868/1210/1210 870/1209/1209 783/1236/1236
f 798/1239/1239 803/1240/1240 700/1233/1233
f 700/1233/1233 803/1240/1240 710/1232/1232
f 700/1233/1233 710/1232/1232 629/1264/1264
f 629/1264/1264 710/1232/1232 640/1265/1265
f 629/1264/1264 640/1265/1265 566/1258/1258
f 566/1258/1258 640/1265/1265 577/1257/1257
f 798/1239/1239 700/1233/1233 696/1234/1234
f 696/1234/1234 700/1233/1233 625/1263/1263
f 696/1234/1234 625/1263/1263 621/1262/1262
f 621/1262/1262 625/1263/1263 551/1260/1260
f 621/1262/1262 551/1260/1260 550/1261/1261
f 625/1263/1263 700/1233/1233 629/1264/1264
f 625/1263/1263 629/1264/1264 555/1259/1259
f 555/1259/1259 629/1264/1264 566/1258/1258
f 555/1259/1259 551/1260/1260 625/1263/1263
f 613/1299/1299 635/1300/1300 573/1275/1275
f 573/1275/1275 635/1300/1300 588/1120/1120
f 573/1275/1275 588/1120/1120 518/1327/1327
f 518/1327/1327 588/1120/1120 542/1328/1328
f 518/1327/1327 542/1328/1328 457/1302/1302
f 613/1299/1299 573/1275/1275 547/1276/1276
f 547/1276/1276 573/1275/1275 497/1326/1326
f 547/1276/1276 497/1326/1326 478/1325/1325
f 478/1325/1325 497/1326/1326 414/1304/1304
f 478/1325/1325 414/1304/1304 387/1305/1305
f 387/1305/1305 414/1304/1304 345/1333/1333
f 387/1305/1305 345/1333/1333 321/1334/1334
f 321/1334/1334 345/1333/1333 276/1363/1363
f 321/1334/1334 276/1363/1363 252/1362/1362
f 252/1362/1362 276/1363/1363 209/1349/1349
f 252/1362/1362 209/1349/1349 191/1350/1350
f 191/1350/1350 209/1349/1349 157/1388/1388
f 191/1350/1350 157/1388/1388 138/1387/1387
f 138/1387/1387 157/1388/1388 108/1376/1376
f 138/1387/1387 108/1376/1376 93/1377/1377
f 93/1377/1377 108/1376/1376 69/1411/1411
f 93/1377/1377 69/1411/1411 56/1410/1410
f 56/1410/1410 69/1411/1411 40/1404/1404
f 56/1410/1410 40/1404/1404 31/1405/1405
f 31/1405/1405 40/1404/1404 18/1435/1435
f 31/1405/1405 18/1435/1435 10/1434/1434
f 10/1434/1434 18/1435/1435 5/1431/1431
f 10/1434/1434 5/1431/1431 3/1432/1432
f 3/1432/1432 5/1431/1431 4/1128/1128
f 497/1326/1326 573/1275/1275 518/1327/1327
f 549/1295/1295 575/1296/1296 490/1279/1279
f 541/1294/1294 549/1295/1295 463/1280/1280
f 463/1280/1280 549/1295/1295 490/1279/1279
f 463/1280/1280 490/1279/1279 399/1322/1322
f 541/1294/1294 463/1280/1280 444/1281/1281
f 444/1281/1281 463/1280/1280 386/1321/1321
f 444/1281/1281 386/1321/1321 377/1320/1320
f 377/1320/1320 386/1321/1321 320/1309/1309
f 377/1320/1320 320/1309/1309 309/1310/1310
f 309/1310/1310 320/1309/1309 249/1338/1338
f 309/1310/1310 249/1338/1338 237/1339/1339
f 237/1339/1339 249/1338/1338 189/1358/1358
f 237/1339/1339 189/1358/1358 172/1357/1357
f 172/1357/1357 189/1358/1358 135/1354/1354
f 172/1357/1357 135/1354/1354 129/1355/1355
f 129/1355/1355 135/1354/1354 90/1383/1383
f 129/1355/1355 90/1383/1383 89/1382/1382
f 89/1382/1382 90/1383/1383 59/1381/1381
f 386/1321/1321 463/1280/1280 399/1322/1322
f 492/1290/1290 500/1291/1291 410/1284/1284
f 485/1289/1289 492/1290/1290 401/1285/1285
f 401/1285/1285 492/1290/1290 410/1284/1284
f 401/1285/1285 410/1284/1284 344/1317/1317
f 485/1289/1289 401/1285/1285 394/1286/1286
f 394/1286/1286 401/1285/1285 342/1316/1316
f 394/1286/1286 342/1316/1316 338/1315/1315
f 338/1315/1315 342/1316/1316 279/1314/1314
f 342/1316/1316 401/1285/1285 344/1317/1317
f 497/1326/1326 518/1327/1327 432/1303/1303
f 432/1303/1303 518/1327/1327 457/1302/1302
f 432/1303/1303 457/1302/1302 388/1331/1331
f 497/1326/1326 432/1303/1303 414/1304/1304
f 414/1304/1304 432/1303/1303 374/1332/1332
f 414/1304/1304 374/1332/1332 345/1333/1333
f 345/1333/1333 374/1332/1332 304/1364/1364
f 345/1333/1333 304/1364/1364 276/1363/1363
f 276/1363/1363 304/1364/1364 231/1348/1348
f 276/1363/1363 231/1348/1348 209/1349/1349
f 209/1349/1349 231/1348/1348 170/1389/1389
f 209/1349/1349 170/1389/1389 157/1388/1388
f 157/1388/1388 170/1389/1389 127/1375/1375
f 157/1388/1388 127/1375/1375 108/1376/1376
f 108/1376/1376 127/1375/1375 83/1412/1412
f 108/1376/1376 83/1412/1412 69/1411/1411
f 69/1411/1411 83/1412/1412 52/1403/1403
f 69/1411/1411 52/1403/1403 40/1404/1404
f 40/1404/1404 52/1403/1403 30/1436/1436
f 40/1404/1404 30/1436/1436 18/1435/1435
f 18/1435/1435 30/1436/1436 12/1430/1430
f 18/1435/1435 12/1430/1430 5/1431/1431
f 5/1431/1431 12/1430/1430 6/1459/1459
f 5/1431/1431 6/1459/1459 4/1128/1128
f 4/1128/1128 6/1459/1459 11/1130/1130
f 374/1332/1332 432/1303/1303 388/1331/1331
f 386/1321/1321 399/1322/1322 336/1308/1308
f 386/1321/1321 336/1308/1308 320/1309/1309
f 320/1309/1309 336/1308/1308 266/1337/1337
f 320/1309/1309 266/1337/1337 249/1338/1338
f 249/1338/1338 266/1337/1337 198/1359/1359
f 249/1338/1338 198/1359/1359 189/1358/1358
f 189/1358/1358 198/1359/1359 142/1353/1353
f 189/1358/1358 142/1353/1353 135/1354/1354
f 135/1354/1354 142/1353/1353 100/1384/1384
f 135/1354/1354 100/1384/1384 90/1383/1383
f 90/1383/1383 100/1384/1384 62/1380/1380
f 90/1383/1383 62/1380/1380 59/1381/1381
f 59/1381/1381 62/1380/1380 35/1407/1407
f 342/1316/1316 344/1317/1317 280/1313/1313
f 216/1342/1342 279/1314/1314 280/1313/1313
f 280/1313/1313 279/1314/1314 342/1316/1316
f 304/1364/1364 374/1332/1332 335/1365/1365
f 335/1365/1365 374/1332/1332 388/1331/1331
f 366/1343/1343 343/1344/1344 392/1122/1122
f 392/1122/1122 343/1344/1344 373/1367/1367
f 392/1122/1122 373/1367/1367 437/1329/1329
f 373/1367/1367 343/1344/1344 317/1345/1345
f 317/1345/1345 343/1344/1344 288/1393/1393
f 317/1345/1345 288/1393/1393 262/1392/1392
f 262/1392/1392 288/1393/1393 233/1371/1371
f 262/1392/1392 233/1371/1371 197/1372/1372
f 197/1372/1372 233/1371/1371 171/1416/1416
f 197/1372/1372 171/1416/1416 144/1415/1415
f 144/1415/1415 171/1416/1416 130/1399/1399
f 144/1415/1415 130/1399/1399 106/1400/1400
f 106/1400/1400 130/1399/1399 97/1440/1440
f 106/1400/1400 97/1440/1440 77/1439/1439
f 77/1439/1439 97/1440/1440 71/1426/1426
f 77/1439/1439 71/1426/1426 53/1427/1427
f 53/1427/1427 71/1426/1426 55/1463/1463
f 53/1427/1427 55/1463/1463 36/1462/1462
f 36/1462/1462 55/1463/1463 47/1455/1455
f 36/1462/1462 47/1455/1455 32/1456/1456
f 32/1456/1456 47/1455/1455 45/1489/1489
f 32/1456/1456 45/1489/1489 33/1488/1488
f 33/1488/1488 45/1489/1489 51/1483/1483
f 33/1488/1488 51/1483/1483 49/1484/1484
f 49/1484/1484 51/1483/1483 70/1512/1512
f 49/1484/1484 70/1512/1512 68/1513/1513
f 288/1393/1393 343/1344/1344 312/1394/1394
f 312/1394/1394 343/1344/1344 366/1343/1343
f 304/1364/1364 335/1365/1365 258/1347/1347
f 304/1364/1364 258/1347/1347 231/1348/1348
f 231/1348/1348 258/1347/1347 196/1390/1390
f 231/1348/1348 196/1390/1390 170/1389/1389
f 170/1389/1389 196/1390/1390 148/1374/1374
f 170/1389/1389 148/1374/1374 127/1375/1375
f 127/1375/1375 148/1374/1374 105/1413/1413
f 127/1375/1375 105/1413/1413 83/1412/1412
f 83/1412/1412 105/1413/1413 67/1402/1402
f 83/1412/1412 67/1402/1402 52/1403/1403
f 52/1403/1403 67/1402/1402 41/1437/1437
f 52/1403/1403 41/1437/1437 30/1436/1436
f 30/1436/1436 41/1437/1437 23/1429/1429
f 30/1436/1436 23/1429/1429 12/1430/1430
f 12/1430/1430 23/1429/1429 13/1460/1460
f 12/1430/1430 13/1460/1460 6/1459/1459
f 6/1459/1459 13/1460/1460 14/1458/1458
f 6/1459/1459 14/1458/1458 11/1130/1130
f 11/1130/1130 14/1458/1458 25/1486/1486
f 288/1393/1393 312/1394/1394 256/1370/1370
f 288/1393/1393 256/1370/1370 233/1371/1371
f 233/1371/1371 256/1370/1370 211/1417/1417
f 233/1371/1371 211/1417/1417 171/1416/1416
f 171/1416/1416 211/1417/1417 161/1398/1398
f 171/1416/1416 161/1398/1398 130/1399/1399
f 130/1399/1399 161/1398/1398 118/1441/1441
f 130/1399/1399 118/1441/1441 97/1440/1440
f 97/1440/1440 118/1441/1441 91/1425/1425
f 97/1440/1440 91/1425/1425 71/1426/1426
f 71/1426/1426 91/1425/1425 72/1464/1464
f 71/1426/1426 72/1464/1464 55/1463/1463
f 55/1463/1463 72/1464/1464 60/1454/1454
f 55/1463/1463 60/1454/1454 47/1455/1455
f 47/1455/1455 60/1454/1454 57/1490/1490
f 47/1455/1455 57/1490/1490 45/1489/1489
f 45/1489/1489 57/1490/1490 65/1482/1482
f 45/1489/1489 65/1482/1482 51/1483/1483
f 51/1483/1483 65/1482/1482 79/1511/1511
f 51/1483/1483 79/1511/1511 70/1512/1512
f 281/1127/1127 247/1395/1395 295/1126/1126
f 295/1126/1126 247/1395/1395 261/1419/1419
f 295/1126/1126 261/1419/1419 314/1368/1368
f 261/1419/1419 247/1395/1395 217/1396/1396
f 217/1396/1396 247/1395/1395 208/1444/1444
f 217/1396/1396 208/1444/1444 184/1443/1443
f 184/1443/1443 208/1444/1444 176/1422/1422
f 184/1443/1443 176/1422/1422 141/1423/1423
f 141/1423/1423 176/1422/1422 143/1467/1467
f 141/1423/1423 143/1467/1467 116/1466/1466
f 116/1466/1466 143/1467/1467 121/1451/1451
f 116/1466/1466 121/1451/1451 101/1452/1452
f 101/1452/1452 121/1451/1451 111/1493/1493
f 101/1452/1452 111/1493/1493 92/1492/1492
f 92/1492/1492 111/1493/1493 110/1479/1479
f 92/1492/1492 110/1479/1479 94/1480/1480
f 94/1480/1480 110/1479/1479 117/1508/1508
f 94/1480/1480 117/1508/1508 103/1509/1509
f 247/1395/1395 281/1127/1127 236/1445/1445
f 236/1445/1445 281/1127/1127 269/1446/1446
f 236/1445/1445 269/1446/1446 228/1420/1420
f 228/1420/1420 202/1421/1421 236/1445/1445
f 236/1445/1445 202/1421/1421 208/1444/1444
f 236/1445/1445 208/1444/1444 247/1395/1395
f 208/1444/1444 202/1421/1421 176/1422/1422
f 176/1422/1422 202/1421/1421 177/1468/1468
f 176/1422/1422 177/1468/1468 143/1467/1467
f 143/1467/1467 177/1468/1468 153/1450/1450
f 143/1467/1467 153/1450/1450 121/1451/1451
f 121/1451/1451 153/1450/1450 134/1494/1494
f 121/1451/1451 134/1494/1494 111/1493/1493
f 111/1493/1493 134/1494/1494 131/1478/1478
f 111/1493/1493 131/1478/1478 110/1479/1479
f 110/1479/1479 131/1478/1478 137/1507/1507
f 110/1479/1479 137/1507/1507 117/1508/1508
f 177/1468/1468 202/1421/1421 204/1469/1469
f 204/1469/1469 202/1421/1421 228/1420/1420
f 265/1471/1471 272/1131/1131 240/1447/1447
f 240/1447/1447 272/1131/1131 250/1498/1498
f 240/1447/1447 250/1498/1498 221/1497/1497
f 221/1497/1497 250/1498/1498 243/1474/1474
f 221/1497/1497 243/1474/1474 218/1475/1475
f 218/1475/1475 243/1474/1474 244/1503/1503
f 218/1475/1475 244/1503/1503 206/1504/1504
f 177/1468/1468 204/1469/1469 190/1449/1449
f 177/1468/1468 190/1449/1449 153/1450/1450
f 153/1450/1450 190/1449/1449 163/1495/1495
f 153/1450/1450 163/1495/1495 134/1494/1494
f 134/1494/1494 163/1495/1495 154/1477/1477
f 134/1494/1494 154/1477/1477 131/1478/1478
f 131/1478/1478 154/1477/1477 155/1506/1506
f 131/1478/1478 155/1506/1506 137/1507/1507
f 284/1499/1499 271/1473/1473 250/1498/1498
f 250/1498/1498 271/1473/1473 243/1474/1474
f 244/1503/1503 243/1474/1474 267/1502/1502
f 267/1502/1502 243/1474/1474 271/1473/1473
f 272/1131/1131 284/1499/1499 250/1498/1498
f 405/1135/1135 384/1565/1565 379/1514/1514
f 379/1514/1514 384/1565/1565 353/1515/1515
f 384/1565/1565 365/1564/1564 353/1515/1515
f 353/1515/1515 365/1564/1564 329/1516/1516
f 365/1564/1564 346/1563/1563 329/1516/1516
f 329/1516/1516 346/1563/1563 311/1517/1517
f 346/1563/1563 315/1562/1562 311/1517/1517
f 311/1517/1517 315/1562/1562 277/1518/1518
f 315/1562/1562 290/1561/1561 277/1518/1518
f 277/1518/1518 290/1561/1561 245/1519/1519
f 290/1561/1561 270/1560/1560 245/1519/1519
f 245/1519/1519 270/1560/1560 222/1520/1520
f 270/1560/1560 248/1559/1559 222/1520/1520
f 222/1520/1520 248/1559/1559 203/1521/1521
f 248/1559/1559 229/1558/1558 203/1521/1521
f 203/1521/1521 229/1558/1558 188/1522/1522
f 229/1558/1558 214/1557/1557 188/1522/1522
f 188/1522/1522 214/1557/1557 168/1523/1523
f 214/1557/1557 200/1556/1556 168/1523/1523
f 168/1523/1523 200/1556/1556 160/1524/1524
f 200/1556/1556 192/1555/1555 160/1524/1524
f 160/1524/1524 192/1555/1555 149/1525/1525
f 183/1553/1553 139/1527/1527 140/1526/1526
f 192/1555/1555 185/1554/1554 149/1525/1525
f 149/1525/1525 185/1554/1554 140/1526/1526
f 185/1554/1554 183/1553/1553 140/1526/1526
f 422/1541/1541 451/1540/1540 481/1590/1590
f 481/1590/1590 451/1540/1540 504/1137/1137
f 481/1590/1590 504/1137/1137 535/1566/1566
f 535/1566/1566 504/1137/1137 552/1138/1138
f 535/1566/1566 552/1138/1138 590/1616/1616
f 400/1542/1542 422/1541/1541 452/1589/1589
f 452/1589/1589 422/1541/1541 481/1590/1590
f 452/1589/1589 481/1590/1590 517/1567/1567
f 517/1567/1567 481/1590/1590 535/1566/1566
f 517/1567/1567 535/1566/1566 580/1615/1615
f 580/1615/1615 535/1566/1566 590/1616/1616
f 580/1615/1615 590/1616/1616 630/1593/1593
f 337/1545/1545 368/1585/1585 318/1546/1546
f 318/1546/1546 368/1585/1585 356/1584/1584
f 318/1546/1546 356/1584/1584 301/1547/1547
f 301/1547/1547 356/1584/1584 339/1583/1583
f 301/1547/1547 339/1583/1583 285/1548/1548
f 285/1548/1548 339/1583/1583 327/1582/1582
f 299/1136/1136 238/1134/1134 241/1552/1552
f 299/1136/1136 241/1552/1552 300/1579/1579
f 300/1579/1579 241/1552/1552 246/1551/1551
f 517/1567/1567 498/1568/1568 452/1589/1589
f 452/1589/1589 498/1568/1568 429/1588/1588
f 452/1589/1589 429/1588/1588 400/1542/1542
f 429/1588/1588 498/1568/1568 460/1569/1569
f 460/1569/1569 498/1568/1568 538/1613/1613
f 460/1569/1569 538/1613/1613 522/1612/1612
f 522/1612/1612 538/1613/1613 587/1596/1596
f 522/1612/1612 587/1596/1596 579/1597/1597
f 579/1597/1597 587/1596/1596 646/1624/1624
f 579/1597/1597 646/1624/1624 631/1625/1625
f 631/1625/1625 646/1624/1624 708/1651/1651
f 631/1625/1625 708/1651/1651 699/1650/1650
f 699/1650/1650 708/1651/1651 800/1639/1639
f 699/1650/1650 800/1639/1639 790/1640/1640
f 790/1640/1640 800/1639/1639 882/1675/1675
f 790/1640/1640 882/1675/1675 877/1674/1674
f 877/1674/1674 882/1675/1675 963/1668/1668
f 877/1674/1674 963/1668/1668 960/1669/1669
f 960/1669/1669 963/1668/1668 1041/1696/1696
f 960/1669/1669 1041/1696/1696 1040/1697/1697
f 1040/1697/1697 1041/1696/1696 1140/1712/1712
f 1040/1697/1697 1140/1712/1712 1139/1711/1711
f 1139/1711/1711 1140/1712/1712 1283/1143/1143
f 498/1568/1568 517/1567/1567 560/1614/1614
f 560/1614/1614 517/1567/1567 580/1615/1615
f 560/1614/1614 580/1615/1615 618/1594/1594
f 618/1594/1594 580/1615/1615 630/1593/1593
f 618/1594/1594 630/1593/1593 677/1621/1621
f 356/1584/1584 368/1585/1585 404/1572/1572
f 339/1583/1583 356/1584/1584 390/1573/1573
f 390/1573/1573 356/1584/1584 404/1572/1572
f 390/1573/1573 404/1572/1572 465/1609/1609
f 327/1582/1582 339/1583/1583 382/1574/1574
f 382/1574/1574 339/1583/1583 390/1573/1573
f 382/1574/1574 390/1573/1573 453/1608/1608
f 453/1608/1608 390/1573/1573 465/1609/1609
f 453/1608/1608 465/1609/1609 543/1600/1600
f 327/1582/1582 382/1574/1574 372/1575/1575
f 372/1575/1575 382/1574/1574 441/1607/1607
f 372/1575/1575 441/1607/1607 431/1606/1606
f 431/1606/1606 441/1607/1607 530/1602/1602
f 431/1606/1606 530/1602/1602 525/1603/1603
f 525/1603/1603 530/1602/1602 597/1630/1630
f 525/1603/1603 597/1630/1630 595/1631/1631
f 595/1631/1631 597/1630/1630 670/1645/1645
f 441/1607/1607 382/1574/1574 453/1608/1608
f 299/1136/1136 300/1579/1579 359/1578/1578
f 618/1594/1594 599/1595/1595 560/1614/1614
f 560/1614/1614 599/1595/1595 538/1613/1613
f 560/1614/1614 538/1613/1613 498/1568/1568
f 538/1613/1613 599/1595/1595 587/1596/1596
f 587/1596/1596 599/1595/1595 652/1623/1623
f 587/1596/1596 652/1623/1623 646/1624/1624
f 646/1624/1624 652/1623/1623 717/1652/1652
f 646/1624/1624 717/1652/1652 708/1651/1651
f 708/1651/1651 717/1652/1652 814/1638/1638
f 708/1651/1651 814/1638/1638 800/1639/1639
f 800/1639/1639 814/1638/1638 885/1676/1676
f 800/1639/1639 885/1676/1676 882/1675/1675
f 882/1675/1675 885/1676/1676 965/1667/1667
f 882/1675/1675 965/1667/1667 963/1668/1668
f 963/1668/1668 965/1667/1667 1044/1695/1695
f 963/1668/1668 1044/1695/1695 1041/1696/1696
f 1041/1696/1696 1044/1695/1695 1142/1713/1713
f 1041/1696/1696 1142/1713/1713 1140/1712/1712
f 1140/1712/1712 1142/1713/1713 1282/1710/1710
f 1140/1712/1712 1282/1710/1710 1283/1143/1143
f 1283/1143/1143 1282/1710/1710 1401/1737/1737
f 599/1595/1595 618/1594/1594 663/1622/1622
f 663/1622/1622 618/1594/1594 677/1621/1621
f 663/1622/1622 677/1621/1621 744/1654/1654
f 441/1607/1607 453/1608/1608 533/1601/1601
f 533/1601/1601 453/1608/1608 543/1600/1600
f 533/1601/1601 543/1600/1600 608/1628/1628
f 441/1607/1607 533/1601/1601 530/1602/1602
f 530/1602/1602 533/1601/1601 601/1629/1629
f 530/1602/1602 601/1629/1629 597/1630/1630
f 597/1630/1630 601/1629/1629 673/1646/1646
f 597/1630/1630 673/1646/1646 670/1645/1645
f 670/1645/1645 673/1646/1646 768/1644/1644
f 601/1629/1629 533/1601/1601 608/1628/1628
f 599/1595/1595 663/1622/1622 652/1623/1623
f 652/1623/1623 663/1622/1622 726/1653/1653
f 652/1623/1623 726/1653/1653 717/1652/1652
f 717/1652/1652 726/1653/1653 823/1637/1637
f 717/1652/1652 823/1637/1637 814/1638/1638
f 814/1638/1638 823/1637/1637 898/1677/1677
f 814/1638/1638 898/1677/1677 885/1676/1676
f 885/1676/1676 898/1677/1677 969/1666/1666
f 885/1676/1676 969/1666/1666 965/1667/1667
f 965/1667/1667 969/1666/1666 1045/1694/1694
f 965/1667/1667 1045/1694/1694 1044/1695/1695
f 1044/1695/1695 1045/1694/1694 1144/1714/1714
f 1044/1695/1695 1144/1714/1714 1142/1713/1713
f 1142/1713/1713 1144/1714/1714 1281/1709/1709
f 1142/1713/1713 1281/1709/1709 1282/1710/1710
f 1282/1710/1710 1281/1709/1709 1400/1738/1738
f 1282/1710/1710 1400/1738/1738 1401/1737/1737
f 1401/1737/1737 1400/1738/1738 1480/1146/1146
f 726/1653/1653 663/1622/1622 744/1654/1654
f 673/1646/1646 601/1629/1629 676/1647/1647
f 676/1647/1647 601/1629/1629 608/1628/1628
f 875/1142/1142 861/1632/1632 809/1140/1140
f 809/1140/1140 861/1632/1632 788/1657/1657
f 809/1140/1140 788/1657/1657 723/1618/1618
f 788/1657/1657 861/1632/1632 849/1633/1633
f 849/1633/1633 861/1632/1632 928/1682/1682
f 849/1633/1633 928/1682/1682 924/1681/1681
f 924/1681/1681 928/1682/1682 1001/1661/1661
f 924/1681/1681 1001/1661/1661 985/1662/1662
f 985/1662/1662 1001/1661/1661 1057/1689/1689
f 985/1662/1662 1057/1689/1689 1054/1690/1690
f 1054/1690/1690 1057/1689/1689 1157/1719/1719
f 1054/1690/1690 1157/1719/1719 1154/1718/1718
f 1154/1718/1718 1157/1719/1719 1276/1704/1704
f 1154/1718/1718 1276/1704/1704 1277/1705/1705
f 1277/1705/1705 1276/1704/1704 1388/1743/1743
f 1277/1705/1705 1388/1743/1743 1390/1742/1742
f 1390/1742/1742 1388/1743/1743 1471/1732/1732
f 1390/1742/1742 1471/1732/1732 1472/1733/1733
f 1472/1733/1733 1471/1732/1732 1540/1760/1760
f 1472/1733/1733 1540/1760/1760 1548/1761/1761
f 1548/1761/1761 1540/1760/1760 1638/1780/1780
f 1548/1761/1761 1638/1780/1780 1644/1779/1779
f 1644/1779/1779 1638/1780/1780 1748/1775/1775
f 1644/1779/1779 1748/1775/1775 1752/1776/1776
f 1752/1776/1776 1748/1775/1775 1829/1805/1805
f 1752/1776/1776 1829/1805/1805 1832/1804/1804
f 861/1632/1632 875/1142/1142 935/1683/1683
f 935/1683/1683 875/1142/1142 942/1684/1684
f 935/1683/1683 942/1684/1684 1011/1659/1659
f 726/1653/1653 744/1654/1654 829/1636/1636
f 726/1653/1653 829/1636/1636 823/1637/1637
f 823/1637/1637 829/1636/1636 907/1678/1678
f 823/1637/1637 907/1678/1678 898/1677/1677
f 898/1677/1677 907/1678/1678 971/1665/1665
f 898/1677/1677 971/1665/1665 969/1666/1666
f 969/1666/1666 971/1665/1665 1046/1693/1693
f 969/1666/1666 1046/1693/1693 1045/1694/1694
f 1045/1694/1694 1046/1693/1693 1145/1715/1715
f 1045/1694/1694 1145/1715/1715 1144/1714/1714
f 1144/1714/1714 1145/1715/1715 1280/1708/1708
f 1144/1714/1714 1280/1708/1708 1281/1709/1709
f 1281/1709/1709 1280/1708/1708 1399/1739/1739
f 1281/1709/1709 1399/1739/1739 1400/1738/1738
f 1400/1738/1738 1399/1739/1739 1479/1736/1736
f 1400/1738/1738 1479/1736/1736 1480/1146/1146
f 1480/1146/1146 1479/1736/1736 1561/1764/1764
f 673/1646/1646 676/1647/1647 770/1643/1643
f 869/1671/1671 768/1644/1644 770/1643/1643
f 770/1643/1643 768/1644/1644 673/1646/1646
f 1011/1659/1659 1007/1660/1660 935/1683/1683
f 935/1683/1683 1007/1660/1660 928/1682/1682
f 935/1683/1683 928/1682/1682 861/1632/1632
f 928/1682/1682 1007/1660/1660 1001/1661/1661
f 1001/1661/1661 1007/1660/1660 1065/1688/1688
f 1001/1661/1661 1065/1688/1688 1057/1689/1689
f 1057/1689/1689 1065/1688/1688 1160/1720/1720
f 1057/1689/1689 1160/1720/1720 1157/1719/1719
f 1157/1719/1719 1160/1720/1720 1273/1703/1703
f 1157/1719/1719 1273/1703/1703 1276/1704/1704
f 1276/1704/1704 1273/1703/1703 1386/1744/1744
f 1276/1704/1704 1386/1744/1744 1388/1743/1743
f 1388/1743/1743 1386/1744/1744 1463/1731/1731
f 1388/1743/1743 1463/1731/1731 1471/1732/1732
f 1471/1732/1732 1463/1731/1731 1537/1759/1759
f 1471/1732/1732 1537/1759/1759 1540/1760/1760
f 1540/1760/1760 1537/1759/1759 1628/1781/1781
f 1540/1760/1760 1628/1781/1781 1638/1780/1780
f 1638/1780/1780 1628/1781/1781 1744/1774/1774
f 1638/1780/1780 1744/1774/1774 1748/1775/1775
f 1748/1775/1775 1744/1774/1774 1827/1806/1806
f 1748/1775/1775 1827/1806/1806 1829/1805/1805
f 1065/1688/1688 1007/1660/1660 1067/1687/1687
f 1067/1687/1687 1007/1660/1660 1011/1659/1659
f 1160/1720/1720 1065/1688/1688 1162/1721/1721
f 1162/1721/1721 1065/1688/1688 1067/1687/1687
f 1266/1145/1145 1269/1699/1699 1167/1144/1144
f 1167/1144/1144 1269/1699/1699 1164/1723/1723
f 1167/1144/1144 1164/1723/1723 1072/1685/1685
f 1164/1723/1723 1269/1699/1699 1270/1700/1700
f 1270/1700/1700 1269/1699/1699 1376/1748/1748
f 1270/1700/1700 1376/1748/1748 1378/1747/1747
f 1378/1747/1747 1376/1748/1748 1440/1727/1727
f 1378/1747/1747 1440/1727/1727 1442/1728/1728
f 1442/1728/1728 1440/1727/1727 1520/1755/1755
f 1442/1728/1728 1520/1755/1755 1529/1756/1756
f 1529/1756/1756 1520/1755/1755 1602/1785/1785
f 1529/1756/1756 1602/1785/1785 1612/1784/1784
f 1612/1784/1784 1602/1785/1785 1708/1770/1770
f 1612/1784/1784 1708/1770/1770 1722/1771/1771
f 1722/1771/1771 1708/1770/1770 1793/1810/1810
f 1722/1771/1771 1793/1810/1810 1805/1809/1809
f 1269/1699/1699 1266/1145/1145 1368/1749/1749
f 1368/1749/1749 1266/1145/1145 1360/1750/1750
f 1368/1749/1749 1360/1750/1750 1429/1725/1725
f 1160/1720/1720 1162/1721/1721 1272/1702/1702
f 1160/1720/1720 1272/1702/1702 1273/1703/1703
f 1273/1703/1703 1272/1702/1702 1385/1745/1745
f 1273/1703/1703 1385/1745/1745 1386/1744/1744
f 1386/1744/1744 1385/1745/1745 1452/1730/1730
f 1386/1744/1744 1452/1730/1730 1463/1731/1731
f 1463/1731/1731 1452/1730/1730 1534/1758/1758
f 1463/1731/1731 1534/1758/1758 1537/1759/1759
f 1537/1759/1759 1534/1758/1758 1623/1782/1782
f 1537/1759/1759 1623/1782/1782 1628/1781/1781
f 1628/1781/1781 1623/1782/1782 1737/1773/1773
f 1628/1781/1781 1737/1773/1773 1744/1774/1774
f 1744/1774/1774 1737/1773/1773 1820/1807/1807
f 1744/1774/1774 1820/1807/1807 1827/1806/1806
f 1429/1725/1725 1436/1726/1726 1368/1749/1749
f 1368/1749/1749 1436/1726/1726 1376/1748/1748
f 1368/1749/1749 1376/1748/1748 1269/1699/1699
f 1376/1748/1748 1436/1726/1726 1440/1727/1727
f 1440/1727/1727 1436/1726/1726 1509/1754/1754
f 1440/1727/1727 1509/1754/1754 1520/1755/1755
f 1520/1755/1755 1509/1754/1754 1596/1786/1786
f 1520/1755/1755 1596/1786/1786 1602/1785/1785
f 1602/1785/1785 1596/1786/1786 1693/1769/1769
f 1602/1785/1785 1693/1769/1769 1708/1770/1770
f 1708/1770/1770 1693/1769/1769 1789/1811/1811
f 1708/1770/1770 1789/1811/1811 1793/1810/1810
f 1509/1754/1754 1436/1726/1726 1504/1753/1753
f 1504/1753/1753 1436/1726/1726 1429/1725/1725
f 1596/1786/1786 1509/1754/1754 1583/1787/1787
f 1583/1787/1787 1509/1754/1754 1504/1753/1753
f 1621/1149/1149 1637/1765/1765 1566/1147/1147
f 1566/1147/1147 1637/1765/1765 1572/1789/1789
f 1566/1147/1147 1572/1789/1789 1493/1751/1751
f 1572/1789/1789 1637/1765/1765 1653/1766/1766
f 1653/1766/1766 1637/1765/1765 1736/1815/1815
f 1653/1766/1766 1736/1815/1815 1747/1814/1814
f 1705/1817/1817 1726/1816/1816 1621/1149/1149
f 1621/1149/1149 1726/1816/1816 1637/1765/1765
f 1726/1816/1816 1736/1815/1815 1637/1765/1765
f 1596/1786/1786 1583/1787/1787 1678/1768/1768
f 1596/1786/1786 1678/1768/1768 1693/1769/1769
f 1693/1769/1769 1678/1768/1768 1779/1812/1812
f 1693/1769/1769 1779/1812/1812 1789/1811/1811
f 1842/1819/1819 1828/1818/1818 1896/1856/1856
f 1896/1856/1856 1828/1818/1818 1876/1151/1151
f 1896/1856/1856 1876/1151/1151 1951/1831/1831
f 1853/1820/1820 1842/1819/1819 1911/1855/1855
f 1911/1855/1855 1842/1819/1819 1896/1856/1856
f 1911/1855/1855 1896/1856/1856 1979/1832/1832
f 1979/1832/1832 1896/1856/1856 1951/1831/1831
f 1979/1832/1832 1951/1831/1831 2036/1882/1882
f 1920/1824/1824 2021/1850/1850 1938/1825/1825
f 1938/1825/1825 2021/1850/1850 2032/1849/1849
f 1938/1825/1825 2032/1849/1849 1947/1826/1826
f 1947/1826/1826 2032/1849/1849 2046/1848/1848
f 1947/1826/1826 2046/1848/1848 1965/1827/1827
f 1965/1827/1827 2046/1848/1848 2050/1847/1847
f 2064/1844/1844 1999/1150/1150 1997/1830/1830
f 1979/1832/1832 2001/1833/1833 1911/1855/1855
f 1911/1855/1855 2001/1833/1833 1931/1854/1854
f 1911/1855/1855 1931/1854/1854 1853/1820/1820
f 1931/1854/1854 2001/1833/1833 2027/1834/1834
f 2027/1834/1834 2001/1833/1833 2072/1880/1880
f 2027/1834/1834 2072/1880/1880 2094/1879/1879
f 2094/1879/1879 2072/1880/1880 2142/1862/1862
f 2094/1879/1879 2142/1862/1862 2165/1863/1863
f 2165/1863/1863 2142/1862/1862 2208/1891/1891
f 2165/1863/1863 2208/1891/1891 2228/1892/1892
f 2228/1892/1892 2208/1891/1891 2261/1917/1917
f 2228/1892/1892 2261/1917/1917 2280/1916/1916
f 2280/1916/1916 2261/1917/1917 2310/1905/1905
f 2280/1916/1916 2310/1905/1905 2325/1906/1906
f 2325/1906/1906 2310/1905/1905 2347/1941/1941
f 2325/1906/1906 2347/1941/1941 2360/1940/1940
f 2360/1940/1940 2347/1941/1941 2376/1934/1934
f 2360/1940/1940 2376/1934/1934 2385/1935/1935
f 2385/1935/1935 2376/1934/1934 2396/1962/1962
f 2385/1935/1935 2396/1962/1962 2400/1963/1963
f 2400/1963/1963 2396/1962/1962 2404/1978/1978
f 2400/1963/1963 2404/1978/1978 2405/1977/1977
f 2405/1977/1977 2404/1978/1978 2399/1976/1976
f 2001/1833/1833 1979/1832/1832 2049/1881/1881
f 2049/1881/1881 1979/1832/1832 2036/1882/1882
f 2049/1881/1881 2036/1882/1882 2088/1860/1860
f 2032/1849/1849 2021/1850/1850 2086/1838/1838
f 2046/1848/1848 2032/1849/1849 2099/1839/1839
f 2099/1839/1839 2032/1849/1849 2086/1838/1838
f 2099/1839/1839 2086/1838/1838 2156/1875/1875
f 2050/1847/1847 2046/1848/1848 2113/1840/1840
f 2113/1840/1840 2046/1848/1848 2099/1839/1839
f 2113/1840/1840 2099/1839/1839 2173/1874/1874
f 2173/1874/1874 2099/1839/1839 2156/1875/1875
f 2173/1874/1874 2156/1875/1875 2225/1867/1867
f 2050/1847/1847 2113/1840/1840 2119/1841/1841
f 2119/1841/1841 2113/1840/1840 2180/1873/1873
f 2119/1841/1841 2180/1873/1873 2187/1872/1872
f 2187/1872/1872 2180/1873/1873 2243/1869/1869
f 2187/1872/1872 2243/1869/1869 2248/1870/1870
f 2248/1870/1870 2243/1869/1869 2287/1153/1153
f 2180/1873/1873 2113/1840/1840 2173/1874/1874
f 2088/1860/1860 2118/1861/1861 2049/1881/1881
f 2049/1881/1881 2118/1861/1861 2072/1880/1880
f 2049/1881/1881 2072/1880/1880 2001/1833/1833
f 2072/1880/1880 2118/1861/1861 2142/1862/1862
f 2142/1862/1862 2118/1861/1861 2189/1890/1890
f 2142/1862/1862 2189/1890/1890 2208/1891/1891
f 2208/1891/1891 2189/1890/1890 2251/1918/1918
f 2208/1891/1891 2251/1918/1918 2261/1917/1917
f 2261/1917/1917 2251/1918/1918 2292/1904/1904
f 2261/1917/1917 2292/1904/1904 2310/1905/1905
f 2310/1905/1905 2292/1904/1904 2332/1942/1942
f 2310/1905/1905 2332/1942/1942 2347/1941/1941
f 2347/1941/1941 2332/1942/1942 2363/1933/1933
f 2347/1941/1941 2363/1933/1933 2376/1934/1934
f 2376/1934/1934 2363/1933/1933 2384/1961/1961
f 2376/1934/1934 2384/1961/1961 2396/1962/1962
f 2396/1962/1962 2384/1961/1961 2397/1979/1979
f 2396/1962/1962 2397/1979/1979 2404/1978/1978
f 2404/1978/1978 2397/1979/1979 2398/1975/1975
f 2404/1978/1978 2398/1975/1975 2399/1976/1976
f 2399/1976/1976 2398/1975/1975 2388/1159/1159
f 2189/1890/1890 2118/1861/1861 2159/1889/1889
f 2159/1889/1889 2118/1861/1861 2088/1860/1860
f 2180/1873/1873 2173/1874/1874 2234/1868/1868
f 2234/1868/1868 2173/1874/1874 2225/1867/1867
f 2234/1868/1868 2225/1867/1867 2279/1896/1896
f 2180/1873/1873 2234/1868/1868 2243/1869/1869
f 2243/1869/1869 2234/1868/1868 2285/1897/1897
f 2243/1869/1869 2285/1897/1897 2287/1153/1153
f 2287/1153/1153 2285/1897/1897 2324/1911/1911
f 2285/1897/1897 2234/1868/1868 2279/1896/1896
f 2251/1918/1918 2189/1890/1890 2226/1919/1919
f 2226/1919/1919 2189/1890/1890 2159/1889/1889
f 2324/1911/1911 2285/1897/1897 2322/1912/1912
f 2322/1912/1912 2285/1897/1897 2279/1896/1896
f 2117/1156/1156 2146/1898/1898 2090/1154/1154
f 2090/1154/1154 2146/1898/1898 2120/1923/1923
f 2090/1154/1154 2120/1923/1923 2066/1885/1885
f 2120/1923/1923 2146/1898/1898 2174/1899/1899
f 2174/1899/1899 2146/1898/1898 2196/1948/1948
f 2174/1899/1899 2196/1948/1948 2216/1947/1947
f 2216/1947/1947 2196/1948/1948 2232/1927/1927
f 2216/1947/1947 2232/1927/1927 2264/1928/1928
f 2264/1928/1928 2232/1927/1927 2274/1955/1955
f 2264/1928/1928 2274/1955/1955 2300/1956/1956
f 2300/1956/1956 2274/1955/1955 2303/1985/1985
f 2300/1956/1956 2303/1985/1985 2321/1984/1984
f 2321/1984/1984 2303/1985/1985 2318/1969/1969
f 2321/1984/1984 2318/1969/1969 2336/1970/1970
f 2336/1970/1970 2318/1969/1969 2326/2009/2009
f 2336/1970/1970 2326/2009/2009 2344/2008/2008
f 2344/2008/2008 2326/2009/2009 2323/1998/1998
f 2344/2008/2008 2323/1998/1998 2339/1999/1999
f 2339/1999/1999 2323/1998/1998 2313/2026/2026
f 2339/1999/1999 2313/2026/2026 2327/2027/2027
f 2327/2027/2027 2313/2026/2026 2293/2047/2047
f 2327/2027/2027 2293/2047/2047 2305/2046/2046
f 2305/2046/2046 2293/2047/2047 2260/2041/2041
f 2305/2046/2046 2260/2041/2041 2266/2042/2042
f 2266/2042/2042 2260/2041/2041 2222/2071/2071
f 2266/2042/2042 2222/2071/2071 2223/1162/1162
f 2223/1162/1162 2222/2071/2071 2166/2070/2070
f 2146/1898/1898 2117/1156/1156 2171/1949/1949
f 2171/1949/1949 2117/1156/1156 2137/1950/1950
f 2171/1949/1949 2137/1950/1950 2183/1925/1925
f 2251/1918/1918 2226/1919/1919 2276/1903/1903
f 2251/1918/1918 2276/1903/1903 2292/1904/1904
f 2292/1904/1904 2276/1903/1903 2314/1943/1943
f 2292/1904/1904 2314/1943/1943 2332/1942/1942
f 2332/1942/1942 2314/1943/1943 2348/1932/1932
f 2332/1942/1942 2348/1932/1932 2363/1933/1933
f 2363/1933/1933 2348/1932/1932 2372/1960/1960
f 2363/1933/1933 2372/1960/1960 2384/1961/1961
f 2384/1961/1961 2372/1960/1960 2387/1980/1980
f 2384/1961/1961 2387/1980/1980 2397/1979/1979
f 2397/1979/1979 2387/1980/1980 2390/1974/1974
f 2397/1979/1979 2390/1974/1974 2398/1975/1975
f 2398/1975/1975 2390/1974/1974 2386/2004/2004
f 2398/1975/1975 2386/2004/2004 2388/1159/1159
f 2388/1159/1159 2386/2004/2004 2369/2003/2003
f 2324/1911/1911 2322/1912/1912 2355/1910/1910
f 2183/1925/1925 2210/1926/1926 2171/1949/1949
f 2171/1949/1949 2210/1926/1926 2196/1948/1948
f 2171/1949/1949 2196/1948/1948 2146/1898/1898
f 2196/1948/1948 2210/1926/1926 2232/1927/1927
f 2232/1927/1927 2210/1926/1926 2239/1954/1954
f 2232/1927/1927 2239/1954/1954 2274/1955/1955
f 2274/1955/1955 2239/1954/1954 2277/1986/1986
f 2274/1955/1955 2277/1986/1986 2303/1985/1985
f 2303/1985/1985 2277/1986/1986 2298/1968/1968
f 2303/1985/1985 2298/1968/1968 2318/1969/1969
f 2318/1969/1969 2298/1968/1968 2306/2010/2010
f 2318/1969/1969 2306/2010/2010 2326/2009/2009
f 2326/2009/2009 2306/2010/2010 2307/1997/1997
f 2326/2009/2009 2307/1997/1997 2323/1998/1998
f 2323/1998/1998 2307/1997/1997 2299/2025/2025
f 2323/1998/1998 2299/2025/2025 2313/2026/2026
f 2313/2026/2026 2299/2025/2025 2281/2048/2048
f 2313/2026/2026 2281/2048/2048 2293/2047/2047
f 2293/2047/2047 2281/2048/2048 2254/2040/2040
f 2293/2047/2047 2254/2040/2040 2260/2041/2041
f 2260/2041/2041 2254/2040/2040 2214/2072/2072
f 2260/2041/2041 2214/2072/2072 2222/2071/2071
f 2222/2071/2071 2214/2072/2072 2162/2069/2069
f 2222/2071/2071 2162/2069/2069 2166/2070/2070
f 2166/2070/2070 2162/2069/2069 2100/2097/2097
f 2239/1954/1954 2210/1926/1926 2218/1953/1953
f 2218/1953/1953 2210/1926/1926 2183/1925/1925
f 2277/1986/1986 2239/1954/1954 2242/1987/1987
f 2242/1987/1987 2239/1954/1954 2218/1953/1953
f 2155/1160/1160 2190/1964/1964 2164/1158/1158
f 2164/1158/1158 2190/1964/1964 2197/1989/1989
f 2164/1158/1158 2197/1989/1989 2160/1951/1951
f 2197/1989/1989 2190/1964/1964 2215/1965/1965
f 2215/1965/1965 2190/1964/1964 2203/2014/2014
f 2215/1965/1965 2203/2014/2014 2224/2013/2013
f 2224/2013/2013 2203/2014/2014 2206/1993/1993
f 2224/2013/2013 2206/1993/1993 2244/1994/1994
f 2244/1994/1994 2206/1993/1993 2217/2021/2021
f 2244/1994/1994 2217/2021/2021 2250/2022/2022
f 2250/2022/2022 2217/2021/2021 2212/2052/2052
f 2250/2022/2022 2212/2052/2052 2233/2051/2051
f 2233/2051/2051 2212/2052/2052 2192/2036/2036
f 2233/2051/2051 2192/2036/2036 2211/2037/2037
f 2211/2037/2037 2192/2036/2036 2161/2076/2076
f 2211/2037/2037 2161/2076/2076 2178/2075/2075
f 2178/2075/2075 2161/2076/2076 2121/2065/2065
f 2178/2075/2075 2121/2065/2065 2134/2066/2066
f 2134/2066/2066 2121/2065/2065 2077/2093/2093
f 2134/2066/2066 2077/2093/2093 2085/2094/2094
f 2190/1964/1964 2155/1160/1160 2179/2015/2015
f 2179/2015/2015 2155/1160/1160 2148/2016/2016
f 2179/2015/2015 2148/2016/2016 2157/1991/1991
f 2277/1986/1986 2242/1987/1987 2268/1967/1967
f 2277/1986/1986 2268/1967/1967 2298/1968/1968
f 2298/1968/1968 2268/1967/1967 2286/2011/2011
f 2298/1968/1968 2286/2011/2011 2306/2010/2010
f 2306/2010/2010 2286/2011/2011 2288/1996/1996
f 2306/2010/2010 2288/1996/1996 2307/1997/1997
f 2307/1997/1997 2288/1996/1996 2282/2024/2024
f 2307/1997/1997 2282/2024/2024 2299/2025/2025
f 2299/2025/2025 2282/2024/2024 2265/2049/2049
f 2299/2025/2025 2265/2049/2049 2281/2048/2048
f 2281/2048/2048 2265/2049/2049 2245/2039/2039
f 2281/2048/2048 2245/2039/2039 2254/2040/2040
f 2254/2040/2040 2245/2039/2039 2205/2073/2073
f 2254/2040/2040 2205/2073/2073 2214/2072/2072
f 2214/2072/2072 2205/2073/2073 2154/2068/2068
f 2214/2072/2072 2154/2068/2068 2162/2069/2069
f 2162/2069/2069 2154/2068/2068 2098/2096/2096
f 2162/2069/2069 2098/2096/2096 2100/2097/2097
f 2157/1991/1991 2185/1992/1992 2179/2015/2015
f 2179/2015/2015 2185/1992/1992 2203/2014/2014
f 2179/2015/2015 2203/2014/2014 2190/1964/1964
f 2203/2014/2014 2185/1992/1992 2206/1993/1993
f 2206/1993/1993 2185/1992/1992 2182/2020/2020
f 2206/1993/1993 2182/2020/2020 2217/2021/2021
f 2217/2021/2021 2182/2020/2020 2184/2053/2053
f 2217/2021/2021 2184/2053/2053 2212/2052/2052
f 2212/2052/2052 2184/2053/2053 2175/2035/2035
f 2212/2052/2052 2175/2035/2035 2192/2036/2036
f 2192/2036/2036 2175/2035/2035 2141/2077/2077
f 2192/2036/2036 2141/2077/2077 2161/2076/2076
f 2161/2076/2076 2141/2077/2077 2105/2064/2064
f 2161/2076/2076 2105/2064/2064 2121/2065/2065
f 2121/2065/2065 2105/2064/2064 2069/2092/2092
f 2121/2065/2065 2069/2092/2092 2077/2093/2093
f 2182/2020/2020 2185/1992/1992 2158/2019/2019
f 2158/2019/2019 2185/1992/1992 2157/1991/1991
f 2184/2053/2053 2182/2020/2020 2149/2054/2054
f 2149/2054/2054 2182/2020/2020 2158/2019/2019
f 2051/1163/1163 2075/2031/2031 2080/1161/1161
f 2080/1161/1161 2075/2031/2031 2106/2056/2056
f 2080/1161/1161 2106/2056/2056 2109/2017/2017
f 2106/2056/2056 2075/2031/2031 2093/2032/2032
f 2093/2032/2032 2075/2031/2031 2057/2081/2081
f 2093/2032/2032 2057/2081/2081 2071/2080/2080
f 2071/2080/2080 2057/2081/2081 2031/2060/2060
f 2071/2080/2080 2031/2060/2060 2055/2061/2061
f 2055/2061/2061 2031/2060/2060 2006/2088/2088
f 2055/2061/2061 2006/2088/2088 2025/2089/2089
f 2075/2031/2031 2051/1163/1163 2043/2082/2082
f 2043/2082/2082 2051/1163/1163 2016/2083/2083
f 2043/2082/2082 2016/2083/2083 1996/2058/2058
f 2184/2053/2053 2149/2054/2054 2143/2034/2034
f 2184/2053/2053 2143/2034/2034 2175/2035/2035
f 2175/2035/2035 2143/2034/2034 2126/2078/2078
f 2175/2035/2035 2126/2078/2078 2141/2077/2077
f 2141/2077/2077 2126/2078/2078 2089/2063/2063
f 2141/2077/2077 2089/2063/2063 2105/2064/2064
f 2105/2064/2064 2089/2063/2063 2052/2091/2091
f 2105/2064/2064 2052/2091/2091 2069/2092/2092
f 1996/2058/2058 2014/2059/2059 2043/2082/2082
f 2043/2082/2082 2014/2059/2059 2057/2081/2081
f 2043/2082/2082 2057/2081/2081 2075/2031/2031
f 2057/2081/2081 2014/2059/2059 2031/2060/2060
f 2031/2060/2060 2014/2059/2059 1974/2087/2087
f 2031/2060/2060 1974/2087/2087 2006/2088/2088
f 1974/2087/2087 2014/2059/2059 1946/2086/2086
f 1946/2086/2086 2014/2059/2059 1996/2058/2058
f 1869/2122/2122 1851/1165/1165 1821/2098/2098
f 1821/2098/2098 1851/1165/1165 1803/1167/1167
f 1821/2098/2098 1803/1167/1167 1765/2148/2148
f 1891/2121/2121 1869/2122/2122 1835/2099/2099
f 1835/2099/2099 1869/2122/2122 1821/2098/2098
f 1835/2099/2099 1821/2098/2098 1776/2147/2147
f 1776/2147/2147 1821/2098/2098 1765/2148/2148
f 1776/2147/2147 1765/2148/2148 1704/2125/2125
f 1904/2120/2120 1891/2121/2121 1846/2100/2100
f 1846/2100/2100 1891/2121/2121 1835/2099/2099
f 1846/2100/2100 1835/2099/2099 1785/2146/2146
f 1785/2146/2146 1835/2099/2099 1776/2147/2147
f 1785/2146/2146 1776/2147/2147 1721/2126/2126
f 1721/2126/2126 1776/2147/2147 1704/2125/2125
f 1721/2126/2126 1704/2125/2125 1618/2174/2174
f 1932/2119/2119 1904/2120/2120 1856/2101/2101
f 1856/2101/2101 1904/2120/2120 1846/2100/2100
f 1856/2101/2101 1846/2100/2100 1800/2145/2145
f 1800/2145/2145 1846/2100/2100 1785/2146/2146
f 1800/2145/2145 1785/2146/2146 1735/2127/2127
f 1735/2127/2127 1785/2146/2146 1721/2126/2126
f 1735/2127/2127 1721/2126/2126 1625/2173/2173
f 1625/2173/2173 1721/2126/2126 1618/2174/2174
f 1625/2173/2173 1618/2174/2174 1541/2152/2152
f 1948/2118/2118 1932/2119/2119 1884/2102/2102
f 1884/2102/2102 1932/2119/2119 1856/2101/2101
f 1884/2102/2102 1856/2101/2101 1817/2144/2144
f 1817/2144/2144 1856/2101/2101 1800/2145/2145
f 1817/2144/2144 1800/2145/2145 1751/2128/2128
f 1751/2128/2128 1800/2145/2145 1735/2127/2127
f 1751/2128/2128 1735/2127/2127 1645/2172/2172
f 1645/2172/2172 1735/2127/2127 1625/2173/2173
f 1645/2172/2172 1625/2173/2173 1551/2153/2153
f 1551/2153/2153 1625/2173/2173 1541/2152/2152
f 1551/2153/2153 1541/2152/2152 1486/2179/2179
f 1975/2117/2117 1948/2118/2118 1895/2103/2103
f 1895/2103/2103 1948/2118/2118 1884/2102/2102
f 1895/2103/2103 1884/2102/2102 1830/2143/2143
f 1830/2143/2143 1884/2102/2102 1817/2144/2144
f 1830/2143/2143 1817/2144/2144 1764/2129/2129
f 1764/2129/2129 1817/2144/2144 1751/2128/2128
f 1764/2129/2129 1751/2128/2128 1661/2171/2171
f 1661/2171/2171 1751/2128/2128 1645/2172/2172
f 1661/2171/2171 1645/2172/2172 1569/2154/2154
f 1569/2154/2154 1645/2172/2172 1551/2153/2153
f 1569/2154/2154 1551/2153/2153 1490/2180/2180
f 1490/2180/2180 1551/2153/2153 1486/2179/2179
f 1490/2180/2180 1486/2179/2179 1414/2213/2213
f 1994/2116/2116 1975/2117/2117 1907/2104/2104
f 1907/2104/2104 1975/2117/2117 1895/2103/2103
f 1907/2104/2104 1895/2103/2103 1840/2142/2142
f 1840/2142/2142 1895/2103/2103 1830/2143/2143
f 1840/2142/2142 1830/2143/2143 1772/2130/2130
f 1772/2130/2130 1830/2143/2143 1764/2129/2129
f 1772/2130/2130 1764/2129/2129 1672/2170/2170
f 1672/2170/2170 1764/2129/2129 1661/2171/2171
f 1672/2170/2170 1661/2171/2171 1574/2155/2155
f 1574/2155/2155 1661/2171/2171 1569/2154/2154
f 1574/2155/2155 1569/2154/2154 1497/2181/2181
f 1497/2181/2181 1569/2154/2154 1490/2180/2180
f 1497/2181/2181 1490/2180/2180 1419/2212/2212
f 1419/2212/2212 1490/2180/2180 1414/2213/2213
f 1419/2212/2212 1414/2213/2213 1343/2195/2195
f 2008/2115/2115 1994/2116/2116 1915/2105/2105
f 1915/2105/2105 1994/2116/2116 1907/2104/2104
f 1915/2105/2105 1907/2104/2104 1848/2141/2141
f 1848/2141/2141 1907/2104/2104 1840/2142/2142
f 1848/2141/2141 1840/2142/2142 1778/2131/2131
f 1778/2131/2131 1840/2142/2142 1772/2130/2130
f 1778/2131/2131 1772/2130/2130 1677/2169/2169
f 1677/2169/2169 1772/2130/2130 1672/2170/2170
f 1677/2169/2169 1672/2170/2170 1581/2156/2156
f 1581/2156/2156 1672/2170/2170 1574/2155/2155
f 1581/2156/2156 1574/2155/2155 1501/2182/2182
f 1501/2182/2182 1574/2155/2155 1497/2181/2181
f 1501/2182/2182 1497/2181/2181 1425/2211/2211
f 1425/2211/2211 1497/2181/2181 1419/2212/2212
f 1425/2211/2211 1419/2212/2212 1346/2196/2196
f 1346/2196/2196 1419/2212/2212 1343/2195/2195
f 2017/2114/2114 2008/2115/2115 1934/2106/2106
f 1934/2106/2106 2008/2115/2115 1915/2105/2105
f 1934/2106/2106 1915/2105/2105 1852/2140/2140
f 1852/2140/2140 1915/2105/2105 1848/2141/2141
f 1852/2140/2140 1848/2141/2141 1784/2132/2132
f 1784/2132/2132 1848/2141/2141 1778/2131/2131
f 1784/2132/2132 1778/2131/2131 1685/2168/2168
f 1685/2168/2168 1778/2131/2131 1677/2169/2169
f 1685/2168/2168 1677/2169/2169 1593/2157/2157
f 1593/2157/2157 1677/2169/2169 1581/2156/2156
f 1593/2157/2157 1581/2156/2156 1505/2183/2183
f 1505/2183/2183 1581/2156/2156 1501/2182/2182
f 1505/2183/2183 1501/2182/2182 1427/2210/2210
f 1427/2210/2210 1501/2182/2182 1425/2211/2211
f 1427/2210/2210 1425/2211/2211 1350/2197/2197
f 1350/2197/2197 1425/2211/2211 1346/2196/2196
f 2017/2114/2114 1934/2106/2106 1939/2107/2107
f 1939/2107/2107 1934/2106/2106 1855/2139/2139
f 1939/2107/2107 1855/2139/2139 1862/2138/2138
f 1862/2138/2138 1855/2139/2139 1792/2134/2134
f 1862/2138/2138 1792/2134/2134 1794/2135/2135
f 1794/2135/2135 1792/2134/2134 1709/2165/2165
f 1794/2135/2135 1709/2165/2165 1715/2164/2164
f 1715/2164/2164 1709/2165/2165 1604/2161/2161
f 1715/2164/2164 1604/2161/2161 1606/2162/2162
f 1606/2162/2162 1604/2161/2161 1521/2188/2188
f 1606/2162/2162 1521/2188/2188 1522/2189/2189
f 1522/2189/2189 1521/2188/2188 1439/2204/2204
f 1855/2139/2139 1934/2106/2106 1852/2140/2140
f 2035/2112/2112 2026/2113/2113 1945/2108/2108
f 2041/2111/2111 2035/2112/2112 1952/2109/2109
f 1952/2109/2109 2035/2112/2112 1945/2108/2108
f 1952/2109/2109 1945/2108/2108 1866/2137/2137
f 2042/1164/1164 2041/2111/2111 1953/2110/2110
f 1953/2110/2110 2041/2111/2111 1952/2109/2109
f 1953/2110/2110 1952/2109/2109 1868/1166/1166
f 1868/1166/1166 1952/2109/2109 1866/2137/2137
f 1868/1166/1166 1866/2137/2137 1795/2136/2136
f 1855/2139/2139 1852/2140/2140 1790/2133/2133
f 1790/2133/2133 1852/2140/2140 1784/2132/2132
f 1790/2133/2133 1784/2132/2132 1691/2167/2167
f 1691/2167/2167 1784/2132/2132 1685/2168/2168
f 1691/2167/2167 1685/2168/2168 1594/2158/2158
f 1594/2158/2158 1685/2168/2168 1593/2157/2157
f 1594/2158/2158 1593/2157/2157 1507/2184/2184
f 1507/2184/2184 1593/2157/2157 1505/2183/2183
f 1507/2184/2184 1505/2183/2183 1428/2209/2209
f 1428/2209/2209 1505/2183/2183 1427/2210/2210
f 1428/2209/2209 1427/2210/2210 1351/2198/2198
f 1351/2198/2198 1427/2210/2210 1350/2197/2197
f 1855/2139/2139 1790/2133/2133 1792/2134/2134
f 1792/2134/2134 1790/2133/2133 1701/2166/2166
f 1792/2134/2134 1701/2166/2166 1709/2165/2165
f 1709/2165/2165 1701/2166/2166 1601/2160/2160
f 1709/2165/2165 1601/2160/2160 1604/2161/2161
f 1604/2161/2161 1601/2160/2160 1519/2187/2187
f 1604/2161/2161 1519/2187/2187 1521/2188/2188
f 1521/2188/2188 1519/2187/2187 1438/2205/2205
f 1521/2188/2188 1438/2205/2205 1439/2204/2204
f 1439/2204/2204 1438/2205/2205 1358/2203/2203
f 1701/2166/2166 1790/2133/2133 1691/2167/2167
f 1701/2166/2166 1691/2167/2167 1599/2159/2159
f 1599/2159/2159 1691/2167/2167 1594/2158/2158
f 1599/2159/2159 1594/2158/2158 1514/2185/2185
f 1514/2185/2185 1594/2158/2158 1507/2184/2184
f 1514/2185/2185 1507/2184/2184 1430/2208/2208
f 1430/2208/2208 1507/2184/2184 1428/2209/2209
f 1430/2208/2208 1428/2209/2209 1352/2199/2199
f 1352/2199/2199 1428/2209/2209 1351/2198/2198
f 1701/2166/2166 1599/2159/2159 1601/2160/2160
f 1601/2160/2160 1599/2159/2159 1516/2186/2186
f 1601/2160/2160 1516/2186/2186 1519/2187/2187
f 1519/2187/2187 1516/2186/2186 1435/2206/2206
f 1519/2187/2187 1435/2206/2206 1438/2205/2205
f 1438/2205/2205 1435/2206/2206 1357/2202/2202
f 1438/2205/2205 1357/2202/2202 1358/2203/2203
f 1516/2186/2186 1599/2159/2159 1514/2185/2185
f 1531/2150/2150 1473/1169/1169 1481/2177/2177
f 1481/2177/2177 1473/1169/1169 1409/2216/2216
f 1481/2177/2177 1409/2216/2216 1410/2215/2215
f 1410/2215/2215 1409/2216/2216 1339/2192/2192
f 1410/2215/2215 1339/2192/2192 1340/2193/2193
f 1516/2186/2186 1514/2185/2185 1434/2207/2207
f 1434/2207/2207 1514/2185/2185 1430/2208/2208
f 1434/2207/2207 1430/2208/2208 1353/2200/2200
f 1353/2200/2200 1430/2208/2208 1352/2199/2199
f 1406/2217/2217 1335/2191/2191 1409/2216/2216
f 1409/2216/2216 1335/2191/2191 1339/2192/2192
f 1353/2200/2200 1354/2201/2201 1434/2207/2207
f 1434/2207/2207 1354/2201/2201 1435/2206/2206
f 1434/2207/2207 1435/2206/2206 1516/2186/2186
f 1354/2201/2201 1357/2202/2202 1435/2206/2206
f 1473/1169/1169 1406/2217/2217 1409/2216/2216
f 1405/2219/2219 1404/2323/2323 1216/2218/2218
f 1216/2218/2218 1404/2323/2323 1215/2271/2271
f 1216/2218/2218 1215/2271/2271 1053/2270/2270
f 1053/2270/2270 1215/2271/2271 1052/2272/2272
f 1053/2270/2270 1052/2272/2272 932/2273/2273
f 1405/2219/2219 1513/2220/2220 1404/2323/2323
f 1404/2323/2323 1513/2220/2220 1512/2322/2322
f 1512/2322/2322 1513/2220/2220 1643/2221/2221
f 1512/2322/2322 1643/2221/2221 1642/2321/2321
f 1642/2321/2321 1643/2221/2221 1783/2222/2222
f 1642/2321/2321 1783/2222/2222 1782/2320/2320
f 1782/2320/2320 1783/2222/2222 1893/2223/2223
f 1782/2320/2320 1893/2223/2223 1892/2319/2319
f 1892/2319/2319 1893/2223/2223 2020/2224/2224
f 1892/2319/2319 2020/2224/2224 2019/2318/2318
f 2019/2318/2318 2020/2224/2224 2112/2225/2225
f 2019/2318/2318 2112/2225/2225 2111/2317/2317
f 2111/2317/2317 2112/2225/2225 2202/2226/2226
f 2111/2317/2317 2202/2226/2226 2201/2316/2316
f 2201/2316/2316 2202/2226/2226 2273/2227/2227
f 2201/2316/2316 2273/2227/2227 2272/2315/2315
f 2272/2315/2315 2273/2227/2227 2330/2228/2228
f 2272/2315/2315 2330/2228/2228 2329/2314/2314
f 2329/2314/2314 2330/2228/2228 2367/2229/2229
f 2329/2314/2314 2367/2229/2229 2366/2313/2313
f 2366/2313/2313 2367/2229/2229 2394/2230/2230
f 2366/2313/2313 2394/2230/2230 2393/2312/2312
f 2393/2312/2312 2394/2230/2230 2407/2231/2231
f 2393/2312/2312 2407/2231/2231 2406/2311/2311
f 2406/2311/2311 2407/2231/2231 2402/2232/2232
f 2406/2311/2311 2402/2232/2232 2401/2310/2310
f 2401/2310/2310 2402/2232/2232 2382/2233/2233
f 2401/2310/2310 2382/2233/2233 2381/2309/2309
f 2381/2309/2309 2382/2233/2233 2350/2234/2234
f 2381/2309/2309 2350/2234/2234 2349/2308/2308
f 2349/2308/2308 2350/2234/2234 2302/2235/2235
f 2349/2308/2308 2302/2235/2235 2301/2307/2307
f 2301/2307/2307 2302/2235/2235 2241/2236/2236
f 2301/2307/2307 2241/2236/2236 2240/2306/2306
f 2240/2306/2306 2241/2236/2236 2153/2237/2237
f 2240/2306/2306 2153/2237/2237 2152/2305/2305
f 2152/2305/2305 2153/2237/2237 2068/2238/2238
f 2152/2305/2305 2068/2238/2238 2067/2304/2304
f 2067/2304/2304 2068/2238/2238 1950/2239/2239
f 2067/2304/2304 1950/2239/2239 1949/2303/2303
f 1949/2303/2303 1950/2239/2239 1839/2240/2240
f 1949/2303/2303 1839/2240/2240 1838/2302/2302
f 1838/2302/2302 1839/2240/2240 1725/2241/2241
f 1838/2302/2302 1725/2241/2241 1724/2301/2301
f 1724/2301/2301 1725/2241/2241 1576/2242/2242
f 1724/2301/2301 1576/2242/2242 1575/2300/2300
f 1575/2300/2300 1576/2242/2242 1448/2243/2243
f 1575/2300/2300 1448/2243/2243 1447/2299/2299
f 1447/2299/2299 1448/2243/2243 1331/2244/2244
f 1447/2299/2299 1331/2244/2244 1330/2298/2298
f 1330/2298/2298 1331/2244/2244 1119/2324/2324
f 1330/2298/2298 1119/2325/2325 1118/2297/2297
f 1118/2326/2326 1119/2245/2245 1005/2246/2246
f 1118/2327/2327 1005/2246/2246 1004/2296/2296
f 1004/2296/2296 1005/2246/2246 866/2247/2247
f 1004/2296/2296 866/2247/2247 865/2295/2295
f 865/2295/2295 866/2247/2247 722/2248/2248
f 865/2295/2295 722/2248/2248 721/2294/2294
f 721/2294/2294 722/2248/2248 604/2249/2249
f 721/2294/2294 604/2249/2249 603/2293/2293
f 603/2293/2293 604/2249/2249 489/2250/2250
f 603/2293/2293 489/2250/2250 488/2292/2292
f 488/2292/2292 489/2250/2250 370/2251/2251
f 488/2292/2292 370/2251/2251 369/2291/2291
f 369/2291/2291 370/2251/2251 274/2252/2252
f 369/2291/2291 274/2252/2252 273/2290/2290
f 273/2290/2290 274/2252/2252 180/2253/2253
f 273/2290/2290 180/2253/2253 179/2289/2289
f 179/2289/2289 180/2253/2253 115/2254/2254
f 179/2289/2289 115/2254/2254 114/2288/2288
f 114/2288/2288 115/2254/2254 64/2255/2255
f 114/2288/2288 64/2255/2255 63/2287/2287
f 63/2287/2287 64/2255/2255 29/2256/2256
f 63/2287/2287 29/2256/2256 28/2286/2286
f 28/2286/2286 29/2256/2256 8/2257/2257
f 28/2286/2286 8/2257/2257 7/2285/2285
f 7/2285/2285 8/2257/2257 2/2258/2258
f 7/2285/2285 2/2258/2258 1/2284/2284
f 1/2284/2284 2/2258/2258 17/2259/2259
f 1/2284/2284 17/2259/2259 16/2283/2283
f 16/2283/2283 17/2259/2259 43/2260/2260
f 16/2283/2283 43/2260/2260 42/2282/2282
f 42/2282/2282 43/2260/2260 85/2261/2261
f 42/2282/2282 85/2261/2261 84/2281/2281
f 84/2281/2281 85/2261/2261 147/2262/2262
f 84/2281/2281 147/2262/2262 146/2280/2280
f 146/2280/2280 147/2262/2262 224/2263/2263
f 146/2280/2280 224/2263/2263 223/2279/2279
f 223/2279/2279 224/2263/2263 323/2264/2264
f 223/2279/2279 323/2264/2264 322/2278/2278
f 322/2278/2278 323/2264/2264 417/2265/2265
f 322/2278/2278 417/2265/2265 416/2277/2277
f 416/2277/2277 417/2265/2265 546/2266/2266
f 416/2277/2277 546/2266/2266 545/2276/2276
f 545/2276/2276 546/2266/2266 658/2267/2267
f 545/2276/2276 658/2267/2267 657/2275/2275
f 657/2275/2275 658/2267/2267 805/2268/2268
f 657/2275/2275 805/2268/2268 804/2274/2274
f 804/2274/2274 805/2268/2268 933/2269/2269
f 804/2274/2274 933/2269/2269 932/2273/2273
f 932/2273/2273 933/2269/2269 1053/2270/2270
f 1379/2329/2329 1359/2440/2440 1224/2328/2328
f 1224/2328/2328 1359/2440/2440 1223/2795/2795
f 1224/2796/2796 1223/2424/2424 1091/2788/2788
f 1091/2788/2788 1223/2424/2424 1222/2425/2425
f 1091/2788/2788 1222/2425/2425 1083/2789/2789
f 1083/2789/2789 1222/2425/2425 1221/2426/2426
f 1083/2789/2789 1221/2426/2426 1073/2790/2790
f 1073/2790/2790 1221/2426/2426 1220/2427/2427
f 1073/2790/2790 1220/2427/2427 1068/2791/2791
f 1068/2791/2791 1220/2427/2427 1219/2428/2428
f 1068/2791/2791 1219/2428/2428 1063/2792/2792
f 1063/2792/2792 1219/2428/2428 1218/2429/2429
f 1063/2792/2792 1218/2429/2429 1058/2793/2793
f 1058/2793/2793 1218/2429/2429 1217/2430/2430
f 1058/2793/2793 1217/2430/2430 1055/2794/2794
f 1055/2794/2794 1217/2430/2430 1216/2371/2371
f 1055/2794/2794 1216/2371/2371 1053/2372/2372
f 1359/2440/2440 1379/2329/2329 1444/2447/2447
f 1444/2447/2447 1379/2329/2329 1477/2330/2330
f 1444/2447/2447 1477/2330/2330 1533/2454/2454
f 1533/2454/2454 1477/2330/2330 1571/2331/2331
f 1533/2454/2454 1571/2331/2331 1620/2461/2461
f 1620/2461/2461 1571/2331/2331 1674/2332/2332
f 1620/2461/2461 1674/2332/2332 1731/2468/2468
f 1731/2468/2468 1674/2332/2332 1804/2439/2439
f 1731/2468/2468 1804/2439/2439 1847/2487/2487
f 1847/2487/2487 1804/2439/2439 1916/2476/2476
f 1847/2487/2487 1916/2476/2476 1981/2477/2477
f 1981/2477/2477 1916/2476/2476 2054/2490/2490
f 1981/2477/2477 2054/2490/2490 2096/2491/2491
f 2096/2491/2491 2054/2490/2490 2168/2498/2498
f 2096/2491/2491 2168/2498/2498 2209/2499/2499
f 2209/2499/2499 2168/2498/2498 2262/2505/2505
f 2209/2499/2499 2262/2505/2505 2296/2506/2506
f 2296/2506/2506 2262/2505/2505 2335/2516/2516
f 2296/2506/2506 2335/2516/2516 2358/2515/2515
f 2358/2515/2515 2335/2516/2516 2383/2514/2514
f 2358/2515/2515 2383/2514/2514 2394/2412/2412
f 2394/2412/2412 2383/2514/2514 2407/2411/2411
f 2407/2411/2411 2383/2514/2514 2395/2528/2528
f 2407/2411/2411 2395/2528/2528 2402/2410/2410
f 2402/2410/2410 2395/2528/2528 2389/2535/2535
f 2402/2410/2410 2389/2535/2535 2382/2409/2409
f 2382/2409/2409 2389/2535/2535 2374/2541/2541
f 2382/2409/2409 2374/2541/2541 2350/2408/2408
f 2350/2408/2408 2374/2541/2541 2341/2549/2549
f 2350/2408/2408 2341/2549/2549 2302/2407/2407
f 2302/2407/2407 2341/2549/2549 2291/2548/2548
f 2302/2407/2407 2291/2548/2548 2241/2406/2406
f 2241/2406/2406 2291/2548/2548 2231/2562/2562
f 2241/2406/2406 2231/2562/2562 2153/2405/2405
f 2153/2405/2405 2231/2562/2562 2145/2569/2569
f 2153/2405/2405 2145/2569/2569 2068/2404/2404
f 2068/2404/2404 2145/2569/2569 2056/2576/2576
f 2068/2404/2404 2056/2576/2576 1950/2403/2403
f 1950/2403/2403 2056/2576/2576 1941/2583/2583
f 1950/2403/2403 1941/2583/2583 1839/2402/2402
f 1839/2402/2402 1941/2583/2583 1834/2591/2591
f 1839/2402/2402 1834/2591/2591 1725/2401/2401
f 1725/2401/2401 1834/2591/2591 1720/2590/2590
f 1725/2401/2401 1720/2590/2590 1576/2400/2400
f 1576/2400/2400 1720/2590/2590 1573/2603/2603
f 1576/2400/2400 1573/2603/2603 1448/2399/2399
f 1448/2399/2399 1573/2603/2603 1445/2610/2610
f 1448/2399/2399 1445/2610/2610 1331/2398/2398
f 1331/2398/2398 1445/2610/2610 1329/2616/2616
f 1331/2398/2398 1329/2616/2616 1119/2397/2397
f 1119/2397/2397 1329/2616/2616 1120/2624/2624
f 1119/2397/2397 1120/2624/2624 1005/2396/2396
f 1005/2396/2396 1120/2624/2624 1006/2623/2623
f 1005/2396/2396 1006/2623/2623 866/2395/2395
f 866/2395/2395 1006/2623/2623 872/2637/2637
f 866/2395/2395 872/2637/2637 722/2394/2394
f 722/2394/2394 872/2637/2637 727/2644/2644
f 722/2394/2394 727/2644/2644 604/2393/2393
f 604/2393/2393 727/2644/2644 609/2650/2650
f 604/2393/2393 609/2650/2650 489/2392/2392
f 489/2392/2392 609/2650/2650 496/2658/2658
f 489/2392/2392 496/2658/2658 370/2391/2391
f 370/2391/2391 496/2658/2658 380/2657/2657
f 370/2391/2391 380/2657/2657 274/2390/2390
f 274/2390/2390 380/2657/2657 282/2671/2671
f 274/2390/2390 282/2671/2671 180/2389/2389
f 180/2389/2389 282/2671/2671 193/2678/2678
f 180/2389/2389 193/2678/2678 115/2388/2388
f 115/2388/2388 193/2678/2678 125/2685/2685
f 115/2388/2388 125/2685/2685 64/2387/2387
f 64/2387/2387 125/2685/2685 73/2692/2692
f 64/2387/2387 73/2692/2692 29/2386/2386
f 29/2386/2386 73/2692/2692 37/2700/2700
f 29/2386/2386 37/2700/2700 8/2385/2385
f 8/2385/2385 37/2700/2700 19/2699/2699
f 8/2385/2385 19/2699/2699 2/2384/2384
f 2/2384/2384 19/2699/2699 15/2712/2712
f 2/2384/2384 15/2712/2712 17/2383/2383
f 17/2383/2383 15/2712/2712 26/2719/2719
f 17/2383/2383 26/2719/2719 43/2382/2382
f 43/2382/2382 26/2719/2719 54/2726/2726
f 43/2382/2382 54/2726/2726 85/2381/2381
f 85/2381/2381 54/2726/2726 98/2734/2734
f 85/2381/2381 98/2734/2734 147/2380/2380
f 147/2380/2380 98/2734/2734 158/2733/2733
f 147/2380/2380 158/2733/2733 224/2379/2379
f 224/2379/2379 158/2733/2733 235/2746/2746
f 224/2379/2379 235/2746/2746 323/2378/2378
f 323/2378/2378 235/2746/2746 331/2753/2753
f 323/2378/2378 331/2753/2753 417/2377/2377
f 417/2377/2377 331/2753/2753 426/2759/2759
f 417/2377/2377 426/2759/2759 546/2376/2376
f 546/2376/2376 426/2759/2759 553/2767/2767
f 546/2376/2376 553/2767/2767 658/2375/2375
f 658/2375/2375 553/2767/2767 662/2766/2766
f 658/2375/2375 662/2766/2766 805/2374/2374
f 805/2374/2374 662/2766/2766 815/2780/2780
f 805/2374/2374 815/2780/2780 933/2373/2373
f 933/2373/2373 815/2780/2780 938/2787/2787
f 933/2373/2373 938/2787/2787 1053/2372/2372
f 1053/2372/2372 938/2787/2787 1055/2794/2794
f 1674/2332/2332 1775/2333/2333 1804/2439/2439
f 1804/2439/2439 1775/2333/2333 1865/2475/2475
f 1804/2439/2439 1865/2475/2475 1916/2476/2476
f 1916/2476/2476 1865/2475/2475 2009/2489/2489
f 1916/2476/2476 2009/2489/2489 2054/2490/2490
f 2054/2490/2490 2009/2489/2489 2116/2497/2497
f 2054/2490/2490 2116/2497/2497 2168/2498/2498
f 2168/2498/2498 2116/2497/2497 2221/2504/2504
f 2168/2498/2498 2221/2504/2504 2262/2505/2505
f 2262/2505/2505 2221/2504/2504 2304/2517/2517
f 2262/2505/2505 2304/2517/2517 2335/2516/2516
f 2335/2516/2516 2304/2517/2517 2361/2513/2513
f 2335/2516/2516 2361/2513/2513 2383/2514/2514
f 2383/2514/2514 2361/2513/2513 2395/2528/2528
f 1775/2333/2333 1845/2334/2334 1865/2475/2475
f 1865/2475/2475 1845/2334/2334 1936/2488/2488
f 1865/2475/2475 1936/2488/2488 2009/2489/2489
f 2009/2489/2489 1936/2488/2488 2060/2496/2496
f 2009/2489/2489 2060/2496/2496 2116/2497/2497
f 2116/2497/2497 2060/2496/2496 2169/2503/2503
f 2116/2497/2497 2169/2503/2503 2221/2504/2504
f 2221/2504/2504 2169/2503/2503 2257/2518/2518
f 2221/2504/2504 2257/2518/2518 2304/2517/2517
f 2304/2517/2517 2257/2518/2518 2328/2512/2512
f 2304/2517/2517 2328/2512/2512 2361/2513/2513
f 2361/2513/2513 2328/2512/2512 2373/2527/2527
f 2361/2513/2513 2373/2527/2527 2395/2528/2528
f 2395/2528/2528 2373/2527/2527 2389/2535/2535
f 1845/2334/2334 1906/2335/2335 1936/2488/2488
f 1936/2488/2488 1906/2335/2335 2005/2495/2495
f 1936/2488/2488 2005/2495/2495 2060/2496/2496
f 2060/2496/2496 2005/2495/2495 2104/2502/2502
f 2060/2496/2496 2104/2502/2502 2169/2503/2503
f 2169/2503/2503 2104/2502/2502 2204/2519/2519
f 2169/2503/2503 2204/2519/2519 2257/2518/2518
f 2257/2518/2518 2204/2519/2519 2283/2511/2511
f 2257/2518/2518 2283/2511/2511 2328/2512/2512
f 2328/2512/2512 2283/2511/2511 2338/2526/2526
f 2328/2512/2512 2338/2526/2526 2373/2527/2527
f 2373/2527/2527 2338/2526/2526 2365/2534/2534
f 2373/2527/2527 2365/2534/2534 2389/2535/2535
f 2389/2535/2535 2365/2534/2534 2374/2541/2541
f 1906/2335/2335 1968/2336/2336 2005/2495/2495
f 2005/2495/2495 1968/2336/2336 2047/2438/2438
f 2005/2495/2495 2047/2438/2438 2104/2502/2502
f 2104/2502/2502 2047/2438/2438 2138/2520/2520
f 2104/2502/2502 2138/2520/2520 2204/2519/2519
f 2204/2519/2519 2138/2520/2520 2230/2510/2510
f 2204/2519/2519 2230/2510/2510 2283/2511/2511
f 2283/2511/2511 2230/2510/2510 2294/2525/2525
f 2283/2511/2511 2294/2525/2525 2338/2526/2526
f 2338/2526/2526 2294/2525/2525 2333/2533/2533
f 2338/2526/2526 2333/2533/2533 2365/2534/2534
f 2365/2534/2534 2333/2533/2533 2351/2540/2540
f 2365/2534/2534 2351/2540/2540 2374/2541/2541
f 2374/2541/2541 2351/2540/2540 2341/2549/2549
f 1968/2336/2336 2012/2337/2337 2047/2438/2438
f 2047/2438/2438 2012/2337/2337 2073/2521/2521
f 2047/2438/2438 2073/2521/2521 2138/2520/2520
f 2138/2520/2520 2073/2521/2521 2163/2509/2509
f 2138/2520/2520 2163/2509/2509 2230/2510/2510
f 2230/2510/2510 2163/2509/2509 2238/2524/2524
f 2230/2510/2510 2238/2524/2524 2294/2525/2525
f 2294/2525/2525 2238/2524/2524 2289/2532/2532
f 2294/2525/2525 2289/2532/2532 2333/2533/2533
f 2333/2533/2533 2289/2532/2532 2316/2539/2539
f 2333/2533/2533 2316/2539/2539 2351/2540/2540
f 2351/2540/2540 2316/2539/2539 2319/2550/2550
f 2351/2540/2540 2319/2550/2550 2341/2549/2549
f 2341/2549/2549 2319/2550/2550 2291/2548/2548
f 2073/2521/2521 2012/2337/2337 2091/2508/2508
f 2091/2508/2508 2012/2337/2337 2034/2338/2338
f 2091/2508/2508 2034/2338/2338 2103/2522/2522
f 2103/2522/2522 2034/2338/2338 2040/2339/2339
f 2103/2522/2522 2040/2339/2339 2097/2529/2529
f 2097/2529/2529 2040/2339/2339 2024/2340/2340
f 2097/2529/2529 2024/2340/2340 2084/2437/2437
f 2084/2437/2437 2024/2340/2340 1998/2341/2341
f 2084/2437/2437 1998/2341/2341 2061/2555/2555
f 2061/2555/2555 1998/2341/2341 2028/2542/2542
f 2061/2555/2555 2028/2542/2542 2081/2543/2543
f 2081/2543/2543 2028/2542/2542 2039/2557/2557
f 2081/2543/2543 2039/2557/2557 2083/2558/2558
f 2083/2558/2558 2039/2557/2557 2022/2565/2565
f 2083/2558/2558 2022/2565/2565 2065/2566/2566
f 2065/2566/2566 2022/2565/2565 1980/2573/2573
f 2065/2566/2566 1980/2573/2573 2018/2574/2574
f 2018/2574/2574 1980/2573/2573 1902/2581/2581
f 2018/2574/2574 1902/2581/2581 1921/2582/2582
f 1921/2582/2582 1902/2581/2581 1822/2592/2592
f 1921/2582/2582 1822/2592/2592 1834/2591/2591
f 1834/2591/2591 1822/2592/2592 1720/2590/2590
f 1998/2341/2341 1937/2342/2342 2028/2542/2542
f 2028/2542/2542 1937/2342/2342 1973/2556/2556
f 2028/2542/2542 1973/2556/2556 2039/2557/2557
f 2039/2557/2557 1973/2556/2556 1962/2564/2564
f 2039/2557/2557 1962/2564/2564 2022/2565/2565
f 2022/2565/2565 1962/2564/2564 1930/2572/2572
f 2022/2565/2565 1930/2572/2572 1980/2573/2573
f 1980/2573/2573 1930/2572/2572 1870/2580/2580
f 1980/2573/2573 1870/2580/2580 1902/2581/2581
f 1902/2581/2581 1870/2580/2580 1802/2593/2593
f 1902/2581/2581 1802/2593/2593 1822/2592/2592
f 1822/2592/2592 1802/2593/2593 1700/2589/2589
f 1822/2592/2592 1700/2589/2589 1720/2590/2590
f 1720/2590/2590 1700/2589/2589 1573/2603/2603
f 1937/2342/2342 1877/2343/2343 1973/2556/2556
f 1973/2556/2556 1877/2343/2343 1900/2563/2563
f 1973/2556/2556 1900/2563/2563 1962/2564/2564
f 1962/2564/2564 1900/2563/2563 1886/2571/2571
f 1962/2564/2564 1886/2571/2571 1930/2572/2572
f 1930/2572/2572 1886/2571/2571 1843/2579/2579
f 1930/2572/2572 1843/2579/2579 1870/2580/2580
f 1870/2580/2580 1843/2579/2579 1781/2594/2594
f 1870/2580/2580 1781/2594/2594 1802/2593/2593
f 1802/2593/2593 1781/2594/2594 1684/2588/2588
f 1802/2593/2593 1684/2588/2588 1700/2589/2589
f 1700/2589/2589 1684/2588/2588 1570/2602/2602
f 1700/2589/2589 1570/2602/2602 1573/2603/2603
f 1573/2603/2603 1570/2602/2602 1445/2610/2610
f 1877/2343/2343 1810/2344/2344 1900/2563/2563
f 1900/2563/2563 1810/2344/2344 1841/2570/2570
f 1900/2563/2563 1841/2570/2570 1886/2571/2571
f 1886/2571/2571 1841/2570/2570 1807/2578/2578
f 1886/2571/2571 1807/2578/2578 1843/2579/2579
f 1843/2579/2579 1807/2578/2578 1761/2595/2595
f 1843/2579/2579 1761/2595/2595 1781/2594/2594
f 1781/2594/2594 1761/2595/2595 1662/2587/2587
f 1781/2594/2594 1662/2587/2587 1684/2588/2588
f 1684/2588/2588 1662/2587/2587 1554/2601/2601
f 1684/2588/2588 1554/2601/2601 1570/2602/2602
f 1570/2602/2602 1554/2601/2601 1443/2609/2609
f 1570/2602/2602 1443/2609/2609 1445/2610/2610
f 1445/2610/2610 1443/2609/2609 1329/2616/2616
f 1810/2344/2344 1734/2345/2345 1841/2570/2570
f 1841/2570/2570 1734/2345/2345 1773/2577/2577
f 1841/2570/2570 1773/2577/2577 1807/2578/2578
f 1807/2578/2578 1773/2577/2577 1723/2596/2596
f 1807/2578/2578 1723/2596/2596 1761/2595/2595
f 1761/2595/2595 1723/2596/2596 1627/2586/2586
f 1761/2595/2595 1627/2586/2586 1662/2587/2587
f 1662/2587/2587 1627/2586/2586 1536/2600/2600
f 1662/2587/2587 1536/2600/2600 1554/2601/2601
f 1554/2601/2601 1536/2600/2600 1441/2608/2608
f 1554/2601/2601 1441/2608/2608 1443/2609/2609
f 1443/2609/2609 1441/2608/2608 1327/2615/2615
f 1443/2609/2609 1327/2615/2615 1329/2616/2616
f 1329/2616/2616 1327/2615/2615 1120/2624/2624
f 1773/2577/2577 1734/2345/2345 1676/2436/2436
f 1676/2436/2436 1734/2345/2345 1617/2346/2346
f 1676/2436/2436 1617/2346/2346 1580/2584/2584
f 1580/2584/2584 1617/2346/2346 1517/2347/2347
f 1580/2584/2584 1517/2347/2347 1491/2597/2597
f 1491/2597/2597 1517/2347/2347 1417/2348/2348
f 1491/2597/2597 1417/2348/2348 1407/2604/2604
f 1407/2604/2604 1417/2348/2348 1311/2349/2349
f 1407/2604/2604 1311/2349/2349 1301/2435/2435
f 1301/2435/2435 1311/2349/2349 1141/2350/2350
f 1301/2435/2435 1141/2350/2350 1158/2630/2630
f 1158/2630/2630 1141/2350/2350 1042/2617/2617
f 1158/2630/2630 1042/2617/2617 1033/2618/2618
f 1033/2618/2618 1042/2617/2617 939/2632/2632
f 1033/2618/2618 939/2632/2632 919/2633/2633
f 919/2633/2633 939/2632/2632 821/2640/2640
f 919/2633/2633 821/2640/2640 782/2641/2641
f 782/2641/2641 821/2640/2640 660/2647/2647
f 782/2641/2641 660/2647/2647 642/2648/2648
f 642/2648/2648 660/2647/2647 537/2660/2660
f 642/2648/2648 537/2660/2660 516/2659/2659
f 516/2659/2659 537/2660/2660 391/2656/2656
f 516/2659/2659 391/2656/2656 380/2657/2657
f 380/2657/2657 391/2656/2656 282/2671/2671
f 1141/2350/2350 1026/2351/2351 1042/2617/2617
f 1042/2617/2617 1026/2351/2351 954/2631/2631
f 1042/2617/2617 954/2631/2631 939/2632/2632
f 939/2632/2632 954/2631/2631 842/2639/2639
f 939/2632/2632 842/2639/2639 821/2640/2640
f 821/2640/2640 842/2639/2639 683/2646/2646
f 821/2640/2640 683/2646/2646 660/2647/2647
f 660/2647/2647 683/2646/2646 572/2661/2661
f 660/2647/2647 572/2661/2661 537/2660/2660
f 537/2660/2660 572/2661/2661 418/2655/2655
f 537/2660/2660 418/2655/2655 391/2656/2656
f 391/2656/2656 418/2655/2655 305/2670/2670
f 391/2656/2656 305/2670/2670 282/2671/2671
f 282/2671/2671 305/2670/2670 193/2678/2678
f 1026/2351/2351 930/2352/2352 954/2631/2631
f 954/2631/2631 930/2352/2352 862/2638/2638
f 954/2631/2631 862/2638/2638 842/2639/2639
f 842/2639/2639 862/2638/2638 724/2645/2645
f 842/2639/2639 724/2645/2645 683/2646/2646
f 683/2646/2646 724/2645/2645 596/2662/2662
f 683/2646/2646 596/2662/2662 572/2661/2661
f 572/2661/2661 596/2662/2662 459/2654/2654
f 572/2661/2661 459/2654/2654 418/2655/2655
f 418/2655/2655 459/2654/2654 334/2669/2669
f 418/2655/2655 334/2669/2669 305/2670/2670
f 305/2670/2670 334/2669/2669 215/2677/2677
f 305/2670/2670 215/2677/2677 193/2678/2678
f 193/2678/2678 215/2677/2677 125/2685/2685
f 930/2352/2352 831/2353/2353 862/2638/2638
f 862/2638/2638 831/2353/2353 765/2434/2434
f 862/2638/2638 765/2434/2434 724/2645/2645
f 724/2645/2645 765/2434/2434 638/2663/2663
f 724/2645/2645 638/2663/2663 596/2662/2662
f 596/2662/2662 638/2663/2663 507/2653/2653
f 596/2662/2662 507/2653/2653 459/2654/2654
f 459/2654/2654 507/2653/2653 371/2668/2668
f 459/2654/2654 371/2668/2668 334/2669/2669
f 334/2669/2669 371/2668/2668 251/2676/2676
f 334/2669/2669 251/2676/2676 215/2677/2677
f 215/2677/2677 251/2676/2676 150/2684/2684
f 215/2677/2677 150/2684/2684 125/2685/2685
f 125/2685/2685 150/2684/2684 73/2692/2692
f 831/2353/2353 711/2354/2354 765/2434/2434
f 765/2434/2434 711/2354/2354 668/2664/2664
f 765/2434/2434 668/2664/2664 638/2663/2663
f 638/2663/2663 668/2664/2664 556/2652/2652
f 638/2663/2663 556/2652/2652 507/2653/2653
f 507/2653/2653 556/2652/2652 413/2667/2667
f 507/2653/2653 413/2667/2667 371/2668/2668
f 371/2668/2668 413/2667/2667 298/2675/2675
f 371/2668/2668 298/2675/2675 251/2676/2676
f 251/2676/2676 298/2675/2675 182/2683/2683
f 251/2676/2676 182/2683/2683 150/2684/2684
f 150/2684/2684 182/2683/2683 96/2691/2691
f 150/2684/2684 96/2691/2691 73/2692/2692
f 73/2692/2692 96/2691/2691 37/2700/2700
f 668/2664/2664 711/2354/2354 602/2651/2651
f 602/2651/2651 711/2354/2354 634/2355/2355
f 602/2651/2651 634/2355/2355 539/2665/2665
f 539/2665/2665 634/2355/2355 567/2356/2356
f 539/2665/2665 567/2356/2356 464/2672/2672
f 464/2672/2672 567/2356/2356 502/2357/2357
f 464/2672/2672 502/2357/2357 409/2679/2679
f 409/2679/2679 502/2357/2357 442/2358/2358
f 409/2679/2679 442/2358/2358 375/2686/2686
f 375/2686/2686 442/2358/2358 348/2433/2433
f 375/2686/2686 348/2433/2433 278/2705/2705
f 278/2705/2705 348/2433/2433 255/2694/2694
f 278/2705/2705 255/2694/2694 186/2695/2695
f 186/2695/2695 255/2694/2694 181/2708/2708
f 186/2695/2695 181/2708/2708 123/2709/2709
f 123/2709/2709 181/2708/2708 136/2716/2716
f 123/2709/2709 136/2716/2716 86/2717/2717
f 86/2717/2717 136/2716/2716 112/2724/2724
f 86/2717/2717 112/2724/2724 78/2725/2725
f 78/2725/2725 112/2724/2724 120/2735/2735
f 78/2725/2725 120/2735/2735 98/2734/2734
f 98/2734/2734 120/2735/2735 158/2733/2733
f 442/2358/2358 411/2359/2359 348/2433/2433
f 348/2433/2433 411/2359/2359 332/2693/2693
f 348/2433/2433 332/2693/2693 255/2694/2694
f 255/2694/2694 332/2693/2693 253/2707/2707
f 255/2694/2694 253/2707/2707 181/2708/2708
f 181/2708/2708 253/2707/2707 194/2715/2715
f 181/2708/2708 194/2715/2715 136/2716/2716
f 136/2716/2716 194/2715/2715 162/2723/2723
f 136/2716/2716 162/2723/2723 112/2724/2724
f 112/2724/2724 162/2723/2723 156/2736/2736
f 112/2724/2724 156/2736/2736 120/2735/2735
f 120/2735/2735 156/2736/2736 174/2732/2732
f 120/2735/2735 174/2732/2732 158/2733/2733
f 158/2733/2733 174/2732/2732 235/2746/2746
f 411/2359/2359 395/2360/2360 332/2693/2693
f 332/2693/2693 395/2360/2360 330/2706/2706
f 332/2693/2693 330/2706/2706 253/2707/2707
f 253/2707/2707 330/2706/2706 264/2714/2714
f 253/2707/2707 264/2714/2714 194/2715/2715
f 194/2715/2715 264/2714/2714 219/2722/2722
f 194/2715/2715 219/2722/2722 162/2723/2723
f 162/2723/2723 219/2722/2722 201/2737/2737
f 162/2723/2723 201/2737/2737 156/2736/2736
f 156/2736/2736 201/2737/2737 212/2731/2731
f 156/2736/2736 212/2731/2731 174/2732/2732
f 174/2732/2732 212/2731/2731 257/2745/2745
f 174/2732/2732 257/2745/2745 235/2746/2746
f 235/2746/2746 257/2745/2745 331/2753/2753
f 395/2360/2360 402/2361/2361 330/2706/2706
f 330/2706/2706 402/2361/2361 340/2713/2713
f 330/2706/2706 340/2713/2713 264/2714/2714
f 264/2714/2714 340/2713/2713 291/2721/2721
f 264/2714/2714 291/2721/2721 219/2722/2722
f 219/2722/2722 291/2721/2721 259/2738/2738
f 219/2722/2722 259/2738/2738 201/2737/2737
f 201/2737/2737 259/2738/2738 260/2730/2730
f 201/2737/2737 260/2730/2730 212/2731/2731
f 212/2731/2731 260/2730/2730 292/2744/2744
f 212/2731/2731 292/2744/2744 257/2745/2745
f 257/2745/2745 292/2744/2744 350/2752/2752
f 257/2745/2745 350/2752/2752 331/2753/2753
f 331/2753/2753 350/2752/2752 426/2759/2759
f 402/2361/2361 423/2362/2362 340/2713/2713
f 340/2713/2713 423/2362/2362 361/2720/2720
f 340/2713/2713 361/2720/2720 291/2721/2721
f 291/2721/2721 361/2720/2720 328/2739/2739
f 291/2721/2721 328/2739/2739 259/2738/2738
f 259/2738/2738 328/2739/2739 316/2729/2729
f 259/2738/2738 316/2729/2729 260/2730/2730
f 260/2730/2730 316/2729/2729 333/2743/2743
f 260/2730/2730 333/2743/2743 292/2744/2744
f 292/2744/2744 333/2743/2743 378/2751/2751
f 292/2744/2744 378/2751/2751 350/2752/2752
f 350/2752/2752 378/2751/2751 443/2758/2758
f 350/2752/2752 443/2758/2758 426/2759/2759
f 426/2759/2759 443/2758/2758 553/2767/2767
f 361/2720/2720 423/2362/2362 389/2432/2432
f 389/2432/2432 423/2362/2362 470/2363/2363
f 389/2432/2432 470/2363/2363 433/2727/2727
f 433/2727/2727 470/2363/2363 534/2364/2364
f 433/2727/2727 534/2364/2364 503/2740/2740
f 503/2740/2740 534/2364/2364 594/2365/2365
f 503/2740/2740 594/2365/2365 576/2747/2747
f 576/2747/2747 594/2365/2365 666/2366/2366
f 576/2747/2747 666/2366/2366 641/2431/2431
f 641/2431/2431 666/2366/2366 767/2367/2367
f 641/2431/2431 767/2367/2367 715/2773/2773
f 715/2773/2773 767/2367/2367 828/2760/2760
f 715/2773/2773 828/2760/2760 780/2761/2761
f 780/2761/2761 828/2760/2760 887/2775/2775
f 780/2761/2761 887/2775/2775 863/2776/2776
f 863/2776/2776 887/2775/2775 970/2783/2783
f 863/2776/2776 970/2783/2783 959/2784/2784
f 959/2784/2784 970/2783/2783 1068/2791/2791
f 959/2784/2784 1068/2791/2791 1063/2792/2792
f 767/2367/2367 878/2368/2368 828/2760/2760
f 828/2760/2760 878/2368/2368 917/2774/2774
f 828/2760/2760 917/2774/2774 887/2775/2775
f 887/2775/2775 917/2774/2774 983/2782/2782
f 887/2775/2775 983/2782/2782 970/2783/2783
f 970/2783/2783 983/2782/2782 1073/2790/2790
f 970/2783/2783 1073/2790/2790 1068/2791/2791
f 878/2368/2368 974/2369/2369 917/2774/2774
f 917/2774/2774 974/2369/2369 1008/2781/2781
f 917/2774/2774 1008/2781/2781 983/2782/2782
f 983/2782/2782 1008/2781/2781 1083/2789/2789
f 983/2782/2782 1083/2789/2789 1073/2790/2790
f 974/2369/2369 1075/2370/2370 1008/2781/2781
f 1008/2781/2781 1075/2370/2370 1091/2788/2788
f 1008/2781/2781 1091/2788/2788 1083/2789/2789
f 1075/2370/2370 1224/2797/2797 1091/2788/2788
f 2394/2412/2412 2367/2413/2413 2358/2515/2515
f 2358/2515/2515 2367/2413/2413 2317/2507/2507
f 2358/2515/2515 2317/2507/2507 2296/2506/2506
f 2296/2506/2506 2317/2507/2507 2246/2500/2500
f 2296/2506/2506 2246/2500/2500 2209/2499/2499
f 2209/2499/2499 2246/2500/2500 2136/2492/2492
f 2209/2499/2499 2136/2492/2492 2096/2491/2491
f 2096/2491/2491 2136/2492/2492 2029/2478/2478
f 2096/2491/2491 2029/2478/2478 1981/2477/2477
f 1981/2477/2477 2029/2478/2478 1888/2486/2486
f 1981/2477/2477 1888/2486/2486 1847/2487/2487
f 1847/2487/2487 1888/2486/2486 1770/2469/2469
f 1847/2487/2487 1770/2469/2469 1731/2468/2468
f 1731/2468/2468 1770/2469/2469 1620/2461/2461
f 2367/2413/2413 2330/2414/2414 2317/2507/2507
f 2317/2507/2507 2330/2414/2414 2259/2501/2501
f 2317/2507/2507 2259/2501/2501 2246/2500/2500
f 2246/2500/2500 2259/2501/2501 2170/2493/2493
f 2246/2500/2500 2170/2493/2493 2136/2492/2492
f 2136/2492/2492 2170/2493/2493 2059/2479/2479
f 2136/2492/2492 2059/2479/2479 2029/2478/2478
f 2029/2478/2478 2059/2479/2479 1917/2485/2485
f 2029/2478/2478 1917/2485/2485 1888/2486/2486
f 1888/2486/2486 1917/2485/2485 1797/2470/2470
f 1888/2486/2486 1797/2470/2470 1770/2469/2469
f 1770/2469/2469 1797/2470/2470 1663/2462/2462
f 1770/2469/2469 1663/2462/2462 1620/2461/2461
f 1620/2461/2461 1663/2462/2462 1533/2454/2454
f 2330/2414/2414 2273/2415/2415 2259/2501/2501
f 2259/2501/2501 2273/2415/2415 2191/2494/2494
f 2259/2501/2501 2191/2494/2494 2170/2493/2493
f 2170/2493/2493 2191/2494/2494 2082/2480/2480
f 2170/2493/2493 2082/2480/2480 2059/2479/2479
f 2059/2479/2479 2082/2480/2480 1958/2484/2484
f 2059/2479/2479 1958/2484/2484 1917/2485/2485
f 1917/2485/2485 1958/2484/2484 1833/2471/2471
f 1917/2485/2485 1833/2471/2471 1797/2470/2470
f 1797/2470/2470 1833/2471/2471 1694/2463/2463
f 1797/2470/2470 1694/2463/2463 1663/2462/2462
f 1663/2462/2462 1694/2463/2463 1565/2455/2455
f 1663/2462/2462 1565/2455/2455 1533/2454/2454
f 1533/2454/2454 1565/2455/2455 1444/2447/2447
f 2273/2415/2415 2202/2416/2416 2191/2494/2494
f 2191/2494/2494 2202/2416/2416 2102/2481/2481
f 2191/2494/2494 2102/2481/2481 2082/2480/2480
f 2082/2480/2480 2102/2481/2481 1995/2483/2483
f 2082/2480/2480 1995/2483/2483 1958/2484/2484
f 1958/2484/2484 1995/2483/2483 1849/2472/2472
f 1958/2484/2484 1849/2472/2472 1833/2471/2471
f 1833/2471/2471 1849/2472/2472 1733/2464/2464
f 1833/2471/2471 1733/2464/2464 1694/2463/2463
f 1694/2463/2463 1733/2464/2464 1579/2456/2456
f 1694/2463/2463 1579/2456/2456 1565/2455/2455
f 1565/2455/2455 1579/2456/2456 1466/2448/2448
f 1565/2455/2455 1466/2448/2448 1444/2447/2447
f 1444/2447/2447 1466/2448/2448 1359/2440/2440
f 2202/2416/2416 2112/2417/2417 2102/2481/2481
f 2102/2481/2481 2112/2417/2417 2010/2482/2482
f 2102/2481/2481 2010/2482/2482 1995/2483/2483
f 1995/2483/2483 2010/2482/2482 1867/2473/2473
f 1995/2483/2483 1867/2473/2473 1849/2472/2472
f 1849/2472/2472 1867/2473/2473 1756/2465/2465
f 1849/2472/2472 1756/2465/2465 1733/2464/2464
f 1733/2464/2464 1756/2465/2465 1597/2457/2457
f 1733/2464/2464 1597/2457/2457 1579/2456/2456
f 1579/2456/2456 1597/2457/2457 1482/2449/2449
f 1579/2456/2456 1482/2449/2449 1466/2448/2448
f 1466/2448/2448 1482/2449/2449 1369/2441/2441
f 1466/2448/2448 1369/2441/2441 1359/2440/2440
f 1359/2440/2440 1369/2441/2441 1223/2798/2798
f 2112/2417/2417 2020/2418/2418 2010/2482/2482
f 2010/2482/2482 2020/2418/2418 1889/2474/2474
f 2010/2482/2482 1889/2474/2474 1867/2473/2473
f 1867/2473/2473 1889/2474/2474 1771/2466/2466
f 1867/2473/2473 1771/2466/2466 1756/2465/2465
f 1756/2465/2465 1771/2466/2466 1616/2458/2458
f 1756/2465/2465 1616/2458/2458 1597/2457/2457
f 1597/2457/2457 1616/2458/2458 1488/2450/2450
f 1597/2457/2457 1488/2450/2450 1482/2449/2449
f 1482/2449/2449 1488/2450/2450 1381/2442/2442
f 1482/2449/2449 1381/2442/2442 1369/2441/2441
f 1369/2441/2441 1381/2442/2442 1222/2799/2799
f 1369/2800/2800 1222/2425/2425 1223/2424/2424
f 2020/2418/2418 1893/2419/2419 1889/2474/2474
f 1889/2474/2474 1893/2419/2419 1780/2467/2467
f 1889/2474/2474 1780/2467/2467 1771/2466/2466
f 1771/2466/2466 1780/2467/2467 1624/2459/2459
f 1771/2466/2466 1624/2459/2459 1616/2458/2458
f 1616/2458/2458 1624/2459/2459 1498/2451/2451
f 1616/2458/2458 1498/2451/2451 1488/2450/2450
f 1488/2450/2450 1498/2451/2451 1387/2443/2443
f 1488/2450/2450 1387/2443/2443 1381/2442/2442
f 1381/2442/2442 1387/2443/2443 1221/2801/2801
f 1381/2802/2802 1221/2426/2426 1222/2425/2425
f 1893/2419/2419 1783/2420/2420 1780/2467/2467
f 1780/2467/2467 1783/2420/2420 1633/2460/2460
f 1780/2467/2467 1633/2460/2460 1624/2459/2459
f 1624/2459/2459 1633/2460/2460 1503/2452/2452
f 1624/2459/2459 1503/2452/2452 1498/2451/2451
f 1498/2451/2451 1503/2452/2452 1392/2444/2444
f 1498/2451/2451 1392/2444/2444 1387/2443/2443
f 1387/2443/2443 1392/2444/2444 1220/2803/2803
f 1387/2804/2804 1220/2427/2427 1221/2426/2426
f 1783/2420/2420 1643/2421/2421 1633/2460/2460
f 1633/2460/2460 1643/2421/2421 1508/2453/2453
f 1633/2460/2460 1508/2453/2453 1503/2452/2452
f 1503/2452/2452 1508/2453/2453 1402/2445/2445
f 1503/2452/2452 1402/2445/2445 1392/2444/2444
f 1392/2444/2444 1402/2445/2445 1219/2805/2805
f 1392/2806/2806 1219/2428/2428 1220/2427/2427
f 1643/2421/2421 1513/2422/2422 1508/2453/2453
f 1508/2453/2453 1513/2422/2422 1403/2446/2446
f 1508/2453/2453 1403/2446/2446 1402/2445/2445
f 1402/2445/2445 1403/2446/2446 1218/2807/2807
f 1402/2808/2808 1218/2429/2429 1219/2428/2428
f 1513/2422/2422 1405/2423/2423 1403/2446/2446
f 1403/2446/2446 1405/2423/2423 1217/2809/2809
f 1403/2810/2810 1217/2430/2430 1218/2429/2429
f 1405/2811/2811 1216/2371/2371 1217/2430/2430
f 2073/2521/2521 2091/2508/2508 2163/2509/2509
f 2163/2509/2509 2091/2508/2508 2176/2523/2523
f 2163/2509/2509 2176/2523/2523 2238/2524/2524
f 2238/2524/2524 2176/2523/2523 2235/2531/2531
f 2238/2524/2524 2235/2531/2531 2289/2532/2532
f 2289/2532/2532 2235/2531/2531 2275/2538/2538
f 2289/2532/2532 2275/2538/2538 2316/2539/2539
f 2316/2539/2539 2275/2538/2538 2284/2551/2551
f 2316/2539/2539 2284/2551/2551 2319/2550/2550
f 2319/2550/2550 2284/2551/2551 2271/2547/2547
f 2319/2550/2550 2271/2547/2547 2291/2548/2548
f 2291/2548/2548 2271/2547/2547 2231/2562/2562
f 2091/2508/2508 2103/2522/2522 2176/2523/2523
f 2176/2523/2523 2103/2522/2522 2172/2530/2530
f 2176/2523/2523 2172/2530/2530 2235/2531/2531
f 2235/2531/2531 2172/2530/2530 2219/2537/2537
f 2235/2531/2531 2219/2537/2537 2275/2538/2538
f 2275/2538/2538 2219/2537/2537 2247/2552/2552
f 2275/2538/2538 2247/2552/2552 2284/2551/2551
f 2284/2551/2551 2247/2552/2552 2237/2546/2546
f 2284/2551/2551 2237/2546/2546 2271/2547/2547
f 2271/2547/2547 2237/2546/2546 2207/2561/2561
f 2271/2547/2547 2207/2561/2561 2231/2562/2562
f 2231/2562/2562 2207/2561/2561 2145/2569/2569
f 2103/2522/2522 2097/2529/2529 2172/2530/2530
f 2172/2530/2530 2097/2529/2529 2150/2536/2536
f 2172/2530/2530 2150/2536/2536 2219/2537/2537
f 2219/2537/2537 2150/2536/2536 2186/2553/2553
f 2219/2537/2537 2186/2553/2553 2247/2552/2552
f 2247/2552/2552 2186/2553/2553 2198/2545/2545
f 2247/2552/2552 2198/2545/2545 2237/2546/2546
f 2237/2546/2546 2198/2545/2545 2177/2560/2560
f 2237/2546/2546 2177/2560/2560 2207/2561/2561
f 2207/2561/2561 2177/2560/2560 2128/2568/2568
f 2207/2561/2561 2128/2568/2568 2145/2569/2569
f 2145/2569/2569 2128/2568/2568 2056/2576/2576
f 2097/2529/2529 2084/2437/2437 2150/2536/2536
f 2150/2536/2536 2084/2437/2437 2122/2554/2554
f 2150/2536/2536 2122/2554/2554 2186/2553/2553
f 2186/2553/2553 2122/2554/2554 2139/2544/2544
f 2186/2553/2553 2139/2544/2544 2198/2545/2545
f 2198/2545/2545 2139/2544/2544 2133/2559/2559
f 2198/2545/2545 2133/2559/2559 2177/2560/2560
f 2177/2560/2560 2133/2559/2559 2095/2567/2567
f 2177/2560/2560 2095/2567/2567 2128/2568/2568
f 2128/2568/2568 2095/2567/2567 2045/2575/2575
f 2128/2568/2568 2045/2575/2575 2056/2576/2576
f 2056/2576/2576 2045/2575/2575 1941/2583/2583
f 2061/2555/2555 2081/2543/2543 2122/2554/2554
f 2122/2554/2554 2081/2543/2543 2139/2544/2544
f 2133/2559/2559 2139/2544/2544 2083/2558/2558
f 2083/2558/2558 2139/2544/2544 2081/2543/2543
f 2084/2437/2437 2061/2555/2555 2122/2554/2554
f 2095/2567/2567 2133/2559/2559 2065/2566/2566
f 2065/2566/2566 2133/2559/2559 2083/2558/2558
f 2045/2575/2575 2095/2567/2567 2018/2574/2574
f 2018/2574/2574 2095/2567/2567 2065/2566/2566
f 1941/2583/2583 2045/2575/2575 1921/2582/2582
f 1921/2582/2582 2045/2575/2575 2018/2574/2574
f 1834/2591/2591 1941/2583/2583 1921/2582/2582
f 1580/2584/2584 1603/2585/2585 1676/2436/2436
f 1676/2436/2436 1603/2585/2585 1723/2596/2596
f 1676/2436/2436 1723/2596/2596 1773/2577/2577
f 1723/2596/2596 1603/2585/2585 1627/2586/2586
f 1627/2586/2586 1603/2585/2585 1528/2599/2599
f 1627/2586/2586 1528/2599/2599 1536/2600/2600
f 1536/2600/2600 1528/2599/2599 1431/2607/2607
f 1536/2600/2600 1431/2607/2607 1441/2608/2608
f 1441/2608/2608 1431/2607/2607 1324/2614/2614
f 1441/2608/2608 1324/2614/2614 1327/2615/2615
f 1327/2615/2615 1324/2614/2614 1123/2625/2625
f 1327/2615/2615 1123/2625/2625 1120/2624/2624
f 1120/2624/2624 1123/2625/2625 1006/2623/2623
f 1603/2585/2585 1580/2584/2584 1506/2598/2598
f 1506/2598/2598 1580/2584/2584 1491/2597/2597
f 1506/2598/2598 1491/2597/2597 1413/2605/2605
f 1413/2605/2605 1491/2597/2597 1407/2604/2604
f 1413/2605/2605 1407/2604/2604 1308/2611/2611
f 1308/2611/2611 1407/2604/2604 1301/2435/2435
f 1308/2611/2611 1301/2435/2435 1148/2629/2629
f 1148/2629/2629 1301/2435/2435 1158/2630/2630
f 1148/2629/2629 1158/2630/2630 1033/2618/2618
f 1603/2585/2585 1506/2598/2598 1528/2599/2599
f 1528/2599/2599 1506/2598/2598 1424/2606/2606
f 1528/2599/2599 1424/2606/2606 1431/2607/2607
f 1431/2607/2607 1424/2606/2606 1318/2613/2613
f 1431/2607/2607 1318/2613/2613 1324/2614/2614
f 1324/2614/2614 1318/2613/2613 1126/2626/2626
f 1324/2614/2614 1126/2626/2626 1123/2625/2625
f 1123/2625/2625 1126/2626/2626 1010/2622/2622
f 1123/2625/2625 1010/2622/2622 1006/2623/2623
f 1006/2623/2623 1010/2622/2622 872/2637/2637
f 1424/2606/2606 1506/2598/2598 1413/2605/2605
f 1424/2606/2606 1413/2605/2605 1312/2612/2612
f 1312/2612/2612 1413/2605/2605 1308/2611/2611
f 1312/2612/2612 1308/2611/2611 1138/2628/2628
f 1138/2628/2628 1308/2611/2611 1148/2629/2629
f 1138/2628/2628 1148/2629/2629 1018/2619/2619
f 1018/2619/2619 1148/2629/2629 1033/2618/2618
f 1018/2619/2619 1033/2618/2618 919/2633/2633
f 1424/2606/2606 1312/2612/2612 1318/2613/2613
f 1318/2613/2613 1312/2612/2612 1132/2627/2627
f 1318/2613/2613 1132/2627/2627 1126/2626/2626
f 1126/2626/2626 1132/2627/2627 1012/2621/2621
f 1126/2626/2626 1012/2621/2621 1010/2622/2622
f 1010/2622/2622 1012/2621/2621 879/2636/2636
f 1010/2622/2622 879/2636/2636 872/2637/2637
f 872/2637/2637 879/2636/2636 727/2644/2644
f 1132/2627/2627 1312/2612/2612 1138/2628/2628
f 1132/2627/2627 1138/2628/2628 1017/2620/2620
f 1017/2620/2620 1138/2628/2628 1018/2619/2619
f 1017/2620/2620 1018/2619/2619 914/2634/2634
f 914/2634/2634 1018/2619/2619 919/2633/2633
f 914/2634/2634 919/2633/2633 782/2641/2641
f 1132/2627/2627 1017/2620/2620 1012/2621/2621
f 1012/2621/2621 1017/2620/2620 896/2635/2635
f 1012/2621/2621 896/2635/2635 879/2636/2636
f 879/2636/2636 896/2635/2635 742/2643/2643
f 879/2636/2636 742/2643/2643 727/2644/2644
f 727/2644/2644 742/2643/2643 609/2650/2650
f 896/2635/2635 1017/2620/2620 914/2634/2634
f 896/2635/2635 914/2634/2634 757/2642/2642
f 757/2642/2642 914/2634/2634 782/2641/2641
f 757/2642/2642 782/2641/2641 642/2648/2648
f 896/2635/2635 757/2642/2642 742/2643/2643
f 742/2643/2643 757/2642/2642 620/2649/2649
f 742/2643/2643 620/2649/2649 609/2650/2650
f 609/2650/2650 620/2649/2649 496/2658/2658
f 620/2649/2649 757/2642/2642 642/2648/2648
f 496/2658/2658 620/2649/2649 516/2659/2659
f 516/2659/2659 620/2649/2649 642/2648/2648
f 668/2664/2664 602/2651/2651 556/2652/2652
f 556/2652/2652 602/2651/2651 476/2666/2666
f 556/2652/2652 476/2666/2666 413/2667/2667
f 413/2667/2667 476/2666/2666 349/2674/2674
f 413/2667/2667 349/2674/2674 298/2675/2675
f 298/2675/2675 349/2674/2674 227/2682/2682
f 298/2675/2675 227/2682/2682 182/2683/2683
f 182/2683/2683 227/2682/2682 132/2690/2690
f 182/2683/2683 132/2690/2690 96/2691/2691
f 96/2691/2691 132/2690/2690 61/2701/2701
f 96/2691/2691 61/2701/2701 37/2700/2700
f 37/2700/2700 61/2701/2701 19/2699/2699
f 496/2658/2658 516/2659/2659 380/2657/2657
f 602/2651/2651 539/2665/2665 476/2666/2666
f 476/2666/2666 539/2665/2665 396/2673/2673
f 476/2666/2666 396/2673/2673 349/2674/2674
f 349/2674/2674 396/2673/2673 289/2681/2681
f 349/2674/2674 289/2681/2681 227/2682/2682
f 227/2682/2682 289/2681/2681 175/2689/2689
f 227/2682/2682 175/2689/2689 132/2690/2690
f 132/2690/2690 175/2689/2689 99/2702/2702
f 132/2690/2690 99/2702/2702 61/2701/2701
f 61/2701/2701 99/2702/2702 44/2698/2698
f 61/2701/2701 44/2698/2698 19/2699/2699
f 19/2699/2699 44/2698/2698 15/2712/2712
f 539/2665/2665 464/2672/2672 396/2673/2673
f 396/2673/2673 464/2672/2672 351/2680/2680
f 396/2673/2673 351/2680/2680 289/2681/2681
f 289/2681/2681 351/2680/2680 242/2688/2688
f 289/2681/2681 242/2688/2688 175/2689/2689
f 175/2689/2689 242/2688/2688 145/2703/2703
f 175/2689/2689 145/2703/2703 99/2702/2702
f 99/2702/2702 145/2703/2703 80/2697/2697
f 99/2702/2702 80/2697/2697 44/2698/2698
f 44/2698/2698 80/2697/2697 39/2711/2711
f 44/2698/2698 39/2711/2711 15/2712/2712
f 15/2712/2712 39/2711/2711 26/2719/2719
f 464/2672/2672 409/2679/2679 351/2680/2680
f 351/2680/2680 409/2679/2679 310/2687/2687
f 351/2680/2680 310/2687/2687 242/2688/2688
f 242/2688/2688 310/2687/2687 205/2704/2704
f 242/2688/2688 205/2704/2704 145/2703/2703
f 145/2703/2703 205/2704/2704 128/2696/2696
f 145/2703/2703 128/2696/2696 80/2697/2697
f 80/2697/2697 128/2696/2696 75/2710/2710
f 80/2697/2697 75/2710/2710 39/2711/2711
f 39/2711/2711 75/2710/2710 50/2718/2718
f 39/2711/2711 50/2718/2718 26/2719/2719
f 26/2719/2719 50/2718/2718 54/2726/2726
f 409/2679/2679 375/2686/2686 310/2687/2687
f 310/2687/2687 375/2686/2686 278/2705/2705
f 310/2687/2687 278/2705/2705 205/2704/2704
f 205/2704/2704 278/2705/2705 186/2695/2695
f 205/2704/2704 186/2695/2695 128/2696/2696
f 128/2696/2696 186/2695/2695 123/2709/2709
f 128/2696/2696 123/2709/2709 75/2710/2710
f 75/2710/2710 123/2709/2709 86/2717/2717
f 75/2710/2710 86/2717/2717 50/2718/2718
f 50/2718/2718 86/2717/2717 78/2725/2725
f 50/2718/2718 78/2725/2725 54/2726/2726
f 54/2726/2726 78/2725/2725 98/2734/2734
f 433/2727/2727 376/2728/2728 389/2432/2432
f 389/2432/2432 376/2728/2728 328/2739/2739
f 389/2432/2432 328/2739/2739 361/2720/2720
f 328/2739/2739 376/2728/2728 316/2729/2729
f 316/2729/2729 376/2728/2728 381/2742/2742
f 316/2729/2729 381/2742/2742 333/2743/2743
f 333/2743/2743 381/2742/2742 408/2750/2750
f 333/2743/2743 408/2750/2750 378/2751/2751
f 378/2751/2751 408/2750/2750 482/2757/2757
f 378/2751/2751 482/2757/2757 443/2758/2758
f 443/2758/2758 482/2757/2757 574/2768/2768
f 443/2758/2758 574/2768/2768 553/2767/2767
f 553/2767/2767 574/2768/2768 662/2766/2766
f 376/2728/2728 433/2727/2727 428/2741/2741
f 428/2741/2741 433/2727/2727 503/2740/2740
f 428/2741/2741 503/2740/2740 523/2748/2748
f 523/2748/2748 503/2740/2740 576/2747/2747
f 523/2748/2748 576/2747/2747 593/2754/2754
f 593/2754/2754 576/2747/2747 641/2431/2431
f 593/2754/2754 641/2431/2431 671/2772/2772
f 671/2772/2772 641/2431/2431 715/2773/2773
f 671/2772/2772 715/2773/2773 780/2761/2761
f 376/2728/2728 428/2741/2741 381/2742/2742
f 381/2742/2742 428/2741/2741 458/2749/2749
f 381/2742/2742 458/2749/2749 408/2750/2750
f 408/2750/2750 458/2749/2749 521/2756/2756
f 408/2750/2750 521/2756/2756 482/2757/2757
f 482/2757/2757 521/2756/2756 589/2769/2769
f 482/2757/2757 589/2769/2769 574/2768/2768
f 574/2768/2768 589/2769/2769 669/2765/2765
f 574/2768/2768 669/2765/2765 662/2766/2766
f 662/2766/2766 669/2765/2765 815/2780/2780
f 458/2749/2749 428/2741/2741 523/2748/2748
f 458/2749/2749 523/2748/2748 554/2755/2755
f 554/2755/2755 523/2748/2748 593/2754/2754
f 554/2755/2755 593/2754/2754 647/2771/2771
f 647/2771/2771 593/2754/2754 671/2772/2772
f 647/2771/2771 671/2772/2772 749/2762/2762
f 749/2762/2762 671/2772/2772 780/2761/2761
f 749/2762/2762 780/2761/2761 863/2776/2776
f 458/2749/2749 554/2755/2755 521/2756/2756
f 521/2756/2756 554/2755/2755 611/2770/2770
f 521/2756/2756 611/2770/2770 589/2769/2769
f 589/2769/2769 611/2770/2770 689/2764/2764
f 589/2769/2769 689/2764/2764 669/2765/2765
f 669/2765/2765 689/2764/2764 825/2779/2779
f 669/2765/2765 825/2779/2779 815/2780/2780
f 815/2780/2780 825/2779/2779 938/2787/2787
f 611/2770/2770 554/2755/2755 647/2771/2771
f 611/2770/2770 647/2771/2771 712/2763/2763
f 712/2763/2763 647/2771/2771 749/2762/2762
f 712/2763/2763 749/2762/2762 845/2777/2777
f 845/2777/2777 749/2762/2762 863/2776/2776
f 845/2777/2777 863/2776/2776 959/2784/2784
f 611/2770/2770 712/2763/2763 689/2764/2764
f 689/2764/2764 712/2763/2763 832/2778/2778
f 689/2764/2764 832/2778/2778 825/2779/2779
f 825/2779/2779 832/2778/2778 940/2786/2786
f 825/2779/2779 940/2786/2786 938/2787/2787
f 938/2787/2787 940/2786/2786 1055/2794/2794
f 832/2778/2778 712/2763/2763 845/2777/2777
f 832/2778/2778 845/2777/2777 945/2785/2785
f 945/2785/2785 845/2777/2777 959/2784/2784
f 945/2785/2785 959/2784/2784 1063/2792/2792
f 832/2778/2778 945/2785/2785 940/2786/2786
f 940/2786/2786 945/2785/2785 1058/2793/2793
f 940/2786/2786 1058/2793/2793 1055/2794/2794
f 1058/2793/2793 945/2785/2785 1063/2792/2792
f 1377/2813/2813 1379/2897/2897 1225/2812/2812
f 1225/2812/2812 1379/2897/2897 1224/2855/2855
f 1225/2812/2812 1224/2855/2855 1075/2856/2856
f 1379/2897/2897 1377/2813/2813 1477/2896/2896
f 1477/2896/2896 1377/2813/2813 1474/2814/2814
f 1477/2896/2896 1474/2814/2814 1571/2895/2895
f 1571/2895/2895 1474/2814/2814 1568/2815/2815
f 1571/2895/2895 1568/2815/2815 1674/2894/2894
f 1674/2894/2894 1568/2815/2815 1670/2816/2816
f 1674/2894/2894 1670/2816/2816 1775/2893/2893
f 1775/2893/2893 1670/2816/2816 1769/2817/2817
f 1775/2893/2893 1769/2817/2817 1845/2892/2892
f 1845/2892/2892 1769/2817/2817 1837/2818/2818
f 1845/2892/2892 1837/2818/2818 1906/2891/2891
f 1906/2891/2891 1837/2818/2818 1898/2819/2819
f 1906/2891/2891 1898/2819/2819 1968/2890/2890
f 1968/2890/2890 1898/2819/2819 1954/2820/2820
f 1968/2890/2890 1954/2820/2820 2012/2889/2889
f 2012/2889/2889 1954/2820/2820 2002/2821/2821
f 2012/2889/2889 2002/2821/2821 2034/2888/2888
f 2034/2888/2888 2002/2821/2821 2023/2822/2822
f 2034/2888/2888 2023/2822/2822 2040/2887/2887
f 2040/2887/2887 2023/2822/2822 2030/2823/2823
f 2040/2887/2887 2030/2823/2823 2015/2824/2824
f 2040/2887/2887 2015/2824/2824 2024/2886/2886
f 2024/2886/2886 2015/2824/2824 1982/2825/2825
f 2024/2886/2886 1982/2825/2825 1998/2885/2885
f 1998/2885/2885 1982/2825/2825 1922/2826/2826
f 1998/2885/2885 1922/2826/2826 1937/2884/2884
f 1937/2884/2884 1922/2826/2826 1864/2827/2827
f 1937/2884/2884 1864/2827/2827 1877/2883/2883
f 1877/2883/2883 1864/2827/2827 1801/2828/2828
f 1877/2883/2883 1801/2828/2828 1810/2882/2882
f 1810/2882/2882 1801/2828/2828 1727/2829/2829
f 1810/2882/2882 1727/2829/2829 1734/2881/2881
f 1734/2881/2881 1727/2829/2829 1611/2830/2830
f 1734/2881/2881 1611/2830/2830 1617/2880/2880
f 1617/2880/2880 1611/2830/2830 1515/2831/2831
f 1617/2880/2880 1515/2831/2831 1517/2879/2879
f 1517/2879/2879 1515/2831/2831 1415/2832/2832
f 1517/2879/2879 1415/2832/2832 1417/2878/2878
f 1417/2878/2878 1415/2832/2832 1310/2833/2833
f 1417/2878/2878 1310/2833/2833 1311/2877/2877
f 1311/2877/2877 1310/2833/2833 1141/2876/2876
f 1141/2876/2876 1310/2833/2833 1143/2834/2834
f 1141/2876/2876 1143/2834/2834 1026/2875/2875
f 1026/2875/2875 1143/2834/2834 1030/2835/2835
f 1026/2875/2875 1030/2835/2835 930/2874/2874
f 930/2874/2874 1030/2835/2835 931/2836/2836
f 930/2874/2874 931/2836/2836 831/2873/2873
f 831/2873/2873 931/2836/2836 837/2837/2837
f 831/2873/2873 837/2837/2837 711/2872/2872
f 711/2872/2872 837/2837/2837 720/2838/2838
f 711/2872/2872 720/2838/2838 634/2871/2871
f 634/2871/2871 720/2838/2838 643/2839/2839
f 634/2871/2871 643/2839/2839 567/2870/2870
f 567/2870/2870 643/2839/2839 578/2840/2840
f 567/2870/2870 578/2840/2840 502/2869/2869
f 502/2869/2869 578/2840/2840 514/2841/2841
f 502/2869/2869 514/2841/2841 442/2868/2868
f 442/2868/2868 514/2841/2841 456/2842/2842
f 442/2868/2868 456/2842/2842 411/2867/2867
f 411/2867/2867 456/2842/2842 421/2843/2843
f 411/2867/2867 421/2843/2843 395/2866/2866
f 395/2866/2866 421/2843/2843 406/2844/2844
f 395/2866/2866 406/2844/2844 412/2845/2845
f 395/2866/2866 412/2845/2845 402/2865/2865
f 402/2865/2865 412/2845/2845 436/2846/2846
f 402/2865/2865 436/2846/2846 423/2864/2864
f 423/2864/2864 436/2846/2846 486/2847/2847
f 423/2864/2864 486/2847/2847 470/2863/2863
f 470/2863/2863 486/2847/2847 544/2848/2848
f 470/2863/2863 544/2848/2848 534/2862/2862
f 534/2862/2862 544/2848/2848 605/2849/2849
f 534/2862/2862 605/2849/2849 594/2861/2861
f 594/2861/2861 605/2849/2849 672/2850/2850
f 594/2861/2861 672/2850/2850 666/2860/2860
f 666/2860/2860 672/2850/2850 772/2851/2851
f 666/2860/2860 772/2851/2851 767/2859/2859
f 767/2859/2859 772/2851/2851 883/2852/2852
f 767/2859/2859 883/2852/2852 878/2858/2858
f 878/2858/2858 883/2852/2852 978/2853/2853
f 878/2858/2858 978/2853/2853 974/2857/2857
f 974/2857/2857 978/2853/2853 1076/2854/2854
f 974/2857/2857 1076/2854/2854 1075/2856/2856
f 1075/2856/2856 1076/2854/2854 1225/2812/2812
f 1372/2899/2899 1361/2985/2985 1230/2898/2898
f 1230/2898/2898 1361/2985/2985 1228/3071/3071
f 1230/3072/3072 1228/2983/2983 1089/3069/3069
f 1089/3069/3069 1228/2983/2983 1226/2984/2984
f 1089/3069/3069 1226/2984/2984 1084/3070/3070
f 1084/3070/3070 1226/2984/2984 1225/2940/2940
f 1084/3070/3070 1225/2940/2940 1076/2941/2941
f 1361/2985/2985 1372/2899/2899 1450/2987/2987
f 1450/2987/2987 1372/2899/2899 1467/2900/2900
f 1450/2987/2987 1467/2900/2900 1538/2989/2989
f 1538/2989/2989 1467/2900/2900 1557/2901/2901
f 1538/2989/2989 1557/2901/2901 1629/2991/2991
f 1629/2991/2991 1557/2901/2901 1654/2902/2902
f 1629/2991/2991 1654/2902/2902 1738/2993/2993
f 1738/2993/2993 1654/2902/2902 1757/2903/2903
f 1738/2993/2993 1757/2903/2903 1808/2995/2995
f 1808/2995/2995 1757/2903/2903 1823/2904/2904
f 1808/2995/2995 1823/2904/2904 1860/2997/2997
f 1860/2997/2997 1823/2904/2904 1878/2905/2905
f 1860/2997/2997 1878/2905/2905 1912/2999/2999
f 1912/2999/2999 1878/2905/2905 1925/2906/2906
f 1912/2999/2999 1925/2906/2906 1955/3001/3001
f 1955/3001/3001 1925/2906/2906 1969/2907/2907
f 1955/3001/3001 1969/2907/2907 1988/3003/3003
f 1988/3003/3003 1969/2907/2907 1990/2908/2908
f 1988/3003/3003 1990/2908/2908 2000/3005/3005
f 2000/3005/3005 1990/2908/2908 1991/2909/2909
f 2000/3005/3005 1991/2909/2909 1989/3007/3007
f 1989/3007/3007 1991/2909/2909 1970/2910/2910
f 1989/3007/3007 1970/2910/2910 1956/3009/3009
f 1956/3009/3009 1970/2910/2910 1926/2911/2911
f 1956/3009/3009 1926/2911/2911 1913/3011/3011
f 1913/3011/3011 1926/2911/2911 1879/2912/2912
f 1913/3011/3011 1879/2912/2912 1861/3013/3013
f 1861/3013/3013 1879/2912/2912 1824/2913/2913
f 1861/3013/3013 1824/2913/2913 1809/3015/3015
f 1809/3015/3015 1824/2913/2913 1758/2914/2914
f 1809/3015/3015 1758/2914/2914 1739/3017/3017
f 1739/3017/3017 1758/2914/2914 1655/2915/2915
f 1739/3017/3017 1655/2915/2915 1630/3019/3019
f 1630/3019/3019 1655/2915/2915 1558/2916/2916
f 1630/3019/3019 1558/2916/2916 1539/3021/3021
f 1539/3021/3021 1558/2916/2916 1468/2917/2917
f 1539/3021/3021 1468/2917/2917 1451/3023/3023
f 1451/3023/3023 1468/2917/2917 1373/2918/2918
f 1451/3023/3023 1373/2918/2918 1362/3025/3025
f 1362/3025/3025 1373/2918/2918 1231/2919/2919
f 1362/3025/3025 1231/2919/2919 1229/3030/3030
f 1229/3030/3030 1231/2919/2919 1090/3027/3027
f 1229/3030/3030 1090/3027/3027 1085/3028/3028
f 1085/3028/3028 1090/3027/3027 992/3032/3032
f 1085/3028/3028 992/3032/3032 1030/2960/2960
f 1030/2960/2960 992/3032/3032 931/2959/2959
f 931/2959/2959 992/3032/3032 903/3034/3034
f 931/2959/2959 903/3034/3034 837/2958/2958
f 837/2958/2958 903/3034/3034 802/3036/3036
f 837/2958/2958 802/3036/3036 720/2957/2957
f 720/2957/2957 802/3036/3036 698/3038/3038
f 720/2957/2957 698/3038/3038 643/2956/2956
f 643/2956/2956 698/3038/3038 627/3040/3040
f 643/2956/2956 627/3040/3040 578/2955/2955
f 578/2955/2955 627/3040/3040 569/3042/3042
f 578/2955/2955 569/3042/3042 514/2954/2954
f 514/2954/2954 569/3042/3042 513/3044/3044
f 514/2954/2954 513/3044/3044 456/2953/2953
f 456/2953/2953 513/3044/3044 462/3046/3046
f 456/2953/2953 462/3046/3046 421/2952/2952
f 421/2952/2952 462/3046/3046 435/3048/3048
f 421/2952/2952 435/3048/3048 406/2951/2951
f 406/2951/2951 435/3048/3048 424/3050/3050
f 406/2951/2951 424/3050/3050 412/2950/2950
f 412/2950/2950 424/3050/3050 434/3052/3052
f 412/2950/2950 434/3052/3052 436/2949/2949
f 436/2949/2949 434/3052/3052 461/3054/3054
f 436/2949/2949 461/3054/3054 486/2948/2948
f 486/2948/2948 461/3054/3054 512/3056/3056
f 486/2948/2948 512/3056/3056 544/2947/2947
f 544/2947/2947 512/3056/3056 568/3058/3058
f 544/2947/2947 568/3058/3058 605/2946/2946
f 605/2946/2946 568/3058/3058 626/3060/3060
f 605/2946/2946 626/3060/3060 672/2945/2945
f 672/2945/2945 626/3060/3060 697/3062/3062
f 672/2945/2945 697/3062/3062 772/2944/2944
f 772/2944/2944 697/3062/3062 801/3064/3064
f 772/2944/2944 801/3064/3064 883/2943/2943
f 883/2943/2943 801/3064/3064 902/3066/3066
f 883/2943/2943 902/3066/3066 978/2942/2942
f 978/2942/2942 902/3066/3066 991/3068/3068
f 978/2942/2942 991/3068/3068 1076/2941/2941
f 1076/2941/2941 991/3068/3068 1084/3070/3070
f 1231/2919/2919 1078/2920/2920 1090/3027/3027
f 1090/3027/3027 1078/2920/2920 1000/3031/3031
f 1090/3027/3027 1000/3031/3031 992/3032/3032
f 992/3032/3032 1000/3031/3031 903/3034/3034
f 1078/2920/2920 980/2921/2921 1000/3031/3031
f 1000/3031/3031 980/2921/2921 911/3033/3033
f 1000/3031/3031 911/3033/3033 903/3034/3034
f 903/3034/3034 911/3033/3033 802/3036/3036
f 980/2921/2921 892/2922/2922 911/3033/3033
f 911/3033/3033 892/2922/2922 820/3035/3035
f 911/3033/3033 820/3035/3035 802/3036/3036
f 802/3036/3036 820/3035/3035 698/3038/3038
f 892/2922/2922 792/2923/2923 820/3035/3035
f 820/3035/3035 792/2923/2923 707/3037/3037
f 820/3035/3035 707/3037/3037 698/3038/3038
f 698/3038/3038 707/3037/3037 627/3040/3040
f 792/2923/2923 685/2924/2924 707/3037/3037
f 707/3037/3037 685/2924/2924 637/3039/3039
f 707/3037/3037 637/3039/3039 627/3040/3040
f 627/3040/3040 637/3039/3039 569/3042/3042
f 685/2924/2924 615/2925/2925 637/3039/3039
f 637/3039/3039 615/2925/2925 582/3041/3041
f 637/3039/3039 582/3041/3041 569/3042/3042
f 569/3042/3042 582/3041/3041 513/3044/3044
f 615/2925/2925 562/2926/2926 582/3041/3041
f 582/3041/3041 562/2926/2926 528/3043/3043
f 582/3041/3041 528/3043/3043 513/3044/3044
f 513/3044/3044 528/3043/3043 462/3046/3046
f 562/2926/2926 509/2927/2927 528/3043/3043
f 528/3043/3043 509/2927/2927 484/3045/3045
f 528/3043/3043 484/3045/3045 462/3046/3046
f 462/3046/3046 484/3045/3045 435/3048/3048
f 509/2927/2927 467/2928/2928 484/3045/3045
f 484/3045/3045 467/2928/2928 450/3047/3047
f 484/3045/3045 450/3047/3047 435/3048/3048
f 435/3048/3048 450/3047/3047 424/3050/3050
f 467/2928/2928 446/2929/2929 450/3047/3047
f 450/3047/3047 446/2929/2929 439/3049/3049
f 450/3047/3047 439/3049/3049 424/3050/3050
f 424/3050/3050 439/3049/3049 434/3052/3052
f 446/2929/2929 445/2930/2930 439/3049/3049
f 439/3049/3049 445/2930/2930 449/3051/3051
f 439/3049/3049 449/3051/3051 434/3052/3052
f 434/3052/3052 449/3051/3051 461/3054/3054
f 445/2930/2930 466/2931/2931 449/3051/3051
f 449/3051/3051 466/2931/2931 483/3053/3053
f 449/3051/3051 483/3053/3053 461/3054/3054
f 461/3054/3054 483/3053/3053 512/3056/3056
f 466/2931/2931 508/2932/2932 483/3053/3053
f 483/3053/3053 508/2932/2932 527/3055/3055
f 483/3053/3053 527/3055/3055 512/3056/3056
f 512/3056/3056 527/3055/3055 568/3058/3058
f 508/2932/2932 561/2933/2933 527/3055/3055
f 527/3055/3055 561/2933/2933 581/3057/3057
f 527/3055/3055 581/3057/3057 568/3058/3058
f 568/3058/3058 581/3057/3057 626/3060/3060
f 561/2933/2933 614/2934/2934 581/3057/3057
f 581/3057/3057 614/2934/2934 636/3059/3059
f 581/3057/3057 636/3059/3059 626/3060/3060
f 626/3060/3060 636/3059/3059 697/3062/3062
f 614/2934/2934 684/2935/2935 636/3059/3059
f 636/3059/3059 684/2935/2935 706/3061/3061
f 636/3059/3059 706/3061/3061 697/3062/3062
f 697/3062/3062 706/3061/3061 801/3064/3064
f 684/2935/2935 791/2936/2936 706/3061/3061
f 706/3061/3061 791/2936/2936 819/3063/3063
f 706/3061/3061 819/3063/3063 801/3064/3064
f 801/3064/3064 819/3063/3063 902/3066/3066
f 791/2936/2936 891/2937/2937 819/3063/3063
f 819/3063/3063 891/2937/2937 910/3065/3065
f 819/3063/3063 910/3065/3065 902/3066/3066
f 902/3066/3066 910/3065/3065 991/3068/3068
f 891/2937/2937 979/2938/2938 910/3065/3065
f 910/3065/3065 979/2938/2938 999/3067/3067
f 910/3065/3065 999/3067/3067 991/3068/3068
f 991/3068/3068 999/3067/3067 1084/3070/3070
f 979/2938/2938 1077/2939/2939 999/3067/3067
f 999/3067/3067 1077/2939/2939 1089/3069/3069
f 999/3067/3067 1089/3069/3069 1084/3070/3070
f 1077/2939/2939 1230/3073/3073 1089/3069/3069
f 1030/2960/2960 1143/2961/2961 1085/3028/3028
f 1085/3028/3028 1143/2961/2961 1227/3029/3029
f 1085/3028/3028 1227/3029/3029 1229/3030/3030
f 1229/3030/3030 1227/3029/3029 1362/3025/3025
f 1143/2961/2961 1310/2962/2962 1227/3029/3029
f 1227/3029/3029 1310/2962/2962 1367/3026/3026
f 1227/3029/3029 1367/3026/3026 1362/3025/3025
f 1362/3025/3025 1367/3026/3026 1451/3023/3023
f 1310/2962/2962 1415/2963/2963 1367/3026/3026
f 1367/3026/3026 1415/2963/2963 1459/3024/3024
f 1367/3026/3026 1459/3024/3024 1451/3023/3023
f 1451/3023/3023 1459/3024/3024 1539/3021/3021
f 1415/2963/2963 1515/2964/2964 1459/3024/3024
f 1459/3024/3024 1515/2964/2964 1547/3022/3022
f 1459/3024/3024 1547/3022/3022 1539/3021/3021
f 1539/3021/3021 1547/3022/3022 1630/3019/3019
f 1515/2964/2964 1611/2965/2965 1547/3022/3022
f 1547/3022/3022 1611/2965/2965 1647/3020/3020
f 1547/3022/3022 1647/3020/3020 1630/3019/3019
f 1630/3019/3019 1647/3020/3020 1739/3017/3017
f 1611/2965/2965 1727/2966/2966 1647/3020/3020
f 1647/3020/3020 1727/2966/2966 1746/3018/3018
f 1647/3020/3020 1746/3018/3018 1739/3017/3017
f 1739/3017/3017 1746/3018/3018 1809/3015/3015
f 1727/2966/2966 1801/2967/2967 1746/3018/3018
f 1746/3018/3018 1801/2967/2967 1816/3016/3016
f 1746/3018/3018 1816/3016/3016 1809/3015/3015
f 1809/3015/3015 1816/3016/3016 1861/3013/3013
f 1801/2967/2967 1864/2968/2968 1816/3016/3016
f 1816/3016/3016 1864/2968/2968 1875/3014/3014
f 1816/3016/3016 1875/3014/3014 1861/3013/3013
f 1861/3013/3013 1875/3014/3014 1913/3011/3011
f 1864/2968/2968 1922/2969/2969 1875/3014/3014
f 1875/3014/3014 1922/2969/2969 1924/3012/3012
f 1875/3014/3014 1924/3012/3012 1913/3011/3011
f 1913/3011/3011 1924/3012/3012 1956/3009/3009
f 1922/2969/2969 1982/2970/2970 1924/3012/3012
f 1924/3012/3012 1982/2970/2970 1977/3010/3010
f 1924/3012/3012 1977/3010/3010 1956/3009/3009
f 1956/3009/3009 1977/3010/3010 1989/3007/3007
f 1982/2970/2970 2015/2971/2971 1977/3010/3010
f 1977/3010/3010 2015/2971/2971 2004/3008/3008
f 1977/3010/3010 2004/3008/3008 1989/3007/3007
f 1989/3007/3007 2004/3008/3008 2000/3005/3005
f 2015/2971/2971 2030/2972/2972 2004/3008/3008
f 2004/3008/3008 2030/2972/2972 2011/3006/3006
f 2004/3008/3008 2011/3006/3006 2000/3005/3005
f 2000/3005/3005 2011/3006/3006 1988/3003/3003
f 2030/2972/2972 2023/2973/2973 2011/3006/3006
f 2011/3006/3006 2023/2973/2973 2003/3004/3004
f 2011/3006/3006 2003/3004/3004 1988/3003/3003
f 1988/3003/3003 2003/3004/3004 1955/3001/3001
f 2023/2973/2973 2002/2974/2974 2003/3004/3004
f 2003/3004/3004 2002/2974/2974 1976/3002/3002
f 2003/3004/3004 1976/3002/3002 1955/3001/3001
f 1955/3001/3001 1976/3002/3002 1912/2999/2999
f 2002/2974/2974 1954/2975/2975 1976/3002/3002
f 1976/3002/3002 1954/2975/2975 1923/3000/3000
f 1976/3002/3002 1923/3000/3000 1912/2999/2999
f 1912/2999/2999 1923/3000/3000 1860/2997/2997
f 1954/2975/2975 1898/2976/2976 1923/3000/3000
f 1923/3000/3000 1898/2976/2976 1874/2998/2998
f 1923/3000/3000 1874/2998/2998 1860/2997/2997
f 1860/2997/2997 1874/2998/2998 1808/2995/2995
f 1898/2976/2976 1837/2977/2977 1874/2998/2998
f 1874/2998/2998 1837/2977/2977 1815/2996/2996
f 1874/2998/2998 1815/2996/2996 1808/2995/2995
f 1808/2995/2995 1815/2996/2996 1738/2993/2993
f 1837/2977/2977 1769/2978/2978 1815/2996/2996
f 1815/2996/2996 1769/2978/2978 1745/2994/2994
f 1815/2996/2996 1745/2994/2994 1738/2993/2993
f 1738/2993/2993 1745/2994/2994 1629/2991/2991
f 1769/2978/2978 1670/2979/2979 1745/2994/2994
f 1745/2994/2994 1670/2979/2979 1646/2992/2992
f 1745/2994/2994 1646/2992/2992 1629/2991/2991
f 1629/2991/2991 1646/2992/2992 1538/2989/2989
f 1670/2979/2979 1568/2980/2980 1646/2992/2992
f 1646/2992/2992 1568/2980/2980 1546/2990/2990
f 1646/2992/2992 1546/2990/2990 1538/2989/2989
f 1538/2989/2989 1546/2990/2990 1450/2987/2987
f 1568/2980/2980 1474/2981/2981 1546/2990/2990
f 1546/2990/2990 1474/2981/2981 1458/2988/2988
f 1546/2990/2990 1458/2988/2988 1450/2987/2987
f 1450/2987/2987 1458/2988/2988 1361/2985/2985
f 1474/2981/2981 1377/2982/2982 1458/2988/2988
f 1458/2988/2988 1377/2982/2982 1366/2986/2986
f 1458/2988/2988 1366/2986/2986 1361/2985/2985
f 1361/2985/2985 1366/2986/2986 1228/3074/3074
f 1377/2982/2982 1225/3075/3075 1366/2986/2986
f 1366/3076/3076 1225/2940/2940 1226/2984/2984
f 1366/3077/3077 1226/2984/2984 1228/2983/2983
# 2407 vertices
# 3077 texture params
# 3077 normals
# 4810 facets

# 1 groups
