# WaveFront *.obj file (generated by Autodesk ATF)

mtllib 人.mtl

g ソリッド1

v -119.796982 0.000000 6.977379
v -119.796982 801.085281 6.977379
v -119.796982 830.000000 6.977379
v -119.796982 1354.145508 6.977379
v -118.176928 0.000000 -20.837781
v -118.176928 801.085281 -20.837781
v -118.176928 830.000000 -20.837781
v -118.176928 1354.145508 -20.837781
v -117.353945 1369.596405 6.835089
v -115.766935 1369.596405 -20.412834
v -114.958744 0.000000 34.416387
v -114.958744 801.085281 34.416387
v -114.958744 830.000000 34.416387
v -114.958744 1354.145508 34.416387
v -114.161520 801.085281 -13.861718
v -114.161520 801.085281 13.861718
v -114.161520 830.000000 -13.861718
v -114.161520 830.000000 13.861718
v -113.000002 1546.999969 0.000000
v -112.614374 1369.596405 33.714530
v -110.263987 1383.534851 6.422146
v -110.185928 0.000000 -47.529573
v -110.185928 801.085281 -47.529573
v -110.185928 830.000000 -47.529573
v -110.185928 1354.145508 -47.529573
v -109.716425 1519.957275 0.000000
v -109.716425 1520.743103 -6.471735
v -109.716425 1520.743103 6.471735
v -109.716425 1522.672424 11.810081
v -109.716425 1523.054962 -12.567356
v -109.716425 1523.054962 12.567356
v -109.716425 1526.758270 -17.932607
v -109.716425 1526.758270 17.932607
v -109.716425 1531.638031 -22.255681
v -109.716425 1531.638031 22.255681
v -109.716425 1537.410583 -25.285335
v -109.716425 1537.410583 25.285335
v -109.716425 1543.740387 -26.845498
v -109.716425 1543.740387 26.845498
v -109.716425 1550.259705 -26.845498
v -109.716425 1550.259705 26.845498
v -109.716425 1556.589508 -25.285335
v -109.716425 1556.589508 25.285335
v -109.716425 1562.362061 -22.255681
v -109.716425 1562.362061 22.255681
v -109.716425 1567.241669 -17.932607
v -109.716425 1567.241669 17.932607
v -109.716425 1570.945129 -12.567356
v -109.716425 1570.945129 12.567356
v -109.716425 1573.256836 -6.471735
v -109.716425 1573.256836 6.471735
v -109.716425 1574.042664 0.000000
v -108.772850 1383.534851 -19.179589
v -107.938900 1369.596405 -46.560297
v -107.526865 801.085281 -40.779562
v -107.526865 801.085281 40.779562
v -107.526865 830.000000 -40.779562
v -107.526865 830.000000 40.779562
v -105.810757 1383.534851 31.677661
v -103.923044 0.000000 60.000000
v -103.923044 801.085281 60.000000
v -103.923044 830.000000 60.000000
v -103.923044 1354.145508 60.000000
v -101.803732 1369.596405 58.776412
v -101.417751 1383.534851 -43.747349
v -100.056534 1494.486237 0.000000
v -100.056534 1496.012268 -12.567356
v -100.056534 1496.012268 12.567356
v -100.056534 1499.062653 21.440694
v -100.056534 1500.501404 -24.404342
v -100.056534 1500.501404 24.404342
v -100.056534 1507.692871 -34.823036
v -100.056534 1507.692871 34.823036
v -100.056534 1517.168732 -43.217945
v -100.056534 1517.168732 43.217945
v -100.056534 1528.378448 -49.101181
v -100.056534 1528.378448 49.101181
v -100.056534 1540.670166 -52.130833
v -100.056534 1540.670166 52.130833
v -100.056534 1553.329773 -52.130833
v -100.056534 1553.329773 52.130833
v -100.056534 1565.621643 -49.101181
v -100.056534 1565.621643 49.101181
v -100.056534 1576.831207 -43.217945
v -100.056534 1576.831207 43.217945
v -100.056534 1586.307068 -34.823036
v -100.056534 1586.307068 34.823036
v -100.056534 1593.498535 -24.404342
v -100.056534 1593.498535 24.404342
v -100.056534 1597.987823 -12.567356
v -100.056534 1597.987823 12.567356
v -100.056534 1599.513702 0.000000
v -99.221115 1394.596405 5.778972
v -97.879314 1394.596405 -17.258765
v -96.254787 0.000000 -71.659031
v -96.254787 801.085281 -71.659031
v -96.254787 830.000000 -71.659031
v -96.254787 1354.145508 -71.659031
v -95.653238 1383.534851 55.225425
v -95.213871 1394.596405 28.505161
v -94.643145 801.085281 -65.327444
v -94.643145 801.085281 65.327444
v -94.643145 830.000000 -65.327444
v -94.643145 830.000000 65.327444
v -94.291849 1369.596405 -70.197678
v -91.260824 1394.596405 -39.366076
v -88.595190 1383.534851 -65.956674
v -87.284842 0.000000 82.348995
v -87.284842 801.085281 82.348995
v -87.284842 830.000000 82.348995
v -87.284842 1354.145508 82.348995
v -86.073627 1394.596405 49.694633
v -85.504827 1369.596405 80.669641
v -85.306282 1401.698303 4.968525
v -84.581718 1472.067108 0.000000
v -84.581718 1474.244537 -17.932607
v -84.581718 1474.244537 17.932607
v -84.581718 1477.671356 28.433495
v -84.581718 1480.650177 -34.823036
v -84.581718 1480.650177 34.823036
v -84.581718 1490.912018 -49.689679
v -84.581718 1490.912018 49.689679
v -84.581718 1504.433289 -61.668534
v -84.581718 1504.433289 61.668534
v -84.581718 1520.428467 -70.063443
v -84.581718 1520.428467 70.063443
v -84.581718 1537.967834 -74.386516
v -84.581718 1537.967834 74.386516
v -84.581718 1556.032104 -74.386516
v -84.581718 1556.032104 74.386516
v -84.581718 1573.571625 -70.063443
v -84.581718 1573.571625 70.063443
v -84.581718 1589.566650 -61.668534
v -84.581718 1589.566650 61.668534
v -84.581718 1603.088074 -49.689679
v -84.581718 1603.088074 49.689679
v -84.581718 1613.349762 -34.823036
v -84.581718 1613.349762 34.823036
v -84.581718 1619.755402 -17.932607
v -84.581718 1619.755402 17.932607
v -84.581718 1621.932831 0.000000
v -84.152660 1401.698303 -14.838384
v -81.861019 1401.698303 24.507580
v -80.339041 1383.534851 75.795970
v -79.722433 1394.596405 -59.351153
v -78.462348 1401.698303 -33.845353
v -77.134514 0.000000 -91.925335
v -77.134514 801.085281 -91.925335
v -77.134514 830.000000 -91.925335
v -77.134514 1354.145508 -91.925335
v -76.259108 801.085281 -86.078739
v -76.259108 801.085281 86.078739
v -76.259108 830.000000 -86.078739
v -76.259108 830.000000 86.078739
v -75.561500 1369.596405 -90.050688
v -74.002604 1401.698303 42.725425
v -72.293129 1394.596405 68.205051
v -70.996437 1383.534851 -84.610262
v -69.804268 1404.145508 -5.231106
v -68.542109 1401.698303 -51.027708
v -68.244953 1404.145508 15.576465
v -65.941076 0.000000 100.258541
v -65.941076 801.085281 100.258541
v -65.941076 830.000000 100.258541
v -65.941076 1354.145508 100.258541
v -65.161161 1404.145508 -25.573871
v -64.596334 1369.596405 98.213949
v -64.191318 1454.002838 0.000000
v -64.191318 1456.705170 -22.255681
v -64.191318 1456.705170 22.255681
v -64.191318 1459.893494 32.571795
v -64.191318 1464.655151 -43.217945
v -64.191318 1464.655151 43.217945
v -64.191318 1477.390594 -61.668534
v -64.191318 1477.390594 61.668534
v -64.191318 1494.171600 -76.535177
v -64.191318 1494.171600 76.535177
v -64.191318 1514.022675 -86.953869
v -64.191318 1514.022675 86.953869
v -64.191318 1535.790405 -92.319126
v -64.191318 1535.790405 92.319126
v -64.191318 1558.209534 -92.319126
v -64.191318 1558.209534 92.319126
v -64.191318 1579.977264 -86.953869
v -64.191318 1579.977264 86.953869
v -64.191318 1599.828491 -76.535177
v -64.191318 1599.828491 76.535177
v -64.191318 1616.609344 -61.668534
v -64.191318 1616.609344 61.668534
v -64.191318 1629.344940 -43.217945
v -64.191318 1629.344940 43.217945
v -64.191318 1637.294922 -22.255681
v -64.191318 1637.294922 22.255681
v -64.191318 1639.997101 0.000000
v -63.886185 1394.596405 -76.136594
v -62.154694 1401.698303 58.639932
v -60.693731 1383.534851 92.280340
v -60.621777 1404.145508 35.000000
v -56.500001 1644.860840 0.000000
v -54.926748 1401.698303 -65.459146
v -54.728203 1404.145508 -43.644285
v -54.615293 1394.596405 83.038521
v -53.855901 0.000000 -107.235918
v -53.855901 801.085281 -107.235918
v -53.855901 830.000000 -107.235918
v -53.855901 1354.145508 -107.235918
v -53.443165 801.085281 -101.827440
v -53.443165 801.085281 101.827440
v -53.443165 830.000000 -101.827440
v -53.443165 830.000000 101.827440
v -52.757611 1369.596405 -105.049038
v -49.570251 1383.534851 -98.702488
v -47.612090 1404.145508 51.313629
v -46.956010 1401.698303 71.393142
v -44.605818 1394.596405 -88.817492
v -41.042418 0.000000 112.763119
v -41.042418 801.085281 112.763119
v -41.042418 830.000000 112.763119
v -41.042418 1354.145508 112.763119
v -40.205436 1369.596405 110.463524
v -40.070353 1441.343231 0.000000
v -40.070353 1444.413300 -25.285335
v -40.070353 1444.413300 25.285335
v -40.070353 1446.923523 33.883336
v -40.070353 1453.445587 -49.101181
v -40.070353 1453.445587 49.101181
v -40.070353 1467.914734 -70.063443
v -40.070353 1467.914734 70.063443
v -40.070353 1486.980133 -86.953869
v -40.070353 1486.980133 86.953869
v -40.070353 1509.533539 -98.790855
v -40.070353 1509.533539 98.790855
v -40.070353 1534.264526 -104.886475
v -40.070353 1534.264526 104.886475
v -40.070353 1559.735565 -104.886475
v -40.070353 1559.735565 104.886475
v -40.070353 1584.466400 -98.790855
v -40.070353 1584.466400 98.790855
v -40.070353 1607.019958 -86.953869
v -40.070353 1607.019958 86.953869
v -40.070353 1626.085205 -70.063443
v -40.070353 1626.085205 70.063443
v -40.070353 1640.554504 -49.101181
v -40.070353 1640.554504 49.101181
v -40.070353 1649.586639 -25.285335
v -40.070353 1649.586639 25.285335
v -40.070353 1652.656860 0.000000
v -39.432404 1404.145508 -57.836714
v -38.350272 1401.698303 -76.361670
v -37.776415 1383.534851 103.789845
v -33.993130 1394.596405 93.395357
v -30.381894 1404.145508 -6.934469
v -30.381894 1404.145508 6.934469
v -30.381894 1438.382111 -6.934469
v -30.381894 1438.382111 6.934469
v -30.371861 1404.145508 63.067822
v -29.225912 1401.698303 80.297537
v -27.673905 0.000000 -116.765385
v -27.673905 801.085281 -116.765385
v -27.673905 830.000000 -116.765385
v -27.673905 1354.145508 -116.765385
v -27.521300 801.085281 -111.658306
v -27.521300 801.085281 111.658306
v -27.521300 830.000000 -111.658306
v -27.521300 830.000000 111.658306
v -27.109547 1369.596405 -114.384174
v -25.471718 1383.534851 -107.473631
v -24.364388 1404.145508 -19.429951
v -24.364388 1404.145508 19.429951
v -24.364388 1438.382111 -19.429951
v -24.364388 1438.382111 19.429951
v -22.920742 1394.596405 -96.710215
v -20.632863 1404.145508 -66.890097
v -19.706322 1401.698303 -83.147507
v -13.931149 0.000000 119.188604
v -13.931149 801.085281 119.188604
v -13.931149 830.000000 119.188604
v -13.931149 1354.145508 119.188604
v -13.647050 1369.596405 116.757975
v -13.620645 1439.672546 32.623506
v -13.620645 1447.673035 -52.130833
v -13.620645 1447.673035 52.130833
v -13.620645 1463.034973 -74.386516
v -13.620645 1463.034973 74.386516
v -13.620645 1483.276672 -92.319126
v -13.620645 1483.276672 92.319126
v -13.620645 1507.221832 -104.886475
v -13.620645 1507.221832 104.886475
v -13.620645 1533.478699 -111.358213
v -13.620645 1533.478699 111.358213
v -13.620645 1560.521393 -111.358213
v -13.620645 1560.521393 111.358213
v -13.620645 1586.778259 -104.886475
v -13.620645 1586.778259 104.886475
v -13.620645 1610.723267 -92.319126
v -13.620645 1610.723267 92.319126
v -13.620645 1630.964966 -74.386516
v -13.620645 1630.964966 74.386516
v -13.620645 1646.327057 -52.130833
v -13.620645 1646.327057 52.130833
v -13.620645 1655.916443 -26.845498
v -13.620645 1655.916443 26.845498
v -13.620645 1659.176178 0.000000
v -13.521215 1404.145508 -28.077092
v -13.521215 1404.145508 28.077092
v -13.521215 1438.382111 -28.077092
v -13.521215 1438.382111 28.077092
v -12.822561 1383.534851 109.704018
v -11.538389 1394.596405 98.717232
v -10.432959 1404.145508 69.218159
v -9.920238 1401.698303 84.873066
v 0.000000 0.000000 -120.000000
v 0.000000 801.085281 -120.000000
v 0.000000 801.085281 -115.000000
v 0.000000 801.085281 115.000000
v 0.000000 830.000000 -120.000000
v 0.000000 830.000000 -115.000000
v 0.000000 830.000000 115.000000
v 0.000000 1354.145508 -120.000000
v 0.000000 1369.596405 -117.552824
v 0.000000 1383.534851 -110.450850
v 0.000000 1394.596405 -99.389267
v 0.000000 1401.698303 -85.450850
v 0.000000 1404.145508 -70.000000
v 0.000000 1404.145508 -31.163220
v 0.000000 1404.145508 31.163220
v 0.000000 1438.382111 -31.163220
v 0.000000 1438.382111 31.163220
v 9.920238 1401.698303 84.873066
v 10.432959 1404.145508 69.218159
v 11.538389 1394.596405 98.717232
v 12.822561 1383.534851 109.704018
v 13.521215 1404.145508 -28.077092
v 13.521215 1404.145508 28.077092
v 13.521215 1438.382111 -28.077092
v 13.521215 1438.382111 28.077092
v 13.620645 1447.673035 -52.130833
v 13.620645 1447.673035 52.130833
v 13.620645 1463.034973 -74.386516
v 13.620645 1463.034973 74.386516
v 13.620645 1483.276672 -92.319126
v 13.620645 1483.276672 92.319126
v 13.620645 1507.221832 -104.886475
v 13.620645 1507.221832 104.886475
v 13.620645 1533.478699 -111.358213
v 13.620645 1533.478699 111.358213
v 13.620645 1560.521393 -111.358213
v 13.620645 1560.521393 111.358213
v 13.620645 1586.778259 -104.886475
v 13.620645 1586.778259 104.886475
v 13.620645 1610.723267 -92.319126
v 13.620645 1610.723267 92.319126
v 13.620645 1630.964966 -74.386516
v 13.620645 1630.964966 74.386516
v 13.620645 1646.327057 -52.130833
v 13.620645 1646.327057 52.130833
v 13.620645 1655.916443 -26.845498
v 13.620645 1655.916443 26.845498
v 13.620645 1659.176178 0.000000
v 13.647050 1369.596405 116.757975
v 13.931149 0.000000 119.188604
v 13.931149 801.085281 119.188604
v 13.931149 830.000000 119.188604
v 13.931149 1354.145508 119.188604
v 19.706322 1401.698303 -83.147507
v 20.632863 1404.145508 -66.890097
v 22.920742 1394.596405 -96.710215
v 24.364388 1404.145508 -19.429951
v 24.364388 1404.145508 19.429951
v 24.364388 1438.382111 -19.429951
v 24.364388 1438.382111 19.429951
v 25.471718 1383.534851 -107.473631
v 27.109547 1369.596405 -114.384174
v 27.521300 801.085281 -111.658306
v 27.521300 801.085281 111.658306
v 27.521300 830.000000 -111.658306
v 27.521300 830.000000 111.658306
v 27.673905 0.000000 -116.765385
v 27.673905 801.085281 -116.765385
v 27.673905 830.000000 -116.765385
v 27.673905 1354.145508 -116.765385
v 29.225912 1401.698303 80.297537
v 30.371861 1404.145508 63.067822
v 30.381894 1404.145508 -6.934469
v 30.381894 1404.145508 6.934469
v 30.381894 1438.382111 -6.934469
v 30.381894 1438.382111 6.934469
v 33.993130 1394.596405 93.395357
v 37.776415 1383.534851 103.789845
v 38.350272 1401.698303 -76.361670
v 39.432404 1404.145508 -57.836714
v 40.070353 1441.343231 0.000000
v 40.070353 1444.413300 -25.285335
v 40.070353 1444.413300 25.285335
v 40.070353 1453.445587 -49.101181
v 40.070353 1453.445587 49.101181
v 40.070353 1467.914734 -70.063443
v 40.070353 1467.914734 70.063443
v 40.070353 1486.980133 -86.953869
v 40.070353 1486.980133 86.953869
v 40.070353 1509.533539 -98.790855
v 40.070353 1509.533539 98.790855
v 40.070353 1534.264526 -104.886475
v 40.070353 1534.264526 104.886475
v 40.070353 1559.735565 -104.886475
v 40.070353 1559.735565 104.886475
v 40.070353 1584.466400 -98.790855
v 40.070353 1584.466400 98.790855
v 40.070353 1607.019958 -86.953869
v 40.070353 1607.019958 86.953869
v 40.070353 1626.085205 -70.063443
v 40.070353 1626.085205 70.063443
v 40.070353 1640.554504 -49.101181
v 40.070353 1640.554504 49.101181
v 40.070353 1649.586639 -25.285335
v 40.070353 1649.586639 25.285335
v 40.070353 1652.656860 0.000000
v 40.205436 1369.596405 110.463524
v 41.042418 0.000000 112.763119
v 41.042418 801.085281 112.763119
v 41.042418 830.000000 112.763119
v 41.042418 1354.145508 112.763119
v 44.605818 1394.596405 -88.817492
v 46.956010 1401.698303 71.393142
v 47.612090 1404.145508 51.313629
v 49.570251 1383.534851 -98.702488
v 52.757611 1369.596405 -105.049038
v 53.443165 801.085281 -101.827440
v 53.443165 801.085281 101.827440
v 53.443165 830.000000 -101.827440
v 53.443165 830.000000 101.827440
v 53.855901 0.000000 -107.235918
v 53.855901 801.085281 -107.235918
v 53.855901 830.000000 -107.235918
v 53.855901 1354.145508 -107.235918
v 54.615293 1394.596405 83.038521
v 54.728203 1404.145508 -43.644285
v 54.926748 1401.698303 -65.459146
v 56.500001 1644.860840 0.000000
v 60.621777 1404.145508 35.000000
v 60.693731 1383.534851 92.280340
v 62.154694 1401.698303 58.639932
v 63.886185 1394.596405 -76.136594
v 64.191318 1454.002838 0.000000
v 64.191318 1456.705170 -22.255681
v 64.191318 1456.705170 22.255681
v 64.191318 1464.655151 -43.217945
v 64.191318 1464.655151 43.217945
v 64.191318 1477.390594 -61.668534
v 64.191318 1477.390594 61.668534
v 64.191318 1494.171600 -76.535177
v 64.191318 1494.171600 76.535177
v 64.191318 1514.022675 -86.953869
v 64.191318 1514.022675 86.953869
v 64.191318 1535.790405 -92.319126
v 64.191318 1535.790405 92.319126
v 64.191318 1558.209534 -92.319126
v 64.191318 1558.209534 92.319126
v 64.191318 1579.977264 -86.953869
v 64.191318 1579.977264 86.953869
v 64.191318 1599.828491 -76.535177
v 64.191318 1599.828491 76.535177
v 64.191318 1616.609344 -61.668534
v 64.191318 1616.609344 61.668534
v 64.191318 1629.344940 -43.217945
v 64.191318 1629.344940 43.217945
v 64.191318 1637.294922 -22.255681
v 64.191318 1637.294922 22.255681
v 64.191318 1639.997101 0.000000
v 64.596334 1369.596405 98.213949
v 65.161161 1404.145508 -25.573871
v 65.941076 0.000000 100.258541
v 65.941076 801.085281 100.258541
v 65.941076 830.000000 100.258541
v 65.941076 1354.145508 100.258541
v 68.244953 1404.145508 15.576465
v 68.542109 1401.698303 -51.027708
v 69.804268 1404.145508 -5.231106
v 70.996437 1383.534851 -84.610262
v 72.293129 1394.596405 68.205051
v 74.002604 1401.698303 42.725425
v 75.561500 1369.596405 -90.050688
v 76.259108 801.085281 -86.078739
v 76.259108 801.085281 86.078739
v 76.259108 830.000000 -86.078739
v 76.259108 830.000000 86.078739
v 77.134514 0.000000 -91.925335
v 77.134514 801.085281 -91.925335
v 77.134514 830.000000 -91.925335
v 77.134514 1354.145508 -91.925335
v 78.462348 1401.698303 -33.845353
v 79.722433 1394.596405 -59.351153
v 80.339041 1383.534851 75.795970
v 81.861019 1401.698303 24.507580
v 84.152660 1401.698303 -14.838384
v 84.581718 1472.067108 0.000000
v 84.581718 1474.244537 -17.932607
v 84.581718 1474.244537 17.932607
v 84.581718 1480.650177 -34.823036
v 84.581718 1480.650177 34.823036
v 84.581718 1490.912018 -49.689679
v 84.581718 1490.912018 49.689679
v 84.581718 1504.433289 -61.668534
v 84.581718 1504.433289 61.668534
v 84.581718 1520.428467 -70.063443
v 84.581718 1520.428467 70.063443
v 84.581718 1537.967834 -74.386516
v 84.581718 1537.967834 74.386516
v 84.581718 1556.032104 -74.386516
v 84.581718 1556.032104 74.386516
v 84.581718 1573.571625 -70.063443
v 84.581718 1573.571625 70.063443
v 84.581718 1589.566650 -61.668534
v 84.581718 1589.566650 61.668534
v 84.581718 1603.088074 -49.689679
v 84.581718 1603.088074 49.689679
v 84.581718 1613.349762 -34.823036
v 84.581718 1613.349762 34.823036
v 84.581718 1619.755402 -17.932607
v 84.581718 1619.755402 17.932607
v 84.581718 1621.932831 0.000000
v 85.306282 1401.698303 4.968525
v 85.504827 1369.596405 80.669641
v 86.073627 1394.596405 49.694633
v 87.284842 0.000000 82.348995
v 87.284842 801.085281 82.348995
v 87.284842 830.000000 82.348995
v 87.284842 1354.145508 82.348995
v 88.595190 1383.534851 -65.956674
v 91.260824 1394.596405 -39.366076
v 94.291849 1369.596405 -70.197678
v 94.643145 801.085281 -65.327444
v 94.643145 801.085281 65.327444
v 94.643145 830.000000 -65.327444
v 94.643145 830.000000 65.327444
v 95.213871 1394.596405 28.505161
v 95.653238 1383.534851 55.225425
v 96.254787 0.000000 -71.659031
v 96.254787 801.085281 -71.659031
v 96.254787 830.000000 -71.659031
v 96.254787 1354.145508 -71.659031
v 97.879314 1394.596405 -17.258765
v 99.221115 1394.596405 5.778972
v 100.056534 1494.486237 0.000000
v 100.056534 1496.012268 -12.567356
v 100.056534 1496.012268 12.567356
v 100.056534 1500.501404 -24.404342
v 100.056534 1500.501404 24.404342
v 100.056534 1507.692871 -34.823036
v 100.056534 1507.692871 34.823036
v 100.056534 1517.168732 -43.217945
v 100.056534 1517.168732 43.217945
v 100.056534 1528.378448 -49.101181
v 100.056534 1528.378448 49.101181
v 100.056534 1540.670166 -52.130833
v 100.056534 1540.670166 52.130833
v 100.056534 1553.329773 -52.130833
v 100.056534 1553.329773 52.130833
v 100.056534 1565.621643 -49.101181
v 100.056534 1565.621643 49.101181
v 100.056534 1576.831207 -43.217945
v 100.056534 1576.831207 43.217945
v 100.056534 1586.307068 -34.823036
v 100.056534 1586.307068 34.823036
v 100.056534 1593.498535 -24.404342
v 100.056534 1593.498535 24.404342
v 100.056534 1597.987823 -12.567356
v 100.056534 1597.987823 12.567356
v 100.056534 1599.513702 0.000000
v 101.417751 1383.534851 -43.747349
v 101.803732 1369.596405 58.776412
v 103.923044 0.000000 60.000000
v 103.923044 801.085281 60.000000
v 103.923044 830.000000 60.000000
v 103.923044 1354.145508 60.000000
v 105.810757 1383.534851 31.677661
v 107.526865 801.085281 -40.779562
v 107.526865 801.085281 40.779562
v 107.526865 830.000000 -40.779562
v 107.526865 830.000000 40.779562
v 107.938900 1369.596405 -46.560297
v 108.772850 1383.534851 -19.179589
v 109.716425 1519.957275 0.000000
v 109.716425 1520.743103 -6.471735
v 109.716425 1520.743103 6.471735
v 109.716425 1523.054962 -12.567356
v 109.716425 1523.054962 12.567356
v 109.716425 1526.758270 -17.932607
v 109.716425 1526.758270 17.932607
v 109.716425 1531.638031 -22.255681
v 109.716425 1531.638031 22.255681
v 109.716425 1537.410583 -25.285335
v 109.716425 1537.410583 25.285335
v 109.716425 1543.740387 -26.845498
v 109.716425 1543.740387 26.845498
v 109.716425 1550.259705 -26.845498
v 109.716425 1550.259705 26.845498
v 109.716425 1556.589508 -25.285335
v 109.716425 1556.589508 25.285335
v 109.716425 1562.362061 -22.255681
v 109.716425 1562.362061 22.255681
v 109.716425 1567.241669 -17.932607
v 109.716425 1567.241669 17.932607
v 109.716425 1570.945129 -12.567356
v 109.716425 1570.945129 12.567356
v 109.716425 1573.256836 -6.471735
v 109.716425 1573.256836 6.471735
v 109.716425 1574.042664 0.000000
v 110.185928 0.000000 -47.529573
v 110.185928 801.085281 -47.529573
v 110.185928 830.000000 -47.529573
v 110.185928 1354.145508 -47.529573
v 110.263987 1383.534851 6.422146
v 112.614374 1369.596405 33.714530
v 113.000002 1546.999969 0.000000
v 114.161520 801.085281 -13.861718
v 114.161520 801.085281 13.861718
v 114.161520 830.000000 -13.861718
v 114.161520 830.000000 13.861718
v 114.958744 0.000000 34.416387
v 114.958744 801.085281 34.416387
v 114.958744 830.000000 34.416387
v 114.958744 1354.145508 34.416387
v 115.766935 1369.596405 -20.412834
v 117.353945 1369.596405 6.835089
v 118.176928 0.000000 -20.837781
v 118.176928 801.085281 -20.837781
v 118.176928 830.000000 -20.837781
v 118.176928 1354.145508 -20.837781
v 119.796982 0.000000 6.977379
v 119.796982 801.085281 6.977379
v 119.796982 830.000000 6.977379
v 119.796982 1354.145508 6.977379
vt -1.711828 0.000000 0.000000
vt -1.711828 -1.398602 0.000000
vt -1.711828 -2.797204 0.000000
vt -1.711828 -4.195806 0.000000
vt -1.711828 -5.594409 0.000000
vt -1.711828 -6.993010 0.000000
vt -1.711828 -8.391612 0.000000
vt -1.711828 9.790215 0.000000
vt -1.711828 8.391612 0.000000
vt -1.711828 6.993010 0.000000
vt -1.711828 5.594409 0.000000
vt -1.711828 4.195806 0.000000
vt -1.711828 2.797204 0.000000
vt -1.711828 1.398602 0.000000
vt 1.711828 0.000000 0.000000
vt 1.711828 1.398602 0.000000
vt 1.711828 2.797204 0.000000
vt 1.711828 4.195806 0.000000
vt 1.711828 5.594409 0.000000
vt 1.711828 6.993010 0.000000
vt 1.711828 8.391612 0.000000
vt 1.711828 -9.790215 0.000000
vt 1.711828 -8.391612 0.000000
vt 1.711828 -6.993010 0.000000
vt 1.711828 -5.594409 0.000000
vt 1.711828 -4.195806 0.000000
vt 1.711828 -2.797204 0.000000
vt 1.711828 -1.398602 0.000000
vt 1.711828 9.790215 0.000000
vt -1.711828 -9.790215 0.000000
vt -0.000000 3.157240 0.000000
vt 1.355369 2.858414 0.000000
vt 2.455723 2.000227 0.000000
vt 3.076039 0.720446 0.000000
vt 3.076039 -0.720446 0.000000
vt 2.455723 -2.000227 0.000000
vt 1.355369 -2.858414 0.000000
vt -0.000000 -3.157240 0.000000
vt -1.355369 -2.858414 0.000000
vt -2.455723 -2.000227 0.000000
vt -3.076039 -0.720446 0.000000
vt -3.076039 0.720446 0.000000
vt -2.455723 2.000227 0.000000
vt -1.355369 2.858414 0.000000
vt 17.750000 -35.500000 0.000000
vt -17.750000 35.500000 0.000000
vt 5.916667 35.500000 0.000000
vt -5.916667 35.500000 0.000000
vt 15.019229 35.500000 0.000000
vt 12.288461 35.500000 0.000000
vt 9.557692 35.500000 0.000000
vt 6.826923 35.500000 0.000000
vt 4.096154 35.500000 0.000000
vt 1.365384 35.500000 0.000000
vt -1.365384 35.500000 0.000000
vt -4.096154 35.500000 0.000000
vt -6.826923 35.500000 0.000000
vt -9.557692 35.500000 0.000000
vt -12.288461 35.500000 0.000000
vt -15.019229 35.500000 0.000000
vt 15.019229 5.461538 0.000000
vt 12.288461 5.461538 0.000000
vt 9.557692 5.461538 0.000000
vt 6.826923 5.461538 0.000000
vt 4.096154 5.461538 0.000000
vt 1.365384 5.461538 0.000000
vt -1.365384 5.461538 0.000000
vt -4.096154 5.461538 0.000000
vt -6.826923 5.461538 0.000000
vt -9.557692 5.461538 0.000000
vt -12.288461 5.461538 0.000000
vt -15.019229 5.461538 0.000000
vt -15.019229 2.730769 0.000000
vt -12.288461 2.730769 0.000000
vt -9.557692 2.730769 0.000000
vt -6.826923 2.730769 0.000000
vt -4.096154 2.730769 0.000000
vt 4.096154 2.730769 0.000000
vt 6.826923 2.730769 0.000000
vt 9.557692 2.730769 0.000000
vt 12.288461 2.730769 0.000000
vt 15.019229 2.730769 0.000000
vt 4.096154 0.000000 0.000000
vt 6.826923 0.000000 0.000000
vt 9.557692 0.000000 0.000000
vt 12.288461 0.000000 0.000000
vt 15.019229 0.000000 0.000000
vt 4.096154 -2.730769 0.000000
vt 6.826923 -2.730769 0.000000
vt 9.557692 -2.730769 0.000000
vt 12.288461 -2.730769 0.000000
vt 15.019229 -2.730769 0.000000
vt 1.365384 -3.334494 0.000000
vt 4.096154 -3.689002 0.000000
vt 6.826923 -4.043509 0.000000
vt 9.557692 -4.398016 0.000000
vt 12.288461 -4.752523 0.000000
vt 15.019229 -5.107031 0.000000
vt -15.019229 -5.461538 0.000000
vt -12.288461 -5.461538 0.000000
vt -9.557692 -5.461538 0.000000
vt -6.826923 -5.461538 0.000000
vt -4.096154 -5.461538 0.000000
vt -1.365384 -5.461538 0.000000
vt 1.365384 -5.461538 0.000000
vt 4.096154 -5.461538 0.000000
vt 6.826923 -5.461538 0.000000
vt 9.557692 -5.461538 0.000000
vt 12.288461 -5.461538 0.000000
vt 15.019229 -5.461538 0.000000
vt -4.096154 -2.730769 0.000000
vt -6.826923 -2.730769 0.000000
vt -9.557692 -2.730769 0.000000
vt -12.288461 -2.730769 0.000000
vt -15.019229 -2.730769 0.000000
vt -4.096154 0.000000 0.000000
vt -6.826923 0.000000 0.000000
vt -9.557692 0.000000 0.000000
vt -12.288461 0.000000 0.000000
vt -15.019229 0.000000 0.000000
vt 15.019229 -32.769230 0.000000
vt 12.288461 -32.769230 0.000000
vt 9.557692 -32.769230 0.000000
vt 6.826923 -32.769230 0.000000
vt 4.096154 -32.769230 0.000000
vt 1.365384 -32.769230 0.000000
vt -1.365384 -32.769230 0.000000
vt -4.096154 -32.769230 0.000000
vt -6.826923 -32.769230 0.000000
vt -9.557692 -32.769230 0.000000
vt -12.288461 -32.769230 0.000000
vt -15.019229 -32.769230 0.000000
vt -15.019229 32.769230 0.000000
vt -12.288461 32.769230 0.000000
vt -9.557692 32.769230 0.000000
vt -6.826923 32.769230 0.000000
vt -4.096154 32.769230 0.000000
vt -1.365384 32.769230 0.000000
vt 1.365384 32.769230 0.000000
vt 4.096154 32.769230 0.000000
vt 6.826923 32.769230 0.000000
vt 9.557692 32.769230 0.000000
vt 12.288461 32.769230 0.000000
vt 15.019229 32.769230 0.000000
vt 15.019229 -10.923076 0.000000
vt 12.288461 -10.923076 0.000000
vt 9.557692 -10.923076 0.000000
vt 6.826923 -10.923076 0.000000
vt 4.096154 -10.923076 0.000000
vt 1.365384 -10.923076 0.000000
vt -1.365384 -10.923076 0.000000
vt -4.096154 -10.923076 0.000000
vt -6.826923 -10.923076 0.000000
vt -9.557692 -10.923076 0.000000
vt -12.288461 -10.923076 0.000000
vt -15.019229 -10.923076 0.000000
vt -15.019229 -13.653846 0.000000
vt -12.288461 -13.653846 0.000000
vt -9.557692 -13.653846 0.000000
vt -6.826923 -13.653846 0.000000
vt -4.096154 -13.653846 0.000000
vt -1.365384 -13.653846 0.000000
vt 1.365384 -13.653846 0.000000
vt 4.096154 -13.653846 0.000000
vt 6.826923 -13.653846 0.000000
vt 9.557692 -13.653846 0.000000
vt 12.288461 -13.653846 0.000000
vt 15.019229 -13.653846 0.000000
vt 15.019229 13.653846 0.000000
vt 12.288461 13.653846 0.000000
vt 9.557692 13.653846 0.000000
vt 6.826923 13.653846 0.000000
vt 4.096154 13.653846 0.000000
vt 1.365384 13.653846 0.000000
vt -1.365384 13.653846 0.000000
vt -4.096154 13.653846 0.000000
vt -6.826923 13.653846 0.000000
vt -9.557692 13.653846 0.000000
vt -12.288461 13.653846 0.000000
vt -15.019229 13.653846 0.000000
vt -15.019229 10.923076 0.000000
vt -12.288461 10.923076 0.000000
vt -9.557692 10.923076 0.000000
vt -6.826923 10.923076 0.000000
vt -4.096154 10.923076 0.000000
vt -1.365384 10.923076 0.000000
vt 1.365384 10.923076 0.000000
vt 4.096154 10.923076 0.000000
vt 6.826923 10.923076 0.000000
vt 9.557692 10.923076 0.000000
vt 12.288461 10.923076 0.000000
vt 15.019229 10.923076 0.000000
vt -15.019229 30.038458 0.000000
vt -12.288461 30.038458 0.000000
vt -9.557692 30.038458 0.000000
vt -6.826923 30.038458 0.000000
vt -4.096154 30.038458 0.000000
vt -1.365384 30.038458 0.000000
vt 1.365384 30.038458 0.000000
vt 4.096154 30.038458 0.000000
vt 6.826923 30.038458 0.000000
vt 9.557692 30.038458 0.000000
vt 12.288461 30.038458 0.000000
vt 15.019229 30.038458 0.000000
vt -15.019229 27.307692 0.000000
vt -12.288461 27.307692 0.000000
vt -9.557692 27.307692 0.000000
vt -6.826923 27.307692 0.000000
vt -4.096154 27.307692 0.000000
vt -1.365384 27.307692 0.000000
vt 1.365384 27.307692 0.000000
vt 4.096154 27.307692 0.000000
vt 6.826923 27.307692 0.000000
vt 9.557692 27.307692 0.000000
vt 12.288461 27.307692 0.000000
vt 15.019229 27.307692 0.000000
vt -15.019229 24.576921 0.000000
vt -12.288461 24.576921 0.000000
vt -9.557692 24.576921 0.000000
vt -6.826923 24.576921 0.000000
vt -4.096154 24.576921 0.000000
vt -1.365384 24.576921 0.000000
vt 1.365384 24.576921 0.000000
vt 4.096154 24.576921 0.000000
vt 6.826923 24.576921 0.000000
vt 9.557692 24.576921 0.000000
vt 12.288461 24.576921 0.000000
vt 15.019229 24.576921 0.000000
vt -15.019229 21.846151 0.000000
vt -12.288461 21.846151 0.000000
vt -9.557692 21.846151 0.000000
vt -6.826923 21.846151 0.000000
vt -4.096154 21.846151 0.000000
vt -1.365384 21.846151 0.000000
vt 1.365384 21.846151 0.000000
vt 4.096154 21.846151 0.000000
vt 6.826923 21.846151 0.000000
vt 9.557692 21.846151 0.000000
vt 12.288461 21.846151 0.000000
vt 15.019229 21.846151 0.000000
vt -15.019229 19.115383 0.000000
vt -12.288461 19.115383 0.000000
vt -9.557692 19.115383 0.000000
vt -6.826923 19.115383 0.000000
vt -4.096154 19.115383 0.000000
vt -1.365384 19.115383 0.000000
vt 1.365384 19.115383 0.000000
vt 4.096154 19.115383 0.000000
vt 6.826923 19.115383 0.000000
vt 9.557692 19.115383 0.000000
vt 12.288461 19.115383 0.000000
vt 15.019229 19.115383 0.000000
vt -15.019229 16.384615 0.000000
vt -12.288461 16.384615 0.000000
vt -9.557692 16.384615 0.000000
vt -6.826923 16.384615 0.000000
vt -4.096154 16.384615 0.000000
vt -1.365384 16.384615 0.000000
vt 1.365384 16.384615 0.000000
vt 4.096154 16.384615 0.000000
vt 6.826923 16.384615 0.000000
vt 9.557692 16.384615 0.000000
vt 12.288461 16.384615 0.000000
vt 15.019229 16.384615 0.000000
vt -15.019229 8.192307 0.000000
vt -12.288461 8.192307 0.000000
vt -9.557692 8.192307 0.000000
vt -6.826923 8.192307 0.000000
vt -4.096154 8.192307 0.000000
vt -1.365384 8.192307 0.000000
vt 1.365384 8.192307 0.000000
vt 4.096154 8.192307 0.000000
vt 6.826923 8.192307 0.000000
vt 9.557692 8.192307 0.000000
vt 12.288461 8.192307 0.000000
vt 15.019229 8.192307 0.000000
vt -15.019229 -8.192307 0.000000
vt -12.288461 -8.192307 0.000000
vt -9.557692 -8.192307 0.000000
vt -6.826923 -8.192307 0.000000
vt -4.096154 -8.192307 0.000000
vt -1.365384 -8.192307 0.000000
vt 1.365384 -8.192307 0.000000
vt 4.096154 -8.192307 0.000000
vt 6.826923 -8.192307 0.000000
vt 9.557692 -8.192307 0.000000
vt 12.288461 -8.192307 0.000000
vt 15.019229 -8.192307 0.000000
vt -15.019229 -16.384615 0.000000
vt -12.288461 -16.384615 0.000000
vt -9.557692 -16.384615 0.000000
vt -6.826923 -16.384615 0.000000
vt -4.096154 -16.384615 0.000000
vt -1.365384 -16.384615 0.000000
vt 1.365384 -16.384615 0.000000
vt 4.096154 -16.384615 0.000000
vt 6.826923 -16.384615 0.000000
vt 9.557692 -16.384615 0.000000
vt 12.288461 -16.384615 0.000000
vt 15.019229 -16.384615 0.000000
vt -15.019229 -19.115383 0.000000
vt -12.288461 -19.115383 0.000000
vt -9.557692 -19.115383 0.000000
vt -6.826923 -19.115383 0.000000
vt -4.096154 -19.115383 0.000000
vt -1.365384 -19.115383 0.000000
vt 1.365384 -19.115383 0.000000
vt 4.096154 -19.115383 0.000000
vt 6.826923 -19.115383 0.000000
vt 9.557692 -19.115383 0.000000
vt 12.288461 -19.115383 0.000000
vt 15.019229 -19.115383 0.000000
vt -15.019229 -21.846151 0.000000
vt -12.288461 -21.846151 0.000000
vt -9.557692 -21.846151 0.000000
vt -6.826923 -21.846151 0.000000
vt -4.096154 -21.846151 0.000000
vt -1.365384 -21.846151 0.000000
vt 1.365384 -21.846151 0.000000
vt 4.096154 -21.846151 0.000000
vt 6.826923 -21.846151 0.000000
vt 9.557692 -21.846151 0.000000
vt 12.288461 -21.846151 0.000000
vt 15.019229 -21.846151 0.000000
vt -15.019229 -24.576921 0.000000
vt -12.288461 -24.576921 0.000000
vt -9.557692 -24.576921 0.000000
vt -6.826923 -24.576921 0.000000
vt -4.096154 -24.576921 0.000000
vt -1.365384 -24.576921 0.000000
vt 1.365384 -24.576921 0.000000
vt 4.096154 -24.576921 0.000000
vt 6.826923 -24.576921 0.000000
vt 9.557692 -24.576921 0.000000
vt 12.288461 -24.576921 0.000000
vt 15.019229 -24.576921 0.000000
vt -15.019229 -27.307692 0.000000
vt -12.288461 -27.307692 0.000000
vt -9.557692 -27.307692 0.000000
vt -6.826923 -27.307692 0.000000
vt -4.096154 -27.307692 0.000000
vt -1.365384 -27.307692 0.000000
vt 1.365384 -27.307692 0.000000
vt 4.096154 -27.307692 0.000000
vt 6.826923 -27.307692 0.000000
vt 9.557692 -27.307692 0.000000
vt 12.288461 -27.307692 0.000000
vt 15.019229 -27.307692 0.000000
vt -15.019229 -30.038458 0.000000
vt -12.288461 -30.038458 0.000000
vt -9.557692 -30.038458 0.000000
vt -6.826923 -30.038458 0.000000
vt -4.096154 -30.038458 0.000000
vt -1.365384 -30.038458 0.000000
vt 1.365384 -30.038458 0.000000
vt 4.096154 -30.038458 0.000000
vt 6.826923 -30.038458 0.000000
vt 9.557692 -30.038458 0.000000
vt 12.288461 -30.038458 0.000000
vt 15.019229 -30.038458 0.000000
vt -9.557692 38.230770 0.000000
vt -9.557692 -35.500000 0.000000
vt -17.750000 -35.500000 0.000000
vt 6.826923 38.230770 0.000000
vt 6.826923 38.230770 0.000000
vt 9.557692 -35.500000 0.000000
vt 9.557692 38.230770 0.000000
vt 12.288461 -35.500000 0.000000
vt 12.288461 38.230770 0.000000
vt 15.019229 -35.500000 0.000000
vt 15.019229 -35.500000 0.000000
vt -4.096154 38.230770 0.000000
vt -4.096154 38.230770 0.000000
vt -1.365384 -35.500000 0.000000
vt -1.365384 38.230770 0.000000
vt 1.365384 -35.500000 0.000000
vt 1.365384 38.230770 0.000000
vt 4.096154 -35.500000 0.000000
vt 4.096154 38.230770 0.000000
vt 5.916667 -35.500000 0.000000
vt -17.750000 -35.500000 0.000000
vt -17.750000 -35.500000 0.000000
vt -17.750000 -35.500000 0.000000
vt -17.750000 -35.500000 0.000000
vt -17.750000 -35.500000 0.000000
vt -17.750000 -35.500000 0.000000
vt -17.750000 -35.500000 0.000000
vt -17.750000 -35.500000 0.000000
vt -17.750000 -35.500000 0.000000
vt -17.750000 -35.500000 0.000000
vt -15.019229 38.230770 0.000000
vt 17.750000 35.500000 0.000000
vt 17.750000 35.500000 0.000000
vt 17.750000 35.500000 0.000000
vt 17.750000 35.500000 0.000000
vt 17.750000 35.500000 0.000000
vt 17.750000 35.500000 0.000000
vt 17.750000 35.500000 0.000000
vt 17.750000 35.500000 0.000000
vt 17.750000 35.500000 0.000000
vt 17.750000 35.500000 0.000000
vt 17.750000 35.500000 0.000000
vt 17.750000 35.500000 0.000000
vt -6.826923 38.230770 0.000000
vt -5.916667 -35.500000 0.000000
vt -12.288461 38.230770 0.000000
vt -12.288461 -35.500000 0.000000
vt -15.019229 38.230770 0.000000
vt 17.750000 35.500000 0.000000
vt -6.826923 -35.500000 0.000000
vt -17.750000 -35.500000 0.000000
vt 0.000000 0.000000 0.000000
vt -0.323462 2.767390 0.000000
vt -1.276408 5.385590 0.000000
vt -2.807467 7.713451 0.000000
vt -4.834097 9.625479 0.000000
vt -7.247043 11.018593 0.000000
vt -9.916222 11.817693 0.000000
vt -12.697738 11.979698 0.000000
vt -15.441639 11.495874 0.000000
vt -18.000000 10.392304 0.000000
vt -20.234900 8.728484 0.000000
vt -22.025854 6.594108 0.000000
vt -23.276312 4.104242 0.000000
vt -23.918859 1.393115 0.000000
vt -23.918859 -1.393115 0.000000
vt -23.276312 -4.104242 0.000000
vt -22.025854 -6.594108 0.000000
vt -20.234900 -8.728484 0.000000
vt -18.000000 -10.392304 0.000000
vt -15.441639 -11.495874 0.000000
vt -12.697738 -11.979698 0.000000
vt -9.916222 -11.817693 0.000000
vt -7.247043 -11.018593 0.000000
vt -4.834097 -9.625479 0.000000
vt -2.807467 -7.713451 0.000000
vt -1.276408 -5.385590 0.000000
vt -0.323462 -2.767390 0.000000
vt -40.054264 0.000000 0.000000
vt -40.054264 -2.792527 0.000000
vt -40.054264 -5.585053 0.000000
vt -40.054264 -8.377581 0.000000
vt -40.054264 -11.170107 0.000000
vt -40.054264 -13.962635 0.000000
vt -40.054264 -16.755161 0.000000
vt -40.054264 -19.547688 0.000000
vt -40.054264 -22.340214 0.000000
vt -40.054264 -25.132742 0.000000
vt -40.054264 -27.925270 0.000000
vt -40.054264 -30.717793 0.000000
vt -40.054264 -33.510323 0.000000
vt -40.054264 -36.302849 0.000000
vt -40.054264 36.302849 0.000000
vt -40.054264 33.510323 0.000000
vt -40.054264 30.717793 0.000000
vt -40.054264 27.925270 0.000000
vt -40.054264 25.132742 0.000000
vt -40.054264 22.340214 0.000000
vt -40.054264 19.547688 0.000000
vt -40.054264 16.755161 0.000000
vt -40.054264 13.962635 0.000000
vt -40.054264 11.170107 0.000000
vt -40.054264 8.377581 0.000000
vt -40.054264 5.585053 0.000000
vt -40.054264 2.792527 0.000000
vt 40.054264 0.000000 0.000000
vt 40.054264 2.792527 0.000000
vt 40.054264 5.585053 0.000000
vt 40.054264 8.377581 0.000000
vt 40.054264 11.170107 0.000000
vt 40.054264 13.962635 0.000000
vt 40.054264 16.755161 0.000000
vt 40.054264 19.547688 0.000000
vt 40.054264 22.340214 0.000000
vt 40.054264 25.132742 0.000000
vt 40.054264 27.925270 0.000000
vt 40.054264 30.717793 0.000000
vt 40.054264 33.510323 0.000000
vt 40.054264 -39.095375 0.000000
vt 40.054264 -36.302849 0.000000
vt 40.054264 -33.510323 0.000000
vt 40.054264 -30.717793 0.000000
vt 40.054264 -27.925270 0.000000
vt 40.054264 -25.132742 0.000000
vt 40.054264 -22.340214 0.000000
vt 40.054264 -19.547688 0.000000
vt 40.054264 -16.755161 0.000000
vt 40.054264 -13.962635 0.000000
vt 40.054264 -11.170107 0.000000
vt 40.054264 -8.377581 0.000000
vt 40.054264 -5.585053 0.000000
vt 40.054264 -2.792527 0.000000
vt 40.054264 36.302849 0.000000
vt 40.054264 36.302849 0.000000
vt -40.054264 -39.095379 0.000000
vt -40.054264 -39.095379 0.000000
vt 0.000000 0.000000 0.000000
vt 0.334169 2.752130 0.000000
vt 1.317256 5.344316 0.000000
vt 2.892126 7.625911 0.000000
vt 4.967256 9.464314 0.000000
vt 7.422044 10.752687 0.000000
vt 10.113828 11.416152 0.000000
vt 12.886172 11.416152 0.000000
vt 15.577956 10.752687 0.000000
vt 18.032745 9.464314 0.000000
vt 20.107874 7.625911 0.000000
vt 21.682745 5.344316 0.000000
vt 22.665831 2.752130 0.000000
vt 23.000000 0.000000 0.000000
vt 22.665831 -2.752130 0.000000
vt 21.682745 -5.344316 0.000000
vt 20.107874 -7.625911 0.000000
vt 18.032745 -9.464314 0.000000
vt 15.577956 -10.752687 0.000000
vt 12.886172 -11.416152 0.000000
vt 10.113828 -11.416152 0.000000
vt 7.422044 -10.752687 0.000000
vt 4.967256 -9.464314 0.000000
vt 2.892126 -7.625911 0.000000
vt 1.317256 -5.344316 0.000000
vt 0.334169 -2.752130 0.000000
vt -0.500000 0.000000 0.000000
vt -0.176538 -2.767390 0.000000
vt 0.776408 -5.385590 0.000000
vt 2.307467 -7.713451 0.000000
vt 4.334097 -9.625479 0.000000
vt 6.747043 -11.018593 0.000000
vt 9.416222 -11.817693 0.000000
vt 12.197738 -11.979698 0.000000
vt 14.941639 -11.495874 0.000000
vt 17.500000 -10.392304 0.000000
vt 19.734900 -8.728484 0.000000
vt 21.525854 -6.594108 0.000000
vt 22.776312 -4.104242 0.000000
vt 23.418859 -1.393115 0.000000
vt 23.418859 1.393115 0.000000
vt 22.776312 4.104242 0.000000
vt 21.525854 6.594108 0.000000
vt 19.734900 8.728484 0.000000
vt 17.500000 10.392304 0.000000
vt 14.941639 11.495874 0.000000
vt 12.197738 11.979698 0.000000
vt 9.416222 11.817693 0.000000
vt 6.747043 11.018593 0.000000
vt 4.334097 9.625479 0.000000
vt 2.307467 7.713451 0.000000
vt 0.776408 5.385590 0.000000
vt -0.176538 2.767390 0.000000
vt -1.445737 0.000000 0.000000
vt -1.445737 -2.779101 0.000000
vt -1.445737 -5.558202 0.000000
vt -1.445737 -8.337303 0.000000
vt -1.445737 -11.116405 0.000000
vt -1.445737 -13.895506 0.000000
vt -1.445737 -16.674606 0.000000
vt -1.445737 -19.453709 0.000000
vt -1.445737 -22.232809 0.000000
vt -1.445737 -25.011909 0.000000
vt -1.445737 -27.791012 0.000000
vt -1.445737 -30.570112 0.000000
vt -1.445737 -33.349213 0.000000
vt -1.445737 36.128315 0.000000
vt -1.445737 33.349213 0.000000
vt -1.445737 30.570112 0.000000
vt -1.445737 27.791012 0.000000
vt -1.445737 25.011909 0.000000
vt -1.445737 22.232809 0.000000
vt -1.445737 19.453709 0.000000
vt -1.445737 16.674606 0.000000
vt -1.445737 13.895506 0.000000
vt -1.445737 11.116405 0.000000
vt -1.445737 8.337303 0.000000
vt -1.445737 5.558202 0.000000
vt -1.445737 2.779101 0.000000
vt 1.445737 0.000000 0.000000
vt 1.445737 2.779101 0.000000
vt 1.445737 5.558202 0.000000
vt 1.445737 8.337303 0.000000
vt 1.445737 11.116405 0.000000
vt 1.445737 13.895506 0.000000
vt 1.445737 16.674606 0.000000
vt 1.445737 19.453709 0.000000
vt 1.445737 22.232809 0.000000
vt 1.445737 25.011909 0.000000
vt 1.445737 27.791012 0.000000
vt 1.445737 30.570112 0.000000
vt 1.445737 33.349213 0.000000
vt 1.445737 -36.128315 0.000000
vt 1.445737 -33.349213 0.000000
vt 1.445737 -30.570112 0.000000
vt 1.445737 -27.791012 0.000000
vt 1.445737 -25.011909 0.000000
vt 1.445737 -22.232809 0.000000
vt 1.445737 -19.453709 0.000000
vt 1.445737 -16.674606 0.000000
vt 1.445737 -13.895506 0.000000
vt 1.445737 -11.116405 0.000000
vt 1.445737 -8.337303 0.000000
vt 1.445737 -5.558202 0.000000
vt 1.445737 -2.779101 0.000000
vt 1.445737 36.128315 0.000000
vt -1.445737 -36.128315 0.000000
vt 0.000000 0.000000 0.000000
vt -0.323462 2.767390 0.000000
vt -1.276408 5.385590 0.000000
vt -2.807467 7.713451 0.000000
vt -4.834097 9.625479 0.000000
vt -7.247043 11.018593 0.000000
vt -9.916222 11.817693 0.000000
vt -12.697738 11.979698 0.000000
vt -15.441639 11.495874 0.000000
vt -18.000000 10.392304 0.000000
vt -20.234900 8.728484 0.000000
vt -22.025854 6.594108 0.000000
vt -23.276312 4.104242 0.000000
vt -23.918859 1.393115 0.000000
vt -23.918859 -1.393115 0.000000
vt -23.276312 -4.104242 0.000000
vt -22.025854 -6.594108 0.000000
vt -20.234900 -8.728484 0.000000
vt -18.000000 -10.392304 0.000000
vt -15.441639 -11.495874 0.000000
vt -12.697738 -11.979698 0.000000
vt -9.916222 -11.817693 0.000000
vt -7.247043 -11.018593 0.000000
vt -4.834097 -9.625479 0.000000
vt -2.807467 -7.713451 0.000000
vt -1.276408 -5.385590 0.000000
vt -0.323462 -2.767390 0.000000
vt -0.500000 0.000000 0.000000
vt -0.834169 -2.752130 0.000000
vt -1.817256 -5.344316 0.000000
vt -3.392126 -7.625911 0.000000
vt -5.467256 -9.464314 0.000000
vt -7.922044 -10.752687 0.000000
vt -10.613828 -11.416152 0.000000
vt -13.386172 -11.416152 0.000000
vt -16.077957 -10.752687 0.000000
vt -18.532745 -9.464314 0.000000
vt -20.607874 -7.625911 0.000000
vt -22.182745 -5.344316 0.000000
vt -23.165831 -2.752130 0.000000
vt -23.500000 0.000000 0.000000
vt -23.165831 2.752130 0.000000
vt -22.182745 5.344316 0.000000
vt -20.607874 7.625911 0.000000
vt -18.532745 9.464314 0.000000
vt -16.077957 10.752687 0.000000
vt -13.386172 11.416152 0.000000
vt -10.613828 11.416152 0.000000
vt -7.922044 10.752687 0.000000
vt -5.467256 9.464314 0.000000
vt -3.392126 7.625911 0.000000
vt -1.817256 5.344316 0.000000
vt -0.834169 2.752130 0.000000
vt -26.207275 0.000000 0.000000
vt -26.207275 -2.792527 0.000000
vt -26.207275 -5.585053 0.000000
vt -26.207275 -8.377581 0.000000
vt -26.207275 -11.170107 0.000000
vt -26.207275 -13.962635 0.000000
vt -26.207275 -16.755161 0.000000
vt -26.207275 -19.547688 0.000000
vt -26.207275 -22.340214 0.000000
vt -26.207275 -25.132742 0.000000
vt -26.207275 -27.925270 0.000000
vt -26.207275 -30.717793 0.000000
vt -26.207275 -33.510323 0.000000
vt -26.207275 -36.302849 0.000000
vt -26.207275 36.302849 0.000000
vt -26.207275 33.510323 0.000000
vt -26.207275 30.717793 0.000000
vt -26.207275 27.925270 0.000000
vt -26.207275 25.132742 0.000000
vt -26.207275 22.340214 0.000000
vt -26.207275 19.547688 0.000000
vt -26.207275 16.755161 0.000000
vt -26.207275 13.962635 0.000000
vt -26.207275 11.170107 0.000000
vt -26.207275 8.377581 0.000000
vt -26.207275 5.585053 0.000000
vt -26.207275 2.792527 0.000000
vt 26.207275 0.000000 0.000000
vt 26.207275 2.792527 0.000000
vt 26.207275 5.585053 0.000000
vt 26.207275 8.377581 0.000000
vt 26.207275 11.170107 0.000000
vt 26.207275 13.962635 0.000000
vt 26.207275 16.755161 0.000000
vt 26.207275 19.547688 0.000000
vt 26.207275 22.340214 0.000000
vt 26.207275 25.132742 0.000000
vt 26.207275 27.925270 0.000000
vt 26.207275 30.717793 0.000000
vt 26.207275 33.510323 0.000000
vt 26.207275 -39.095375 0.000000
vt 26.207275 -36.302849 0.000000
vt 26.207275 -33.510323 0.000000
vt 26.207275 -30.717793 0.000000
vt 26.207275 -27.925270 0.000000
vt 26.207275 -25.132742 0.000000
vt 26.207275 -22.340214 0.000000
vt 26.207275 -19.547688 0.000000
vt 26.207275 -16.755161 0.000000
vt 26.207275 -13.962635 0.000000
vt 26.207275 -11.170107 0.000000
vt 26.207275 -8.377581 0.000000
vt 26.207275 -5.585053 0.000000
vt 26.207275 -2.792527 0.000000
vt 26.207275 36.302849 0.000000
vt 26.207275 36.302849 0.000000
vt -26.207275 -39.095379 0.000000
vt -26.207275 -39.095379 0.000000
vt -7.853982 33.098358 0.000000
vt -7.853982 29.946133 0.000000
vt -7.853982 26.793907 0.000000
vt -7.853982 23.641682 0.000000
vt -7.853982 20.489458 0.000000
vt -7.853982 17.337234 0.000000
vt -7.853982 14.185009 0.000000
vt -7.853982 11.032785 0.000000
vt -7.853982 7.880561 0.000000
vt -7.853982 4.728337 0.000000
vt -7.853982 1.576112 0.000000
vt -7.853982 -1.576112 0.000000
vt -7.853982 -4.728337 0.000000
vt -7.853982 -7.880561 0.000000
vt -7.853982 -11.032785 0.000000
vt -7.853982 -14.185009 0.000000
vt -7.853982 -17.337234 0.000000
vt -7.853982 -20.489458 0.000000
vt -7.853982 -23.641682 0.000000
vt -7.853982 -26.793907 0.000000
vt -7.853982 -29.946133 0.000000
vt -0.000000 -33.098358 0.000000
vt -0.000000 -30.646626 0.000000
vt -0.000000 -28.194897 0.000000
vt -0.000000 -25.743166 0.000000
vt -0.000000 -23.291435 0.000000
vt -0.000000 -20.839706 0.000000
vt -0.000000 -18.387976 0.000000
vt -0.000000 -15.936245 0.000000
vt -0.000000 -13.484515 0.000000
vt -0.000000 -11.032785 0.000000
vt -0.000000 -8.581056 0.000000
vt -0.000000 -6.129325 0.000000
vt -0.000000 -3.677595 0.000000
vt -0.000000 -1.225865 0.000000
vt -0.000000 1.225865 0.000000
vt -0.000000 3.677595 0.000000
vt -0.000000 6.129325 0.000000
vt -0.000000 8.581056 0.000000
vt -0.000000 11.032785 0.000000
vt -0.000000 13.484515 0.000000
vt -0.000000 15.936245 0.000000
vt -0.000000 18.387976 0.000000
vt -0.000000 20.839706 0.000000
vt -0.000000 23.291435 0.000000
vt -0.000000 25.743166 0.000000
vt -0.000000 28.194897 0.000000
vt -0.000000 30.646626 0.000000
vt -6.283185 -33.098358 0.000000
vt -4.712389 -33.098358 0.000000
vt -3.141593 -33.098358 0.000000
vt -1.570796 -33.098358 0.000000
vt -6.283185 -20.839706 0.000000
vt -6.283185 1.225865 0.000000
vt -6.283185 23.291435 0.000000
vt -6.283185 30.646626 0.000000
vt -4.712389 30.646626 0.000000
vt -3.141593 30.646626 0.000000
vt -1.570796 30.646626 0.000000
vt -6.283185 28.194897 0.000000
vt -4.712389 28.194897 0.000000
vt -3.141593 28.194897 0.000000
vt -1.570796 28.194897 0.000000
vt -6.283185 25.743166 0.000000
vt -4.712389 25.743166 0.000000
vt -3.141593 25.743166 0.000000
vt -1.570796 25.743166 0.000000
vt -4.712389 23.291435 0.000000
vt -3.141593 23.291435 0.000000
vt -1.570796 23.291435 0.000000
vt -6.283185 18.387976 0.000000
vt -4.712389 18.387976 0.000000
vt -3.141593 18.387976 0.000000
vt -1.570796 18.387976 0.000000
vt -1.570796 20.839706 0.000000
vt -3.141593 20.839706 0.000000
vt -4.712389 20.839706 0.000000
vt -6.283185 20.839706 0.000000
vt -6.283185 15.936245 0.000000
vt -4.712389 15.936245 0.000000
vt -3.141593 15.936245 0.000000
vt -1.570796 15.936245 0.000000
vt -6.283185 13.484515 0.000000
vt -4.712389 13.484515 0.000000
vt -3.141593 13.484515 0.000000
vt -1.570796 13.484515 0.000000
vt -6.283185 8.581056 0.000000
vt -4.712389 8.581056 0.000000
vt -3.141593 8.581056 0.000000
vt -1.570796 8.581056 0.000000
vt -1.570796 11.032785 0.000000
vt -3.141593 11.032785 0.000000
vt -4.712389 11.032785 0.000000
vt -6.283185 11.032785 0.000000
vt -6.283185 6.129325 0.000000
vt -4.712389 6.129325 0.000000
vt -3.141593 6.129325 0.000000
vt -1.570796 6.129325 0.000000
vt -6.283185 3.677595 0.000000
vt -4.712389 3.677595 0.000000
vt -3.141593 3.677595 0.000000
vt -1.570796 3.677595 0.000000
vt -4.712389 1.225865 0.000000
vt -3.141593 1.225865 0.000000
vt -1.570796 1.225865 0.000000
vt -6.283185 -3.677595 0.000000
vt -4.712389 -3.677595 0.000000
vt -3.141593 -3.677595 0.000000
vt -1.570796 -3.677595 0.000000
vt -1.570796 -1.225865 0.000000
vt -3.141593 -1.225865 0.000000
vt -4.712389 -1.225865 0.000000
vt -6.283185 -1.225865 0.000000
vt -6.283185 -6.129325 0.000000
vt -4.712389 -6.129325 0.000000
vt -3.141593 -6.129325 0.000000
vt -1.570796 -6.129325 0.000000
vt -6.283185 -8.581056 0.000000
vt -4.712389 -8.581056 0.000000
vt -3.141593 -8.581056 0.000000
vt -1.570796 -8.581056 0.000000
vt -6.283185 -13.484515 0.000000
vt -4.712389 -13.484515 0.000000
vt -3.141593 -13.484515 0.000000
vt -1.570796 -13.484515 0.000000
vt -1.570796 -11.032785 0.000000
vt -3.141593 -11.032785 0.000000
vt -4.712389 -11.032785 0.000000
vt -6.283185 -11.032785 0.000000
vt -6.283185 -15.936245 0.000000
vt -4.712389 -15.936245 0.000000
vt -3.141593 -15.936245 0.000000
vt -1.570796 -15.936245 0.000000
vt -6.283185 -18.387976 0.000000
vt -4.712389 -18.387976 0.000000
vt -3.141593 -18.387976 0.000000
vt -1.570796 -18.387976 0.000000
vt -4.712389 -20.839706 0.000000
vt -3.141593 -20.839706 0.000000
vt -1.570796 -20.839706 0.000000
vt -6.283185 -25.743166 0.000000
vt -4.712389 -25.743166 0.000000
vt -3.141593 -25.743166 0.000000
vt -1.570796 -25.743166 0.000000
vt -1.570796 -23.291435 0.000000
vt -3.141593 -23.291435 0.000000
vt -4.712389 -23.291435 0.000000
vt -6.283185 -23.291435 0.000000
vt -6.283185 -28.194897 0.000000
vt -4.712389 -28.194897 0.000000
vt -3.141593 -28.194897 0.000000
vt -1.570796 -28.194897 0.000000
vt -6.283185 -30.646626 0.000000
vt -4.712389 -30.646626 0.000000
vt -3.141593 -30.646626 0.000000
vt -1.570796 -30.646626 0.000000
vt -6.283185 33.098358 0.000000
vt -7.853982 -33.098358 0.000000
vt -7.853982 -33.098358 0.000000
vt -6.283185 33.098358 0.000000
vt -4.712389 33.098358 0.000000
vt -4.712389 -35.550087 0.000000
vt -3.141593 33.098358 0.000000
vt -3.141593 -35.550087 0.000000
vt -1.570796 33.098358 0.000000
vt -1.570796 -35.550087 0.000000
vt -0.000000 -35.550087 0.000000
vt 0.000000 0.000000 0.000000
vt 0.308613 1.352121 0.000000
vt 1.173327 2.436439 0.000000
vt 2.422875 3.038189 0.000000
vt 3.809769 3.038189 0.000000
vt 5.059317 2.436439 0.000000
vt 5.924031 1.352121 0.000000
vt 6.232644 0.000000 0.000000
vt 5.924031 -1.352121 0.000000
vt 5.059317 -2.436439 0.000000
vt 3.809769 -3.038189 0.000000
vt 2.422875 -3.038189 0.000000
vt 1.173327 -2.436439 0.000000
vt 0.308613 -1.352121 0.000000
vt -3.883678 0.000000 0.000000
vt -3.572688 -2.063286 0.000000
vt -2.667349 -3.943240 0.000000
vt -1.248106 -5.472820 0.000000
vt 0.558935 -6.516116 0.000000
vt 2.593211 -6.980427 0.000000
vt 4.673969 -6.824495 0.000000
vt 6.616322 -6.062178 0.000000
vt 8.247685 -4.761209 0.000000
vt 9.423104 -3.037186 0.000000
vt 10.038137 -1.043296 0.000000
vt 10.038137 1.043296 0.000000
vt 9.423104 3.037186 0.000000
vt 8.247685 4.761209 0.000000
vt 6.616322 6.062178 0.000000
vt 4.673969 6.824495 0.000000
vt 2.593211 6.980427 0.000000
vt 0.558935 6.516116 0.000000
vt -1.248106 5.472820 0.000000
vt -2.667349 3.943240 0.000000
vt -3.572688 2.063286 0.000000
vn 0.000000 0.000000 -0.100000
vn 0.043388 0.000000 -0.090097
vn 0.078183 0.000000 -0.062349
vn 0.097493 0.000000 -0.022252
vn 0.097493 0.000000 0.022252
vn 0.078183 0.000000 0.062349
vn 0.043388 0.000000 0.090097
vn 0.000000 0.000000 0.100000
vn -0.043388 0.000000 0.090097
vn -0.078183 0.000000 0.062349
vn -0.097493 0.000000 0.022252
vn -0.097493 0.000000 -0.022252
vn -0.078183 0.000000 -0.062349
vn -0.043388 0.000000 -0.090097
vn 0.000000 0.000000 -0.100000
vn -0.043388 0.000000 -0.090097
vn -0.078183 0.000000 -0.062349
vn -0.097493 0.000000 -0.022252
vn -0.097493 0.000000 0.022252
vn -0.078183 0.000000 0.062349
vn -0.043388 0.000000 0.090097
vn 0.000000 0.000000 0.100000
vn 0.043388 0.000000 0.090097
vn 0.078183 0.000000 0.062349
vn 0.097493 0.000000 0.022252
vn 0.097493 0.000000 -0.022252
vn 0.078183 0.000000 -0.062349
vn 0.043388 0.000000 -0.090097
vn 0.000000 0.000000 0.100000
vn 0.000000 0.000000 0.100000
vn 0.000000 -0.096122 -0.027578
vn -0.011966 -0.096122 -0.024847
vn -0.021561 -0.096122 -0.017195
vn -0.026887 -0.096122 -0.006137
vn -0.026887 -0.096122 0.006137
vn -0.021561 -0.096122 0.017195
vn -0.011966 -0.096122 0.024847
vn 0.000000 -0.096122 0.027578
vn 0.011966 -0.096122 0.024847
vn 0.021561 -0.096122 0.017195
vn 0.026887 -0.096122 0.006137
vn 0.026887 -0.096122 -0.006137
vn 0.021561 -0.096122 -0.017195
vn 0.011966 -0.096122 -0.024847
vn -0.100000 0.000000 0.000000
vn 0.100000 0.000000 0.000000
vn -0.050000 0.086603 0.000000
vn 0.050000 0.086603 0.000000
vn -0.097094 0.023932 0.000000
vn -0.088546 0.046472 0.000000
vn -0.074851 0.066312 0.000000
vn -0.056806 0.082298 0.000000
vn -0.035460 0.093502 0.000000
vn -0.012054 0.099271 0.000000
vn 0.012054 0.099271 0.000000
vn 0.035460 0.093502 0.000000
vn 0.056806 0.082298 0.000000
vn 0.074851 0.066312 0.000000
vn 0.088546 0.046472 0.000000
vn 0.097094 0.023932 0.000000
vn -0.097094 -0.021190 -0.011122
vn -0.088546 -0.041149 -0.021597
vn -0.074851 -0.058717 -0.030817
vn -0.056806 -0.072872 -0.038246
vn -0.035460 -0.082792 -0.043452
vn -0.012054 -0.087900 -0.046133
vn 0.012054 -0.087900 -0.046133
vn 0.035460 -0.082792 -0.043452
vn 0.056806 -0.072872 -0.038246
vn 0.074851 -0.058717 -0.030817
vn 0.088546 -0.041149 -0.021597
vn 0.097094 -0.021190 -0.011122
vn 0.097094 -0.023236 -0.005727
vn 0.088546 -0.045122 -0.011122
vn 0.074851 -0.064385 -0.015870
vn 0.056806 -0.079907 -0.019695
vn 0.035460 -0.090785 -0.022376
vn -0.035460 -0.090785 -0.022376
vn -0.056806 -0.079907 -0.019695
vn -0.074851 -0.064385 -0.015870
vn -0.088546 -0.045122 -0.011122
vn -0.097094 -0.023236 -0.005727
vn -0.035460 -0.093502 0.000000
vn -0.056806 -0.082298 0.000000
vn -0.074851 -0.066312 0.000000
vn -0.088546 -0.046472 0.000000
vn -0.097094 -0.023932 0.000000
vn -0.035460 -0.090785 0.022376
vn -0.056806 -0.079907 0.019695
vn -0.074851 -0.064385 0.015870
vn -0.088546 -0.045122 0.011122
vn -0.097094 -0.023236 0.005727
vn -0.012054 -0.094980 0.028870
vn -0.035460 -0.088563 0.029985
vn -0.056806 -0.077085 0.028825
vn -0.074851 -0.061353 0.025162
vn -0.088546 -0.042422 0.018974
vn -0.097094 -0.021529 0.010451
vn 0.097094 -0.021190 0.011122
vn 0.088546 -0.041149 0.021597
vn 0.074851 -0.058717 0.030817
vn 0.056806 -0.072872 0.038246
vn 0.035460 -0.082792 0.043452
vn 0.012054 -0.087900 0.046133
vn -0.012054 -0.087900 0.046133
vn -0.035460 -0.082792 0.043452
vn -0.056806 -0.072872 0.038246
vn -0.074851 -0.058717 0.030817
vn -0.088546 -0.041149 0.021597
vn -0.097094 -0.021190 0.011122
vn 0.035460 -0.090785 0.022376
vn 0.056806 -0.079907 0.019695
vn 0.074851 -0.064385 0.015870
vn 0.088546 -0.045122 0.011122
vn 0.097094 -0.023236 0.005727
vn 0.035460 -0.093502 0.000000
vn 0.056806 -0.082298 0.000000
vn 0.074851 -0.066312 0.000000
vn 0.088546 -0.046472 0.000000
vn 0.097094 -0.023932 0.000000
vn -0.097094 0.023236 0.005727
vn -0.088546 0.045122 0.011122
vn -0.074851 0.064385 0.015870
vn -0.056806 0.079907 0.019695
vn -0.035460 0.090785 0.022376
vn -0.012054 0.096386 0.023757
vn 0.012054 0.096386 0.023757
vn 0.035460 0.090785 0.022376
vn 0.056806 0.079907 0.019695
vn 0.074851 0.064385 0.015870
vn 0.088546 0.045122 0.011122
vn 0.097094 0.023236 0.005727
vn 0.097094 0.023236 -0.005727
vn 0.088546 0.045122 -0.011122
vn 0.074851 0.064385 -0.015870
vn 0.056806 0.079907 -0.019695
vn 0.035460 0.090785 -0.022376
vn 0.012054 0.096386 -0.023757
vn -0.012054 0.096386 -0.023757
vn -0.035460 0.090785 -0.022376
vn -0.056806 0.079907 -0.019695
vn -0.074851 0.064385 -0.015870
vn -0.088546 0.045122 -0.011122
vn -0.097094 0.023236 -0.005727
vn -0.097094 -0.013595 0.019695
vn -0.088546 -0.026399 0.038246
vn -0.074851 -0.037670 0.054574
vn -0.056806 -0.046751 0.067730
vn -0.035460 -0.053115 0.076950
vn -0.012054 -0.056392 0.081698
vn 0.012054 -0.056392 0.081698
vn 0.035460 -0.053115 0.076950
vn 0.056806 -0.046751 0.067730
vn 0.074851 -0.037670 0.054574
vn 0.088546 -0.026399 0.038246
vn 0.097094 -0.013595 0.019695
vn 0.097094 -0.008486 0.022376
vn 0.088546 -0.016479 0.043452
vn 0.074851 -0.023515 0.062003
vn 0.056806 -0.029183 0.076950
vn 0.035460 -0.033156 0.087426
vn 0.012054 -0.035202 0.092820
vn -0.012054 -0.035202 0.092820
vn -0.035460 -0.033156 0.087426
vn -0.056806 -0.029183 0.076950
vn -0.074851 -0.023515 0.062003
vn -0.088546 -0.016479 0.043452
vn -0.097094 -0.008486 0.022376
vn -0.097094 -0.008486 -0.022376
vn -0.088546 -0.016479 -0.043452
vn -0.074851 -0.023515 -0.062003
vn -0.056806 -0.029183 -0.076950
vn -0.035460 -0.033156 -0.087426
vn -0.012054 -0.035202 -0.092820
vn 0.012054 -0.035202 -0.092820
vn 0.035460 -0.033156 -0.087426
vn 0.056806 -0.029183 -0.076950
vn 0.074851 -0.023515 -0.062003
vn 0.088546 -0.016479 -0.043452
vn 0.097094 -0.008486 -0.022376
vn 0.097094 -0.013595 -0.019695
vn 0.088546 -0.026399 -0.038246
vn 0.074851 -0.037670 -0.054574
vn 0.056806 -0.046751 -0.067730
vn 0.035460 -0.053115 -0.076950
vn 0.012054 -0.056392 -0.081698
vn -0.012054 -0.056392 -0.081698
vn -0.035460 -0.053115 -0.076950
vn -0.056806 -0.046751 -0.067730
vn -0.074851 -0.037670 -0.054574
vn -0.088546 -0.026399 -0.038246
vn -0.097094 -0.013595 -0.019695
vn 0.097094 0.021190 -0.011122
vn 0.088546 0.041149 -0.021597
vn 0.074851 0.058717 -0.030817
vn 0.056806 0.072872 -0.038246
vn 0.035460 0.082792 -0.043452
vn 0.012054 0.087900 -0.046133
vn -0.012054 0.087900 -0.046133
vn -0.035460 0.082792 -0.043452
vn -0.056806 0.072872 -0.038246
vn -0.074851 0.058717 -0.030817
vn -0.088546 0.041149 -0.021597
vn -0.097094 0.021190 -0.011122
vn 0.097094 0.017913 -0.015870
vn 0.088546 0.034785 -0.030817
vn 0.074851 0.049635 -0.043973
vn 0.056806 0.061601 -0.054574
vn 0.035460 0.069987 -0.062003
vn 0.012054 0.074305 -0.065829
vn -0.012054 0.074305 -0.065829
vn -0.035460 0.069987 -0.062003
vn -0.056806 0.061601 -0.054574
vn -0.074851 0.049635 -0.043973
vn -0.088546 0.034785 -0.030817
vn -0.097094 0.017913 -0.015870
vn 0.097094 0.013595 -0.019695
vn 0.088546 0.026399 -0.038246
vn 0.074851 0.037670 -0.054574
vn 0.056806 0.046751 -0.067730
vn 0.035460 0.053115 -0.076950
vn 0.012054 0.056392 -0.081698
vn -0.012054 0.056392 -0.081698
vn -0.035460 0.053115 -0.076950
vn -0.056806 0.046751 -0.067730
vn -0.074851 0.037670 -0.054574
vn -0.088546 0.026399 -0.038246
vn -0.097094 0.013595 -0.019695
vn 0.097094 0.008486 -0.022376
vn 0.088546 0.016479 -0.043452
vn 0.074851 0.023515 -0.062003
vn 0.056806 0.029183 -0.076950
vn 0.035460 0.033156 -0.087426
vn 0.012054 0.035202 -0.092820
vn -0.012054 0.035202 -0.092820
vn -0.035460 0.033156 -0.087426
vn -0.056806 0.029183 -0.076950
vn -0.074851 0.023515 -0.062003
vn -0.088546 0.016479 -0.043452
vn -0.097094 0.008486 -0.022376
vn 0.097094 0.002885 -0.023757
vn 0.088546 0.005602 -0.046133
vn 0.074851 0.007993 -0.065829
vn 0.056806 0.009920 -0.081698
vn 0.035460 0.011270 -0.092820
vn 0.012054 0.011966 -0.098547
vn -0.012054 0.011966 -0.098547
vn -0.035460 0.011270 -0.092820
vn -0.056806 0.009920 -0.081698
vn -0.074851 0.007993 -0.065829
vn -0.088546 0.005602 -0.046133
vn -0.097094 0.002885 -0.023757
vn 0.097094 -0.002885 -0.023757
vn 0.088546 -0.005602 -0.046133
vn 0.074851 -0.007993 -0.065829
vn 0.056806 -0.009920 -0.081698
vn 0.035460 -0.011270 -0.092820
vn 0.012054 -0.011966 -0.098547
vn -0.012054 -0.011966 -0.098547
vn -0.035460 -0.011270 -0.092820
vn -0.056806 -0.009920 -0.081698
vn -0.074851 -0.007993 -0.065829
vn -0.088546 -0.005602 -0.046133
vn -0.097094 -0.002885 -0.023757
vn 0.097094 -0.017913 -0.015870
vn 0.088546 -0.034785 -0.030817
vn 0.074851 -0.049635 -0.043973
vn 0.056806 -0.061601 -0.054574
vn 0.035460 -0.069987 -0.062003
vn 0.012054 -0.074305 -0.065829
vn -0.012054 -0.074305 -0.065829
vn -0.035460 -0.069987 -0.062003
vn -0.056806 -0.061601 -0.054574
vn -0.074851 -0.049635 -0.043973
vn -0.088546 -0.034785 -0.030817
vn -0.097094 -0.017913 -0.015870
vn 0.097094 -0.017913 0.015870
vn 0.088546 -0.034785 0.030817
vn 0.074851 -0.049635 0.043973
vn 0.056806 -0.061601 0.054574
vn 0.035460 -0.069987 0.062003
vn 0.012054 -0.074305 0.065829
vn -0.012054 -0.074305 0.065829
vn -0.035460 -0.069987 0.062003
vn -0.056806 -0.061601 0.054574
vn -0.074851 -0.049635 0.043973
vn -0.088546 -0.034785 0.030817
vn -0.097094 -0.017913 0.015870
vn 0.097094 -0.002885 0.023757
vn 0.088546 -0.005602 0.046133
vn 0.074851 -0.007993 0.065829
vn 0.056806 -0.009920 0.081698
vn 0.035460 -0.011270 0.092820
vn 0.012054 -0.011966 0.098547
vn -0.012054 -0.011966 0.098547
vn -0.035460 -0.011270 0.092820
vn -0.056806 -0.009920 0.081698
vn -0.074851 -0.007993 0.065829
vn -0.088546 -0.005602 0.046133
vn -0.097094 -0.002885 0.023757
vn 0.097094 0.002885 0.023757
vn 0.088546 0.005602 0.046133
vn 0.074851 0.007993 0.065829
vn 0.056806 0.009920 0.081698
vn 0.035460 0.011270 0.092820
vn 0.012054 0.011966 0.098547
vn -0.012054 0.011966 0.098547
vn -0.035460 0.011270 0.092820
vn -0.056806 0.009920 0.081698
vn -0.074851 0.007993 0.065829
vn -0.088546 0.005602 0.046133
vn -0.097094 0.002885 0.023757
vn 0.097094 0.008486 0.022376
vn 0.088546 0.016479 0.043452
vn 0.074851 0.023515 0.062003
vn 0.056806 0.029183 0.076950
vn 0.035460 0.033156 0.087426
vn 0.012054 0.035202 0.092820
vn -0.012054 0.035202 0.092820
vn -0.035460 0.033156 0.087426
vn -0.056806 0.029183 0.076950
vn -0.074851 0.023515 0.062003
vn -0.088546 0.016479 0.043452
vn -0.097094 0.008486 0.022376
vn 0.097094 0.013595 0.019695
vn 0.088546 0.026399 0.038246
vn 0.074851 0.037670 0.054574
vn 0.056806 0.046751 0.067730
vn 0.035460 0.053115 0.076950
vn 0.012054 0.056392 0.081698
vn -0.012054 0.056392 0.081698
vn -0.035460 0.053115 0.076950
vn -0.056806 0.046751 0.067730
vn -0.074851 0.037670 0.054574
vn -0.088546 0.026399 0.038246
vn -0.097094 0.013595 0.019695
vn 0.097094 0.017913 0.015870
vn 0.088546 0.034785 0.030817
vn 0.074851 0.049635 0.043973
vn 0.056806 0.061601 0.054574
vn 0.035460 0.069987 0.062003
vn 0.012054 0.074305 0.065829
vn -0.012054 0.074305 0.065829
vn -0.035460 0.069987 0.062003
vn -0.056806 0.061601 0.054574
vn -0.074851 0.049635 0.043973
vn -0.088546 0.034785 0.030817
vn -0.097094 0.017913 0.015870
vn 0.097094 0.021190 0.011122
vn 0.088546 0.041149 0.021597
vn 0.074851 0.058717 0.030817
vn 0.056806 0.072872 0.038246
vn 0.035460 0.082792 0.043452
vn 0.012054 0.087900 0.046133
vn -0.012054 0.087900 0.046133
vn -0.035460 0.082792 0.043452
vn -0.056806 0.072872 0.038246
vn -0.074851 0.058717 0.030817
vn -0.088546 0.041149 0.021597
vn -0.097094 0.021190 0.011122
vn 0.074851 0.064385 0.015870
vn 0.074851 0.066312 0.000000
vn 0.100000 0.000000 0.000000
vn -0.056806 0.079907 0.019695
vn -0.056806 0.079907 0.019695
vn -0.074851 0.066312 0.000000
vn -0.074851 0.064385 0.015870
vn -0.088546 0.046472 0.000000
vn -0.088546 0.045122 0.011122
vn -0.097094 0.023932 0.000000
vn -0.097094 0.023932 0.000000
vn 0.035460 0.090785 0.022376
vn 0.035460 0.090785 0.022376
vn 0.012054 0.099271 0.000000
vn 0.012054 0.096386 0.023757
vn -0.012054 0.099271 0.000000
vn -0.012054 0.096386 0.023757
vn -0.035460 0.093502 0.000000
vn -0.035460 0.090785 0.022376
vn -0.050000 0.086603 0.000000
vn 0.100000 0.000000 0.000000
vn 0.100000 0.000000 0.000000
vn 0.100000 0.000000 0.000000
vn 0.100000 0.000000 0.000000
vn 0.100000 0.000000 0.000000
vn 0.100000 0.000000 0.000000
vn 0.100000 0.000000 0.000000
vn 0.100000 0.000000 0.000000
vn 0.100000 0.000000 0.000000
vn 0.100000 0.000000 0.000000
vn 0.097094 0.023236 0.005727
vn -0.100000 0.000000 0.000000
vn -0.100000 0.000000 0.000000
vn -0.100000 0.000000 0.000000
vn -0.100000 0.000000 0.000000
vn -0.100000 0.000000 0.000000
vn -0.100000 0.000000 0.000000
vn -0.100000 0.000000 0.000000
vn -0.100000 0.000000 0.000000
vn -0.100000 0.000000 0.000000
vn -0.100000 0.000000 0.000000
vn -0.100000 0.000000 0.000000
vn -0.100000 0.000000 0.000000
vn 0.056806 0.079907 0.019695
vn 0.050000 0.086603 0.000000
vn 0.088546 0.045122 0.011122
vn 0.088546 0.046472 0.000000
vn 0.097094 0.023236 0.005727
vn -0.100000 0.000000 0.000000
vn 0.056806 0.082298 0.000000
vn 0.100000 0.000000 0.000000
vn 0.000000 -0.100000 0.000000
vn 0.000000 -0.100000 0.000000
vn 0.000000 -0.100000 0.000000
vn 0.000000 -0.100000 0.000000
vn 0.000000 -0.100000 0.000000
vn 0.000000 -0.100000 0.000000
vn 0.000000 -0.100000 0.000000
vn 0.000000 -0.100000 0.000000
vn 0.000000 -0.100000 0.000000
vn 0.000000 -0.100000 0.000000
vn 0.000000 -0.100000 0.000000
vn 0.000000 -0.100000 0.000000
vn 0.000000 -0.100000 0.000000
vn 0.000000 -0.100000 0.000000
vn 0.000000 -0.100000 0.000000
vn 0.000000 -0.100000 0.000000
vn 0.000000 -0.100000 0.000000
vn 0.000000 -0.100000 0.000000
vn 0.000000 -0.100000 0.000000
vn 0.000000 -0.100000 0.000000
vn 0.000000 -0.100000 0.000000
vn 0.000000 -0.100000 0.000000
vn 0.000000 -0.100000 0.000000
vn 0.000000 -0.100000 0.000000
vn 0.000000 -0.100000 0.000000
vn 0.000000 -0.100000 0.000000
vn 0.000000 -0.100000 0.000000
vn 0.000000 0.000000 -0.100000
vn 0.023062 0.000000 -0.097304
vn 0.044880 0.000000 -0.089363
vn 0.064279 0.000000 -0.076604
vn 0.080212 0.000000 -0.059716
vn 0.091822 0.000000 -0.039608
vn 0.098481 0.000000 -0.017365
vn 0.099831 0.000000 0.005814
vn 0.095799 0.000000 0.028680
vn 0.086603 0.000000 0.050000
vn 0.072737 0.000000 0.068624
vn 0.054951 0.000000 0.083549
vn 0.034202 0.000000 0.093969
vn 0.011609 0.000000 0.099324
vn -0.011609 0.000000 0.099324
vn -0.034202 0.000000 0.093969
vn -0.054951 0.000000 0.083549
vn -0.072737 0.000000 0.068624
vn -0.086603 0.000000 0.050000
vn -0.095799 0.000000 0.028680
vn -0.099831 0.000000 0.005814
vn -0.098481 0.000000 -0.017365
vn -0.091822 0.000000 -0.039608
vn -0.080212 0.000000 -0.059716
vn -0.064279 0.000000 -0.076604
vn -0.044880 0.000000 -0.089363
vn -0.023062 0.000000 -0.097304
vn 0.000000 0.000000 -0.100000
vn -0.023062 0.000000 -0.097304
vn -0.044880 0.000000 -0.089363
vn -0.064279 0.000000 -0.076604
vn -0.080212 0.000000 -0.059716
vn -0.091822 0.000000 -0.039608
vn -0.098481 0.000000 -0.017365
vn -0.099831 0.000000 0.005814
vn -0.095799 0.000000 0.028680
vn -0.086603 0.000000 0.050000
vn -0.072737 0.000000 0.068624
vn -0.054951 0.000000 0.083549
vn -0.034202 0.000000 0.093969
vn -0.011609 0.000000 0.099324
vn 0.011609 0.000000 0.099324
vn 0.034202 0.000000 0.093969
vn 0.054951 0.000000 0.083549
vn 0.072737 0.000000 0.068624
vn 0.086603 0.000000 0.050000
vn 0.095799 0.000000 0.028680
vn 0.099831 0.000000 0.005814
vn 0.098481 0.000000 -0.017365
vn 0.091822 0.000000 -0.039608
vn 0.080212 0.000000 -0.059716
vn 0.064279 0.000000 -0.076604
vn 0.044880 0.000000 -0.089363
vn 0.023062 0.000000 -0.097304
vn -0.011609 0.000000 0.099324
vn -0.011609 0.000000 0.099324
vn -0.011609 0.000000 0.099324
vn -0.011609 0.000000 0.099324
vn 0.000000 0.100000 0.000000
vn 0.000000 0.100000 0.000000
vn 0.000000 0.100000 0.000000
vn 0.000000 0.100000 0.000000
vn 0.000000 0.100000 0.000000
vn 0.000000 0.100000 0.000000
vn 0.000000 0.100000 0.000000
vn 0.000000 0.100000 0.000000
vn 0.000000 0.100000 0.000000
vn 0.000000 0.100000 0.000000
vn 0.000000 0.100000 0.000000
vn 0.000000 0.100000 0.000000
vn 0.000000 0.100000 0.000000
vn 0.000000 0.100000 0.000000
vn 0.000000 0.100000 0.000000
vn 0.000000 0.100000 0.000000
vn 0.000000 0.100000 0.000000
vn 0.000000 0.100000 0.000000
vn 0.000000 0.100000 0.000000
vn 0.000000 0.100000 0.000000
vn 0.000000 0.100000 0.000000
vn 0.000000 0.100000 0.000000
vn 0.000000 0.100000 0.000000
vn 0.000000 0.100000 0.000000
vn 0.000000 0.100000 0.000000
vn 0.000000 0.100000 0.000000
vn 0.000000 0.100000 0.000000
vn 0.000000 0.100000 0.000000
vn 0.000000 0.100000 0.000000
vn 0.000000 0.100000 0.000000
vn 0.000000 0.100000 0.000000
vn 0.000000 0.100000 0.000000
vn 0.000000 0.100000 0.000000
vn 0.000000 0.100000 0.000000
vn 0.000000 0.100000 0.000000
vn 0.000000 0.100000 0.000000
vn 0.000000 0.100000 0.000000
vn 0.000000 0.100000 0.000000
vn 0.000000 0.100000 0.000000
vn 0.000000 0.100000 0.000000
vn 0.000000 0.100000 0.000000
vn 0.000000 0.100000 0.000000
vn 0.000000 0.100000 0.000000
vn 0.000000 0.100000 0.000000
vn 0.000000 0.100000 0.000000
vn 0.000000 0.100000 0.000000
vn 0.000000 0.100000 0.000000
vn 0.000000 0.100000 0.000000
vn 0.000000 0.100000 0.000000
vn 0.000000 0.100000 0.000000
vn 0.000000 0.100000 0.000000
vn 0.000000 0.100000 0.000000
vn 0.000000 0.100000 0.000000
vn 0.000000 0.000000 -0.100000
vn 0.023932 0.000000 -0.097094
vn 0.046472 0.000000 -0.088546
vn 0.066312 0.000000 -0.074851
vn 0.082298 0.000000 -0.056806
vn 0.093502 0.000000 -0.035460
vn 0.099271 0.000000 -0.012054
vn 0.099271 0.000000 0.012054
vn 0.093502 0.000000 0.035460
vn 0.082298 0.000000 0.056806
vn 0.066312 0.000000 0.074851
vn 0.046472 0.000000 0.088546
vn 0.023932 0.000000 0.097094
vn 0.000000 0.000000 0.100000
vn -0.023932 0.000000 0.097094
vn -0.046472 0.000000 0.088546
vn -0.066312 0.000000 0.074851
vn -0.082298 0.000000 0.056806
vn -0.093502 0.000000 0.035460
vn -0.099271 0.000000 0.012054
vn -0.099271 0.000000 -0.012054
vn -0.093502 0.000000 -0.035460
vn -0.082298 0.000000 -0.056806
vn -0.066312 0.000000 -0.074851
vn -0.046472 0.000000 -0.088546
vn -0.023932 0.000000 -0.097094
vn 0.000000 0.000000 -0.100000
vn -0.023932 0.000000 -0.097094
vn -0.046472 0.000000 -0.088546
vn -0.066312 0.000000 -0.074851
vn -0.082298 0.000000 -0.056806
vn -0.093502 0.000000 -0.035460
vn -0.099271 0.000000 -0.012054
vn -0.099271 0.000000 0.012054
vn -0.093502 0.000000 0.035460
vn -0.082298 0.000000 0.056806
vn -0.066312 0.000000 0.074851
vn -0.046472 0.000000 0.088546
vn -0.023932 0.000000 0.097094
vn 0.000000 0.000000 0.100000
vn 0.023932 0.000000 0.097094
vn 0.046472 0.000000 0.088546
vn 0.066312 0.000000 0.074851
vn 0.082298 0.000000 0.056806
vn 0.093502 0.000000 0.035460
vn 0.099271 0.000000 0.012054
vn 0.099271 0.000000 -0.012054
vn 0.093502 0.000000 -0.035460
vn 0.082298 0.000000 -0.056806
vn 0.066312 0.000000 -0.074851
vn 0.046472 0.000000 -0.088546
vn 0.023932 0.000000 -0.097094
vn 0.000000 0.000000 0.100000
vn 0.000000 0.000000 0.100000
vn 0.000000 -0.100000 0.000000
vn 0.000000 -0.100000 0.000000
vn 0.000000 -0.100000 0.000000
vn 0.000000 -0.100000 0.000000
vn 0.000000 -0.100000 0.000000
vn 0.000000 -0.100000 0.000000
vn 0.000000 -0.100000 0.000000
vn 0.000000 -0.100000 0.000000
vn 0.000000 -0.100000 0.000000
vn 0.000000 -0.100000 0.000000
vn 0.000000 -0.100000 0.000000
vn 0.000000 -0.100000 0.000000
vn 0.000000 -0.100000 0.000000
vn 0.000000 -0.100000 0.000000
vn 0.000000 -0.100000 0.000000
vn 0.000000 -0.100000 0.000000
vn 0.000000 -0.100000 0.000000
vn 0.000000 -0.100000 0.000000
vn 0.000000 -0.100000 0.000000
vn 0.000000 -0.100000 0.000000
vn 0.000000 -0.100000 0.000000
vn 0.000000 -0.100000 0.000000
vn 0.000000 -0.100000 0.000000
vn 0.000000 -0.100000 0.000000
vn 0.000000 -0.100000 0.000000
vn 0.000000 -0.100000 0.000000
vn 0.000000 -0.100000 0.000000
vn 0.000000 -0.100000 0.000000
vn 0.000000 -0.100000 0.000000
vn 0.000000 -0.100000 0.000000
vn 0.000000 -0.100000 0.000000
vn 0.000000 -0.100000 0.000000
vn 0.000000 -0.100000 0.000000
vn 0.000000 -0.100000 0.000000
vn 0.000000 -0.100000 0.000000
vn 0.000000 -0.100000 0.000000
vn 0.000000 -0.100000 0.000000
vn 0.000000 -0.100000 0.000000
vn 0.000000 -0.100000 0.000000
vn 0.000000 -0.100000 0.000000
vn 0.000000 -0.100000 0.000000
vn 0.000000 -0.100000 0.000000
vn 0.000000 -0.100000 0.000000
vn 0.000000 -0.100000 0.000000
vn 0.000000 -0.100000 0.000000
vn 0.000000 -0.100000 0.000000
vn 0.000000 -0.100000 0.000000
vn 0.000000 -0.100000 0.000000
vn 0.000000 -0.100000 0.000000
vn 0.000000 -0.100000 0.000000
vn 0.000000 -0.100000 0.000000
vn 0.000000 -0.100000 0.000000
vn 0.000000 -0.100000 0.000000
vn 0.000000 0.000000 -0.100000
vn 0.023062 0.000000 -0.097304
vn 0.044880 0.000000 -0.089363
vn 0.064279 0.000000 -0.076604
vn 0.080212 0.000000 -0.059716
vn 0.091822 0.000000 -0.039608
vn 0.098481 0.000000 -0.017365
vn 0.099831 0.000000 0.005814
vn 0.095799 0.000000 0.028680
vn 0.086603 0.000000 0.050000
vn 0.072737 0.000000 0.068624
vn 0.054951 0.000000 0.083549
vn 0.034202 0.000000 0.093969
vn 0.011609 0.000000 0.099324
vn -0.011609 0.000000 0.099324
vn -0.034202 0.000000 0.093969
vn -0.054951 0.000000 0.083549
vn -0.072737 0.000000 0.068624
vn -0.086603 0.000000 0.050000
vn -0.095799 0.000000 0.028680
vn -0.099831 0.000000 0.005814
vn -0.098481 0.000000 -0.017365
vn -0.091822 0.000000 -0.039608
vn -0.080212 0.000000 -0.059716
vn -0.064279 0.000000 -0.076604
vn -0.044880 0.000000 -0.089363
vn -0.023062 0.000000 -0.097304
vn 0.000000 0.000000 -0.100000
vn -0.023062 0.000000 -0.097304
vn -0.044880 0.000000 -0.089363
vn -0.064279 0.000000 -0.076604
vn -0.080212 0.000000 -0.059716
vn -0.091822 0.000000 -0.039608
vn -0.098481 0.000000 -0.017365
vn -0.099831 0.000000 0.005814
vn -0.095799 0.000000 0.028680
vn -0.086603 0.000000 0.050000
vn -0.072737 0.000000 0.068624
vn -0.054951 0.000000 0.083549
vn -0.034202 0.000000 0.093969
vn -0.011609 0.000000 0.099324
vn 0.011609 0.000000 0.099324
vn 0.034202 0.000000 0.093969
vn 0.054951 0.000000 0.083549
vn 0.072737 0.000000 0.068624
vn 0.086603 0.000000 0.050000
vn 0.095799 0.000000 0.028680
vn 0.099831 0.000000 0.005814
vn 0.098481 0.000000 -0.017365
vn 0.091822 0.000000 -0.039608
vn 0.080212 0.000000 -0.059716
vn 0.064279 0.000000 -0.076604
vn 0.044880 0.000000 -0.089363
vn 0.023062 0.000000 -0.097304
vn -0.011609 0.000000 0.099324
vn -0.011609 0.000000 0.099324
vn -0.011609 0.000000 0.099324
vn -0.011609 0.000000 0.099324
vn 0.000000 0.100000 0.000000
vn 0.000000 0.100000 0.000000
vn 0.000000 0.100000 0.000000
vn 0.000000 0.100000 0.000000
vn 0.000000 0.100000 0.000000
vn 0.000000 0.100000 0.000000
vn 0.000000 0.100000 0.000000
vn 0.000000 0.100000 0.000000
vn 0.000000 0.100000 0.000000
vn 0.000000 0.100000 0.000000
vn 0.000000 0.100000 0.000000
vn 0.000000 0.100000 0.000000
vn 0.000000 0.100000 0.000000
vn 0.000000 0.100000 0.000000
vn 0.000000 0.100000 0.000000
vn 0.000000 0.100000 0.000000
vn 0.000000 0.100000 0.000000
vn 0.000000 0.100000 0.000000
vn 0.000000 0.100000 0.000000
vn 0.000000 0.100000 0.000000
vn 0.000000 0.100000 0.000000
vn 0.000000 0.000000 -0.100000
vn -0.023062 0.000000 -0.097304
vn -0.044880 0.000000 -0.089363
vn -0.064279 0.000000 -0.076604
vn -0.080212 0.000000 -0.059716
vn -0.091822 0.000000 -0.039608
vn -0.098481 0.000000 -0.017365
vn -0.099831 0.000000 0.005814
vn -0.095799 0.000000 0.028680
vn -0.086603 0.000000 0.050000
vn -0.072737 0.000000 0.068624
vn -0.054951 0.000000 0.083549
vn -0.034202 0.000000 0.093969
vn -0.011609 0.000000 0.099324
vn 0.011609 0.000000 0.099324
vn 0.034202 0.000000 0.093969
vn 0.054951 0.000000 0.083549
vn 0.072737 0.000000 0.068624
vn 0.086603 0.000000 0.050000
vn 0.095799 0.000000 0.028680
vn 0.099831 0.000000 0.005814
vn 0.098481 0.000000 -0.017365
vn 0.091822 0.000000 -0.039608
vn 0.080212 0.000000 -0.059716
vn 0.064279 0.000000 -0.076604
vn 0.044880 0.000000 -0.089363
vn 0.023062 0.000000 -0.097304
vn 0.000000 0.095106 -0.030902
vn 0.000000 0.080902 -0.058779
vn 0.000000 0.058779 -0.080902
vn 0.000000 0.030902 -0.095106
vn -0.028374 0.095106 -0.012240
vn 0.003587 0.095106 0.030693
vn 0.024787 0.095106 -0.018453
vn 0.007126 0.095106 -0.030069
vn 0.013555 0.080902 -0.057194
vn 0.018657 0.058779 -0.078721
vn 0.021933 0.030902 -0.092542
vn 0.013869 0.095106 -0.027615
vn 0.026380 0.080902 -0.052526
vn 0.036309 0.058779 -0.072296
vn 0.042683 0.030902 -0.084990
vn 0.019863 0.095106 -0.023672
vn 0.037782 0.080902 -0.045027
vn 0.052003 0.058779 -0.061974
vn 0.061133 0.030902 -0.072855
vn 0.047148 0.080902 -0.035100
vn 0.064893 0.058779 -0.048311
vn 0.076286 0.030902 -0.056793
vn 0.030432 0.095106 -0.005366
vn 0.057886 0.080902 -0.010207
vn 0.079673 0.058779 -0.014048
vn 0.093661 0.030902 -0.016515
vn 0.087328 0.030902 -0.037669
vn 0.074285 0.058779 -0.032044
vn 0.053971 0.080902 -0.023281
vn 0.028374 0.095106 -0.012240
vn 0.030849 0.095106 0.001797
vn 0.058679 0.080902 0.003418
vn 0.080765 0.058779 0.004704
vn 0.094945 0.030902 0.005530
vn 0.029604 0.095106 0.008863
vn 0.056309 0.080902 0.016858
vn 0.077503 0.058779 0.023203
vn 0.091110 0.030902 0.027277
vn 0.022477 0.095106 0.021206
vn 0.042754 0.080902 0.040336
vn 0.058846 0.058779 0.055518
vn 0.069177 0.030902 0.065265
vn 0.082364 0.030902 0.047553
vn 0.070063 0.058779 0.040451
vn 0.050904 0.080902 0.029389
vn 0.026762 0.095106 0.015451
vn 0.016981 0.095106 0.025818
vn 0.032299 0.080902 0.049109
vn 0.044456 0.058779 0.067592
vn 0.052261 0.030902 0.079460
vn 0.010569 0.095106 0.029038
vn 0.020103 0.080902 0.055234
vn 0.027670 0.058779 0.076023
vn 0.032528 0.030902 0.089370
vn 0.006824 0.080902 0.058381
vn 0.009392 0.058779 0.080355
vn 0.011041 0.030902 0.094463
vn -0.010569 0.095106 0.029038
vn -0.020103 0.080902 0.055234
vn -0.027670 0.058779 0.076023
vn -0.032528 0.030902 0.089370
vn -0.011041 0.030902 0.094463
vn -0.009392 0.058779 0.080355
vn -0.006824 0.080902 0.058381
vn -0.003587 0.095106 0.030693
vn -0.016981 0.095106 0.025818
vn -0.032299 0.080902 0.049109
vn -0.044456 0.058779 0.067592
vn -0.052261 0.030902 0.079460
vn -0.022477 0.095106 0.021206
vn -0.042754 0.080902 0.040336
vn -0.058846 0.058779 0.055518
vn -0.069177 0.030902 0.065265
vn -0.029604 0.095106 0.008863
vn -0.056309 0.080902 0.016858
vn -0.077503 0.058779 0.023203
vn -0.091110 0.030902 0.027277
vn -0.082364 0.030902 0.047553
vn -0.070063 0.058779 0.040451
vn -0.050904 0.080902 0.029389
vn -0.026762 0.095106 0.015451
vn -0.030849 0.095106 0.001797
vn -0.058679 0.080902 0.003418
vn -0.080765 0.058779 0.004704
vn -0.094945 0.030902 0.005530
vn -0.030432 0.095106 -0.005366
vn -0.057886 0.080902 -0.010207
vn -0.079673 0.058779 -0.014048
vn -0.093661 0.030902 -0.016515
vn -0.053971 0.080902 -0.023281
vn -0.074285 0.058779 -0.032044
vn -0.087328 0.030902 -0.037669
vn -0.019863 0.095106 -0.023672
vn -0.037782 0.080902 -0.045027
vn -0.052003 0.058779 -0.061974
vn -0.061133 0.030902 -0.072855
vn -0.076286 0.030902 -0.056793
vn -0.064893 0.058779 -0.048311
vn -0.047148 0.080902 -0.035100
vn -0.024787 0.095106 -0.018453
vn -0.013869 0.095106 -0.027615
vn -0.026380 0.080902 -0.052526
vn -0.036309 0.058779 -0.072296
vn -0.042683 0.030902 -0.084990
vn -0.007126 0.095106 -0.030069
vn -0.013555 0.080902 -0.057194
vn -0.018657 0.058779 -0.078721
vn -0.021933 0.030902 -0.092542
vn 0.000000 0.095106 -0.030902
vn 0.000000 0.100000 0.000000
vn 0.000000 0.100000 0.000000
vn 0.000000 0.095106 -0.030902
vn 0.000000 0.080902 -0.058779
vn 0.013555 0.080902 -0.057194
vn 0.000000 0.058779 -0.080902
vn 0.018657 0.058779 -0.078721
vn 0.000000 0.030902 -0.095106
vn 0.021933 0.030902 -0.092542
vn 0.023062 0.000000 -0.097304
vn 0.000000 0.100000 0.000000
vn 0.000000 0.100000 0.000000
vn 0.000000 0.100000 0.000000
vn 0.000000 0.100000 0.000000
vn 0.000000 0.100000 0.000000
vn 0.000000 0.100000 0.000000
vn 0.000000 0.100000 0.000000
vn 0.000000 0.100000 0.000000
vn 0.000000 0.100000 0.000000
vn 0.000000 0.100000 0.000000
vn 0.000000 0.100000 0.000000
vn 0.000000 0.100000 0.000000
vn 0.000000 0.100000 0.000000
vn 0.000000 0.100000 0.000000
vn 0.000000 0.100000 0.000000
vn 0.000000 0.100000 0.000000
vn 0.000000 0.100000 0.000000
vn 0.000000 0.100000 0.000000
vn 0.000000 0.100000 0.000000
vn 0.000000 0.100000 0.000000
vn 0.000000 0.100000 0.000000
vn 0.000000 0.100000 0.000000
vn 0.000000 0.100000 0.000000
vn 0.000000 0.100000 0.000000
vn 0.000000 0.100000 0.000000
vn 0.000000 0.100000 0.000000
vn 0.000000 0.100000 0.000000
vn 0.000000 0.100000 0.000000
vn 0.000000 0.100000 0.000000
vn 0.000000 0.100000 0.000000
vn 0.000000 0.100000 0.000000
vn 0.000000 0.100000 0.000000
vn 0.000000 0.100000 0.000000
vn 0.000000 0.100000 0.000000
vn 0.000000 0.100000 0.000000
usemtl 191,191,191
f 335/2/2 333/28/28 327/1/1
f 327/1/1 333/28/28 325/15/15
f 327/1/1 325/15/15 306/14/14
f 306/14/14 325/15/15 304/16/16
f 306/14/14 304/16/16 270/13/13
f 270/13/13 304/16/16 268/17/17
f 270/13/13 268/17/17 254/12/12
f 254/12/12 268/17/17 252/18/18
f 254/12/12 252/18/18 255/11/11
f 255/11/11 252/18/18 253/19/19
f 255/11/11 253/19/19 271/10/10
f 271/10/10 253/19/19 269/20/20
f 271/10/10 269/20/20 307/9/9
f 307/9/9 269/20/20 305/21/21
f 307/9/9 305/21/21 328/8/8
f 328/8/8 305/21/21 326/29/29
f 328/30/30 326/22/22 336/7/7
f 336/7/7 326/22/22 334/23/23
f 336/7/7 334/23/23 371/6/6
f 371/6/6 334/23/23 369/24/24
f 371/6/6 369/24/24 387/5/5
f 387/5/5 369/24/24 385/25/25
f 387/5/5 385/25/25 386/4/4
f 386/4/4 385/25/25 384/26/26
f 386/4/4 384/26/26 370/3/3
f 370/3/3 384/26/26 368/27/27
f 370/3/3 368/27/27 335/2/2
f 335/2/2 368/27/27 333/28/28
f 306/32/32 281/66/66 327/31/31
f 327/31/31 281/66/66 337/67/67
f 327/31/31 337/67/67 335/44/44
f 335/44/44 337/67/67 395/68/68
f 335/44/44 395/68/68 393/77/77
f 393/77/77 395/68/68 447/69/69
f 393/77/77 447/69/69 445/76/76
f 445/76/76 447/69/69 499/70/70
f 445/76/76 499/70/70 497/75/75
f 497/75/75 499/70/70 547/71/71
f 497/75/75 547/71/71 545/74/74
f 545/74/74 547/71/71 586/72/72
f 545/74/74 586/72/72 584/73/73
f 584/73/73 586/72/72 615/46/46
f 270/33/33 222/78/78 306/32/32
f 306/32/32 222/78/78 225/65/65
f 306/32/32 225/65/65 281/66/66
f 281/66/66 225/65/65 283/271/271
f 281/66/66 283/271/271 339/270/270
f 339/270/270 283/271/271 341/186/186
f 339/270/270 341/186/186 399/185/185
f 399/185/185 341/186/186 401/176/176
f 399/185/185 401/176/176 453/177/177
f 453/177/177 401/176/176 455/256/256
f 453/177/177 455/256/256 507/255/255
f 507/255/255 455/256/256 509/243/243
f 507/255/255 509/243/243 557/242/242
f 557/242/242 509/243/243 559/230/230
f 557/242/242 559/230/230 598/229/229
f 598/229/229 559/230/230 600/217/217
f 598/229/229 600/217/217 615/46/46
f 270/33/33 254/34/34 222/78/78
f 222/78/78 254/34/34 221/83/83
f 222/78/78 221/83/83 168/84/84
f 168/84/84 221/83/83 170/89/89
f 168/84/84 170/89/89 117/90/90
f 117/90/90 170/89/89 171/95/95
f 117/90/90 171/95/95 118/96/96
f 118/96/96 171/95/95 173/107/107
f 118/96/96 173/107/107 120/108/108
f 120/108/108 173/107/107 122/286/286
f 120/108/108 122/286/286 73/287/287
f 73/287/287 122/286/286 75/146/146
f 73/287/287 75/146/146 35/145/145
f 35/145/145 75/146/146 37/168/168
f 35/145/145 37/168/168 19/45/45
f 254/34/34 255/35/35 221/83/83
f 221/83/83 255/35/35 223/88/88
f 221/83/83 223/88/88 170/89/89
f 170/89/89 223/88/88 224/94/94
f 170/89/89 224/94/94 171/95/95
f 171/95/95 224/94/94 226/106/106
f 171/95/95 226/106/106 173/107/107
f 173/107/107 226/106/106 175/285/285
f 173/107/107 175/285/285 122/286/286
f 122/286/286 175/285/285 124/147/147
f 122/286/286 124/147/147 75/146/146
f 75/146/146 124/147/147 77/167/167
f 75/146/146 77/167/167 37/168/168
f 37/168/168 77/167/167 39/300/300
f 37/168/168 39/300/300 19/45/45
f 255/35/35 271/36/36 223/88/88
f 223/88/88 271/36/36 224/94/94
f 224/94/94 271/36/36 280/93/93
f 280/93/93 271/36/36 307/37/37
f 280/93/93 307/37/37 328/38/38
f 336/39/39 338/104/104 328/38/38
f 328/38/38 338/104/104 282/105/105
f 328/38/38 282/105/105 280/93/93
f 280/93/93 282/105/105 224/94/94
f 371/40/40 394/111/111 336/39/39
f 336/39/39 394/111/111 396/103/103
f 336/39/39 396/103/103 338/104/104
f 338/104/104 396/103/103 340/282/282
f 338/104/104 340/282/282 284/283/283
f 284/283/283 340/282/282 286/150/150
f 284/283/283 286/150/150 230/149/149
f 230/149/149 286/150/150 232/164/164
f 230/149/149 232/164/164 179/165/165
f 179/165/165 232/164/164 181/297/297
f 179/165/165 181/297/297 128/298/298
f 128/298/298 181/297/297 130/310/310
f 128/298/298 130/310/310 81/311/311
f 81/311/311 130/310/310 83/323/323
f 81/311/311 83/323/323 43/324/324
f 43/324/324 83/323/323 45/336/336
f 43/324/324 45/336/336 19/45/45
f 371/40/40 387/41/41 394/111/111
f 394/111/111 387/41/41 392/116/116
f 394/111/111 392/116/116 444/117/117
f 444/117/117 392/116/116 445/76/76
f 444/117/117 445/76/76 497/75/75
f 387/41/41 386/42/42 392/116/116
f 392/116/116 386/42/42 393/77/77
f 392/116/116 393/77/77 445/76/76
f 386/42/42 370/43/43 393/77/77
f 393/77/77 370/43/43 335/44/44
f 199/47/47 247/53/53 245/140/140
f 245/140/140 247/53/53 303/54/54
f 245/140/140 303/54/54 301/139/139
f 301/139/139 303/54/54 359/55/55
f 301/139/139 359/55/55 357/138/138
f 357/138/138 359/55/55 417/56/56
f 357/138/138 417/56/56 415/137/137
f 415/137/137 417/56/56 439/48/48
f 415/137/137 439/48/48 467/136/136
f 467/136/136 439/48/48 469/57/57
f 467/136/136 469/57/57 521/58/58
f 521/58/58 469/57/57 520/361/361
f 521/362/362 520/130/130 568/131/131
f 568/131/131 520/130/130 566/350/350
f 568/131/131 566/350/350 605/349/349
f 605/349/349 566/350/350 603/337/337
f 605/349/349 603/337/337 615/363/363
f 199/47/47 194/52/52 193/364/364
f 193/365/365 194/52/52 141/51/51
f 193/124/124 141/366/366 140/123/123
f 140/367/367 141/51/51 92/50/50
f 140/123/123 92/368/368 91/122/122
f 91/369/369 92/50/50 52/49/49
f 91/122/122 52/370/370 51/121/121
f 51/121/121 52/371/371 19/45/45
f 439/48/48 417/56/56 416/372/372
f 416/373/373 417/56/56 359/55/55
f 416/128/128 359/374/374 358/127/127
f 358/375/375 359/55/55 303/54/54
f 358/127/127 303/376/376 302/126/126
f 302/377/377 303/54/54 247/53/53
f 302/126/126 247/378/378 246/125/125
f 246/379/379 247/53/53 199/47/47
f 246/125/125 199/380/380 193/124/124
f 606/133/133 615/46/46 604/193/193
f 604/193/193 615/46/46 602/205/205
f 602/205/205 615/46/46 600/217/217
f 598/229/229 615/46/46 596/241/241
f 596/241/241 615/46/46 594/253/253
f 594/253/253 615/46/46 592/180/180
f 592/180/180 615/46/46 590/181/181
f 588/265/265 615/46/46 586/72/72
f 584/73/73 615/46/46 583/120/120
f 583/120/120 615/381/381 585/115/115
f 585/115/115 615/382/382 587/99/99
f 587/99/99 615/383/383 589/277/277
f 589/277/277 615/384/384 591/156/156
f 591/156/156 615/385/385 593/157/157
f 595/289/289 615/386/386 597/301/301
f 597/301/301 615/387/387 599/313/313
f 599/313/313 615/388/388 601/325/325
f 601/325/325 615/389/389 603/337/337
f 605/349/349 615/390/390 607/132/132
f 607/391/391 615/46/46 608/60/60
f 51/121/121 19/45/45 49/360/360
f 49/360/360 19/45/45 47/348/348
f 47/348/348 19/45/45 45/336/336
f 43/324/324 19/45/45 41/312/312
f 41/312/312 19/45/45 39/300/300
f 35/145/145 19/45/45 33/288/288
f 33/288/288 19/45/45 31/110/110
f 28/92/92 19/45/45 26/87/87
f 26/87/87 19/392/392 27/82/82
f 27/82/82 19/393/393 30/61/61
f 30/61/61 19/394/394 32/276/276
f 32/276/276 19/395/395 34/192/192
f 36/169/169 19/396/396 38/264/264
f 38/264/264 19/397/397 40/252/252
f 40/252/252 19/398/398 42/240/240
f 42/240/240 19/399/399 44/228/228
f 44/228/228 19/400/400 46/216/216
f 46/216/216 19/401/401 48/204/204
f 48/204/204 19/402/402 50/144/144
f 50/144/144 19/403/403 52/49/49
f 52/49/49 92/50/50 50/144/144
f 50/144/144 92/50/50 90/143/143
f 50/144/144 90/143/143 48/204/204
f 48/204/204 90/143/143 88/203/203
f 48/204/204 88/203/203 46/216/216
f 46/216/216 88/203/203 86/215/215
f 46/216/216 86/215/215 44/228/228
f 44/228/228 86/215/215 84/227/227
f 44/228/228 84/227/227 42/240/240
f 42/240/240 84/227/227 82/239/239
f 42/240/240 82/239/239 40/252/252
f 40/252/252 82/239/239 80/251/251
f 40/252/252 80/251/251 38/264/264
f 38/264/264 80/251/251 78/263/263
f 38/264/264 78/263/263 36/169/169
f 36/169/169 78/263/263 76/170/170
f 36/169/169 76/170/170 34/192/192
f 34/192/192 76/170/170 74/191/191
f 34/192/192 74/191/191 32/276/276
f 32/276/276 74/191/191 72/275/275
f 32/276/276 72/275/275 30/61/61
f 30/61/61 72/275/275 70/62/62
f 30/61/61 70/62/62 27/82/82
f 27/82/82 70/62/62 67/81/81
f 27/82/82 67/81/81 26/87/87
f 26/87/87 67/81/81 66/86/86
f 26/87/87 66/86/86 28/92/92
f 28/92/92 66/86/86 68/91/91
f 28/92/92 68/91/91 69/97/97
f 69/97/97 68/91/91 118/96/96
f 69/97/97 118/96/96 120/108/108
f 92/50/50 141/51/51 90/143/143
f 90/143/143 141/51/51 139/142/142
f 90/143/143 139/142/142 88/203/203
f 88/203/203 139/142/142 137/202/202
f 88/203/203 137/202/202 86/215/215
f 86/215/215 137/202/202 135/214/214
f 86/215/215 135/214/214 84/227/227
f 84/227/227 135/214/214 133/226/226
f 84/227/227 133/226/226 82/239/239
f 82/239/239 133/226/226 131/238/238
f 82/239/239 131/238/238 80/251/251
f 80/251/251 131/238/238 129/250/250
f 80/251/251 129/250/250 78/263/263
f 78/263/263 129/250/250 127/262/262
f 78/263/263 127/262/262 76/170/170
f 76/170/170 127/262/262 125/171/171
f 76/170/170 125/171/171 74/191/191
f 74/191/191 125/171/171 123/190/190
f 74/191/191 123/190/190 72/275/275
f 72/275/275 123/190/190 121/274/274
f 72/275/275 121/274/274 70/62/62
f 70/62/62 121/274/274 119/63/63
f 70/62/62 119/63/63 67/81/81
f 67/81/81 119/63/63 116/80/80
f 67/81/81 116/80/80 66/86/86
f 66/86/86 116/80/80 115/85/85
f 66/86/86 115/85/85 68/91/91
f 68/91/91 115/85/85 117/90/90
f 68/91/91 117/90/90 118/96/96
f 141/51/51 194/52/52 139/142/142
f 139/142/142 194/52/52 192/141/141
f 139/142/142 192/141/141 137/202/202
f 137/202/202 192/141/141 190/201/201
f 137/202/202 190/201/201 135/214/214
f 135/214/214 190/201/201 188/213/213
f 135/214/214 188/213/213 133/226/226
f 133/226/226 188/213/213 186/225/225
f 133/226/226 186/225/225 131/238/238
f 131/238/238 186/225/225 184/237/237
f 131/238/238 184/237/237 129/250/250
f 129/250/250 184/237/237 182/249/249
f 129/250/250 182/249/249 127/262/262
f 127/262/262 182/249/249 180/261/261
f 127/262/262 180/261/261 125/171/171
f 125/171/171 180/261/261 178/172/172
f 125/171/171 178/172/172 123/190/190
f 123/190/190 178/172/172 176/189/189
f 123/190/190 176/189/189 121/274/274
f 121/274/274 176/189/189 174/273/273
f 121/274/274 174/273/273 119/63/63
f 119/63/63 174/273/273 172/64/64
f 119/63/63 172/64/64 116/80/80
f 116/80/80 172/64/64 169/79/79
f 116/80/80 169/79/79 115/85/85
f 115/85/85 169/79/79 168/84/84
f 115/85/85 168/84/84 117/90/90
f 194/52/52 199/47/47 192/141/141
f 192/141/141 199/47/47 245/140/140
f 192/141/141 245/140/140 190/201/201
f 190/201/201 245/140/140 243/200/200
f 190/201/201 243/200/200 188/213/213
f 188/213/213 243/200/200 241/212/212
f 188/213/213 241/212/212 186/225/225
f 186/225/225 241/212/212 239/224/224
f 186/225/225 239/224/224 184/237/237
f 184/237/237 239/224/224 237/236/236
f 184/237/237 237/236/236 182/249/249
f 182/249/249 237/236/236 235/248/248
f 182/249/249 235/248/248 180/261/261
f 180/261/261 235/248/248 233/260/260
f 180/261/261 233/260/260 178/172/172
f 178/172/172 233/260/260 231/173/173
f 178/172/172 231/173/173 176/189/189
f 176/189/189 231/173/173 229/188/188
f 176/189/189 229/188/188 174/273/273
f 174/273/273 229/188/188 227/272/272
f 174/273/273 227/272/272 172/64/64
f 172/64/64 227/272/272 225/65/65
f 172/64/64 225/65/65 169/79/79
f 169/79/79 225/65/65 222/78/78
f 169/79/79 222/78/78 168/84/84
f 469/57/57 439/48/48 468/404/404
f 468/129/129 439/405/405 416/128/128
f 468/129/129 416/128/128 466/352/352
f 466/352/352 416/128/128 414/353/353
f 466/352/352 414/353/353 464/340/340
f 464/340/340 414/353/353 412/341/341
f 464/340/340 412/341/341 462/328/328
f 462/328/328 412/341/341 410/329/329
f 462/328/328 410/329/329 460/316/316
f 460/316/316 410/329/329 408/317/317
f 460/316/316 408/317/317 458/304/304
f 458/304/304 408/317/317 406/305/305
f 458/304/304 406/305/305 456/292/292
f 456/292/292 406/305/305 404/293/293
f 456/292/292 404/293/293 454/160/160
f 454/160/160 404/293/293 402/161/161
f 454/160/160 402/161/161 452/153/153
f 452/153/153 402/161/161 400/152/152
f 452/153/153 400/152/152 450/280/280
f 450/280/280 400/152/152 398/281/281
f 450/280/280 398/281/281 448/102/102
f 448/102/102 398/281/281 396/103/103
f 448/102/102 396/103/103 446/112/112
f 446/112/112 396/103/103 394/111/111
f 446/112/112 394/111/111 444/117/117
f 521/58/58 569/59/59 519/135/135
f 519/135/135 569/59/59 567/134/134
f 519/135/135 567/134/134 517/195/195
f 517/195/195 567/134/134 565/194/194
f 517/195/195 565/194/194 515/207/207
f 515/207/207 565/194/194 563/206/206
f 515/207/207 563/206/206 513/219/219
f 513/219/219 563/206/206 561/218/218
f 513/219/219 561/218/218 511/231/231
f 511/231/231 561/218/218 559/230/230
f 511/231/231 559/230/230 509/243/243
f 569/59/59 608/60/60 567/134/134
f 567/134/134 608/60/60 606/133/133
f 567/134/134 606/133/133 565/194/194
f 565/194/194 606/133/133 604/193/193
f 565/194/194 604/193/193 563/206/206
f 563/206/206 604/193/193 602/205/205
f 563/206/206 602/205/205 561/218/218
f 561/218/218 602/205/205 600/217/217
f 561/218/218 600/217/217 559/230/230
f 521/58/58 568/406/406 569/59/59
f 569/407/407 568/131/131 607/132/132
f 569/59/59 607/408/408 608/60/60
f 608/60/60 615/46/46 606/133/133
f 19/45/45 29/98/98 31/110/110
f 31/110/110 29/98/98 71/109/109
f 31/110/110 71/109/109 33/288/288
f 33/288/288 71/109/109 73/287/287
f 33/288/288 73/287/287 35/145/145
f 29/98/98 19/45/45 28/92/92
f 34/192/192 19/409/409 36/169/169
f 283/271/271 225/65/65 227/272/272
f 281/66/66 339/270/270 337/67/67
f 337/67/67 339/270/270 397/269/269
f 337/67/67 397/269/269 395/68/68
f 395/68/68 397/269/269 449/268/268
f 395/68/68 449/268/268 447/69/69
f 447/69/69 449/268/268 501/267/267
f 447/69/69 501/267/267 499/70/70
f 499/70/70 501/267/267 549/266/266
f 499/70/70 549/266/266 547/71/71
f 547/71/71 549/266/266 588/265/265
f 547/71/71 588/265/265 586/72/72
f 545/74/74 584/73/73 544/119/119
f 544/119/119 584/73/73 583/120/120
f 544/119/119 583/120/120 546/114/114
f 546/114/114 583/120/120 585/115/115
f 546/114/114 585/115/115 548/100/100
f 548/100/100 585/115/115 587/99/99
f 548/100/100 587/99/99 550/278/278
f 550/278/278 587/99/99 589/277/277
f 550/278/278 589/277/277 552/155/155
f 552/155/155 589/277/277 591/156/156
f 552/155/155 591/156/156 554/158/158
f 554/158/158 591/156/156 593/157/157
f 554/158/158 593/157/157 556/290/290
f 556/290/290 593/157/157 595/289/289
f 556/290/290 595/289/289 558/302/302
f 558/302/302 595/289/289 597/301/301
f 558/302/302 597/301/301 560/314/314
f 560/314/314 597/301/301 599/313/313
f 560/314/314 599/313/313 562/326/326
f 562/326/326 599/313/313 601/325/325
f 562/326/326 601/325/325 564/338/338
f 564/338/338 601/325/325 603/337/337
f 564/338/338 603/337/337 566/350/350
f 497/75/75 545/74/74 496/118/118
f 496/118/118 545/74/74 544/119/119
f 496/118/118 544/119/119 498/113/113
f 498/113/113 544/119/119 546/114/114
f 498/113/113 546/114/114 500/101/101
f 500/101/101 546/114/114 548/100/100
f 500/101/101 548/100/100 502/279/279
f 502/279/279 548/100/100 550/278/278
f 502/279/279 550/278/278 504/154/154
f 504/154/154 550/278/278 552/155/155
f 504/154/154 552/155/155 506/159/159
f 506/159/159 552/155/155 554/158/158
f 506/159/159 554/158/158 508/291/291
f 508/291/291 554/158/158 556/290/290
f 508/291/291 556/290/290 510/303/303
f 510/303/303 556/290/290 558/302/302
f 510/303/303 558/302/302 512/315/315
f 512/315/315 558/302/302 560/314/314
f 512/315/315 560/314/314 514/327/327
f 514/327/327 560/314/314 562/326/326
f 514/327/327 562/326/326 516/339/339
f 516/339/339 562/326/326 564/338/338
f 516/339/339 564/338/338 518/351/351
f 518/351/351 564/338/338 566/350/350
f 518/351/351 566/350/350 520/130/130
f 29/98/98 28/92/92 69/97/97
f 226/106/106 224/94/94 282/105/105
f 71/109/109 29/98/98 69/97/97
f 71/109/109 69/97/97 120/108/108
f 500/101/101 448/102/102 498/113/113
f 498/113/113 448/102/102 446/112/112
f 498/113/113 446/112/112 496/118/118
f 496/118/118 446/112/112 444/117/117
f 496/118/118 444/117/117 497/75/75
f 448/102/102 500/101/101 450/280/280
f 450/280/280 500/101/101 502/279/279
f 450/280/280 502/279/279 452/153/153
f 452/153/153 502/279/279 504/154/154
f 452/153/153 504/154/154 454/160/160
f 454/160/160 504/154/154 506/159/159
f 454/160/160 506/159/159 456/292/292
f 456/292/292 506/159/159 508/291/291
f 456/292/292 508/291/291 458/304/304
f 458/304/304 508/291/291 510/303/303
f 458/304/304 510/303/303 460/316/316
f 460/316/316 510/303/303 512/315/315
f 460/316/316 512/315/315 462/328/328
f 462/328/328 512/315/315 514/327/327
f 462/328/328 514/327/327 464/340/340
f 464/340/340 514/327/327 516/339/339
f 464/340/340 516/339/339 466/352/352
f 466/352/352 516/339/339 518/351/351
f 466/352/352 518/351/351 468/129/129
f 468/129/129 518/351/351 520/130/130
f 468/129/129 520/130/130 469/410/410
f 340/282/282 396/103/103 398/281/281
f 338/104/104 284/283/283 282/105/105
f 282/105/105 284/283/283 228/284/284
f 282/105/105 228/284/284 226/106/106
f 226/106/106 228/284/284 175/285/285
f 73/287/287 71/109/109 120/108/108
f 91/122/122 51/121/121 89/359/359
f 89/359/359 51/121/121 49/360/360
f 89/359/359 49/360/360 87/347/347
f 87/347/347 49/360/360 47/348/348
f 87/347/347 47/348/348 85/335/335
f 85/335/335 47/348/348 45/336/336
f 85/335/335 45/336/336 83/323/323
f 140/123/123 91/122/122 138/358/358
f 138/358/358 91/122/122 89/359/359
f 138/358/358 89/359/359 136/346/346
f 136/346/346 89/359/359 87/347/347
f 136/346/346 87/347/347 134/334/334
f 134/334/334 87/347/347 85/335/335
f 134/334/334 85/335/335 132/322/322
f 132/322/322 85/335/335 83/323/323
f 132/322/322 83/323/323 130/310/310
f 193/124/124 140/123/123 191/357/357
f 191/357/357 140/123/123 138/358/358
f 191/357/357 138/358/358 189/345/345
f 189/345/345 138/358/358 136/346/346
f 189/345/345 136/346/346 187/333/333
f 187/333/333 136/346/346 134/334/334
f 187/333/333 134/334/334 185/321/321
f 185/321/321 134/334/334 132/322/322
f 185/321/321 132/322/322 183/309/309
f 183/309/309 132/322/322 130/310/310
f 183/309/309 130/310/310 181/297/297
f 246/125/125 193/124/124 244/356/356
f 244/356/356 193/124/124 191/357/357
f 244/356/356 191/357/357 242/344/344
f 242/344/344 191/357/357 189/345/345
f 242/344/344 189/345/345 240/332/332
f 240/332/332 189/345/345 187/333/333
f 240/332/332 187/333/333 238/320/320
f 238/320/320 187/333/333 185/321/321
f 238/320/320 185/321/321 236/308/308
f 236/308/308 185/321/321 183/309/309
f 236/308/308 183/309/309 234/296/296
f 234/296/296 183/309/309 181/297/297
f 234/296/296 181/297/297 232/164/164
f 302/126/126 246/125/125 300/355/355
f 300/355/355 246/125/125 244/356/356
f 300/355/355 244/356/356 298/343/343
f 298/343/343 244/356/356 242/344/344
f 298/343/343 242/344/344 296/331/331
f 296/331/331 242/344/344 240/332/332
f 296/331/331 240/332/332 294/319/319
f 294/319/319 240/332/332 238/320/320
f 294/319/319 238/320/320 292/307/307
f 292/307/307 238/320/320 236/308/308
f 292/307/307 236/308/308 290/295/295
f 290/295/295 236/308/308 234/296/296
f 290/295/295 234/296/296 288/163/163
f 288/163/163 234/296/296 232/164/164
f 288/163/163 232/164/164 286/150/150
f 414/353/353 416/128/128 358/127/127
f 358/127/127 302/126/126 356/354/354
f 356/354/354 302/126/126 300/355/355
f 356/354/354 300/355/355 354/342/342
f 354/342/342 300/355/355 298/343/343
f 354/342/342 298/343/343 352/330/330
f 352/330/330 298/343/343 296/331/331
f 352/330/330 296/331/331 350/318/318
f 350/318/318 296/331/331 294/319/319
f 350/318/318 294/319/319 348/306/306
f 348/306/306 294/319/319 292/307/307
f 348/306/306 292/307/307 346/294/294
f 346/294/294 292/307/307 290/295/295
f 346/294/294 290/295/295 344/162/162
f 344/162/162 290/295/295 288/163/163
f 344/162/162 288/163/163 342/151/151
f 342/151/151 288/163/163 286/150/150
f 342/151/151 286/150/150 340/282/282
f 605/349/349 607/132/132 568/131/131
f 521/58/58 519/135/135 467/136/136
f 467/136/136 519/135/135 465/196/196
f 467/136/136 465/196/196 413/197/197
f 413/197/197 465/196/196 411/209/209
f 413/197/197 411/209/209 353/210/210
f 353/210/210 411/209/209 351/222/222
f 353/210/210 351/222/222 295/223/223
f 295/223/223 351/222/222 293/235/235
f 295/223/223 293/235/235 237/236/236
f 237/236/236 293/235/235 235/248/248
f 465/196/196 519/135/135 517/195/195
f 467/136/136 413/197/197 415/137/137
f 415/137/137 413/197/197 355/198/198
f 415/137/137 355/198/198 357/138/138
f 357/138/138 355/198/198 299/199/199
f 357/138/138 299/199/199 301/139/139
f 301/139/139 299/199/199 243/200/200
f 301/139/139 243/200/200 245/140/140
f 124/147/147 177/148/148 126/166/166
f 126/166/166 177/148/148 179/165/165
f 126/166/166 179/165/165 128/298/298
f 179/165/165 177/148/148 230/149/149
f 230/149/149 177/148/148 228/284/284
f 230/149/149 228/284/284 284/283/283
f 228/284/284 177/148/148 175/285/285
f 175/285/285 177/148/148 124/147/147
f 342/151/151 400/152/152 344/162/162
f 344/162/162 400/152/152 402/161/161
f 344/162/162 402/161/161 346/294/294
f 346/294/294 402/161/161 404/293/293
f 346/294/294 404/293/293 348/306/306
f 348/306/306 404/293/293 406/305/305
f 348/306/306 406/305/305 350/318/318
f 350/318/318 406/305/305 408/317/317
f 350/318/318 408/317/317 352/330/330
f 352/330/330 408/317/317 410/329/329
f 352/330/330 410/329/329 354/342/342
f 354/342/342 410/329/329 412/341/341
f 354/342/342 412/341/341 356/354/354
f 356/354/354 412/341/341 414/353/353
f 356/354/354 414/353/353 358/127/127
f 340/282/282 398/281/281 342/151/151
f 342/151/151 398/281/281 400/152/152
f 593/157/157 615/411/411 595/289/289
f 124/147/147 126/166/166 77/167/167
f 77/167/167 126/166/166 79/299/299
f 77/167/167 79/299/299 39/300/300
f 39/300/300 79/299/299 41/312/312
f 79/299/299 126/166/166 128/298/298
f 231/173/173 287/174/174 229/188/188
f 229/188/188 287/174/174 285/187/187
f 229/188/188 285/187/187 227/272/272
f 227/272/272 285/187/187 283/271/271
f 287/174/174 343/175/175 285/187/187
f 285/187/187 343/175/175 341/186/186
f 285/187/187 341/186/186 283/271/271
f 287/174/174 231/173/173 289/259/259
f 289/259/259 231/173/173 233/260/260
f 289/259/259 233/260/260 291/247/247
f 291/247/247 233/260/260 235/248/248
f 291/247/247 235/248/248 293/235/235
f 341/186/186 343/175/175 401/176/176
f 401/176/176 343/175/175 403/257/257
f 401/176/176 403/257/257 455/256/256
f 455/256/256 403/257/257 457/244/244
f 455/256/256 457/244/244 509/243/243
f 509/243/243 457/244/244 511/231/231
f 343/175/175 287/174/174 345/258/258
f 345/258/258 287/174/174 289/259/259
f 345/258/258 289/259/259 347/246/246
f 347/246/246 289/259/259 291/247/247
f 347/246/246 291/247/247 349/234/234
f 349/234/234 291/247/247 293/235/235
f 349/234/234 293/235/235 351/222/222
f 453/177/177 505/178/178 451/184/184
f 451/184/184 505/178/178 503/183/183
f 451/184/184 503/183/183 449/268/268
f 449/268/268 503/183/183 501/267/267
f 505/178/178 553/179/179 503/183/183
f 503/183/183 553/179/179 551/182/182
f 503/183/183 551/182/182 501/267/267
f 501/267/267 551/182/182 549/266/266
f 453/177/177 507/255/255 505/178/178
f 505/178/178 507/255/255 555/254/254
f 505/178/178 555/254/254 553/179/179
f 553/179/179 555/254/254 594/253/253
f 553/179/179 594/253/253 592/180/180
f 553/179/179 592/180/180 551/182/182
f 551/182/182 592/180/180 590/181/181
f 551/182/182 590/181/181 549/266/266
f 549/266/266 590/181/181 588/265/265
f 590/181/181 615/46/46 588/265/265
f 453/177/177 451/184/184 399/185/185
f 399/185/185 451/184/184 397/269/269
f 399/185/185 397/269/269 339/270/270
f 397/269/269 451/184/184 449/268/268
f 465/196/196 517/195/195 463/208/208
f 463/208/208 517/195/195 515/207/207
f 463/208/208 515/207/207 461/220/220
f 461/220/220 515/207/207 513/219/219
f 461/220/220 513/219/219 459/232/232
f 459/232/232 513/219/219 511/231/231
f 459/232/232 511/231/231 457/244/244
f 413/197/197 353/210/210 355/198/198
f 355/198/198 353/210/210 297/211/211
f 355/198/198 297/211/211 299/199/199
f 299/199/199 297/211/211 241/212/212
f 299/199/199 241/212/212 243/200/200
f 465/196/196 463/208/208 411/209/209
f 411/209/209 463/208/208 409/221/221
f 411/209/209 409/221/221 351/222/222
f 351/222/222 409/221/221 349/234/234
f 409/221/221 463/208/208 461/220/220
f 239/224/224 241/212/212 297/211/211
f 239/224/224 297/211/211 295/223/223
f 295/223/223 297/211/211 353/210/210
f 409/221/221 461/220/220 407/233/233
f 407/233/233 461/220/220 459/232/232
f 407/233/233 459/232/232 405/245/245
f 405/245/245 459/232/232 457/244/244
f 405/245/245 457/244/244 403/257/257
f 237/236/236 239/224/224 295/223/223
f 557/242/242 598/229/229 596/241/241
f 347/246/246 349/234/234 407/233/233
f 407/233/233 349/234/234 409/221/221
f 347/246/246 407/233/233 405/245/245
f 594/253/253 555/254/254 596/241/241
f 596/241/241 555/254/254 557/242/242
f 555/254/254 507/255/255 557/242/242
f 345/258/258 347/246/246 405/245/245
f 345/258/258 405/245/245 403/257/257
f 343/175/175 345/258/258 403/257/257
f 41/312/312 79/299/299 81/311/311
f 81/311/311 79/299/299 128/298/298
f 43/324/324 41/312/312 81/311/311
f 312/412/412 378/413/413 258/438/438
f 258/438/438 378/413/413 432/414/414
f 258/438/438 432/414/414 203/437/437
f 203/437/437 432/414/414 487/415/415
f 203/437/437 487/415/415 147/436/436
f 147/436/436 487/415/415 538/416/416
f 147/436/436 538/416/416 95/435/435
f 95/435/435 538/416/416 609/417/417
f 95/435/435 609/417/417 626/418/418
f 626/418/418 630/419/419 95/435/435
f 95/435/435 630/419/419 620/420/420
f 95/435/435 620/420/420 572/421/421
f 572/421/421 525/422/422 95/435/435
f 95/435/435 525/422/422 472/423/423
f 95/435/435 472/423/423 419/424/424
f 419/424/424 361/425/425 95/435/435
f 95/435/435 361/425/425 275/426/426
f 95/435/435 275/426/426 216/427/427
f 216/427/427 162/428/428 95/435/435
f 95/435/435 162/428/428 108/429/429
f 95/435/435 108/429/429 22/434/434
f 22/434/434 108/429/429 60/430/430
f 22/434/434 60/430/430 11/431/431
f 1/432/432 5/433/433 11/431/431
f 11/431/431 5/433/433 22/434/434
f 379/440/440 312/466/466 313/439/439
f 313/439/439 312/466/466 258/467/467
f 313/439/439 258/467/467 259/465/465
f 259/465/465 258/467/467 203/468/468
f 259/465/465 203/468/468 204/464/464
f 204/464/464 203/468/468 147/469/469
f 204/464/464 147/469/469 148/463/463
f 148/463/463 147/469/469 95/470/470
f 148/463/463 95/470/470 96/462/462
f 96/462/462 95/470/470 22/471/471
f 96/462/462 22/471/471 23/461/461
f 23/461/461 22/471/471 5/472/472
f 23/461/461 5/472/472 6/460/460
f 6/460/460 5/472/472 1/473/473
f 6/460/460 1/473/473 2/459/459
f 2/459/459 1/473/473 11/474/474
f 2/459/459 11/474/474 12/458/458
f 12/458/458 11/474/474 60/475/475
f 12/458/458 60/475/475 61/457/457
f 61/457/457 60/475/475 108/476/476
f 61/457/457 108/476/476 109/456/456
f 109/456/456 108/476/476 162/477/477
f 109/456/456 162/477/477 163/455/455
f 163/455/455 162/477/477 216/478/478
f 163/455/455 216/478/478 217/454/454
f 217/454/454 216/478/478 275/493/493
f 217/454/454 275/494/494 276/453/453
f 276/495/495 275/479/479 361/480/480
f 276/496/496 361/480/480 362/452/452
f 362/452/452 361/480/480 419/481/481
f 362/452/452 419/481/481 420/451/451
f 420/451/451 419/481/481 472/482/482
f 420/451/451 472/482/482 473/450/450
f 473/450/450 472/482/482 525/483/483
f 473/450/450 525/483/483 526/449/449
f 526/449/449 525/483/483 572/484/484
f 526/449/449 572/484/484 573/448/448
f 573/448/448 572/484/484 620/485/485
f 573/448/448 620/485/485 621/447/447
f 621/447/447 620/485/485 630/486/486
f 621/447/447 630/486/486 631/446/446
f 631/446/446 630/486/486 626/487/487
f 631/446/446 626/487/487 627/445/445
f 627/445/445 626/487/487 609/488/488
f 627/445/445 609/488/488 610/444/444
f 610/444/444 609/488/488 538/489/489
f 610/444/444 538/489/489 539/443/443
f 539/443/443 538/489/489 487/490/490
f 539/443/443 487/490/490 488/442/442
f 488/442/442 487/490/490 432/491/491
f 488/442/442 432/491/491 433/441/441
f 433/441/441 432/491/491 378/492/492
f 433/441/441 378/492/492 379/440/440
f 379/440/440 378/492/492 312/466/466
f 374/498/498 379/549/549 314/497/497
f 314/497/497 379/549/549 313/523/523
f 314/497/497 313/523/523 259/524/524
f 379/549/549 374/498/498 433/548/548
f 433/548/548 374/498/498 428/499/499
f 433/548/548 428/499/499 488/547/547
f 488/547/547 428/499/499 483/500/500
f 488/547/547 483/500/500 539/546/546
f 539/546/546 483/500/500 532/501/501
f 539/546/546 532/501/501 610/545/545
f 610/545/545 532/501/501 577/502/502
f 610/545/545 577/502/502 627/544/544
f 627/544/544 577/502/502 616/503/503
f 627/544/544 616/503/503 631/543/543
f 631/543/543 616/503/503 617/504/504
f 631/543/543 617/504/504 621/542/542
f 621/542/542 617/504/504 578/505/505
f 621/542/542 578/505/505 573/541/541
f 573/541/541 578/505/505 533/506/506
f 573/541/541 533/506/506 526/540/540
f 526/540/540 533/506/506 484/507/507
f 526/540/540 484/507/507 473/539/539
f 473/539/539 484/507/507 429/508/508
f 473/539/539 429/508/508 420/538/538
f 420/538/538 429/508/508 375/509/509
f 420/538/538 375/509/509 362/537/537
f 362/537/537 375/509/509 315/510/510
f 362/537/537 315/510/510 276/536/536
f 276/536/536 315/510/510 263/511/511
f 276/536/536 263/511/511 217/535/535
f 217/535/535 263/511/511 208/512/512
f 217/535/535 208/512/512 163/534/534
f 163/534/534 208/512/512 152/513/513
f 163/534/534 152/513/513 109/533/533
f 109/533/533 152/513/513 102/514/514
f 109/533/533 102/514/514 61/532/532
f 61/532/532 102/514/514 56/515/515
f 61/532/532 56/515/515 12/531/531
f 12/531/531 56/515/515 16/516/516
f 12/531/531 16/516/516 2/530/530
f 2/530/530 16/516/516 15/517/517
f 2/530/530 15/517/517 6/529/529
f 6/529/529 15/517/517 55/518/518
f 6/529/529 55/518/518 23/528/528
f 23/528/528 55/518/518 101/519/519
f 23/528/528 101/519/519 96/527/527
f 96/527/527 101/519/519 151/520/520
f 96/527/527 151/520/520 148/526/526
f 148/526/526 151/520/520 207/521/521
f 148/526/526 207/521/521 204/525/525
f 204/525/525 207/521/521 262/522/522
f 204/525/525 262/522/522 259/524/524
f 259/524/524 262/522/522 314/497/497
f 376/551/551 374/601/601 317/550/550
f 317/550/550 374/601/601 314/576/576
f 317/550/550 314/576/576 264/575/575
f 264/575/575 314/576/576 262/577/577
f 264/575/575 262/577/577 209/574/574
f 209/574/574 262/577/577 207/578/578
f 209/574/574 207/578/578 153/573/573
f 153/573/573 207/578/578 151/579/579
f 153/573/573 151/579/579 103/572/572
f 103/572/572 151/579/579 101/580/580
f 103/572/572 101/580/580 57/571/571
f 57/571/571 101/580/580 55/581/581
f 57/571/571 55/581/581 17/570/570
f 17/570/570 55/581/581 15/582/582
f 17/570/570 15/582/582 18/569/569
f 18/569/569 15/582/582 16/583/583
f 18/569/569 16/583/583 58/568/568
f 58/568/568 16/583/583 56/584/584
f 58/568/568 56/584/584 104/567/567
f 104/567/567 56/584/584 102/585/585
f 104/567/567 102/585/585 154/566/566
f 154/566/566 102/585/585 152/586/586
f 154/566/566 152/586/586 210/565/565
f 210/565/565 152/586/586 208/587/587
f 210/565/565 208/587/587 265/564/564
f 265/564/564 208/587/587 263/588/588
f 265/564/564 263/588/588 318/563/563
f 318/563/563 263/588/588 315/602/602
f 318/603/603 315/589/589 377/562/562
f 377/562/562 315/589/589 375/590/590
f 377/562/562 375/590/590 431/561/561
f 431/561/561 375/590/590 429/591/591
f 431/561/561 429/591/591 486/560/560
f 486/560/560 429/591/591 484/592/592
f 486/560/560 484/592/592 535/559/559
f 535/559/559 484/592/592 533/593/593
f 535/559/559 533/593/593 580/558/558
f 580/558/558 533/593/593 578/594/594
f 580/558/558 578/594/594 619/557/557
f 619/557/557 578/594/594 617/595/595
f 619/557/557 617/595/595 618/556/556
f 618/556/556 617/595/595 616/596/596
f 618/556/556 616/596/596 579/555/555
f 579/555/555 616/596/596 577/597/597
f 579/555/555 577/597/597 534/554/554
f 534/554/554 577/597/597 532/598/598
f 534/554/554 532/598/598 485/553/553
f 485/553/553 532/598/598 483/599/599
f 485/553/553 483/599/599 430/552/552
f 430/552/552 483/599/599 428/600/600
f 430/552/552 428/600/600 376/551/551
f 376/551/551 428/600/600 374/601/601
f 260/630/630 316/604/604 317/631/631
f 317/631/631 316/604/604 380/605/605
f 317/631/631 380/605/605 376/656/656
f 376/656/656 380/605/605 434/606/606
f 376/656/656 434/606/606 430/655/655
f 430/655/655 434/606/606 489/607/607
f 430/655/655 489/607/607 485/654/654
f 485/654/654 489/607/607 540/608/608
f 485/654/654 540/608/608 534/653/653
f 534/653/653 540/608/608 611/609/609
f 534/653/653 611/609/609 579/652/652
f 579/652/652 611/609/609 628/610/610
f 579/652/652 628/610/610 618/651/651
f 618/651/651 628/610/610 632/611/611
f 618/651/651 632/611/611 619/650/650
f 619/650/650 632/611/611 622/612/612
f 619/650/650 622/612/612 580/649/649
f 580/649/649 622/612/612 574/613/613
f 580/649/649 574/613/613 535/648/648
f 535/648/648 574/613/613 527/614/614
f 535/648/648 527/614/614 486/647/647
f 486/647/647 527/614/614 474/615/615
f 486/647/647 474/615/615 431/646/646
f 431/646/646 474/615/615 421/616/616
f 431/646/646 421/616/616 377/645/645
f 377/645/645 421/616/616 363/617/617
f 377/645/645 363/617/617 318/644/644
f 318/644/644 363/617/617 277/618/618
f 318/644/644 277/618/618 265/643/643
f 265/643/643 277/618/618 218/619/619
f 265/643/643 218/619/619 210/642/642
f 210/642/642 218/619/619 164/620/620
f 210/642/642 164/620/620 154/641/641
f 154/641/641 164/620/620 110/621/621
f 154/641/641 110/621/621 104/640/640
f 104/640/640 110/621/621 62/622/622
f 104/640/640 62/622/622 58/639/639
f 58/639/639 62/622/622 13/623/623
f 58/639/639 13/623/623 18/638/638
f 18/638/638 13/623/623 3/624/624
f 18/638/638 3/624/624 17/637/637
f 17/637/637 3/624/624 7/625/625
f 17/637/637 7/625/625 57/636/636
f 57/636/636 7/625/625 24/626/626
f 57/636/636 24/626/626 103/635/635
f 103/635/635 24/626/626 97/627/627
f 103/635/635 97/627/627 153/634/634
f 153/634/634 97/627/627 149/628/628
f 153/634/634 149/628/628 209/633/633
f 209/633/633 149/628/628 205/629/629
f 209/633/633 205/629/629 264/632/632
f 264/632/632 205/629/629 260/630/630
f 264/632/632 260/630/630 317/631/631
f 381/658/658 316/684/684 319/657/657
f 319/657/657 316/684/684 260/685/685
f 319/657/657 260/685/685 261/683/683
f 261/683/683 260/685/685 205/686/686
f 261/683/683 205/686/686 206/682/682
f 206/682/682 205/686/686 149/687/687
f 206/682/682 149/687/687 150/681/681
f 150/681/681 149/687/687 97/688/688
f 150/681/681 97/688/688 98/680/680
f 98/680/680 97/688/688 24/689/689
f 98/680/680 24/689/689 25/679/679
f 25/679/679 24/689/689 7/690/690
f 25/679/679 7/690/690 8/678/678
f 8/678/678 7/690/690 3/691/691
f 8/678/678 3/691/691 4/677/677
f 4/677/677 3/691/691 13/692/692
f 4/677/677 13/692/692 14/676/676
f 14/676/676 13/692/692 62/693/693
f 14/676/676 62/693/693 63/675/675
f 63/675/675 62/693/693 110/694/694
f 63/675/675 110/694/694 111/674/674
f 111/674/674 110/694/694 164/695/695
f 111/674/674 164/695/695 165/673/673
f 165/673/673 164/695/695 218/696/696
f 165/673/673 218/696/696 219/672/672
f 219/672/672 218/696/696 277/711/711
f 219/672/672 277/712/712 278/671/671
f 278/713/713 277/697/697 363/698/698
f 278/714/714 363/698/698 364/670/670
f 364/670/670 363/698/698 421/699/699
f 364/670/670 421/699/699 422/669/669
f 422/669/669 421/699/699 474/700/700
f 422/669/669 474/700/700 475/668/668
f 475/668/668 474/700/700 527/701/701
f 475/668/668 527/701/701 528/667/667
f 528/667/667 527/701/701 574/702/702
f 528/667/667 574/702/702 575/666/666
f 575/666/666 574/702/702 622/703/703
f 575/666/666 622/703/703 623/665/665
f 623/665/665 622/703/703 632/704/704
f 623/665/665 632/704/704 633/664/664
f 633/664/664 632/704/704 628/705/705
f 633/664/664 628/705/705 629/663/663
f 629/663/663 628/705/705 611/706/706
f 629/663/663 611/706/706 612/662/662
f 612/662/662 611/706/706 540/707/707
f 612/662/662 540/707/707 541/661/661
f 541/661/661 540/707/707 489/708/708
f 541/661/661 489/708/708 490/660/660
f 490/660/660 489/708/708 434/709/709
f 490/660/660 434/709/709 435/659/659
f 435/659/659 434/709/709 380/710/710
f 435/659/659 380/710/710 381/658/658
f 381/658/658 380/710/710 316/684/684
f 366/716/716 365/770/770 324/715/715
f 324/715/715 365/770/770 323/871/871
f 324/872/872 323/763/763 274/867/867
f 274/867/867 323/763/763 322/764/764
f 274/867/867 322/764/764 272/868/868
f 272/868/868 322/764/764 321/765/765
f 272/868/868 321/765/765 267/869/869
f 267/869/869 321/765/765 320/766/766
f 267/869/869 320/766/766 266/870/870
f 266/870/870 320/766/766 319/736/736
f 266/870/870 319/736/736 261/737/737
f 365/770/770 366/716/716 390/774/774
f 390/774/774 366/716/716 391/717/717
f 390/774/774 391/717/717 438/778/778
f 438/778/778 391/717/717 437/718/718
f 438/778/778 437/718/718 477/769/769
f 477/769/769 437/718/718 471/719/719
f 477/769/769 471/719/719 491/792/792
f 491/792/792 471/719/719 495/785/785
f 491/792/792 495/785/785 542/786/786
f 542/786/786 495/785/785 543/794/794
f 542/786/786 543/794/794 613/795/795
f 613/795/795 543/794/794 576/799/799
f 613/795/795 576/799/799 614/800/800
f 614/800/800 576/799/799 571/805/805
f 614/800/800 571/805/805 575/754/754
f 575/754/754 571/805/805 528/753/753
f 528/753/753 571/805/805 523/804/804
f 528/753/753 523/804/804 475/752/752
f 475/752/752 523/804/804 470/812/812
f 475/752/752 470/812/812 422/751/751
f 422/751/751 470/812/812 418/816/816
f 422/751/751 418/816/816 364/750/750
f 364/750/750 418/816/816 360/819/819
f 364/750/750 360/819/819 278/749/749
f 278/749/749 360/819/819 279/824/824
f 278/749/749 279/824/824 219/748/748
f 219/748/748 279/824/824 220/823/823
f 219/748/748 220/823/823 165/747/747
f 165/747/747 220/823/823 167/831/831
f 165/747/747 167/831/831 111/746/746
f 111/746/746 167/831/831 113/835/835
f 111/746/746 113/835/835 63/745/745
f 63/745/745 113/835/835 64/840/840
f 63/745/745 64/840/840 14/744/744
f 14/744/744 64/840/840 20/839/839
f 14/744/744 20/839/839 4/743/743
f 4/743/743 20/839/839 9/847/847
f 4/743/743 9/847/847 8/742/742
f 8/742/742 9/847/847 10/851/851
f 8/742/742 10/851/851 25/741/741
f 25/741/741 10/851/851 54/854/854
f 25/741/741 54/854/854 98/740/740
f 98/740/740 54/854/854 105/859/859
f 98/740/740 105/859/859 150/739/739
f 150/739/739 105/859/859 155/858/858
f 150/739/739 155/858/858 206/738/738
f 206/738/738 155/858/858 211/866/866
f 206/738/738 211/866/866 261/737/737
f 261/737/737 211/866/866 266/870/870
f 471/719/719 478/720/720 495/785/785
f 495/785/785 478/720/720 522/793/793
f 495/785/785 522/793/793 543/794/794
f 543/794/794 522/793/793 536/798/798
f 543/794/794 536/798/798 576/799/799
f 576/799/799 536/798/798 537/806/806
f 576/799/799 537/806/806 571/805/805
f 571/805/805 537/806/806 523/804/804
f 478/720/720 476/721/721 522/793/793
f 522/793/793 476/721/721 494/797/797
f 522/793/793 494/797/797 536/798/798
f 536/798/798 494/797/797 524/807/807
f 536/798/798 524/807/807 537/806/806
f 537/806/806 524/807/807 493/803/803
f 537/806/806 493/803/803 523/804/804
f 523/804/804 493/803/803 470/812/812
f 476/721/721 440/722/722 494/797/797
f 494/797/797 440/722/722 481/808/808
f 494/797/797 481/808/808 524/807/807
f 524/807/807 481/808/808 480/802/802
f 524/807/807 480/802/802 493/803/803
f 493/803/803 480/802/802 441/811/811
f 493/803/803 441/811/811 470/812/812
f 470/812/812 441/811/811 418/816/816
f 481/808/808 440/722/722 442/801/801
f 442/801/801 440/722/722 425/723/723
f 442/801/801 425/723/723 424/809/809
f 424/809/809 425/723/723 383/724/724
f 424/809/809 383/724/724 382/813/813
f 382/813/813 383/724/724 330/725/725
f 382/813/813 330/725/725 329/768/768
f 329/768/768 330/725/725 310/726/726
f 329/768/768 310/726/726 311/827/827
f 311/827/827 310/726/726 257/820/820
f 311/827/827 257/820/820 251/821/821
f 251/821/821 257/820/820 202/829/829
f 251/821/821 202/829/829 197/830/830
f 197/830/830 202/829/829 144/834/834
f 197/830/830 144/834/834 113/835/835
f 113/835/835 144/834/834 64/840/840
f 310/726/726 256/727/727 257/820/820
f 257/820/820 256/727/727 214/828/828
f 257/820/820 214/828/828 202/829/829
f 202/829/829 214/828/828 157/833/833
f 202/829/829 157/833/833 144/834/834
f 144/834/834 157/833/833 99/841/841
f 144/834/834 99/841/841 64/840/840
f 64/840/840 99/841/841 20/839/839
f 256/727/727 213/728/728 214/828/828
f 214/828/828 213/728/728 196/832/832
f 214/828/828 196/832/832 157/833/833
f 157/833/833 196/832/832 112/842/842
f 157/833/833 112/842/842 99/841/841
f 99/841/841 112/842/842 59/838/838
f 99/841/841 59/838/838 20/839/839
f 20/839/839 59/838/838 9/847/847
f 213/728/728 198/729/729 196/832/832
f 196/832/832 198/729/729 156/843/843
f 196/832/832 156/843/843 112/842/842
f 112/842/842 156/843/843 100/837/837
f 112/842/842 100/837/837 59/838/838
f 59/838/838 100/837/837 21/846/846
f 59/838/838 21/846/846 9/847/847
f 9/847/847 21/846/846 10/851/851
f 156/843/843 198/729/729 143/836/836
f 143/836/836 198/729/729 161/730/730
f 143/836/836 161/730/730 114/844/844
f 114/844/844 161/730/730 159/731/731
f 114/844/844 159/731/731 142/848/848
f 142/848/848 159/731/731 166/732/732
f 142/848/848 166/732/732 146/767/767
f 146/767/767 166/732/732 201/733/733
f 146/767/767 201/733/733 160/862/862
f 160/862/862 201/733/733 200/855/855
f 160/862/862 200/855/855 195/856/856
f 195/856/856 200/855/855 215/864/864
f 195/856/856 215/864/864 212/865/865
f 212/865/865 215/864/864 267/869/869
f 212/865/865 267/869/869 266/870/870
f 201/733/733 248/734/734 200/855/855
f 200/855/855 248/734/734 249/863/863
f 200/855/855 249/863/863 215/864/864
f 215/864/864 249/863/863 272/868/868
f 215/864/864 272/868/868 267/869/869
f 248/734/734 273/735/735 249/863/863
f 249/863/863 273/735/735 274/867/867
f 249/863/863 274/867/867 272/868/868
f 273/735/735 324/873/873 274/867/867
f 575/754/754 623/755/755 614/800/800
f 614/800/800 623/755/755 625/796/796
f 614/800/800 625/796/796 613/795/795
f 613/795/795 625/796/796 582/787/787
f 613/795/795 582/787/787 542/786/786
f 542/786/786 582/787/787 530/791/791
f 542/786/786 530/791/791 491/792/792
f 491/792/792 530/791/791 477/769/769
f 623/755/755 633/756/756 625/796/796
f 625/796/796 633/756/756 624/788/788
f 625/796/796 624/788/788 582/787/787
f 582/787/787 624/788/788 570/790/790
f 582/787/787 570/790/790 530/791/791
f 530/791/791 570/790/790 492/782/782
f 530/791/791 492/782/782 477/769/769
f 477/769/769 492/782/782 438/778/778
f 633/756/756 629/757/757 624/788/788
f 624/788/788 629/757/757 581/789/789
f 624/788/788 581/789/789 570/790/790
f 570/790/790 581/789/789 529/783/783
f 570/790/790 529/783/783 492/782/782
f 492/782/782 529/783/783 443/779/779
f 492/782/782 443/779/779 438/778/778
f 438/778/778 443/779/779 390/774/774
f 629/757/757 612/758/758 581/789/789
f 581/789/789 612/758/758 531/784/784
f 581/789/789 531/784/784 529/783/783
f 529/783/783 531/784/784 479/780/780
f 529/783/783 479/780/780 443/779/779
f 443/779/779 479/780/780 423/775/775
f 443/779/779 423/775/775 390/774/774
f 390/774/774 423/775/775 365/770/770
f 612/758/758 541/759/759 531/784/784
f 531/784/784 541/759/759 482/781/781
f 531/784/784 482/781/781 479/780/780
f 479/780/780 482/781/781 426/776/776
f 479/780/780 426/776/776 423/775/775
f 423/775/775 426/776/776 367/771/771
f 423/775/775 367/771/771 365/770/770
f 365/770/770 367/771/771 323/874/874
f 541/759/759 490/760/760 482/781/781
f 482/781/781 490/760/760 427/777/777
f 482/781/781 427/777/777 426/776/776
f 426/776/776 427/777/777 372/772/772
f 426/776/776 372/772/772 367/771/771
f 367/771/771 372/772/772 322/875/875
f 367/876/876 322/764/764 323/763/763
f 490/760/760 435/761/761 427/777/777
f 427/777/777 435/761/761 373/773/773
f 427/777/777 373/773/773 372/772/772
f 372/772/772 373/773/773 321/877/877
f 372/878/878 321/765/765 322/764/764
f 435/761/761 381/762/762 373/773/773
f 373/773/773 381/762/762 320/879/879
f 373/880/880 320/766/766 321/765/765
f 381/881/881 319/736/736 320/766/766
f 481/808/808 442/801/801 480/802/802
f 480/802/802 442/801/801 436/810/810
f 480/802/802 436/810/810 441/811/811
f 441/811/811 436/810/810 389/815/815
f 441/811/811 389/815/815 418/816/816
f 418/816/816 389/815/815 360/819/819
f 442/801/801 424/809/809 436/810/810
f 436/810/810 424/809/809 388/814/814
f 436/810/810 388/814/814 389/815/815
f 389/815/815 388/814/814 332/818/818
f 389/815/815 332/818/818 360/819/819
f 360/819/819 332/818/818 279/824/824
f 424/809/809 382/813/813 388/814/814
f 388/814/814 382/813/813 331/817/817
f 388/814/814 331/817/817 332/818/818
f 332/818/818 331/817/817 308/825/825
f 332/818/818 308/825/825 279/824/824
f 279/824/824 308/825/825 220/823/823
f 382/813/813 329/768/768 331/817/817
f 331/817/817 329/768/768 309/826/826
f 331/817/817 309/826/826 308/825/825
f 308/825/825 309/826/826 250/822/822
f 308/825/825 250/822/822 220/823/823
f 220/823/823 250/822/822 167/831/831
f 311/827/827 251/821/821 309/826/826
f 309/826/826 251/821/821 250/822/822
f 167/831/831 250/822/822 197/830/830
f 197/830/830 250/822/822 251/821/821
f 329/768/768 311/827/827 309/826/826
f 113/835/835 167/831/831 197/830/830
f 156/843/843 143/836/836 100/837/837
f 100/837/837 143/836/836 93/845/845
f 100/837/837 93/845/845 21/846/846
f 21/846/846 93/845/845 53/850/850
f 21/846/846 53/850/850 10/851/851
f 10/851/851 53/850/850 54/854/854
f 143/836/836 114/844/844 93/845/845
f 93/845/845 114/844/844 94/849/849
f 93/845/845 94/849/849 53/850/850
f 53/850/850 94/849/849 65/853/853
f 53/850/850 65/853/853 54/854/854
f 54/854/854 65/853/853 105/859/859
f 114/844/844 142/848/848 94/849/849
f 94/849/849 142/848/848 106/852/852
f 94/849/849 106/852/852 65/853/853
f 65/853/853 106/852/852 107/860/860
f 65/853/853 107/860/860 105/859/859
f 105/859/859 107/860/860 155/858/858
f 142/848/848 146/767/767 106/852/852
f 106/852/852 146/767/767 145/861/861
f 106/852/852 145/861/861 107/860/860
f 107/860/860 145/861/861 158/857/857
f 107/860/860 158/857/857 155/858/858
f 155/858/858 158/857/857 211/866/866
f 160/862/862 195/856/856 145/861/861
f 145/861/861 195/856/856 158/857/857
f 211/866/866 158/857/857 212/865/865
f 212/865/865 158/857/857 195/856/856
f 146/767/767 160/862/862 145/861/861
f 266/870/870 211/866/866 212/865/865
f 333/883/883 366/916/916 325/882/882
f 325/882/882 366/916/916 324/896/896
f 325/882/882 324/896/896 273/897/897
f 366/916/916 333/883/883 391/915/915
f 391/915/915 333/883/883 368/884/884
f 391/915/915 368/884/884 437/914/914
f 437/914/914 368/884/884 471/913/913
f 471/913/913 368/884/884 384/885/885
f 471/913/913 384/885/885 478/912/912
f 478/912/912 384/885/885 385/886/886
f 478/912/912 385/886/886 476/911/911
f 476/911/911 385/886/886 440/910/910
f 440/910/910 385/886/886 369/887/887
f 440/910/910 369/887/887 425/909/909
f 425/909/909 369/887/887 334/888/888
f 425/909/909 334/888/888 383/908/908
f 383/908/908 334/888/888 330/907/907
f 330/907/907 334/888/888 326/889/889
f 330/907/907 326/889/889 310/906/906
f 310/906/906 326/889/889 305/890/890
f 310/906/906 305/890/890 256/905/905
f 256/905/905 305/890/890 213/904/904
f 213/904/904 305/890/890 269/891/891
f 213/904/904 269/891/891 198/903/903
f 198/903/903 269/891/891 253/892/892
f 198/903/903 253/892/892 161/902/902
f 161/902/902 253/892/892 159/901/901
f 159/901/901 253/892/892 252/893/893
f 159/901/901 252/893/893 166/900/900
f 166/900/900 252/893/893 268/894/894
f 166/900/900 268/894/894 201/899/899
f 201/899/899 268/894/894 248/898/898
f 248/898/898 268/894/894 304/895/895
f 248/898/898 304/895/895 273/897/897
f 273/897/897 304/895/895 325/882/882
# 633 vertices
# 916 texture params
# 916 normals
# 1262 facets

# 1 groups
